block,chan,pol,spec_ratio,spec_bin,fam_best,fam_hz,fam_tag,vm_sign,vm_diff,spikes,rms,verdict
0,0,3,3.10,1,2.67,459999,Y4,0.00/noise-like,0.24/noise-like,0,19.660,hump-note
0,1,3,1.34,352,2.31,364155,Y4,,,0,19.597,clean
0,2,3,1.41,751,2.29,1404762,Y4,,,0,19.591,clean
0,3,3,1.36,486,2.50,1150846,Y4,,,0,19.676,clean
0,4,3,1.54,1,2.31,17703,Y4,,,0,19.805,clean
0,5,3,1.46,1,2.24,1228541,Y2,,,0,19.600,clean
0,6,3,1.58,1478,2.69,693530,Y4,,,0,19.291,clean
0,7,3,1.38,1,2.48,795454,Y2,,,1,19.111,clean
0,8,3,1.43,449,2.58,628620,Y4,,,0,18.837,clean
0,9,3,1.43,997,2.53,14305,Y4,,,0,18.452,clean
0,10,3,1.42,1190,2.52,1386702,Y2,,,0,18.103,clean
0,11,3,1.36,378,2.47,1122952,Y2,,,0,17.701,clean
0,12,3,1.63,1,2.28,276357,Y2,,,0,17.228,clean
0,13,3,1.45,1,2.28,85831,Y2,,,0,16.759,clean
0,14,3,1.65,1,2.52,279665,Y2,,,0,16.436,clean
0,15,3,1.52,1,2.36,1082093,Y2,,,0,16.263,clean
0,16,3,1.35,160,2.39,1427203,Y4,,,0,16.322,clean
0,17,3,1.52,1,2.41,1157463,Y4,,,0,16.479,clean
0,18,3,1.58,734,2.28,1397878,Y2,,,0,17.737,clean
0,19,3,1.38,745,2.49,467330,Y2,,,0,16.439,clean
0,20,3,1.65,1,2.39,390261,Y4,,,0,16.110,clean
0,21,3,1.47,1,2.29,781417,Y2,,,0,15.971,clean
0,22,3,1.80,1,2.68,748336,Y2,,,0,15.936,clean
0,23,3,1.69,1,2.37,182211,Y2,,,0,15.936,clean
0,24,3,1.71,1,2.27,1297563,Y2,,,0,15.871,clean
0,25,3,1.51,1,4.99,2950,Y4,0.00/noise-like,0.00/noise-like,8,15.474,FAM-HIT
0,26,3,1.67,1,2.31,956655,Y2,,,0,15.050,clean
0,27,3,1.67,630,2.23,538319,Y4,,,0,14.986,clean
0,28,3,1.48,1,2.27,758529,Y4,,,0,14.577,clean
0,29,3,1.81,1,2.35,1091927,Y4,,,0,14.394,clean
0,30,3,1.76,1,2.30,1069576,Y4,,,0,14.157,clean
0,31,3,1.90,1,2.52,1178652,Y4,,,0,13.899,clean
0,32,3,1.41,1446,2.40,715166,Y2,,,0,13.642,clean
0,33,3,1.91,1,2.37,549138,Y4,,,0,13.546,clean
0,34,3,1.60,1,2.32,1323134,Y2,,,0,13.513,clean
0,35,3,1.83,1,2.38,1233816,Y4,,,0,13.576,clean
0,36,3,1.67,1,2.55,281274,Y2,,,0,13.684,clean
0,37,3,1.89,1,2.42,915259,Y2,,,0,13.651,clean
0,38,3,1.70,1,2.65,85026,Y2,,,0,13.522,clean
0,39,3,1.55,1,2.24,779808,Y4,,,0,13.464,clean
0,40,3,1.99,1,2.36,538409,Y2,,,0,13.445,clean
0,41,3,1.59,1,2.48,996709,Y4,,,0,13.435,clean
0,42,3,1.71,1,2.30,102550,Y4,,,0,13.413,clean
0,43,3,1.78,1,2.37,1116604,Y4,,,0,13.321,clean
0,44,3,1.86,1,2.35,402868,Y4,,,0,13.115,clean
0,45,3,1.82,1,2.40,1418531,Y2,,,0,12.939,clean
0,46,3,1.89,1,2.48,1048923,Y4,,,0,12.779,clean
0,47,3,1.82,1,2.50,522316,Y4,,,0,12.523,clean
0,48,3,3.08,1,2.31,864208,Y4,0.00/noise-like,0.00/noise-like,0,12.165,hump-note
0,49,3,1.80,1,2.32,71436,Y2,,,0,11.756,clean
0,50,3,1.75,1,2.40,856966,Y2,,,0,11.449,clean
0,51,3,2.29,1,2.42,214040,Y2,,,0,11.142,clean
0,52,3,1.99,1,2.33,950754,Y4,,,0,10.900,clean
0,53,3,2.11,1,2.28,656605,Y2,,,0,10.684,clean
0,54,3,2.40,1,2.41,1279771,Y4,,,0,10.328,clean
0,55,3,2.72,1,2.50,1093715,Y4,0.00/noise-like,0.24/noise-like,0,9.827,hump-note
0,56,3,2.82,1,2.54,698447,Y4,0.00/noise-like,0.24/noise-like,0,9.213,hump-note
0,57,3,2.93,1,5.31,447,Y4,0.24/noise-like,0.24/noise-like,13,8.543,FAM-HIT
0,58,3,3.09,1,2.53,1197338,Y4,0.24/noise-like,0.24/noise-like,0,7.928,hump-note
0,59,3,0,-1,0,0,-,,,0,7.276,QUARANTINE:dark-lane range=62 distinct=62
0,60,3,0,-1,0,0,-,,,0,6.434,QUARANTINE:dark-lane range=55 distinct=55
0,61,3,0,-1,0,0,-,,,0,5.576,QUARANTINE:dark-lane range=50 distinct=49
0,62,3,0,-1,0,0,-,,,0,4.692,QUARANTINE:dark-lane range=40 distinct=41
0,63,3,0,-1,0,0,-,,,0,3.931,QUARANTINE:dark-lane range=34 distinct=35
1,0,3,3.57,1,2.36,316679,Y2,0.00/noise-like,0.24/noise-like,0,19.646,hump-note
1,1,3,1.33,1124,2.55,890046,Y4,,,0,19.585,clean
1,2,3,1.35,797,2.45,1022637,Y4,,,0,19.586,clean
1,3,3,1.36,1014,2.55,1311690,Y2,,,0,19.693,clean
1,4,3,1.39,643,2.61,302106,Y2,,,0,19.805,clean
1,5,3,1.36,33,2.31,1223177,Y2,,,0,19.534,clean
1,6,3,1.68,1478,2.28,136167,Y4,,,0,19.298,clean
1,7,3,1.46,1,2.73,39607,Y4,,,0,19.074,clean
1,8,3,1.33,1366,2.36,667602,Y2,,,0,18.827,clean
1,9,3,1.55,1,2.59,361741,Y2,,,0,18.458,clean
1,10,3,1.56,1,2.32,966310,Y4,,,0,18.059,clean
1,11,3,1.65,1,2.66,18954,Y2,,,0,17.700,clean
1,12,3,1.57,1,2.26,1377404,Y4,,,0,17.238,clean
1,13,3,1.51,1,2.43,967026,Y2,,,0,16.770,clean
1,14,3,1.43,1,2.70,518829,Y4,,,0,16.482,clean
1,15,3,1.38,1,2.32,496656,Y2,,,0,16.267,clean
1,16,3,1.32,710,2.49,668228,Y4,,,0,16.331,clean
1,17,3,1.37,184,2.57,1234531,Y4,,,0,16.507,clean
1,18,3,1.54,756,2.55,735283,Y4,,,0,17.718,clean
1,19,3,1.48,1,2.34,323743,Y4,,,0,16.430,clean
1,20,3,1.37,1,2.46,927687,Y4,,,0,16.121,clean
1,21,3,1.61,1,2.37,514179,Y2,,,0,15.923,clean
1,22,3,1.83,1,2.43,401527,Y4,,,0,15.936,clean
1,23,3,1.62,1,2.40,908196,Y2,,,0,15.932,clean
1,24,3,1.48,1,2.33,845253,Y4,,,0,15.825,clean
1,25,3,1.42,1,2.36,30130,Y2,,,1,15.437,clean
1,26,3,1.43,1,2.30,177830,Y2,,,0,15.009,clean
1,27,3,1.67,643,2.27,500679,Y4,,,0,14.974,clean
1,28,3,1.86,1,2.20,603855,Y4,,,0,14.606,clean
1,29,3,1.68,1,2.38,1056433,Y2,,,0,14.394,clean
1,30,3,1.69,1,2.33,718296,Y2,,,0,14.160,clean
1,31,3,1.54,1,2.59,551373,Y2,,,0,13.906,clean
1,32,3,1.37,722,2.25,12428,Y2,,,0,13.663,clean
1,33,3,1.39,568,2.46,1029611,Y2,,,0,13.545,clean
1,34,3,1.90,1,2.37,404119,Y2,,,0,13.520,clean
1,35,3,1.72,1,2.30,628531,Y4,,,0,13.616,clean
1,36,3,1.98,1,2.40,255346,Y2,,,0,13.669,clean
1,37,3,1.64,1,2.34,1397967,Y2,,,0,13.648,clean
1,38,3,1.94,1,2.33,1169711,Y4,,,0,13.521,clean
1,39,3,1.93,1,2.35,438809,Y2,,,0,13.457,clean
1,40,3,1.66,1,2.76,948071,Y4,,,0,13.446,clean
1,41,3,1.82,1,2.38,1330018,Y4,,,0,13.441,clean
1,42,3,1.95,1,2.38,771493,Y2,,,0,13.418,clean
1,43,3,1.78,1,2.36,1455188,Y2,,,0,13.307,clean
1,44,3,1.74,1,2.60,1173198,Y2,,,0,13.120,clean
1,45,3,1.80,1,2.51,923753,Y4,,,0,12.944,clean
1,46,3,2.01,1,2.65,1409322,Y2,,,0,12.787,clean
1,47,3,1.83,1,2.46,1419514,Y4,,,0,12.546,clean
1,48,3,3.38,1,2.36,1461625,Y4,0.00/noise-like,0.00/noise-like,0,12.171,hump-note
1,49,3,1.94,1,2.77,335097,Y4,,,0,11.784,clean
1,50,3,1.97,1,2.34,847757,Y2,,,0,11.433,clean
1,51,3,2.13,1,2.26,838012,Y2,,,0,11.133,clean
1,52,3,2.16,1,2.34,910878,Y2,,,0,10.893,clean
1,53,3,2.49,1,2.31,92626,Y2,,,0,10.669,clean
1,54,3,2.47,1,2.24,1074761,Y2,,,0,10.319,clean
1,55,3,2.36,1,2.37,1063228,Y4,,,0,9.832,clean
1,56,3,2.63,1,2.33,57578,Y2,0.00/noise-like,0.24/noise-like,0,9.212,hump-note
1,57,3,3.22,1,2.37,1008064,Y2,0.00/noise-like,0.00/noise-like,2,8.541,hump-note
1,58,3,3.38,1,2.48,643641,Y2,0.00/noise-like,0.00/noise-like,0,7.956,hump-note
1,59,3,0,-1,0,0,-,,,0,7.271,QUARANTINE:dark-lane range=66 distinct=63
1,60,3,0,-1,0,0,-,,,0,6.429,QUARANTINE:dark-lane range=55 distinct=54
1,61,3,0,-1,0,0,-,,,0,5.588,QUARANTINE:dark-lane range=48 distinct=48
1,62,3,0,-1,0,0,-,,,0,4.697,QUARANTINE:dark-lane range=41 distinct=41
1,63,3,0,-1,0,0,-,,,0,3.930,QUARANTINE:dark-lane range=33 distinct=34
2,0,3,3.58,1,2.34,238985,Y2,0.00/noise-like,0.24/noise-like,0,19.681,hump-note
2,1,3,1.37,793,2.65,836939,Y4,,,0,19.586,clean
2,2,3,1.52,1,2.28,181049,Y4,,,0,19.581,clean
2,3,3,1.48,1,2.53,695765,Y2,,,0,19.670,clean
2,4,3,1.46,1,2.31,735462,Y4,,,0,19.809,clean
2,5,3,1.42,230,2.49,450611,Y4,,,0,19.560,clean
2,6,3,1.60,1478,2.43,345469,Y4,,,0,19.318,clean
2,7,3,1.37,1038,2.27,617176,Y2,,,0,19.084,clean
2,8,3,1.33,208,2.54,889331,Y4,,,0,18.845,clean
2,9,3,1.43,1,2.35,1374900,Y4,,,0,18.437,clean
2,10,3,1.40,1019,2.34,1013786,Y4,,,0,18.126,clean
2,11,3,1.54,1,2.59,1189113,Y2,,,0,17.678,clean
2,12,3,1.48,762,2.32,1059562,Y2,,,0,17.264,clean
2,13,3,1.41,1455,2.46,14573,Y2,,,0,16.768,clean
2,14,3,1.66,1,2.56,1317590,Y2,,,0,16.445,clean
2,15,3,1.67,1,2.41,806630,Y2,,,0,16.267,clean
2,16,3,1.39,1123,2.29,116318,Y2,,,0,16.305,clean
2,17,3,1.38,1,2.32,1033366,Y2,,,0,16.484,clean
2,18,3,1.60,809,2.55,1414776,Y2,,,0,17.737,clean
2,19,3,1.56,1,2.58,154048,Y4,,,0,16.433,clean
2,20,3,1.42,1,2.48,1166761,Y4,,,0,16.106,clean
2,21,3,1.53,1,2.29,200629,Y2,,,0,15.965,clean
2,22,3,1.59,1,2.41,357628,Y4,,,0,15.996,clean
2,23,3,1.70,1,2.23,324816,Y2,,,0,15.910,clean
2,24,3,1.69,1,2.38,535727,Y4,,,0,15.816,clean
2,25,3,1.60,1,2.45,1432031,Y4,,,0,15.426,clean
2,26,3,1.67,1,2.60,366926,Y4,,,0,15.040,clean
2,27,3,1.58,617,2.40,762194,Y2,,,0,14.971,clean
2,28,3,1.53,1,2.66,956923,Y4,,,0,14.587,clean
2,29,3,1.64,1,2.99,303537,Y4,,,0,14.411,clean
2,30,3,1.84,1,2.39,755310,Y2,,,0,14.181,clean
2,31,3,1.55,1,2.26,362366,Y2,,,0,13.897,clean
2,32,3,1.39,749,2.27,148058,Y4,,,0,13.662,clean
2,33,3,1.99,1,2.38,1324564,Y4,,,0,13.551,clean
2,34,3,1.80,1,2.40,6348,Y4,,,0,13.520,clean
2,35,3,1.88,1,2.45,452757,Y4,,,0,13.597,clean
2,36,3,1.93,1,2.49,1205742,Y4,,,0,13.682,clean
2,37,3,1.52,1,2.42,428796,Y4,,,0,13.657,clean
2,38,3,1.51,1,2.34,689596,Y4,,,0,13.542,clean
2,39,3,1.49,1,2.54,790268,Y2,,,0,13.456,clean
2,40,3,1.63,1,2.29,1329213,Y2,,,0,13.436,clean
2,41,3,1.66,1,2.57,1145840,Y4,,,0,13.412,clean
2,42,3,1.84,1,2.34,772029,Y2,,,0,13.425,clean
2,43,3,1.97,1,2.42,763088,Y4,,,0,13.334,clean
2,44,3,1.67,1,2.34,1224607,Y2,,,0,13.133,clean
2,45,3,1.92,1,2.37,227541,Y2,,,0,12.964,clean
2,46,3,1.62,1,2.27,1335382,Y4,,,0,12.812,clean
2,47,3,1.80,1,2.33,1249999,Y4,,,0,12.555,clean
2,48,3,3.28,1,2.33,796169,Y2,0.00/noise-like,0.24/noise-like,0,12.180,hump-note
2,49,3,2.03,1,2.36,487715,Y4,,,0,11.784,clean
2,50,3,2.04,1,2.49,486821,Y4,,,0,11.454,clean
2,51,3,2.06,1,2.36,471175,Y4,,,0,11.103,clean
2,52,3,2.19,1,2.32,132322,Y2,,,0,10.867,clean
2,53,3,2.20,1,2.58,315428,Y4,,,0,10.686,clean
2,54,3,2.27,1,2.43,130266,Y4,,,0,10.320,clean
2,55,3,2.47,1,2.62,803769,Y4,,,0,9.842,clean
2,56,3,2.70,1,2.39,765771,Y2,0.00/noise-like,0.00/noise-like,0,9.222,hump-note
2,57,3,3.00,1,2.26,421375,Y2,0.42/WATCH,0.00/noise-like,1,8.552,hump-note
2,58,3,3.43,1,2.74,686109,Y4,0.00/noise-like,0.00/noise-like,0,7.941,hump-note
2,59,3,0,-1,0,0,-,,,0,7.288,QUARANTINE:dark-lane range=62 distinct=62
2,60,3,0,-1,0,0,-,,,0,6.444,QUARANTINE:dark-lane range=61 distinct=57
2,61,3,0,-1,0,0,-,,,0,5.585,QUARANTINE:dark-lane range=47 distinct=48
2,62,3,0,-1,0,0,-,,,0,4.692,QUARANTINE:dark-lane range=42 distinct=42
2,63,3,0,-1,0,0,-,,,0,3.940,QUARANTINE:dark-lane range=34 distinct=34
3,0,3,3.30,1,2.40,295579,Y2,0.24/noise-like,0.24/noise-like,0,19.613,hump-note
3,1,3,1.42,92,2.42,1355588,Y4,,,0,19.610,clean
3,2,3,1.49,1,2.52,417352,Y2,,,0,19.626,clean
3,3,3,1.39,1034,2.40,1168549,Y4,,,0,19.670,clean
3,4,3,1.44,1,2.71,214130,Y2,,,0,19.803,clean
3,5,3,1.36,355,2.49,302374,Y2,,,0,19.583,clean
3,6,3,1.48,1478,2.37,518918,Y2,,,0,19.325,clean
3,7,3,1.35,1,2.52,1365334,Y2,,,0,19.109,clean
3,8,3,1.47,1,2.61,352621,Y2,,,0,18.829,clean
3,9,3,1.47,1,2.31,918478,Y4,,,0,18.428,clean
3,10,3,1.45,1,2.42,873774,Y2,,,0,18.111,clean
3,11,3,1.53,1,2.33,764877,Y2,,,0,17.722,clean
3,12,3,1.57,1,2.67,985533,Y2,,,0,17.246,clean
3,13,3,1.58,1,2.49,88960,Y4,,,0,16.755,clean
3,14,3,1.53,1,2.33,305504,Y4,,,0,16.441,clean
3,15,3,1.65,1,2.76,997603,Y2,,,0,16.244,clean
3,16,3,1.36,950,2.36,159502,Y2,,,0,16.315,clean
3,17,3,1.43,1,2.43,76801,Y2,,,0,16.460,clean
3,18,3,1.55,754,2.29,1175255,Y4,,,0,17.755,clean
3,19,3,1.65,1,2.28,575602,Y2,,,0,16.409,clean
3,20,3,1.46,1,2.40,1063943,Y4,,,0,16.136,clean
3,21,3,1.63,1,2.62,731707,Y4,,,0,15.973,clean
3,22,3,1.49,1,2.58,740826,Y2,,,0,15.976,clean
3,23,3,1.68,1,2.49,157893,Y2,,,0,15.916,clean
3,24,3,1.59,1,2.32,1176685,Y4,,,0,15.803,clean
3,25,3,1.64,1,2.30,1015931,Y4,,,0,15.456,clean
3,26,3,1.38,1,2.26,1108110,Y4,,,0,15.021,clean
3,27,3,1.69,623,2.59,579000,Y4,,,0,14.960,clean
3,28,3,1.57,1,2.31,39250,Y2,,,0,14.597,clean
3,29,3,1.66,1,2.45,623435,Y2,,,0,14.389,clean
3,30,3,1.47,1,2.61,715166,Y2,,,0,14.151,clean
3,31,3,1.66,1,2.27,1315176,Y2,,,0,13.917,clean
3,32,3,1.39,995,2.47,32544,Y4,,,0,13.676,clean
3,33,3,1.93,1,2.59,218779,Y2,,,0,13.554,clean
3,34,3,1.86,1,2.41,719637,Y4,,,0,13.522,clean
3,35,3,1.65,1,2.41,455886,Y2,,,0,13.593,clean
3,36,3,1.87,1,2.49,1024604,Y4,,,0,13.704,clean
3,37,3,1.76,1,2.37,535727,Y4,,,0,13.661,clean
3,38,3,1.60,1,2.35,596702,Y4,,,0,13.521,clean
3,39,3,1.68,1,2.35,42915,Y2,,,0,13.465,clean
3,40,3,1.63,1,2.39,125170,Y4,,,0,13.435,clean
3,41,3,2.01,1,2.40,425220,Y4,,,0,13.419,clean
3,42,3,1.70,1,2.33,1164615,Y4,,,0,13.408,clean
3,43,3,1.90,1,2.46,117481,Y2,,,0,13.330,clean
3,44,3,1.77,1,2.34,529647,Y4,,,0,13.138,clean
3,45,3,1.97,1,2.51,687987,Y2,,,0,12.960,clean
3,46,3,1.46,1,2.51,255078,Y2,,,0,12.767,clean
3,47,3,1.78,1,2.33,1130551,Y4,,,0,12.524,clean
3,48,3,3.00,1,2.39,1280040,Y2,0.00/noise-like,0.00/noise-like,0,12.185,hump-note
3,49,3,2.12,1,2.49,1171947,Y2,,,0,11.761,clean
3,50,3,2.03,1,2.37,958443,Y2,,,0,11.453,clean
3,51,3,2.06,1,2.32,1463413,Y4,,,0,11.135,clean
3,52,3,2.01,1,2.32,1009226,Y2,,,0,10.915,clean
3,53,3,2.26,1,2.37,231475,Y4,,,0,10.681,clean
3,54,3,2.33,1,2.26,1035243,Y4,,,0,10.316,clean
3,55,3,2.63,1,2.64,1206279,Y4,0.24/noise-like,0.24/noise-like,0,9.823,hump-note
3,56,3,2.34,1,2.41,1162,Y2,,,0,9.207,clean
3,57,3,2.92,1,2.16,1271904,Y2,0.00/noise-like,0.00/noise-like,3,8.530,hump-note
3,58,3,3.25,1,2.39,993401,Y2,0.00/noise-like,0.00/noise-like,0,7.941,hump-note
3,59,3,0,-1,0,0,-,,,0,7.275,QUARANTINE:dark-lane range=63 distinct=62
3,60,3,0,-1,0,0,-,,,0,6.428,QUARANTINE:dark-lane range=59 distinct=57
3,61,3,0,-1,0,0,-,,,0,5.586,QUARANTINE:dark-lane range=53 distinct=51
3,62,3,0,-1,0,0,-,,,0,4.691,QUARANTINE:dark-lane range=42 distinct=41
3,63,3,0,-1,0,0,-,,,0,3.943,QUARANTINE:dark-lane range=35 distinct=35
4,0,3,3.76,1,2.76,529110,Y2,0.00/noise-like,0.24/noise-like,0,19.674,hump-note
4,1,3,1.48,1,2.27,620574,Y4,,,0,19.593,clean
4,2,3,1.44,1,2.70,352263,Y2,,,0,19.577,clean
4,3,3,1.43,1,2.36,608325,Y4,,,0,19.692,clean
4,4,3,1.32,1181,2.37,1037925,Y2,,,0,19.796,clean
4,5,3,1.60,1,2.59,372201,Y2,,,0,19.583,clean
4,6,3,1.50,1478,2.30,1008064,Y4,,,0,19.325,clean
4,7,3,1.37,283,2.30,1374632,Y2,,,0,19.053,clean
4,8,3,1.47,1,2.89,1087904,Y4,,,0,18.845,clean
4,9,3,1.79,1,2.37,764161,Y2,,,0,18.457,clean
4,10,3,1.41,249,2.69,118464,Y4,,,0,18.080,clean
4,11,3,1.49,272,2.37,230402,Y4,,,0,17.694,clean
4,12,3,1.60,1,2.44,817537,Y2,,,0,17.223,clean
4,13,3,1.53,1,2.42,1383036,Y4,,,0,16.763,clean
4,14,3,1.53,1,2.51,800550,Y4,,,0,16.434,clean
4,15,3,1.52,1,2.52,372201,Y4,,,0,16.274,clean
4,16,3,1.40,1057,2.49,580341,Y4,,,0,16.339,clean
4,17,3,1.40,1099,2.28,170141,Y2,,,0,16.498,clean
4,18,3,1.50,693,2.33,625938,Y4,,,0,17.742,clean
4,19,3,1.55,1,2.53,1358181,Y4,,,0,16.400,clean
4,20,3,1.59,1,2.29,58651,Y2,,,0,16.129,clean
4,21,3,1.44,1,2.36,518113,Y2,,,0,15.949,clean
4,22,3,1.56,1,2.45,1050442,Y2,,,0,15.927,clean
4,23,3,1.51,1,2.32,1206189,Y4,,,0,15.948,clean
4,24,3,1.72,1,2.71,1434535,Y4,,,0,15.852,clean
4,25,3,1.57,1,8.52,8047,Y4,0.00/noise-like,0.24/noise-like,6,15.461,FAM-HIT
4,26,3,1.61,1,2.40,1369715,Y2,,,0,15.022,clean
4,27,3,1.82,1,2.26,93788,Y2,,,0,14.977,clean
4,28,3,1.68,1,2.37,1120806,Y2,,,0,14.596,clean
4,29,3,1.78,1,2.41,1263589,Y4,,,0,14.399,clean
4,30,3,1.71,1,2.41,1360685,Y4,,,0,14.149,clean
4,31,3,1.78,1,2.22,1292646,Y2,,,0,13.906,clean
4,32,3,1.41,1239,2.39,642121,Y4,,,0,13.664,clean
4,33,3,1.89,1,2.58,124454,Y4,,,0,13.542,clean
4,34,3,1.64,1,2.30,942260,Y4,,,0,13.521,clean
4,35,3,1.73,1,2.51,529379,Y2,,,0,13.604,clean
4,36,3,1.63,1,2.44,44614,Y2,,,0,13.679,clean
4,37,3,1.54,1,2.41,91732,Y2,,,0,13.636,clean
4,38,3,1.65,1,2.31,1004845,Y2,,,0,13.488,clean
4,39,3,1.81,1,2.74,1433194,Y4,,,0,13.471,clean
4,40,3,1.67,1,2.51,975072,Y4,,,0,13.428,clean
4,41,3,1.58,1,2.31,1241237,Y4,,,0,13.408,clean
4,42,3,1.87,1,2.37,813246,Y2,,,0,13.401,clean
4,43,3,1.71,1,2.39,1060814,Y4,,,0,13.337,clean
4,44,3,1.86,1,2.66,249892,Y2,,,0,13.132,clean
4,45,3,1.91,1,2.37,244796,Y4,,,0,12.929,clean
4,46,3,1.99,1,2.27,1119107,Y2,,,0,12.763,clean
4,47,3,1.88,1,2.50,453383,Y2,,,0,12.538,clean
4,48,3,3.37,1,2.45,892907,Y4,0.24/noise-like,0.00/noise-like,0,12.170,hump-note
4,49,3,1.99,1,2.57,790805,Y4,,,0,11.766,clean
4,50,3,2.18,1,2.34,550658,Y2,,,0,11.429,clean
4,51,3,1.93,1,2.37,393569,Y2,,,0,11.132,clean
4,52,3,2.09,1,2.31,1121253,Y2,,,0,10.891,clean
4,53,3,2.22,1,2.56,869572,Y2,,,0,10.694,clean
4,54,3,2.39,1,2.36,1096308,Y2,,,0,10.326,clean
4,55,3,2.43,1,2.48,877440,Y4,,,0,9.845,clean
4,56,3,2.52,1,2.40,506669,Y4,0.24/noise-like,0.00/noise-like,0,9.204,hump-note
4,57,3,2.59,1,7.51,626,Y4,0.00/noise-like,0.24/noise-like,8,8.540,FAM-HIT
4,58,3,3.24,1,2.45,1312137,Y4,0.24/noise-like,0.00/noise-like,0,7.945,hump-note
4,59,3,0,-1,0,0,-,,,0,7.271,QUARANTINE:dark-lane range=66 distinct=63
4,60,3,0,-1,0,0,-,,,0,6.440,QUARANTINE:dark-lane range=61 distinct=56
4,61,3,0,-1,0,0,-,,,0,5.581,QUARANTINE:dark-lane range=49 distinct=49
4,62,3,0,-1,0,0,-,,,0,4.706,QUARANTINE:dark-lane range=49 distinct=44
4,63,3,0,-1,0,0,-,,,0,3.941,QUARANTINE:dark-lane range=35 distinct=35
5,0,3,3.56,1,2.42,617802,Y4,0.00/noise-like,0.24/noise-like,0,19.668,hump-note
5,1,3,1.31,915,2.62,1051158,Y2,,,0,19.612,clean
5,2,3,1.35,103,2.44,801086,Y2,,,0,19.579,clean
5,3,3,1.36,825,2.57,397861,Y4,,,0,19.665,clean
5,4,3,1.46,1,2.25,835955,Y2,,,0,19.802,clean
5,5,3,1.34,1083,2.29,66340,Y2,,,0,19.556,clean
5,6,3,1.66,1,2.59,158250,Y2,,,0,19.323,clean
5,7,3,1.39,1,2.35,77069,Y4,,,1,19.130,clean
5,8,3,1.39,1,2.51,41932,Y2,,,0,18.842,clean
5,9,3,1.37,1347,2.48,518739,Y4,,,0,18.419,clean
5,10,3,1.37,1447,2.39,345826,Y4,,,0,18.099,clean
5,11,3,1.62,1,2.46,776500,Y4,,,0,17.700,clean
5,12,3,1.52,1,2.32,756562,Y2,,,0,17.244,clean
5,13,3,1.36,1415,2.72,365049,Y2,,,0,16.777,clean
5,14,3,1.54,1,2.43,1261801,Y2,,,0,16.472,clean
5,15,3,1.42,1,2.28,1383662,Y4,,,0,16.294,clean
5,16,3,1.49,1,2.55,847489,Y2,,,0,16.296,clean
5,17,3,1.37,1039,2.30,1119018,Y2,,,0,16.520,clean
5,18,3,1.60,853,2.37,1045078,Y2,,,0,17.739,clean
5,19,3,1.55,1,2.33,377208,Y4,,,0,16.402,clean
5,20,3,1.64,1,2.45,750840,Y2,,,0,16.120,clean
5,21,3,1.63,1,2.30,1381874,Y2,,,0,15.947,clean
5,22,3,1.64,1,2.62,1050711,Y4,,,0,15.932,clean
5,23,3,1.54,1,2.75,86457,Y4,,,0,15.924,clean
5,24,3,1.54,1,2.73,1219153,Y4,,,0,15.864,clean
5,25,3,1.63,1,5.33,447,Y4,0.00/noise-like,0.00/noise-like,8,15.445,FAM-HIT
5,26,3,1.70,1,2.42,569165,Y2,,,0,15.045,clean
5,27,3,1.80,1,2.29,1064479,Y4,,,0,15.007,clean
5,28,3,1.66,1,2.35,532687,Y2,,,0,14.572,clean
5,29,3,1.57,1,2.52,348777,Y2,,,0,14.407,clean
5,30,3,1.56,1,2.31,1187056,Y4,,,0,14.145,clean
5,31,3,1.77,1,2.47,897020,Y4,,,0,13.878,clean
5,32,3,1.31,1463,2.31,29683,Y4,,,0,13.682,clean
5,33,3,1.82,1,2.46,68128,Y4,,,0,13.558,clean
5,34,3,1.66,1,2.51,832647,Y4,,,0,13.525,clean
5,35,3,1.89,1,2.30,650436,Y2,,,0,13.590,clean
5,36,3,1.67,1,2.52,1304001,Y4,,,0,13.674,clean
5,37,3,1.79,1,2.35,495493,Y2,,,0,13.662,clean
5,38,3,1.84,1,2.40,1096308,Y2,,,0,13.538,clean
5,39,3,1.96,1,2.44,466436,Y4,,,0,13.476,clean
5,40,3,1.95,1,2.47,737786,Y2,,,0,13.422,clean
5,41,3,1.53,1,2.54,974894,Y2,,,0,13.423,clean
5,42,3,1.85,1,2.46,1029789,Y2,,,0,13.399,clean
5,43,3,2.21,1,2.52,741363,Y4,,,0,13.331,clean
5,44,3,1.69,1,2.41,164688,Y2,,,0,13.134,clean
5,45,3,2.19,1,2.47,971496,Y4,,,0,12.963,clean
5,46,3,1.79,1,2.39,112295,Y4,,,0,12.791,clean
5,47,3,1.50,1,2.33,489503,Y4,,,0,12.554,clean
5,48,3,3.03,1,2.42,1239002,Y4,0.00/noise-like,0.00/noise-like,0,12.151,hump-note
5,49,3,2.23,1,2.46,50247,Y2,,,0,11.777,clean
5,50,3,1.83,1,2.47,1336455,Y2,,,0,11.453,clean
5,51,3,2.18,1,2.63,128120,Y4,,,0,11.130,clean
5,52,3,2.03,1,2.32,235140,Y4,,,0,10.889,clean
5,53,3,2.17,1,2.39,974625,Y2,,,0,10.671,clean
5,54,3,2.45,1,2.47,643194,Y2,,,0,10.322,clean
5,55,3,2.70,1,2.36,1016021,Y2,0.00/noise-like,0.00/noise-like,0,9.837,hump-note
5,56,3,2.96,1,2.41,249982,Y2,0.00/noise-like,0.00/noise-like,0,9.225,hump-note
5,57,3,3.54,1,7.46,805,Y4,0.00/noise-like,0.24/noise-like,19,8.545,FAM-HIT
5,58,3,2.83,1,2.33,712752,Y2,0.00/noise-like,0.00/noise-like,0,7.947,hump-note
5,59,3,3.46,1,2.39,1324296,Y4,0.00/noise-like,0.24/noise-like,0,7.277,hump-note
5,60,3,0,-1,0,0,-,,,0,6.449,QUARANTINE:dark-lane range=55 distinct=55
5,61,3,0,-1,0,0,-,,,0,5.583,QUARANTINE:dark-lane range=50 distinct=49
5,62,3,0,-1,0,0,-,,,0,4.695,QUARANTINE:dark-lane range=39 distinct=40
5,63,3,0,-1,0,0,-,,,0,3.941,QUARANTINE:dark-lane range=35 distinct=36
6,0,3,3.24,1,2.42,26733,Y2,0.00/noise-like,0.24/noise-like,0,19.662,hump-note
6,1,3,1.43,451,2.27,1104623,Y4,,,0,19.568,clean
6,2,3,1.35,877,2.32,104517,Y2,,,0,19.599,clean
6,3,3,1.45,1,2.41,1069754,Y2,,,0,19.705,clean
6,4,3,1.61,1,2.44,460267,Y4,,,0,19.786,clean
6,5,3,1.40,1026,2.43,913650,Y2,,,0,19.556,clean
6,6,3,1.46,1373,2.43,1070917,Y2,,,0,19.317,clean
6,7,3,1.38,6,2.39,789374,Y2,,,0,19.068,clean
6,8,3,1.43,1,2.54,351280,Y2,,,0,18.792,clean
6,9,3,1.46,1,2.43,1200289,Y2,,,0,18.434,clean
6,10,3,1.41,1620,2.33,569612,Y4,,,0,18.071,clean
6,11,3,1.32,1301,2.39,109881,Y2,,,0,17.730,clean
6,12,3,1.62,1,2.45,719100,Y4,,,0,17.222,clean
6,13,3,1.59,1,2.34,197321,Y2,,,0,16.754,clean
6,14,3,1.41,1128,2.27,588477,Y4,,,0,16.448,clean
6,15,3,1.51,1,2.46,1362383,Y2,,,0,16.286,clean
6,16,3,1.31,1,2.28,33796,Y2,,,0,16.320,clean
6,17,3,1.71,1,2.31,77963,Y4,,,0,16.488,clean
6,18,3,1.51,751,2.45,146449,Y4,,,0,17.723,clean
6,19,3,1.69,1,2.44,1123846,Y2,,,0,16.399,clean
6,20,3,1.43,1,2.22,433087,Y2,,,0,16.110,clean
6,21,3,1.46,1,2.38,1355946,Y2,,,0,15.971,clean
6,22,3,1.68,1,2.40,880480,Y2,,,0,15.969,clean
6,23,3,1.47,1,2.33,133395,Y4,,,0,15.927,clean
6,24,3,1.66,1,2.67,915170,Y4,,,0,15.834,clean
6,25,3,1.84,1,2.30,68665,Y2,,,0,15.457,clean
6,26,3,1.49,1,2.49,136703,Y4,,,0,14.999,clean
6,27,3,1.70,630,2.35,486463,Y4,,,0,15.004,clean
6,28,3,1.68,1,2.36,308543,Y2,,,0,14.603,clean
6,29,3,1.69,1,2.86,145197,Y4,,,0,14.391,clean
6,30,3,1.77,1,2.41,27180,Y4,,,0,14.154,clean
6,31,3,1.87,1,2.32,878513,Y4,,,0,13.897,clean
6,32,3,1.41,1,2.49,70095,Y4,,,0,13.663,clean
6,33,3,2.08,1,2.53,885040,Y2,,,0,13.539,clean
6,34,3,1.73,1,2.63,114262,Y4,,,0,13.504,clean
6,35,3,1.61,1,2.41,283957,Y4,,,0,13.597,clean
6,36,3,1.56,1,3.23,617355,Y4,0.00/noise-like,0.24/noise-like,0,13.679,FAM-HIT
6,37,3,1.68,1,2.25,1237661,Y2,,,0,13.643,clean
6,38,3,1.74,1,2.51,832826,Y4,,,0,13.534,clean
6,39,3,1.80,1,2.26,349402,Y4,,,0,13.464,clean
6,40,3,1.87,1,2.37,1022816,Y2,,,0,13.434,clean
6,41,3,1.66,1,2.48,349760,Y4,,,0,13.435,clean
6,42,3,1.68,1,2.34,538677,Y2,,,0,13.396,clean
6,43,3,1.89,1,2.40,1400024,Y4,,,0,13.329,clean
6,44,3,1.98,1,2.38,1116693,Y2,,,0,13.124,clean
6,45,3,1.90,1,2.24,1403064,Y4,,,0,12.963,clean
6,46,3,1.88,1,2.42,1179099,Y4,,,0,12.782,clean
6,47,3,2.25,1,2.84,406355,Y4,,,0,12.548,clean
6,48,3,3.22,1,2.58,778198,Y4,0.00/noise-like,0.24/noise-like,0,12.169,hump-note
6,49,3,2.00,1,2.42,649899,Y4,,,0,11.791,clean
6,50,3,2.22,1,2.61,1270562,Y2,,,0,11.452,clean
6,51,3,1.96,1,2.87,389636,Y4,,,0,11.141,clean
6,52,3,1.92,1,2.27,100225,Y2,,,0,10.898,clean
6,53,3,2.32,1,2.26,66966,Y4,,,0,10.675,clean
6,54,3,2.56,1,2.30,384271,Y2,0.00/noise-like,0.24/noise-like,0,10.309,hump-note
6,55,3,2.27,1,2.67,314087,Y2,,,0,9.838,clean
6,56,3,2.65,1,2.33,550926,Y4,0.00/noise-like,0.00/noise-like,0,9.216,hump-note
6,57,3,3.38,1,2.53,852138,Y2,0.00/noise-like,0.24/noise-like,0,8.522,hump-note
6,58,3,3.07,1,2.38,769079,Y2,0.00/noise-like,0.00/noise-like,0,7.933,hump-note
6,59,3,0,-1,0,0,-,,,0,7.279,QUARANTINE:dark-lane range=62 distinct=62
6,60,3,0,-1,0,0,-,,,0,6.438,QUARANTINE:dark-lane range=53 distinct=53
6,61,3,0,-1,0,0,-,,,0,5.573,QUARANTINE:dark-lane range=52 distinct=48
6,62,3,0,-1,0,0,-,,,0,4.696,QUARANTINE:dark-lane range=41 distinct=42
6,63,3,0,-1,0,0,-,,,0,3.940,QUARANTINE:dark-lane range=34 distinct=34
7,0,3,3.15,1,2.66,822097,Y4,0.24/noise-like,0.24/noise-like,0,19.652,hump-note
7,1,3,1.38,1374,2.42,138491,Y4,,,0,19.586,clean
7,2,3,1.37,1178,2.71,1038104,Y2,,,0,19.561,clean
7,3,3,1.48,1,2.40,373811,Y2,,,0,19.685,clean
7,4,3,1.36,1,2.25,2325,Y2,,,0,19.828,clean
7,5,3,1.41,1073,2.46,853390,Y2,,,0,19.570,clean
7,6,3,1.54,1478,2.58,329733,Y4,,,0,19.312,clean
7,7,3,1.75,1,2.29,428349,Y4,,,0,19.081,clean
7,8,3,1.32,1,2.39,1007527,Y2,,,0,18.817,clean
7,9,3,1.51,1,2.60,1097560,Y2,,,0,18.480,clean
7,10,3,1.72,1,2.68,1284331,Y4,,,0,18.101,clean
7,11,3,1.58,1,2.30,309527,Y2,,,0,17.712,clean
7,12,3,1.49,1499,2.56,452846,Y4,,,0,17.219,clean
7,13,3,1.41,1,2.41,402600,Y4,,,0,16.779,clean
7,14,3,1.65,1,2.45,843644,Y2,,,0,16.460,clean
7,15,3,1.62,1,2.40,748515,Y4,,,0,16.313,clean
7,16,3,1.38,67,2.44,508368,Y4,,,0,16.301,clean
7,17,3,1.76,1,2.17,415385,Y4,,,0,16.491,clean
7,18,3,1.55,837,2.30,248820,Y2,,,0,17.755,clean
7,19,3,1.34,1129,2.39,125259,Y2,,,0,16.436,clean
7,20,3,1.35,497,2.42,347972,Y2,,,0,16.101,clean
7,21,3,1.54,1,2.45,850976,Y2,,,0,15.961,clean
7,22,3,1.79,1,2.32,273228,Y2,,,0,15.979,clean
7,23,3,1.59,1,2.44,16719,Y2,,,0,15.936,clean
7,24,3,1.92,1,2.28,16898,Y4,,,0,15.817,clean
7,25,3,1.39,632,3.02,5186,Y4,0.24/noise-like,0.00/noise-like,3,15.453,FAM-HIT
7,26,3,1.39,1,2.47,70095,Y2,,,0,15.034,clean
7,27,3,1.72,617,2.34,532508,Y4,,,0,14.983,clean
7,28,3,1.57,1,2.32,138670,Y4,,,0,14.598,clean
7,29,3,1.72,1,2.32,952184,Y2,,,0,14.413,clean
7,30,3,1.68,1,2.32,1015395,Y4,,,0,14.147,clean
7,31,3,1.95,1,2.68,1072526,Y2,,,0,13.888,clean
7,32,3,1.39,349,2.31,1442403,Y4,,,0,13.671,clean
7,33,3,1.88,1,2.42,955760,Y2,,,0,13.541,clean
7,34,3,1.74,1,2.30,309527,Y2,,,0,13.518,clean
7,35,3,1.75,1,2.57,309348,Y2,,,0,13.588,clean
7,36,3,1.69,1,2.32,1397073,Y2,,,0,13.693,clean
7,37,3,1.59,1,2.28,30488,Y2,,,0,13.655,clean
7,38,3,1.64,1,2.43,207871,Y4,,,0,13.534,clean
7,39,3,1.69,1,2.30,176400,Y2,,,0,13.471,clean
7,40,3,1.64,1,2.27,19491,Y2,,,0,13.440,clean
7,41,3,2.24,1,2.33,1133949,Y2,,,0,13.416,clean
7,42,3,2.10,1,2.43,137061,Y2,,,0,13.399,clean
7,43,3,1.88,1,2.32,52661,Y2,,,0,13.325,clean
7,44,3,1.74,1,2.67,381410,Y2,,,0,13.130,clean
7,45,3,1.77,1,2.55,1287818,Y4,,,0,12.960,clean
7,46,3,2.17,1,2.30,387579,Y2,,,0,12.769,clean
7,47,3,1.92,1,2.51,74029,Y2,,,0,12.538,clean
7,48,3,3.64,1,2.35,28521,Y2,0.00/noise-like,0.24/noise-like,0,12.156,hump-note
7,49,3,1.90,1,2.72,1273245,Y4,,,0,11.758,clean
7,50,3,2.05,1,2.31,1113474,Y4,,,0,11.460,clean
7,51,3,2.33,1,2.42,219226,Y4,,,0,11.120,clean
7,52,3,2.33,1,2.29,1456171,Y4,,,0,10.888,clean
7,53,3,2.28,1,2.39,230044,Y2,,,0,10.682,clean
7,54,3,2.06,1,2.47,1352549,Y4,,,0,10.328,clean
7,55,3,2.30,1,2.61,90122,Y2,,,0,9.855,clean
7,56,3,2.61,1,2.36,274837,Y4,0.00/noise-like,0.00/noise-like,0,9.214,hump-note
7,57,3,2.28,1,7.72,3576,Y4,0.00/noise-like,0.24/noise-like,6,8.544,FAM-HIT
7,58,3,3.11,1,2.47,1433820,Y4,0.00/noise-like,0.00/noise-like,0,7.946,hump-note
7,59,3,3.83,1,2.63,931889,Y4,0.00/noise-like,0.00/noise-like,0,7.269,hump-note
7,60,3,0,-1,0,0,-,,,0,6.444,QUARANTINE:dark-lane range=57 distinct=56
7,61,3,0,-1,0,0,-,,,0,5.583,QUARANTINE:dark-lane range=49 distinct=50
7,62,3,0,-1,0,0,-,,,0,4.694,QUARANTINE:dark-lane range=41 distinct=41
7,63,3,0,-1,0,0,-,,,0,3.938,QUARANTINE:dark-lane range=33 distinct=34
8,0,3,2.99,1,2.57,189453,Y2,0.24/noise-like,0.00/noise-like,0,19.669,hump-note
8,1,3,1.39,222,2.69,784189,Y4,,,0,19.566,clean
8,2,3,1.41,1,2.36,1464039,Y2,,,0,19.614,clean
8,3,3,1.35,763,2.33,1258850,Y4,,,0,19.701,clean
8,4,3,1.42,1454,2.35,405729,Y4,,,0,19.804,clean
8,5,3,1.32,698,2.51,1319468,Y2,,,0,19.552,clean
8,6,3,1.56,1478,2.33,314802,Y2,,,0,19.320,clean
8,7,3,1.39,1467,2.44,1260012,Y4,,,0,19.113,clean
8,8,3,1.41,1,2.47,143498,Y4,,,0,18.779,clean
8,9,3,1.46,1,2.30,828803,Y2,,,0,18.449,clean
8,10,3,1.46,1,2.42,211895,Y4,,,0,18.086,clean
8,11,3,1.53,1,2.40,748426,Y4,,,0,17.719,clean
8,12,3,1.36,792,2.34,101835,Y2,,,0,17.224,clean
8,13,3,1.62,1,2.27,800103,Y4,,,0,16.757,clean
8,14,3,1.51,1,2.37,62495,Y2,,,0,16.431,clean
8,15,3,1.59,1,2.42,797510,Y4,,,0,16.272,clean
8,16,3,1.41,1,2.38,1136988,Y4,,,0,16.287,clean
8,17,3,1.59,1,2.39,941813,Y4,,,0,16.467,clean
8,18,3,1.64,1,2.46,908285,Y2,,,0,17.740,clean
8,19,3,1.67,1,2.50,1209140,Y4,,,0,16.422,clean
8,20,3,1.68,1,2.44,936896,Y4,,,0,16.123,clean
8,21,3,1.47,1,2.57,529289,Y4,,,0,15.998,clean
8,22,3,1.44,1,2.30,82165,Y2,,,0,15.951,clean
8,23,3,2.04,1,2.40,1037568,Y4,,,0,15.936,clean
8,24,3,1.45,156,2.27,1302570,Y4,,,0,15.826,clean
8,25,3,1.60,1,3.70,245780,Y4,0.00/noise-like,0.00/noise-like,5,15.440,FAM-HIT
8,26,3,1.45,1,2.24,184804,Y2,,,0,14.997,clean
8,27,3,1.73,1,2.38,222087,Y4,,,0,15.000,clean
8,28,3,1.58,1,2.38,749767,Y2,,,0,14.603,clean
8,29,3,1.47,1,2.40,63837,Y2,,,0,14.404,clean
8,30,3,1.83,1,2.47,80377,Y2,,,0,14.183,clean
8,31,3,1.40,1,2.55,571489,Y4,,,0,13.894,clean
8,32,3,1.33,1224,2.40,721157,Y2,,,0,13.647,clean
8,33,3,1.91,1,2.46,339568,Y2,,,0,13.558,clean
8,34,3,1.73,1,2.40,860631,Y4,,,0,13.532,clean
8,35,3,1.86,1,2.46,158608,Y4,,,0,13.596,clean
8,36,3,1.71,1,2.38,618160,Y2,,,0,13.681,clean
8,37,3,1.68,1,2.53,1273155,Y2,,,0,13.653,clean
8,38,3,1.77,1,2.30,303626,Y2,,,0,13.522,clean
8,39,3,1.59,1,2.50,578642,Y4,,,0,13.484,clean
8,40,3,1.95,1,2.31,946194,Y4,,,0,13.449,clean
8,41,3,1.85,1,2.47,137329,Y4,,,0,13.407,clean
8,42,3,1.82,1,2.49,1236051,Y2,,,0,13.398,clean
8,43,3,1.91,1,2.51,207067,Y4,,,0,13.345,clean
8,44,3,1.81,1,2.33,581503,Y2,,,0,13.141,clean
8,45,3,2.10,1,2.43,1092374,Y2,,,0,12.990,clean
8,46,3,1.50,1,2.35,1209408,Y4,,,0,12.780,clean
8,47,3,1.70,1,2.47,465095,Y4,,,0,12.518,clean
8,48,3,2.88,1,2.30,188380,Y4,0.00/noise-like,0.24/noise-like,0,12.159,hump-note
8,49,3,1.72,1,2.38,942796,Y2,,,0,11.778,clean
8,50,3,2.38,1,2.83,1393676,Y2,,,0,11.459,clean
8,51,3,1.86,1,2.65,623256,Y4,,,0,11.125,clean
8,52,3,2.16,1,2.57,17881,Y4,,,0,10.880,clean
8,53,3,1.89,1,2.38,1003057,Y4,,,0,10.674,clean
8,54,3,2.45,1,2.86,54896,Y4,,,0,10.339,clean
8,55,3,2.28,1,2.35,475913,Y2,,,0,9.835,clean
8,56,3,2.62,1,2.39,343591,Y4,0.24/noise-like,0.00/noise-like,0,9.205,hump-note
8,57,3,2.72,1,3.98,79125,Y4,0.00/noise-like,0.00/noise-like,3,8.538,FAM-HIT
8,58,3,3.51,1,2.22,239253,Y2,0.24/noise-like,0.00/noise-like,0,7.941,hump-note
8,59,3,0,-1,0,0,-,,,0,7.281,QUARANTINE:dark-lane range=63 distinct=63
8,60,3,0,-1,0,0,-,,,0,6.450,QUARANTINE:dark-lane range=55 distinct=53
8,61,3,0,-1,0,0,-,,,0,5.587,QUARANTINE:dark-lane range=51 distinct=51
8,62,3,0,-1,0,0,-,,,0,4.697,QUARANTINE:dark-lane range=39 distinct=40
8,63,3,0,-1,0,0,-,,,0,3.930,QUARANTINE:dark-lane range=33 distinct=34
9,0,3,2.28,1,2.43,1407981,Y2,,,0,19.677,clean
9,1,3,1.33,1178,2.39,1038104,Y2,,,0,19.588,clean
9,2,3,1.55,1,2.30,1191437,Y2,,,0,19.617,clean
9,3,3,1.38,1,2.50,816733,Y2,,,0,19.659,clean
9,4,3,1.37,449,2.53,1293361,Y2,,,0,19.838,clean
9,5,3,1.40,598,2.47,165761,Y4,,,0,19.575,clean
9,6,3,1.36,1,2.42,585794,Y4,,,0,19.301,clean
9,7,3,1.35,1,2.37,715256,Y2,,,0,19.122,clean
9,8,3,1.55,1,2.38,710785,Y2,,,0,18.816,clean
9,9,3,1.44,419,2.61,523478,Y4,,,0,18.477,clean
9,10,3,1.35,1064,2.38,950128,Y4,,,0,18.093,clean
9,11,3,1.60,1,2.65,914901,Y2,,,0,17.707,clean
9,12,3,1.35,922,2.32,1309812,Y2,,,0,17.246,clean
9,13,3,1.39,1,2.35,57042,Y2,,,0,16.802,clean
9,14,3,1.48,1,2.33,332415,Y2,,,0,16.460,clean
9,15,3,1.64,1,2.23,590265,Y2,,,0,16.315,clean
9,16,3,1.54,1,2.40,710428,Y4,,,0,16.333,clean
9,17,3,1.53,1,2.57,745833,Y2,,,0,16.495,clean
9,18,3,1.58,795,2.41,891834,Y2,,,0,17.734,clean
9,19,3,1.54,1,2.56,740647,Y4,,,0,16.427,clean
9,20,3,1.68,1,2.37,102818,Y2,,,0,16.089,clean
9,21,3,1.58,1,2.53,186324,Y4,,,0,15.990,clean
9,22,3,1.72,1,2.54,750393,Y2,,,0,15.976,clean
9,23,3,1.55,1,2.32,421643,Y2,,,0,15.951,clean
9,24,3,1.64,1,2.29,1384556,Y2,,,0,15.813,clean
9,25,3,1.61,1,5.02,85384,Y4,0.00/noise-like,0.24/noise-like,4,15.449,FAM-HIT
9,26,3,1.54,1,2.38,738949,Y4,,,0,15.014,clean
9,27,3,1.69,617,2.40,531256,Y2,,,0,15.013,clean
9,28,3,1.98,1,2.48,57220,Y4,,,0,14.564,clean
9,29,3,1.65,1,2.26,320256,Y2,,,0,14.372,clean
9,30,3,1.57,1,2.49,1142800,Y4,,,0,14.187,clean
9,31,3,1.76,1,2.33,1132607,Y2,,,0,13.915,clean
9,32,3,1.42,1,2.57,462681,Y2,,,0,13.657,clean
9,33,3,1.86,1,2.69,117034,Y2,,,0,13.525,clean
9,34,3,1.70,1,2.26,405103,Y2,,,0,13.539,clean
9,35,3,1.62,1,2.45,249535,Y2,,,0,13.592,clean
9,36,3,1.86,1,2.36,624508,Y2,,,0,13.701,clean
9,37,3,1.81,1,2.33,164866,Y2,,,0,13.655,clean
9,38,3,1.57,1,2.32,1425147,Y2,,,0,13.510,clean
9,39,3,2.01,1,2.59,1073599,Y2,,,0,13.461,clean
9,40,3,1.62,1,2.37,1251608,Y4,,,0,13.431,clean
9,41,3,1.72,1,2.29,1102209,Y4,,,0,13.440,clean
9,42,3,1.74,1,2.62,823259,Y2,,,0,13.396,clean
9,43,3,1.80,1,2.35,85741,Y2,,,0,13.330,clean
9,44,3,1.66,1,2.29,92268,Y2,,,0,13.152,clean
9,45,3,1.70,1,2.36,1399130,Y4,,,0,12.941,clean
9,46,3,1.81,1,2.27,52482,Y2,,,0,12.799,clean
9,47,3,1.98,1,2.43,170320,Y4,,,0,12.530,clean
9,48,3,3.77,1,2.50,1150578,Y4,0.00/noise-like,0.24/noise-like,0,12.181,hump-note
9,49,3,2.15,1,2.36,991434,Y2,,,0,11.763,clean
9,50,3,2.44,1,2.39,1147360,Y2,,,0,11.442,clean
9,51,3,1.91,1,2.37,1078963,Y4,,,0,11.135,clean
9,52,3,2.33,1,2.38,565231,Y4,,,0,10.891,clean
9,53,3,2.10,1,2.46,605375,Y2,,,0,10.681,clean
9,54,3,2.34,1,2.47,92447,Y4,,,0,10.328,clean
9,55,3,2.30,1,2.37,1246691,Y2,,,0,9.843,clean
9,56,3,2.54,1,2.35,1378477,Y2,0.00/noise-like,0.00/noise-like,0,9.208,hump-note
9,57,3,3.15,1,7.03,447,Y4,0.00/noise-like,0.24/noise-like,16,8.543,FAM-HIT
9,58,3,3.50,1,2.41,351816,Y4,0.00/noise-like,0.00/noise-like,0,7.932,hump-note
9,59,3,0,-1,0,0,-,,,0,7.261,QUARANTINE:dark-lane range=61 distinct=61
9,60,3,0,-1,0,0,-,,,0,6.451,QUARANTINE:dark-lane range=54 distinct=55
9,61,3,0,-1,0,0,-,,,0,5.592,QUARANTINE:dark-lane range=49 distinct=49
9,62,3,0,-1,0,0,-,,,0,4.689,QUARANTINE:dark-lane range=40 distinct=40
9,63,3,0,-1,0,0,-,,,0,3.936,QUARANTINE:dark-lane range=38 distinct=36
10,0,3,2.39,1,2.24,228167,Y4,,,0,19.652,clean
10,1,3,1.41,54,2.49,1104712,Y4,,,0,19.564,clean
10,2,3,1.34,956,2.45,362366,Y4,,,0,19.562,clean
10,3,3,1.42,1,2.59,942707,Y2,,,0,19.641,clean
10,4,3,1.37,617,2.20,83238,Y2,,,0,19.795,clean
10,5,3,1.38,1,2.45,17077,Y4,,,0,19.574,clean
10,6,3,1.63,1478,2.38,592858,Y4,,,0,19.315,clean
10,7,3,1.39,1,2.32,630587,Y4,,,0,19.080,clean
10,8,3,1.39,1,2.56,369698,Y2,,,0,18.821,clean
10,9,3,1.44,1,2.44,953615,Y2,,,0,18.464,clean
10,10,3,1.44,332,2.45,1134306,Y2,,,0,18.130,clean
10,11,3,1.65,1,2.54,900418,Y2,,,0,17.712,clean
10,12,3,1.63,1,2.54,291646,Y2,,,0,17.232,clean
10,13,3,1.59,1,2.35,1098812,Y2,,,0,16.762,clean
10,14,3,1.56,1,2.41,544667,Y4,,,0,16.456,clean
10,15,3,1.45,1,2.28,534207,Y2,,,0,16.273,clean
10,16,3,1.55,1,2.55,255883,Y2,,,0,16.310,clean
10,17,3,1.50,1,2.44,146180,Y4,,,0,16.483,clean
10,18,3,1.46,749,2.36,383735,Y4,,,0,17.735,clean
10,19,3,1.33,1043,2.22,49174,Y2,,,0,16.434,clean
10,20,3,1.71,1,2.45,997871,Y4,,,0,16.096,clean
10,21,3,1.73,1,2.41,291109,Y4,,,0,15.928,clean
10,22,3,1.57,1,2.66,41932,Y2,,,0,15.951,clean
10,23,3,1.54,1,2.33,407249,Y4,,,0,15.938,clean
10,24,3,1.84,1,2.41,84758,Y4,,,0,15.822,clean
10,25,3,1.53,1,2.44,122309,Y4,,,1,15.447,clean
10,26,3,1.52,1,2.78,190169,Y2,,,0,15.023,clean
10,27,3,1.61,658,2.52,1188129,Y4,,,0,14.974,clean
10,28,3,1.61,1,2.65,259012,Y4,,,0,14.607,clean
10,29,3,1.83,1,2.53,312835,Y2,,,0,14.394,clean
10,30,3,1.50,1,2.42,368893,Y4,,,0,14.171,clean
10,31,3,1.66,1,2.45,848204,Y2,,,0,13.897,clean
10,32,3,1.60,1,2.74,1391262,Y2,,,0,13.657,clean
10,33,3,1.91,1,2.36,926346,Y4,,,0,13.532,clean
10,34,3,1.87,1,2.48,343412,Y2,,,0,13.555,clean
10,35,3,1.68,1,2.38,1426667,Y4,,,0,13.566,clean
10,36,3,1.86,1,2.44,1163989,Y4,,,0,13.687,clean
10,37,3,1.56,1,2.32,1303822,Y2,,,0,13.630,clean
10,38,3,1.74,1,2.48,456601,Y4,,,0,13.518,clean
10,39,3,1.80,1,2.51,1431137,Y4,,,0,13.458,clean
10,40,3,1.96,1,2.36,160128,Y4,,,0,13.453,clean
10,41,3,2.01,1,2.40,227094,Y4,,,0,13.429,clean
10,42,3,1.62,1,2.32,587940,Y4,,,0,13.429,clean
10,43,3,1.87,1,2.66,506938,Y2,,,0,13.295,clean
10,44,3,1.97,1,2.29,581145,Y2,,,0,13.141,clean
10,45,3,1.69,1,2.47,28610,Y2,,,0,12.968,clean
10,46,3,1.79,1,2.37,1115978,Y2,,,0,12.797,clean
10,47,3,2.02,1,2.36,150919,Y4,,,0,12.535,clean
10,48,3,2.93,1,2.34,499070,Y4,0.00/noise-like,0.00/noise-like,0,12.166,hump-note
10,49,3,2.00,1,2.25,469208,Y4,,,0,11.778,clean
10,50,3,2.20,1,2.38,348330,Y2,,,0,11.429,clean
10,51,3,2.21,1,2.80,996977,Y4,,,0,11.126,clean
10,52,3,2.27,1,2.36,269294,Y2,,,0,10.902,clean
10,53,3,2.28,1,2.43,172019,Y2,,,0,10.666,clean
10,54,3,2.24,1,2.28,269651,Y4,,,0,10.323,clean
10,55,3,2.33,1,2.47,441670,Y4,,,0,9.838,clean
10,56,3,2.14,1,2.33,1144677,Y2,,,0,9.216,clean
10,57,3,2.92,1,12.26,626,Y4,0.00/noise-like,0.24/noise-like,9,8.537,FAM-HIT
10,58,3,2.93,1,2.53,1402616,Y2,0.24/noise-like,0.24/noise-like,0,7.939,hump-note
10,59,3,0,-1,0,0,-,,,0,7.269,QUARANTINE:dark-lane range=62 distinct=63
10,60,3,0,-1,0,0,-,,,0,6.442,QUARANTINE:dark-lane range=55 distinct=56
10,61,3,0,-1,0,0,-,,,0,5.582,QUARANTINE:dark-lane range=47 distinct=48
10,62,3,0,-1,0,0,-,,,0,4.696,QUARANTINE:dark-lane range=42 distinct=42
10,63,3,0,-1,0,0,-,,,0,3.939,QUARANTINE:dark-lane range=34 distinct=34
11,0,3,2.04,1,2.34,9567,Y2,,,0,19.650,clean
11,1,3,1.32,479,2.59,89049,Y2,,,0,19.605,clean
11,2,3,1.50,1,2.40,1253843,Y4,,,0,19.587,clean
11,3,3,1.45,1,2.49,18060,Y2,,,0,19.695,clean
11,4,3,1.38,357,2.23,101119,Y2,,,0,19.841,clean
11,5,3,1.42,1,2.41,1405478,Y2,,,0,19.566,clean
11,6,3,1.64,1,2.66,168890,Y4,,,0,19.329,clean
11,7,3,1.41,1,2.43,1188040,Y4,,,0,19.115,clean
11,8,3,1.43,1,2.24,640422,Y2,,,0,18.809,clean
11,9,3,1.33,813,2.39,1126528,Y2,,,0,18.449,clean
11,10,3,1.38,1447,2.55,791609,Y2,,,0,18.089,clean
11,11,3,1.44,1,2.35,1154333,Y2,,,0,17.712,clean
11,12,3,1.44,1,2.37,1357555,Y2,,,0,17.239,clean
11,13,3,1.62,1,2.53,696033,Y2,,,0,16.749,clean
11,14,3,1.38,1,2.44,173450,Y2,,,0,16.438,clean
11,15,3,1.63,1,2.63,258029,Y2,,,0,16.287,clean
11,16,3,1.42,1,2.38,703812,Y4,,,0,16.290,clean
11,17,3,1.51,1,2.50,85026,Y4,,,0,16.486,clean
11,18,3,1.53,898,2.34,368536,Y2,,,0,17.724,clean
11,19,3,1.35,615,2.40,1411289,Y4,,,0,16.419,clean
11,20,3,1.73,1,2.56,487179,Y2,,,0,16.109,clean
11,21,3,1.64,1,2.55,178277,Y2,,,0,15.969,clean
11,22,3,1.60,1,2.40,1056612,Y4,,,0,15.941,clean
11,23,3,1.50,1,2.43,68486,Y2,,,0,15.935,clean
11,24,3,1.52,1,2.23,606090,Y4,,,0,15.842,clean
11,25,3,1.54,1,2.43,1192778,Y4,,,3,15.447,clean
11,26,3,1.61,1,2.54,1131266,Y2,,,0,15.042,clean
11,27,3,1.61,646,2.44,1226485,Y4,,,0,14.993,clean
11,28,3,1.65,1,2.36,135094,Y4,,,0,14.608,clean
11,29,3,1.56,1,2.38,738680,Y2,,,0,14.407,clean
11,30,3,1.52,1,2.43,290751,Y4,,,0,14.157,clean
11,31,3,1.71,1,2.37,319540,Y2,,,0,13.892,clean
11,32,3,1.34,451,2.60,730366,Y2,,,0,13.654,clean
11,33,3,1.67,1,2.44,800818,Y4,,,0,13.531,clean
11,34,3,1.62,1,2.58,371218,Y2,,,0,13.502,clean
11,35,3,1.88,1,2.57,1040339,Y2,,,0,13.599,clean
11,36,3,2.04,1,2.70,1464844,Y4,,,0,13.687,clean
11,37,3,1.61,1,2.46,659555,Y2,,,0,13.650,clean
11,38,3,1.78,1,2.46,692636,Y2,,,0,13.520,clean
11,39,3,1.54,1,2.45,1074940,Y2,,,0,13.482,clean
11,40,3,1.44,427,2.65,352800,Y2,,,0,13.449,clean
11,41,3,1.97,1,2.33,322938,Y4,,,0,13.435,clean
11,42,3,2.02,1,2.31,62764,Y4,,,0,13.401,clean
11,43,3,1.55,1,2.37,1397431,Y2,,,0,13.319,clean
11,44,3,1.73,1,2.25,33170,Y4,,,0,13.103,clean
11,45,3,1.79,1,2.51,299692,Y2,,,0,12.977,clean
11,46,3,1.99,1,2.67,1410574,Y2,,,0,12.782,clean
11,47,3,1.88,1,2.69,943959,Y2,,,0,12.570,clean
11,48,3,3.44,1,2.32,345379,Y2,0.00/noise-like,0.00/noise-like,0,12.167,hump-note
11,49,3,1.93,1,2.57,499874,Y2,,,0,11.778,clean
11,50,3,2.06,1,2.28,1145214,Y4,,,0,11.458,clean
11,51,3,1.98,1,2.48,1050621,Y2,,,0,11.131,clean
11,52,3,2.25,1,2.25,101298,Y2,,,0,10.892,clean
11,53,3,2.12,1,2.57,1387596,Y2,,,0,10.682,clean
11,54,3,2.66,1,2.52,902027,Y4,0.00/noise-like,0.00/noise-like,0,10.322,hump-note
11,55,3,2.30,1,2.62,58830,Y4,,,0,9.835,clean
11,56,3,2.70,1,2.24,1310170,Y4,0.24/noise-like,0.24/noise-like,0,9.226,hump-note
11,57,3,2.37,1,4.04,805,Y4,0.24/noise-like,0.00/noise-like,5,8.538,FAM-HIT
11,58,3,3.20,1,2.62,1429975,Y2,0.00/noise-like,0.00/noise-like,0,7.939,hump-note
11,59,3,0,-1,0,0,-,,,0,7.275,QUARANTINE:dark-lane range=59 distinct=60
11,60,3,0,-1,0,0,-,,,0,6.444,QUARANTINE:dark-lane range=56 distinct=56
11,61,3,0,-1,0,0,-,,,0,5.590,QUARANTINE:dark-lane range=48 distinct=47
11,62,3,0,-1,0,0,-,,,0,4.701,QUARANTINE:dark-lane range=41 distinct=41
11,63,3,0,-1,0,0,-,,,0,3.938,QUARANTINE:dark-lane range=34 distinct=35
12,0,3,2.15,1,2.49,22441,Y2,,,0,19.661,clean
12,1,3,1.43,1,2.45,421643,Y4,,,0,19.563,clean
12,2,3,1.37,1323,2.42,1061708,Y4,,,0,19.550,clean
12,3,3,1.37,1,2.36,345379,Y2,,,0,19.678,clean
12,4,3,1.36,1,2.64,1324385,Y2,,,0,19.834,clean
12,5,3,1.37,1,2.40,173897,Y2,,,0,19.557,clean
12,6,3,1.39,1478,2.37,481635,Y2,,,0,19.288,clean
12,7,3,1.41,1,2.41,139028,Y4,,,0,19.083,clean
12,8,3,1.33,1298,2.26,1192600,Y4,,,0,18.804,clean
12,9,3,1.69,1,2.28,444174,Y2,,,0,18.472,clean
12,10,3,1.38,1,2.45,994653,Y4,,,0,18.088,clean
12,11,3,1.47,1,2.41,541806,Y2,,,0,17.734,clean
12,12,3,1.57,1,2.52,706762,Y4,,,0,17.204,clean
12,13,3,1.38,1,2.25,86188,Y4,,,0,16.734,clean
12,14,3,1.34,1,2.40,1349777,Y2,,,0,16.467,clean
12,15,3,1.41,1,2.45,444084,Y2,,,0,16.266,clean
12,16,3,1.64,1,2.36,1203060,Y2,,,0,16.313,clean
12,17,3,1.63,1,2.42,236571,Y2,,,0,16.490,clean
12,18,3,1.47,799,2.38,1186609,Y4,,,0,17.768,clean
12,19,3,1.63,1,2.45,488967,Y4,,,0,16.408,clean
12,20,3,1.72,1,2.66,323027,Y2,,,0,16.105,clean
12,21,3,1.46,1,2.25,484049,Y4,,,0,15.986,clean
12,22,3,1.61,1,2.37,148863,Y2,,,0,15.931,clean
12,23,3,1.64,1,2.41,232816,Y4,,,0,15.947,clean
12,24,3,1.58,1,2.37,89586,Y4,,,0,15.819,clean
12,25,3,1.61,1,4.36,715,Y4,0.00/noise-like,0.24/noise-like,5,15.406,FAM-HIT
12,26,3,1.72,1,2.31,723839,Y2,,,0,14.981,clean
12,27,3,1.77,1,2.47,410289,Y4,,,0,14.950,clean
12,28,3,1.72,1,2.36,337601,Y2,,,0,14.610,clean
12,29,3,1.70,1,2.33,605732,Y4,,,0,14.378,clean
12,30,3,1.56,1,2.28,1333594,Y2,,,0,14.168,clean
12,31,3,1.69,1,2.31,259995,Y2,,,0,13.899,clean
12,32,3,1.42,1407,2.63,196964,Y2,,,0,13.674,clean
12,33,3,2.00,1,2.48,978559,Y2,,,0,13.534,clean
12,34,3,1.89,1,2.44,74744,Y2,,,0,13.502,clean
12,35,3,1.66,1,2.49,812262,Y2,,,0,13.593,clean
12,36,3,1.88,1,2.24,183463,Y4,,,0,13.688,clean
12,37,3,1.39,853,2.35,252932,Y4,,,0,13.630,clean
12,38,3,1.76,1,2.25,1406193,Y2,,,0,13.538,clean
12,39,3,2.03,1,2.40,651866,Y4,,,0,13.490,clean
12,40,3,1.47,1,2.35,1047224,Y2,,,0,13.421,clean
12,41,3,1.73,1,2.35,639617,Y4,,,0,13.414,clean
12,42,3,1.96,1,2.32,1118392,Y4,,,0,13.423,clean
12,43,3,1.92,1,2.43,598222,Y2,,,0,13.332,clean
12,44,3,1.93,1,2.55,106484,Y2,,,0,13.125,clean
12,45,3,1.92,1,2.29,58115,Y2,,,0,12.955,clean
12,46,3,2.10,1,2.37,287890,Y2,,,0,12.759,clean
12,47,3,1.85,1,2.48,693262,Y2,,,0,12.541,clean
12,48,3,3.55,1,2.33,427902,Y2,0.24/noise-like,0.24/noise-like,0,12.173,hump-note
12,49,3,1.78,1,2.29,526965,Y4,,,0,11.769,clean
12,50,3,1.94,1,2.39,1426578,Y4,,,0,11.422,clean
12,51,3,1.89,1,2.47,58293,Y4,,,0,11.130,clean
12,52,3,1.88,1,2.52,781864,Y4,,,0,10.907,clean
12,53,3,2.02,1,2.43,74387,Y2,,,0,10.663,clean
12,54,3,2.32,1,2.34,1423448,Y2,,,0,10.314,clean
12,55,3,2.42,1,2.50,456333,Y4,,,0,9.831,clean
12,56,3,2.36,1,2.50,390798,Y2,,,0,9.225,clean
12,57,3,2.65,1,13.75,715,Y4,0.00/noise-like,0.24/noise-like,12,8.535,FAM-HIT
12,58,3,3.19,1,2.44,855356,Y2,0.42/WATCH,0.24/noise-like,0,7.922,hump-note
12,59,3,0,-1,0,0,-,,,0,7.285,QUARANTINE:dark-lane range=59 distinct=60
12,60,3,0,-1,0,0,-,,,0,6.436,QUARANTINE:dark-lane range=54 distinct=55
12,61,3,0,-1,0,0,-,,,0,5.578,QUARANTINE:dark-lane range=49 distinct=49
12,62,3,0,-1,0,0,-,,,0,4.692,QUARANTINE:dark-lane range=42 distinct=41
12,63,3,0,-1,0,0,-,,,0,3.942,QUARANTINE:dark-lane range=34 distinct=35
13,0,3,2.23,1,2.32,184447,Y4,,,0,19.652,clean
13,1,3,1.34,1174,2.30,334829,Y2,,,0,19.570,clean
13,2,3,1.34,1,2.54,833899,Y2,,,0,19.565,clean
13,3,3,1.36,343,2.52,87351,Y4,,,0,19.682,clean
13,4,3,1.42,1,2.36,647485,Y2,,,0,19.808,clean
13,5,3,1.40,1147,2.48,1201451,Y4,,,0,19.558,clean
13,6,3,1.59,1478,2.67,173897,Y4,,,0,19.310,clean
13,7,3,1.38,858,2.26,129908,Y2,,,0,19.088,clean
13,8,3,1.36,600,2.53,329643,Y4,,,0,18.817,clean
13,9,3,1.44,1,2.22,280291,Y2,,,0,18.454,clean
13,10,3,1.37,1111,2.61,519902,Y4,,,0,18.083,clean
13,11,3,1.73,1,2.36,1400560,Y2,,,0,17.718,clean
13,12,3,1.36,1,2.31,1135826,Y2,,,0,17.221,clean
13,13,3,1.49,1,2.43,1249999,Y4,,,0,16.769,clean
13,14,3,1.52,1,2.30,1250356,Y2,,,0,16.421,clean
13,15,3,1.44,272,2.29,873059,Y2,,,0,16.257,clean
13,16,3,1.58,1,2.32,417262,Y2,,,0,16.305,clean
13,17,3,1.63,1,2.33,360847,Y2,,,0,16.474,clean
13,18,3,1.53,832,2.35,1358002,Y4,,,0,17.751,clean
13,19,3,1.80,1,2.47,997961,Y4,,,0,16.428,clean
13,20,3,1.60,1,2.41,171930,Y2,,,0,16.103,clean
13,21,3,1.68,1,2.30,552714,Y4,,,0,15.936,clean
13,22,3,1.50,1,2.37,98079,Y2,,,0,15.957,clean
13,23,3,1.62,1,2.30,1026481,Y2,,,0,15.913,clean
13,24,3,1.60,1,2.27,5096,Y2,,,0,15.797,clean
13,25,3,1.44,1,2.52,2414,Y4,,,0,15.422,clean
13,26,3,1.78,1,2.65,1099437,Y4,,,0,15.028,clean
13,27,3,1.65,633,2.36,737965,Y4,,,0,15.009,clean
13,28,3,1.72,1,2.19,567734,Y2,,,0,14.599,clean
13,29,3,1.64,1,2.58,109166,Y4,,,0,14.399,clean
13,30,3,1.63,1,2.39,406802,Y2,,,0,14.171,clean
13,31,3,1.56,1,2.30,331432,Y2,,,0,13.879,clean
13,32,3,1.33,5,2.48,1387686,Y2,,,0,13.656,clean
13,33,3,1.80,1,2.77,1305163,Y4,,,0,13.541,clean
13,34,3,1.92,1,2.34,288606,Y2,,,0,13.519,clean
13,35,3,1.82,1,2.37,117034,Y2,,,0,13.590,clean
13,36,3,1.91,1,2.41,956118,Y2,,,0,13.664,clean
13,37,3,1.95,1,2.39,316411,Y2,,,0,13.643,clean
13,38,3,1.57,1,2.36,1279324,Y4,,,0,13.529,clean
13,39,3,1.74,1,2.61,143677,Y4,,,0,13.459,clean
13,40,3,1.70,1,2.45,681370,Y4,,,0,13.438,clean
13,41,3,1.89,1,2.64,896752,Y2,,,0,13.420,clean
13,42,3,1.92,1,2.50,823885,Y4,,,0,13.427,clean
13,43,3,1.71,1,2.54,1188308,Y4,,,0,13.319,clean
13,44,3,1.77,1,2.46,531167,Y2,,,0,13.116,clean
13,45,3,1.96,1,2.62,535458,Y4,,,0,12.958,clean
13,46,3,1.48,1,2.46,334382,Y4,,,0,12.769,clean
13,47,3,2.00,1,2.44,1257151,Y2,,,0,12.531,clean
13,48,3,2.88,1,2.62,433713,Y2,0.00/noise-like,0.00/noise-like,0,12.174,hump-note
13,49,3,2.14,1,2.57,635862,Y4,,,0,11.785,clean
13,50,3,2.20,1,2.35,936985,Y2,,,0,11.446,clean
13,51,3,2.06,1,2.67,962734,Y4,,,0,11.133,clean
13,52,3,2.09,1,2.34,1214951,Y4,,,0,10.880,clean
13,53,3,2.30,1,2.34,1011103,Y4,,,0,10.664,clean
13,54,3,2.36,1,2.53,719190,Y2,,,0,10.314,clean
13,55,3,2.21,1,2.35,950217,Y4,,,0,9.840,clean
13,56,3,2.61,1,2.41,971764,Y4,0.24/noise-like,0.24/noise-like,0,9.223,hump-note
13,57,3,3.07,1,3.50,715,Y4,0.00/noise-like,0.00/noise-like,6,8.537,FAM-HIT
13,58,3,3.04,1,2.36,1244187,Y4,0.00/noise-like,0.00/noise-like,0,7.944,hump-note
13,59,3,0,-1,0,0,-,,,0,7.267,QUARANTINE:dark-lane range=62 distinct=63
13,60,3,0,-1,0,0,-,,,0,6.426,QUARANTINE:dark-lane range=55 distinct=55
13,61,3,0,-1,0,0,-,,,0,5.586,QUARANTINE:dark-lane range=46 distinct=47
13,62,3,0,-1,0,0,-,,,0,4.691,QUARANTINE:dark-lane range=39 distinct=40
13,63,3,0,-1,0,0,-,,,0,3.933,QUARANTINE:dark-lane range=37 distinct=35
14,0,3,2.52,1,2.37,570953,Y4,0.24/noise-like,0.24/noise-like,0,19.641,hump-note
14,1,3,1.37,1,2.35,153065,Y2,,,0,19.598,clean
14,2,3,1.50,1,2.77,155658,Y2,,,0,19.600,clean
14,3,3,1.44,1,2.58,1430243,Y4,,,0,19.638,clean
14,4,3,1.46,1,2.34,279754,Y2,,,0,19.801,clean
14,5,3,1.52,1,2.66,517577,Y4,,,0,19.579,clean
14,6,3,1.52,1478,2.51,1002520,Y4,,,0,19.300,clean
14,7,3,1.63,1,2.58,164866,Y2,,,0,19.098,clean
14,8,3,1.40,1,2.50,409394,Y4,,,0,18.846,clean
14,9,3,1.63,1,2.43,74655,Y2,,,0,18.424,clean
14,10,3,1.53,1,2.48,441670,Y2,,,0,18.082,clean
14,11,3,1.48,1,2.59,912577,Y4,,,0,17.732,clean
14,12,3,1.39,1,2.39,16719,Y4,,,0,17.206,clean
14,13,3,1.56,1,2.43,400364,Y2,,,0,16.756,clean
14,14,3,1.39,1,2.35,70184,Y4,,,0,16.448,clean
14,15,3,1.60,1,2.44,1069844,Y4,,,0,16.266,clean
14,16,3,1.53,1,2.74,734478,Y2,,,0,16.318,clean
14,17,3,1.61,1,2.38,449985,Y2,,,0,16.490,clean
14,18,3,1.48,682,2.65,320166,Y2,,,0,17.731,clean
14,19,3,1.43,1,2.26,1273781,Y2,,,0,16.404,clean
14,20,3,1.39,1,2.39,648201,Y4,,,0,16.084,clean
14,21,3,1.37,675,2.56,848830,Y2,,,0,15.926,clean
14,22,3,1.43,579,2.33,133574,Y2,,,0,15.949,clean
14,23,3,1.46,1,2.64,606000,Y4,,,0,15.913,clean
14,24,3,1.70,1,2.35,940114,Y2,,,0,15.843,clean
14,25,3,1.62,1,2.39,1340300,Y4,,,0,15.426,clean
14,26,3,1.57,1,2.57,544488,Y2,,,0,14.998,clean
14,27,3,1.65,1,2.32,1313925,Y2,,,0,14.992,clean
14,28,3,1.86,1,2.49,1196086,Y2,,,0,14.573,clean
14,29,3,1.46,1,2.28,1403153,Y4,,,0,14.385,clean
14,30,3,1.94,1,2.40,207961,Y2,,,0,14.157,clean
14,31,3,1.79,1,2.41,1151651,Y2,,,0,13.898,clean
14,32,3,1.38,1250,2.34,889957,Y2,,,0,13.654,clean
14,33,3,1.77,1,2.56,1354605,Y4,,,0,13.559,clean
14,34,3,1.39,201,2.41,72330,Y4,,,0,13.504,clean
14,35,3,1.81,1,2.38,543594,Y2,,,0,13.587,clean
14,36,3,1.75,1,2.42,973821,Y2,,,0,13.701,clean
14,37,3,1.94,1,2.39,194728,Y2,,,0,13.639,clean
14,38,3,2.09,1,2.60,225931,Y4,,,0,13.527,clean
14,39,3,1.65,1,2.69,54896,Y4,,,0,13.461,clean
14,40,3,1.66,1,2.30,835598,Y2,,,0,13.444,clean
14,41,3,2.13,1,2.74,10192,Y4,,,0,13.423,clean
14,42,3,1.64,1,2.44,1049101,Y4,,,0,13.371,clean
14,43,3,1.65,1,2.47,225216,Y4,,,0,13.337,clean
14,44,3,1.59,1,2.34,201166,Y4,,,0,13.147,clean
14,45,3,1.83,1,2.43,765949,Y4,,,0,12.937,clean
14,46,3,1.64,1,2.50,219762,Y4,,,0,12.762,clean
14,47,3,1.81,1,2.39,23603,Y4,,,0,12.553,clean
14,48,3,3.17,1,2.56,840873,Y2,0.24/noise-like,0.00/noise-like,0,12.174,hump-note
14,49,3,2.03,1,2.42,205815,Y2,,,0,11.773,clean
14,50,3,2.00,1,2.27,817001,Y4,,,0,11.448,clean
14,51,3,2.11,1,2.24,1184195,Y4,,,0,11.129,clean
14,52,3,2.14,1,2.22,1004040,Y4,,,0,10.895,clean
14,53,3,2.25,1,2.44,1246244,Y2,,,0,10.667,clean
14,54,3,2.09,1,2.39,874758,Y2,,,0,10.312,clean
14,55,3,2.32,1,2.57,141889,Y4,,,0,9.830,clean
14,56,3,2.71,1,2.70,1160055,Y4,0.00/noise-like,0.00/noise-like,0,9.223,hump-note
14,57,3,2.89,1,2.55,345021,Y2,0.00/noise-like,0.00/noise-like,0,8.536,hump-note
14,58,3,3.21,1,2.39,1437038,Y4,0.00/noise-like,0.24/noise-like,0,7.935,hump-note
14,59,3,0,-1,0,0,-,,,0,7.269,QUARANTINE:dark-lane range=63 distinct=61
14,60,3,0,-1,0,0,-,,,0,6.438,QUARANTINE:dark-lane range=53 distinct=54
14,61,3,0,-1,0,0,-,,,0,5.577,QUARANTINE:dark-lane range=48 distinct=48
14,62,3,0,-1,0,0,-,,,0,4.696,QUARANTINE:dark-lane range=42 distinct=40
14,63,3,0,-1,0,0,-,,,0,3.936,QUARANTINE:dark-lane range=33 distinct=34
15,0,3,2.76,1,2.55,112116,Y4,0.00/noise-like,0.00/noise-like,0,19.643,hump-note
15,1,3,1.41,1,2.60,762820,Y4,,,0,19.611,clean
15,2,3,1.37,1099,2.33,347257,Y2,,,0,19.571,clean
15,3,3,1.31,674,2.38,1107842,Y4,,,0,19.666,clean
15,4,3,1.40,319,2.46,872076,Y4,,,0,19.763,clean
15,5,3,1.40,1,2.40,1000017,Y4,,,0,19.574,clean
15,6,3,1.43,1,2.70,926435,Y4,,,0,19.295,clean
15,7,3,1.38,600,2.31,1438290,Y4,,,0,19.098,clean
15,8,3,1.39,610,2.46,242919,Y2,,,0,18.831,clean
15,9,3,1.42,1,2.51,111759,Y2,,,0,18.449,clean
15,10,3,1.38,1,2.34,1255274,Y2,,,0,18.083,clean
15,11,3,1.37,1,2.51,1301318,Y4,,,0,17.687,clean
15,12,3,1.57,1,2.42,1427919,Y4,,,0,17.195,clean
15,13,3,1.59,1,2.43,699341,Y2,,,0,16.757,clean
15,14,3,1.68,1,2.42,600278,Y2,,,0,16.449,clean
15,15,3,1.49,1,2.44,1391619,Y4,,,0,16.284,clean
15,16,3,1.38,1255,2.39,783652,Y4,,,0,16.317,clean
15,17,3,1.51,1,2.40,701308,Y4,,,0,16.454,clean
15,18,3,1.61,865,2.81,756115,Y4,,,0,17.724,clean
15,19,3,1.68,1,2.52,148594,Y2,,,0,16.441,clean
15,20,3,1.46,1,2.48,677615,Y2,,,0,16.084,clean
15,21,3,1.60,1,2.49,504613,Y2,,,0,15.960,clean
15,22,3,1.60,1,2.52,617892,Y4,,,0,15.932,clean
15,23,3,1.45,1,2.39,929028,Y4,,,0,15.949,clean
15,24,3,1.39,1,2.35,779003,Y2,,,0,15.830,clean
15,25,3,1.43,1,2.39,719458,Y4,,,1,15.433,clean
15,26,3,1.57,1,2.26,547439,Y4,,,0,14.991,clean
15,27,3,1.66,625,2.30,805467,Y4,,,0,14.959,clean
15,28,3,1.73,1,2.33,449538,Y4,,,0,14.590,clean
15,29,3,1.78,1,2.25,541449,Y2,,,0,14.373,clean
15,30,3,1.85,1,2.64,317752,Y2,,,0,14.148,clean
15,31,3,1.44,1,2.75,1329571,Y2,,,0,13.894,clean
15,32,3,1.32,1394,2.29,917941,Y2,,,0,13.650,clean
15,33,3,1.60,1,2.28,606269,Y4,,,0,13.552,clean
15,34,3,1.41,1,2.64,879139,Y4,,,0,13.501,clean
15,35,3,1.81,1,2.55,1464844,Y2,,,0,13.576,clean
15,36,3,1.66,1,2.35,150740,Y2,,,0,13.700,clean
15,37,3,2.01,1,2.35,1456708,Y4,,,0,13.645,clean
15,38,3,1.79,1,2.50,1100421,Y2,,,0,13.516,clean
15,39,3,1.76,1,2.36,831842,Y4,,,0,13.453,clean
15,40,3,1.67,1,2.50,1419336,Y4,,,0,13.430,clean
15,41,3,1.86,1,2.69,1088083,Y4,,,0,13.428,clean
15,42,3,1.79,1,2.48,133663,Y4,,,0,13.396,clean
15,43,3,1.46,1,2.90,781417,Y2,,,0,13.324,clean
15,44,3,1.95,1,2.55,731617,Y2,,,0,13.153,clean
15,45,3,1.89,1,2.34,59187,Y4,,,0,12.946,clean
15,46,3,1.76,1,2.76,83864,Y4,,,0,12.805,clean
15,47,3,1.85,1,2.37,1431,Y4,,,0,12.536,clean
15,48,3,3.58,1,2.28,337690,Y4,0.00/noise-like,0.24/noise-like,0,12.144,hump-note
15,49,3,2.23,1,2.27,1162469,Y2,,,0,11.784,clean
15,50,3,1.93,1,2.35,216454,Y4,,,0,11.439,clean
15,51,3,2.13,1,2.48,1088709,Y2,,,0,11.132,clean
15,52,3,2.35,1,2.60,434160,Y2,,,0,10.884,clean
15,53,3,2.30,1,2.32,1094252,Y4,,,0,10.666,clean
15,54,3,2.33,1,2.27,396520,Y4,,,0,10.322,clean
15,55,3,2.35,1,2.23,1278430,Y2,,,0,9.841,clean
15,56,3,2.49,1,2.34,1154870,Y4,,,0,9.218,clean
15,57,3,2.92,1,2.99,174791,Y4,0.00/noise-like,0.00/noise-like,3,8.532,hump-note
15,58,3,2.76,1,2.46,181228,Y2,0.24/noise-like,0.00/noise-like,0,7.941,hump-note
15,59,3,0,-1,0,0,-,,,0,7.275,QUARANTINE:dark-lane range=65 distinct=63
15,60,3,0,-1,0,0,-,,,0,6.440,QUARANTINE:dark-lane range=51 distinct=52
15,61,3,0,-1,0,0,-,,,0,5.584,QUARANTINE:dark-lane range=48 distinct=49
15,62,3,0,-1,0,0,-,,,0,4.692,QUARANTINE:dark-lane range=43 distinct=40
15,63,3,0,-1,0,0,-,,,0,3.935,QUARANTINE:dark-lane range=36 distinct=37
16,0,3,2.57,1,2.37,1065731,Y4,0.00/noise-like,0.00/noise-like,0,19.652,hump-note
16,1,3,1.33,1070,2.47,1269758,Y2,,,0,19.562,clean
16,2,3,1.64,1,2.41,1286209,Y2,,,0,19.613,clean
16,3,3,1.38,541,2.55,1380891,Y2,,,0,19.667,clean
16,4,3,1.49,1,2.26,385612,Y2,,,0,19.827,clean
16,5,3,1.57,1,2.34,50604,Y4,,,0,19.576,clean
16,6,3,1.44,1478,2.41,290751,Y2,,,0,19.327,clean
16,7,3,1.37,85,2.52,289589,Y4,,,0,19.079,clean
16,8,3,1.41,289,2.40,356108,Y2,,,0,18.850,clean
16,9,3,1.44,449,2.46,755668,Y4,,,0,18.477,clean
16,10,3,1.51,1,2.37,314981,Y4,,,0,18.070,clean
16,11,3,1.82,1,2.37,361472,Y4,,,0,17.705,clean
16,12,3,1.46,1,2.41,766397,Y2,,,0,17.212,clean
16,13,3,1.58,1,2.44,778377,Y2,,,0,16.748,clean
16,14,3,1.49,1,2.47,1244634,Y4,,,0,16.462,clean
16,15,3,1.50,1,2.34,403941,Y2,,,0,16.281,clean
16,16,3,1.43,1,2.24,402868,Y2,,,0,16.313,clean
16,17,3,1.77,1,2.31,362635,Y2,,,0,16.460,clean
16,18,3,1.56,778,2.45,687897,Y4,,,0,17.776,clean
16,19,3,1.51,1,2.34,629872,Y2,,,0,16.423,clean
16,20,3,1.43,1,2.48,576854,Y4,,,0,16.078,clean
16,21,3,1.49,1,2.46,813514,Y2,,,0,15.961,clean
16,22,3,1.37,1,2.29,1227379,Y2,,,0,15.984,clean
16,23,3,1.70,1,2.42,1258045,Y4,,,0,15.946,clean
16,24,3,1.57,1,2.56,1259387,Y4,,,0,15.832,clean
16,25,3,1.41,295,6.12,9745,Y4,0.24/noise-like,0.00/noise-like,6,15.436,FAM-HIT
16,26,3,1.80,1,2.60,540107,Y4,,,0,15.009,clean
16,27,3,1.63,616,2.29,692636,Y4,,,0,14.939,clean
16,28,3,1.59,1,2.51,891656,Y2,,,0,14.576,clean
16,29,3,1.47,1,2.29,1348883,Y2,,,0,14.376,clean
16,30,3,1.72,1,2.29,70363,Y2,,,0,14.171,clean
16,31,3,1.86,1,2.29,1218617,Y4,,,0,13.893,clean
16,32,3,1.35,1365,2.31,624955,Y4,,,0,13.639,clean
16,33,3,1.89,1,2.36,10997,Y4,,,0,13.543,clean
16,34,3,1.75,1,2.77,13411,Y4,,,0,13.508,clean
16,35,3,2.06,1,2.54,1183927,Y2,,,0,13.591,clean
16,36,3,1.47,1,2.28,50247,Y4,,,0,13.662,clean
16,37,3,1.55,1,2.43,203848,Y4,,,0,13.649,clean
16,38,3,2.05,1,2.45,310689,Y4,,,0,13.498,clean
16,39,3,1.84,1,2.55,1027912,Y4,,,0,13.469,clean
16,40,3,1.87,1,2.32,1253664,Y2,,,0,13.422,clean
16,41,3,1.79,1,2.59,999123,Y4,,,0,13.407,clean
16,42,3,1.68,1,2.46,335991,Y2,,,0,13.402,clean
16,43,3,1.77,1,2.36,804484,Y4,,,0,13.325,clean
16,44,3,1.83,1,2.25,1356214,Y2,,,0,13.126,clean
16,45,3,1.57,1,2.57,1366675,Y4,,,0,12.965,clean
16,46,3,1.88,1,2.47,635684,Y2,,,0,12.790,clean
16,47,3,1.87,1,2.35,323743,Y2,,,0,12.528,clean
16,48,3,3.39,1,2.45,669122,Y4,0.24/noise-like,0.00/noise-like,0,12.160,hump-note
16,49,3,1.99,1,2.40,840336,Y2,,,0,11.782,clean
16,50,3,2.07,1,2.38,157803,Y2,,,0,11.444,clean
16,51,3,2.33,1,2.30,87619,Y4,,,0,11.108,clean
16,52,3,2.06,1,2.43,1223087,Y2,,,0,10.887,clean
16,53,3,1.93,1,2.55,577211,Y2,,,0,10.670,clean
16,54,3,2.15,1,2.25,55522,Y2,,,0,10.297,clean
16,55,3,2.64,1,2.86,60707,Y2,0.00/noise-like,0.00/noise-like,0,9.832,hump-note
16,56,3,2.86,1,2.44,742882,Y4,0.00/noise-like,0.00/noise-like,0,9.200,hump-note
16,57,3,3.10,1,23.12,1252,Y4,0.00/noise-like,0.00/noise-like,9,8.527,FAM-HIT
16,58,3,3.05,1,2.65,413954,Y4,0.00/noise-like,0.00/noise-like,0,7.938,hump-note
16,59,3,0,-1,0,0,-,,,0,7.272,QUARANTINE:dark-lane range=61 distinct=60
16,60,3,0,-1,0,0,-,,,0,6.447,QUARANTINE:dark-lane range=57 distinct=57
16,61,3,0,-1,0,0,-,,,0,5.579,QUARANTINE:dark-lane range=51 distinct=50
16,62,3,0,-1,0,0,-,,,0,4.691,QUARANTINE:dark-lane range=42 distinct=43
16,63,3,0,-1,0,0,-,,,0,3.939,QUARANTINE:dark-lane range=33 distinct=34
17,0,3,2.01,1,2.35,1174539,Y4,,,0,19.665,clean
17,1,3,1.35,1511,2.47,1381963,Y4,,,0,19.578,clean
17,2,3,1.41,1181,2.35,946015,Y4,,,0,19.579,clean
17,3,3,1.37,1209,2.32,272065,Y4,,,0,19.662,clean
17,4,3,1.42,1,2.39,1329482,Y4,,,0,19.775,clean
17,5,3,1.34,1,2.32,964612,Y4,,,0,19.582,clean
17,6,3,1.50,1478,2.68,1171499,Y4,,,0,19.274,clean
17,7,3,1.29,1,2.50,208050,Y2,,,0,19.090,clean
17,8,3,1.47,349,2.37,20921,Y2,,,0,18.814,clean
17,9,3,1.45,1,2.45,278503,Y2,,,0,18.442,clean
17,10,3,1.49,1,2.29,819325,Y2,,,0,18.102,clean
17,11,3,1.34,1215,2.45,1163363,Y4,,,0,17.700,clean
17,12,3,1.52,1,2.51,1289696,Y2,,,0,17.222,clean
17,13,3,1.37,875,2.19,1152813,Y4,,,0,16.761,clean
17,14,3,1.35,1,2.35,334114,Y2,,,0,16.439,clean
17,15,3,1.58,1,2.58,533938,Y2,,,0,16.285,clean
17,16,3,1.58,1,2.51,1220405,Y4,,,0,16.298,clean
17,17,3,1.59,1,2.60,394016,Y4,,,0,16.503,clean
17,18,3,1.56,772,2.49,451773,Y2,,,0,17.760,clean
17,19,3,1.45,1,2.46,1052856,Y4,,,0,16.448,clean
17,20,3,1.65,1,2.19,1337081,Y2,,,0,16.125,clean
17,21,3,1.67,1,2.21,688791,Y2,,,0,15.959,clean
17,22,3,1.40,1,2.63,1360953,Y2,,,0,15.932,clean
17,23,3,1.38,513,2.46,1337081,Y2,,,0,15.976,clean
17,24,3,1.47,1,2.41,587493,Y4,,,0,15.837,clean
17,25,3,1.60,1,4.68,81092,Y4,0.00/noise-like,0.00/noise-like,7,15.447,FAM-HIT
17,26,3,1.35,1,2.61,329018,Y4,,,0,15.036,clean
17,27,3,1.60,610,2.37,712752,Y2,,,0,14.955,clean
17,28,3,1.45,1,2.51,1346111,Y4,,,0,14.579,clean
17,29,3,1.52,796,2.62,64284,Y2,,,0,14.391,clean
17,30,3,1.71,1,2.40,461519,Y4,,,0,14.151,clean
17,31,3,1.65,1,2.22,1177758,Y4,,,0,13.927,clean
17,32,3,1.39,1363,2.45,1147896,Y4,,,0,13.647,clean
17,33,3,1.92,1,2.34,543773,Y2,,,0,13.532,clean
17,34,3,1.99,1,2.44,492096,Y4,,,0,13.513,clean
17,35,3,1.85,1,2.35,241041,Y4,,,0,13.590,clean
17,36,3,1.74,1,2.77,443727,Y4,,,0,13.687,clean
17,37,3,1.96,1,2.44,243902,Y2,,,0,13.667,clean
17,38,3,1.76,1,2.38,1124024,Y2,,,0,13.520,clean
17,39,3,1.88,1,2.49,76711,Y2,,,0,13.463,clean
17,40,3,1.65,1,2.33,425845,Y2,,,0,13.447,clean
17,41,3,1.58,1,2.46,790268,Y2,,,0,13.421,clean
17,42,3,1.74,1,2.53,227541,Y4,,,0,13.432,clean
17,43,3,1.86,1,2.29,85920,Y2,,,0,13.338,clean
17,44,3,1.75,1,2.52,714451,Y2,,,0,13.097,clean
17,45,3,1.81,1,2.45,796616,Y2,,,0,12.956,clean
17,46,3,1.91,1,2.37,1386344,Y2,,,0,12.774,clean
17,47,3,1.78,1,2.54,1011461,Y4,,,0,12.517,clean
17,48,3,3.37,1,2.48,805289,Y4,0.00/noise-like,0.00/noise-like,0,12.173,hump-note
17,49,3,1.84,1,2.36,1329124,Y2,,,0,11.763,clean
17,50,3,1.81,1,2.71,192940,Y2,,,0,11.458,clean
17,51,3,2.16,1,2.26,682175,Y4,,,0,11.131,clean
17,52,3,2.34,1,2.28,305593,Y4,,,0,10.885,clean
17,53,3,2.47,1,2.93,1444548,Y2,,,0,10.662,clean
17,54,3,2.17,1,2.33,1228273,Y4,,,0,10.332,clean
17,55,3,2.39,1,2.46,590086,Y4,,,0,9.836,clean
17,56,3,2.47,1,2.34,580162,Y2,,,0,9.216,clean
17,57,3,2.86,1,4.08,805,Y4,0.00/noise-like,0.24/noise-like,10,8.518,FAM-HIT
17,58,3,3.51,1,2.53,34511,Y4,0.00/noise-like,0.24/noise-like,0,7.950,hump-note
17,59,3,0,-1,0,0,-,,,0,7.265,QUARANTINE:dark-lane range=62 distinct=62
17,60,3,0,-1,0,0,-,,,0,6.434,QUARANTINE:dark-lane range=59 distinct=56
17,61,3,0,-1,0,0,-,,,0,5.580,QUARANTINE:dark-lane range=49 distinct=49
17,62,3,0,-1,0,0,-,,,0,4.696,QUARANTINE:dark-lane range=38 distinct=39
17,63,3,0,-1,0,0,-,,,0,3.940,QUARANTINE:dark-lane range=33 distinct=34
18,0,3,2.45,1,2.57,1024693,Y2,,,0,19.657,clean
18,1,3,1.55,1,2.41,1261622,Y2,,,0,19.575,clean
18,2,3,1.63,1,2.48,1284868,Y2,,,0,19.560,clean
18,3,3,1.34,936,2.63,76175,Y2,,,0,19.660,clean
18,4,3,1.33,238,2.45,657409,Y2,,,0,19.784,clean
18,5,3,1.58,847,2.71,1136899,Y4,,,0,19.586,clean
18,6,3,1.68,1478,2.64,184983,Y2,,,0,19.314,clean
18,7,3,1.37,1058,2.36,677258,Y2,,,0,19.100,clean
18,8,3,1.48,1,2.42,1255453,Y4,,,0,18.831,clean
18,9,3,1.40,1192,2.39,1261443,Y2,,,0,18.451,clean
18,10,3,1.46,1,2.26,1014411,Y4,,,0,18.101,clean
18,11,3,1.49,1,2.33,666171,Y2,,,0,17.693,clean
18,12,3,1.51,1,2.39,707477,Y4,,,0,17.212,clean
18,13,3,1.54,1,2.27,1176596,Y2,,,0,16.738,clean
18,14,3,1.71,1,2.67,481009,Y2,,,0,16.444,clean
18,15,3,1.41,1,2.54,392318,Y2,,,0,16.264,clean
18,16,3,1.53,1,2.33,1160949,Y2,,,0,16.312,clean
18,17,3,1.44,1,2.39,4560,Y4,,,0,16.461,clean
18,18,3,1.66,743,2.59,1220495,Y4,,,0,17.739,clean
18,19,3,1.50,1,2.32,247478,Y2,,,0,16.423,clean
18,20,3,1.51,1,2.38,117928,Y4,,,0,16.124,clean
18,21,3,1.45,1,2.33,429690,Y2,,,0,15.952,clean
18,22,3,1.49,1,2.38,447750,Y2,,,0,15.955,clean
18,23,3,1.55,1,2.33,662506,Y4,,,0,15.926,clean
18,24,3,1.47,1,2.45,315249,Y2,,,0,15.818,clean
18,25,3,1.66,1,2.48,340641,Y4,,,0,15.455,clean
18,26,3,1.56,1,2.36,742614,Y2,,,0,15.014,clean
18,27,3,1.77,1,2.54,375599,Y2,,,0,14.951,clean
18,28,3,1.69,1,2.46,496924,Y4,,,0,14.582,clean
18,29,3,1.94,1,2.44,130981,Y4,,,0,14.402,clean
18,30,3,1.78,1,2.43,791609,Y2,,,0,14.176,clean
18,31,3,1.85,1,2.29,743151,Y4,,,0,13.901,clean
18,32,3,1.35,1,2.31,454366,Y4,,,0,13.652,clean
18,33,3,1.79,1,2.60,102282,Y2,,,0,13.528,clean
18,34,3,1.84,1,2.41,587940,Y4,,,0,13.517,clean
18,35,3,1.68,1,2.24,370950,Y2,,,0,13.572,clean
18,36,3,1.84,1,2.46,1270741,Y2,,,0,13.668,clean
18,37,3,1.50,1,2.37,559509,Y2,,,0,13.634,clean
18,38,3,1.65,1,2.35,818074,Y4,,,0,13.523,clean
18,39,3,1.70,1,2.52,49531,Y4,,,0,13.480,clean
18,40,3,1.82,1,2.28,148773,Y2,,,0,13.428,clean
18,41,3,2.00,1,2.39,528038,Y4,,,0,13.419,clean
18,42,3,1.95,1,2.64,824958,Y4,,,0,13.411,clean
18,43,3,1.68,1,2.44,657052,Y2,,,0,13.323,clean
18,44,3,1.83,1,2.53,616372,Y2,,,0,13.119,clean
18,45,3,1.67,1,2.65,1005471,Y4,,,0,12.951,clean
18,46,3,1.55,1,2.38,1100510,Y4,,,0,12.753,clean
18,47,3,1.81,1,2.43,1018077,Y4,,,0,12.533,clean
18,48,3,3.27,1,2.44,993311,Y2,0.00/noise-like,0.00/noise-like,0,12.161,hump-note
18,49,3,1.84,1,2.36,121862,Y4,,,0,11.769,clean
18,50,3,2.03,1,2.35,62406,Y2,,,0,11.444,clean
18,51,3,2.09,1,2.42,415832,Y2,,,0,11.123,clean
18,52,3,2.27,1,2.49,41306,Y2,,,0,10.882,clean
18,53,3,2.26,1,2.51,1382142,Y2,,,0,10.663,clean
18,54,3,2.06,1,2.52,405550,Y4,,,0,10.320,clean
18,55,3,2.65,1,2.28,932068,Y2,0.00/noise-like,0.00/noise-like,0,9.841,hump-note
18,56,3,2.76,1,2.34,584722,Y4,0.24/noise-like,0.00/noise-like,0,9.204,hump-note
18,57,3,2.85,1,2.37,849277,Y4,0.24/noise-like,0.24/noise-like,0,8.531,hump-note
18,58,3,2.99,1,2.29,1126081,Y4,0.24/noise-like,0.00/noise-like,0,7.940,hump-note
18,59,3,0,-1,0,0,-,,,0,7.272,QUARANTINE:dark-lane range=59 distinct=60
18,60,3,0,-1,0,0,-,,,0,6.443,QUARANTINE:dark-lane range=57 distinct=55
18,61,3,0,-1,0,0,-,,,0,5.576,QUARANTINE:dark-lane range=47 distinct=47
18,62,3,0,-1,0,0,-,,,0,4.691,QUARANTINE:dark-lane range=45 distinct=43
18,63,3,0,-1,0,0,-,,,0,3.939,QUARANTINE:dark-lane range=33 distinct=34
19,0,3,2.47,1,2.32,1265466,Y2,,,0,19.648,clean
19,1,3,1.41,1211,2.50,712752,Y4,,,0,19.590,clean
19,2,3,1.37,1,2.36,1311064,Y4,,,0,19.562,clean
19,3,3,1.43,1275,2.40,1454204,Y2,,,0,19.673,clean
19,4,3,1.37,1,2.45,202239,Y2,,,0,19.813,clean
19,5,3,1.45,1,2.67,904173,Y4,,,0,19.558,clean
19,6,3,1.37,1350,2.32,18597,Y4,,,0,19.280,clean
19,7,3,1.36,461,2.52,660539,Y2,,,0,19.136,clean
19,8,3,1.38,978,2.66,873864,Y4,,,0,18.822,clean
19,9,3,1.51,1,2.77,75549,Y2,,,0,18.464,clean
19,10,3,1.47,1,2.41,1263052,Y2,,,0,18.084,clean
19,11,3,1.39,1160,2.74,826925,Y2,,,0,17.722,clean
19,12,3,1.61,1,2.33,1312941,Y4,,,0,17.209,clean
19,13,3,1.52,1,2.51,1153171,Y2,,,0,16.725,clean
19,14,3,1.73,1,2.31,1283169,Y2,,,0,16.476,clean
19,15,3,1.54,1,2.46,826210,Y4,,,0,16.274,clean
19,16,3,1.47,1,2.29,88513,Y4,,,0,16.307,clean
19,17,3,1.70,1,2.45,1392335,Y2,,,0,16.471,clean
19,18,3,1.61,1,2.53,21726,Y2,,,0,17.743,clean
19,19,3,1.83,1,2.67,367641,Y2,,,0,16.410,clean
19,20,3,1.49,1,2.32,157982,Y4,,,0,16.088,clean
19,21,3,1.72,1,2.33,1142174,Y2,,,0,15.958,clean
19,22,3,1.67,1,2.50,686646,Y2,,,0,15.943,clean
19,23,3,1.59,1,2.33,997156,Y4,,,0,15.928,clean
19,24,3,1.47,1,2.34,62585,Y2,,,0,15.840,clean
19,25,3,1.65,1,2.26,455439,Y2,,,0,15.434,clean
19,26,3,1.59,1,2.57,126332,Y4,,,0,15.038,clean
19,27,3,1.73,1,2.25,404477,Y4,,,0,14.979,clean
19,28,3,1.65,1,2.36,1312315,Y4,,,0,14.588,clean
19,29,3,1.43,1,2.44,167817,Y4,,,0,14.398,clean
19,30,3,1.84,1,2.27,740647,Y2,,,0,14.162,clean
19,31,3,2.03,1,2.40,210375,Y2,,,0,13.893,clean
19,32,3,1.44,1,2.24,504345,Y2,,,0,13.615,clean
19,33,3,1.69,1,2.51,1030415,Y4,,,0,13.547,clean
19,34,3,1.99,1,2.31,244975,Y2,,,0,13.520,clean
19,35,3,1.74,1,2.73,1238376,Y2,,,0,13.570,clean
19,36,3,1.64,1,2.50,789374,Y4,,,0,13.672,clean
19,37,3,1.62,1,2.53,137329,Y4,,,0,13.623,clean
19,38,3,1.69,1,2.35,226647,Y2,,,0,13.529,clean
19,39,3,1.79,1,2.36,498444,Y2,,,0,13.448,clean
19,40,3,1.82,1,2.40,1070648,Y4,,,0,13.437,clean
19,41,3,1.68,1,2.21,423789,Y4,,,0,13.409,clean
19,42,3,1.46,1,2.40,29236,Y2,,,0,13.422,clean
19,43,3,1.92,1,2.36,335991,Y4,,,0,13.318,clean
19,44,3,2.18,1,2.36,1285046,Y4,,,0,13.123,clean
19,45,3,2.22,1,2.67,149935,Y4,,,0,12.944,clean
19,46,3,1.83,1,2.45,870287,Y4,,,0,12.790,clean
19,47,3,2.05,1,2.27,148952,Y2,,,0,12.536,clean
19,48,3,3.68,1,2.35,837117,Y2,0.00/noise-like,0.00/noise-like,0,12.175,hump-note
19,49,3,1.70,1,2.32,1452863,Y2,,,0,11.767,clean
19,50,3,2.09,1,2.46,1451969,Y4,,,0,11.429,clean
19,51,3,1.84,1,2.32,316948,Y4,,,0,11.119,clean
19,52,3,2.20,1,2.43,1407444,Y2,,,0,10.902,clean
19,53,3,2.20,1,2.32,973016,Y4,,,0,10.658,clean
19,54,3,1.81,1,2.35,1442760,Y4,,,0,10.317,clean
19,55,3,2.33,1,2.62,512481,Y4,,,0,9.842,clean
19,56,3,2.68,1,2.36,82880,Y2,0.00/noise-like,0.24/noise-like,0,9.204,hump-note
19,57,3,2.60,1,2.77,1306593,Y2,0.24/noise-like,0.00/noise-like,0,8.518,hump-note
19,58,3,3.31,1,2.41,106037,Y4,0.24/noise-like,0.00/noise-like,0,7.937,hump-note
19,59,3,0,-1,0,0,-,,,0,7.264,QUARANTINE:dark-lane range=63 distinct=60
19,60,3,0,-1,0,0,-,,,0,6.431,QUARANTINE:dark-lane range=52 distinct=53
19,61,3,0,-1,0,0,-,,,0,5.582,QUARANTINE:dark-lane range=49 distinct=48
19,62,3,0,-1,0,0,-,,,0,4.698,QUARANTINE:dark-lane range=41 distinct=40
19,63,3,0,-1,0,0,-,,,0,3.931,QUARANTINE:dark-lane range=35 distinct=36
20,0,3,1.91,1,2.42,66608,Y2,,,0,19.647,clean
20,1,3,1.33,1223,2.36,217527,Y4,,,0,19.610,clean
20,2,3,1.40,402,2.32,197053,Y4,,,0,19.578,clean
20,3,3,1.34,601,2.51,867426,Y2,,,0,19.678,clean
20,4,3,1.40,1077,2.27,791162,Y4,,,0,19.796,clean
20,5,3,1.50,1,2.37,242293,Y2,,,0,19.549,clean
20,6,3,1.42,1478,2.31,1162201,Y2,,,0,19.303,clean
20,7,3,1.33,123,2.38,684321,Y4,,,0,19.094,clean
20,8,3,1.38,1,2.46,827461,Y4,,,0,18.820,clean
20,9,3,1.38,1,2.46,4739,Y2,,,0,18.415,clean
20,10,3,1.37,1,2.33,724018,Y2,,,0,18.100,clean
20,11,3,1.39,1060,2.35,76175,Y2,,,0,17.708,clean
20,12,3,1.67,1,2.43,1158267,Y4,,,0,17.206,clean
20,13,3,1.43,1200,2.39,145823,Y4,,,0,16.759,clean
20,14,3,1.41,1,2.56,448108,Y4,,,0,16.462,clean
20,15,3,1.64,1,2.30,539929,Y4,,,0,16.271,clean
20,16,3,1.53,1,2.46,6616,Y2,,,0,16.329,clean
20,17,3,1.47,1,2.34,768453,Y4,,,0,16.477,clean
20,18,3,1.65,842,2.43,631392,Y2,,,0,17.747,clean
20,19,3,1.57,1,2.33,1179636,Y4,,,0,16.424,clean
20,20,3,1.39,1,2.30,789106,Y4,,,0,16.104,clean
20,21,3,1.48,1,2.51,1000911,Y2,,,0,15.970,clean
20,22,3,1.38,156,2.36,99152,Y2,,,0,15.954,clean
20,23,3,1.48,1,2.29,757366,Y4,,,0,15.918,clean
20,24,3,1.62,1,2.33,1382858,Y4,,,0,15.839,clean
20,25,3,1.60,1,3.72,3666,Y4,0.00/noise-like,0.24/noise-like,9,15.457,FAM-HIT
20,26,3,1.76,1,2.35,530452,Y4,,,0,15.018,clean
20,27,3,1.70,1,2.24,1454473,Y2,,,0,14.976,clean
20,28,3,1.80,1,2.37,1455277,Y2,,,0,14.595,clean
20,29,3,1.77,1,2.58,665367,Y4,,,0,14.400,clean
20,30,3,1.72,1,3.01,129104,Y2,0.00/noise-like,0.00/noise-like,0,14.163,FAM-HIT
20,31,3,1.62,1,2.38,33081,Y4,,,0,13.910,clean
20,32,3,1.35,946,2.32,260711,Y2,,,0,13.659,clean
20,33,3,1.89,1,2.41,1131982,Y2,,,0,13.542,clean
20,34,3,1.67,1,2.27,215024,Y4,,,0,13.518,clean
20,35,3,1.65,1,2.27,17256,Y2,,,0,13.594,clean
20,36,3,1.61,1,2.50,484049,Y4,,,0,13.690,clean
20,37,3,1.73,1,2.48,353962,Y2,,,0,13.656,clean
20,38,3,1.62,1,2.49,641495,Y4,,,0,13.525,clean
20,39,3,1.76,1,2.44,433087,Y2,,,0,13.469,clean
20,40,3,1.87,1,2.46,256062,Y4,,,0,13.459,clean
20,41,3,1.50,1,2.36,631303,Y2,,,0,13.420,clean
20,42,3,1.85,1,2.50,1263678,Y2,,,0,13.426,clean
20,43,3,1.72,1,2.40,1148164,Y4,,,0,13.328,clean
20,44,3,1.55,1,2.32,29683,Y4,,,0,13.118,clean
20,45,3,1.98,1,2.74,166565,Y4,,,0,12.954,clean
20,46,3,2.10,1,2.49,568628,Y2,,,0,12.784,clean
20,47,3,1.74,1,2.64,1451343,Y2,,,0,12.533,clean
20,48,3,3.77,1,2.36,135720,Y2,0.24/noise-like,0.24/noise-like,0,12.190,hump-note
20,49,3,1.90,1,2.49,11712,Y2,,,0,11.786,clean
20,50,3,1.64,1,2.36,143945,Y4,,,0,11.472,clean
20,51,3,2.02,1,2.40,595629,Y2,,,0,11.152,clean
20,52,3,2.00,1,2.48,1141548,Y4,,,0,10.910,clean
20,53,3,2.40,1,2.27,855625,Y4,,,0,10.684,clean
20,54,3,2.18,1,2.41,1306236,Y2,,,0,10.325,clean
20,55,3,2.42,1,2.33,625670,Y2,,,0,9.837,clean
20,56,3,2.68,1,2.35,1091659,Y2,0.00/noise-like,0.24/noise-like,0,9.218,hump-note
20,57,3,2.66,1,6.31,536,Y4,0.00/noise-like,0.00/noise-like,16,8.537,FAM-HIT
20,58,3,3.37,1,2.63,1348615,Y2,0.24/noise-like,0.00/noise-like,0,7.941,hump-note
20,59,3,0,-1,0,0,-,,,0,7.269,QUARANTINE:dark-lane range=64 distinct=61
20,60,3,0,-1,0,0,-,,,0,6.435,QUARANTINE:dark-lane range=53 distinct=53
20,61,3,0,-1,0,0,-,,,0,5.582,QUARANTINE:dark-lane range=49 distinct=50
20,62,3,0,-1,0,0,-,,,0,4.697,QUARANTINE:dark-lane range=42 distinct=42
20,63,3,0,-1,0,0,-,,,0,3.943,QUARANTINE:dark-lane range=37 distinct=38
21,0,3,2.67,1,2.30,83596,Y2,0.00/noise-like,0.00/noise-like,0,19.623,hump-note
21,1,3,1.34,1,2.35,808507,Y2,,,0,19.591,clean
21,2,3,1.50,1,2.41,108004,Y2,,,0,19.588,clean
21,3,3,1.42,1,2.34,688791,Y2,,,0,19.694,clean
21,4,3,1.47,1,2.47,1220316,Y2,,,0,19.792,clean
21,5,3,1.34,1,2.60,181407,Y2,,,0,19.595,clean
21,6,3,1.44,1478,2.25,812888,Y2,,,0,19.330,clean
21,7,3,1.51,1,2.37,517309,Y4,,,0,19.111,clean
21,8,3,1.33,1,2.31,1029342,Y2,,,0,18.845,clean
21,9,3,1.47,1,2.49,1409322,Y2,,,0,18.441,clean
21,10,3,1.53,1,2.45,984997,Y2,,,0,18.090,clean
21,11,3,1.43,312,2.44,394106,Y4,,,0,17.700,clean
21,12,3,1.37,1098,2.45,637114,Y2,,,0,17.229,clean
21,13,3,1.51,1,2.36,24229,Y2,,,0,16.761,clean
21,14,3,1.47,1,2.38,553519,Y2,,,0,16.456,clean
21,15,3,1.32,1324,2.42,1411289,Y4,,,0,16.268,clean
21,16,3,1.60,1,2.30,792950,Y4,,,0,16.318,clean
21,17,3,1.44,1,2.39,548333,Y4,,,0,16.472,clean
21,18,3,1.59,689,2.30,929654,Y4,,,0,17.748,clean
21,19,3,1.53,1,2.41,828356,Y2,,,0,16.430,clean
21,20,3,1.63,1,2.31,642210,Y2,,,0,16.141,clean
21,21,3,1.65,1,2.49,610918,Y4,,,0,15.972,clean
21,22,3,1.67,1,2.43,715792,Y2,,,0,15.960,clean
21,23,3,1.42,1,2.23,1310170,Y2,,,0,15.934,clean
21,24,3,1.45,1,2.56,1459122,Y4,,,0,15.816,clean
21,25,3,1.45,1,2.64,217885,Y2,,,0,15.436,clean
21,26,3,1.51,1,2.43,720173,Y4,,,0,15.023,clean
21,27,3,1.66,618,2.39,115782,Y2,,,0,14.988,clean
21,28,3,1.82,1,2.58,905156,Y4,,,0,14.586,clean
21,29,3,1.57,1,2.32,409037,Y2,,,0,14.395,clean
21,30,3,1.86,1,2.50,182569,Y4,,,0,14.206,clean
21,31,3,1.61,1,2.38,224859,Y4,,,0,13.912,clean
21,32,3,1.37,1,2.36,857145,Y4,,,0,13.671,clean
21,33,3,1.84,1,2.28,1055539,Y4,,,0,13.558,clean
21,34,3,1.57,1,2.45,705063,Y2,,,0,13.513,clean
21,35,3,1.65,1,2.52,824779,Y2,,,0,13.586,clean
21,36,3,1.65,1,2.58,734031,Y2,,,0,13.671,clean
21,37,3,1.68,1,2.62,1433820,Y4,,,0,13.626,clean
21,38,3,1.79,1,2.37,139296,Y4,,,0,13.543,clean
21,39,3,1.93,1,2.28,194013,Y2,,,0,13.458,clean
21,40,3,1.79,1,2.29,1399130,Y2,,,0,13.431,clean
21,41,3,1.99,1,2.38,717223,Y4,,,0,13.427,clean
21,42,3,1.63,1,2.33,462681,Y4,,,0,13.418,clean
21,43,3,1.96,1,2.37,178367,Y2,,,0,13.328,clean
21,44,3,1.81,1,2.63,1077980,Y2,,,0,13.116,clean
21,45,3,1.99,1,2.59,461429,Y2,,,0,12.968,clean
21,46,3,1.85,1,2.56,1154065,Y4,,,0,12.781,clean
21,47,3,1.86,1,2.74,921071,Y2,,,0,12.546,clean
21,48,3,3.02,1,2.40,395536,Y4,0.24/noise-like,0.00/noise-like,0,12.163,hump-note
21,49,3,2.14,1,2.33,428796,Y2,,,0,11.781,clean
21,50,3,2.01,1,2.55,372827,Y4,,,0,11.465,clean
21,51,3,1.95,1,2.38,1417994,Y2,,,0,11.111,clean
21,52,3,2.03,1,2.34,307649,Y2,,,0,10.897,clean
21,53,3,2.34,1,2.35,1088619,Y2,,,0,10.684,clean
21,54,3,1.97,1,2.31,404835,Y4,,,0,10.317,clean
21,55,3,2.53,1,2.35,556380,Y2,0.00/noise-like,0.00/noise-like,0,9.844,hump-note
21,56,3,2.68,1,2.40,1089871,Y2,0.00/noise-like,0.00/noise-like,0,9.212,hump-note
21,57,3,3.23,1,2.28,1366317,Y2,0.24/noise-like,0.00/noise-like,0,8.532,hump-note
21,58,3,2.86,1,2.23,504792,Y4,0.00/noise-like,0.00/noise-like,0,7.936,hump-note
21,59,3,0,-1,0,0,-,,,0,7.275,QUARANTINE:dark-lane range=62 distinct=62
21,60,3,0,-1,0,0,-,,,0,6.438,QUARANTINE:dark-lane range=55 distinct=54
21,61,3,0,-1,0,0,-,,,0,5.580,QUARANTINE:dark-lane range=48 distinct=47
21,62,3,0,-1,0,0,-,,,0,4.695,QUARANTINE:dark-lane range=40 distinct=41
21,63,3,0,-1,0,0,-,,,0,3.943,QUARANTINE:dark-lane range=33 distinct=34
22,0,3,2.67,1,2.28,1316607,Y4,0.00/noise-like,0.00/noise-like,0,19.659,hump-note
22,1,3,1.31,933,2.37,90033,Y2,,,0,19.600,clean
22,2,3,1.44,1,2.41,942528,Y4,,,0,19.582,clean
22,3,3,1.49,1,2.38,223696,Y2,,,0,19.682,clean
22,4,3,1.51,1,2.40,214934,Y2,,,0,19.788,clean
22,5,3,1.42,1,2.53,1197249,Y2,,,0,19.557,clean
22,6,3,1.55,1,2.34,716239,Y2,,,0,19.310,clean
22,7,3,1.47,1,2.49,165850,Y4,,,0,19.075,clean
22,8,3,1.59,1,2.37,1300871,Y4,,,0,18.832,clean
22,9,3,1.39,753,2.23,552177,Y2,,,0,18.441,clean
22,10,3,1.59,1,2.20,195444,Y2,,,0,18.094,clean
22,11,3,1.37,123,2.44,335008,Y4,,,0,17.703,clean
22,12,3,1.59,1,2.55,783026,Y2,,,0,17.224,clean
22,13,3,1.51,1,2.39,434250,Y4,,,0,16.750,clean
22,14,3,1.37,1,2.32,85205,Y4,,,0,16.448,clean
22,15,3,1.66,1,2.41,805110,Y4,,,0,16.284,clean
22,16,3,1.48,1,2.54,755489,Y4,,,0,16.295,clean
22,17,3,1.71,1,2.62,114083,Y4,,,0,16.487,clean
22,18,3,1.55,734,2.64,1169711,Y4,,,0,17.748,clean
22,19,3,1.56,1,2.54,995368,Y2,,,0,16.432,clean
22,20,3,1.44,1,2.57,1037747,Y2,,,0,16.083,clean
22,21,3,1.45,1,2.53,349402,Y4,,,0,15.968,clean
22,22,3,1.56,1,2.41,763804,Y4,,,0,15.934,clean
22,23,3,1.56,1,2.35,818342,Y4,,,0,15.912,clean
22,24,3,1.51,1,2.35,377744,Y2,,,0,15.828,clean
22,25,3,1.87,1,2.27,12428,Y4,,,1,15.432,clean
22,26,3,1.80,1,2.63,376314,Y4,,,0,15.008,clean
22,27,3,1.88,1,2.40,656873,Y4,,,0,14.957,clean
22,28,3,1.54,1,2.56,1201183,Y4,,,0,14.603,clean
22,29,3,1.82,1,2.38,1063049,Y4,,,0,14.395,clean
22,30,3,1.64,1,2.45,519454,Y2,,,0,14.170,clean
22,31,3,1.55,1,2.58,1078248,Y4,,,0,13.871,clean
22,32,3,1.36,474,2.55,1433641,Y2,,,0,13.647,clean
22,33,3,1.79,1,2.28,597954,Y2,,,0,13.561,clean
22,34,3,1.88,1,2.42,1166850,Y2,,,0,13.507,clean
22,35,3,1.73,1,2.46,751287,Y4,,,0,13.585,clean
22,36,3,1.90,1,2.37,595003,Y2,,,0,13.672,clean
22,37,3,1.83,1,2.41,1087457,Y2,,,0,13.659,clean
22,38,3,1.87,1,2.45,813514,Y2,,,0,13.522,clean
22,39,3,2.05,1,2.41,420660,Y4,,,0,13.446,clean
22,40,3,1.73,1,2.52,947714,Y4,,,0,13.431,clean
22,41,3,1.86,1,2.30,316948,Y2,,,0,13.413,clean
22,42,3,1.76,1,2.31,1132697,Y2,,,0,13.394,clean
22,43,3,1.85,1,2.47,656247,Y4,,,0,13.318,clean
22,44,3,1.75,1,2.35,754952,Y4,,,0,13.138,clean
22,45,3,1.96,1,2.31,870913,Y4,,,0,12.956,clean
22,46,3,1.77,1,2.42,835866,Y2,,,0,12.785,clean
22,47,3,1.86,1,2.43,245422,Y4,,,0,12.513,clean
22,48,3,3.15,1,2.48,183016,Y4,0.24/noise-like,0.24/noise-like,0,12.173,hump-note
22,49,3,2.05,1,2.25,688076,Y2,,,0,11.759,clean
22,50,3,2.02,1,2.45,485927,Y2,,,0,11.430,clean
22,51,3,1.80,1,2.57,1391888,Y4,,,0,11.122,clean
22,52,3,2.19,1,2.22,273049,Y2,,,0,10.888,clean
22,53,3,1.96,1,2.38,1026034,Y2,,,0,10.673,clean
22,54,3,2.31,1,2.43,81360,Y2,,,0,10.319,clean
22,55,3,2.40,1,2.53,1125455,Y4,,,0,9.840,clean
22,56,3,3.02,1,2.42,15914,Y4,0.00/noise-like,0.00/noise-like,0,9.211,hump-note
22,57,3,2.71,1,2.28,894696,Y2,0.00/noise-like,0.00/noise-like,1,8.529,hump-note
22,58,3,3.20,1,2.78,560224,Y2,0.00/noise-like,0.00/noise-like,0,7.953,hump-note
22,59,3,0,-1,0,0,-,,,0,7.276,QUARANTINE:dark-lane range=61 distinct=62
22,60,3,0,-1,0,0,-,,,0,6.439,QUARANTINE:dark-lane range=55 distinct=54
22,61,3,0,-1,0,0,-,,,0,5.580,QUARANTINE:dark-lane range=46 distinct=47
22,62,3,0,-1,0,0,-,,,0,4.701,QUARANTINE:dark-lane range=43 distinct=43
22,63,3,0,-1,0,0,-,,,0,3.935,QUARANTINE:dark-lane range=33 distinct=34
23,0,3,2.75,1,2.28,662953,Y2,0.24/noise-like,0.24/noise-like,0,19.646,hump-note
23,1,3,1.41,110,2.53,241399,Y4,,,0,19.583,clean
23,2,3,1.45,1113,2.39,140637,Y4,,,0,19.581,clean
23,3,3,1.48,1,2.29,756204,Y2,,,0,19.675,clean
23,4,3,1.33,1107,2.38,808686,Y2,,,0,19.804,clean
23,5,3,1.42,1,2.31,1141280,Y4,,,0,19.552,clean
23,6,3,1.52,1478,2.43,828266,Y2,,,0,19.304,clean
23,7,3,1.48,1,2.54,9835,Y2,,,0,19.097,clean
23,8,3,1.69,1,2.31,1189649,Y2,,,0,18.792,clean
23,9,3,1.51,1,2.45,1169086,Y2,,,0,18.441,clean
23,10,3,1.34,1,2.35,903279,Y2,,,0,18.091,clean
23,11,3,1.42,1,2.40,112116,Y4,,,0,17.722,clean
23,12,3,1.64,1,2.43,1167923,Y2,,,0,17.248,clean
23,13,3,1.45,1,2.34,9835,Y2,,,0,16.748,clean
23,14,3,1.42,1,2.61,321418,Y2,,,0,16.465,clean
23,15,3,1.63,1,2.64,338674,Y4,,,0,16.286,clean
23,16,3,1.39,472,2.26,1330733,Y4,,,0,16.315,clean
23,17,3,1.56,1,2.45,1108468,Y4,,,0,16.478,clean
23,18,3,1.57,764,2.29,1345754,Y4,,,0,17.767,clean
23,19,3,1.77,1,2.51,734389,Y4,,,0,16.422,clean
23,20,3,1.60,1,2.51,280738,Y2,,,0,16.080,clean
23,21,3,1.66,1,2.42,503093,Y4,,,0,15.955,clean
23,22,3,1.72,1,2.57,503719,Y4,,,0,15.950,clean
23,23,3,1.38,1276,2.53,9030,Y2,,,0,15.922,clean
23,24,3,1.37,327,2.37,164151,Y2,,,0,15.837,clean
23,25,3,1.41,1,2.67,405461,Y2,,,0,15.455,clean
23,26,3,1.43,1,2.45,1294881,Y4,,,0,15.031,clean
23,27,3,1.90,1,2.33,188202,Y2,,,0,14.979,clean
23,28,3,1.64,1,2.37,1410395,Y2,,,0,14.605,clean
23,29,3,1.65,1,2.31,10014,Y2,,,0,14.403,clean
23,30,3,1.68,1,2.30,13590,Y2,,,0,14.146,clean
23,31,3,1.66,1,2.57,290930,Y4,,,0,13.893,clean
23,32,3,1.35,1339,2.43,909895,Y4,,,0,13.651,clean
23,33,3,2.02,1,2.48,1236856,Y2,,,0,13.546,clean
23,34,3,1.60,1,2.29,848472,Y2,,,0,13.545,clean
23,35,3,1.86,1,2.31,85294,Y2,,,0,13.583,clean
23,36,3,1.58,1,2.35,1236677,Y4,,,0,13.684,clean
23,37,3,1.80,1,2.47,1097381,Y2,,,0,13.661,clean
23,38,3,2.01,1,2.56,87976,Y4,,,0,13.503,clean
23,39,3,1.65,1,2.58,1235604,Y4,,,0,13.468,clean
23,40,3,1.66,1,2.37,604033,Y4,,,0,13.428,clean
23,41,3,1.85,1,2.30,294954,Y2,,,0,13.404,clean
23,42,3,1.56,1,2.46,216186,Y4,,,0,13.415,clean
23,43,3,1.73,1,2.29,1399845,Y4,,,0,13.339,clean
23,44,3,1.51,1,2.34,1080573,Y2,,,0,13.097,clean
23,45,3,1.78,1,2.56,631213,Y4,,,0,12.963,clean
23,46,3,2.06,1,2.41,294417,Y2,,,0,12.776,clean
23,47,3,2.08,1,2.29,713646,Y2,,,0,12.514,clean
23,48,3,3.45,1,2.34,552446,Y4,0.24/noise-like,0.00/noise-like,0,12.173,hump-note
23,49,3,2.09,1,2.40,527769,Y4,,,0,11.765,clean
23,50,3,2.28,1,2.35,570506,Y2,,,0,11.441,clean
23,51,3,2.06,1,2.47,1464844,Y2,,,0,11.124,clean
23,52,3,2.29,1,2.63,813782,Y2,,,0,10.888,clean
23,53,3,2.27,1,2.47,762194,Y4,,,1,10.683,clean
23,54,3,2.26,1,2.33,686556,Y2,,,0,10.328,clean
23,55,3,2.25,1,2.29,1039267,Y4,,,0,9.836,clean
23,56,3,2.30,1,2.40,774264,Y4,,,0,9.212,clean
23,57,3,2.81,1,2.42,554323,Y4,0.00/noise-like,0.24/noise-like,0,8.514,hump-note
23,58,3,3.06,1,2.48,405014,Y2,0.00/noise-like,0.00/noise-like,0,7.947,hump-note
23,59,3,0,-1,0,0,-,,,0,7.287,QUARANTINE:dark-lane range=62 distinct=62
23,60,3,0,-1,0,0,-,,,0,6.422,QUARANTINE:dark-lane range=57 distinct=56
23,61,3,0,-1,0,0,-,,,0,5.573,QUARANTINE:dark-lane range=50 distinct=50
23,62,3,0,-1,0,0,-,,,0,4.697,QUARANTINE:dark-lane range=40 distinct=41
23,63,3,0,-1,0,0,-,,,0,3.938,QUARANTINE:dark-lane range=39 distinct=35
24,0,3,2.81,1,2.77,745475,Y2,0.24/noise-like,0.00/noise-like,0,19.630,hump-note
24,1,3,1.35,187,2.39,354499,Y2,,,0,19.591,clean
24,2,3,1.55,1,2.50,617981,Y4,,,0,19.593,clean
24,3,3,1.35,727,2.37,1196086,Y2,,,0,19.682,clean
24,4,3,1.38,162,2.50,58293,Y4,,,0,19.770,clean
24,5,3,1.35,1246,2.19,633180,Y2,,,0,19.559,clean
24,6,3,1.56,1,2.53,617176,Y4,,,0,19.295,clean
24,7,3,1.36,1469,2.62,1074225,Y2,,,0,19.098,clean
24,8,3,1.37,1094,2.47,1192957,Y2,,,0,18.759,clean
24,9,3,1.44,1,3.07,1464844,Y2,0.00/noise-like,0.24/noise-like,0,18.461,FAM-HIT
24,10,3,1.41,1,2.37,132948,Y2,,,0,18.090,clean
24,11,3,1.46,1,2.55,184447,Y2,,,0,17.702,clean
24,12,3,1.55,1,2.48,220835,Y2,,,0,17.227,clean
24,13,3,1.39,1358,2.28,1179188,Y2,,,0,16.770,clean
24,14,3,1.52,1,2.32,768632,Y2,,,0,16.457,clean
24,15,3,1.48,1,2.70,56058,Y4,,,0,16.295,clean
24,16,3,1.38,1,2.41,192225,Y2,,,0,16.322,clean
24,17,3,1.52,1,2.33,402242,Y4,,,0,16.490,clean
24,18,3,1.58,746,2.43,542521,Y4,,,0,17.759,clean
24,19,3,1.43,1,2.38,1103550,Y4,,,0,16.435,clean
24,20,3,1.42,1,2.36,1365334,Y4,,,0,16.093,clean
24,21,3,1.38,1133,2.25,1454115,Y4,,,0,15.936,clean
24,22,3,1.72,1,2.46,1327336,Y4,,,0,15.941,clean
24,23,3,1.77,1,2.42,272602,Y4,,,0,15.931,clean
24,24,3,1.44,1,2.57,1154959,Y2,,,0,15.831,clean
24,25,3,1.45,1,2.46,308633,Y2,,,0,15.460,clean
24,26,3,1.59,1,2.64,177562,Y2,,,0,15.011,clean
24,27,3,1.89,1,2.56,481725,Y4,,,0,14.976,clean
24,28,3,1.78,1,2.40,1444638,Y4,,,0,14.584,clean
24,29,3,1.68,1,2.36,340462,Y4,,,0,14.373,clean
24,30,3,1.65,1,2.33,81271,Y4,,,0,14.159,clean
24,31,3,1.54,1,2.63,268668,Y4,,,0,13.904,clean
24,32,3,1.40,201,2.28,1386881,Y4,,,0,13.648,clean
24,33,3,1.49,1,2.33,605375,Y2,,,0,13.544,clean
24,34,3,1.72,1,2.54,294328,Y2,,,0,13.504,clean
24,35,3,1.79,1,2.52,756472,Y4,,,0,13.557,clean
24,36,3,1.66,1,2.67,44078,Y4,,,0,13.694,clean
24,37,3,1.72,1,2.52,627995,Y4,,,0,13.659,clean
24,38,3,2.07,1,2.37,132054,Y2,,,0,13.524,clean
24,39,3,1.94,1,2.27,898182,Y2,,,0,13.465,clean
24,40,3,1.68,1,2.36,221998,Y2,,,0,13.436,clean
24,41,3,1.65,1,2.24,1032650,Y2,,,0,13.420,clean
24,42,3,1.77,1,2.36,1341,Y4,,,0,13.384,clean
24,43,3,1.80,1,2.29,1336724,Y2,,,0,13.309,clean
24,44,3,1.73,1,2.58,735104,Y4,,,0,13.142,clean
24,45,3,1.98,1,2.40,1431227,Y2,,,0,12.944,clean
24,46,3,1.72,1,2.54,1158357,Y2,,,0,12.772,clean
24,47,3,1.97,1,2.46,602514,Y2,,,0,12.532,clean
24,48,3,3.05,1,2.42,1222908,Y2,0.00/noise-like,0.24/noise-like,0,12.162,hump-note
24,49,3,1.92,1,2.37,692457,Y4,,,0,11.751,clean
24,50,3,2.19,1,2.44,777751,Y2,,,0,11.444,clean
24,51,3,2.05,1,2.56,1220316,Y2,,,0,11.136,clean
24,52,3,2.29,1,2.47,15557,Y2,,,0,10.901,clean
24,53,3,2.35,1,2.41,858128,Y2,,,0,10.646,clean
24,54,3,2.57,1,2.51,193655,Y2,0.24/noise-like,0.00/noise-like,0,10.331,hump-note
24,55,3,2.52,1,2.62,25302,Y2,0.24/noise-like,0.24/noise-like,0,9.845,hump-note
24,56,3,2.42,1,2.27,796437,Y2,,,0,9.214,clean
24,57,3,2.97,1,2.34,1305431,Y4,0.00/noise-like,0.00/noise-like,0,8.525,hump-note
24,58,3,3.05,1,2.31,321239,Y4,0.00/noise-like,0.00/noise-like,0,7.945,hump-note
24,59,3,0,-1,0,0,-,,,0,7.271,QUARANTINE:dark-lane range=62 distinct=62
24,60,3,0,-1,0,0,-,,,0,6.439,QUARANTINE:dark-lane range=57 distinct=56
24,61,3,0,-1,0,0,-,,,0,5.585,QUARANTINE:dark-lane range=49 distinct=48
24,62,3,0,-1,0,0,-,,,0,4.699,QUARANTINE:dark-lane range=43 distinct=43
24,63,3,0,-1,0,0,-,,,0,3.932,QUARANTINE:dark-lane range=33 distinct=34
25,0,3,3.07,1,2.68,1193583,Y4,0.00/noise-like,0.00/noise-like,0,19.631,hump-note
25,1,3,1.49,1,2.42,731528,Y4,,,0,19.554,clean
25,2,3,1.58,1,2.57,707656,Y2,,,0,19.586,clean
25,3,3,1.30,235,2.43,825942,Y2,,,0,19.665,clean
25,4,3,1.32,557,2.36,968099,Y2,,,0,19.794,clean
25,5,3,1.34,241,2.48,170857,Y2,,,0,19.586,clean
25,6,3,1.41,1478,2.41,1380801,Y2,,,0,19.317,clean
25,7,3,1.35,1467,2.54,717223,Y4,,,0,19.109,clean
25,8,3,1.48,1,2.36,813872,Y2,,,0,18.806,clean
25,9,3,1.37,1060,2.86,804663,Y2,,,0,18.446,clean
25,10,3,1.50,1,2.50,10997,Y2,,,0,18.119,clean
25,11,3,1.41,309,2.45,228167,Y2,,,0,17.688,clean
25,12,3,1.54,1,2.30,1452059,Y2,,,0,17.181,clean
25,13,3,1.62,1,2.47,539392,Y2,,,0,16.778,clean
25,14,3,1.60,1,2.24,719458,Y2,,,0,16.452,clean
25,15,3,1.63,1,2.28,1121879,Y4,,,0,16.273,clean
25,16,3,1.50,1,2.63,459373,Y4,,,0,16.305,clean
25,17,3,1.49,1,2.54,209838,Y2,,,0,16.508,clean
25,18,3,1.59,678,2.58,1134485,Y4,,,0,17.750,clean
25,19,3,1.58,1,2.37,1287371,Y4,,,0,16.424,clean
25,20,3,1.61,1,2.38,916600,Y2,,,0,16.105,clean
25,21,3,1.40,1,2.37,1165777,Y4,,,0,15.937,clean
25,22,3,1.64,1,2.36,588834,Y2,,,0,15.937,clean
25,23,3,1.64,1,2.48,33975,Y4,,,0,15.922,clean
25,24,3,1.47,1,2.52,1030773,Y4,,,0,15.812,clean
25,25,3,1.74,1,2.45,1195461,Y4,,,1,15.458,clean
25,26,3,1.70,1,2.74,865549,Y4,,,0,15.017,clean
25,27,3,1.62,614,2.43,48995,Y2,,,0,14.980,clean
25,28,3,1.52,1,2.31,636935,Y2,,,0,14.605,clean
25,29,3,1.63,1,2.53,177562,Y4,,,0,14.403,clean
25,30,3,1.71,1,2.42,626653,Y2,,,0,14.130,clean
25,31,3,1.63,1,2.37,466704,Y4,,,0,13.879,clean
25,32,3,1.46,345,2.27,464827,Y2,,,0,13.651,clean
25,33,3,1.73,1,2.36,1154155,Y2,,,0,13.556,clean
25,34,3,1.79,1,2.45,1220673,Y2,,,0,13.515,clean
25,35,3,1.49,1,2.65,137508,Y2,,,0,13.567,clean
25,36,3,1.89,1,2.43,1280487,Y4,,,0,13.671,clean
25,37,3,1.65,1,2.69,106305,Y4,,,0,13.659,clean
25,38,3,1.88,1,2.41,1351118,Y2,,,0,13.526,clean
25,39,3,2.08,1,2.28,1154333,Y4,,,0,13.452,clean
25,40,3,1.88,1,2.43,970423,Y4,,,0,13.430,clean
25,41,3,1.82,1,2.33,1243740,Y2,,,0,13.402,clean
25,42,3,1.82,1,2.52,231475,Y2,,,0,13.416,clean
25,43,3,1.73,1,2.64,816286,Y2,,,0,13.317,clean
25,44,3,1.65,1,2.28,439614,Y2,,,0,13.118,clean
25,45,3,1.96,1,2.32,1035333,Y2,,,0,12.958,clean
25,46,3,1.90,1,2.57,1113921,Y4,,,0,12.782,clean
25,47,3,1.87,1,2.35,1125187,Y2,,,0,12.514,clean
25,48,3,3.37,1,2.37,449896,Y4,0.00/noise-like,0.00/noise-like,0,12.173,hump-note
25,49,3,1.88,1,2.31,741810,Y4,,,0,11.775,clean
25,50,3,2.37,1,2.31,629246,Y4,,,0,11.433,clean
25,51,3,2.17,1,2.50,367999,Y4,,,0,11.127,clean
25,52,3,2.44,1,2.32,497639,Y4,,,0,10.874,clean
25,53,3,2.40,1,2.38,177830,Y2,,,0,10.667,clean
25,54,3,2.63,1,2.31,336885,Y4,0.00/noise-like,0.24/noise-like,0,10.322,hump-note
25,55,3,2.50,1,2.34,1188666,Y2,,,0,9.858,clean
25,56,3,2.93,1,2.29,444800,Y2,0.24/noise-like,0.24/noise-like,0,9.209,hump-note
25,57,3,3.00,1,5.49,983,Y4,0.00/noise-like,0.24/noise-like,6,8.535,FAM-HIT
25,58,3,3.36,1,2.37,832826,Y4,0.00/noise-like,0.24/noise-like,0,7.932,hump-note
25,59,3,0,-1,0,0,-,,,0,7.275,QUARANTINE:dark-lane range=62 distinct=59
25,60,3,0,-1,0,0,-,,,0,6.415,QUARANTINE:dark-lane range=54 distinct=55
25,61,3,0,-1,0,0,-,,,0,5.584,QUARANTINE:dark-lane range=48 distinct=48
25,62,3,0,-1,0,0,-,,,0,4.698,QUARANTINE:dark-lane range=40 distinct=40
25,63,3,0,-1,0,0,-,,,0,3.932,QUARANTINE:dark-lane range=35 distinct=35
26,0,3,3.24,1,2.61,869751,Y2,0.24/noise-like,0.00/noise-like,0,19.639,hump-note
26,1,3,1.34,1,2.49,403583,Y4,,,0,19.579,clean
26,2,3,1.41,1,2.60,613779,Y4,,,0,19.571,clean
26,3,3,1.48,1,2.45,761926,Y4,,,0,19.670,clean
26,4,3,1.72,1,2.48,568450,Y2,,,0,19.804,clean
26,5,3,1.47,1,2.39,1106143,Y4,,,0,19.600,clean
26,6,3,1.58,1,2.34,381142,Y4,,,0,19.297,clean
26,7,3,1.34,850,2.34,197053,Y2,,,0,19.098,clean
26,8,3,1.37,275,2.48,137329,Y2,,,0,18.809,clean
26,9,3,1.49,1,2.50,700504,Y2,,,0,18.439,clean
26,10,3,1.60,1,2.18,221729,Y2,,,0,18.092,clean
26,11,3,1.35,1,2.37,745922,Y2,,,0,17.706,clean
26,12,3,1.63,1,2.65,121862,Y2,,,0,17.208,clean
26,13,3,1.54,1,2.69,1355767,Y2,,,0,16.768,clean
26,14,3,1.41,1236,2.43,536084,Y2,,,0,16.453,clean
26,15,3,1.58,1,2.65,100940,Y2,,,0,16.278,clean
26,16,3,1.53,1,2.49,1046777,Y4,,,0,16.316,clean
26,17,3,1.43,917,2.46,285745,Y2,,,0,16.471,clean
26,18,3,1.57,848,2.70,928581,Y4,,,0,17.763,clean
26,19,3,1.57,1,2.30,797957,Y4,,,0,16.440,clean
26,20,3,1.58,1,2.34,43988,Y4,,,0,16.131,clean
26,21,3,1.37,552,2.35,898987,Y2,,,0,15.953,clean
26,22,3,1.35,1206,2.54,1355588,Y2,,,0,15.945,clean
26,23,3,1.49,1,2.47,444531,Y4,,,0,15.927,clean
26,24,3,1.55,1,2.52,1314372,Y2,,,0,15.837,clean
26,25,3,1.59,1,2.55,853300,Y2,,,0,15.443,clean
26,26,3,1.49,1,2.36,842750,Y2,,,0,15.029,clean
26,27,3,1.65,1,2.50,553697,Y2,,,0,14.973,clean
26,28,3,1.53,1,2.44,194997,Y4,,,0,14.591,clean
26,29,3,1.59,1,2.36,50783,Y4,,,0,14.388,clean
26,30,3,1.81,1,2.42,344843,Y2,,,0,14.141,clean
26,31,3,1.50,1,2.55,1339406,Y2,,,0,13.900,clean
26,32,3,1.35,1508,2.69,344932,Y2,,,0,13.644,clean
26,33,3,1.77,1,2.33,925809,Y2,,,0,13.547,clean
26,34,3,1.72,1,2.40,528574,Y2,,,0,13.540,clean
26,35,3,2.09,1,2.50,546187,Y4,,,0,13.588,clean
26,36,3,1.79,1,2.51,1381338,Y4,,,0,13.669,clean
26,37,3,1.94,1,2.41,1187950,Y2,,,0,13.629,clean
26,38,3,1.98,1,2.36,1380086,Y2,,,0,13.539,clean
26,39,3,1.92,1,2.41,1459569,Y2,,,0,13.460,clean
26,40,3,1.76,1,2.34,828713,Y2,,,0,13.431,clean
26,41,3,1.68,1,2.29,20564,Y2,,,0,13.430,clean
26,42,3,1.73,1,2.53,1368642,Y4,,,0,13.414,clean
26,43,3,1.67,1,2.44,1301318,Y2,,,0,13.287,clean
26,44,3,1.79,1,2.31,364333,Y4,,,0,13.115,clean
26,45,3,2.05,1,2.35,1024693,Y2,,,0,12.956,clean
26,46,3,1.82,1,2.29,976324,Y2,,,0,12.790,clean
26,47,3,1.83,1,2.54,307649,Y4,,,0,12.524,clean
26,48,3,3.55,1,2.29,995547,Y4,0.00/noise-like,0.00/noise-like,0,12.169,hump-note
26,49,3,2.32,1,2.29,673860,Y2,,,0,11.757,clean
26,50,3,2.00,1,2.28,1406819,Y4,,,0,11.460,clean
26,51,3,2.28,1,2.41,1199126,Y2,,,0,11.130,clean
26,52,3,2.05,1,2.40,1104444,Y4,,,0,10.876,clean
26,53,3,2.02,1,2.37,259280,Y2,,,0,10.674,clean
26,54,3,2.59,1,2.30,153512,Y2,0.24/noise-like,0.24/noise-like,0,10.334,hump-note
26,55,3,2.39,1,2.56,225574,Y4,,,0,9.838,clean
26,56,3,2.07,1,2.59,1380891,Y4,,,0,9.204,clean
26,57,3,2.77,1,2.27,838995,Y4,0.00/noise-like,0.00/noise-like,2,8.522,hump-note
26,58,3,3.00,1,2.31,632644,Y4,0.00/noise-like,0.00/noise-like,0,7.931,hump-note
26,59,3,0,-1,0,0,-,,,0,7.262,QUARANTINE:dark-lane range=62 distinct=62
26,60,3,0,-1,0,0,-,,,0,6.446,QUARANTINE:dark-lane range=61 distinct=56
26,61,3,0,-1,0,0,-,,,0,5.582,QUARANTINE:dark-lane range=49 distinct=50
26,62,3,0,-1,0,0,-,,,0,4.693,QUARANTINE:dark-lane range=39 distinct=40
26,63,3,0,-1,0,0,-,,,0,3.945,QUARANTINE:dark-lane range=33 distinct=34
27,0,3,2.96,1,2.47,139475,Y2,0.00/noise-like,0.24/noise-like,0,19.645,hump-note
27,1,3,1.48,1,2.27,353783,Y4,,,0,19.577,clean
27,2,3,1.35,1193,2.60,107825,Y2,,,0,19.581,clean
27,3,3,1.37,1439,2.31,857949,Y4,,,0,19.663,clean
27,4,3,1.37,1,2.40,981420,Y4,,,0,19.796,clean
27,5,3,1.46,1,2.47,184089,Y4,,,0,19.599,clean
27,6,3,1.60,1,2.38,54181,Y2,,,0,19.281,clean
27,7,3,1.40,1,2.20,405818,Y4,,,0,19.110,clean
27,8,3,1.53,1,2.45,273138,Y4,,,0,18.799,clean
27,9,3,1.41,1,2.27,1062334,Y4,,,0,18.456,clean
27,10,3,1.44,1,2.43,645071,Y2,,,0,18.108,clean
27,11,3,1.36,1249,2.72,1170069,Y2,,,0,17.677,clean
27,12,3,1.61,1,2.44,1066178,Y2,,,0,17.233,clean
27,13,3,1.53,1,2.31,1168996,Y2,,,0,16.750,clean
27,14,3,1.39,1,2.31,1144677,Y4,,,0,16.451,clean
27,15,3,1.78,1,2.35,109166,Y4,,,0,16.262,clean
27,16,3,1.49,1,2.26,893533,Y2,,,0,16.307,clean
27,17,3,1.48,1,2.43,1281470,Y2,,,0,16.482,clean
27,18,3,1.51,782,2.41,75102,Y2,,,0,17.728,clean
27,19,3,1.55,1,2.45,392497,Y4,,,0,16.420,clean
27,20,3,1.37,793,2.56,2772,Y4,,,0,16.096,clean
27,21,3,1.58,1,2.39,988394,Y4,,,0,15.953,clean
27,22,3,1.40,1,2.33,757813,Y4,,,0,15.945,clean
27,23,3,1.58,1,2.36,897110,Y2,,,0,15.910,clean
27,24,3,1.58,1,2.40,855714,Y4,,,0,15.825,clean
27,25,3,1.34,1284,2.43,579983,Y4,,,0,15.434,clean
27,26,3,1.64,1,2.41,522047,Y4,,,0,15.009,clean
27,27,3,1.62,627,2.35,1403689,Y2,,,0,14.979,clean
27,28,3,1.67,1,2.43,223607,Y4,,,0,14.588,clean
27,29,3,1.91,1,2.40,249624,Y4,,,0,14.422,clean
27,30,3,1.78,1,2.37,672519,Y2,,,0,14.169,clean
27,31,3,1.71,1,2.85,627279,Y2,,,0,13.906,clean
27,32,3,1.35,597,2.34,580251,Y2,,,0,13.633,clean
27,33,3,1.80,1,2.60,467420,Y2,,,0,13.539,clean
27,34,3,1.77,1,2.48,939757,Y2,,,0,13.519,clean
27,35,3,1.59,1,2.46,1241595,Y2,,,0,13.576,clean
27,36,3,1.61,1,2.33,475734,Y4,,,0,13.693,clean
27,37,3,1.84,1,2.39,714719,Y4,,,0,13.647,clean
27,38,3,1.86,1,2.62,1059741,Y2,,,0,13.533,clean
27,39,3,1.91,1,2.49,1351744,Y2,,,0,13.478,clean
27,40,3,1.63,1,2.67,581235,Y4,,,0,13.425,clean
27,41,3,1.36,1,2.55,736266,Y2,,,0,13.414,clean
27,42,3,1.88,1,2.48,354946,Y2,,,0,13.390,clean
27,43,3,1.99,1,2.51,598133,Y4,,,0,13.323,clean
27,44,3,1.82,1,2.48,203043,Y2,,,0,13.123,clean
27,45,3,1.94,1,2.55,22799,Y4,,,0,12.953,clean
27,46,3,1.75,1,2.56,849187,Y4,,,0,12.792,clean
27,47,3,1.76,1,2.42,403583,Y4,,,0,12.519,clean
27,48,3,3.06,1,2.49,623614,Y2,0.00/noise-like,0.24/noise-like,0,12.166,hump-note
27,49,3,1.99,1,2.57,1076281,Y2,,,0,11.766,clean
27,50,3,1.83,1,2.73,1007080,Y2,,,0,11.444,clean
27,51,3,2.21,1,2.34,1425862,Y2,,,0,11.121,clean
27,52,3,2.07,1,2.42,443280,Y4,,,0,10.878,clean
27,53,3,2.28,1,2.51,433087,Y4,,,0,10.677,clean
27,54,3,2.09,1,2.96,400901,Y2,,,0,10.330,clean
27,55,3,2.34,1,2.46,819147,Y4,,,0,9.839,clean
27,56,3,2.80,1,2.44,590175,Y2,0.00/noise-like,0.00/noise-like,0,9.213,hump-note
27,57,3,3.17,1,2.45,1462877,Y2,0.00/noise-like,0.00/noise-like,0,8.524,hump-note
27,58,3,2.84,1,2.31,48280,Y2,0.00/noise-like,0.00/noise-like,0,7.934,hump-note
27,59,3,0,-1,0,0,-,,,0,7.279,QUARANTINE:dark-lane range=66 distinct=63
27,60,3,0,-1,0,0,-,,,0,6.447,QUARANTINE:dark-lane range=51 distinct=52
27,61,3,0,-1,0,0,-,,,0,5.588,QUARANTINE:dark-lane range=47 distinct=47
27,62,3,0,-1,0,0,-,,,0,4.702,QUARANTINE:dark-lane range=41 distinct=41
27,63,3,0,-1,0,0,-,,,0,3.933,QUARANTINE:dark-lane range=34 distinct=34
28,0,3,3.82,1,2.63,690132,Y2,0.24/noise-like,0.00/noise-like,0,19.644,hump-note
28,1,3,1.63,1,2.26,146717,Y2,,,0,19.572,clean
28,2,3,1.35,1,2.29,404656,Y4,,,0,19.585,clean
28,3,3,1.43,1,2.70,1436859,Y4,,,0,19.669,clean
28,4,3,1.37,356,2.44,287265,Y2,,,0,19.797,clean
28,5,3,1.38,864,2.43,1424789,Y4,,,0,19.584,clean
28,6,3,1.44,1,2.54,19938,Y4,,,0,19.321,clean
28,7,3,1.41,1,2.34,65982,Y2,,,0,19.092,clean
28,8,3,1.35,1301,2.26,426471,Y2,,,0,18.818,clean
28,9,3,1.33,217,2.41,158787,Y2,,,0,18.473,clean
28,10,3,1.40,1,2.37,1443923,Y4,,,0,18.080,clean
28,11,3,1.41,1,2.47,387311,Y4,,,0,17.705,clean
28,12,3,1.43,1,2.23,1120269,Y4,,,0,17.213,clean
28,13,3,1.34,1,2.41,362992,Y2,,,0,16.743,clean
28,14,3,1.38,1452,2.49,443727,Y2,,,0,16.448,clean
28,15,3,1.48,1,2.40,520527,Y4,,,0,16.268,clean
28,16,3,1.41,566,2.49,1125187,Y2,,,0,16.315,clean
28,17,3,1.46,1,2.50,292897,Y4,,,0,16.486,clean
28,18,3,1.55,744,2.33,1313478,Y2,,,0,17.746,clean
28,19,3,1.55,1,2.28,814497,Y4,,,0,16.440,clean
28,20,3,1.58,1,2.48,1433462,Y2,,,0,16.106,clean
28,21,3,1.47,1,2.26,372469,Y4,,,0,15.966,clean
28,22,3,1.47,1,2.24,488430,Y4,,,0,15.965,clean
28,23,3,1.35,1,2.45,135630,Y4,,,0,15.893,clean
28,24,3,1.47,1,2.43,10729,Y2,,,0,15.855,clean
28,25,3,1.66,1,2.54,1299351,Y2,,,0,15.456,clean
28,26,3,1.75,1,2.37,210911,Y2,,,0,15.024,clean
28,27,3,1.81,1,2.54,274032,Y2,,,0,14.993,clean
28,28,3,1.67,1,2.51,822365,Y4,,,0,14.584,clean
28,29,3,1.51,1,2.38,1156926,Y4,,,0,14.386,clean
28,30,3,1.65,1,2.51,400007,Y2,,,0,14.161,clean
28,31,3,1.68,1,2.40,418246,Y4,,,0,13.900,clean
28,32,3,1.44,1,2.28,1301765,Y4,,,0,13.616,clean
28,33,3,1.67,1,2.28,145644,Y4,,,0,13.534,clean
28,34,3,1.75,1,2.42,479758,Y4,,,0,13.525,clean
28,35,3,1.73,1,2.37,1048207,Y2,,,0,13.606,clean
28,36,3,1.41,1,2.47,1170069,Y2,,,0,13.692,clean
28,37,3,1.74,1,2.29,77695,Y4,,,0,13.644,clean
28,38,3,1.86,1,2.33,670195,Y4,,,0,13.540,clean
28,39,3,1.66,1,2.50,1314461,Y2,,,0,13.446,clean
28,40,3,1.67,1,2.38,894248,Y2,,,0,13.416,clean
28,41,3,1.98,1,2.35,878155,Y2,,,0,13.406,clean
28,42,3,1.54,1,2.46,1281470,Y4,,,0,13.407,clean
28,43,3,1.72,1,2.45,1389027,Y4,,,0,13.331,clean
28,44,3,1.50,1,2.26,1111239,Y4,,,0,13.129,clean
28,45,3,1.73,1,2.44,19580,Y2,,,0,12.951,clean
28,46,3,1.69,1,2.41,844002,Y2,,,0,12.767,clean
28,47,3,2.09,1,2.36,865191,Y4,,,0,12.538,clean
28,48,3,3.35,1,2.77,123471,Y4,0.00/noise-like,0.00/noise-like,0,12.155,hump-note
28,49,3,1.97,1,2.56,1378924,Y2,,,0,11.773,clean
28,50,3,2.29,1,2.63,731260,Y4,,,0,11.421,clean
28,51,3,1.98,1,2.38,367194,Y4,,,0,11.117,clean
28,52,3,2.24,1,2.39,366032,Y2,,,0,10.912,clean
28,53,3,2.27,1,2.35,815481,Y2,,,0,10.676,clean
28,54,3,2.43,1,2.36,1456082,Y4,,,0,10.324,clean
28,55,3,2.71,1,2.42,846058,Y2,0.24/noise-like,0.00/noise-like,0,9.843,hump-note
28,56,3,2.19,1,2.90,176579,Y2,,,0,9.236,clean
28,57,3,2.93,1,2.51,1037121,Y2,0.24/noise-like,0.24/noise-like,0,8.517,hump-note
28,58,3,3.52,1,2.42,287622,Y4,0.24/noise-like,0.24/noise-like,0,7.938,hump-note
28,59,3,0,-1,0,0,-,,,0,7.282,QUARANTINE:dark-lane range=61 distinct=60
28,60,3,0,-1,0,0,-,,,0,6.447,QUARANTINE:dark-lane range=57 distinct=57
28,61,3,0,-1,0,0,-,,,0,5.583,QUARANTINE:dark-lane range=49 distinct=49
28,62,3,0,-1,0,0,-,,,0,4.694,QUARANTINE:dark-lane range=42 distinct=41
28,63,3,0,-1,0,0,-,,,0,3.938,QUARANTINE:dark-lane range=33 distinct=34
29,0,3,3.61,1,2.59,1092017,Y4,0.00/noise-like,0.00/noise-like,0,19.690,hump-note
29,1,3,1.35,1,2.52,215560,Y2,,,0,19.640,clean
29,2,3,1.45,391,2.47,1177937,Y4,,,0,19.595,clean
29,3,3,1.41,465,2.32,1452148,Y2,,,0,19.693,clean
29,4,3,1.41,724,2.42,910878,Y4,,,0,19.856,clean
29,5,3,1.38,682,2.45,565767,Y2,,,0,19.586,clean
29,6,3,1.58,1,2.28,456959,Y2,,,0,19.294,clean
29,7,3,1.46,1,2.29,1257509,Y2,,,0,19.125,clean
29,8,3,1.51,1,2.60,1421481,Y2,,,0,18.792,clean
29,9,3,1.39,151,2.34,437289,Y4,,,0,18.460,clean
29,10,3,1.46,1,2.36,1464844,Y2,,,0,18.080,clean
29,11,3,1.43,1,2.37,709891,Y4,,,0,17.683,clean
29,12,3,1.35,989,2.44,428438,Y4,,,0,17.226,clean
29,13,3,1.52,1,2.38,1136720,Y2,,,0,16.759,clean
29,14,3,1.62,1,2.31,456780,Y4,,,0,16.450,clean
29,15,3,1.49,1,2.84,1100332,Y2,,,0,16.294,clean
29,16,3,1.37,1,2.53,47386,Y2,,,0,16.342,clean
29,17,3,1.34,1,2.34,238001,Y2,,,0,16.479,clean
29,18,3,1.59,1,2.38,77605,Y4,,,0,17.739,clean
29,19,3,1.47,1,2.44,399917,Y4,,,0,16.395,clean
29,20,3,1.63,1,2.21,43005,Y4,,,0,16.124,clean
29,21,3,1.44,244,2.34,1462430,Y4,,,0,15.997,clean
29,22,3,1.49,1,2.46,1316696,Y2,,,0,15.957,clean
29,23,3,1.56,1,2.40,634700,Y2,,,0,15.914,clean
29,24,3,1.93,1,2.52,134915,Y4,,,0,15.838,clean
29,25,3,1.49,1,2.57,116140,Y2,,,0,15.432,clean
29,26,3,1.81,1,2.59,1150310,Y2,,,0,15.027,clean
29,27,3,1.64,1,2.57,588745,Y2,,,0,15.010,clean
29,28,3,1.56,1,2.51,56684,Y2,,,0,14.621,clean
29,29,3,1.53,1,2.41,461429,Y4,,,0,14.414,clean
29,30,3,1.84,1,2.33,1229525,Y2,,,0,14.133,clean
29,31,3,2.08,1,2.41,637919,Y4,,,0,13.894,clean
29,32,3,1.39,1,2.65,71794,Y2,,,0,13.652,clean
29,33,3,1.81,1,2.32,1386076,Y2,,,0,13.545,clean
29,34,3,1.60,1,2.48,350654,Y2,,,0,13.507,clean
29,35,3,1.98,1,2.28,63390,Y4,,,0,13.590,clean
29,36,3,1.82,1,2.29,984550,Y4,,,0,13.696,clean
29,37,3,1.74,1,2.53,295222,Y4,,,0,13.649,clean
29,38,3,1.87,1,2.54,1049727,Y4,,,0,13.504,clean
29,39,3,1.79,1,2.30,358343,Y2,,,0,13.498,clean
29,40,3,1.85,1,2.56,1031309,Y4,,,0,13.440,clean
29,41,3,1.53,1,2.64,457853,Y2,,,0,13.422,clean
29,42,3,1.70,1,2.38,305682,Y2,,,0,13.398,clean
29,43,3,1.52,1,2.31,1365870,Y4,,,0,13.307,clean
29,44,3,1.75,1,2.47,764430,Y4,,,0,13.108,clean
29,45,3,1.81,1,2.38,240415,Y2,,,0,12.950,clean
29,46,3,1.93,1,2.37,557363,Y4,,,0,12.786,clean
29,47,3,2.13,1,2.24,433803,Y4,,,0,12.557,clean
29,48,3,3.68,1,2.39,802070,Y2,0.00/noise-like,0.00/noise-like,0,12.161,hump-note
29,49,3,2.04,1,2.44,820577,Y4,,,0,11.782,clean
29,50,3,1.92,1,2.89,1027822,Y2,,,0,11.421,clean
29,51,3,1.87,1,2.39,1070291,Y2,,,0,11.142,clean
29,52,3,1.88,1,2.50,737965,Y4,,,0,10.872,clean
29,53,3,2.25,1,2.44,32365,Y4,,,0,10.658,clean
29,54,3,2.01,1,2.38,458121,Y2,,,0,10.329,clean
29,55,3,2.42,1,2.30,996441,Y2,,,0,9.830,clean
29,56,3,2.94,1,2.41,947088,Y2,0.00/noise-like,0.00/noise-like,0,9.222,hump-note
29,57,3,2.73,1,2.39,293702,Y2,0.00/noise-like,0.24/noise-like,0,8.538,hump-note
29,58,3,3.20,1,2.20,795811,Y2,0.00/noise-like,0.24/noise-like,0,7.944,hump-note
29,59,3,0,-1,0,0,-,,,0,7.265,QUARANTINE:dark-lane range=61 distinct=60
29,60,3,0,-1,0,0,-,,,0,6.436,QUARANTINE:dark-lane range=61 distinct=59
29,61,3,0,-1,0,0,-,,,0,5.580,QUARANTINE:dark-lane range=48 distinct=48
29,62,3,0,-1,0,0,-,,,0,4.699,QUARANTINE:dark-lane range=40 distinct=40
29,63,3,0,-1,0,0,-,,,0,3.938,QUARANTINE:dark-lane range=31 distinct=32
30,0,3,2.52,1,2.41,1285493,Y4,0.00/noise-like,0.00/noise-like,0,19.673,hump-note
30,1,3,1.37,1239,2.39,90122,Y2,,,0,19.611,clean
30,2,3,1.48,1,2.42,542969,Y2,,,0,19.579,clean
30,3,3,1.34,1,2.49,1454204,Y4,,,0,19.696,clean
30,4,3,1.44,389,2.41,1312762,Y4,,,0,19.787,clean
30,5,3,1.46,620,2.36,633001,Y4,,,0,19.564,clean
30,6,3,1.52,1478,2.41,442386,Y2,,,0,19.312,clean
30,7,3,1.33,1458,2.36,1382053,Y2,,,0,19.095,clean
30,8,3,1.45,1,2.63,109345,Y2,,,0,18.840,clean
30,9,3,1.53,1,2.45,766218,Y2,,,0,18.418,clean
30,10,3,1.49,1,2.36,934303,Y4,,,0,18.104,clean
30,11,3,1.52,1,2.65,400275,Y4,,,0,17.684,clean
30,12,3,1.37,1029,2.50,1350760,Y2,,,0,17.226,clean
30,13,3,1.49,1,2.33,1284599,Y4,,,0,16.753,clean
30,14,3,1.38,1,2.38,425935,Y2,,,0,16.481,clean
30,15,3,1.60,1,2.32,1216829,Y4,,,0,16.244,clean
30,16,3,1.37,1,2.47,114083,Y2,,,0,16.317,clean
30,17,3,1.50,1,2.35,53018,Y4,,,0,16.496,clean
30,18,3,1.49,821,2.65,1245171,Y4,,,0,17.745,clean
30,19,3,1.84,1,2.52,627816,Y4,,,0,16.411,clean
30,20,3,1.42,323,2.35,252664,Y2,,,0,16.098,clean
30,21,3,1.73,1,2.33,15825,Y2,,,0,15.974,clean
30,22,3,1.61,1,2.24,549763,Y2,,,0,15.957,clean
30,23,3,1.60,1,2.36,80734,Y2,,,0,15.901,clean
30,24,3,1.38,1,2.33,787497,Y4,,,0,15.825,clean
30,25,3,1.37,1067,2.40,1178205,Y4,,,0,15.442,clean
30,26,3,1.55,1,2.46,515074,Y4,,,0,15.009,clean
30,27,3,1.80,1,2.29,244796,Y2,,,0,14.984,clean
30,28,3,1.48,1,2.75,820220,Y2,,,0,14.570,clean
30,29,3,1.71,1,2.67,1245171,Y2,,,0,14.390,clean
30,30,3,1.64,1,2.28,453383,Y4,,,0,14.172,clean
30,31,3,2.00,1,2.51,1450539,Y4,,,0,13.895,clean
30,32,3,1.40,1,2.62,306666,Y4,,,0,13.655,clean
30,33,3,1.52,1,2.45,119537,Y2,,,0,13.540,clean
30,34,3,1.88,1,2.34,897199,Y4,,,0,13.512,clean
30,35,3,1.55,1,2.70,1330554,Y2,,,0,13.571,clean
30,36,3,1.61,1,2.28,1065016,Y2,,,0,13.690,clean
30,37,3,1.77,1,2.57,563264,Y4,,,0,13.663,clean
30,38,3,1.92,1,2.41,480473,Y4,,,0,13.517,clean
30,39,3,1.83,1,2.59,34243,Y2,,,0,13.465,clean
30,40,3,1.84,1,2.51,1026213,Y4,,,0,13.419,clean
30,41,3,1.53,1,2.38,1453936,Y4,,,0,13.418,clean
30,42,3,1.61,1,2.43,1063138,Y4,,,0,13.394,clean
30,43,3,1.81,1,2.29,168443,Y2,,,0,13.330,clean
30,44,3,1.76,1,2.27,12249,Y2,,,0,13.109,clean
30,45,3,1.78,1,2.37,644267,Y2,,,0,12.950,clean
30,46,3,1.90,1,2.47,1115263,Y2,,,0,12.775,clean
30,47,3,1.52,1,2.34,387400,Y2,,,0,12.551,clean
30,48,3,3.29,1,2.30,552177,Y4,0.24/noise-like,0.00/noise-like,0,12.185,hump-note
30,49,3,1.75,1,2.35,1060009,Y2,,,0,11.777,clean
30,50,3,2.10,1,2.59,290215,Y4,,,0,11.435,clean
30,51,3,1.94,1,2.47,1386881,Y2,,,0,11.122,clean
30,52,3,2.26,1,2.22,32455,Y2,,,0,10.895,clean
30,53,3,2.45,1,2.33,656962,Y2,,,0,10.676,clean
30,54,3,2.10,1,2.40,966310,Y2,,,0,10.317,clean
30,55,3,2.65,1,2.53,1141906,Y4,0.00/noise-like,0.00/noise-like,0,9.841,hump-note
30,56,3,2.51,1,2.52,338316,Y2,0.24/noise-like,0.00/noise-like,0,9.226,hump-note
30,57,3,3.07,1,2.36,393391,Y4,0.00/noise-like,0.00/noise-like,0,8.511,hump-note
30,58,3,3.21,1,2.29,1309544,Y4,0.24/noise-like,0.00/noise-like,0,7.941,hump-note
30,59,3,0,-1,0,0,-,,,0,7.276,QUARANTINE:dark-lane range=65 distinct=62
30,60,3,0,-1,0,0,-,,,0,6.442,QUARANTINE:dark-lane range=61 distinct=57
30,61,3,0,-1,0,0,-,,,0,5.585,QUARANTINE:dark-lane range=50 distinct=49
30,62,3,0,-1,0,0,-,,,0,4.704,QUARANTINE:dark-lane range=41 distinct=41
30,63,3,0,-1,0,0,-,,,0,3.935,QUARANTINE:dark-lane range=35 distinct=34
31,0,3,3.04,1,2.47,596434,Y4,0.00/noise-like,0.24/noise-like,0,19.649,hump-note
31,1,3,1.52,1,2.37,358343,Y4,,,0,19.563,clean
31,2,3,1.53,1,2.29,195712,Y2,,,0,19.566,clean
31,3,3,1.42,1,2.56,685126,Y2,,,0,19.659,clean
31,4,3,1.37,1,2.47,1228809,Y4,,,0,19.781,clean
31,5,3,1.42,186,2.41,232011,Y2,,,0,19.562,clean
31,6,3,1.36,1140,2.52,250250,Y4,,,0,19.292,clean
31,7,3,1.44,1,2.39,357449,Y4,,,0,19.097,clean
31,8,3,1.41,1,2.45,879854,Y2,,,0,18.819,clean
31,9,3,1.44,128,2.53,612438,Y4,,,0,18.466,clean
31,10,3,1.46,1,2.39,1255900,Y2,,,0,18.076,clean
31,11,3,1.40,1,2.35,974178,Y4,,,0,17.724,clean
31,12,3,1.45,1,2.25,1310706,Y4,,,0,17.197,clean
31,13,3,1.70,1,2.45,660270,Y2,,,0,16.782,clean
31,14,3,1.56,1,2.41,1156837,Y2,,,0,16.499,clean
31,15,3,1.45,1,2.34,1309365,Y2,,,0,16.273,clean
31,16,3,1.47,1,2.35,1072526,Y2,,,0,16.337,clean
31,17,3,1.56,1,2.58,1233011,Y2,,,0,16.448,clean
31,18,3,1.54,1,2.48,911325,Y4,,,0,17.755,clean
31,19,3,1.72,1,2.52,436842,Y4,,,0,16.399,clean
31,20,3,1.56,1,2.82,60260,Y4,,,0,16.096,clean
31,21,3,1.62,1,2.29,13143,Y2,,,0,15.960,clean
31,22,3,1.34,467,2.40,1084417,Y4,,,0,15.939,clean
31,23,3,1.63,1,2.36,1461625,Y4,,,0,15.937,clean
31,24,3,1.65,1,2.48,363082,Y2,,,0,15.849,clean
31,25,3,1.55,1,2.31,1379192,Y4,,,0,15.422,clean
31,26,3,1.47,1,2.27,1033455,Y4,,,0,15.021,clean
31,27,3,1.76,1,2.34,1379192,Y2,,,0,14.974,clean
31,28,3,1.80,1,2.65,1314729,Y2,,,0,14.591,clean
31,29,3,1.53,1,2.55,8583,Y4,,,0,14.419,clean
31,30,3,1.89,1,2.38,844717,Y4,,,0,14.137,clean
31,31,3,2.00,1,2.23,93341,Y4,,,0,13.903,clean
31,32,3,1.37,1422,2.25,771582,Y2,,,0,13.659,clean
31,33,3,1.87,1,2.53,731885,Y4,,,0,13.535,clean
31,34,3,1.65,1,2.62,411272,Y4,,,0,13.548,clean
31,35,3,1.76,1,2.29,15467,Y4,,,0,13.578,clean
31,36,3,1.79,1,2.42,1361310,Y2,,,0,13.687,clean
31,37,3,1.68,1,2.30,122756,Y2,,,0,13.624,clean
31,38,3,1.77,1,2.40,490129,Y4,,,0,13.525,clean
31,39,3,1.68,1,2.33,840962,Y4,,,0,13.491,clean
31,40,3,1.62,1,2.51,1308829,Y4,,,0,13.428,clean
31,41,3,1.72,1,2.53,339925,Y2,,,0,13.433,clean
31,42,3,1.37,1,2.32,485212,Y2,,,0,13.423,clean
31,43,3,1.63,1,2.36,48727,Y2,,,0,13.303,clean
31,44,3,1.88,1,2.53,1244992,Y4,,,0,13.122,clean
31,45,3,1.76,1,2.40,1423538,Y4,,,0,12.965,clean
31,46,3,1.80,1,2.63,108719,Y2,,,0,12.748,clean
31,47,3,1.79,1,2.46,711769,Y4,,,0,12.536,clean
31,48,3,3.04,1,2.60,36120,Y4,0.00/noise-like,0.00/noise-like,0,12.164,hump-note
31,49,3,1.98,1,2.58,845700,Y2,,,0,11.770,clean
31,50,3,1.89,1,2.54,1406103,Y2,,,0,11.438,clean
31,51,3,2.13,1,2.38,277519,Y2,,,0,11.119,clean
31,52,3,2.26,1,2.37,386149,Y4,,,0,10.895,clean
31,53,3,2.13,1,2.67,1439452,Y2,,,0,10.655,clean
31,54,3,2.30,1,2.41,103176,Y2,,,0,10.334,clean
31,55,3,2.20,1,2.39,362813,Y2,,,0,9.842,clean
31,56,3,2.66,1,2.42,121951,Y2,0.24/noise-like,0.00/noise-like,0,9.214,hump-note
31,57,3,2.65,1,2.58,740290,Y2,0.00/noise-like,0.24/noise-like,0,8.525,hump-note
31,58,3,3.10,1,2.37,362366,Y4,0.00/noise-like,0.00/noise-like,0,7.932,hump-note
31,59,3,0,-1,0,0,-,,,0,7.276,QUARANTINE:dark-lane range=63 distinct=62
31,60,3,0,-1,0,0,-,,,0,6.430,QUARANTINE:dark-lane range=60 distinct=58
31,61,3,0,-1,0,0,-,,,0,5.598,QUARANTINE:dark-lane range=48 distinct=47
31,62,3,0,-1,0,0,-,,,0,4.695,QUARANTINE:dark-lane range=41 distinct=40
31,63,3,0,-1,0,0,-,,,0,3.934,QUARANTINE:dark-lane range=33 distinct=34
32,0,3,3.06,1,2.50,1274943,Y2,0.00/noise-like,0.00/noise-like,0,19.624,hump-note
32,1,3,1.42,581,2.33,968903,Y4,,,0,19.562,clean
32,2,3,1.43,1,2.40,606269,Y2,,,0,19.557,clean
32,3,3,1.67,1,2.17,330359,Y4,,,0,19.658,clean
32,4,3,1.50,1,2.64,1268238,Y4,,,0,19.785,clean
32,5,3,1.43,1,2.42,409394,Y4,,,0,19.563,clean
32,6,3,1.40,1478,2.37,1236856,Y2,,,0,19.340,clean
32,7,3,1.36,1029,2.31,119358,Y4,,,0,19.092,clean
32,8,3,1.45,1,2.48,279307,Y4,,,0,18.800,clean
32,9,3,1.37,849,2.30,1067787,Y4,,,0,18.453,clean
32,10,3,1.43,1,2.19,1348525,Y2,,,0,18.102,clean
32,11,3,1.59,1,2.39,197947,Y2,,,0,17.723,clean
32,12,3,1.38,714,2.36,810474,Y2,,,0,17.256,clean
32,13,3,1.88,1,2.27,1454920,Y4,,,0,16.777,clean
32,14,3,1.34,40,2.61,1029789,Y4,,,0,16.463,clean
32,15,3,1.53,1,2.30,387043,Y2,,,0,16.231,clean
32,16,3,1.53,1,2.46,1193404,Y2,,,0,16.306,clean
32,17,3,1.71,1,2.39,534028,Y2,,,0,16.495,clean
32,18,3,1.51,921,2.56,170588,Y2,,,0,17.748,clean
32,19,3,1.84,1,2.35,1084238,Y4,,,0,16.399,clean
32,20,3,1.40,83,2.41,330716,Y4,,,0,16.105,clean
32,21,3,1.65,1,2.27,92536,Y2,,,0,15.963,clean
32,22,3,1.60,1,2.27,1316607,Y4,,,0,15.931,clean
32,23,3,1.36,1,2.56,391781,Y4,,,0,15.916,clean
32,24,3,1.55,1,2.29,219136,Y4,,,0,15.806,clean
32,25,3,1.49,1,2.29,278503,Y2,,,0,15.423,clean
32,26,3,1.39,1,2.51,1175076,Y4,,,0,15.017,clean
32,27,3,1.82,1,2.80,240684,Y2,,,0,14.970,clean
32,28,3,1.46,1,2.53,1203507,Y4,,,0,14.567,clean
32,29,3,1.62,1,2.28,1391083,Y2,,,0,14.402,clean
32,30,3,1.53,1,2.36,1151919,Y2,,,0,14.175,clean
32,31,3,1.58,1,2.47,55075,Y2,,,0,13.890,clean
32,32,3,1.39,1427,2.28,93162,Y2,,,0,13.643,clean
32,33,3,1.69,1,2.53,289500,Y2,,,0,13.536,clean
32,34,3,1.62,1,2.32,30577,Y4,,,0,13.510,clean
32,35,3,1.72,1,2.35,3397,Y4,,,0,13.589,clean
32,36,3,1.73,1,2.28,574172,Y2,,,0,13.693,clean
32,37,3,1.89,1,2.41,1176685,Y2,,,0,13.629,clean
32,38,3,1.50,1,2.53,866443,Y2,,,0,13.529,clean
32,39,3,1.77,1,2.33,662953,Y4,,,0,13.464,clean
32,40,3,1.80,1,2.42,994742,Y2,,,0,13.424,clean
32,41,3,1.92,1,2.23,596255,Y2,,,0,13.417,clean
32,42,3,1.51,1,2.59,774175,Y2,,,0,13.413,clean
32,43,3,1.90,1,2.49,1248121,Y4,,,0,13.347,clean
32,44,3,1.77,1,2.20,1306593,Y4,,,0,13.123,clean
32,45,3,1.94,1,2.41,1082629,Y2,,,0,12.952,clean
32,46,3,2.05,1,2.36,459462,Y2,,,0,12.764,clean
32,47,3,1.77,1,2.48,965685,Y4,,,0,12.529,clean
32,48,3,3.35,1,2.47,887811,Y4,0.24/noise-like,0.00/noise-like,0,12.157,hump-note
32,49,3,1.82,1,2.46,1025498,Y2,,,0,11.780,clean
32,50,3,1.88,1,2.59,97901,Y4,,,0,11.439,clean
32,51,3,1.92,1,2.48,158250,Y4,,,0,11.128,clean
32,52,3,2.21,1,2.23,430405,Y4,,,0,10.896,clean
32,53,3,2.15,1,2.29,910610,Y2,,,0,10.687,clean
32,54,3,2.48,1,2.24,1028359,Y2,,,0,10.329,clean
32,55,3,2.49,1,2.39,1269221,Y4,,,0,9.818,clean
32,56,3,2.74,1,2.42,292361,Y2,0.24/noise-like,0.00/noise-like,0,9.210,hump-note
32,57,3,2.88,1,2.47,1154780,Y4,0.00/noise-like,0.24/noise-like,0,8.520,hump-note
32,58,3,2.95,1,2.28,198752,Y2,0.00/noise-like,0.00/noise-like,0,7.935,hump-note
32,59,3,0,-1,0,0,-,,,0,7.266,QUARANTINE:dark-lane range=59 distinct=60
32,60,3,0,-1,0,0,-,,,0,6.446,QUARANTINE:dark-lane range=57 distinct=56
32,61,3,0,-1,0,0,-,,,0,5.588,QUARANTINE:dark-lane range=54 distinct=49
32,62,3,0,-1,0,0,-,,,0,4.690,QUARANTINE:dark-lane range=44 distinct=42
32,63,3,0,-1,0,0,-,,,0,3.941,QUARANTINE:dark-lane range=34 distinct=35
33,0,3,2.62,1,2.52,1218438,Y2,0.24/noise-like,0.00/noise-like,0,19.666,hump-note
33,1,3,1.39,395,2.41,1162738,Y2,,,0,19.616,clean
33,2,3,1.45,1,2.36,427097,Y2,,,0,19.592,clean
33,3,3,1.41,1,2.52,718832,Y2,,,0,19.651,clean
33,4,3,1.37,874,2.57,34511,Y2,,,0,19.781,clean
33,5,3,1.39,60,2.43,1123130,Y2,,,0,19.574,clean
33,6,3,1.38,1,2.42,103176,Y2,,,0,19.316,clean
33,7,3,1.57,1,2.46,760674,Y2,,,0,19.069,clean
33,8,3,1.39,1,2.33,375777,Y2,,,0,18.802,clean
33,9,3,1.57,1,2.34,566304,Y4,,,0,18.410,clean
33,10,3,1.34,1219,2.35,1374274,Y2,,,0,18.074,clean
33,11,3,1.74,1,2.51,736177,Y4,,,0,17.693,clean
33,12,3,1.38,1,2.97,1139849,Y2,,,0,17.215,clean
33,13,3,1.73,1,2.30,717849,Y2,,,0,16.755,clean
33,14,3,1.39,613,2.64,425935,Y2,,,0,16.466,clean
33,15,3,1.55,1,2.33,397056,Y2,,,0,16.264,clean
33,16,3,1.36,479,2.44,1344860,Y2,,,0,16.340,clean
33,17,3,1.57,1,2.63,392497,Y2,,,0,16.478,clean
33,18,3,1.58,870,2.34,96649,Y2,,,0,17.743,clean
33,19,3,1.48,1,2.55,1206189,Y2,,,0,16.408,clean
33,20,3,1.51,1,2.39,158519,Y2,,,0,16.114,clean
33,21,3,1.74,1,2.40,671089,Y4,,,0,15.954,clean
33,22,3,1.71,1,2.51,1280129,Y2,,,0,15.949,clean
33,23,3,1.78,1,2.35,583023,Y4,,,0,15.888,clean
33,24,3,1.80,1,2.47,205547,Y2,,,0,15.815,clean
33,25,3,1.51,1,2.37,765681,Y4,,,0,15.457,clean
33,26,3,1.61,1,2.62,233084,Y2,,,0,14.983,clean
33,27,3,1.69,636,2.41,563085,Y4,,,0,14.985,clean
33,28,3,1.83,1,2.26,1060724,Y2,,,0,14.603,clean
33,29,3,1.73,1,2.37,859380,Y4,,,0,14.408,clean
33,30,3,1.66,1,2.36,455707,Y4,,,0,14.157,clean
33,31,3,1.75,1,2.33,247121,Y2,,,0,13.887,clean
33,32,3,1.38,591,2.47,301659,Y4,,,0,13.659,clean
33,33,3,1.91,1,2.51,204027,Y2,,,0,13.547,clean
33,34,3,1.91,1,2.49,1314372,Y2,,,0,13.528,clean
33,35,3,1.85,1,2.44,10192,Y2,,,0,13.603,clean
33,36,3,1.68,1,2.35,409484,Y4,,,0,13.684,clean
33,37,3,1.84,1,2.32,1014769,Y2,,,0,13.628,clean
33,38,3,1.89,1,2.43,858307,Y4,,,0,13.511,clean
33,39,3,1.76,1,2.38,1276553,Y4,,,0,13.473,clean
33,40,3,1.70,1,2.37,337601,Y2,,,0,13.449,clean
33,41,3,1.82,1,2.36,675559,Y2,,,0,13.437,clean
33,42,3,1.65,1,2.50,1276016,Y2,,,0,13.388,clean
33,43,3,1.71,1,2.35,483871,Y2,,,0,13.314,clean
33,44,3,1.87,1,2.31,550926,Y2,,,0,13.140,clean
33,45,3,1.56,1,2.46,55343,Y2,,,0,12.931,clean
33,46,3,1.91,1,2.33,176758,Y2,,,0,12.793,clean
33,47,3,1.76,1,2.30,93430,Y2,,,0,12.556,clean
33,48,3,3.34,1,2.51,313550,Y4,0.00/noise-like,0.00/noise-like,0,12.166,hump-note
33,49,3,2.17,1,2.37,475556,Y2,,,0,11.767,clean
33,50,3,1.92,1,2.37,681460,Y2,,,0,11.432,clean
33,51,3,2.07,1,2.46,122398,Y2,,,0,11.133,clean
33,52,3,2.04,1,2.41,498265,Y4,,,0,10.882,clean
33,53,3,2.40,1,2.33,1271904,Y2,,,0,10.678,clean
33,54,3,2.02,1,2.40,761211,Y2,,,0,10.307,clean
33,55,3,2.33,1,2.62,717402,Y2,,,0,9.861,clean
33,56,3,2.41,1,2.28,519991,Y2,,,0,9.212,clean
33,57,3,3.13,1,2.31,333130,Y4,0.00/noise-like,0.24/noise-like,0,8.526,hump-note
33,58,3,3.46,1,2.51,1228809,Y2,0.00/noise-like,0.24/noise-like,0,7.932,hump-note
33,59,3,0,-1,0,0,-,,,0,7.257,QUARANTINE:dark-lane range=63 distinct=62
33,60,3,0,-1,0,0,-,,,0,6.439,QUARANTINE:dark-lane range=61 distinct=55
33,61,3,0,-1,0,0,-,,,0,5.581,QUARANTINE:dark-lane range=47 distinct=48
33,62,3,0,-1,0,0,-,,,0,4.696,QUARANTINE:dark-lane range=41 distinct=42
33,63,3,0,-1,0,0,-,,,0,3.932,QUARANTINE:dark-lane range=38 distinct=37
34,0,3,2.63,1,2.36,1309633,Y4,0.24/noise-like,0.00/noise-like,0,19.647,hump-note
34,1,3,1.52,1,2.27,828087,Y2,,,0,19.573,clean
34,2,3,1.49,1,2.42,44793,Y2,,,0,19.565,clean
34,3,3,1.40,674,2.49,197500,Y2,,,0,19.680,clean
34,4,3,1.47,1,2.20,170588,Y4,,,0,19.811,clean
34,5,3,1.41,553,2.38,1225054,Y4,,,0,19.532,clean
34,6,3,1.50,1,2.41,493884,Y4,,,0,19.287,clean
34,7,3,1.37,1179,2.34,611544,Y4,,,0,19.093,clean
34,8,3,1.63,1,2.36,1355320,Y4,,,0,18.809,clean
34,9,3,1.47,1,2.49,1413882,Y4,,,0,18.465,clean
34,10,3,1.49,1,2.47,126511,Y2,,,0,18.096,clean
34,11,3,1.37,729,2.36,1272261,Y4,,,0,17.697,clean
34,12,3,1.52,1,2.56,411630,Y2,,,0,17.195,clean
34,13,3,1.81,1,2.66,131607,Y4,,,0,16.733,clean
34,14,3,1.52,1,2.45,230759,Y4,,,0,16.451,clean
34,15,3,1.72,1,2.32,155658,Y2,,,0,16.264,clean
34,16,3,1.48,1,2.55,573277,Y4,,,0,16.289,clean
34,17,3,1.44,1,2.36,309438,Y2,,,0,16.470,clean
34,18,3,1.56,721,2.59,1149237,Y4,,,0,17.753,clean
34,19,3,1.60,1,2.45,1249641,Y2,,,0,16.409,clean
34,20,3,1.47,1,2.53,198394,Y4,,,0,16.119,clean
34,21,3,1.44,1,2.28,100315,Y2,,,0,15.952,clean
34,22,3,1.87,1,2.37,27180,Y2,,,0,15.949,clean
34,23,3,1.51,1,2.29,1238644,Y4,,,0,15.933,clean
34,24,3,1.63,1,2.63,1435608,Y2,,,0,15.837,clean
34,25,3,1.54,1,3.38,163883,Y4,0.00/noise-like,0.00/noise-like,3,15.441,FAM-HIT
34,26,3,1.84,1,2.44,428706,Y4,,,0,15.026,clean
34,27,3,1.67,1,2.36,1254916,Y4,,,0,14.960,clean
34,28,3,1.57,1,2.49,355572,Y2,,,0,14.600,clean
34,29,3,1.79,1,2.29,871450,Y4,,,0,14.400,clean
34,30,3,1.81,1,2.50,278413,Y4,,,0,14.150,clean
34,31,3,1.57,1,2.33,302017,Y4,,,0,13.889,clean
34,32,3,1.37,28,2.71,978738,Y4,,,0,13.662,clean
34,33,3,2.02,1,2.31,669301,Y4,,,0,13.551,clean
34,34,3,1.87,1,2.37,757992,Y2,,,0,13.545,clean
34,35,3,1.71,1,2.38,417709,Y2,,,0,13.587,clean
34,36,3,1.77,1,2.39,95308,Y4,,,0,13.687,clean
34,37,3,1.86,1,2.41,114441,Y2,,,0,13.622,clean
34,38,3,1.45,1,2.28,1392245,Y2,,,0,13.513,clean
34,39,3,1.50,1,2.47,1068413,Y4,,,0,13.472,clean
34,40,3,1.98,1,2.44,290304,Y2,,,0,13.443,clean
34,41,3,1.73,1,2.34,1447231,Y2,,,0,13.400,clean
34,42,3,1.64,1,2.44,1015931,Y4,,,0,13.388,clean
34,43,3,1.80,1,2.76,910431,Y2,,,0,13.309,clean
34,44,3,2.10,1,2.40,14842,Y2,,,0,13.107,clean
34,45,3,1.79,1,2.47,718564,Y4,,,0,12.954,clean
34,46,3,1.87,1,2.29,509620,Y4,,,0,12.776,clean
34,47,3,2.23,1,2.54,1232386,Y2,,,0,12.529,clean
34,48,3,3.39,1,2.31,85562,Y2,0.00/noise-like,0.00/noise-like,0,12.157,hump-note
34,49,3,1.81,1,2.53,449717,Y2,,,0,11.760,clean
34,50,3,2.01,1,2.37,678062,Y2,,,0,11.435,clean
34,51,3,1.95,1,2.93,1206189,Y2,,,0,11.150,clean
34,52,3,2.20,1,2.50,469565,Y2,,,0,10.860,clean
34,53,3,2.09,1,2.33,1461983,Y4,,,0,10.664,clean
34,54,3,2.46,1,2.33,764966,Y4,,,0,10.330,clean
34,55,3,2.57,1,2.41,695944,Y4,0.00/noise-like,0.00/noise-like,0,9.830,hump-note
34,56,3,2.63,1,2.37,14216,Y4,0.00/noise-like,0.00/noise-like,0,9.234,hump-note
34,57,3,2.65,1,2.84,359505,Y2,0.00/noise-like,0.00/noise-like,3,8.521,hump-note
34,58,3,2.84,1,2.31,291824,Y2,0.24/noise-like,0.00/noise-like,0,7.942,hump-note
34,59,3,3.71,1,2.60,315428,Y2,0.42/WATCH,0.00/noise-like,0,7.274,hump-note
34,60,3,0,-1,0,0,-,,,0,6.423,QUARANTINE:dark-lane range=56 distinct=56
34,61,3,0,-1,0,0,-,,,0,5.598,QUARANTINE:dark-lane range=49 distinct=47
34,62,3,0,-1,0,0,-,,,0,4.693,QUARANTINE:dark-lane range=44 distinct=45
34,63,3,0,-1,0,0,-,,,0,3.939,QUARANTINE:dark-lane range=35 distinct=35
35,0,3,2.40,1,2.41,34153,Y2,,,0,19.665,clean
35,1,3,1.36,1514,2.40,1196891,Y4,,,0,19.596,clean
35,2,3,1.54,1,2.39,165045,Y4,,,0,19.591,clean
35,3,3,1.44,1377,2.68,1182586,Y2,,,0,19.666,clean
35,4,3,1.36,1,2.42,484854,Y2,,,0,19.847,clean
35,5,3,1.32,275,2.54,112653,Y4,,,0,19.575,clean
35,6,3,1.55,1,2.34,973910,Y2,,,0,19.290,clean
35,7,3,1.35,1,2.60,1249552,Y2,,,2,19.095,clean
35,8,3,1.40,217,2.44,618964,Y2,,,0,18.804,clean
35,9,3,1.46,1,2.29,224322,Y4,,,0,18.438,clean
35,10,3,1.35,1,2.50,19759,Y4,,,0,18.099,clean
35,11,3,1.45,1,2.77,1132071,Y4,,,0,17.682,clean
35,12,3,1.66,1,2.51,209570,Y2,,,0,17.191,clean
35,13,3,1.55,1,2.78,1249105,Y2,,,0,16.779,clean
35,14,3,1.55,1,2.37,659019,Y4,,,0,16.436,clean
35,15,3,1.60,1,2.44,282258,Y4,,,0,16.263,clean
35,16,3,1.42,1,2.39,341177,Y2,,,0,16.327,clean
35,17,3,1.72,1,2.53,1251340,Y4,,,0,16.477,clean
35,18,3,1.53,755,2.44,1456976,Y2,,,0,17.737,clean
35,19,3,1.44,1,2.35,516057,Y4,,,0,16.411,clean
35,20,3,1.60,1,2.61,1270115,Y4,,,0,16.121,clean
35,21,3,1.59,1,2.88,121862,Y2,,,0,15.939,clean
35,22,3,1.54,1,2.44,268310,Y2,,,0,15.896,clean
35,23,3,1.76,1,2.34,909001,Y2,,,0,15.888,clean
35,24,3,1.41,1,2.39,1182854,Y2,,,0,15.829,clean
35,25,3,1.69,1,3.32,239789,Y4,0.00/noise-like,0.00/noise-like,3,15.404,FAM-HIT
35,26,3,1.65,1,2.34,1375973,Y2,,,0,15.003,clean
35,27,3,1.60,620,2.54,894874,Y4,,,0,14.988,clean
35,28,3,1.75,1,2.35,939667,Y4,,,0,14.605,clean
35,29,3,1.73,1,2.46,33885,Y2,,,0,14.410,clean
35,30,3,1.64,1,2.50,1080126,Y2,,,0,14.184,clean
35,31,3,1.68,1,2.24,1258403,Y2,,,0,13.908,clean
35,32,3,1.37,1428,2.44,1391619,Y2,,,0,13.672,clean
35,33,3,1.82,1,2.60,928313,Y2,,,0,13.539,clean
35,34,3,1.71,1,2.65,1174271,Y2,,,0,13.528,clean
35,35,3,1.44,1,3.02,912309,Y2,0.00/noise-like,0.24/noise-like,0,13.598,FAM-HIT
35,36,3,1.58,1,2.36,1084149,Y2,,,0,13.682,clean
35,37,3,1.62,1,2.27,1084507,Y2,,,0,13.624,clean
35,38,3,1.60,1,2.62,221908,Y2,,,0,13.520,clean
35,39,3,1.73,1,2.45,411540,Y4,,,0,13.469,clean
35,40,3,1.71,1,2.36,1463145,Y4,,,0,13.410,clean
35,41,3,1.87,1,2.28,981241,Y2,,,0,13.401,clean
35,42,3,1.90,1,2.33,838727,Y2,,,0,13.393,clean
35,43,3,1.65,1,2.40,1082897,Y4,,,0,13.303,clean
35,44,3,1.90,1,2.43,1101494,Y2,,,0,13.123,clean
35,45,3,2.05,1,2.54,272423,Y2,,,0,12.931,clean
35,46,3,2.02,1,2.44,65714,Y2,,,0,12.772,clean
35,47,3,1.95,1,2.42,929117,Y2,,,0,12.534,clean
35,48,3,3.63,1,2.31,571668,Y2,0.00/noise-like,0.24/noise-like,0,12.183,hump-note
35,49,3,1.78,1,2.35,300407,Y2,,,0,11.763,clean
35,50,3,2.30,1,2.26,697732,Y4,,,0,11.430,clean
35,51,3,2.22,1,2.27,913113,Y4,,,0,11.120,clean
35,52,3,2.17,1,2.26,367373,Y4,,,0,10.887,clean
35,53,3,2.32,1,2.56,674933,Y4,,,0,10.660,clean
35,54,3,2.02,1,2.51,111043,Y4,,,0,10.330,clean
35,55,3,2.42,1,5.95,28789,Y4,0.00/noise-like,0.00/noise-like,5,9.860,FAM-HIT
35,56,3,0,-1,0,0,-,,,70,9.653,QUARANTINE:sparkle n=70
35,57,3,3.17,1,3.40,5811,Y4,0.00/noise-like,0.00/noise-like,4,8.531,FAM-HIT
35,58,3,2.97,1,10.20,19312,Y4,0.00/noise-like,0.00/noise-like,3,7.978,FAM-HIT
35,59,3,3.61,1,2.51,723928,Y4,0.00/noise-like,0.00/noise-like,0,7.275,hump-note
35,60,3,0,-1,0,0,-,,,0,6.449,QUARANTINE:dark-lane range=59 distinct=57
35,61,3,0,-1,0,0,-,,,0,5.583,QUARANTINE:dark-lane range=50 distinct=50
35,62,3,0,-1,0,0,-,,,0,4.697,QUARANTINE:dark-lane range=42 distinct=42
35,63,3,0,-1,0,0,-,,,0,3.946,QUARANTINE:dark-lane range=32 distinct=33
36,0,3,2.23,1,2.51,1100153,Y2,,,0,19.653,clean
36,1,3,1.37,524,2.34,60529,Y2,,,0,19.638,clean
36,2,3,1.37,1,2.57,1422465,Y4,,,0,19.595,clean
36,3,3,1.36,1,2.29,441492,Y4,,,0,19.652,clean
36,4,3,1.40,1,2.27,284046,Y2,,,0,19.777,clean
36,5,3,1.40,1,2.52,167280,Y2,,,0,19.590,clean
36,6,3,1.68,1,2.23,1053303,Y4,,,0,19.295,clean
36,7,3,1.41,361,2.39,882447,Y2,,,0,19.078,clean
36,8,3,1.58,1,2.39,574529,Y2,,,0,18.833,clean
36,9,3,1.34,661,2.22,324547,Y4,,,0,18.434,clean
36,10,3,1.46,1,2.30,659376,Y4,,,0,18.109,clean
36,11,3,1.56,1,2.50,591874,Y2,,,0,17.695,clean
36,12,3,1.57,1,2.32,997156,Y4,,,0,17.201,clean
36,13,3,1.60,1,2.38,177920,Y4,,,0,16.792,clean
36,14,3,1.44,1,2.47,411987,Y4,,,0,16.421,clean
36,15,3,1.45,1,2.25,617266,Y4,,,0,16.272,clean
36,16,3,1.52,1,2.76,1311600,Y4,,,0,16.293,clean
36,17,3,1.62,1,2.45,1048565,Y4,,,0,16.485,clean
36,18,3,1.48,723,2.64,256687,Y4,,,0,17.720,clean
36,19,3,1.58,1,2.43,1138955,Y4,,,0,16.435,clean
36,20,3,1.70,1,2.56,692278,Y2,,,0,16.094,clean
36,21,3,1.56,1,2.45,523657,Y2,,,0,15.960,clean
36,22,3,1.45,1,2.41,742793,Y4,,,0,15.965,clean
36,23,3,1.45,1,2.31,1024604,Y2,,,0,15.918,clean
36,24,3,1.68,1,2.40,1000196,Y2,,,0,15.809,clean
36,25,3,1.59,1,2.62,189096,Y2,,,0,15.463,clean
36,26,3,1.63,1,2.26,198573,Y4,,,0,14.998,clean
36,27,3,1.92,1,2.48,1018345,Y4,,,0,14.969,clean
36,28,3,1.57,1,2.46,260711,Y4,,,0,14.566,clean
36,29,3,1.52,1,2.28,1277715,Y2,,,0,14.420,clean
36,30,3,1.59,1,2.42,1390725,Y4,,,0,14.160,clean
36,31,3,1.67,1,2.87,1075298,Y2,,,0,13.923,clean
36,32,3,1.35,1356,2.60,522494,Y4,,,0,13.633,clean
36,33,3,1.55,1,2.61,147343,Y2,,,0,13.543,clean
36,34,3,1.65,1,2.49,654459,Y4,,,0,13.524,clean
36,35,3,1.76,1,2.42,79930,Y4,,,0,13.573,clean
36,36,3,1.78,1,2.39,673682,Y2,,,0,13.684,clean
36,37,3,1.96,1,2.29,349313,Y4,,,0,13.653,clean
36,38,3,1.67,1,2.28,462055,Y2,,,0,13.524,clean
36,39,3,1.84,1,2.34,699073,Y4,,,0,13.465,clean
36,40,3,1.99,1,2.49,1110256,Y2,,,0,13.429,clean
36,41,3,1.92,1,2.47,1153797,Y2,,,0,13.407,clean
36,42,3,2.06,1,2.48,606090,Y4,,,0,13.394,clean
36,43,3,1.66,1,2.44,1355678,Y4,,,0,13.314,clean
36,44,3,2.06,1,2.42,378460,Y4,,,0,13.127,clean
36,45,3,1.80,1,2.42,85652,Y4,,,0,12.949,clean
36,46,3,1.93,1,2.68,364870,Y4,,,0,12.779,clean
36,47,3,2.03,1,2.55,1439810,Y2,,,0,12.518,clean
36,48,3,3.11,1,2.36,199735,Y2,0.00/noise-like,0.00/noise-like,0,12.182,hump-note
36,49,3,1.74,1,2.35,308186,Y4,,,0,11.783,clean
36,50,3,2.10,1,2.43,776589,Y4,,,0,11.458,clean
36,51,3,2.24,1,2.74,944316,Y4,,,0,11.123,clean
36,52,3,2.28,1,2.55,38892,Y4,,,0,10.889,clean
36,53,3,2.41,1,2.25,568807,Y4,,,0,10.674,clean
36,54,3,2.13,1,2.52,1030862,Y4,,,0,10.322,clean
36,55,3,2.33,1,2.45,1231760,Y4,,,0,9.841,clean
36,56,3,2.51,1,2.21,277966,Y4,0.00/noise-like,0.24/noise-like,0,9.226,hump-note
36,57,3,2.94,1,2.33,548959,Y2,0.00/noise-like,0.00/noise-like,0,8.530,hump-note
36,58,3,3.28,1,2.41,240326,Y4,0.00/noise-like,0.00/noise-like,0,7.934,hump-note
36,59,3,0,-1,0,0,-,,,0,7.262,QUARANTINE:dark-lane range=61 distinct=62
36,60,3,0,-1,0,0,-,,,0,6.436,QUARANTINE:dark-lane range=56 distinct=56
36,61,3,0,-1,0,0,-,,,0,5.589,QUARANTINE:dark-lane range=49 distinct=49
36,62,3,0,-1,0,0,-,,,0,4.691,QUARANTINE:dark-lane range=41 distinct=40
36,63,3,0,-1,0,0,-,,,0,3.943,QUARANTINE:dark-lane range=36 distinct=35
37,0,3,2.56,1,2.53,119805,Y4,0.00/noise-like,0.00/noise-like,0,19.651,hump-note
37,1,3,1.44,65,2.35,23603,Y4,,,0,19.602,clean
37,2,3,1.36,1221,2.40,665188,Y4,,,0,19.592,clean
37,3,3,1.39,1,2.33,881553,Y4,,,0,19.633,clean
37,4,3,1.36,645,2.58,285834,Y2,,,0,19.790,clean
37,5,3,1.45,1,2.49,19133,Y2,,,0,19.590,clean
37,6,3,1.41,1,2.39,788659,Y4,,,0,19.315,clean
37,7,3,1.41,1,2.32,1178741,Y4,,,0,19.102,clean
37,8,3,1.38,1307,2.38,460088,Y4,,,0,18.845,clean
37,9,3,1.48,1,2.70,25570,Y2,,,0,18.458,clean
37,10,3,1.40,1,2.34,435233,Y4,,,0,18.075,clean
37,11,3,1.66,1,2.49,1157910,Y4,,,0,17.688,clean
37,12,3,1.33,1,2.54,1321524,Y2,,,0,17.219,clean
37,13,3,1.50,1,2.34,639617,Y2,,,0,16.769,clean
37,14,3,1.42,1,2.22,592679,Y4,,,0,16.459,clean
37,15,3,1.55,1,2.50,75638,Y2,,,0,16.282,clean
37,16,3,1.55,1,2.41,794649,Y2,,,0,16.327,clean
37,17,3,1.44,1,2.24,909805,Y2,,,0,16.484,clean
37,18,3,1.55,803,2.37,105411,Y2,,,0,17.779,clean
37,19,3,1.49,1,2.72,388473,Y4,,,0,16.426,clean
37,20,3,1.40,109,2.51,1464844,Y2,,,0,16.109,clean
37,21,3,1.43,1,2.46,251323,Y2,,,0,15.992,clean
37,22,3,1.78,1,2.63,531346,Y4,,,0,15.958,clean
37,23,3,1.44,1071,2.24,34332,Y2,,,0,15.934,clean
37,24,3,1.47,1,2.38,825495,Y2,,,0,15.834,clean
37,25,3,1.40,891,4.37,87976,Y4,0.00/noise-like,0.00/noise-like,4,15.439,FAM-HIT
37,26,3,1.67,1,2.50,1384377,Y4,,,0,15.025,clean
37,27,3,1.67,628,2.22,1279593,Y2,,,0,14.980,clean
37,28,3,1.69,1,2.34,659019,Y2,,,0,14.595,clean
37,29,3,1.70,1,2.37,4560,Y4,,,0,14.405,clean
37,30,3,1.87,1,2.31,239879,Y2,,,0,14.157,clean
37,31,3,1.57,1,2.45,1113206,Y4,,,0,13.904,clean
37,32,3,1.35,1,2.38,455439,Y4,,,0,13.677,clean
37,33,3,1.64,1,2.38,1307577,Y2,,,0,13.533,clean
37,34,3,1.91,1,2.49,1034260,Y4,,,0,13.525,clean
37,35,3,1.93,1,2.37,326872,Y2,,,0,13.571,clean
37,36,3,1.48,1,2.45,131071,Y4,,,0,13.668,clean
37,37,3,1.80,1,2.30,1032919,Y4,,,0,13.641,clean
37,38,3,1.93,1,2.46,17703,Y4,,,0,13.520,clean
37,39,3,1.72,1,2.63,220925,Y2,,,0,13.480,clean
37,40,3,1.98,1,2.57,257313,Y4,,,0,13.432,clean
37,41,3,1.61,1,2.32,1100332,Y2,,,0,13.413,clean
37,42,3,1.46,1,2.34,960231,Y4,,,0,13.421,clean
37,43,3,2.13,1,2.59,264376,Y2,,,0,13.331,clean
37,44,3,1.98,1,2.39,1230150,Y2,,,0,13.121,clean
37,45,3,2.01,1,2.33,1431674,Y2,,,0,12.937,clean
37,46,3,2.11,1,2.46,892550,Y2,,,0,12.758,clean
37,47,3,1.52,1,2.39,1174092,Y4,,,0,12.549,clean
37,48,3,3.16,1,2.59,1083881,Y2,0.24/noise-like,0.24/noise-like,0,12.185,hump-note
37,49,3,1.86,1,2.63,1341462,Y2,,,0,11.778,clean
37,50,3,2.03,1,2.42,900686,Y2,,,0,11.439,clean
37,51,3,2.04,1,2.29,905693,Y2,,,0,11.154,clean
37,52,3,2.21,1,2.40,908285,Y4,,,0,10.902,clean
37,53,3,2.52,1,2.24,816911,Y2,0.00/noise-like,0.24/noise-like,0,10.661,hump-note
37,54,3,2.58,1,2.49,888616,Y2,0.00/noise-like,0.00/noise-like,0,10.318,hump-note
37,55,3,2.44,1,2.59,745922,Y4,,,0,9.845,clean
37,56,3,2.67,1,2.38,1114458,Y2,0.00/noise-like,0.00/noise-like,0,9.214,hump-note
37,57,3,2.93,1,8.58,894,Y4,0.00/noise-like,0.24/noise-like,10,8.527,FAM-HIT
37,58,3,3.07,1,2.41,441134,Y4,0.42/WATCH,0.00/noise-like,0,7.947,hump-note
37,59,3,0,-1,0,0,-,,,0,7.279,QUARANTINE:dark-lane range=65 distinct=62
37,60,3,0,-1,0,0,-,,,0,6.443,QUARANTINE:dark-lane range=55 distinct=55
37,61,3,0,-1,0,0,-,,,0,5.584,QUARANTINE:dark-lane range=49 distinct=49
37,62,3,0,-1,0,0,-,,,0,4.695,QUARANTINE:dark-lane range=39 distinct=40
37,63,3,0,-1,0,0,-,,,0,3.931,QUARANTINE:dark-lane range=35 distinct=36
38,0,3,2.60,1,2.62,650257,Y2,0.24/noise-like,0.00/noise-like,0,19.662,hump-note
38,1,3,1.35,1022,2.57,1441598,Y2,,,0,19.572,clean
38,2,3,1.40,837,2.45,281811,Y2,,,0,19.577,clean
38,3,3,1.55,1,2.62,158697,Y2,,,0,19.680,clean
38,4,3,1.46,1,2.52,584275,Y2,,,0,19.818,clean
38,5,3,1.49,1,2.51,847846,Y2,,,0,19.590,clean
38,6,3,1.43,1478,2.52,616282,Y2,,,0,19.309,clean
38,7,3,1.38,1,2.37,862956,Y2,,,0,19.067,clean
38,8,3,1.36,79,2.41,492275,Y4,,,0,18.826,clean
38,9,3,1.68,1,2.29,59277,Y2,,,0,18.444,clean
38,10,3,1.77,1,2.26,1151919,Y4,,,0,18.051,clean
38,11,3,1.48,1,2.34,1464844,Y2,,,0,17.714,clean
38,12,3,1.49,1,2.39,898182,Y2,,,0,17.222,clean
38,13,3,1.61,1,2.33,954688,Y2,,,0,16.760,clean
38,14,3,1.50,1,2.32,1166314,Y4,,,0,16.458,clean
38,15,3,1.77,1,2.39,578016,Y2,,,0,16.275,clean
38,16,3,1.49,1,2.28,63300,Y4,,,0,16.328,clean
38,17,3,1.62,1,2.77,13500,Y2,,,0,16.487,clean
38,18,3,1.60,823,2.45,253469,Y2,,,0,17.772,clean
38,19,3,1.58,1,2.31,395358,Y2,,,0,16.410,clean
38,20,3,1.68,1,2.73,1464397,Y4,,,0,16.087,clean
38,21,3,1.63,1,2.22,1179546,Y2,,,0,15.949,clean
38,22,3,1.69,1,2.75,729561,Y2,,,0,15.952,clean
38,23,3,1.40,334,2.47,21368,Y2,,,0,15.923,clean
38,24,3,1.66,1,2.55,22441,Y2,,,0,15.833,clean
38,25,3,1.53,1,8.06,5007,Y4,0.00/noise-like,0.24/noise-like,18,15.465,FAM-HIT
38,26,3,1.97,1,2.72,733584,Y2,,,0,15.049,clean
38,27,3,1.58,1,2.40,1131713,Y4,,,0,14.992,clean
38,28,3,1.78,1,2.42,538051,Y4,,,0,14.580,clean
38,29,3,1.66,1,2.61,425577,Y2,,,0,14.387,clean
38,30,3,1.91,1,2.43,665635,Y4,,,0,14.146,clean
38,31,3,1.81,1,2.44,836045,Y2,,,0,13.917,clean
38,32,3,1.42,734,2.36,119627,Y2,,,0,13.668,clean
38,33,3,1.67,1,2.60,132859,Y2,,,0,13.556,clean
38,34,3,1.83,1,2.70,430495,Y4,,,0,13.533,clean
38,35,3,1.97,1,2.49,530094,Y2,,,0,13.602,clean
38,36,3,1.64,1,2.34,969976,Y2,,,0,13.695,clean
38,37,3,1.73,1,2.43,221908,Y2,,,0,13.623,clean
38,38,3,2.02,1,2.51,1222730,Y2,,,0,13.538,clean
38,39,3,1.45,1,2.55,565946,Y2,,,0,13.480,clean
38,40,3,1.65,1,2.37,879139,Y2,,,0,13.434,clean
38,41,3,1.79,1,2.30,711858,Y2,,,0,13.380,clean
38,42,3,1.71,1,2.40,872880,Y2,,,0,13.417,clean
38,43,3,1.59,1,2.43,1436502,Y2,,,0,13.344,clean
38,44,3,1.72,1,2.54,261068,Y2,,,0,13.122,clean
38,45,3,2.15,1,2.53,1121700,Y2,,,0,12.936,clean
38,46,3,2.03,1,2.46,1436412,Y4,,,0,12.787,clean
38,47,3,1.74,1,2.48,758618,Y2,,,0,12.555,clean
38,48,3,3.39,1,2.32,1068056,Y4,0.00/noise-like,0.00/noise-like,0,12.179,hump-note
38,49,3,1.84,1,2.45,1356930,Y2,,,0,11.779,clean
38,50,3,1.76,1,2.54,1128584,Y2,,,0,11.440,clean
38,51,3,2.08,1,2.43,519097,Y2,,,0,11.131,clean
38,52,3,2.22,1,2.38,332236,Y2,,,0,10.888,clean
38,53,3,2.10,1,2.52,515342,Y2,,,0,10.669,clean
38,54,3,2.32,1,2.34,65267,Y4,,,0,10.307,clean
38,55,3,2.27,1,2.62,198126,Y4,,,0,9.859,clean
38,56,3,2.72,1,2.53,786692,Y4,0.00/noise-like,0.24/noise-like,0,9.220,hump-note
38,57,3,2.66,1,6.33,1341,Y4,0.00/noise-like,0.00/noise-like,25,8.559,FAM-HIT
38,58,3,2.96,1,2.41,1457423,Y2,0.00/noise-like,0.00/noise-like,0,7.937,hump-note
38,59,3,0,-1,0,0,-,,,0,7.267,QUARANTINE:dark-lane range=59 distinct=59
38,60,3,0,-1,0,0,-,,,0,6.444,QUARANTINE:dark-lane range=53 distinct=53
38,61,3,0,-1,0,0,-,,,0,5.586,QUARANTINE:dark-lane range=46 distinct=47
38,62,3,0,-1,0,0,-,,,0,4.695,QUARANTINE:dark-lane range=39 distinct=40
38,63,3,0,-1,0,0,-,,,0,3.934,QUARANTINE:dark-lane range=33 distinct=34
39,0,3,2.58,1,2.30,1255006,Y2,0.00/noise-like,0.24/noise-like,0,19.648,hump-note
39,1,3,1.34,1375,2.26,90569,Y2,,,0,19.595,clean
39,2,3,1.33,725,2.53,184715,Y4,,,0,19.589,clean
39,3,3,1.46,1253,2.46,82523,Y4,,,0,19.690,clean
39,4,3,1.48,1,2.54,354499,Y2,,,0,19.814,clean
39,5,3,1.34,1184,2.42,1336545,Y4,,,0,19.544,clean
39,6,3,1.34,652,2.40,75191,Y2,,,0,19.276,clean
39,7,3,1.45,1,2.39,643641,Y4,,,0,19.093,clean
39,8,3,1.53,1,2.43,1212806,Y2,,,0,18.819,clean
39,9,3,1.57,1,2.28,1330286,Y4,,,0,18.460,clean
39,10,3,1.41,598,2.59,1176596,Y2,,,0,18.095,clean
39,11,3,1.61,1,2.35,808597,Y4,,,0,17.723,clean
39,12,3,1.41,1,2.81,130445,Y2,,,0,17.250,clean
39,13,3,1.42,1,2.44,678062,Y4,,,0,16.757,clean
39,14,3,1.35,862,2.36,907481,Y2,,,0,16.423,clean
39,15,3,1.56,1,2.24,240773,Y4,,,0,16.275,clean
39,16,3,1.33,352,2.69,550568,Y4,,,0,16.346,clean
39,17,3,1.33,42,2.48,266254,Y4,,,0,16.471,clean
39,18,3,1.57,609,2.39,709087,Y4,,,0,17.756,clean
39,19,3,1.59,1,2.47,1214325,Y2,,,0,16.439,clean
39,20,3,1.57,1,2.36,308454,Y4,,,0,16.116,clean
39,21,3,1.50,1,2.50,439167,Y2,,,0,15.952,clean
39,22,3,1.53,1,2.43,349402,Y4,,,0,15.942,clean
39,23,3,1.51,1,2.45,543505,Y2,,,0,15.938,clean
39,24,3,1.62,1,2.40,1231581,Y2,,,0,15.823,clean
39,25,3,1.82,1,4.29,79215,Y4,0.00/noise-like,0.24/noise-like,7,15.426,FAM-HIT
39,26,3,1.64,1,2.32,730008,Y4,,,0,15.008,clean
39,27,3,1.68,629,2.60,340104,Y4,,,0,14.991,clean
39,28,3,1.68,1,2.49,819236,Y2,,,0,14.590,clean
39,29,3,1.84,1,2.34,1423538,Y4,,,0,14.399,clean
39,30,3,1.72,1,2.25,719547,Y4,,,0,14.166,clean
39,31,3,1.88,1,2.40,1408428,Y2,,,0,13.905,clean
39,32,3,1.37,590,2.44,302464,Y4,,,0,13.679,clean
39,33,3,1.89,1,2.54,1125097,Y2,,,0,13.543,clean
39,34,3,1.85,1,2.31,1118034,Y2,,,0,13.513,clean
39,35,3,1.73,1,2.51,802606,Y2,,,0,13.596,clean
39,36,3,1.83,1,2.37,444442,Y2,,,0,13.684,clean
39,37,3,1.85,1,2.42,61512,Y2,,,0,13.633,clean
39,38,3,2.15,1,2.20,809938,Y2,,,0,13.526,clean
39,39,3,1.81,1,2.39,122309,Y2,,,0,13.463,clean
39,40,3,1.94,1,2.22,225216,Y2,,,0,13.432,clean
39,41,3,1.84,1,2.40,517219,Y4,,,0,13.400,clean
39,42,3,1.73,1,2.42,82076,Y4,,,0,13.404,clean
39,43,3,1.89,1,2.47,783026,Y4,,,0,13.327,clean
39,44,3,1.84,1,2.30,1207620,Y4,,,0,13.116,clean
39,45,3,1.85,1,2.42,866532,Y2,,,0,12.958,clean
39,46,3,1.79,1,2.40,601709,Y2,,,0,12.778,clean
39,47,3,1.89,1,2.58,75102,Y4,,,0,12.535,clean
39,48,3,2.94,1,2.52,696301,Y4,0.24/noise-like,0.42/WATCH,0,12.160,hump-note
39,49,3,1.97,1,2.56,1362652,Y4,,,0,11.752,clean
39,50,3,2.29,1,2.38,501215,Y2,,,0,11.441,clean
39,51,3,1.98,1,2.27,322938,Y2,,,0,11.121,clean
39,52,3,2.27,1,2.73,385702,Y2,,,0,10.900,clean
39,53,3,2.40,1,3.04,96470,Y4,0.00/noise-like,0.24/noise-like,0,10.678,FAM-HIT
39,54,3,1.86,1,2.36,697821,Y4,,,0,10.321,clean
39,55,3,2.46,1,2.59,514895,Y4,,,0,9.848,clean
39,56,3,2.58,1,2.57,1204938,Y2,0.00/noise-like,0.00/noise-like,0,9.204,hump-note
39,57,3,2.69,1,5.40,1162,Y4,0.00/noise-like,0.24/noise-like,21,8.539,FAM-HIT
39,58,3,3.00,1,2.42,120610,Y4,0.24/noise-like,0.00/noise-like,0,7.940,hump-note
39,59,3,3.43,1,2.24,1187593,Y4,0.00/noise-like,0.24/noise-like,0,7.274,hump-note
39,60,3,0,-1,0,0,-,,,0,6.426,QUARANTINE:dark-lane range=56 distinct=56
39,61,3,0,-1,0,0,-,,,0,5.578,QUARANTINE:dark-lane range=50 distinct=48
39,62,3,0,-1,0,0,-,,,0,4.683,QUARANTINE:dark-lane range=41 distinct=42
39,63,3,0,-1,0,0,-,,,0,3.931,QUARANTINE:dark-lane range=34 distinct=35
40,0,3,2.37,1,2.34,155032,Y4,,,0,19.655,clean
40,1,3,1.30,1359,2.49,265896,Y4,,,0,19.533,clean
40,2,3,1.41,1,2.53,249445,Y2,,,0,19.582,clean
40,3,3,1.39,1,2.69,110507,Y4,,,0,19.684,clean
40,4,3,1.34,351,2.41,186950,Y4,,,0,19.833,clean
40,5,3,1.50,1,2.29,238627,Y4,,,0,19.589,clean
40,6,3,1.51,1478,2.41,104874,Y4,,,0,19.274,clean
40,7,3,1.43,1,2.25,244081,Y4,,,0,19.088,clean
40,8,3,1.60,1,2.48,865191,Y4,,,0,18.825,clean
40,9,3,1.44,1,2.50,1288891,Y2,,,0,18.445,clean
40,10,3,1.33,1488,2.47,781327,Y2,,,0,18.097,clean
40,11,3,1.50,1,2.45,184447,Y2,,,0,17.693,clean
40,12,3,1.83,1,2.44,994027,Y2,,,0,17.222,clean
40,13,3,1.55,1,2.37,784904,Y4,,,0,16.763,clean
40,14,3,1.52,1,2.21,1044273,Y4,,,0,16.440,clean
40,15,3,1.74,1,2.55,1011282,Y4,,,0,16.244,clean
40,16,3,1.41,1,2.26,881016,Y4,,,0,16.311,clean
40,17,3,1.56,1,2.53,381410,Y4,,,0,16.486,clean
40,18,3,1.47,753,2.69,196427,Y4,,,0,17.748,clean
40,19,3,1.53,1,2.49,1462251,Y2,,,0,16.400,clean
40,20,3,1.57,1,2.45,120431,Y2,,,0,16.124,clean
40,21,3,1.56,1,2.42,115603,Y4,,,0,15.988,clean
40,22,3,1.47,1,2.51,1252413,Y4,,,0,15.956,clean
40,23,3,1.39,1,2.43,508636,Y4,,,0,15.910,clean
40,24,3,1.54,1,2.49,914454,Y4,,,0,15.815,clean
40,25,3,1.52,1,2.68,101030,Y4,,,2,15.447,clean
40,26,3,1.51,1,2.46,1308829,Y4,,,0,15.016,clean
40,27,3,1.93,621,2.33,1167387,Y2,,,0,14.980,clean
40,28,3,1.67,1,2.44,1075387,Y4,,,0,14.585,clean
40,29,3,1.55,1,2.35,793129,Y4,,,0,14.393,clean
40,30,3,1.56,1,2.31,880927,Y4,,,0,14.152,clean
40,31,3,1.94,1,2.53,549316,Y4,,,0,13.877,clean
40,32,3,1.35,1299,2.32,976950,Y2,,,0,13.656,clean
40,33,3,1.75,1,2.68,1445532,Y2,,,0,13.545,clean
40,34,3,1.84,1,2.44,929654,Y4,,,0,13.517,clean
40,35,3,1.69,1,2.67,211447,Y4,,,0,13.623,clean
40,36,3,1.83,1,2.41,1162469,Y4,,,0,13.668,clean
40,37,3,1.93,1,2.47,588298,Y4,,,0,13.645,clean
40,38,3,1.68,1,2.48,920892,Y4,,,0,13.526,clean
40,39,3,1.63,1,2.31,19312,Y2,,,0,13.463,clean
40,40,3,1.88,1,2.28,992417,Y2,,,0,13.431,clean
40,41,3,1.87,1,2.65,902116,Y2,,,0,13.416,clean
40,42,3,1.92,1,2.39,22709,Y4,,,0,13.412,clean
40,43,3,1.59,1,2.30,294149,Y2,,,0,13.332,clean
40,44,3,1.99,1,2.28,1218706,Y4,,,0,13.111,clean
40,45,3,2.01,1,2.41,148237,Y4,,,0,12.935,clean
40,46,3,1.76,1,2.39,891745,Y2,,,0,12.779,clean
40,47,3,2.04,1,2.37,1177847,Y2,,,0,12.526,clean
40,48,3,3.45,1,2.44,232458,Y4,0.24/noise-like,0.00/noise-like,0,12.167,hump-note
40,49,3,2.02,1,2.35,1296937,Y2,,,0,11.764,clean
40,50,3,2.21,1,2.36,1319110,Y2,,,0,11.432,clean
40,51,3,2.01,1,2.40,173718,Y2,,,0,11.141,clean
40,52,3,2.04,1,2.42,464201,Y4,,,0,10.889,clean
40,53,3,2.24,1,2.51,35584,Y2,,,1,10.658,clean
40,54,3,2.16,1,2.40,1154602,Y4,,,0,10.324,clean
40,55,3,2.37,1,2.49,77158,Y2,,,0,9.856,clean
40,56,3,2.93,1,2.30,1133233,Y2,0.24/noise-like,0.00/noise-like,0,9.203,hump-note
40,57,3,2.70,1,2.56,168711,Y2,0.00/noise-like,0.24/noise-like,4,8.519,hump-note
40,58,3,3.28,1,2.57,179172,Y2,0.00/noise-like,0.00/noise-like,0,7.936,hump-note
40,59,3,0,-1,0,0,-,,,0,7.275,QUARANTINE:dark-lane range=65 distinct=62
40,60,3,0,-1,0,0,-,,,0,6.430,QUARANTINE:dark-lane range=54 distinct=55
40,61,3,0,-1,0,0,-,,,0,5.581,QUARANTINE:dark-lane range=49 distinct=49
40,62,3,0,-1,0,0,-,,,0,4.703,QUARANTINE:dark-lane range=39 distinct=40
40,63,3,0,-1,0,0,-,,,0,3.934,QUARANTINE:dark-lane range=35 distinct=35
41,0,3,2.71,1,2.43,634968,Y2,0.00/noise-like,0.00/noise-like,0,19.703,hump-note
41,1,3,1.38,261,2.57,720710,Y4,,,0,19.577,clean
41,2,3,1.33,109,2.39,1107574,Y4,,,0,19.589,clean
41,3,3,1.51,1,2.35,619233,Y4,,,0,19.692,clean
41,4,3,1.45,1,2.53,134826,Y2,,,0,19.776,clean
41,5,3,1.33,1120,2.56,293255,Y2,,,0,19.620,clean
41,6,3,1.37,434,2.46,1431316,Y4,,,0,19.285,clean
41,7,3,1.47,1,2.44,248820,Y4,,,0,19.088,clean
41,8,3,1.34,1018,2.68,1299441,Y4,,,0,18.811,clean
41,9,3,1.56,1,2.67,529915,Y4,,,0,18.450,clean
41,10,3,1.43,968,2.34,1453042,Y2,,,0,18.103,clean
41,11,3,1.58,1,2.30,1422465,Y4,,,0,17.711,clean
41,12,3,1.41,1,2.32,312746,Y4,,,0,17.221,clean
41,13,3,1.45,1,2.60,1285225,Y2,,,0,16.776,clean
41,14,3,1.52,236,2.38,365138,Y2,,,0,16.460,clean
41,15,3,1.64,1,2.27,78142,Y4,,,0,16.257,clean
41,16,3,1.50,1,2.28,1367033,Y4,,,0,16.306,clean
41,17,3,1.55,1,2.46,1242399,Y4,,,0,16.507,clean
41,18,3,1.51,681,2.40,75817,Y2,,,0,17.744,clean
41,19,3,1.69,1,2.31,1410753,Y4,,,0,16.441,clean
41,20,3,1.71,1,2.46,1366407,Y2,,,0,16.128,clean
41,21,3,1.41,1,2.28,275910,Y2,,,0,15.962,clean
41,22,3,1.72,1,2.39,448376,Y2,,,0,15.948,clean
41,23,3,1.54,1,2.30,546098,Y4,,,0,15.935,clean
41,24,3,1.37,205,2.46,55611,Y4,,,0,15.809,clean
41,25,3,1.45,1,3.35,169605,Y4,0.00/noise-like,0.24/noise-like,4,15.454,FAM-HIT
41,26,3,1.57,1,2.56,485301,Y2,,,0,14.995,clean
41,27,3,1.69,1,2.42,896394,Y4,,,0,15.000,clean
41,28,3,1.55,1,2.26,662684,Y2,,,0,14.590,clean
41,29,3,1.80,1,2.48,556111,Y4,,,0,14.397,clean
41,30,3,1.91,1,2.41,712931,Y2,,,0,14.157,clean
41,31,3,1.69,1,2.63,1055717,Y2,,,0,13.904,clean
41,32,3,1.35,533,2.36,61601,Y4,,,0,13.655,clean
41,33,3,1.68,1,2.37,419766,Y4,,,0,13.540,clean
41,34,3,1.81,1,2.32,23156,Y2,,,0,13.553,clean
41,35,3,1.64,1,2.64,133842,Y4,,,0,13.587,clean
41,36,3,1.84,1,2.33,1384735,Y4,,,0,13.684,clean
41,37,3,1.97,1,2.64,243187,Y4,,,0,13.642,clean
41,38,3,1.85,1,2.49,374883,Y2,,,0,13.534,clean
41,39,3,1.77,1,2.31,1306683,Y4,,,0,13.458,clean
41,40,3,1.74,1,2.69,97990,Y4,,,0,13.457,clean
41,41,3,1.65,1,2.42,394642,Y2,,,0,13.401,clean
41,42,3,1.92,1,2.49,372916,Y2,,,0,13.403,clean
41,43,3,1.79,1,2.48,1434356,Y4,,,0,13.325,clean
41,44,3,1.87,1,2.41,386149,Y2,,,0,13.140,clean
41,45,3,1.76,1,2.36,201970,Y4,,,0,12.965,clean
41,46,3,1.75,1,2.34,401706,Y2,,,0,12.777,clean
41,47,3,1.81,1,2.42,388652,Y2,,,0,12.550,clean
41,48,3,3.35,1,2.29,746280,Y2,0.24/noise-like,0.00/noise-like,0,12.166,hump-note
41,49,3,1.87,1,2.33,299692,Y4,,,0,11.769,clean
41,50,3,2.18,1,2.35,867695,Y4,,,0,11.443,clean
41,51,3,2.15,1,2.41,774711,Y2,,,0,11.123,clean
41,52,3,2.03,1,3.14,635594,Y2,0.00/noise-like,0.00/noise-like,0,10.905,FAM-HIT
41,53,3,2.24,1,2.34,890940,Y2,,,0,10.657,clean
41,54,3,2.25,1,2.58,514626,Y2,,,0,10.315,clean
41,55,3,2.60,1,2.64,358790,Y2,0.00/noise-like,0.00/noise-like,0,9.833,hump-note
41,56,3,2.50,1,2.22,55790,Y2,0.00/noise-like,0.00/noise-like,0,9.206,hump-note
41,57,3,3.02,1,7.89,268,Y4,0.24/noise-like,0.00/noise-like,8,8.537,FAM-HIT
41,58,3,2.98,1,2.38,601888,Y4,0.00/noise-like,0.00/noise-like,0,7.939,hump-note
41,59,3,0,-1,0,0,-,,,0,7.272,QUARANTINE:dark-lane range=62 distinct=61
41,60,3,0,-1,0,0,-,,,0,6.438,QUARANTINE:dark-lane range=64 distinct=56
41,61,3,0,-1,0,0,-,,,0,5.584,QUARANTINE:dark-lane range=49 distinct=48
41,62,3,0,-1,0,0,-,,,0,4.697,QUARANTINE:dark-lane range=40 distinct=41
41,63,3,0,-1,0,0,-,,,0,3.936,QUARANTINE:dark-lane range=36 distinct=35
42,0,3,2.19,1,2.31,510067,Y4,,,0,19.683,clean
42,1,3,1.40,1,2.33,236213,Y2,,,0,19.572,clean
42,2,3,1.48,1,2.33,83953,Y4,,,0,19.564,clean
42,3,3,1.42,1,2.50,1354873,Y2,,,0,19.632,clean
42,4,3,1.41,77,2.62,366032,Y4,,,0,19.817,clean
42,5,3,1.31,1300,2.43,314444,Y2,,,0,19.596,clean
42,6,3,1.44,1,2.38,140637,Y2,,,0,19.318,clean
42,7,3,1.44,1,2.50,1293808,Y4,,,0,19.087,clean
42,8,3,1.36,1484,2.82,1278520,Y2,,,0,18.796,clean
42,9,3,1.38,1,2.26,251055,Y2,,,0,18.450,clean
42,10,3,1.48,1,2.37,1108468,Y2,,,0,18.054,clean
42,11,3,1.43,1,2.67,1246780,Y4,,,0,17.696,clean
42,12,3,1.40,1,2.51,467062,Y2,,,0,17.231,clean
42,13,3,1.59,1,2.37,1047134,Y4,,,0,16.746,clean
42,14,3,1.59,1,2.26,63568,Y4,,,0,16.473,clean
42,15,3,1.85,1,2.59,1223713,Y2,,,0,16.307,clean
42,16,3,1.45,748,2.49,1355231,Y2,,,0,16.305,clean
42,17,3,1.33,1429,2.71,958353,Y2,,,0,16.480,clean
42,18,3,1.48,658,2.22,629157,Y2,,,0,17.736,clean
42,19,3,1.34,125,2.40,144213,Y2,,,0,16.387,clean
42,20,3,1.54,1,2.47,343859,Y4,,,0,16.127,clean
42,21,3,1.42,441,2.25,139743,Y2,,,0,15.998,clean
42,22,3,1.43,1,2.42,366390,Y2,,,0,15.938,clean
42,23,3,1.49,1,2.40,800729,Y2,,,0,15.923,clean
42,24,3,1.62,1,2.48,510514,Y2,,,0,15.861,clean
42,25,3,1.47,1,2.34,660539,Y2,,,2,15.440,clean
42,26,3,1.71,1,2.31,208229,Y2,,,0,15.007,clean
42,27,3,1.71,624,2.31,956923,Y4,,,0,14.964,clean
42,28,3,1.56,1,2.38,147700,Y2,,,0,14.577,clean
42,29,3,1.75,1,2.35,142515,Y2,,,0,14.397,clean
42,30,3,1.50,1,2.27,591159,Y4,,,0,14.143,clean
42,31,3,1.76,1,2.38,1307935,Y2,,,0,13.874,clean
42,32,3,1.39,467,2.32,687182,Y2,,,0,13.658,clean
42,33,3,1.70,1,2.43,676006,Y2,,,0,13.558,clean
42,34,3,1.79,1,2.87,1024514,Y4,,,0,13.540,clean
42,35,3,1.57,1,2.40,190705,Y4,,,0,13.586,clean
42,36,3,1.54,1,2.54,351727,Y2,,,0,13.667,clean
42,37,3,1.83,1,2.36,967562,Y2,,,0,13.644,clean
42,38,3,1.75,1,2.49,33259,Y4,,,0,13.542,clean
42,39,3,1.76,1,2.30,287086,Y2,,,0,13.465,clean
42,40,3,1.83,1,2.52,1177311,Y4,,,0,13.443,clean
42,41,3,2.14,1,2.42,342071,Y2,,,0,13.421,clean
42,42,3,1.89,1,2.31,44972,Y2,,,0,13.404,clean
42,43,3,1.67,1,2.30,1456618,Y4,,,0,13.311,clean
42,44,3,1.90,1,2.45,581056,Y4,,,0,13.136,clean
42,45,3,1.86,1,2.42,86993,Y4,,,0,12.944,clean
42,46,3,1.75,1,2.91,556737,Y2,,,0,12.759,clean
42,47,3,1.74,1,2.42,700504,Y4,,,0,12.536,clean
42,48,3,3.53,1,2.29,584811,Y4,0.00/noise-like,0.00/noise-like,0,12.162,hump-note
42,49,3,1.95,1,2.19,1196265,Y4,,,0,11.780,clean
42,50,3,2.21,1,2.46,1172125,Y4,,,0,11.455,clean
42,51,3,1.91,1,2.28,580966,Y4,,,0,11.152,clean
42,52,3,2.02,1,2.82,18507,Y4,,,0,10.887,clean
42,53,3,2.18,1,2.32,57310,Y2,,,0,10.680,clean
42,54,3,2.48,1,2.37,1261175,Y4,,,0,10.330,clean
42,55,3,2.34,1,2.38,867873,Y2,,,0,9.833,clean
42,56,3,2.66,1,2.26,1138687,Y2,0.00/noise-like,0.24/noise-like,0,9.209,hump-note
42,57,3,2.73,1,8.30,3934,Y4,0.24/noise-like,0.00/noise-like,8,8.531,FAM-HIT
42,58,3,3.03,1,2.43,387579,Y2,0.00/noise-like,0.00/noise-like,0,7.941,hump-note
42,59,3,0,-1,0,0,-,,,0,7.290,QUARANTINE:dark-lane range=66 distinct=63
42,60,3,0,-1,0,0,-,,,0,6.433,QUARANTINE:dark-lane range=55 distinct=55
42,61,3,0,-1,0,0,-,,,0,5.582,QUARANTINE:dark-lane range=50 distinct=50
42,62,3,0,-1,0,0,-,,,0,4.687,QUARANTINE:dark-lane range=39 distinct=40
42,63,3,0,-1,0,0,-,,,0,3.935,QUARANTINE:dark-lane range=33 distinct=34
43,0,3,2.93,1,2.30,1300871,Y2,0.24/noise-like,0.00/noise-like,0,19.587,hump-note
43,1,3,1.40,300,2.63,910878,Y2,,,0,19.582,clean
43,2,3,1.36,431,2.39,366211,Y4,,,0,19.554,clean
43,3,3,1.57,1,2.40,50873,Y4,,,0,19.648,clean
43,4,3,1.33,1058,2.35,332952,Y2,,,0,19.824,clean
43,5,3,1.59,1,2.39,1300335,Y4,,,0,19.598,clean
43,6,3,1.48,1478,2.75,782490,Y2,,,0,19.303,clean
43,7,3,1.39,1105,2.34,232637,Y4,,,0,19.097,clean
43,8,3,1.35,490,2.58,320256,Y4,,,0,18.805,clean
43,9,3,1.37,1,2.58,501931,Y4,,,0,18.449,clean
43,10,3,1.42,1484,2.40,826746,Y2,,,0,18.091,clean
43,11,3,1.51,1,2.62,103354,Y4,,,0,17.698,clean
43,12,3,1.53,1,2.51,252932,Y2,,,0,17.219,clean
43,13,3,1.57,1,2.38,1340389,Y4,,,0,16.751,clean
43,14,3,1.71,1,2.39,230134,Y2,,,0,16.470,clean
43,15,3,1.71,1,2.48,702649,Y4,,,0,16.288,clean
43,16,3,1.53,1,2.33,1431406,Y2,,,0,16.309,clean
43,17,3,1.46,1,2.71,1019597,Y4,,,0,16.470,clean
43,18,3,1.59,758,2.47,1167476,Y2,,,0,17.724,clean
43,19,3,1.80,1,2.44,1346022,Y4,,,0,16.416,clean
43,20,3,1.40,1,2.29,22173,Y4,,,0,16.109,clean
43,21,3,1.71,1,2.39,231117,Y4,,,0,15.956,clean
43,22,3,1.48,1,2.63,144213,Y2,,,0,15.955,clean
43,23,3,1.82,1,2.65,940919,Y2,,,0,15.933,clean
43,24,3,1.70,1,2.43,484943,Y2,,,0,15.819,clean
43,25,3,1.68,1,2.42,762284,Y4,,,0,15.450,clean
43,26,3,1.50,1,2.37,1005739,Y2,,,0,15.010,clean
43,27,3,1.74,624,2.54,281721,Y4,,,0,14.996,clean
43,28,3,1.58,1,2.27,199556,Y2,,,0,14.545,clean
43,29,3,1.73,1,2.24,1418442,Y2,,,0,14.419,clean
43,30,3,1.58,1,2.31,1456440,Y2,,,0,14.178,clean
43,31,3,1.83,1,2.46,608325,Y2,,,0,13.904,clean
43,32,3,1.37,870,2.64,25570,Y2,,,0,13.646,clean
43,33,3,1.80,1,2.56,1460820,Y2,,,0,13.541,clean
43,34,3,2.04,1,2.47,462949,Y2,,,0,13.506,clean
43,35,3,1.82,1,2.43,155836,Y4,,,0,13.576,clean
43,36,3,1.51,1,2.43,461161,Y4,,,0,13.668,clean
43,37,3,1.80,1,2.23,1033276,Y2,,,0,13.636,clean
43,38,3,1.86,1,2.50,1409322,Y4,,,0,13.518,clean
43,39,3,1.85,1,2.53,62406,Y2,,,0,13.475,clean
43,40,3,1.91,1,2.88,876009,Y4,,,0,13.445,clean
43,41,3,1.56,1,2.24,837207,Y2,,,0,13.402,clean
43,42,3,1.75,1,2.41,1319736,Y4,,,0,13.402,clean
43,43,3,1.71,1,2.72,1418173,Y2,,,0,13.310,clean
43,44,3,1.78,1,2.43,1346201,Y2,,,0,13.096,clean
43,45,3,1.86,1,2.60,802338,Y2,,,0,12.923,clean
43,46,3,1.61,1,2.43,833809,Y2,,,0,12.804,clean
43,47,3,2.14,1,2.55,1340926,Y4,,,0,12.547,clean
43,48,3,3.41,1,2.68,1444817,Y2,0.00/noise-like,0.24/noise-like,0,12.156,hump-note
43,49,3,2.01,1,2.78,311494,Y2,,,0,11.749,clean
43,50,3,2.10,1,2.30,263035,Y2,,,0,11.442,clean
43,51,3,2.28,1,2.29,312746,Y4,,,0,11.139,clean
43,52,3,2.10,1,2.25,111401,Y2,,,0,10.887,clean
43,53,3,2.07,1,2.45,14305,Y2,,,0,10.653,clean
43,54,3,2.38,1,2.40,611186,Y2,,,0,10.323,clean
43,55,3,2.29,1,2.42,1095682,Y2,,,0,9.843,clean
43,56,3,2.73,1,2.24,481099,Y4,0.00/noise-like,0.00/noise-like,0,9.208,hump-note
43,57,3,3.03,1,2.38,680923,Y2,0.00/noise-like,0.24/noise-like,0,8.520,hump-note
43,58,3,3.58,1,2.41,74655,Y4,0.00/noise-like,0.00/noise-like,0,7.942,hump-note
43,59,3,3.51,1,2.22,141263,Y4,0.00/noise-like,0.00/noise-like,0,7.273,hump-note
43,60,3,0,-1,0,0,-,,,0,6.434,QUARANTINE:dark-lane range=55 distinct=55
43,61,3,0,-1,0,0,-,,,0,5.578,QUARANTINE:dark-lane range=51 distinct=48
43,62,3,0,-1,0,0,-,,,0,4.693,QUARANTINE:dark-lane range=43 distinct=43
43,63,3,0,-1,0,0,-,,,0,3.992,QUARANTINE:dark-lane range=34 distinct=35
44,0,3,3.37,1,2.48,1248032,Y4,0.00/noise-like,0.24/noise-like,0,19.641,hump-note
44,1,3,1.40,368,2.39,945479,Y2,,,0,19.573,clean
44,2,3,1.39,306,2.54,643998,Y4,,,0,19.591,clean
44,3,3,1.55,1,2.29,161916,Y4,,,0,19.678,clean
44,4,3,1.54,1,2.41,378102,Y4,,,0,19.829,clean
44,5,3,1.60,1,2.29,1001269,Y2,,,0,19.590,clean
44,6,3,1.40,270,2.50,362724,Y4,,,0,19.307,clean
44,7,3,1.48,1,2.35,65893,Y4,,,0,19.102,clean
44,8,3,1.32,1378,2.77,644982,Y4,,,0,18.822,clean
44,9,3,1.39,1343,2.43,1365691,Y4,,,0,18.462,clean
44,10,3,1.64,1,2.51,58740,Y2,,,0,18.104,clean
44,11,3,1.39,1,2.68,1102120,Y4,,,0,17.706,clean
44,12,3,1.57,1,2.38,686198,Y2,,,0,17.219,clean
44,13,3,1.44,1,2.34,1196086,Y2,,,0,16.769,clean
44,14,3,1.42,429,2.49,397682,Y2,,,0,16.449,clean
44,15,3,1.57,1,2.39,733584,Y4,,,0,16.278,clean
44,16,3,1.34,1438,2.25,919551,Y4,,,0,16.300,clean
44,17,3,1.74,1,2.37,1207262,Y2,,,0,16.446,clean
44,18,3,1.58,593,2.38,68665,Y2,,,0,17.729,clean
44,19,3,1.43,1,2.58,1361758,Y4,,,0,16.451,clean
44,20,3,1.42,1,2.46,1323670,Y2,,,0,16.099,clean
44,21,3,1.74,1,2.76,180244,Y2,,,0,15.973,clean
44,22,3,1.73,1,2.57,1431763,Y2,,,0,15.954,clean
44,23,3,1.45,1,2.41,696033,Y4,,,0,15.900,clean
44,24,3,1.62,1,2.32,654370,Y4,,,0,15.849,clean
44,25,3,1.55,1,3.21,4202,Y4,0.00/noise-like,0.24/noise-like,4,15.423,FAM-HIT
44,26,3,1.45,1,2.33,412524,Y2,,,0,14.998,clean
44,27,3,1.71,621,2.42,652403,Y2,,,0,14.969,clean
44,28,3,1.73,1,2.65,645071,Y4,,,0,14.583,clean
44,29,3,1.71,1,2.49,656337,Y2,,,0,14.414,clean
44,30,3,1.53,1,2.41,796169,Y4,,,0,14.169,clean
44,31,3,1.82,1,2.35,910342,Y2,,,0,13.907,clean
44,32,3,1.39,1,2.29,1156837,Y2,,,0,13.665,clean
44,33,3,1.42,1377,2.46,17524,Y4,,,0,13.553,clean
44,34,3,1.87,1,2.40,1304626,Y2,,,0,13.523,clean
44,35,3,1.51,1,2.27,723839,Y2,,,0,13.606,clean
44,36,3,1.87,1,2.49,931799,Y2,,,0,13.649,clean
44,37,3,1.55,1,2.39,84400,Y2,,,0,13.622,clean
44,38,3,1.60,1,2.59,533849,Y2,,,0,13.542,clean
44,39,3,1.71,1,2.37,1095057,Y4,,,0,13.464,clean
44,40,3,1.73,1,2.30,463575,Y4,,,0,13.422,clean
44,41,3,1.59,1,2.50,142962,Y2,,,0,13.409,clean
44,42,3,1.63,1,2.45,892818,Y2,,,0,13.427,clean
44,43,3,1.86,1,2.46,1050979,Y4,,,0,13.302,clean
44,44,3,1.97,1,2.41,13947,Y2,,,0,13.131,clean
44,45,3,1.76,1,2.55,933230,Y2,,,0,12.945,clean
44,46,3,1.82,1,2.47,1200467,Y2,,,0,12.783,clean
44,47,3,1.51,1,2.48,1432031,Y2,,,0,12.555,clean
44,48,3,3.07,1,2.78,54628,Y4,0.24/noise-like,0.00/noise-like,0,12.157,hump-note
44,49,3,1.71,1,2.26,425220,Y4,,,0,11.779,clean
44,50,3,2.13,1,2.34,856161,Y2,,,0,11.424,clean
44,51,3,2.11,1,2.29,976682,Y2,,,0,11.111,clean
44,52,3,2.18,1,2.40,965685,Y4,,,0,10.888,clean
44,53,3,2.12,1,2.26,485033,Y4,,,0,10.669,clean
44,54,3,2.37,1,2.69,486195,Y2,,,0,10.320,clean
44,55,3,2.47,1,2.63,248015,Y4,,,0,9.833,clean
44,56,3,2.37,1,2.63,212520,Y2,,,0,9.221,clean
44,57,3,3.29,1,2.44,4292,Y4,0.00/noise-like,0.00/noise-like,11,8.537,hump-note
44,58,3,3.26,1,2.36,381052,Y4,0.00/noise-like,0.24/noise-like,0,7.938,hump-note
44,59,3,3.48,1,2.43,1095593,Y4,0.00/noise-like,0.00/noise-like,0,7.267,hump-note
44,60,3,0,-1,0,0,-,,,0,6.437,QUARANTINE:dark-lane range=61 distinct=56
44,61,3,0,-1,0,0,-,,,0,5.589,QUARANTINE:dark-lane range=48 distinct=49
44,62,3,0,-1,0,0,-,,,0,4.699,QUARANTINE:dark-lane range=40 distinct=41
44,63,3,0,-1,0,0,-,,,0,3.942,QUARANTINE:dark-lane range=37 distinct=37
45,0,3,2.59,1,2.66,861704,Y2,0.00/noise-like,0.00/noise-like,0,19.654,hump-note
45,1,3,1.35,347,2.32,251234,Y4,,,0,19.582,clean
45,2,3,1.40,753,2.49,691295,Y4,,,0,19.591,clean
45,3,3,1.33,1,2.82,235587,Y4,,,0,19.668,clean
45,4,3,1.31,641,2.64,974894,Y4,,,0,19.815,clean
45,5,3,1.47,1,2.30,53555,Y2,,,0,19.590,clean
45,6,3,1.37,1037,2.31,48637,Y2,,,0,19.290,clean
45,7,3,1.51,1,2.34,86993,Y2,,,0,19.092,clean
45,8,3,1.51,1,2.46,1186877,Y2,,,0,18.827,clean
45,9,3,1.37,426,2.41,915527,Y2,,,0,18.453,clean
45,10,3,1.51,1,2.68,137329,Y4,,,0,18.085,clean
45,11,3,1.35,1215,2.39,938058,Y2,,,0,17.704,clean
45,12,3,1.42,1,2.68,1052141,Y4,,,0,17.192,clean
45,13,3,1.43,1,2.57,1338780,Y4,,,0,16.752,clean
45,14,3,1.66,1,2.37,584096,Y2,,,0,16.456,clean
45,15,3,1.44,1,2.62,334561,Y4,,,0,16.269,clean
45,16,3,1.54,1,2.39,724286,Y2,,,0,16.308,clean
45,17,3,1.53,1,2.47,594199,Y2,,,0,16.464,clean
45,18,3,1.57,756,2.51,313461,Y4,,,0,17.721,clean
45,19,3,1.44,1,2.42,1086205,Y2,,,0,16.419,clean
45,20,3,1.52,1,2.45,1341909,Y2,,,0,16.137,clean
45,21,3,1.37,1457,2.55,95576,Y2,,,0,15.958,clean
45,22,3,1.59,1,2.46,1448750,Y4,,,0,15.938,clean
45,23,3,1.68,1,2.40,683069,Y2,,,0,15.920,clean
45,24,3,1.77,1,2.59,194460,Y2,,,0,15.820,clean
45,25,3,1.60,1,3.23,2772,Y4,0.00/noise-like,0.00/noise-like,4,15.434,FAM-HIT
45,26,3,1.40,775,2.45,76085,Y4,,,0,15.010,clean
45,27,3,1.77,1,2.40,52214,Y2,,,0,14.988,clean
45,28,3,1.84,1,2.31,1368999,Y4,,,0,14.605,clean
45,29,3,1.58,1,2.45,1044989,Y4,,,0,14.399,clean
45,30,3,1.77,1,2.29,417084,Y4,,,0,14.174,clean
45,31,3,1.99,1,2.39,825137,Y2,,,0,13.918,clean
45,32,3,1.32,1,2.41,69022,Y4,,,0,13.649,clean
45,33,3,2.10,1,2.50,403583,Y4,,,0,13.525,clean
45,34,3,1.75,1,2.59,342786,Y2,,,0,13.515,clean
45,35,3,1.66,1,2.52,1086205,Y4,,,0,13.595,clean
45,36,3,1.76,1,2.60,612438,Y4,,,0,13.691,clean
45,37,3,1.69,1,2.39,692815,Y4,,,0,13.670,clean
45,38,3,1.74,1,2.42,906855,Y4,,,0,13.500,clean
45,39,3,1.86,1,2.34,1282543,Y4,,,0,13.463,clean
45,40,3,1.78,1,2.33,576943,Y2,,,0,13.424,clean
45,41,3,1.76,1,2.39,566125,Y4,,,0,13.411,clean
45,42,3,1.68,1,2.35,879139,Y2,,,0,13.437,clean
45,43,3,1.51,1,2.54,101030,Y2,,,0,13.302,clean
45,44,3,2.01,1,2.39,136524,Y4,,,0,13.122,clean
45,45,3,1.95,1,2.48,1227647,Y4,,,0,12.944,clean
45,46,3,1.87,1,2.42,794023,Y2,,,0,12.789,clean
45,47,3,1.97,1,2.56,105947,Y2,,,0,12.520,clean
45,48,3,3.16,1,2.41,163347,Y2,0.00/noise-like,0.00/noise-like,0,12.165,hump-note
45,49,3,1.79,1,2.52,205725,Y2,,,0,11.781,clean
45,50,3,2.34,1,2.43,61691,Y2,,,0,11.450,clean
45,51,3,2.12,1,2.35,207067,Y2,,,0,11.141,clean
45,52,3,2.22,1,2.48,893980,Y2,,,0,10.906,clean
45,53,3,2.30,1,2.39,843197,Y2,,,0,10.662,clean
45,54,3,2.46,1,2.42,282437,Y2,,,0,10.322,clean
45,55,3,2.63,1,2.28,43362,Y4,0.00/noise-like,0.00/noise-like,0,9.843,hump-note
45,56,3,2.69,1,2.65,644982,Y2,0.00/noise-like,0.00/noise-like,0,9.193,hump-note
45,57,3,2.78,1,2.85,2235,Y4,0.00/noise-like,0.00/noise-like,9,8.536,hump-note
45,58,3,3.30,1,2.38,1066893,Y2,0.00/noise-like,0.42/WATCH,0,7.928,hump-note
45,59,3,3.55,1,2.22,96738,Y2,0.24/noise-like,0.24/noise-like,0,7.278,hump-note
45,60,3,0,-1,0,0,-,,,0,6.432,QUARANTINE:dark-lane range=54 distinct=54
45,61,3,0,-1,0,0,-,,,0,5.590,QUARANTINE:dark-lane range=47 distinct=48
45,62,3,0,-1,0,0,-,,,0,4.691,QUARANTINE:dark-lane range=38 distinct=39
45,63,3,0,-1,0,0,-,,,0,3.938,QUARANTINE:dark-lane range=37 distinct=36
46,0,3,2.22,1,2.32,428796,Y4,,,0,19.624,clean
46,1,3,1.33,766,2.45,1157641,Y2,,,0,19.575,clean
46,2,3,1.41,1,2.43,319988,Y4,,,0,19.559,clean
46,3,3,1.71,1,2.34,1194566,Y2,,,0,19.699,clean
46,4,3,1.42,840,2.44,1269847,Y2,,,0,19.794,clean
46,5,3,1.36,936,2.21,916243,Y2,,,0,19.586,clean
46,6,3,1.49,1478,2.58,34422,Y4,,,0,19.326,clean
46,7,3,1.56,1,2.33,109076,Y2,,,0,19.083,clean
46,8,3,1.39,1394,2.70,285566,Y2,,,0,18.809,clean
46,9,3,1.40,1,2.38,237197,Y4,,,0,18.448,clean
46,10,3,1.46,1,2.35,503719,Y2,,,0,18.079,clean
46,11,3,1.46,1,2.35,1236677,Y4,,,0,17.712,clean
46,12,3,1.39,948,2.45,155210,Y4,,,0,17.186,clean
46,13,3,1.49,1,2.40,1231134,Y2,,,0,16.747,clean
46,14,3,1.45,141,2.55,140369,Y4,,,0,16.450,clean
46,15,3,1.60,1,2.61,594914,Y2,,,0,16.269,clean
46,16,3,1.50,1,2.23,1370788,Y2,,,0,16.299,clean
46,17,3,1.59,1,2.31,1321793,Y4,,,0,16.515,clean
46,18,3,1.61,1,2.48,235409,Y2,,,0,17.734,clean
46,19,3,1.54,1,2.29,1010478,Y2,,,0,16.437,clean
46,20,3,1.57,1,2.54,1131266,Y4,,,0,16.078,clean
46,21,3,1.44,1,2.40,691116,Y4,,,0,15.993,clean
46,22,3,1.39,1,2.47,1039535,Y2,,,0,15.962,clean
46,23,3,1.35,914,2.44,1054019,Y2,,,0,15.955,clean
46,24,3,1.55,1,2.32,772744,Y2,,,0,15.834,clean
46,25,3,1.57,1,2.55,411451,Y4,,,1,15.416,clean
46,26,3,1.47,1,2.30,57936,Y2,,,0,15.022,clean
46,27,3,1.66,1,2.40,673503,Y2,,,0,14.977,clean
46,28,3,1.68,1,2.40,468761,Y2,,,0,14.597,clean
46,29,3,1.60,1,2.36,825942,Y2,,,0,14.406,clean
46,30,3,1.54,1,2.24,1074225,Y2,,,0,14.172,clean
46,31,3,1.74,1,2.34,1334935,Y2,,,0,13.916,clean
46,32,3,1.39,1,2.69,877529,Y2,,,0,13.662,clean
46,33,3,1.59,1,2.35,3576,Y4,,,0,13.538,clean
46,34,3,1.56,1,2.22,992596,Y4,,,0,13.577,clean
46,35,3,1.65,1,2.69,979543,Y2,,,0,13.575,clean
46,36,3,1.88,1,2.27,841498,Y4,,,0,13.689,clean
46,37,3,1.81,1,2.52,443906,Y2,,,0,13.642,clean
46,38,3,1.58,1,2.37,968814,Y2,,,0,13.529,clean
46,39,3,1.69,1,2.40,369966,Y4,,,0,13.462,clean
46,40,3,1.89,1,2.41,1425147,Y4,,,0,13.439,clean
46,41,3,1.61,1,2.36,786602,Y2,,,0,13.413,clean
46,42,3,1.56,1,2.43,566661,Y2,,,0,13.401,clean
46,43,3,1.91,1,2.42,44346,Y4,,,0,13.308,clean
46,44,3,1.47,1,2.45,27001,Y2,,,0,13.117,clean
46,45,3,1.66,1,2.43,1436681,Y2,,,0,12.965,clean
46,46,3,1.80,1,2.24,18775,Y2,,,0,12.772,clean
46,47,3,2.07,1,2.37,554413,Y4,,,0,12.535,clean
46,48,3,3.36,1,2.47,1131713,Y2,0.00/noise-like,0.00/noise-like,0,12.162,hump-note
46,49,3,1.93,1,2.35,638992,Y4,,,0,11.760,clean
46,50,3,1.99,1,2.44,65982,Y2,,,0,11.445,clean
46,51,3,2.02,1,2.39,79572,Y2,,,0,11.141,clean
46,52,3,1.93,1,2.31,322133,Y2,,,0,10.887,clean
46,53,3,2.34,1,2.48,702918,Y4,,,0,10.653,clean
46,54,3,2.54,1,2.34,1098633,Y4,0.00/noise-like,0.24/noise-like,0,10.316,hump-note
46,55,3,2.43,1,2.48,192940,Y4,,,0,9.827,clean
46,56,3,2.64,1,2.51,314534,Y2,0.00/noise-like,0.00/noise-like,0,9.213,hump-note
46,57,3,3.00,1,2.43,23872,Y2,0.00/noise-like,0.24/noise-like,1,8.511,hump-note
46,58,3,3.05,1,2.33,1301050,Y2,0.24/noise-like,0.00/noise-like,0,7.936,hump-note
46,59,3,3.39,1,2.81,1034707,Y4,0.00/noise-like,0.24/noise-like,0,7.286,hump-note
46,60,3,0,-1,0,0,-,,,0,6.439,QUARANTINE:dark-lane range=53 distinct=54
46,61,3,0,-1,0,0,-,,,0,5.574,QUARANTINE:dark-lane range=49 distinct=50
46,62,3,0,-1,0,0,-,,,0,4.700,QUARANTINE:dark-lane range=40 distinct=40
46,63,3,0,-1,0,0,-,,,0,3.937,QUARANTINE:dark-lane range=33 distinct=34
47,0,3,2.73,1,2.41,1330733,Y2,0.00/noise-like,0.00/noise-like,0,19.659,hump-note
47,1,3,1.53,1,2.27,886291,Y4,,,0,19.579,clean
47,2,3,1.54,1,2.41,385523,Y4,,,0,19.608,clean
47,3,3,1.37,994,2.54,1223445,Y4,,,0,19.676,clean
47,4,3,1.35,353,2.48,1330376,Y2,,,0,19.782,clean
47,5,3,1.47,1,2.48,1090407,Y4,,,0,19.544,clean
47,6,3,1.40,582,2.49,129640,Y2,,,0,19.333,clean
47,7,3,1.38,695,2.43,19312,Y2,,,1,19.113,clean
47,8,3,1.37,305,2.79,137240,Y2,,,0,18.851,clean
47,9,3,1.55,1,2.31,662595,Y4,,,0,18.470,clean
47,10,3,1.44,932,2.44,909179,Y2,,,0,18.051,clean
47,11,3,1.35,1,2.30,1307577,Y2,,,0,17.717,clean
47,12,3,1.43,1,2.27,1326531,Y4,,,0,17.207,clean
47,13,3,1.72,1,2.14,922054,Y4,,,0,16.776,clean
47,14,3,1.52,1,2.43,209391,Y2,,,0,16.509,clean
47,15,3,1.70,1,2.63,1277000,Y4,,,0,16.281,clean
47,16,3,1.45,139,2.38,1250625,Y2,,,0,16.313,clean
47,17,3,1.72,1,2.52,42558,Y4,,,0,16.436,clean
47,18,3,1.61,687,2.58,93967,Y2,,,0,17.755,clean
47,19,3,1.44,1,2.43,578642,Y2,,,0,16.445,clean
47,20,3,1.45,1,2.34,271887,Y2,,,0,16.108,clean
47,21,3,1.61,1,2.60,89139,Y4,,,0,15.985,clean
47,22,3,1.48,1,2.42,969172,Y4,,,0,15.953,clean
47,23,3,1.47,1,2.33,1360685,Y4,,,0,15.925,clean
47,24,3,1.55,1,2.33,1088977,Y2,,,0,15.833,clean
47,25,3,1.51,1,5.48,2414,Y4,0.00/noise-like,0.00/noise-like,8,15.454,FAM-HIT
47,26,3,1.64,1,2.40,150383,Y2,,,0,15.026,clean
47,27,3,1.84,1,2.26,778466,Y4,,,0,15.011,clean
47,28,3,1.90,1,2.62,120163,Y4,,,0,14.595,clean
47,29,3,1.47,1,2.26,1360863,Y4,,,0,14.401,clean
47,30,3,1.52,1,2.41,1455814,Y4,,,0,14.139,clean
47,31,3,1.69,1,2.31,1166224,Y2,,,0,13.919,clean
47,32,3,1.47,1,2.49,957191,Y4,,,0,13.646,clean
47,33,3,1.92,1,2.38,812352,Y4,,,0,13.529,clean
47,34,3,1.76,1,2.26,895947,Y4,,,0,13.526,clean
47,35,3,1.89,1,2.35,1396447,Y2,,,0,13.567,clean
47,36,3,1.77,1,2.44,529468,Y4,,,0,13.685,clean
47,37,3,1.74,1,2.58,21547,Y4,,,0,13.633,clean
47,38,3,1.75,1,2.33,1402259,Y4,,,0,13.526,clean
47,39,3,1.70,1,2.64,519812,Y2,,,0,13.465,clean
47,40,3,1.69,1,2.38,735819,Y2,,,0,13.473,clean
47,41,3,1.76,1,2.56,557631,Y2,,,0,13.431,clean
47,42,3,1.67,1,2.21,215471,Y2,,,0,13.436,clean
47,43,3,1.66,1,2.73,490397,Y2,,,0,13.315,clean
47,44,3,1.68,1,2.68,611097,Y2,,,0,13.127,clean
47,45,3,1.80,1,2.77,1128495,Y4,,,0,12.958,clean
47,46,3,1.96,1,2.38,91285,Y2,,,0,12.784,clean
47,47,3,1.69,1,2.40,115871,Y4,,,0,12.558,clean
47,48,3,3.30,1,2.32,588208,Y2,0.00/noise-like,0.00/noise-like,0,12.185,hump-note
47,49,3,1.63,1,2.32,1300514,Y4,,,0,11.798,clean
47,50,3,1.94,1,2.39,1101762,Y2,,,0,11.446,clean
47,51,3,2.28,1,2.50,560403,Y2,,,0,11.137,clean
47,52,3,2.04,1,2.46,17345,Y2,,,0,10.894,clean
47,53,3,2.22,1,2.32,156820,Y2,,,0,10.655,clean
47,54,3,2.27,1,2.55,75459,Y2,,,0,10.323,clean
47,55,3,2.48,1,2.34,1145124,Y2,,,0,9.865,clean
47,56,3,2.57,1,2.38,568807,Y4,0.24/noise-like,0.00/noise-like,0,9.222,hump-note
47,57,3,2.85,1,4.95,358,Y4,0.24/noise-like,0.24/noise-like,21,8.539,FAM-HIT
47,58,3,3.00,1,2.45,465184,Y2,0.00/noise-like,0.00/noise-like,0,7.941,hump-note
47,59,3,0,-1,0,0,-,,,0,7.284,QUARANTINE:dark-lane range=62 distinct=60
47,60,3,0,-1,0,0,-,,,0,6.437,QUARANTINE:dark-lane range=57 distinct=55
47,61,3,0,-1,0,0,-,,,0,5.587,QUARANTINE:dark-lane range=49 distinct=48
47,62,3,0,-1,0,0,-,,,0,4.701,QUARANTINE:dark-lane range=39 distinct=40
47,63,3,0,-1,0,0,-,,,0,3.935,QUARANTINE:dark-lane range=36 distinct=35
48,0,3,2.33,1,2.46,693351,Y2,,,0,19.694,clean
48,1,3,1.36,256,2.30,450790,Y4,,,0,19.600,clean
48,2,3,1.37,731,2.44,380427,Y4,,,0,19.618,clean
48,3,3,1.38,345,2.25,1017898,Y2,,,0,19.682,clean
48,4,3,1.36,1345,2.39,75907,Y2,,,0,19.800,clean
48,5,3,1.42,1238,2.57,1280040,Y2,,,0,19.576,clean
48,6,3,1.51,1478,2.31,956476,Y2,,,0,19.321,clean
48,7,3,1.52,1,2.16,899076,Y4,,,1,19.088,clean
48,8,3,1.47,237,2.41,1438111,Y4,,,0,18.824,clean
48,9,3,1.44,1,2.31,1133323,Y2,,,0,18.463,clean
48,10,3,1.40,1,2.42,1280487,Y4,,,0,18.102,clean
48,11,3,1.38,1281,2.33,534564,Y4,,,0,17.732,clean
48,12,3,1.62,1,2.51,764698,Y2,,,0,17.247,clean
48,13,3,1.33,1,2.36,867963,Y2,,,0,16.761,clean
48,14,3,1.67,1,2.62,46581,Y4,,,0,16.462,clean
48,15,3,1.58,1,2.62,276715,Y2,,,0,16.284,clean
48,16,3,1.32,1,2.64,604033,Y2,,,0,16.307,clean
48,17,3,1.66,1,2.46,1153708,Y2,,,0,16.513,clean
48,18,3,1.51,660,2.34,113100,Y2,,,0,17.746,clean
48,19,3,1.48,1,2.46,128478,Y4,,,0,16.414,clean
48,20,3,1.64,1,2.50,277787,Y2,,,0,16.140,clean
48,21,3,1.60,1,2.35,597239,Y4,,,0,15.974,clean
48,22,3,1.48,1,2.34,99331,Y4,,,0,15.982,clean
48,23,3,1.37,693,2.26,662953,Y2,,,0,15.930,clean
48,24,3,1.57,1,2.57,723660,Y4,,,0,15.856,clean
48,25,3,1.65,1,11.18,2772,Y4,0.00/noise-like,0.24/noise-like,25,15.454,FAM-HIT
48,26,3,1.92,1,2.45,716329,Y2,,,0,15.009,clean
48,27,3,1.74,1,2.29,437737,Y4,,,0,14.971,clean
48,28,3,1.69,1,2.58,1105160,Y4,,,0,14.631,clean
48,29,3,1.89,1,2.42,901759,Y2,,,0,14.425,clean
48,30,3,1.48,1,2.47,51767,Y2,,,0,14.139,clean
48,31,3,1.60,1,2.34,1169086,Y2,,,0,13.870,clean
48,32,3,1.43,1,2.40,1441062,Y2,,,0,13.666,clean
48,33,3,1.87,1,2.44,1091301,Y4,,,0,13.575,clean
48,34,3,1.71,1,2.58,169605,Y4,,,0,13.536,clean
48,35,3,1.83,1,2.35,1235873,Y2,,,0,13.585,clean
48,36,3,1.74,1,2.56,833452,Y4,,,0,13.708,clean
48,37,3,1.84,1,2.23,571936,Y2,,,0,13.643,clean
48,38,3,1.91,1,2.49,873864,Y4,,,0,13.549,clean
48,39,3,1.78,1,2.37,23961,Y4,,,0,13.459,clean
48,40,3,1.99,1,2.53,758797,Y2,,,0,13.447,clean
48,41,3,1.80,1,2.85,684857,Y2,,,0,13.407,clean
48,42,3,2.03,1,2.28,486553,Y2,,,0,13.429,clean
48,43,3,1.78,1,2.41,709891,Y2,,,0,13.322,clean
48,44,3,1.72,1,2.43,788748,Y2,,,0,13.143,clean
48,45,3,1.83,1,2.47,54717,Y2,,,0,12.945,clean
48,46,3,1.98,1,2.54,850797,Y4,,,0,12.771,clean
48,47,3,1.79,1,2.35,1214504,Y4,,,0,12.539,clean
48,48,3,3.77,1,2.22,345469,Y2,0.00/noise-like,0.00/noise-like,0,12.189,hump-note
48,49,3,1.93,1,2.28,1049995,Y4,,,0,11.791,clean
48,50,3,2.19,1,2.42,503361,Y2,,,0,11.471,clean
48,51,3,2.07,1,2.22,1409054,Y4,,,0,11.135,clean
48,52,3,2.37,1,2.59,284582,Y2,,,0,10.872,clean
48,53,3,2.17,1,2.34,1154780,Y4,,,0,10.673,clean
48,54,3,2.51,1,2.35,453740,Y4,0.00/noise-like,0.00/noise-like,0,10.327,hump-note
48,55,3,2.20,1,2.23,115514,Y2,,,0,9.852,clean
48,56,3,2.47,1,2.53,1418799,Y2,,,0,9.227,clean
48,57,3,0,-1,0,0,-,,,43,8.569,QUARANTINE:sparkle n=43
48,58,3,3.32,1,2.47,949591,Y2,0.00/noise-like,0.24/noise-like,0,7.941,hump-note
48,59,3,0,-1,0,0,-,,,0,7.283,QUARANTINE:dark-lane range=61 distinct=62
48,60,3,0,-1,0,0,-,,,0,6.442,QUARANTINE:dark-lane range=59 distinct=57
48,61,3,0,-1,0,0,-,,,0,5.585,QUARANTINE:dark-lane range=49 distinct=48
48,62,3,0,-1,0,0,-,,,0,4.704,QUARANTINE:dark-lane range=42 distinct=42
48,63,3,0,-1,0,0,-,,,0,3.938,QUARANTINE:dark-lane range=35 distinct=36
49,0,3,2.09,1,2.29,374883,Y2,,,0,19.681,clean
49,1,3,1.40,1,2.56,403315,Y4,,,0,19.607,clean
49,2,3,1.51,1,2.49,163883,Y4,,,0,19.540,clean
49,3,3,1.38,107,2.50,463754,Y2,,,0,19.675,clean
49,4,3,1.39,1075,2.66,454724,Y4,,,0,19.796,clean
49,5,3,1.35,625,2.30,384003,Y4,,,0,19.573,clean
49,6,3,1.40,1,2.35,684142,Y4,,,0,19.312,clean
49,7,3,1.44,1,2.43,610918,Y2,,,0,19.134,clean
49,8,3,1.54,1,2.44,768274,Y4,,,0,18.790,clean
49,9,3,1.42,896,2.40,1282185,Y2,,,0,18.424,clean
49,10,3,1.41,1,2.31,420302,Y4,,,0,18.075,clean
49,11,3,1.39,185,2.39,66340,Y4,,,0,17.686,clean
49,12,3,1.44,1,2.61,1207978,Y2,,,0,17.229,clean
49,13,3,1.43,1,2.30,217438,Y2,,,0,16.749,clean
49,14,3,1.35,1578,2.28,455350,Y2,,,0,16.455,clean
49,15,3,1.57,1,2.55,1303285,Y4,,,0,16.240,clean
49,16,3,1.65,1,2.32,363797,Y4,,,0,16.325,clean
49,17,3,1.37,238,2.34,1054466,Y2,,,0,16.496,clean
49,18,3,1.59,818,2.53,989199,Y2,,,0,17.732,clean
49,19,3,1.40,1353,2.28,841230,Y4,,,0,16.404,clean
49,20,3,1.52,1,2.49,1063317,Y2,,,0,16.099,clean
49,21,3,1.95,1,2.46,169069,Y2,,,0,15.953,clean
49,22,3,1.54,1,2.40,184894,Y2,,,0,15.964,clean
49,23,3,1.61,1,2.40,1192421,Y4,,,0,15.948,clean
49,24,3,1.65,1,2.38,323117,Y2,,,0,15.845,clean
49,25,3,1.54,1,2.84,4292,Y4,,,3,15.444,clean
49,26,3,1.70,1,2.51,175774,Y4,,,0,15.022,clean
49,27,3,1.64,1,2.59,1196265,Y4,,,0,14.987,clean
49,28,3,1.50,1,2.21,821739,Y2,,,0,14.580,clean
49,29,3,1.71,1,2.35,794381,Y4,,,0,14.409,clean
49,30,3,1.63,1,2.34,334024,Y2,,,0,14.142,clean
49,31,3,1.67,1,2.28,1110613,Y4,,,0,13.905,clean
49,32,3,1.35,814,2.29,127405,Y2,,,0,13.642,clean
49,33,3,1.51,1,2.41,997692,Y2,,,0,13.527,clean
49,34,3,1.67,1,2.22,386417,Y4,,,0,13.529,clean
49,35,3,1.73,1,2.45,815749,Y4,,,0,13.586,clean
49,36,3,1.50,1,2.57,917763,Y4,,,0,13.723,clean
49,37,3,1.81,1,2.62,1433820,Y4,,,0,13.658,clean
49,38,3,1.71,1,2.32,933677,Y4,,,0,13.517,clean
49,39,3,1.65,1,2.27,603229,Y2,,,0,13.468,clean
49,40,3,1.84,1,2.52,306666,Y2,,,0,13.434,clean
49,41,3,1.88,1,2.36,1043200,Y2,,,0,13.453,clean
49,42,3,1.87,1,2.40,1087993,Y2,,,0,13.415,clean
49,43,3,1.49,1,2.30,131518,Y2,,,0,13.331,clean
49,44,3,1.71,1,2.31,1078248,Y4,,,0,13.130,clean
49,45,3,1.75,1,2.28,1272529,Y4,,,0,12.927,clean
49,46,3,1.93,1,2.54,720620,Y2,,,0,12.790,clean
49,47,3,1.95,1,2.31,941277,Y4,,,0,12.539,clean
49,48,3,3.24,1,2.31,151634,Y2,0.24/noise-like,0.24/noise-like,0,12.165,hump-note
49,49,3,2.09,1,2.27,988841,Y2,,,0,11.757,clean
49,50,3,2.21,1,2.66,963092,Y4,,,0,11.437,clean
49,51,3,2.16,1,2.37,156015,Y4,,,0,11.111,clean
49,52,3,2.22,1,2.41,937521,Y2,,,0,10.875,clean
49,53,3,2.22,1,2.60,545740,Y2,,,0,10.688,clean
49,54,3,2.06,1,2.38,200093,Y2,,,0,10.323,clean
49,55,3,2.23,1,2.47,437111,Y2,,,0,9.840,clean
49,56,3,2.30,1,2.74,737429,Y2,,,0,9.203,clean
49,57,3,3.04,1,4.08,358,Y4,0.24/noise-like,0.24/noise-like,9,8.526,FAM-HIT
49,58,3,3.14,1,2.41,1416296,Y2,0.00/noise-like,0.24/noise-like,0,7.947,hump-note
49,59,3,0,-1,0,0,-,,,0,7.273,QUARANTINE:dark-lane range=64 distinct=62
49,60,3,0,-1,0,0,-,,,0,6.425,QUARANTINE:dark-lane range=55 distinct=54
49,61,3,0,-1,0,0,-,,,0,5.587,QUARANTINE:dark-lane range=47 distinct=48
49,62,3,0,-1,0,0,-,,,0,4.691,QUARANTINE:dark-lane range=42 distinct=43
49,63,3,0,-1,0,0,-,,,0,3.937,QUARANTINE:dark-lane range=34 distinct=34
50,0,3,2.53,1,2.72,645965,Y4,0.00/noise-like,0.24/noise-like,0,19.677,hump-note
50,1,3,1.40,1,2.42,1124293,Y4,,,0,19.572,clean
50,2,3,1.51,1,2.38,1446694,Y2,,,0,19.579,clean
50,3,3,1.42,429,2.35,734389,Y4,,,0,19.661,clean
50,4,3,1.37,972,2.59,239253,Y2,,,0,19.788,clean
50,5,3,1.32,1,2.41,493348,Y4,,,0,19.555,clean
50,6,3,1.43,64,2.51,555217,Y4,,,0,19.274,clean
50,7,3,1.57,1,2.40,1062423,Y4,,,0,19.096,clean
50,8,3,1.56,1,2.44,336885,Y2,,,0,18.828,clean
50,9,3,1.42,1,2.46,1390904,Y4,,,0,18.415,clean
50,10,3,1.39,1516,2.38,162989,Y2,,,0,18.070,clean
50,11,3,1.67,1,2.41,932693,Y2,,,0,17.734,clean
50,12,3,1.41,1,2.46,920624,Y2,,,0,17.221,clean
50,13,3,1.48,1,2.43,160664,Y4,,,0,16.753,clean
50,14,3,1.45,1,2.44,470191,Y4,,,0,16.453,clean
50,15,3,1.70,1,2.49,1337260,Y2,,,0,16.258,clean
50,16,3,1.40,1,2.66,533134,Y4,,,0,16.287,clean
50,17,3,1.39,425,2.37,112027,Y4,,,0,16.477,clean
50,18,3,1.61,1,2.32,396430,Y4,,,0,17.740,clean
50,19,3,1.35,164,2.42,86635,Y2,,,0,16.427,clean
50,20,3,1.46,478,2.30,164062,Y4,,,0,16.134,clean
50,21,3,1.64,1,2.77,737518,Y2,,,0,15.978,clean
50,22,3,1.72,1,2.50,13143,Y2,,,0,15.955,clean
50,23,3,1.49,1,2.32,146806,Y4,,,0,15.921,clean
50,24,3,1.68,1,2.48,114262,Y2,,,0,15.850,clean
50,25,3,1.69,1,4.42,80019,Y4,0.00/noise-like,0.00/noise-like,4,15.442,FAM-HIT
50,26,3,1.72,1,2.36,777215,Y4,,,0,14.993,clean
50,27,3,1.76,616,2.48,76264,Y4,,,0,14.964,clean
50,28,3,1.89,1,2.16,196785,Y2,,,0,14.555,clean
50,29,3,1.62,1,2.77,786602,Y2,,,0,14.418,clean
50,30,3,1.70,1,2.72,819951,Y4,,,0,14.150,clean
50,31,3,1.71,1,2.49,816286,Y4,,,0,13.908,clean
50,32,3,1.45,1,2.30,1276016,Y4,,,0,13.649,clean
50,33,3,2.05,1,2.41,675917,Y4,,,0,13.540,clean
50,34,3,1.83,1,2.48,59903,Y4,,,0,13.510,clean
50,35,3,1.71,1,2.39,450253,Y2,,,0,13.586,clean
50,36,3,1.65,1,2.48,1118571,Y4,,,0,13.696,clean
50,37,3,1.85,1,2.41,15020,Y2,,,0,13.652,clean
50,38,3,1.78,1,2.86,1172215,Y4,,,0,13.554,clean
50,39,3,1.72,1,2.56,498086,Y4,,,0,13.444,clean
50,40,3,1.76,1,2.45,1369894,Y2,,,0,13.423,clean
50,41,3,1.95,1,2.43,342965,Y4,,,0,13.419,clean
50,42,3,1.91,1,2.32,1223624,Y2,,,0,13.370,clean
50,43,3,1.87,1,2.25,918031,Y2,,,0,13.311,clean
50,44,3,1.68,1,2.18,910074,Y2,,,0,13.125,clean
50,45,3,1.73,1,2.61,1277089,Y4,,,0,12.937,clean
50,46,3,1.57,1,2.45,577033,Y2,,,0,12.767,clean
50,47,3,1.84,1,2.44,1201272,Y2,,,0,12.529,clean
50,48,3,3.10,1,2.60,1153886,Y4,0.00/noise-like,0.00/noise-like,0,12.146,hump-note
50,49,3,1.94,1,2.54,333667,Y2,,,0,11.748,clean
50,50,3,2.05,1,2.62,1253843,Y2,,,0,11.445,clean
50,51,3,2.38,1,2.39,404835,Y2,,,0,11.119,clean
50,52,3,1.97,1,2.53,1304269,Y4,,,0,10.878,clean
50,53,3,2.44,1,2.37,302017,Y2,,,0,10.665,clean
50,54,3,2.00,1,2.24,1183748,Y2,,,0,10.323,clean
50,55,3,2.39,1,2.42,1388580,Y4,,,0,9.826,clean
50,56,3,2.63,1,2.28,124454,Y2,0.00/noise-like,0.00/noise-like,0,9.235,hump-note
50,57,3,3.14,1,5.81,5275,Y4,0.00/noise-like,0.24/noise-like,5,8.522,FAM-HIT
50,58,3,3.09,1,2.38,1205206,Y4,0.00/noise-like,0.00/noise-like,0,7.924,hump-note
50,59,3,0,-1,0,0,-,,,0,7.272,QUARANTINE:dark-lane range=67 distinct=62
50,60,3,0,-1,0,0,-,,,0,6.438,QUARANTINE:dark-lane range=58 distinct=57
50,61,3,0,-1,0,0,-,,,0,5.595,QUARANTINE:dark-lane range=49 distinct=47
50,62,3,0,-1,0,0,-,,,0,4.687,QUARANTINE:dark-lane range=42 distinct=43
50,63,3,0,-1,0,0,-,,,0,3.933,QUARANTINE:dark-lane range=33 distinct=34
51,0,3,2.74,1,2.36,797510,Y4,0.24/noise-like,0.00/noise-like,0,19.657,hump-note
51,1,3,1.56,1,2.37,1083791,Y4,,,0,19.602,clean
51,2,3,1.41,1156,2.27,1141816,Y4,,,0,19.593,clean
51,3,3,1.33,977,2.51,346541,Y2,,,0,19.704,clean
51,4,3,1.34,1265,2.36,732422,Y2,,,0,19.779,clean
51,5,3,1.39,1399,2.22,244796,Y4,,,0,19.546,clean
51,6,3,1.46,1465,2.24,1258671,Y2,,,0,19.329,clean
51,7,3,1.42,1,2.51,800908,Y2,,,0,19.100,clean
51,8,3,1.42,30,2.35,1187325,Y2,,,0,18.837,clean
51,9,3,1.35,412,2.36,425309,Y2,,,0,18.455,clean
51,10,3,1.40,1,2.40,734478,Y2,,,0,18.074,clean
51,11,3,1.59,1,2.28,608772,Y4,,,0,17.703,clean
51,12,3,1.45,1,2.26,85920,Y2,,,0,17.205,clean
51,13,3,1.34,1,2.56,460714,Y4,,,0,16.757,clean
51,14,3,1.62,1,2.46,513643,Y4,,,0,16.448,clean
51,15,3,1.66,1,2.33,820756,Y4,,,0,16.281,clean
51,16,3,1.56,1,2.25,1321703,Y2,,,0,16.299,clean
51,17,3,1.49,1,2.56,781685,Y2,,,0,16.479,clean
51,18,3,1.49,707,2.46,1335740,Y4,,,0,17.740,clean
51,19,3,1.38,1013,2.57,1143694,Y2,,,0,16.415,clean
51,20,3,1.62,1,2.39,1215041,Y4,,,0,16.119,clean
51,21,3,1.41,1,2.63,23067,Y4,,,0,15.964,clean
51,22,3,1.71,1,2.41,981241,Y4,,,0,15.936,clean
51,23,3,1.77,1,2.50,564605,Y4,,,0,15.941,clean
51,24,3,1.47,1,2.29,457853,Y2,,,0,15.853,clean
51,25,3,1.63,1,2.92,171036,Y4,,,5,15.439,clean
51,26,3,1.55,1,2.46,53197,Y2,,,0,15.011,clean
51,27,3,1.87,1,2.20,812888,Y4,,,0,14.964,clean
51,28,3,1.55,1,2.30,857323,Y4,,,0,14.599,clean
51,29,3,1.67,1,2.43,1423806,Y2,,,0,14.401,clean
51,30,3,1.95,1,2.58,539482,Y2,,,0,14.157,clean
51,31,3,1.85,1,2.56,1354069,Y2,,,0,13.899,clean
51,32,3,1.35,374,2.40,885487,Y4,,,0,13.662,clean
51,33,3,1.75,1,2.42,643551,Y2,,,0,13.538,clean
51,34,3,1.66,1,2.45,1143605,Y2,,,0,13.508,clean
51,35,3,1.88,1,2.38,922322,Y2,,,0,13.585,clean
51,36,3,1.93,1,2.68,1464844,Y4,,,0,13.688,clean
51,37,3,1.77,1,2.42,504434,Y4,,,0,13.654,clean
51,38,3,1.71,1,2.51,1223981,Y4,,,0,13.494,clean
51,39,3,1.80,1,2.31,301927,Y2,,,0,13.481,clean
51,40,3,1.91,1,2.53,263393,Y2,,,0,13.426,clean
51,41,3,1.82,1,2.35,194371,Y2,,,0,13.406,clean
51,42,3,1.75,1,2.60,1141012,Y4,,,0,13.389,clean
51,43,3,1.71,1,2.41,755310,Y4,,,0,13.322,clean
51,44,3,1.88,1,2.37,21458,Y4,,,0,13.121,clean
51,45,3,1.83,1,2.59,151098,Y2,,,0,12.961,clean
51,46,3,2.05,1,2.38,204295,Y2,,,0,12.773,clean
51,47,3,2.11,1,2.38,568718,Y2,,,0,12.517,clean
51,48,3,3.99,1,2.36,893533,Y4,0.00/noise-like,0.00/noise-like,0,12.167,hump-note
51,49,3,2.07,1,2.33,530452,Y4,,,0,11.773,clean
51,50,3,2.15,1,2.29,1328140,Y4,,,0,11.445,clean
51,51,3,2.03,1,2.48,550121,Y2,,,0,11.124,clean
51,52,3,2.21,1,2.35,1039714,Y4,,,0,10.891,clean
51,53,3,2.12,1,2.33,154048,Y4,,,0,10.684,clean
51,54,3,2.37,1,2.43,380158,Y4,,,0,10.308,clean
51,55,3,2.33,1,2.28,469744,Y4,,,0,9.846,clean
51,56,3,2.83,1,2.33,103980,Y4,0.00/noise-like,0.24/noise-like,0,9.211,hump-note
51,57,3,3.04,1,6.11,2593,Y4,0.00/noise-like,0.00/noise-like,8,8.554,FAM-HIT
51,58,3,3.25,1,2.33,1305431,Y2,0.42/WATCH,0.00/noise-like,0,7.939,hump-note
51,59,3,0,-1,0,0,-,,,0,7.284,QUARANTINE:dark-lane range=68 distinct=63
51,60,3,0,-1,0,0,-,,,0,6.438,QUARANTINE:dark-lane range=57 distinct=57
51,61,3,0,-1,0,0,-,,,0,5.580,QUARANTINE:dark-lane range=49 distinct=50
51,62,3,0,-1,0,0,-,,,0,4.698,QUARANTINE:dark-lane range=45 distinct=42
51,63,3,0,-1,0,0,-,,,0,3.933,QUARANTINE:dark-lane range=35 distinct=35
52,0,3,2.73,1,2.39,212967,Y2,0.24/noise-like,0.00/noise-like,0,19.690,hump-note
52,1,3,1.41,1088,2.42,623614,Y4,,,0,19.599,clean
52,2,3,1.33,566,2.33,1221031,Y4,,,0,19.561,clean
52,3,3,1.34,818,2.49,951737,Y4,,,0,19.663,clean
52,4,3,1.39,1,2.44,1208156,Y4,,,0,19.753,clean
52,5,3,1.35,1101,2.51,274122,Y2,,,0,19.585,clean
52,6,3,1.38,857,2.33,1040429,Y2,,,0,19.303,clean
52,7,3,1.43,1,2.32,1445979,Y4,,,0,19.077,clean
52,8,3,1.57,1,2.48,84668,Y2,,,0,18.802,clean
52,9,3,1.36,1,2.29,1377046,Y2,,,0,18.430,clean
52,10,3,1.40,236,2.23,196427,Y2,,,0,18.093,clean
52,11,3,1.38,1162,2.46,984728,Y2,,,0,17.710,clean
52,12,3,1.44,1,2.46,912040,Y2,,,0,17.232,clean
52,13,3,1.59,1,2.46,979453,Y2,,,0,16.763,clean
52,14,3,1.56,1,2.35,33081,Y4,,,0,16.471,clean
52,15,3,1.39,1,2.49,869840,Y2,,,0,16.249,clean
52,16,3,1.44,1,2.39,77516,Y2,,,0,16.319,clean
52,17,3,1.47,1,2.45,367194,Y2,,,0,16.508,clean
52,18,3,1.51,636,2.47,34958,Y4,,,0,17.721,clean
52,19,3,1.41,1222,2.53,1046509,Y4,,,0,16.436,clean
52,20,3,1.53,1,2.42,80466,Y4,,,0,16.104,clean
52,21,3,1.60,1,2.78,478417,Y2,,,0,15.956,clean
52,22,3,1.63,1,2.31,1384020,Y4,,,0,15.940,clean
52,23,3,1.51,1,2.50,1204938,Y2,,,0,15.948,clean
52,24,3,1.41,1,2.48,758439,Y2,,,0,15.844,clean
52,25,3,1.54,1,2.67,727147,Y2,,,0,15.444,clean
52,26,3,1.45,1,2.43,758350,Y2,,,0,15.033,clean
52,27,3,1.56,1,2.33,220120,Y4,,,0,14.990,clean
52,28,3,1.59,993,2.78,526071,Y4,,,0,14.586,clean
52,29,3,1.72,1,2.26,1378387,Y2,,,0,14.400,clean
52,30,3,1.84,1,2.48,608146,Y4,,,0,14.173,clean
52,31,3,1.59,1,2.34,504792,Y2,,,0,13.910,clean
52,32,3,1.39,899,2.28,180423,Y4,,,0,13.677,clean
52,33,3,1.77,1,2.29,1447588,Y4,,,0,13.529,clean
52,34,3,1.73,1,2.66,828177,Y4,,,0,13.528,clean
52,35,3,1.90,1,2.58,899702,Y4,,,0,13.572,clean
52,36,3,1.72,1,2.28,781238,Y2,,,0,13.687,clean
52,37,3,1.84,1,2.50,880122,Y4,,,0,13.635,clean
52,38,3,1.77,1,2.38,278145,Y2,,,0,13.508,clean
52,39,3,1.95,1,2.39,680923,Y2,,,0,13.467,clean
52,40,3,1.74,1,2.49,642121,Y4,,,0,13.415,clean
52,41,3,1.73,1,2.44,1117945,Y4,,,0,13.411,clean
52,42,3,1.71,1,2.40,1265287,Y4,,,0,13.400,clean
52,43,3,1.62,1,2.27,405014,Y4,,,0,13.318,clean
52,44,3,2.01,1,2.40,569522,Y2,,,0,13.122,clean
52,45,3,1.90,1,2.73,458837,Y2,,,0,12.923,clean
52,46,3,1.85,1,2.46,679672,Y4,,,0,12.768,clean
52,47,3,1.85,1,2.37,1268327,Y2,,,0,12.541,clean
52,48,3,3.63,1,2.46,896394,Y2,0.24/noise-like,0.42/WATCH,0,12.166,hump-note
52,49,3,2.15,1,2.64,406265,Y2,,,0,11.758,clean
52,50,3,2.03,1,2.48,176042,Y2,,,0,11.441,clean
52,51,3,1.89,1,2.42,80109,Y4,,,0,11.154,clean
52,52,3,1.89,1,2.32,560135,Y4,,,0,10.890,clean
52,53,3,2.05,1,2.35,1367033,Y2,,,0,10.668,clean
52,54,3,2.22,1,2.46,1175702,Y4,,,0,10.308,clean
52,55,3,2.28,1,2.45,870913,Y2,,,0,9.852,clean
52,56,3,2.67,1,2.55,7331,Y4,0.00/noise-like,0.00/noise-like,0,9.217,hump-note
52,57,3,3.12,1,2.65,582486,Y2,0.24/noise-like,0.00/noise-like,0,8.521,hump-note
52,58,3,2.92,1,2.51,939757,Y4,0.24/noise-like,0.24/noise-like,0,7.932,hump-note
52,59,3,0,-1,0,0,-,,,0,7.268,QUARANTINE:dark-lane range=64 distinct=62
52,60,3,0,-1,0,0,-,,,0,6.431,QUARANTINE:dark-lane range=56 distinct=56
52,61,3,0,-1,0,0,-,,,0,5.575,QUARANTINE:dark-lane range=47 distinct=48
52,62,3,0,-1,0,0,-,,,0,4.691,QUARANTINE:dark-lane range=40 distinct=41
52,63,3,0,-1,0,0,-,,,0,3.933,QUARANTINE:dark-lane range=36 distinct=36
53,0,3,3.73,1,2.28,881821,Y2,0.00/noise-like,0.00/noise-like,0,19.635,hump-note
53,1,3,1.47,842,2.35,534028,Y2,,,0,19.570,clean
53,2,3,1.40,1,2.46,896305,Y4,,,0,19.589,clean
53,3,3,1.35,1554,2.49,227541,Y2,,,0,19.669,clean
53,4,3,1.32,1436,2.38,701845,Y4,,,0,19.820,clean
53,5,3,1.47,1,2.42,819862,Y4,,,0,19.532,clean
53,6,3,1.39,1,2.40,540107,Y4,,,0,19.295,clean
53,7,3,1.31,189,2.24,469923,Y2,,,0,19.079,clean
53,8,3,1.45,1,2.37,1120269,Y4,,,0,18.808,clean
53,9,3,1.62,1,2.43,356466,Y4,,,0,18.449,clean
53,10,3,1.38,425,2.67,1197338,Y4,,,0,18.092,clean
53,11,3,1.51,1,2.42,256598,Y2,,,0,17.701,clean
53,12,3,1.71,1,2.50,636220,Y4,,,0,17.229,clean
53,13,3,1.68,1,2.32,176668,Y4,,,0,16.753,clean
53,14,3,1.50,1,2.30,599474,Y4,,,0,16.430,clean
53,15,3,1.48,1,2.39,42290,Y2,,,0,16.271,clean
53,16,3,1.41,1472,2.78,43720,Y2,,,0,16.307,clean
53,17,3,1.68,1,2.44,142425,Y4,,,0,16.499,clean
53,18,3,1.56,846,2.38,886917,Y4,,,0,17.752,clean
53,19,3,1.67,1,2.30,119001,Y2,,,0,16.433,clean
53,20,3,1.45,1,2.37,153422,Y4,,,0,16.099,clean
53,21,3,1.64,1,2.38,170588,Y2,,,0,15.963,clean
53,22,3,1.79,1,2.39,1124382,Y4,,,0,15.953,clean
53,23,3,1.54,1,2.39,425935,Y2,,,0,15.890,clean
53,24,3,1.48,1,2.34,1184285,Y2,,,0,15.840,clean
53,25,3,1.48,1,2.45,1290858,Y4,,,0,15.451,clean
53,26,3,1.45,357,2.39,812888,Y4,,,0,15.035,clean
53,27,3,1.70,610,2.31,2503,Y2,,,0,14.980,clean
53,28,3,1.67,1,2.49,65356,Y4,,,0,14.594,clean
53,29,3,1.67,1,2.38,1058310,Y2,,,0,14.386,clean
53,30,3,1.44,1,2.38,669569,Y2,,,0,14.145,clean
53,31,3,1.70,1,2.36,995636,Y2,,,0,13.879,clean
53,32,3,1.37,404,2.48,1438648,Y2,,,0,13.670,clean
53,33,3,1.41,1,2.32,194281,Y4,,,0,13.518,clean
53,34,3,1.77,1,2.32,534654,Y2,,,0,13.504,clean
53,35,3,1.67,1,2.47,203222,Y4,,,0,13.609,clean
53,36,3,1.60,1,2.35,1159519,Y2,,,0,13.698,clean
53,37,3,1.65,1,2.67,496835,Y4,,,0,13.643,clean
53,38,3,1.64,1,2.48,1157463,Y2,,,0,13.556,clean
53,39,3,1.45,1,2.44,935823,Y2,,,0,13.477,clean
53,40,3,1.74,1,2.27,870019,Y4,,,0,13.420,clean
53,41,3,1.67,1,2.48,105053,Y2,,,0,13.402,clean
53,42,3,1.76,1,2.37,109166,Y2,,,0,13.430,clean
53,43,3,1.77,1,2.32,1049280,Y2,,,0,13.309,clean
53,44,3,1.98,1,2.37,367820,Y4,,,0,13.110,clean
53,45,3,2.00,1,2.34,662059,Y4,,,0,12.957,clean
53,46,3,1.86,1,2.27,1390994,Y2,,,0,12.786,clean
53,47,3,1.76,1,2.58,940561,Y4,,,0,12.531,clean
53,48,3,3.43,1,2.43,1315802,Y4,0.00/noise-like,0.00/noise-like,0,12.178,hump-note
53,49,3,1.86,1,2.53,947088,Y2,,,0,11.775,clean
53,50,3,2.41,1,2.39,182658,Y4,,,0,11.458,clean
53,51,3,2.10,1,2.35,1124561,Y4,,,0,11.103,clean
53,52,3,2.38,1,2.42,1109540,Y2,,,0,10.891,clean
53,53,3,2.07,1,2.55,192046,Y4,,,0,10.657,clean
53,54,3,2.39,1,2.39,570148,Y4,,,0,10.317,clean
53,55,3,2.39,1,2.27,939578,Y2,,,0,9.855,clean
53,56,3,2.52,1,2.41,209481,Y4,0.24/noise-like,0.00/noise-like,0,9.213,hump-note
53,57,3,3.15,1,2.55,539839,Y4,0.00/noise-like,0.00/noise-like,0,8.530,hump-note
53,58,3,3.00,1,2.42,74029,Y4,0.00/noise-like,0.00/noise-like,0,7.919,hump-note
53,59,3,0,-1,0,0,-,,,0,7.270,QUARANTINE:dark-lane range=65 distinct=63
53,60,3,0,-1,0,0,-,,,0,6.425,QUARANTINE:dark-lane range=56 distinct=56
53,61,3,0,-1,0,0,-,,,0,5.584,QUARANTINE:dark-lane range=52 distinct=52
53,62,3,0,-1,0,0,-,,,0,4.694,QUARANTINE:dark-lane range=41 distinct=41
53,63,3,0,-1,0,0,-,,,0,3.939,QUARANTINE:dark-lane range=36 distinct=37
54,0,3,2.73,1,2.43,854284,Y2,0.24/noise-like,0.00/noise-like,0,19.664,hump-note
54,1,3,1.37,1053,2.50,1144052,Y4,,,0,19.610,clean
54,2,3,1.57,1,2.47,636041,Y4,,,0,19.598,clean
54,3,3,1.36,599,2.44,216991,Y4,,,0,19.665,clean
54,4,3,1.42,856,2.29,1054555,Y4,,,0,19.788,clean
54,5,3,1.36,1,2.67,1298279,Y2,,,0,19.574,clean
54,6,3,1.48,1,2.41,1399755,Y4,,,0,19.318,clean
54,7,3,1.44,1,2.38,111759,Y2,,,0,19.118,clean
54,8,3,1.34,969,2.34,879228,Y2,,,0,18.825,clean
54,9,3,1.46,1,2.26,978559,Y2,,,0,18.424,clean
54,10,3,1.34,1535,2.29,234425,Y2,,,0,18.098,clean
54,11,3,1.57,1,2.64,902742,Y4,,,0,17.720,clean
54,12,3,1.68,1,2.41,100851,Y4,,,0,17.229,clean
54,13,3,1.70,1,2.34,351906,Y2,,,0,16.723,clean
54,14,3,1.70,1,2.47,1139581,Y2,,,0,16.443,clean
54,15,3,1.71,1,2.45,292808,Y2,,,0,16.277,clean
54,16,3,1.34,727,2.37,500768,Y2,,,0,16.309,clean
54,17,3,1.43,1,2.41,614405,Y2,,,0,16.475,clean
54,18,3,1.58,1,2.59,989825,Y4,,,0,17.758,clean
54,19,3,1.50,1,2.46,663221,Y4,,,0,16.406,clean
54,20,3,1.46,1,2.56,279129,Y2,,,0,16.099,clean
54,21,3,1.90,1,2.31,808150,Y2,,,0,15.978,clean
54,22,3,1.57,1,2.60,1464844,Y4,,,0,15.987,clean
54,23,3,1.49,1,2.40,1184464,Y2,,,0,15.911,clean
54,24,3,1.79,1,2.23,156283,Y4,,,0,15.802,clean
54,25,3,1.83,1,2.57,765592,Y2,,,0,15.415,clean
54,26,3,1.73,1,2.47,151902,Y2,,,0,15.036,clean
54,27,3,1.62,1,2.43,10997,Y2,,,0,14.996,clean
54,28,3,1.87,1,2.37,1178831,Y4,,,0,14.566,clean
54,29,3,2.01,1,2.38,710607,Y4,,,0,14.412,clean
54,30,3,1.92,1,2.36,642568,Y4,,,0,14.154,clean
54,31,3,1.98,1,2.29,329465,Y2,,,0,13.906,clean
54,32,3,1.42,1,2.59,871807,Y2,,,0,13.654,clean
54,33,3,1.58,1,2.44,381589,Y4,,,0,13.534,clean
54,34,3,1.85,1,2.38,38445,Y4,,,0,13.514,clean
54,35,3,1.71,1,2.28,341892,Y2,,,0,13.572,clean
54,36,3,1.53,1,2.30,1026839,Y2,,,0,13.693,clean
54,37,3,1.62,1,2.54,1045883,Y2,,,0,13.650,clean
54,38,3,1.94,1,2.44,449359,Y4,,,0,13.519,clean
54,39,3,1.86,1,2.42,5543,Y2,,,0,13.459,clean
54,40,3,1.68,1,2.32,893712,Y4,,,0,13.433,clean
54,41,3,1.83,1,2.30,151545,Y2,,,0,13.422,clean
54,42,3,1.61,1,2.48,1003861,Y2,,,0,13.401,clean
54,43,3,1.81,1,2.46,1000643,Y4,,,0,13.310,clean
54,44,3,1.83,1,2.42,551730,Y2,,,0,13.134,clean
54,45,3,1.68,1,2.59,506222,Y4,,,0,12.975,clean
54,46,3,1.72,1,2.31,1251429,Y2,,,0,12.787,clean
54,47,3,1.84,1,2.41,241131,Y4,,,0,12.537,clean
54,48,3,3.33,1,2.52,740290,Y2,0.24/noise-like,0.00/noise-like,0,12.171,hump-note
54,49,3,2.01,1,2.25,1301318,Y4,,,0,11.774,clean
54,50,3,2.22,1,2.36,836849,Y4,,,0,11.451,clean
54,51,3,1.87,1,2.28,84043,Y2,,,0,11.121,clean
54,52,3,2.31,1,2.35,54538,Y2,,,0,10.896,clean
54,53,3,2.18,1,2.35,1138508,Y2,,,0,10.659,clean
54,54,3,2.49,1,2.40,479490,Y2,,,0,10.317,clean
54,55,3,2.25,1,2.47,768095,Y4,,,0,9.857,clean
54,56,3,2.20,1,2.49,739038,Y2,,,0,9.213,clean
54,57,3,2.79,1,2.48,1420498,Y4,0.24/noise-like,0.00/noise-like,1,8.514,hump-note
54,58,3,2.81,1,2.21,428349,Y2,0.00/noise-like,0.00/noise-like,0,7.939,hump-note
54,59,3,0,-1,0,0,-,,,0,7.276,QUARANTINE:dark-lane range=64 distinct=61
54,60,3,0,-1,0,0,-,,,0,6.434,QUARANTINE:dark-lane range=57 distinct=55
54,61,3,0,-1,0,0,-,,,0,5.584,QUARANTINE:dark-lane range=52 distinct=51
54,62,3,0,-1,0,0,-,,,0,4.701,QUARANTINE:dark-lane range=41 distinct=41
54,63,3,0,-1,0,0,-,,,0,3.937,QUARANTINE:dark-lane range=33 distinct=34
55,0,3,3.24,1,2.52,186861,Y2,0.00/noise-like,0.00/noise-like,0,19.680,hump-note
55,1,3,1.41,1,2.19,1320362,Y2,,,0,19.576,clean
55,2,3,1.38,1,2.24,742882,Y2,,,0,19.574,clean
55,3,3,1.39,209,2.29,894874,Y4,,,0,19.646,clean
55,4,3,1.42,1,2.40,904977,Y4,,,0,19.810,clean
55,5,3,1.58,1,2.63,487894,Y2,,,0,19.570,clean
55,6,3,1.50,1478,2.29,1079768,Y2,,,0,19.331,clean
55,7,3,1.45,1,2.48,560582,Y2,,,0,19.117,clean
55,8,3,1.58,1,2.45,804752,Y2,,,0,18.829,clean
55,9,3,1.58,1,2.47,124276,Y4,,,0,18.440,clean
55,10,3,1.41,943,2.53,391245,Y4,,,0,18.087,clean
55,11,3,1.40,1,2.29,755936,Y4,,,0,17.726,clean
55,12,3,1.43,1,2.52,148773,Y2,,,0,17.214,clean
55,13,3,1.39,1,2.45,1038373,Y2,,,0,16.748,clean
55,14,3,1.48,1,2.48,1381695,Y4,,,0,16.449,clean
55,15,3,1.52,1,2.54,864029,Y4,,,0,16.257,clean
55,16,3,1.46,1,2.28,1172483,Y4,,,0,16.321,clean
55,17,3,1.58,1,2.29,105500,Y2,,,0,16.473,clean
55,18,3,1.53,899,2.30,353068,Y2,,,0,17.713,clean
55,19,3,1.38,1043,2.46,1097739,Y2,,,0,16.421,clean
55,20,3,1.51,1,2.47,13590,Y2,,,0,16.067,clean
55,21,3,1.57,1,2.36,279129,Y4,,,0,15.980,clean
55,22,3,1.39,1,2.48,79572,Y2,,,0,15.934,clean
55,23,3,1.51,1,2.33,190258,Y2,,,0,15.903,clean
55,24,3,1.84,1,2.39,636220,Y4,,,0,15.826,clean
55,25,3,1.53,1,2.27,211895,Y2,,,0,15.456,clean
55,26,3,1.51,1,2.39,1200736,Y2,,,0,15.003,clean
55,27,3,1.67,624,2.30,530004,Y2,,,0,14.956,clean
55,28,3,1.62,1,2.39,438184,Y4,,,0,14.599,clean
55,29,3,1.45,1,2.31,340998,Y2,,,0,14.419,clean
55,30,3,1.76,1,2.38,336975,Y4,,,0,14.168,clean
55,31,3,1.73,1,2.48,4202,Y4,,,0,13.902,clean
55,32,3,1.35,191,2.42,198036,Y4,,,0,13.669,clean
55,33,3,1.63,1,2.16,126690,Y2,,,0,13.527,clean
55,34,3,1.79,1,2.35,1263589,Y2,,,0,13.522,clean
55,35,3,1.60,1,2.21,1458675,Y2,,,0,13.572,clean
55,36,3,1.57,1,2.77,169337,Y4,,,0,13.660,clean
55,37,3,1.89,1,2.48,37372,Y4,,,0,13.650,clean
55,38,3,1.84,1,2.35,1049370,Y2,,,0,13.527,clean
55,39,3,1.87,1,2.34,138313,Y2,,,0,13.485,clean
55,40,3,1.95,1,2.21,928760,Y2,,,0,13.423,clean
55,41,3,1.84,1,2.50,499248,Y2,,,0,13.416,clean
55,42,3,1.77,1,2.44,410914,Y4,,,0,13.407,clean
55,43,3,1.87,1,2.35,1418442,Y2,,,0,13.313,clean
55,44,3,1.77,1,2.54,591695,Y4,,,0,13.110,clean
55,45,3,1.80,1,2.35,1321614,Y2,,,0,12.928,clean
55,46,3,1.91,1,2.72,514537,Y4,,,0,12.773,clean
55,47,3,1.77,1,2.27,428438,Y2,,,0,12.535,clean
55,48,3,3.54,1,2.44,516862,Y2,0.00/noise-like,0.00/noise-like,0,12.168,hump-note
55,49,3,1.97,1,2.59,931621,Y2,,,0,11.766,clean
55,50,3,1.80,1,2.34,695497,Y2,,,0,11.442,clean
55,51,3,2.21,1,2.23,1286924,Y4,,,0,11.125,clean
55,52,3,2.12,1,14.18,358,Y4,0.00/noise-like,0.00/noise-like,0,10.971,FAM-HIT
55,53,3,1.82,1,2.32,1106501,Y2,,,0,10.670,clean
55,54,3,2.22,1,2.47,213146,Y2,,,0,10.339,clean
55,55,3,2.51,1,2.51,1117766,Y4,0.00/noise-like,0.00/noise-like,0,9.820,hump-note
55,56,3,2.70,1,2.40,1339316,Y2,0.00/noise-like,0.24/noise-like,0,9.204,hump-note
55,57,3,2.88,1,2.37,914544,Y2,0.00/noise-like,0.00/noise-like,0,8.538,hump-note
55,58,3,2.97,1,2.61,1254737,Y2,0.00/noise-like,0.00/noise-like,0,7.944,hump-note
55,59,3,3.22,1,2.50,851691,Y2,0.00/noise-like,0.00/noise-like,0,7.269,hump-note
55,60,3,0,-1,0,0,-,,,0,6.435,QUARANTINE:dark-lane range=55 distinct=55
55,61,3,0,-1,0,0,-,,,0,5.579,QUARANTINE:dark-lane range=51 distinct=51
55,62,3,0,-1,0,0,-,,,0,4.691,QUARANTINE:dark-lane range=43 distinct=41
55,63,3,0,-1,0,0,-,,,0,3.936,QUARANTINE:dark-lane range=35 distinct=36
56,0,3,2.65,1,2.38,134915,Y2,0.00/noise-like,0.24/noise-like,0,19.661,hump-note
56,1,3,1.30,468,2.81,456512,Y2,,,0,19.561,clean
56,2,3,1.42,1,2.40,874758,Y4,,,0,19.573,clean
56,3,3,1.35,931,2.40,6706,Y2,,,0,19.677,clean
56,4,3,1.38,850,2.41,111938,Y4,,,0,19.798,clean
56,5,3,1.40,1,2.51,776589,Y4,,,0,19.524,clean
56,6,3,1.46,1,2.53,240147,Y2,,,0,19.271,clean
56,7,3,1.35,1,2.37,547260,Y4,,,0,19.106,clean
56,8,3,1.36,1,2.25,183821,Y2,,,0,18.840,clean
56,9,3,1.70,1,2.53,108719,Y2,,,0,18.459,clean
56,10,3,1.58,1,2.21,503898,Y2,,,0,18.113,clean
56,11,3,1.31,572,2.32,66251,Y2,,,0,17.708,clean
56,12,3,1.39,1,2.17,627726,Y2,,,0,17.225,clean
56,13,3,1.36,1,2.49,584453,Y2,,,0,16.750,clean
56,14,3,1.47,1249,2.47,46223,Y4,,,0,16.433,clean
56,15,3,1.64,1,2.30,831485,Y2,,,0,16.251,clean
56,16,3,1.50,1,2.68,91374,Y4,,,0,16.320,clean
56,17,3,1.52,1,2.46,973821,Y2,,,0,16.460,clean
56,18,3,1.58,885,2.30,882089,Y2,,,0,17.741,clean
56,19,3,1.61,1,2.61,289947,Y4,,,0,16.424,clean
56,20,3,1.52,1,2.37,773549,Y2,,,0,16.089,clean
56,21,3,1.53,1,2.45,764787,Y2,,,0,15.953,clean
56,22,3,1.66,1,2.40,1324743,Y2,,,0,15.975,clean
56,23,3,1.62,1,2.32,1456261,Y4,,,0,15.920,clean
56,24,3,1.56,1,2.28,397414,Y4,,,0,15.804,clean
56,25,3,1.70,1,2.30,253916,Y4,,,0,15.459,clean
56,26,3,1.65,1,2.32,1191616,Y2,,,0,15.051,clean
56,27,3,1.73,1,2.51,172198,Y2,,,0,14.949,clean
56,28,3,1.69,1,2.35,565410,Y2,,,0,14.588,clean
56,29,3,1.61,1,2.33,1131535,Y2,,,0,14.376,clean
56,30,3,1.70,1,2.39,1052141,Y2,,,0,14.146,clean
56,31,3,1.69,1,2.43,530809,Y4,,,0,13.914,clean
56,32,3,1.35,776,2.35,1070291,Y2,,,0,13.652,clean
56,33,3,1.66,1,2.44,1311690,Y2,,,0,13.530,clean
56,34,3,1.76,1,2.37,139207,Y4,,,0,13.535,clean
56,35,3,1.84,1,2.47,656426,Y2,,,0,13.580,clean
56,36,3,1.63,1,2.47,774175,Y4,,,0,13.688,clean
56,37,3,1.63,1,2.54,826567,Y4,,,0,13.630,clean
56,38,3,2.16,1,2.49,427723,Y4,,,0,13.520,clean
56,39,3,1.66,1,2.31,1172930,Y4,,,0,13.451,clean
56,40,3,1.64,1,2.35,1308918,Y4,,,0,13.439,clean
56,41,3,1.67,1,2.88,1060724,Y2,,,0,13.417,clean
56,42,3,2.00,1,2.46,236034,Y2,,,0,13.395,clean
56,43,3,1.80,1,2.62,1096845,Y2,,,0,13.317,clean
56,44,3,1.78,1,2.87,1463771,Y4,,,0,13.127,clean
56,45,3,1.67,1,2.48,1266271,Y2,,,0,12.970,clean
56,46,3,1.55,1,2.52,900149,Y2,,,0,12.759,clean
56,47,3,2.04,1,2.59,876188,Y4,,,0,12.540,clean
56,48,3,3.19,1,2.35,180602,Y2,0.00/noise-like,0.00/noise-like,0,12.156,hump-note
56,49,3,2.08,1,2.36,73403,Y2,,,0,11.800,clean
56,50,3,2.09,1,2.41,965595,Y4,,,0,11.466,clean
56,51,3,2.02,1,2.45,359416,Y4,,,0,11.129,clean
56,52,3,1.99,1,2.30,18060,Y2,,,0,10.898,clean
56,53,3,2.12,1,2.35,229150,Y2,,,0,10.679,clean
56,54,3,2.30,1,2.51,437111,Y4,,,0,10.325,clean
56,55,3,2.44,1,2.40,648916,Y4,,,0,9.823,clean
56,56,3,2.48,1,2.77,1248389,Y4,,,0,9.212,clean
56,57,3,2.71,1,2.20,229597,Y2,0.24/noise-like,0.00/noise-like,0,8.540,hump-note
56,58,3,2.79,1,2.33,74923,Y2,0.00/noise-like,0.24/noise-like,0,7.945,hump-note
56,59,3,0,-1,0,0,-,,,0,7.279,QUARANTINE:dark-lane range=64 distinct=62
56,60,3,0,-1,0,0,-,,,0,6.445,QUARANTINE:dark-lane range=57 distinct=56
56,61,3,0,-1,0,0,-,,,0,5.585,QUARANTINE:dark-lane range=46 distinct=47
56,62,3,0,-1,0,0,-,,,0,4.690,QUARANTINE:dark-lane range=43 distinct=41
56,63,3,0,-1,0,0,-,,,0,3.942,QUARANTINE:dark-lane range=35 distinct=34
57,0,3,2.67,1,2.59,1063496,Y4,0.24/noise-like,0.00/noise-like,0,19.665,hump-note
57,1,3,1.37,1053,2.39,379443,Y2,,,0,19.584,clean
57,2,3,1.32,920,2.41,1099706,Y2,,,0,19.557,clean
57,3,3,1.34,588,2.84,114799,Y2,,,0,19.664,clean
57,4,3,1.33,941,2.54,261962,Y2,,,0,19.771,clean
57,5,3,1.57,1,2.48,553966,Y2,,,0,19.602,clean
57,6,3,1.35,697,2.56,143945,Y2,,,0,19.330,clean
57,7,3,1.37,1,2.27,132859,Y2,,,1,19.071,clean
57,8,3,1.36,1,2.50,1436859,Y4,,,0,18.828,clean
57,9,3,1.31,429,2.60,513911,Y4,,,0,18.451,clean
57,10,3,1.34,769,2.32,870913,Y2,,,0,18.095,clean
57,11,3,1.49,1,2.38,940919,Y2,,,0,17.689,clean
57,12,3,1.44,1,2.65,166833,Y2,,,0,17.208,clean
57,13,3,1.62,1,2.23,1151919,Y2,,,0,16.780,clean
57,14,3,1.49,1,2.24,854731,Y2,,,0,16.482,clean
57,15,3,1.36,1,2.35,341803,Y2,,,0,16.278,clean
57,16,3,1.47,1,2.24,1111597,Y2,,,0,16.333,clean
57,17,3,1.57,1,2.58,1110613,Y4,,,0,16.474,clean
57,18,3,1.56,752,2.49,1207083,Y2,,,0,17.777,clean
57,19,3,1.42,1,2.50,1190186,Y2,,,0,16.413,clean
57,20,3,1.55,1,2.39,63300,Y2,,,0,16.110,clean
57,21,3,1.35,1,2.89,392318,Y2,,,0,15.959,clean
57,22,3,1.71,1,2.38,924289,Y4,,,0,15.950,clean
57,23,3,1.51,1,2.43,769705,Y4,,,0,15.928,clean
57,24,3,1.39,1,2.62,342429,Y4,,,0,15.824,clean
57,25,3,1.55,1,2.44,617623,Y4,,,1,15.451,clean
57,26,3,1.55,1,2.28,6974,Y4,,,0,15.022,clean
57,27,3,1.79,1,2.22,66340,Y2,,,0,14.976,clean
57,28,3,1.66,1,2.27,1253128,Y4,,,0,14.585,clean
57,29,3,1.52,1,2.35,141710,Y2,,,0,14.407,clean
57,30,3,1.65,1,2.47,118196,Y4,,,0,14.129,clean
57,31,3,1.88,1,2.33,750661,Y2,,,0,13.884,clean
57,32,3,1.31,1,2.70,801176,Y2,,,0,13.648,clean
57,33,3,1.81,1,2.43,1202881,Y2,,,0,13.529,clean
57,34,3,1.74,1,2.27,976413,Y2,,,0,13.507,clean
57,35,3,1.67,1,2.66,604302,Y4,,,0,13.574,clean
57,36,3,1.60,1,2.61,1309544,Y4,,,0,13.688,clean
57,37,3,1.79,1,2.26,319451,Y2,,,0,13.643,clean
57,38,3,1.75,1,2.40,752360,Y4,,,0,13.520,clean
57,39,3,2.15,1,2.57,996172,Y2,,,0,13.472,clean
57,40,3,1.48,1,2.62,1441777,Y4,,,0,13.434,clean
57,41,3,1.85,1,2.40,1205564,Y2,,,0,13.407,clean
57,42,3,1.82,1,2.37,1188487,Y2,,,0,13.404,clean
57,43,3,1.74,1,2.49,600994,Y4,,,0,13.302,clean
57,44,3,1.67,1,2.52,127047,Y2,,,0,13.116,clean
57,45,3,1.75,1,2.53,562459,Y4,,,0,12.949,clean
57,46,3,1.84,1,2.39,36567,Y2,,,0,12.780,clean
57,47,3,1.74,1,2.45,251681,Y2,,,0,12.529,clean
57,48,3,3.14,1,2.52,303000,Y4,0.00/noise-like,0.00/noise-like,0,12.176,hump-note
57,49,3,1.96,1,2.32,342697,Y2,,,0,11.778,clean
57,50,3,2.12,1,2.42,1201719,Y2,,,0,11.435,clean
57,51,3,2.09,1,2.57,107020,Y4,,,0,11.128,clean
57,52,3,2.40,1,2.85,735462,Y4,,,0,10.877,clean
57,53,3,2.45,1,2.62,305325,Y4,,,0,10.657,clean
57,54,3,2.28,1,2.50,89407,Y2,,,0,10.317,clean
57,55,3,2.37,1,2.33,318289,Y4,,,0,9.842,clean
57,56,3,2.85,1,2.36,1190990,Y4,0.00/noise-like,0.24/noise-like,0,9.221,hump-note
57,57,3,2.75,1,2.42,490218,Y2,0.24/noise-like,0.00/noise-like,3,8.516,hump-note
57,58,3,3.39,1,2.47,1383483,Y4,0.00/noise-like,0.00/noise-like,0,7.914,hump-note
57,59,3,0,-1,0,0,-,,,0,7.259,QUARANTINE:dark-lane range=61 distinct=61
57,60,3,0,-1,0,0,-,,,0,6.438,QUARANTINE:dark-lane range=53 distinct=54
57,61,3,0,-1,0,0,-,,,0,5.580,QUARANTINE:dark-lane range=49 distinct=50
57,62,3,0,-1,0,0,-,,,0,4.701,QUARANTINE:dark-lane range=39 distinct=40
57,63,3,0,-1,0,0,-,,,0,3.934,QUARANTINE:dark-lane range=35 distinct=35
58,0,3,2.73,1,2.29,848740,Y2,0.00/noise-like,0.00/noise-like,0,19.645,hump-note
58,1,3,1.35,392,2.82,874579,Y4,,,0,19.620,clean
58,2,3,1.39,1,2.35,143409,Y2,,,0,19.603,clean
58,3,3,1.42,994,2.43,641406,Y2,,,0,19.678,clean
58,4,3,1.45,1100,2.44,1083344,Y2,,,0,19.800,clean
58,5,3,1.37,1391,2.35,71168,Y4,,,0,19.551,clean
58,6,3,1.36,1478,2.50,770599,Y4,,,0,19.319,clean
58,7,3,1.38,1,2.19,116050,Y4,,,0,19.089,clean
58,8,3,1.46,1,2.43,279754,Y2,,,0,18.800,clean
58,9,3,1.42,1436,2.24,461429,Y4,,,0,18.470,clean
58,10,3,1.36,1509,2.50,1054913,Y4,,,0,18.065,clean
58,11,3,1.40,438,2.36,3487,Y4,,,0,17.692,clean
58,12,3,1.35,142,2.27,1429170,Y4,,,0,17.186,clean
58,13,3,1.57,1,2.33,1024604,Y4,,,0,16.767,clean
58,14,3,1.40,1,2.26,72956,Y2,,,0,16.445,clean
58,15,3,1.37,1,2.45,824869,Y2,,,0,16.228,clean
58,16,3,1.35,456,2.39,795901,Y2,,,0,16.294,clean
58,17,3,1.52,1,2.78,497460,Y2,,,0,16.466,clean
58,18,3,1.52,749,2.44,1278788,Y2,,,0,17.737,clean
58,19,3,1.69,1,2.38,1333326,Y4,,,0,16.423,clean
58,20,3,1.67,1,2.46,82970,Y2,,,0,16.079,clean
58,21,3,1.65,1,2.48,148147,Y2,,,0,15.945,clean
58,22,3,1.44,1,2.44,1037747,Y2,,,0,15.966,clean
58,23,3,1.59,1,2.40,367105,Y2,,,0,15.944,clean
58,24,3,1.45,1,2.26,1322418,Y4,,,0,15.822,clean
58,25,3,1.79,1,2.35,1375705,Y4,,,0,15.423,clean
58,26,3,1.54,1,2.43,527859,Y4,,,0,15.020,clean
58,27,3,1.67,617,2.39,1320541,Y2,,,0,14.980,clean
58,28,3,1.88,1,2.52,1452774,Y4,,,0,14.599,clean
58,29,3,1.79,1,2.38,177741,Y2,,,0,14.401,clean
58,30,3,1.50,1,2.41,11534,Y4,,,0,14.155,clean
58,31,3,1.92,1,2.39,335813,Y4,,,0,13.886,clean
58,32,3,1.42,1,2.35,97901,Y2,,,0,13.650,clean
58,33,3,1.99,1,2.32,1067162,Y4,,,0,13.532,clean
58,34,3,1.83,1,2.45,1044363,Y2,,,0,13.513,clean
58,35,3,1.89,1,2.43,156552,Y2,,,0,13.575,clean
58,36,3,1.80,1,2.66,31739,Y4,,,0,13.672,clean
58,37,3,1.68,1,2.38,190705,Y4,,,0,13.641,clean
58,38,3,1.94,1,2.56,1369804,Y2,,,0,13.522,clean
58,39,3,1.72,1,2.25,310600,Y2,,,0,13.467,clean
58,40,3,1.79,1,2.32,1436949,Y2,,,0,13.422,clean
58,41,3,1.91,1,2.40,348061,Y4,,,0,13.416,clean
58,42,3,1.68,1,2.33,541449,Y4,,,0,13.395,clean
58,43,3,1.81,1,2.45,22620,Y4,,,0,13.307,clean
58,44,3,1.89,1,2.46,142336,Y2,,,0,13.126,clean
58,45,3,1.82,1,2.43,1298547,Y2,,,0,12.961,clean
58,46,3,1.77,1,2.47,551462,Y4,,,0,12.756,clean
58,47,3,1.83,1,2.52,815392,Y4,,,0,12.545,clean
58,48,3,3.39,1,2.27,25034,Y2,0.00/noise-like,0.00/noise-like,0,12.167,hump-note
58,49,3,2.02,1,2.31,491023,Y2,,,0,11.800,clean
58,50,3,2.45,1,2.28,78768,Y2,,,0,11.432,clean
58,51,3,2.28,1,2.45,232011,Y2,,,0,11.119,clean
58,52,3,1.90,1,2.28,792861,Y2,,,0,10.892,clean
58,53,3,2.38,1,2.65,1349777,Y2,,,0,10.670,clean
58,54,3,2.33,1,2.28,456244,Y2,,,0,10.327,clean
58,55,3,2.33,1,2.35,1017630,Y2,,,0,9.844,clean
58,56,3,2.69,1,2.37,7689,Y2,0.00/noise-like,0.00/noise-like,0,9.205,hump-note
58,57,3,2.62,1,2.61,512034,Y2,0.00/noise-like,0.00/noise-like,0,8.527,hump-note
58,58,3,3.60,1,2.38,440776,Y4,0.00/noise-like,0.24/noise-like,0,7.939,hump-note
58,59,3,0,-1,0,0,-,,,0,7.277,QUARANTINE:dark-lane range=63 distinct=63
58,60,3,0,-1,0,0,-,,,0,6.436,QUARANTINE:dark-lane range=55 distinct=55
58,61,3,0,-1,0,0,-,,,0,5.587,QUARANTINE:dark-lane range=50 distinct=49
58,62,3,0,-1,0,0,-,,,0,4.698,QUARANTINE:dark-lane range=41 distinct=41
58,63,3,0,-1,0,0,-,,,0,3.937,QUARANTINE:dark-lane range=37 distinct=34
59,0,3,2.73,1,2.40,465721,Y2,0.00/noise-like,0.24/noise-like,0,19.642,hump-note
59,1,3,1.36,1,2.43,727773,Y4,,,0,19.605,clean
59,2,3,1.39,1,2.27,264198,Y2,,,0,19.585,clean
59,3,3,1.57,1,2.40,785172,Y2,,,0,19.654,clean
59,4,3,1.41,876,2.36,138402,Y4,,,0,19.786,clean
59,5,3,1.36,1561,2.64,1350492,Y4,,,0,19.581,clean
59,6,3,1.46,1,2.74,903189,Y2,,,0,19.294,clean
59,7,3,1.31,1493,2.24,1070559,Y2,,,0,19.071,clean
59,8,3,1.31,1126,2.32,1045167,Y4,,,0,18.824,clean
59,9,3,1.40,1,2.50,92357,Y2,,,0,18.405,clean
59,10,3,1.46,1,2.41,905067,Y4,,,0,18.059,clean
59,11,3,1.42,1,2.35,1103997,Y4,,,0,17.709,clean
59,12,3,1.62,1,2.59,526965,Y4,,,0,17.200,clean
59,13,3,1.61,1,2.43,994116,Y2,,,0,16.742,clean
59,14,3,1.57,1,2.66,1120090,Y4,,,0,16.444,clean
59,15,3,1.51,1,2.44,42468,Y4,,,0,16.241,clean
59,16,3,1.45,1,2.53,1443207,Y4,,,0,16.297,clean
59,17,3,1.63,1,2.49,1326174,Y4,,,0,16.489,clean
59,18,3,1.55,617,2.48,1439542,Y4,,,0,17.728,clean
59,19,3,1.44,1,2.56,121236,Y4,,,0,16.416,clean
59,20,3,1.52,1,2.43,653654,Y2,,,0,16.084,clean
59,21,3,1.66,1,2.43,74834,Y2,,,0,15.966,clean
59,22,3,1.61,1,2.41,397235,Y2,,,0,15.943,clean
59,23,3,1.39,1,2.56,1187772,Y2,,,0,15.939,clean
59,24,3,1.49,1,2.30,86546,Y2,,,0,15.834,clean
59,25,3,1.53,1,2.50,167280,Y4,,,0,15.428,clean
59,26,3,1.56,1,2.27,931799,Y2,,,0,15.004,clean
59,27,3,1.60,1,2.44,1006544,Y4,,,0,14.974,clean
59,28,3,1.79,1,2.55,604928,Y2,,,0,14.574,clean
59,29,3,1.96,1,2.38,679672,Y2,,,0,14.395,clean
59,30,3,1.82,1,2.29,707209,Y4,,,0,14.160,clean
59,31,3,1.82,1,2.34,173002,Y4,,,0,13.900,clean
59,32,3,1.43,590,2.40,563532,Y4,,,0,13.659,clean
59,33,3,1.97,1,2.52,964612,Y4,,,0,13.555,clean
59,34,3,1.73,1,2.39,854731,Y4,,,0,13.514,clean
59,35,3,1.86,1,2.21,928313,Y2,,,0,13.598,clean
59,36,3,1.51,1,2.77,27448,Y2,,,0,13.684,clean
59,37,3,1.81,1,2.36,330269,Y4,,,0,13.638,clean
59,38,3,1.70,1,2.32,22352,Y4,,,0,13.494,clean
59,39,3,1.94,1,2.32,304162,Y2,,,0,13.451,clean
59,40,3,1.79,1,2.31,1135200,Y2,,,0,13.417,clean
59,41,3,1.98,1,2.43,49263,Y2,,,0,13.408,clean
59,42,3,1.89,1,2.42,373542,Y2,,,0,13.403,clean
59,43,3,1.88,1,2.43,19759,Y2,,,0,13.341,clean
59,44,3,1.77,1,2.42,732332,Y2,,,0,13.122,clean
59,45,3,1.70,1,2.33,29325,Y4,,,0,12.951,clean
59,46,3,2.01,1,2.38,571668,Y2,,,0,12.769,clean
59,47,3,1.52,1,2.55,1434624,Y2,,,0,12.525,clean
59,48,3,3.26,1,2.72,367105,Y2,0.00/noise-like,0.00/noise-like,0,12.162,hump-note
59,49,3,2.11,1,2.26,1239449,Y4,,,0,11.777,clean
59,50,3,2.07,1,2.30,311941,Y4,,,0,11.442,clean
59,51,3,2.47,1,2.34,1367301,Y2,,,0,11.115,clean
59,52,3,2.24,1,2.47,752896,Y4,,,0,10.892,clean
59,53,3,2.22,1,2.37,965327,Y4,,,0,10.670,clean
59,54,3,2.63,1,2.41,1245975,Y2,0.00/noise-like,0.24/noise-like,0,10.330,hump-note
59,55,3,2.44,1,2.40,661612,Y2,,,0,9.836,clean
59,56,3,2.67,1,2.23,516504,Y4,0.00/noise-like,0.00/noise-like,0,9.198,hump-note
59,57,3,2.82,1,2.41,346541,Y4,0.24/noise-like,0.00/noise-like,0,8.523,hump-note
59,58,3,3.32,1,2.46,1067340,Y2,0.00/noise-like,0.00/noise-like,0,7.916,hump-note
59,59,3,0,-1,0,0,-,,,0,7.265,QUARANTINE:dark-lane range=66 distinct=63
59,60,3,0,-1,0,0,-,,,0,6.438,QUARANTINE:dark-lane range=52 distinct=53
59,61,3,0,-1,0,0,-,,,0,5.584,QUARANTINE:dark-lane range=45 distinct=46
59,62,3,0,-1,0,0,-,,,0,4.687,QUARANTINE:dark-lane range=42 distinct=41
59,63,3,0,-1,0,0,-,,,0,3.937,QUARANTINE:dark-lane range=34 distinct=34
60,0,3,2.42,1,2.47,996530,Y4,,,0,19.663,clean
60,1,3,1.38,1,2.40,742525,Y2,,,0,19.575,clean
60,2,3,1.39,1,2.54,391245,Y4,,,0,19.576,clean
60,3,3,1.38,262,2.66,714630,Y4,,,0,19.651,clean
60,4,3,1.40,885,2.38,220209,Y4,,,0,19.805,clean
60,5,3,1.46,1,2.83,469029,Y4,,,0,19.574,clean
60,6,3,1.37,968,2.45,661969,Y2,,,0,19.324,clean
60,7,3,1.37,1213,2.50,116587,Y4,,,0,19.124,clean
60,8,3,1.50,1,2.36,470370,Y2,,,0,18.818,clean
60,9,3,1.66,1,2.42,367373,Y2,,,0,18.452,clean
60,10,3,1.43,1,2.22,87351,Y2,,,0,18.074,clean
60,11,3,1.61,1,2.24,699878,Y2,,,0,17.686,clean
60,12,3,1.66,1,2.55,100851,Y4,,,0,17.214,clean
60,13,3,1.38,238,2.49,313818,Y4,,,0,16.734,clean
60,14,3,1.42,1,2.30,161648,Y4,,,0,16.459,clean
60,15,3,1.55,1,2.36,937700,Y2,,,0,16.272,clean
60,16,3,1.54,1,2.38,311762,Y2,,,0,16.311,clean
60,17,3,1.35,1413,2.36,265270,Y2,,,0,16.509,clean
60,18,3,1.61,1,2.29,88871,Y2,,,0,17.764,clean
60,19,3,1.45,1,2.48,672698,Y2,,,0,16.434,clean
60,20,3,1.68,1,2.53,981063,Y4,,,0,16.114,clean
60,21,3,1.36,1,2.34,367284,Y2,,,0,15.926,clean
60,22,3,1.87,1,2.29,1311600,Y4,,,0,15.962,clean
60,23,3,1.46,1,2.58,1318663,Y2,,,0,15.908,clean
60,24,3,1.66,1,2.34,76175,Y2,,,0,15.811,clean
60,25,3,1.35,1,2.29,737518,Y4,,,0,15.459,clean
60,26,3,1.54,1,2.39,1287818,Y4,,,0,15.009,clean
60,27,3,1.74,615,2.64,1173288,Y2,,,0,14.983,clean
60,28,3,1.59,1,2.45,539839,Y2,,,0,14.586,clean
60,29,3,1.70,1,2.38,807703,Y4,,,0,14.396,clean
60,30,3,1.77,1,2.76,1298636,Y2,,,0,14.146,clean
60,31,3,1.82,1,2.45,1149595,Y2,,,0,13.913,clean
60,32,3,1.34,188,2.35,503808,Y2,,,0,13.653,clean
60,33,3,1.67,1,2.59,1412630,Y4,,,0,13.526,clean
60,34,3,1.66,1,2.29,484675,Y2,,,0,13.523,clean
60,35,3,1.86,1,2.20,855982,Y2,,,0,13.570,clean
60,36,3,1.74,1,2.47,266701,Y2,,,0,13.696,clean
60,37,3,1.69,1,2.35,773817,Y2,,,0,13.674,clean
60,38,3,1.94,1,2.35,58830,Y4,,,0,13.536,clean
60,39,3,2.05,1,2.29,92894,Y2,,,0,13.471,clean
60,40,3,1.70,1,2.79,287890,Y4,,,0,13.414,clean
60,41,3,1.37,1,2.83,1181155,Y4,,,0,13.420,clean
60,42,3,1.72,1,2.50,60439,Y4,,,0,13.395,clean
60,43,3,1.49,1,2.40,954956,Y2,,,0,13.327,clean
60,44,3,2.06,1,2.35,48280,Y4,,,0,13.115,clean
60,45,3,1.61,1,2.25,281364,Y2,,,0,12.980,clean
60,46,3,1.89,1,2.41,583828,Y4,,,0,12.786,clean
60,47,3,2.04,1,2.44,495315,Y2,,,0,12.529,clean
60,48,3,3.07,1,2.34,527769,Y4,0.24/noise-like,0.24/noise-like,0,12.186,hump-note
60,49,3,2.18,1,2.39,640243,Y4,,,0,11.794,clean
60,50,3,2.00,1,2.40,281721,Y2,,,0,11.457,clean
60,51,3,1.86,1,2.55,505686,Y4,,,0,11.125,clean
60,52,3,2.21,1,2.42,1400918,Y2,,,0,10.899,clean
60,53,3,2.37,1,2.35,591695,Y4,,,0,10.675,clean
60,54,3,2.33,1,2.35,1180798,Y4,,,0,10.341,clean
60,55,3,2.55,1,2.35,78052,Y4,0.00/noise-like,0.00/noise-like,0,9.846,hump-note
60,56,3,3.04,1,2.38,332147,Y2,0.24/noise-like,0.00/noise-like,0,9.207,hump-note
60,57,3,2.83,1,2.53,588477,Y4,0.24/noise-like,0.00/noise-like,0,8.543,hump-note
60,58,3,2.94,1,2.60,424147,Y4,0.00/noise-like,0.00/noise-like,0,7.946,hump-note
60,59,3,0,-1,0,0,-,,,0,7.280,QUARANTINE:dark-lane range=63 distinct=61
60,60,3,0,-1,0,0,-,,,0,6.426,QUARANTINE:dark-lane range=58 distinct=57
60,61,3,0,-1,0,0,-,,,0,5.576,QUARANTINE:dark-lane range=49 distinct=49
60,62,3,0,-1,0,0,-,,,0,4.696,QUARANTINE:dark-lane range=45 distinct=42
60,63,3,0,-1,0,0,-,,,0,3.934,QUARANTINE:dark-lane range=37 distinct=37
61,0,3,3.14,1,2.35,454009,Y2,0.24/noise-like,0.24/noise-like,0,19.677,hump-note
61,1,3,1.33,1,2.77,517666,Y2,,,0,19.611,clean
61,2,3,1.42,1,2.34,684768,Y4,,,0,19.580,clean
61,3,3,1.38,1147,2.37,565588,Y2,,,0,19.647,clean
61,4,3,1.41,1,2.30,126064,Y2,,,0,19.757,clean
61,5,3,1.37,651,2.56,907749,Y4,,,0,19.609,clean
61,6,3,1.36,209,2.38,799298,Y4,,,0,19.310,clean
61,7,3,1.46,1,2.42,413239,Y2,,,0,19.101,clean
61,8,3,1.34,157,2.48,285476,Y2,,,0,18.796,clean
61,9,3,1.49,1,2.32,1609,Y4,,,0,18.452,clean
61,10,3,1.49,1,2.50,701487,Y2,,,0,18.106,clean
61,11,3,1.53,1,2.46,1372576,Y4,,,0,17.721,clean
61,12,3,1.36,1366,2.48,1267880,Y4,,,0,17.205,clean
61,13,3,1.54,1,2.29,110149,Y2,,,0,16.787,clean
61,14,3,1.32,1217,2.53,286281,Y2,,,0,16.459,clean
61,15,3,1.42,1087,2.44,7600,Y4,,,0,16.282,clean
61,16,3,1.38,1216,2.39,540286,Y4,,,0,16.327,clean
61,17,3,1.46,1,2.46,706494,Y4,,,0,16.491,clean
61,18,3,1.46,844,2.40,591248,Y4,,,0,17.739,clean
61,19,3,1.48,1,2.35,177830,Y4,,,0,16.428,clean
61,20,3,1.58,1,2.40,1265824,Y4,,,0,16.125,clean
61,21,3,1.44,1,2.33,220925,Y4,,,0,15.957,clean
61,22,3,1.56,1,2.28,862688,Y2,,,0,15.937,clean
61,23,3,1.38,1,2.47,1450628,Y2,,,0,15.887,clean
61,24,3,1.53,1,2.47,1187950,Y4,,,0,15.827,clean
61,25,3,1.55,1,2.41,229418,Y4,,,0,15.417,clean
61,26,3,1.56,1,2.50,347525,Y4,,,0,15.015,clean
61,27,3,1.67,622,2.44,1231760,Y2,,,0,14.949,clean
61,28,3,1.74,1,2.50,1103461,Y2,,,0,14.568,clean
61,29,3,1.77,1,2.43,1215845,Y4,,,0,14.379,clean
61,30,3,1.87,1,2.40,321865,Y4,,,0,14.141,clean
61,31,3,1.54,1,2.71,594467,Y2,,,0,13.908,clean
61,32,3,1.36,1,2.68,304341,Y2,,,0,13.637,clean
61,33,3,1.78,1,2.48,552535,Y4,,,0,13.522,clean
61,34,3,1.99,1,2.64,1012444,Y2,,,0,13.536,clean
61,35,3,1.74,1,2.41,825405,Y2,,,0,13.608,clean
61,36,3,1.62,1,2.56,231653,Y4,,,0,13.689,clean
61,37,3,1.71,1,2.40,71526,Y4,,,0,13.645,clean
61,38,3,1.99,1,2.41,814676,Y2,,,0,13.513,clean
61,39,3,1.98,1,2.51,337154,Y4,,,0,13.472,clean
61,40,3,1.79,1,2.45,140190,Y4,,,0,13.449,clean
61,41,3,1.77,1,2.25,95844,Y2,,,0,13.416,clean
61,42,3,1.69,1,2.43,132144,Y2,,,0,13.402,clean
61,43,3,1.77,1,2.45,122666,Y4,,,0,13.321,clean
61,44,3,1.56,1,2.49,1093626,Y4,,,0,13.115,clean
61,45,3,1.54,1,2.40,1355141,Y4,,,0,12.957,clean
61,46,3,1.93,1,2.29,1157910,Y2,,,0,12.778,clean
61,47,3,1.95,1,2.48,1390547,Y2,,,0,12.536,clean
61,48,3,3.55,1,2.66,42021,Y2,0.00/noise-like,0.24/noise-like,0,12.161,hump-note
61,49,3,1.92,1,2.38,768721,Y4,,,0,11.774,clean
61,50,3,1.96,1,2.28,1319110,Y4,,,0,11.437,clean
61,51,3,2.00,1,2.50,1092732,Y2,,,0,11.144,clean
61,52,3,2.37,1,2.27,21458,Y2,,,0,10.887,clean
61,53,3,1.96,1,2.36,341982,Y2,,,0,10.670,clean
61,54,3,2.35,1,2.40,596970,Y2,,,0,10.317,clean
61,55,3,2.40,1,2.42,167638,Y4,,,0,9.845,clean
61,56,3,2.46,1,2.36,534654,Y2,,,0,9.209,clean
61,57,3,2.73,1,2.55,595003,Y4,0.00/noise-like,0.00/noise-like,0,8.533,hump-note
61,58,3,3.36,1,2.36,666440,Y2,0.00/noise-like,0.24/noise-like,0,7.934,hump-note
61,59,3,0,-1,0,0,-,,,0,7.278,QUARANTINE:dark-lane range=63 distinct=61
61,60,3,0,-1,0,0,-,,,0,6.424,QUARANTINE:dark-lane range=55 distinct=55
61,61,3,0,-1,0,0,-,,,0,5.590,QUARANTINE:dark-lane range=50 distinct=50
61,62,3,0,-1,0,0,-,,,0,4.694,QUARANTINE:dark-lane range=44 distinct=42
61,63,3,0,-1,0,0,-,,,0,3.941,QUARANTINE:dark-lane range=32 distinct=33
62,0,3,4.00,1,2.52,856340,Y4,0.24/noise-like,0.00/noise-like,0,19.652,hump-note
62,1,3,1.40,407,2.51,178367,Y2,,,0,19.598,clean
62,2,3,1.46,1,2.73,1087368,Y4,,,0,19.591,clean
62,3,3,1.46,1,2.49,633091,Y4,,,0,19.676,clean
62,4,3,1.34,1601,2.40,1375437,Y4,,,0,19.808,clean
62,5,3,1.31,255,2.58,1397341,Y4,,,0,19.612,clean
62,6,3,1.40,244,2.52,116140,Y2,,,0,19.324,clean
62,7,3,1.42,1,2.45,111490,Y4,,,0,19.071,clean
62,8,3,1.43,1,2.33,1430869,Y2,,,0,18.793,clean
62,9,3,1.39,1,2.40,647575,Y4,,,0,18.451,clean
62,10,3,1.55,1,2.36,987321,Y4,,,0,18.095,clean
62,11,3,1.46,1,2.48,1128137,Y2,,,0,17.687,clean
62,12,3,1.43,1,2.49,211537,Y2,,,0,17.210,clean
62,13,3,1.59,1,2.70,136435,Y4,,,0,16.749,clean
62,14,3,1.36,883,2.49,339657,Y2,,,0,16.458,clean
62,15,3,1.39,1093,2.35,975162,Y4,,,0,16.288,clean
62,16,3,1.51,1,2.51,1185894,Y2,,,0,16.330,clean
62,17,3,1.66,1,2.43,451058,Y2,,,0,16.475,clean
62,18,3,1.50,1045,2.27,803232,Y4,,,0,17.767,clean
62,19,3,1.48,1,2.38,75549,Y2,,,0,16.411,clean
62,20,3,1.54,1,2.40,1381159,Y4,,,0,16.104,clean
62,21,3,1.56,1,2.30,663936,Y4,,,0,15.963,clean
62,22,3,1.68,1,2.35,1178026,Y4,,,0,15.928,clean
62,23,3,1.71,1,2.64,230759,Y4,,,0,15.916,clean
62,24,3,1.62,1,2.44,26554,Y2,,,0,15.802,clean
62,25,3,1.72,1,2.30,1343250,Y2,,,0,15.455,clean
62,26,3,1.50,1,2.47,129908,Y2,,,0,15.019,clean
62,27,3,1.68,1,2.45,1235515,Y2,,,0,14.986,clean
62,28,3,1.40,1,2.51,51051,Y4,,,0,14.568,clean
62,29,3,1.60,1,2.42,138670,Y4,,,0,14.400,clean
62,30,3,1.90,1,2.39,647753,Y4,,,0,14.141,clean
62,31,3,1.72,1,2.47,751019,Y4,,,0,13.901,clean
62,32,3,1.40,1346,2.40,108898,Y2,,,0,13.657,clean
62,33,3,1.76,1,2.35,867605,Y4,,,0,13.522,clean
62,34,3,1.60,1,2.33,885218,Y4,,,0,13.510,clean
62,35,3,1.59,1,2.36,371754,Y2,,,0,13.585,clean
62,36,3,1.67,1,2.39,154138,Y2,,,0,13.688,clean
62,37,3,1.76,1,2.27,1410037,Y4,,,0,13.654,clean
62,38,3,1.87,1,2.45,932515,Y4,,,0,13.517,clean
62,39,3,2.02,1,2.39,104517,Y2,,,0,13.446,clean
62,40,3,1.62,1,2.37,488073,Y2,,,0,13.421,clean
62,41,3,1.77,1,2.37,909984,Y2,,,0,13.400,clean
62,42,3,1.86,1,2.40,192940,Y2,,,0,13.422,clean
62,43,3,1.78,1,2.49,146896,Y4,,,0,13.313,clean
62,44,3,1.69,1,2.34,876188,Y2,,,0,13.115,clean
62,45,3,1.59,1,2.51,927418,Y2,,,0,12.959,clean
62,46,3,1.84,1,2.40,155658,Y2,,,0,12.773,clean
62,47,3,1.84,1,2.63,1066446,Y4,,,0,12.527,clean
62,48,3,3.39,1,2.31,384182,Y4,0.00/noise-like,0.24/noise-like,0,12.163,hump-note
62,49,3,1.91,1,2.35,1247227,Y2,,,0,11.774,clean
62,50,3,2.15,1,2.64,309885,Y2,,,0,11.454,clean
62,51,3,2.16,1,2.41,370860,Y2,,,0,11.133,clean
62,52,3,2.39,1,2.37,240594,Y2,,,0,10.910,clean
62,53,3,2.30,1,2.49,1280397,Y4,,,0,10.669,clean
62,54,3,2.37,1,2.61,404745,Y2,,,0,10.311,clean
62,55,3,2.18,1,2.73,610381,Y4,,,0,9.834,clean
62,56,3,2.64,1,2.31,1259565,Y4,0.00/noise-like,0.00/noise-like,0,9.207,hump-note
62,57,3,2.96,1,2.50,117481,Y2,0.00/noise-like,0.00/noise-like,0,8.525,hump-note
62,58,3,2.89,1,2.68,1093894,Y2,0.00/noise-like,0.24/noise-like,0,7.939,hump-note
62,59,3,0,-1,0,0,-,,,0,7.264,QUARANTINE:dark-lane range=63 distinct=63
62,60,3,0,-1,0,0,-,,,0,6.433,QUARANTINE:dark-lane range=58 distinct=57
62,61,3,0,-1,0,0,-,,,0,5.575,QUARANTINE:dark-lane range=50 distinct=50
62,62,3,0,-1,0,0,-,,,0,4.692,QUARANTINE:dark-lane range=43 distinct=42
62,63,3,0,-1,0,0,-,,,0,3.933,QUARANTINE:dark-lane range=33 distinct=34
63,0,3,3.52,1,2.25,1201451,Y4,0.24/noise-like,0.00/noise-like,0,19.617,hump-note
63,1,3,1.40,1,2.33,1012444,Y2,,,0,19.563,clean
63,2,3,1.36,73,2.32,357002,Y2,,,0,19.561,clean
63,3,3,1.40,1,2.51,806808,Y4,,,0,19.666,clean
63,4,3,1.37,1204,2.32,823528,Y4,,,0,19.822,clean
63,5,3,1.37,42,2.44,172019,Y2,,,0,19.597,clean
63,6,3,1.48,1478,2.57,1093268,Y4,,,0,19.322,clean
63,7,3,1.44,1,2.59,109255,Y2,,,0,19.084,clean
63,8,3,1.42,1,2.38,1041144,Y2,,,0,18.809,clean
63,9,3,1.59,1,2.45,542969,Y4,,,0,18.422,clean
63,10,3,1.48,1,2.42,940919,Y2,,,0,18.102,clean
63,11,3,1.42,1,2.57,1270652,Y4,,,0,17.716,clean
63,12,3,1.66,1,2.63,1462519,Y2,,,0,17.206,clean
63,13,3,1.41,1,2.26,12696,Y2,,,0,16.725,clean
63,14,3,1.35,1161,2.30,584096,Y2,,,0,16.459,clean
63,15,3,1.65,1,2.29,161469,Y4,,,0,16.285,clean
63,16,3,1.71,1,2.37,186056,Y4,,,0,16.326,clean
63,17,3,1.49,1,2.57,1001269,Y4,,,0,16.482,clean
63,18,3,1.47,679,2.37,1108915,Y4,,,0,17.759,clean
63,19,3,1.45,1,2.47,1364529,Y2,,,0,16.448,clean
63,20,3,1.40,1,2.30,1326710,Y4,,,0,16.150,clean
63,21,3,1.61,1,2.41,1045525,Y4,,,0,16.001,clean
63,22,3,1.68,1,2.44,113189,Y4,,,0,15.972,clean
63,23,3,1.42,1,2.48,906765,Y2,,,0,15.926,clean
63,24,3,1.51,1,2.43,945926,Y2,,,0,15.845,clean
63,25,3,1.36,840,2.37,1337975,Y2,,,0,15.445,clean
63,26,3,1.76,1,2.37,1328051,Y2,,,0,15.008,clean
63,27,3,1.65,1,2.58,840962,Y4,,,0,14.984,clean
63,28,3,1.67,1,2.32,851870,Y4,,,0,14.604,clean
63,29,3,1.83,1,2.74,898629,Y4,,,0,14.396,clean
63,30,3,1.63,1,2.33,16898,Y4,,,0,14.164,clean
63,31,3,1.71,1,2.20,175774,Y2,,,0,13.891,clean
63,32,3,1.54,1,2.40,624508,Y4,,,0,13.639,clean
63,33,3,1.94,1,2.28,191152,Y2,,,0,13.527,clean
63,34,3,1.54,1,2.49,56148,Y2,,,0,13.539,clean
63,35,3,1.89,1,2.46,345111,Y2,,,0,13.587,clean
63,36,3,1.95,1,2.33,691295,Y4,,,0,13.657,clean
63,37,3,1.55,1,2.68,1281559,Y4,,,0,13.647,clean
63,38,3,1.71,1,2.41,185966,Y2,,,0,13.513,clean
63,39,3,1.77,1,2.28,1182139,Y4,,,0,13.473,clean
63,40,3,1.73,1,2.37,1442671,Y2,,,0,13.427,clean
63,41,3,1.85,1,2.58,256598,Y4,,,0,13.421,clean
63,42,3,1.67,1,2.57,1073152,Y4,,,0,13.391,clean
63,43,3,1.67,1,2.43,671804,Y4,,,0,13.321,clean
63,44,3,1.46,1,2.47,92983,Y2,,,0,13.130,clean
63,45,3,2.02,1,2.37,185162,Y2,,,0,12.941,clean
63,46,3,2.11,1,2.28,930011,Y2,,,0,12.799,clean
63,47,3,1.86,1,2.35,64552,Y2,,,0,12.547,clean
63,48,3,3.15,1,2.41,77695,Y2,0.00/noise-like,0.24/noise-like,0,12.154,hump-note
63,49,3,1.85,1,2.41,567555,Y2,,,0,11.779,clean
63,50,3,2.11,1,2.37,1307398,Y2,,,0,11.428,clean
63,51,3,1.96,1,2.60,137061,Y2,,,0,11.132,clean
63,52,3,2.18,1,2.29,44882,Y4,,,0,10.905,clean
63,53,3,2.24,1,2.55,976145,Y4,,,0,10.681,clean
63,54,3,2.26,1,2.38,679404,Y2,,,0,10.331,clean
63,55,3,2.51,1,2.46,666529,Y2,0.00/noise-like,0.24/noise-like,0,9.828,hump-note
63,56,3,2.78,1,2.49,345469,Y4,0.00/noise-like,0.00/noise-like,0,9.206,hump-note
63,57,3,2.77,1,2.45,746638,Y2,0.00/noise-like,0.00/noise-like,0,8.523,hump-note
63,58,3,3.20,1,2.67,99868,Y4,0.00/noise-like,0.00/noise-like,0,7.950,hump-note
63,59,3,0,-1,0,0,-,,,0,7.272,QUARANTINE:dark-lane range=62 distinct=61
63,60,3,0,-1,0,0,-,,,0,6.442,QUARANTINE:dark-lane range=57 distinct=55
63,61,3,0,-1,0,0,-,,,0,5.585,QUARANTINE:dark-lane range=47 distinct=48
63,62,3,0,-1,0,0,-,,,0,4.703,QUARANTINE:dark-lane range=42 distinct=42
63,63,3,0,-1,0,0,-,,,0,3.935,QUARANTINE:dark-lane range=37 distinct=35
64,0,3,3.49,1,2.57,1117766,Y2,0.24/noise-like,0.24/noise-like,0,19.661,hump-note
64,1,3,1.41,1,2.30,18686,Y4,,,0,19.595,clean
64,2,3,1.47,1,2.61,580877,Y4,,,0,19.586,clean
64,3,3,1.35,1133,2.57,1201630,Y4,,,0,19.717,clean
64,4,3,1.51,1,2.28,831395,Y2,,,0,19.807,clean
64,5,3,1.34,829,2.40,977129,Y2,,,0,19.595,clean
64,6,3,1.40,1532,2.47,810027,Y4,,,0,19.289,clean
64,7,3,1.43,1,2.71,153780,Y4,,,0,19.094,clean
64,8,3,1.54,1,2.44,1399934,Y4,,,0,18.800,clean
64,9,3,1.47,1,2.68,716239,Y2,,,0,18.459,clean
64,10,3,1.65,1,2.43,631481,Y4,,,0,18.099,clean
64,11,3,1.55,1,2.56,281453,Y4,,,0,17.709,clean
64,12,3,1.46,1,2.25,226021,Y2,,,0,17.221,clean
64,13,3,1.31,1251,2.31,402957,Y4,,,0,16.757,clean
64,14,3,1.62,1,2.38,365943,Y2,,,0,16.454,clean
64,15,3,1.56,1,2.41,270009,Y4,,,0,16.289,clean
64,16,3,1.36,1,2.71,1165956,Y4,,,0,16.307,clean
64,17,3,1.46,1,2.59,1238197,Y4,,,0,16.483,clean
64,18,3,1.59,688,2.36,48459,Y2,,,0,17.746,clean
64,19,3,1.48,1,2.37,614315,Y4,,,0,16.420,clean
64,20,3,1.77,1,2.28,275105,Y4,,,0,16.108,clean
64,21,3,1.60,1,2.59,78768,Y4,,,0,15.957,clean
64,22,3,1.51,1,2.66,418603,Y4,,,0,15.972,clean
64,23,3,1.55,1,2.46,133485,Y2,,,0,15.912,clean
64,24,3,1.51,1,2.36,1298457,Y4,,,0,15.824,clean
64,25,3,1.60,1,2.48,1334578,Y4,,,0,15.430,clean
64,26,3,1.73,1,2.35,304878,Y4,,,0,15.018,clean
64,27,3,1.78,1,2.33,196427,Y2,,,0,14.966,clean
64,28,3,1.78,1,2.43,1246065,Y2,,,0,14.586,clean
64,29,3,1.45,1,2.47,566840,Y2,,,0,14.398,clean
64,30,3,1.76,1,2.47,1229614,Y2,,,0,14.156,clean
64,31,3,1.42,42,2.50,5364,Y2,,,0,13.879,clean
64,32,3,1.49,1,2.25,595003,Y2,,,0,13.649,clean
64,33,3,1.81,1,2.48,1102567,Y4,,,0,13.560,clean
64,34,3,1.83,1,2.43,637740,Y4,,,0,13.515,clean
64,35,3,1.68,1,2.54,126511,Y2,,,0,13.577,clean
64,36,3,1.77,1,2.73,1452863,Y4,,,0,13.697,clean
64,37,3,1.74,1,2.60,65535,Y2,,,0,13.659,clean
64,38,3,1.80,1,2.42,1183927,Y2,,,0,13.555,clean
64,39,3,1.82,1,2.50,829965,Y4,,,0,13.484,clean
64,40,3,1.81,1,2.59,1446515,Y2,,,0,13.425,clean
64,41,3,1.70,1,2.39,96112,Y2,,,0,13.416,clean
64,42,3,1.91,1,2.53,169605,Y2,,,0,13.413,clean
64,43,3,1.70,1,2.66,22709,Y2,,,0,13.315,clean
64,44,3,1.49,1,2.64,462055,Y4,,,0,13.110,clean
64,45,3,1.71,1,2.34,72420,Y4,,,0,12.933,clean
64,46,3,2.06,1,2.28,786602,Y4,,,0,12.773,clean
64,47,3,1.74,1,2.32,1083970,Y4,,,0,12.521,clean
64,48,3,3.56,1,2.34,1456529,Y2,0.00/noise-like,0.00/noise-like,0,12.169,hump-note
64,49,3,1.86,1,2.27,440329,Y2,,,0,11.788,clean
64,50,3,2.00,1,2.28,784725,Y2,,,0,11.437,clean
64,51,3,1.90,1,2.61,606984,Y4,,,0,11.124,clean
64,52,3,1.84,1,2.48,1067787,Y2,,,0,10.899,clean
64,53,3,2.24,1,2.42,1346111,Y4,,,0,10.675,clean
64,54,3,2.66,1,2.41,223249,Y4,0.24/noise-like,0.00/noise-like,0,10.325,hump-note
64,55,3,2.59,1,2.50,392139,Y2,0.00/noise-like,0.00/noise-like,0,9.836,hump-note
64,56,3,2.78,1,2.44,725090,Y2,0.00/noise-like,0.00/noise-like,0,9.198,hump-note
64,57,3,2.70,1,2.44,800639,Y2,0.00/noise-like,0.24/noise-like,0,8.536,hump-note
64,58,3,2.88,1,2.49,701845,Y4,0.00/noise-like,0.24/noise-like,0,7.946,hump-note
64,59,3,0,-1,0,0,-,,,0,7.266,QUARANTINE:dark-lane range=59 distinct=60
64,60,3,0,-1,0,0,-,,,0,6.442,QUARANTINE:dark-lane range=56 distinct=56
64,61,3,0,-1,0,0,-,,,0,5.590,QUARANTINE:dark-lane range=46 distinct=47
64,62,3,0,-1,0,0,-,,,0,4.688,QUARANTINE:dark-lane range=40 distinct=41
64,63,3,0,-1,0,0,-,,,0,3.930,QUARANTINE:dark-lane range=35 distinct=36
65,0,3,3.30,1,2.34,461787,Y4,0.24/noise-like,0.00/noise-like,0,19.673,hump-note
65,1,3,1.31,1375,2.37,659466,Y2,,,0,19.583,clean
65,2,3,1.57,1,2.56,247747,Y4,,,0,19.587,clean
65,3,3,1.34,5,2.29,714004,Y2,,,0,19.697,clean
65,4,3,1.43,1,2.31,369430,Y2,,,0,19.782,clean
65,5,3,1.40,1206,2.45,487268,Y2,,,0,19.572,clean
65,6,3,1.39,595,2.37,735551,Y2,,,0,19.291,clean
65,7,3,1.36,1,2.48,1010746,Y2,,,0,19.111,clean
65,8,3,1.38,861,2.54,1163185,Y4,,,0,18.809,clean
65,9,3,1.39,1206,2.35,222266,Y4,,,0,18.481,clean
65,10,3,1.43,1,2.46,537604,Y4,,,0,18.074,clean
65,11,3,1.40,1,2.32,141084,Y2,,,0,17.680,clean
65,12,3,1.47,1,2.40,369787,Y2,,,0,17.210,clean
65,13,3,1.45,1,2.36,358433,Y4,,,0,16.753,clean
65,14,3,1.51,1,2.30,322133,Y2,,,0,16.420,clean
65,15,3,1.50,1,2.37,93967,Y2,,,0,16.289,clean
65,16,3,1.58,1,2.32,1310617,Y4,,,0,16.321,clean
65,17,3,1.38,1,2.50,832558,Y4,,,0,16.506,clean
65,18,3,1.44,684,2.45,203311,Y2,,,0,17.761,clean
65,19,3,1.44,1,2.66,196606,Y2,,,0,16.427,clean
65,20,3,1.62,1,2.39,49442,Y2,,,0,16.108,clean
65,21,3,1.45,1,2.42,769526,Y4,,,0,15.946,clean
65,22,3,1.69,1,2.65,788659,Y2,,,0,15.949,clean
65,23,3,1.72,1,2.42,1357824,Y4,,,0,15.909,clean
65,24,3,1.57,1,2.60,65446,Y2,,,0,15.819,clean
65,25,3,1.43,1,2.38,1430333,Y4,,,0,15.428,clean
65,26,3,1.43,1,2.51,373363,Y2,,,0,14.988,clean
65,27,3,1.82,1,2.67,144124,Y4,,,0,14.952,clean
65,28,3,1.67,1,2.29,325888,Y2,,,0,14.586,clean
65,29,3,1.97,1,2.48,898182,Y4,,,0,14.400,clean
65,30,3,1.88,1,2.53,576407,Y2,,,0,14.135,clean
65,31,3,1.76,1,2.61,491917,Y4,,,0,13.887,clean
65,32,3,1.40,921,2.41,1221925,Y4,,,0,13.641,clean
65,33,3,1.89,1,2.85,295401,Y2,,,0,13.576,clean
65,34,3,1.80,1,2.45,1260549,Y2,,,0,13.512,clean
65,35,3,1.64,1,2.41,116855,Y2,,,0,13.604,clean
65,36,3,2.26,1,2.49,362545,Y4,,,0,13.698,clean
65,37,3,1.74,1,2.44,473678,Y2,,,0,13.639,clean
65,38,3,1.87,1,2.30,98884,Y2,,,0,13.535,clean
65,39,3,1.81,1,2.21,1153529,Y2,,,0,13.456,clean
65,40,3,2.01,1,2.44,1451522,Y2,,,0,13.410,clean
65,41,3,1.95,1,2.45,1317501,Y4,,,0,13.394,clean
65,42,3,1.85,1,2.45,1451433,Y2,,,0,13.412,clean
65,43,3,2.03,1,2.48,32276,Y2,,,0,13.342,clean
65,44,3,1.57,1,2.59,1429349,Y2,,,0,13.136,clean
65,45,3,2.09,1,2.43,48012,Y2,,,0,12.921,clean
65,46,3,1.74,1,2.38,1420230,Y4,,,0,12.756,clean
65,47,3,1.87,1,2.73,524998,Y2,,,0,12.526,clean
65,48,3,3.21,1,2.33,48190,Y4,0.24/noise-like,0.00/noise-like,0,12.150,hump-note
65,49,3,1.97,1,2.59,863761,Y4,,,0,11.778,clean
65,50,3,2.14,1,2.69,1311332,Y4,,,0,11.443,clean
65,51,3,2.03,1,2.26,1320362,Y4,,,0,11.140,clean
65,52,3,2.12,1,2.69,1245707,Y4,,,0,10.895,clean
65,53,3,2.20,1,2.48,207514,Y4,,,0,10.661,clean
65,54,3,2.34,1,2.28,640154,Y4,,,0,10.320,clean
65,55,3,2.22,1,2.23,1315802,Y4,,,0,9.843,clean
65,56,3,2.72,1,2.32,1269221,Y2,0.00/noise-like,0.24/noise-like,0,9.220,hump-note
65,57,3,2.87,1,2.36,149935,Y2,0.00/noise-like,0.24/noise-like,0,8.523,hump-note
65,58,3,3.20,1,2.30,50068,Y2,0.00/noise-like,0.24/noise-like,0,7.926,hump-note
65,59,3,0,-1,0,0,-,,,0,7.271,QUARANTINE:dark-lane range=61 distinct=62
65,60,3,0,-1,0,0,-,,,0,6.440,QUARANTINE:dark-lane range=54 distinct=55
65,61,3,0,-1,0,0,-,,,0,5.576,QUARANTINE:dark-lane range=50 distinct=49
65,62,3,0,-1,0,0,-,,,0,4.694,QUARANTINE:dark-lane range=40 distinct=41
65,63,3,0,-1,0,0,-,,,0,3.933,QUARANTINE:dark-lane range=32 distinct=33
66,0,3,3.05,1,2.27,1070738,Y4,0.00/noise-like,0.00/noise-like,0,19.648,hump-note
66,1,3,1.45,1550,2.87,576407,Y4,,,0,19.586,clean
66,2,3,1.39,785,2.32,270277,Y4,,,0,19.599,clean
66,3,3,1.49,1,2.36,232458,Y2,,,0,19.670,clean
66,4,3,1.33,1120,2.42,679493,Y2,,,0,19.812,clean
66,5,3,1.30,1410,2.39,736892,Y4,,,0,19.560,clean
66,6,3,1.43,1,2.65,1246601,Y4,,,0,19.329,clean
66,7,3,1.41,1,2.42,648916,Y2,,,0,19.096,clean
66,8,3,1.53,1,2.32,1032114,Y4,,,0,18.829,clean
66,9,3,1.56,1,2.35,835240,Y4,,,0,18.481,clean
66,10,3,1.44,1,2.58,652045,Y4,,,0,18.089,clean
66,11,3,1.54,1,2.56,442833,Y4,,,0,17.715,clean
66,12,3,1.42,1,2.28,1060814,Y2,,,0,17.224,clean
66,13,3,1.52,1,2.32,87261,Y2,,,0,16.773,clean
66,14,3,1.58,1,2.30,1044720,Y2,,,0,16.483,clean
66,15,3,1.48,1,2.32,1446247,Y4,,,0,16.305,clean
66,16,3,1.32,874,2.37,1178831,Y4,,,0,16.298,clean
66,17,3,1.62,1,2.50,69469,Y2,,,0,16.477,clean
66,18,3,1.64,751,2.35,1333505,Y4,,,0,17.729,clean
66,19,3,1.48,1,2.34,454366,Y2,,,0,16.407,clean
66,20,3,1.36,390,2.28,572026,Y2,,,0,16.114,clean
66,21,3,1.65,1,2.47,225216,Y2,,,0,15.958,clean
66,22,3,1.61,1,2.58,151008,Y2,,,0,15.943,clean
66,23,3,1.66,1,2.42,105590,Y2,,,0,15.899,clean
66,24,3,1.43,1,2.44,65625,Y2,,,0,15.799,clean
66,25,3,1.46,63,2.48,11086,Y4,,,0,15.444,clean
66,26,3,1.54,1,2.30,587583,Y4,,,0,14.978,clean
66,27,3,1.71,1,2.60,858307,Y4,,,0,14.956,clean
66,28,3,1.63,1,2.31,701666,Y4,,,0,14.585,clean
66,29,3,1.45,1,2.52,265628,Y2,,,0,14.407,clean
66,30,3,1.94,1,2.30,1256526,Y4,,,0,14.153,clean
66,31,3,1.44,1,2.40,211179,Y4,,,0,13.887,clean
66,32,3,1.39,1,2.52,1275480,Y2,,,0,13.642,clean
66,33,3,1.71,1,2.48,897646,Y4,,,0,13.536,clean
66,34,3,1.65,1,2.35,1332343,Y4,,,0,13.538,clean
66,35,3,1.62,1,2.47,1298815,Y2,,,0,13.612,clean
66,36,3,1.79,1,2.78,69022,Y4,,,0,13.690,clean
66,37,3,1.74,1,2.45,16361,Y2,,,0,13.636,clean
66,38,3,2.02,1,2.51,53287,Y2,,,0,13.533,clean
66,39,3,1.84,1,2.43,149578,Y2,,,0,13.468,clean
66,40,3,1.75,1,2.39,960141,Y2,,,0,13.427,clean
66,41,3,1.61,1,2.36,754863,Y4,,,0,13.422,clean
66,42,3,1.93,1,2.40,115782,Y2,,,0,13.436,clean
66,43,3,2.00,1,2.49,1073867,Y4,,,0,13.301,clean
66,44,3,1.79,1,2.37,464380,Y2,,,0,13.135,clean
66,45,3,1.73,1,2.30,372827,Y4,,,0,12.940,clean
66,46,3,2.24,1,2.38,16183,Y2,,,0,12.783,clean
66,47,3,1.91,1,2.74,730187,Y4,,,0,12.546,clean
66,48,3,3.26,1,2.34,569075,Y4,0.00/noise-like,0.00/noise-like,0,12.169,hump-note
66,49,3,1.89,1,2.70,1073420,Y4,,,0,11.756,clean
66,50,3,1.95,1,2.58,16809,Y2,,,0,11.439,clean
66,51,3,2.15,1,2.28,240058,Y2,,,0,11.125,clean
66,52,3,2.04,1,2.61,413239,Y4,,,0,10.886,clean
66,53,3,2.18,1,2.56,569165,Y4,,,0,10.666,clean
66,54,3,2.24,1,2.46,1080215,Y4,,,0,10.325,clean
66,55,3,2.06,1,2.41,1457959,Y4,,,0,9.845,clean
66,56,3,2.66,1,2.36,254095,Y4,0.24/noise-like,0.00/noise-like,0,9.202,hump-note
66,57,3,2.85,1,2.56,910342,Y4,0.00/noise-like,0.00/noise-like,0,8.534,hump-note
66,58,3,3.01,1,2.73,730634,Y2,0.00/noise-like,0.00/noise-like,0,7.952,hump-note
66,59,3,0,-1,0,0,-,,,0,7.282,QUARANTINE:dark-lane range=61 distinct=59
66,60,3,0,-1,0,0,-,,,0,6.428,QUARANTINE:dark-lane range=58 distinct=55
66,61,3,0,-1,0,0,-,,,0,5.581,QUARANTINE:dark-lane range=49 distinct=50
66,62,3,0,-1,0,0,-,,,0,4.702,QUARANTINE:dark-lane range=45 distinct=44
66,63,3,0,-1,0,0,-,,,0,3.934,QUARANTINE:dark-lane range=34 distinct=35
67,0,3,3.78,1,2.51,94146,Y2,0.24/noise-like,0.00/noise-like,0,19.676,hump-note
67,1,3,1.35,122,2.38,486195,Y2,,,0,19.607,clean
67,2,3,1.49,1,2.41,143409,Y4,,,0,19.546,clean
67,3,3,1.47,1,2.55,1073241,Y2,,,0,19.663,clean
67,4,3,1.49,1,2.44,664741,Y2,,,0,19.791,clean
67,5,3,1.58,1,2.46,654459,Y2,,,0,19.590,clean
67,6,3,1.39,16,2.37,554681,Y2,,,0,19.291,clean
67,7,3,1.86,1,2.51,1173556,Y2,,,0,19.063,clean
67,8,3,1.33,1219,2.52,846684,Y4,,,0,18.821,clean
67,9,3,1.38,1,2.51,1436502,Y4,,,0,18.406,clean
67,10,3,1.44,1,2.43,585079,Y2,,,0,18.075,clean
67,11,3,1.46,1,2.39,24229,Y2,,,0,17.705,clean
67,12,3,1.50,1,2.96,689238,Y4,,,0,17.224,clean
67,13,3,1.62,1,2.32,1227021,Y2,,,0,16.766,clean
67,14,3,1.38,805,2.22,565410,Y2,,,0,16.455,clean
67,15,3,1.50,1,2.35,147164,Y4,,,0,16.279,clean
67,16,3,1.39,1,2.30,814766,Y2,,,0,16.332,clean
67,17,3,1.48,1,2.43,846684,Y2,,,0,16.477,clean
67,18,3,1.50,639,2.31,517309,Y4,,,0,17.755,clean
67,19,3,1.51,1,2.41,865906,Y4,,,0,16.425,clean
67,20,3,1.49,1,2.36,1106501,Y2,,,0,16.095,clean
67,21,3,1.73,1,2.26,1149684,Y2,,,0,15.965,clean
67,22,3,1.77,1,2.34,1385897,Y4,,,0,15.945,clean
67,23,3,1.63,1,2.63,855803,Y2,,,0,15.926,clean
67,24,3,1.67,1,2.43,29057,Y2,,,0,15.855,clean
67,25,3,1.67,1,2.41,149041,Y4,,,0,15.424,clean
67,26,3,1.69,1,2.33,1098454,Y4,,,0,15.012,clean
67,27,3,1.71,1,2.41,1298636,Y2,,,0,14.970,clean
67,28,3,1.65,1,2.41,98795,Y2,,,0,14.599,clean
67,29,3,1.58,1,2.26,861794,Y2,,,0,14.384,clean
67,30,3,1.71,1,2.41,242919,Y2,,,0,14.153,clean
67,31,3,1.64,1,2.40,347435,Y4,,,0,13.924,clean
67,32,3,1.36,1,2.56,385791,Y4,,,0,13.660,clean
67,33,3,1.86,1,2.42,830770,Y4,,,0,13.509,clean
67,34,3,1.83,1,2.44,379980,Y4,,,0,13.518,clean
67,35,3,1.66,1,2.40,756472,Y4,,,0,13.587,clean
67,36,3,1.77,1,2.60,184447,Y4,,,0,13.672,clean
67,37,3,1.83,1,2.38,19312,Y4,,,0,13.617,clean
67,38,3,1.70,1,2.49,1221657,Y2,,,0,13.523,clean
67,39,3,1.88,1,2.72,37283,Y4,,,0,13.462,clean
67,40,3,1.69,1,2.45,359505,Y4,,,0,13.448,clean
67,41,3,1.72,1,2.99,205368,Y2,,,0,13.426,clean
67,42,3,1.62,1,2.68,269204,Y4,,,0,13.409,clean
67,43,3,2.01,1,2.49,44972,Y4,,,0,13.315,clean
67,44,3,1.70,1,2.40,527591,Y2,,,0,13.118,clean
67,45,3,1.88,1,2.23,128478,Y2,,,0,12.936,clean
67,46,3,1.82,1,2.33,152707,Y4,,,0,12.788,clean
67,47,3,1.87,1,2.51,1464844,Y4,,,0,12.512,clean
67,48,3,3.77,1,2.56,1294255,Y2,0.00/noise-like,0.00/noise-like,0,12.172,hump-note
67,49,3,2.34,1,2.67,1163453,Y2,,,0,11.764,clean
67,50,3,1.78,1,2.35,580251,Y2,,,0,11.436,clean
67,51,3,1.90,1,2.39,1225322,Y4,,,0,11.120,clean
67,52,3,1.97,1,2.41,99778,Y2,,,0,10.887,clean
67,53,3,2.43,1,2.55,446856,Y2,,,0,10.649,clean
67,54,3,2.58,1,2.45,1243293,Y2,0.00/noise-like,0.00/noise-like,0,10.325,hump-note
67,55,3,2.25,1,2.58,1038194,Y4,,,0,9.823,clean
67,56,3,2.52,1,2.32,887811,Y2,0.00/noise-like,0.00/noise-like,0,9.207,hump-note
67,57,3,3.12,1,2.47,662416,Y2,0.24/noise-like,0.00/noise-like,0,8.527,hump-note
67,58,3,2.96,1,2.63,264913,Y4,0.00/noise-like,0.00/noise-like,0,7.926,hump-note
67,59,3,0,-1,0,0,-,,,0,7.272,QUARANTINE:dark-lane range=57 distinct=58
67,60,3,0,-1,0,0,-,,,0,6.434,QUARANTINE:dark-lane range=56 distinct=56
67,61,3,0,-1,0,0,-,,,0,5.584,QUARANTINE:dark-lane range=49 distinct=48
67,62,3,0,-1,0,0,-,,,0,4.685,QUARANTINE:dark-lane range=38 distinct=39
67,63,3,0,-1,0,0,-,,,0,3.934,QUARANTINE:dark-lane range=35 distinct=36
68,0,3,3.40,1,2.65,305861,Y2,0.00/noise-like,0.00/noise-like,0,19.651,hump-note
68,1,3,1.40,1,2.46,1036763,Y4,,,0,19.563,clean
68,2,3,1.37,1,2.22,256062,Y2,,,0,19.526,clean
68,3,3,1.39,1,2.44,912398,Y4,,,0,19.651,clean
68,4,3,1.39,589,2.30,275820,Y2,,,0,19.849,clean
68,5,3,1.41,1,2.23,898093,Y2,,,0,19.523,clean
68,6,3,1.47,1401,2.46,1313478,Y2,,,0,19.287,clean
68,7,3,1.44,1576,2.83,1286209,Y4,,,0,19.097,clean
68,8,3,1.35,1,2.36,826836,Y4,,,0,18.766,clean
68,9,3,1.41,1,2.29,1020581,Y4,,,0,18.453,clean
68,10,3,1.35,60,2.59,410467,Y4,,,0,18.091,clean
68,11,3,1.66,1,2.34,550121,Y2,,,0,17.743,clean
68,12,3,1.41,1243,2.54,518918,Y2,,,0,17.215,clean
68,13,3,1.38,1,2.35,477344,Y4,,,0,16.738,clean
68,14,3,1.56,1,2.45,1200825,Y4,,,0,16.461,clean
68,15,3,1.49,1,2.46,507474,Y4,,,0,16.258,clean
68,16,3,1.47,1,2.46,1394391,Y4,,,0,16.329,clean
68,17,3,1.50,1,2.51,452757,Y2,,,0,16.496,clean
68,18,3,1.58,728,2.41,69916,Y4,,,0,17.730,clean
68,19,3,1.65,1,2.34,833273,Y2,,,0,16.421,clean
68,20,3,1.61,1,2.51,24140,Y2,,,0,16.090,clean
68,21,3,1.66,1,2.32,1148075,Y4,,,0,15.966,clean
68,22,3,1.47,1,2.42,366747,Y2,,,0,15.944,clean
68,23,3,1.44,1,2.29,619054,Y4,,,0,15.924,clean
68,24,3,1.50,1,2.27,631660,Y4,,,0,15.818,clean
68,25,3,1.64,1,2.31,997782,Y2,,,0,15.449,clean
68,26,3,1.55,1,2.34,162184,Y2,,,0,15.003,clean
68,27,3,1.58,631,2.52,154942,Y4,,,0,14.978,clean
68,28,3,1.66,1,2.38,1220226,Y4,,,0,14.595,clean
68,29,3,1.78,1,2.36,1699,Y2,,,0,14.394,clean
68,30,3,1.63,1,2.46,837028,Y4,,,0,14.146,clean
68,31,3,1.53,1,2.36,611365,Y4,,,0,13.908,clean
68,32,3,1.61,1,2.48,729203,Y4,,,0,13.646,clean
68,33,3,1.95,1,2.40,1024693,Y4,,,0,13.513,clean
68,34,3,1.68,1,2.37,697374,Y2,,,0,13.518,clean
68,35,3,1.75,1,2.42,235051,Y2,,,0,13.570,clean
68,36,3,1.73,1,2.58,1135558,Y2,,,0,13.681,clean
68,37,3,1.80,1,2.38,941366,Y2,,,0,13.646,clean
68,38,3,1.72,1,2.43,273317,Y2,,,0,13.515,clean
68,39,3,1.73,1,2.56,478864,Y4,,,0,13.456,clean
68,40,3,1.73,1,2.41,555128,Y2,,,0,13.427,clean
68,41,3,1.67,1,2.51,962555,Y2,,,0,13.394,clean
68,42,3,1.84,1,2.40,1392692,Y2,,,0,13.387,clean
68,43,3,1.76,1,2.29,225127,Y2,,,0,13.315,clean
68,44,3,1.62,1,2.51,665903,Y2,,,0,13.099,clean
68,45,3,1.68,1,2.49,35316,Y2,,,0,12.952,clean
68,46,3,1.59,1,2.38,417799,Y2,,,0,12.766,clean
68,47,3,1.78,1,2.35,37551,Y4,,,0,12.529,clean
68,48,3,3.34,1,2.67,323206,Y4,0.00/noise-like,0.00/noise-like,0,12.151,hump-note
68,49,3,1.96,1,2.44,984102,Y2,,,0,11.751,clean
68,50,3,2.17,1,2.75,118643,Y2,,,0,11.447,clean
68,51,3,2.00,1,2.63,671893,Y4,,,0,11.121,clean
68,52,3,2.12,1,2.27,1207620,Y4,,,0,10.891,clean
68,53,3,2.25,1,2.47,160396,Y2,,,0,10.660,clean
68,54,3,2.09,1,2.26,997961,Y4,,,0,10.316,clean
68,55,3,2.55,1,2.48,1319915,Y2,0.00/noise-like,0.00/noise-like,0,9.847,hump-note
68,56,3,2.56,1,2.16,177294,Y4,0.24/noise-like,0.24/noise-like,0,9.225,hump-note
68,57,3,2.63,1,2.53,878334,Y4,0.00/noise-like,0.24/noise-like,0,8.516,hump-note
68,58,3,3.21,1,2.49,274211,Y4,0.00/noise-like,0.24/noise-like,0,7.943,hump-note
68,59,3,0,-1,0,0,-,,,0,7.279,QUARANTINE:dark-lane range=59 distinct=59
68,60,3,0,-1,0,0,-,,,0,6.434,QUARANTINE:dark-lane range=57 distinct=56
68,61,3,0,-1,0,0,-,,,0,5.586,QUARANTINE:dark-lane range=49 distinct=48
68,62,3,0,-1,0,0,-,,,0,4.685,QUARANTINE:dark-lane range=39 distinct=40
68,63,3,0,-1,0,0,-,,,0,3.930,QUARANTINE:dark-lane range=32 distinct=33
69,0,3,3.16,1,2.45,603318,Y2,0.24/noise-like,0.00/noise-like,0,19.658,hump-note
69,1,3,1.34,1287,2.33,346184,Y2,,,0,19.589,clean
69,2,3,1.38,1235,2.26,551105,Y4,,,0,19.572,clean
69,3,3,1.55,1,2.30,1332700,Y4,,,0,19.647,clean
69,4,3,1.35,1143,2.27,1420319,Y4,,,0,19.795,clean
69,5,3,1.56,1,2.26,824332,Y4,,,0,19.563,clean
69,6,3,1.36,1478,2.29,180870,Y2,,,0,19.310,clean
69,7,3,1.42,1267,2.61,118911,Y2,,,0,19.061,clean
69,8,3,1.34,730,2.37,1415402,Y4,,,0,18.821,clean
69,9,3,1.44,1,2.31,623882,Y2,,,0,18.468,clean
69,10,3,1.38,353,2.40,469565,Y4,,,0,18.072,clean
69,11,3,1.51,1,2.37,624239,Y2,,,0,17.678,clean
69,12,3,1.56,1,2.38,588119,Y4,,,0,17.206,clean
69,13,3,1.44,1,2.61,155300,Y4,,,0,16.752,clean
69,14,3,1.64,1,2.35,1300335,Y4,,,0,16.470,clean
69,15,3,1.43,1,2.36,1012981,Y4,,,0,16.279,clean
69,16,3,1.34,971,2.21,1247048,Y2,,,0,16.294,clean
69,17,3,1.60,1,2.36,244528,Y4,,,0,16.480,clean
69,18,3,1.68,1,2.76,1112670,Y2,,,0,17.745,clean
69,19,3,1.61,1,2.35,9656,Y2,,,0,16.398,clean
69,20,3,1.31,251,2.49,564516,Y2,,,0,16.096,clean
69,21,3,1.36,804,2.33,964880,Y4,,,0,15.991,clean
69,22,3,1.52,1338,2.51,759780,Y2,,,0,15.973,clean
69,23,3,1.32,1165,2.46,1330018,Y2,,,0,15.937,clean
69,24,3,1.55,1,2.55,1349330,Y4,,,0,15.839,clean
69,25,3,1.63,1,2.29,36925,Y2,,,0,15.412,clean
69,26,3,1.68,1,2.32,1456171,Y2,,,0,14.970,clean
69,27,3,1.86,1,2.28,670105,Y4,,,0,14.956,clean
69,28,3,1.60,1,2.53,484228,Y2,,,0,14.576,clean
69,29,3,1.71,1,2.49,64909,Y2,,,0,14.413,clean
69,30,3,1.57,1,2.71,931978,Y2,,,0,14.134,clean
69,31,3,1.90,1,2.32,1207620,Y4,,,0,13.902,clean
69,32,3,1.39,377,2.39,376046,Y2,,,0,13.642,clean
69,33,3,1.87,1,2.31,927418,Y4,,,0,13.539,clean
69,34,3,1.61,1,2.43,512123,Y2,,,0,13.524,clean
69,35,3,1.65,1,2.42,420660,Y2,,,0,13.570,clean
69,36,3,1.76,1,2.82,664383,Y4,,,0,13.678,clean
69,37,3,1.81,1,2.33,1000732,Y2,,,0,13.656,clean
69,38,3,1.85,1,2.50,957817,Y4,,,0,13.524,clean
69,39,3,1.88,1,2.42,541538,Y4,,,0,13.468,clean
69,40,3,1.85,1,2.44,4560,Y4,,,0,13.432,clean
69,41,3,1.94,1,2.41,858128,Y4,,,0,13.402,clean
69,42,3,1.78,1,2.35,73671,Y4,,,0,13.395,clean
69,43,3,1.68,1,2.42,734389,Y4,,,0,13.313,clean
69,44,3,1.94,1,2.41,1165241,Y2,,,0,13.146,clean
69,45,3,2.06,1,3.06,385165,Y2,0.24/noise-like,0.24/noise-like,0,12.942,FAM-HIT
69,46,3,1.80,1,2.60,644982,Y4,,,0,12.780,clean
69,47,3,1.67,1,2.47,379264,Y2,,,0,12.529,clean
69,48,3,3.40,1,2.42,1165241,Y4,0.24/noise-like,0.00/noise-like,0,12.168,hump-note
69,49,3,2.23,1,2.35,1116782,Y4,,,0,11.791,clean
69,50,3,2.11,1,2.34,309527,Y4,,,0,11.463,clean
69,51,3,2.43,1,2.86,1200199,Y4,,,0,11.138,clean
69,52,3,2.20,1,2.60,544220,Y4,,,0,10.877,clean
69,53,3,2.24,1,2.28,27448,Y4,,,0,10.665,clean
69,54,3,2.40,1,2.36,941634,Y2,,,0,10.323,clean
69,55,3,2.27,1,2.51,192672,Y4,,,0,9.831,clean
69,56,3,2.29,1,2.60,517845,Y4,,,0,9.204,clean
69,57,3,2.64,1,2.54,104070,Y2,0.00/noise-like,0.00/noise-like,0,8.533,hump-note
69,58,3,3.34,1,2.43,66519,Y4,0.00/noise-like,0.24/noise-like,0,7.929,hump-note
69,59,3,0,-1,0,0,-,,,0,7.254,QUARANTINE:dark-lane range=62 distinct=63
69,60,3,0,-1,0,0,-,,,0,6.430,QUARANTINE:dark-lane range=58 distinct=57
69,61,3,0,-1,0,0,-,,,0,5.574,QUARANTINE:dark-lane range=47 distinct=48
69,62,3,0,-1,0,0,-,,,0,4.696,QUARANTINE:dark-lane range=40 distinct=41
69,63,3,0,-1,0,0,-,,,0,3.937,QUARANTINE:dark-lane range=32 distinct=33
70,0,3,3.17,1,2.24,581414,Y4,0.00/noise-like,0.00/noise-like,0,19.652,hump-note
70,1,3,1.61,1,2.47,1136631,Y2,,,0,19.575,clean
70,2,3,1.37,256,2.37,65356,Y2,,,0,19.583,clean
70,3,3,1.44,1059,2.42,57667,Y2,,,0,19.684,clean
70,4,3,1.39,1,2.47,1331538,Y2,,,0,19.777,clean
70,5,3,1.45,1464,2.63,707656,Y2,,,0,19.556,clean
70,6,3,1.37,556,2.68,90480,Y2,,,0,19.295,clean
70,7,3,1.37,1419,2.58,464290,Y4,,,0,19.072,clean
70,8,3,1.38,1,2.51,91463,Y4,,,0,18.819,clean
70,9,3,1.42,1,2.59,361025,Y4,,,0,18.429,clean
70,10,3,1.50,1,2.55,517309,Y2,,,0,18.080,clean
70,11,3,1.39,1,2.47,246137,Y2,,,0,17.708,clean
70,12,3,1.46,1,2.49,16272,Y2,,,0,17.212,clean
70,13,3,1.38,690,2.29,102460,Y4,,,0,16.756,clean
70,14,3,1.52,1,2.56,581056,Y2,,,0,16.453,clean
70,15,3,1.41,1,2.82,953078,Y4,,,0,16.282,clean
70,16,3,1.40,1206,2.44,183642,Y2,,,0,16.283,clean
70,17,3,1.79,1,2.30,1287103,Y2,,,0,16.505,clean
70,18,3,1.46,676,2.30,938505,Y2,,,0,17.741,clean
70,19,3,1.58,1,2.45,550747,Y2,,,0,16.418,clean
70,20,3,1.45,1,2.44,1260996,Y4,,,0,16.095,clean
70,21,3,1.40,1,2.44,589818,Y4,,,0,15.968,clean
70,22,3,1.61,1,2.42,262320,Y2,,,0,15.939,clean
70,23,3,1.75,1,2.33,116766,Y2,,,0,15.910,clean
70,24,3,1.66,1,2.22,421643,Y4,,,0,15.864,clean
70,25,3,1.55,1,2.26,11265,Y4,,,0,15.409,clean
70,26,3,1.46,1,2.29,1355767,Y2,,,0,15.023,clean
70,27,3,1.63,1,2.41,94324,Y4,,,0,14.974,clean
70,28,3,1.69,1,2.45,955850,Y4,,,0,14.581,clean
70,29,3,1.65,1,2.43,1351118,Y4,,,0,14.412,clean
70,30,3,1.82,1,2.43,1004487,Y2,,,0,14.168,clean
70,31,3,1.85,1,2.27,1340568,Y4,,,0,13.886,clean
70,32,3,1.38,1,2.45,930190,Y2,,,0,13.634,clean
70,33,3,1.93,1,2.30,573635,Y4,,,0,13.501,clean
70,34,3,1.70,1,2.71,70900,Y4,,,0,13.519,clean
70,35,3,2.17,1,2.31,122398,Y2,,,0,13.542,clean
70,36,3,1.67,1,2.66,717312,Y4,,,0,13.675,clean
70,37,3,1.72,1,2.85,573725,Y2,,,0,13.644,clean
70,38,3,1.61,1,2.29,121415,Y2,,,0,13.496,clean
70,39,3,1.78,1,2.34,278860,Y4,,,0,13.449,clean
70,40,3,1.76,1,2.58,835955,Y2,,,0,13.441,clean
70,41,3,1.70,1,2.40,6437,Y4,,,0,13.412,clean
70,42,3,1.70,1,2.54,1380354,Y2,,,0,13.380,clean
70,43,3,1.61,1,2.41,1139671,Y4,,,0,13.321,clean
70,44,3,1.72,1,2.37,1086831,Y2,,,0,13.120,clean
70,45,3,1.51,1,2.31,1082182,Y2,,,0,12.927,clean
70,46,3,1.94,1,2.53,944495,Y4,,,0,12.756,clean
70,47,3,1.80,1,2.81,754327,Y2,,,0,12.547,clean
70,48,3,3.20,1,2.56,1305968,Y2,0.24/noise-like,0.24/noise-like,0,12.158,hump-note
70,49,3,1.93,1,2.49,1224339,Y4,,,0,11.749,clean
70,50,3,1.80,1,3.02,1279414,Y4,0.00/noise-like,0.00/noise-like,0,11.432,FAM-HIT
70,51,3,1.95,1,2.49,250787,Y4,,,0,11.128,clean
70,52,3,2.28,1,2.51,1222193,Y2,,,0,10.900,clean
70,53,3,2.04,1,2.39,933230,Y4,,,0,10.650,clean
70,54,3,2.65,1,2.37,64820,Y2,0.24/noise-like,0.00/noise-like,0,10.316,hump-note
70,55,3,2.37,1,2.36,318289,Y2,,,0,9.834,clean
70,56,3,2.77,1,2.53,1454204,Y2,0.00/noise-like,0.24/noise-like,0,9.222,hump-note
70,57,3,2.96,1,2.61,46402,Y2,0.00/noise-like,0.00/noise-like,0,8.536,hump-note
70,58,3,3.30,1,2.31,784993,Y4,0.00/noise-like,0.00/noise-like,0,7.929,hump-note
70,59,3,0,-1,0,0,-,,,0,7.265,QUARANTINE:dark-lane range=63 distinct=63
70,60,3,0,-1,0,0,-,,,0,6.436,QUARANTINE:dark-lane range=57 distinct=55
70,61,3,0,-1,0,0,-,,,0,5.583,QUARANTINE:dark-lane range=47 distinct=48
70,62,3,0,-1,0,0,-,,,0,4.697,QUARANTINE:dark-lane range=40 distinct=39
70,63,3,0,-1,0,0,-,,,0,3.936,QUARANTINE:dark-lane range=34 distinct=34
71,0,3,3.40,1,2.45,153959,Y4,0.00/noise-like,0.00/noise-like,0,19.651,hump-note
71,1,3,1.48,1,2.38,274122,Y4,,,0,19.591,clean
71,2,3,1.60,1,2.36,262499,Y2,,,0,19.601,clean
71,3,3,1.46,1279,2.39,1182675,Y2,,,0,19.667,clean
71,4,3,1.36,1173,2.50,182122,Y2,,,0,19.798,clean
71,5,3,1.39,1,2.38,785708,Y4,,,0,19.563,clean
71,6,3,1.61,1,2.38,767648,Y4,,,0,19.328,clean
71,7,3,1.40,838,2.48,134557,Y2,,,0,19.104,clean
71,8,3,1.55,227,2.34,874400,Y4,,,0,18.825,clean
71,9,3,1.41,1,2.49,483513,Y4,,,0,18.444,clean
71,10,3,1.42,1,2.39,214040,Y2,,,0,18.077,clean
71,11,3,1.40,1,2.24,693619,Y4,,,0,17.673,clean
71,12,3,1.64,1,2.65,1354694,Y2,,,0,17.212,clean
71,13,3,1.70,1,2.62,376046,Y2,,,0,16.765,clean
71,14,3,1.50,1,2.57,1135468,Y4,,,0,16.452,clean
71,15,3,1.40,1,2.42,1164883,Y4,,,0,16.257,clean
71,16,3,1.44,1,2.25,664026,Y2,,,0,16.293,clean
71,17,3,1.50,1,2.39,1037747,Y2,,,0,16.483,clean
71,18,3,1.62,801,2.64,507832,Y4,,,0,17.725,clean
71,19,3,1.48,1,2.32,153512,Y4,,,0,16.399,clean
71,20,3,1.59,1,2.21,1359880,Y2,,,0,16.114,clean
71,21,3,1.47,1,2.36,1444459,Y2,,,0,15.939,clean
71,22,3,1.50,1,2.33,616640,Y2,,,0,15.946,clean
71,23,3,1.64,1,2.27,686735,Y2,,,0,15.930,clean
71,24,3,1.57,1,2.50,139207,Y4,,,0,15.832,clean
71,25,3,1.61,1,2.29,1311868,Y2,,,0,15.427,clean
71,26,3,1.54,1,2.38,1309365,Y2,,,0,15.007,clean
71,27,3,1.75,1,2.88,103801,Y2,,,0,14.984,clean
71,28,3,1.70,1,2.31,1055270,Y4,,,0,14.564,clean
71,29,3,1.61,1,2.42,1180708,Y4,,,0,14.408,clean
71,30,3,1.81,1,2.43,651687,Y4,,,0,14.154,clean
71,31,3,1.82,1,2.51,908017,Y4,,,0,13.895,clean
71,32,3,1.38,854,2.41,1059383,Y2,,,0,13.656,clean
71,33,3,1.87,1,2.36,552446,Y4,,,0,13.523,clean
71,34,3,1.72,1,2.43,208139,Y4,,,0,13.527,clean
71,35,3,1.70,1,2.41,416189,Y4,,,0,13.587,clean
71,36,3,1.87,1,2.45,486463,Y2,,,0,13.681,clean
71,37,3,1.83,1,2.46,874043,Y2,,,0,13.650,clean
71,38,3,1.70,1,2.44,1345485,Y2,,,0,13.526,clean
71,39,3,1.63,1,2.82,745744,Y2,,,0,13.458,clean
71,40,3,1.76,1,2.51,480026,Y4,,,0,13.413,clean
71,41,3,1.79,1,2.66,206798,Y4,,,0,13.431,clean
71,42,3,1.90,1,2.46,205547,Y4,,,0,13.417,clean
71,43,3,1.86,1,2.35,140458,Y2,,,0,13.316,clean
71,44,3,1.75,1,2.54,248462,Y4,,,0,13.134,clean
71,45,3,1.83,1,2.67,822812,Y4,,,0,12.940,clean
71,46,3,1.70,1,2.33,669479,Y2,,,0,12.784,clean
71,47,3,1.80,1,2.32,1398236,Y4,,,0,12.533,clean
71,48,3,3.21,1,2.49,93162,Y4,0.00/noise-like,0.00/noise-like,0,12.168,hump-note
71,49,3,2.10,1,2.47,72598,Y2,,,0,11.782,clean
71,50,3,1.80,1,2.52,171930,Y2,,,0,11.452,clean
71,51,3,1.99,1,2.50,530452,Y2,,,0,11.121,clean
71,52,3,2.05,1,2.53,623703,Y2,,,0,10.884,clean
71,53,3,2.26,1,2.27,1210660,Y4,,,0,10.679,clean
71,54,3,2.40,1,2.43,468403,Y2,,,0,10.326,clean
71,55,3,2.24,1,2.28,58204,Y2,,,0,9.826,clean
71,56,3,2.39,1,2.54,280470,Y4,,,0,9.219,clean
71,57,3,2.74,1,2.26,960946,Y4,0.00/noise-like,0.00/noise-like,0,8.530,hump-note
71,58,3,3.16,1,2.27,665188,Y4,0.24/noise-like,0.00/noise-like,0,7.941,hump-note
71,59,3,0,-1,0,0,-,,,0,7.283,QUARANTINE:dark-lane range=60 distinct=61
71,60,3,0,-1,0,0,-,,,0,6.441,QUARANTINE:dark-lane range=55 distinct=55
71,61,3,0,-1,0,0,-,,,0,5.587,QUARANTINE:dark-lane range=51 distinct=50
71,62,3,0,-1,0,0,-,,,0,4.695,QUARANTINE:dark-lane range=40 distinct=41
71,63,3,0,-1,0,0,-,,,0,3.936,QUARANTINE:dark-lane range=34 distinct=35
72,0,3,3.26,1,2.38,864387,Y2,0.24/noise-like,0.00/noise-like,0,19.665,hump-note
72,1,3,1.51,1,2.31,739574,Y2,,,0,19.574,clean
72,2,3,1.33,1117,2.53,1373649,Y2,,,0,19.564,clean
72,3,3,1.36,1445,2.50,785351,Y2,,,0,19.699,clean
72,4,3,1.35,1198,2.43,280470,Y4,,,0,19.811,clean
72,5,3,1.38,139,2.53,641316,Y4,,,0,19.581,clean
72,6,3,1.40,1,2.24,226110,Y4,,,0,19.305,clean
72,7,3,1.36,484,2.54,1180172,Y4,,,0,19.094,clean
72,8,3,1.49,1,2.68,1015484,Y2,,,0,18.840,clean
72,9,3,1.37,1,2.43,852406,Y4,,,0,18.410,clean
72,10,3,1.33,682,2.28,900507,Y4,,,0,18.101,clean
72,11,3,1.38,1,2.50,1304537,Y4,,,0,17.698,clean
72,12,3,1.93,1,2.28,241488,Y2,,,0,17.246,clean
72,13,3,1.61,1,2.41,133753,Y2,,,0,16.753,clean
72,14,3,1.67,1,2.37,195622,Y2,,,0,16.440,clean
72,15,3,1.72,1,2.38,802785,Y2,,,0,16.265,clean
72,16,3,1.42,1,2.41,1163989,Y2,,,0,16.338,clean
72,17,3,1.58,1,2.42,633895,Y4,,,0,16.473,clean
72,18,3,1.51,530,2.22,17613,Y2,,,0,17.784,clean
72,19,3,1.45,1,2.42,295132,Y2,,,0,16.395,clean
72,20,3,1.62,1,2.30,1204133,Y4,,,0,16.076,clean
72,21,3,1.48,1,2.45,202149,Y2,,,0,15.974,clean
72,22,3,1.60,1,2.61,528127,Y2,,,0,15.931,clean
72,23,3,1.59,1,2.30,714093,Y4,,,0,15.915,clean
72,24,3,1.49,1,2.47,186503,Y4,,,0,15.816,clean
72,25,3,1.65,1,2.63,1369089,Y2,,,0,15.444,clean
72,26,3,1.59,1,2.25,489503,Y4,,,0,15.001,clean
72,27,3,1.80,1,2.51,1069129,Y2,,,0,14.986,clean
72,28,3,1.51,1,2.32,70184,Y2,,,0,14.620,clean
72,29,3,1.83,1,2.57,133306,Y2,,,0,14.418,clean
72,30,3,1.77,1,2.48,321597,Y2,,,0,14.163,clean
72,31,3,1.63,1,2.44,189543,Y2,,,0,13.894,clean
72,32,3,1.40,1,2.27,1167029,Y4,,,0,13.632,clean
72,33,3,1.95,1,2.45,100762,Y2,,,0,13.547,clean
72,34,3,1.54,1,2.57,1352638,Y4,,,0,13.510,clean
72,35,3,1.92,1,2.21,88692,Y2,,,0,13.613,clean
72,36,3,1.60,1,2.25,779629,Y4,,,0,13.652,clean
72,37,3,1.70,1,2.25,291377,Y4,,,0,13.622,clean
72,38,3,1.95,1,2.43,802696,Y4,,,0,13.521,clean
72,39,3,1.72,1,2.40,211537,Y2,,,0,13.456,clean
72,40,3,1.82,1,2.52,991434,Y4,,,0,13.434,clean
72,41,3,1.97,1,2.33,520974,Y2,,,0,13.415,clean
72,42,3,1.73,1,2.62,213772,Y4,,,0,13.400,clean
72,43,3,1.93,1,2.40,499785,Y2,,,0,13.343,clean
72,44,3,2.05,1,2.69,1145750,Y4,,,0,13.123,clean
72,45,3,1.91,1,2.30,12875,Y4,,,0,12.948,clean
72,46,3,1.76,1,2.33,1442850,Y4,,,0,12.767,clean
72,47,3,2.19,1,2.63,17345,Y2,,,0,12.548,clean
72,48,3,3.16,1,2.57,1464844,Y4,0.00/noise-like,0.00/noise-like,0,12.170,hump-note
72,49,3,2.21,1,2.32,733227,Y2,,,0,11.780,clean
72,50,3,1.90,1,2.54,10550,Y4,,,0,11.464,clean
72,51,3,2.14,1,2.32,1156121,Y2,,,0,11.117,clean
72,52,3,2.15,1,2.34,194192,Y2,,,0,10.881,clean
72,53,3,2.12,1,2.28,5633,Y2,,,0,10.681,clean
72,54,3,2.33,1,2.30,977218,Y4,,,0,10.308,clean
72,55,3,2.57,1,2.24,336349,Y2,0.00/noise-like,0.00/noise-like,0,9.821,hump-note
72,56,3,2.86,1,2.41,1446337,Y2,0.00/noise-like,0.24/noise-like,0,9.213,hump-note
72,57,3,2.74,1,2.44,189900,Y2,0.00/noise-like,0.00/noise-like,0,8.528,hump-note
72,58,3,2.78,1,2.44,562638,Y4,0.00/noise-like,0.00/noise-like,0,7.926,hump-note
72,59,3,0,-1,0,0,-,,,0,7.264,QUARANTINE:dark-lane range=61 distinct=61
72,60,3,0,-1,0,0,-,,,0,6.432,QUARANTINE:dark-lane range=54 distinct=53
72,61,3,0,-1,0,0,-,,,0,5.583,QUARANTINE:dark-lane range=51 distinct=49
72,62,3,0,-1,0,0,-,,,0,4.689,QUARANTINE:dark-lane range=42 distinct=43
72,63,3,0,-1,0,0,-,,,0,3.935,QUARANTINE:dark-lane range=39 distinct=37
73,0,3,3.35,1,2.25,1300156,Y4,0.00/noise-like,0.00/noise-like,0,19.665,hump-note
73,1,3,1.35,1428,2.44,218600,Y4,,,0,19.610,clean
73,2,3,1.36,1631,2.29,408232,Y2,,,0,19.562,clean
73,3,3,1.38,678,2.42,979185,Y4,,,0,19.659,clean
73,4,3,1.38,873,2.53,388831,Y2,,,0,19.796,clean
73,5,3,1.40,175,2.73,1065284,Y4,,,0,19.581,clean
73,6,3,1.40,1,2.36,861436,Y4,,,0,19.278,clean
73,7,3,1.41,1,2.32,831842,Y2,,,0,19.094,clean
73,8,3,1.39,281,2.57,551820,Y2,,,0,18.838,clean
73,9,3,1.35,1,2.35,1344502,Y4,,,0,18.416,clean
73,10,3,1.39,1,2.29,548691,Y4,,,0,18.083,clean
73,11,3,1.41,1,2.31,1246780,Y4,,,0,17.721,clean
73,12,3,1.50,1,2.24,365853,Y2,,,0,17.205,clean
73,13,3,1.49,1,2.38,239253,Y4,,,0,16.776,clean
73,14,3,1.59,1,2.40,640243,Y2,,,0,16.445,clean
73,15,3,1.77,1,2.42,640243,Y2,,,0,16.272,clean
73,16,3,1.57,1,2.22,41842,Y2,,,0,16.322,clean
73,17,3,1.48,1,2.38,65625,Y2,,,0,16.464,clean
73,18,3,1.55,733,2.39,639707,Y4,,,0,17.779,clean
73,19,3,1.52,1,2.22,866622,Y2,,,0,16.397,clean
73,20,3,1.40,1,2.33,947624,Y2,,,0,16.098,clean
73,21,3,1.59,1,2.36,662148,Y2,,,0,15.947,clean
73,22,3,1.66,1,2.36,1005918,Y2,,,0,15.932,clean
73,23,3,1.77,1,2.28,268579,Y4,,,0,15.905,clean
73,24,3,1.61,1,2.36,1260102,Y4,,,0,15.861,clean
73,25,3,1.64,1,2.42,382483,Y4,,,0,15.395,clean
73,26,3,1.67,1,2.48,1451522,Y4,,,0,15.014,clean
73,27,3,1.49,1,2.57,1187682,Y2,,,0,14.983,clean
73,28,3,1.72,1,2.43,316948,Y2,,,0,14.572,clean
73,29,3,1.74,1,2.45,1047850,Y4,,,0,14.401,clean
73,30,3,1.81,1,2.56,445873,Y2,,,0,14.173,clean
73,31,3,1.89,1,2.44,271618,Y2,,,0,13.878,clean
73,32,3,1.39,993,2.43,1367301,Y2,,,0,13.650,clean
73,33,3,1.84,1,2.29,1424611,Y2,,,0,13.530,clean
73,34,3,1.71,1,2.65,1041502,Y4,,,0,13.527,clean
73,35,3,1.61,1,2.33,91642,Y2,,,0,13.578,clean
73,36,3,1.77,1,2.65,744581,Y4,,,0,13.685,clean
73,37,3,1.94,1,2.42,588924,Y2,,,0,13.675,clean
73,38,3,1.75,1,2.44,819594,Y2,,,0,13.522,clean
73,39,3,2.00,1,2.39,37104,Y2,,,0,13.465,clean
73,40,3,1.52,1,2.66,260800,Y4,,,0,13.420,clean
73,41,3,1.84,1,2.34,452310,Y4,,,0,13.416,clean
73,42,3,1.52,1,2.26,688434,Y4,,,0,13.414,clean
73,43,3,1.78,1,2.41,442296,Y4,,,0,13.337,clean
73,44,3,2.20,1,2.41,1161218,Y2,,,0,13.113,clean
73,45,3,1.86,1,2.32,777036,Y2,,,0,12.954,clean
73,46,3,1.83,1,2.53,1145571,Y2,,,0,12.759,clean
73,47,3,1.93,1,2.36,1271546,Y4,,,0,12.560,clean
73,48,3,3.27,1,2.53,38177,Y2,0.24/noise-like,0.00/noise-like,0,12.142,hump-note
73,49,3,2.08,1,2.31,843108,Y4,,,0,11.774,clean
73,50,3,1.97,1,2.42,194103,Y2,,,0,11.434,clean
73,51,3,2.16,1,2.57,1208782,Y2,,,0,11.144,clean
73,52,3,2.12,1,2.38,1040429,Y2,,,0,10.867,clean
73,53,3,2.69,1,2.24,1058400,Y2,0.00/noise-like,0.00/noise-like,0,10.664,hump-note
73,54,3,2.24,1,2.44,106752,Y2,,,0,10.316,clean
73,55,3,2.47,1,2.43,54002,Y2,,,0,9.828,clean
73,56,3,2.91,1,2.34,920802,Y4,0.24/noise-like,0.00/noise-like,0,9.229,hump-note
73,57,3,2.74,1,2.39,1028895,Y4,0.00/noise-like,0.00/noise-like,0,8.537,hump-note
73,58,3,2.83,1,2.58,1085043,Y4,0.00/noise-like,0.00/noise-like,0,7.938,hump-note
73,59,3,0,-1,0,0,-,,,0,7.263,QUARANTINE:dark-lane range=65 distinct=63
73,60,3,0,-1,0,0,-,,,0,6.438,QUARANTINE:dark-lane range=62 distinct=56
73,61,3,0,-1,0,0,-,,,0,5.587,QUARANTINE:dark-lane range=51 distinct=47
73,62,3,0,-1,0,0,-,,,0,4.693,QUARANTINE:dark-lane range=38 distinct=39
73,63,3,0,-1,0,0,-,,,0,3.938,QUARANTINE:dark-lane range=36 distinct=36
74,0,3,3.17,1,2.40,1228541,Y4,0.24/noise-like,0.24/noise-like,0,19.655,hump-note
74,1,3,1.43,1,2.41,893265,Y2,,,0,19.610,clean
74,2,3,1.31,1060,2.35,102550,Y2,,,0,19.552,clean
74,3,3,1.56,1,2.41,1266092,Y4,,,0,19.695,clean
74,4,3,1.37,1464,2.29,149041,Y2,,,0,19.768,clean
74,5,3,1.42,956,2.38,211000,Y4,,,0,19.593,clean
74,6,3,1.33,382,2.30,927150,Y4,,,0,19.319,clean
74,7,3,1.34,799,2.58,334382,Y4,,,0,19.089,clean
74,8,3,1.60,1,2.77,71257,Y2,,,0,18.826,clean
74,9,3,1.38,390,2.86,170678,Y2,,,0,18.478,clean
74,10,3,1.35,424,2.57,722408,Y4,,,0,18.068,clean
74,11,3,1.50,1,2.44,778556,Y2,,,0,17.718,clean
74,12,3,1.36,1074,2.27,984371,Y2,,,0,17.230,clean
74,13,3,1.42,195,2.94,587225,Y4,,,0,16.763,clean
74,14,3,1.62,1,2.45,1319289,Y4,,,0,16.464,clean
74,15,3,1.55,1,2.51,1156479,Y2,,,0,16.294,clean
74,16,3,1.51,1,2.51,1401544,Y4,,,0,16.307,clean
74,17,3,1.82,1,2.38,373900,Y2,,,0,16.489,clean
74,18,3,1.59,776,2.31,819951,Y2,,,0,17.718,clean
74,19,3,1.39,1,2.30,358701,Y4,,,0,16.391,clean
74,20,3,1.59,1,2.18,1117855,Y2,,,0,16.117,clean
74,21,3,1.40,232,2.50,296295,Y4,,,0,15.941,clean
74,22,3,1.48,1,2.26,7242,Y2,,,0,15.943,clean
74,23,3,1.65,1,2.36,573993,Y4,,,0,15.923,clean
74,24,3,1.37,67,2.31,1400203,Y2,,,0,15.810,clean
74,25,3,1.60,1,2.53,1373112,Y2,,,0,15.436,clean
74,26,3,1.66,1,2.44,1343518,Y2,,,0,15.029,clean
74,27,3,1.83,1,2.51,249624,Y4,,,0,14.976,clean
74,28,3,1.66,1,2.28,287712,Y2,,,0,14.568,clean
74,29,3,1.64,1,2.27,364155,Y2,,,0,14.377,clean
74,30,3,1.51,1,2.44,1374811,Y2,,,0,14.150,clean
74,31,3,1.67,1,2.49,203311,Y4,,,0,13.882,clean
74,32,3,1.50,1,2.39,916690,Y4,,,0,13.650,clean
74,33,3,1.80,1,2.45,1415133,Y2,,,0,13.530,clean
74,34,3,1.68,1,2.43,1344860,Y2,,,0,13.504,clean
74,35,3,1.70,1,2.52,814140,Y2,,,0,13.603,clean
74,36,3,1.59,1,2.44,27537,Y4,,,0,13.685,clean
74,37,3,1.67,1,2.36,421375,Y2,,,0,13.630,clean
74,38,3,1.70,1,2.45,689328,Y2,,,0,13.503,clean
74,39,3,1.88,1,2.45,132144,Y4,,,0,13.455,clean
74,40,3,2.01,1,2.47,262141,Y4,,,0,13.438,clean
74,41,3,2.11,1,2.31,488162,Y2,,,0,13.418,clean
74,42,3,1.71,1,2.71,587583,Y4,,,0,13.381,clean
74,43,3,1.68,1,2.38,856698,Y4,,,0,13.325,clean
74,44,3,1.99,1,2.75,22620,Y2,,,0,13.107,clean
74,45,3,1.89,1,2.28,448734,Y2,,,0,12.948,clean
74,46,3,1.97,1,2.47,27448,Y2,,,0,12.791,clean
74,47,3,2.13,1,2.58,1195014,Y2,,,0,12.553,clean
74,48,3,3.20,1,2.24,1245260,Y2,0.00/noise-like,0.00/noise-like,0,12.153,hump-note
74,49,3,2.18,1,2.67,512481,Y2,,,0,11.743,clean
74,50,3,1.95,1,2.49,967473,Y4,,,0,11.428,clean
74,51,3,2.25,1,2.76,1154244,Y4,,,0,11.129,clean
74,52,3,2.09,1,2.61,476629,Y2,,,0,10.879,clean
74,53,3,2.29,1,2.27,60886,Y2,,,0,10.655,clean
74,54,3,2.22,1,2.26,1463056,Y2,,,0,10.323,clean
74,55,3,2.38,1,2.45,844270,Y4,,,0,9.836,clean
74,56,3,2.65,1,2.30,123739,Y2,0.00/noise-like,0.00/noise-like,0,9.203,hump-note
74,57,3,2.88,1,2.49,497997,Y4,0.00/noise-like,0.00/noise-like,0,8.530,hump-note
74,58,3,3.30,1,2.39,361383,Y4,0.00/noise-like,0.24/noise-like,0,7.936,hump-note
74,59,3,3.33,1,2.41,658125,Y4,0.00/noise-like,0.24/noise-like,0,7.284,hump-note
74,60,3,0,-1,0,0,-,,,0,6.438,QUARANTINE:dark-lane range=56 distinct=55
74,61,3,0,-1,0,0,-,,,0,5.579,QUARANTINE:dark-lane range=55 distinct=51
74,62,3,0,-1,0,0,-,,,0,4.694,QUARANTINE:dark-lane range=43 distinct=44
74,63,3,0,-1,0,0,-,,,0,3.942,QUARANTINE:dark-lane range=36 distinct=36
75,0,3,3.45,1,2.55,370771,Y4,0.00/noise-like,0.00/noise-like,0,19.654,hump-note
75,1,3,1.39,1382,2.42,2861,Y2,,,0,19.573,clean
75,2,3,1.42,78,2.26,858575,Y4,,,0,19.562,clean
75,3,3,1.41,1393,2.23,682086,Y4,,,0,19.645,clean
75,4,3,1.45,1,2.44,720710,Y2,,,0,19.834,clean
75,5,3,1.37,281,2.37,1116604,Y2,,,0,19.580,clean
75,6,3,1.34,729,2.42,90122,Y2,,,0,19.293,clean
75,7,3,1.34,556,2.63,580162,Y4,,,0,19.078,clean
75,8,3,1.37,172,2.37,924379,Y2,,,0,18.820,clean
75,9,3,1.51,1,2.54,1271188,Y2,,,0,18.424,clean
75,10,3,1.51,1,2.37,1364976,Y4,,,0,18.098,clean
75,11,3,1.53,1,2.48,775963,Y4,,,0,17.710,clean
75,12,3,1.44,1,2.56,9745,Y2,,,0,17.190,clean
75,13,3,1.53,1,2.26,829965,Y2,,,0,16.775,clean
75,14,3,1.59,1,2.28,243723,Y4,,,0,16.486,clean
75,15,3,1.76,1,2.52,145376,Y4,,,0,16.245,clean
75,16,3,1.37,1427,2.30,1439720,Y4,,,0,16.329,clean
75,17,3,1.47,1,2.46,590801,Y4,,,0,16.483,clean
75,18,3,1.48,538,2.41,73314,Y2,,,0,17.715,clean
75,19,3,1.40,262,2.41,778109,Y2,,,0,16.445,clean
75,20,3,1.73,1,2.39,1054376,Y2,,,0,16.101,clean
75,21,3,1.42,1,2.40,611901,Y2,,,0,15.951,clean
75,22,3,1.48,1,2.49,1284420,Y4,,,0,15.949,clean
75,23,3,1.56,1,2.38,1103193,Y2,,,0,15.938,clean
75,24,3,1.57,1,2.32,179619,Y4,,,0,15.833,clean
75,25,3,1.39,1,2.54,254184,Y4,,,0,15.416,clean
75,26,3,1.61,1,2.42,1369357,Y2,,,0,14.999,clean
75,27,3,1.57,1,2.29,1293719,Y4,,,0,14.968,clean
75,28,3,1.70,1,2.47,810921,Y2,,,0,14.586,clean
75,29,3,1.55,1,2.34,1454651,Y2,,,0,14.402,clean
75,30,3,1.67,1,2.65,981688,Y4,,,0,14.169,clean
75,31,3,1.43,1,2.39,722945,Y4,,,0,13.897,clean
75,32,3,1.37,1376,2.46,924289,Y2,,,0,13.614,clean
75,33,3,1.97,1,2.42,1026303,Y4,,,0,13.556,clean
75,34,3,1.80,1,2.43,876814,Y2,,,0,13.524,clean
75,35,3,2.07,1,2.45,601530,Y4,,,0,13.583,clean
75,36,3,1.78,1,2.58,1313388,Y4,,,0,13.681,clean
75,37,3,1.74,1,2.27,733227,Y4,,,0,13.620,clean
75,38,3,1.66,1,2.26,207424,Y4,,,0,13.526,clean
75,39,3,1.81,1,2.18,1343429,Y2,,,0,13.479,clean
75,40,3,1.73,1,2.36,424147,Y4,,,0,13.392,clean
75,41,3,1.74,1,2.46,79751,Y2,,,0,13.430,clean
75,42,3,1.66,1,2.31,582397,Y2,,,0,13.401,clean
75,43,3,2.00,1,2.64,303000,Y4,,,0,13.303,clean
75,44,3,1.78,1,2.47,45061,Y2,,,0,13.107,clean
75,45,3,1.82,1,2.56,41127,Y4,,,0,12.950,clean
75,46,3,1.71,1,2.33,1456261,Y2,,,0,12.758,clean
75,47,3,1.61,1,2.37,17256,Y4,,,0,12.522,clean
75,48,3,3.04,1,2.54,506043,Y4,0.00/noise-like,0.00/noise-like,0,12.160,hump-note
75,49,3,2.18,1,2.45,1018524,Y4,,,0,11.755,clean
75,50,3,2.05,1,2.35,196964,Y4,,,0,11.452,clean
75,51,3,2.14,1,2.34,1315266,Y4,,,0,11.132,clean
75,52,3,2.25,1,2.53,1344323,Y4,,,0,10.891,clean
75,53,3,2.30,1,2.44,1255900,Y4,,,0,10.666,clean
75,54,3,2.26,1,2.41,1304090,Y4,,,0,10.322,clean
75,55,3,2.59,1,2.37,1387238,Y4,0.00/noise-like,0.24/noise-like,0,9.842,hump-note
75,56,3,2.76,1,2.40,1228899,Y4,0.00/noise-like,0.00/noise-like,0,9.208,hump-note
75,57,3,2.57,1,2.64,949502,Y2,0.00/noise-like,0.00/noise-like,0,8.532,hump-note
75,58,3,3.21,1,2.38,349134,Y2,0.00/noise-like,0.24/noise-like,0,7.943,hump-note
75,59,3,3.37,1,2.63,226736,Y4,0.24/noise-like,0.24/noise-like,0,7.277,hump-note
75,60,3,0,-1,0,0,-,,,0,6.435,QUARANTINE:dark-lane range=57 distinct=57
75,61,3,0,-1,0,0,-,,,0,5.580,QUARANTINE:dark-lane range=49 distinct=47
75,62,3,0,-1,0,0,-,,,0,4.692,QUARANTINE:dark-lane range=42 distinct=41
75,63,3,0,-1,0,0,-,,,0,3.929,QUARANTINE:dark-lane range=33 distinct=34
76,0,3,3.60,1,2.47,266880,Y4,0.24/noise-like,0.00/noise-like,0,19.647,hump-note
76,1,3,1.55,1,2.24,651419,Y2,,,0,19.591,clean
76,2,3,1.36,601,2.41,1091391,Y2,,,0,19.566,clean
76,3,3,1.49,1,2.19,582755,Y2,,,0,19.636,clean
76,4,3,1.42,492,2.44,388741,Y4,,,0,19.800,clean
76,5,3,1.34,1302,2.35,875205,Y2,,,0,19.574,clean
76,6,3,1.40,968,2.27,1214057,Y2,,,0,19.295,clean
76,7,3,1.36,1,2.44,425845,Y2,,,0,19.098,clean
76,8,3,1.61,1,2.40,347883,Y4,,,0,18.839,clean
76,9,3,1.35,1,2.51,1150578,Y2,,,0,18.460,clean
76,10,3,1.33,1,2.41,123829,Y2,,,0,18.110,clean
76,11,3,1.50,1,2.39,619948,Y2,,,0,17.664,clean
76,12,3,1.41,1171,2.42,81271,Y4,,,0,17.224,clean
76,13,3,1.78,1,2.75,84400,Y2,,,0,16.740,clean
76,14,3,1.55,1,2.42,1249909,Y2,,,0,16.452,clean
76,15,3,1.59,1,2.24,90569,Y2,,,0,16.242,clean
76,16,3,1.37,1,2.41,1418889,Y2,,,0,16.303,clean
76,17,3,1.52,1,2.51,954419,Y4,,,0,16.473,clean
76,18,3,1.50,696,2.47,1066178,Y4,,,0,17.726,clean
76,19,3,1.38,1,2.70,1037121,Y2,,,0,16.421,clean
76,20,3,1.71,1,2.43,49800,Y4,,,0,16.107,clean
76,21,3,1.68,1,2.52,1372576,Y4,,,0,15.965,clean
76,22,3,1.81,1,2.66,966400,Y2,,,0,15.934,clean
76,23,3,1.55,1,2.40,738412,Y2,,,0,15.957,clean
76,24,3,1.37,953,2.34,495583,Y4,,,0,15.822,clean
76,25,3,1.67,1,2.24,967383,Y4,,,0,15.439,clean
76,26,3,1.56,1,2.76,1022369,Y2,,,0,15.013,clean
76,27,3,2.05,1,2.46,362903,Y2,,,0,14.963,clean
76,28,3,1.71,1,2.59,1258135,Y4,,,0,14.574,clean
76,29,3,1.75,1,2.65,228792,Y4,,,0,14.396,clean
76,30,3,1.52,1,2.53,737786,Y4,,,0,14.147,clean
76,31,3,1.60,1,2.40,121951,Y4,,,0,13.884,clean
76,32,3,1.34,355,2.31,199020,Y2,,,0,13.647,clean
76,33,3,1.84,1,2.52,1369089,Y4,,,0,13.548,clean
76,34,3,1.67,1,2.54,1124918,Y4,,,0,13.517,clean
76,35,3,1.73,1,2.35,544578,Y2,,,0,13.583,clean
76,36,3,1.66,1,2.40,936538,Y2,,,0,13.697,clean
76,37,3,1.81,1,2.64,32991,Y4,,,0,13.634,clean
76,38,3,1.68,1,2.27,219673,Y4,,,0,13.508,clean
76,39,3,1.54,1,2.55,1419961,Y2,,,0,13.470,clean
76,40,3,1.82,1,2.47,734299,Y4,,,0,13.428,clean
76,41,3,2.06,1,2.46,577837,Y4,,,0,13.426,clean
76,42,3,1.50,1,2.43,582486,Y4,,,0,13.404,clean
76,43,3,1.50,1,2.45,33170,Y4,,,0,13.312,clean
76,44,3,1.75,1,2.50,883162,Y4,,,0,13.118,clean
76,45,3,2.02,1,2.28,219226,Y4,,,0,12.933,clean
76,46,3,1.80,1,2.30,554591,Y4,,,0,12.787,clean
76,47,3,1.68,1,2.36,996798,Y4,,,0,12.547,clean
76,48,3,3.58,1,2.35,359416,Y2,0.00/noise-like,0.24/noise-like,0,12.151,hump-note
76,49,3,1.97,1,2.39,1385003,Y2,,,0,11.767,clean
76,50,3,2.04,1,2.27,149757,Y2,,,0,11.441,clean
76,51,3,2.09,1,2.57,17434,Y4,,,0,11.124,clean
76,52,3,2.78,1,2.43,279218,Y2,0.00/noise-like,0.24/noise-like,0,10.898,hump-note
76,53,3,2.41,1,2.24,743687,Y2,,,0,10.681,clean
76,54,3,2.28,1,2.42,886291,Y4,,,0,10.323,clean
76,55,3,2.42,1,2.37,128120,Y2,,,0,9.842,clean
76,56,3,2.51,1,2.48,760764,Y4,0.00/noise-like,0.00/noise-like,0,9.216,hump-note
76,57,3,2.98,1,2.58,1218528,Y2,0.00/noise-like,0.00/noise-like,0,8.512,hump-note
76,58,3,2.91,1,2.54,14573,Y4,0.24/noise-like,0.00/noise-like,0,7.941,hump-note
76,59,3,0,-1,0,0,-,,,0,7.285,QUARANTINE:dark-lane range=62 distinct=62
76,60,3,0,-1,0,0,-,,,0,6.442,QUARANTINE:dark-lane range=52 distinct=53
76,61,3,0,-1,0,0,-,,,0,5.594,QUARANTINE:dark-lane range=49 distinct=49
76,62,3,0,-1,0,0,-,,,0,4.687,QUARANTINE:dark-lane range=46 distinct=42
76,63,3,0,-1,0,0,-,,,0,3.936,QUARANTINE:dark-lane range=34 distinct=35
77,0,3,2.96,1,2.61,16004,Y2,0.00/noise-like,0.24/noise-like,0,19.680,hump-note
77,1,3,1.40,1,2.66,185609,Y2,,,0,19.542,clean
77,2,3,1.34,521,2.26,1451075,Y4,,,0,19.586,clean
77,3,3,1.53,218,2.44,237823,Y2,,,0,19.673,clean
77,4,3,1.44,1,2.42,937790,Y2,,,0,19.783,clean
77,5,3,1.39,390,2.44,264287,Y4,,,0,19.579,clean
77,6,3,1.45,919,2.45,24408,Y2,,,0,19.292,clean
77,7,3,1.50,1,2.74,141263,Y2,,,0,19.097,clean
77,8,3,1.49,1,2.29,1013428,Y2,,,0,18.803,clean
77,9,3,1.45,1,2.32,1148880,Y2,,,0,18.428,clean
77,10,3,1.38,1448,2.42,1108825,Y2,,,0,18.094,clean
77,11,3,1.69,1,2.37,1313210,Y2,,,0,17.709,clean
77,12,3,1.43,1,2.46,60886,Y2,,,0,17.210,clean
77,13,3,1.42,1,2.37,822991,Y2,,,0,16.758,clean
77,14,3,1.35,1,2.48,1026034,Y4,,,0,16.456,clean
77,15,3,1.68,1,2.50,1194835,Y2,,,1,16.256,clean
77,16,3,1.33,398,2.55,48459,Y2,,,0,16.310,clean
77,17,3,1.50,1,2.35,208497,Y4,,,0,16.478,clean
77,18,3,1.48,817,2.44,681102,Y2,,,0,17.693,clean
77,19,3,1.57,1,2.48,1345485,Y4,,,0,16.414,clean
77,20,3,1.70,1,2.43,958532,Y2,,,0,16.103,clean
77,21,3,1.73,1,2.45,15467,Y4,,,0,15.929,clean
77,22,3,1.47,1,2.41,916332,Y2,,,0,15.961,clean
77,23,3,1.45,1,2.91,163436,Y4,,,0,15.911,clean
77,24,3,1.59,1,2.30,699788,Y2,,,0,15.836,clean
77,25,3,1.64,1,2.40,85473,Y4,,,0,15.445,clean
77,26,3,1.65,1,2.60,19938,Y4,,,0,15.019,clean
77,27,3,1.70,1,2.26,1276374,Y4,,,0,14.984,clean
77,28,3,1.56,1,2.27,1351297,Y4,,,0,14.592,clean
77,29,3,1.78,1,2.47,29683,Y2,,,0,14.402,clean
77,30,3,1.74,1,2.33,1184642,Y4,,,0,14.141,clean
77,31,3,1.92,1,2.37,64999,Y4,,,0,13.915,clean
77,32,3,1.43,1,2.43,63568,Y2,,,0,13.623,clean
77,33,3,1.74,1,2.56,1274139,Y4,,,0,13.552,clean
77,34,3,1.60,1,2.45,949055,Y2,,,0,13.525,clean
77,35,3,1.87,1,2.52,230223,Y2,,,0,13.579,clean
77,36,3,1.65,1,2.45,533581,Y2,,,0,13.665,clean
77,37,3,1.61,1,2.36,1406282,Y4,,,0,13.628,clean
77,38,3,1.74,1,2.49,471711,Y2,,,0,13.518,clean
77,39,3,2.09,1,2.28,568986,Y4,,,0,13.447,clean
77,40,3,1.71,1,2.49,1301587,Y4,,,0,13.452,clean
77,41,3,1.82,1,2.23,1199931,Y2,,,0,13.414,clean
77,42,3,2.01,1,2.39,1025140,Y2,,,0,13.417,clean
77,43,3,1.52,1,2.37,859559,Y4,,,0,13.310,clean
77,44,3,1.78,1,2.53,397235,Y2,,,0,13.126,clean
77,45,3,1.67,1,2.38,976413,Y4,,,0,12.933,clean
77,46,3,1.97,1,2.36,298619,Y2,,,0,12.778,clean
77,47,3,2.08,1,2.38,1324743,Y2,,,0,12.514,clean
77,48,3,3.47,1,2.62,550747,Y4,0.00/noise-like,0.24/noise-like,0,12.196,hump-note
77,49,3,2.20,1,2.22,820845,Y4,,,0,11.763,clean
77,50,3,1.94,1,2.32,341088,Y4,,,0,11.422,clean
77,51,3,2.46,1,2.48,1341194,Y4,,,0,11.104,clean
77,52,3,1.94,1,2.44,619858,Y4,,,0,10.891,clean
77,53,3,2.11,1,2.53,355035,Y4,,,0,10.651,clean
77,54,3,2.43,1,2.55,685573,Y4,,,0,10.303,clean
77,55,3,2.18,1,2.47,818610,Y2,,,0,9.851,clean
77,56,3,2.63,1,2.25,145733,Y2,0.00/noise-like,0.00/noise-like,0,9.210,hump-note
77,57,3,3.12,1,2.36,236034,Y2,0.24/noise-like,0.24/noise-like,0,8.529,hump-note
77,58,3,2.70,1,2.51,1145482,Y4,0.00/noise-like,0.00/noise-like,0,7.953,hump-note
77,59,3,0,-1,0,0,-,,,0,7.283,QUARANTINE:dark-lane range=62 distinct=62
77,60,3,0,-1,0,0,-,,,0,6.444,QUARANTINE:dark-lane range=52 distinct=53
77,61,3,0,-1,0,0,-,,,1,5.586,QUARANTINE:dark-lane range=50 distinct=49
77,62,3,0,-1,0,0,-,,,0,4.698,QUARANTINE:dark-lane range=41 distinct=42
77,63,3,0,-1,0,0,-,,,0,3.942,QUARANTINE:dark-lane range=35 distinct=35
78,0,3,3.18,1,2.30,355303,Y2,0.00/noise-like,0.00/noise-like,0,19.617,hump-note
78,1,3,1.38,201,2.37,171483,Y2,,,0,19.573,clean
78,2,3,1.33,72,2.31,194371,Y2,,,0,19.590,clean
78,3,3,1.37,1,2.36,190526,Y4,,,0,19.646,clean
78,4,3,1.35,1,2.60,542432,Y4,,,0,19.728,clean
78,5,3,1.29,802,2.52,1138330,Y2,,,0,19.594,clean
78,6,3,1.47,506,2.43,267327,Y2,,,0,19.298,clean
78,7,3,1.31,363,2.34,968188,Y4,,,0,19.071,clean
78,8,3,1.44,1,2.35,950932,Y4,,,0,18.806,clean
78,9,3,1.50,1,2.89,216007,Y4,,,0,18.452,clean
78,10,3,1.34,1476,2.64,143588,Y2,,,0,18.080,clean
78,11,3,1.61,1,2.69,748158,Y4,,,0,17.683,clean
78,12,3,1.43,1,2.45,423342,Y4,,,0,17.212,clean
78,13,3,1.37,683,2.38,511408,Y4,,,0,16.758,clean
78,14,3,1.50,1,2.34,1340300,Y4,,,0,16.435,clean
78,15,3,1.41,1431,2.51,1112312,Y4,,,0,16.290,clean
78,16,3,1.39,1174,2.32,947624,Y2,,,0,16.318,clean
78,17,3,1.44,240,2.55,953972,Y2,,,0,16.482,clean
78,18,3,1.54,747,2.51,1001447,Y2,,,0,17.737,clean
78,19,3,1.44,1334,2.27,1292914,Y2,,,0,16.417,clean
78,20,3,1.44,1,2.48,1292914,Y4,,,0,16.118,clean
78,21,3,1.41,1109,2.45,1389116,Y4,,,0,15.940,clean
78,22,3,1.53,1,2.35,343591,Y2,,,0,15.957,clean
78,23,3,1.44,1,2.55,23514,Y4,,,0,15.929,clean
78,24,3,1.61,1,2.34,1132250,Y4,,,0,15.816,clean
78,25,3,1.55,1,2.44,640512,Y4,,,0,15.433,clean
78,26,3,1.50,1,2.32,953794,Y4,,,0,15.014,clean
78,27,3,1.62,630,2.65,244528,Y2,,,0,14.973,clean
78,28,3,1.34,968,2.40,1314014,Y2,,,0,14.588,clean
78,29,3,1.66,1,2.30,1214951,Y4,,,0,14.401,clean
78,30,3,1.87,1,2.49,148326,Y2,,,0,14.153,clean
78,31,3,1.49,1,2.87,331074,Y2,,,0,13.888,clean
78,32,3,1.41,1,2.37,12606,Y2,,,0,13.637,clean
78,33,3,1.95,1,2.59,418425,Y4,,,0,13.549,clean
78,34,3,1.81,1,2.59,479132,Y2,,,0,13.549,clean
78,35,3,1.86,1,3.03,1456171,Y2,0.24/noise-like,0.00/noise-like,0,13.616,FAM-HIT
78,36,3,1.85,1,2.31,589281,Y2,,,0,13.665,clean
78,37,3,1.75,1,2.55,971138,Y4,,,0,13.645,clean
78,38,3,1.74,1,2.34,432014,Y2,,,0,13.494,clean
78,39,3,1.73,1,2.43,112653,Y2,,,0,13.480,clean
78,40,3,1.63,1,2.43,1145840,Y4,,,0,13.438,clean
78,41,3,1.84,1,2.42,90390,Y2,,,0,13.402,clean
78,42,3,2.03,1,2.35,658125,Y2,,,0,13.397,clean
78,43,3,1.60,1,2.43,185341,Y2,,,0,13.299,clean
78,44,3,1.72,1,2.61,951737,Y4,,,0,13.122,clean
78,45,3,1.83,1,2.37,860274,Y4,,,0,12.939,clean
78,46,3,2.09,1,2.35,629961,Y2,,,0,12.763,clean
78,47,3,1.91,1,2.66,627369,Y4,,,0,12.511,clean
78,48,3,3.41,1,2.76,669569,Y4,0.24/noise-like,0.24/noise-like,0,12.176,hump-note
78,49,3,2.05,1,2.32,505596,Y4,,,0,11.735,clean
78,50,3,2.48,1,2.30,919551,Y2,,,0,11.440,clean
78,51,3,1.99,1,2.37,1174182,Y2,,,0,11.117,clean
78,52,3,2.21,1,2.39,929922,Y4,,,0,10.906,clean
78,53,3,2.09,1,2.75,163615,Y4,,,0,10.653,clean
78,54,3,2.30,1,2.70,73582,Y2,,,0,10.308,clean
78,55,3,2.22,1,2.41,1272440,Y2,,,0,9.805,clean
78,56,3,2.68,1,2.77,1139760,Y2,0.00/noise-like,0.24/noise-like,0,9.225,hump-note
78,57,3,2.82,1,2.34,758529,Y4,0.00/noise-like,0.24/noise-like,0,8.523,hump-note
78,58,3,2.96,1,2.24,107378,Y4,0.00/noise-like,0.00/noise-like,0,7.926,hump-note
78,59,3,2.99,1,2.26,237197,Y2,0.24/noise-like,0.00/noise-like,0,7.278,hump-note
78,60,3,0,-1,0,0,-,,,0,6.442,QUARANTINE:dark-lane range=55 distinct=56
78,61,3,0,-1,0,0,-,,,0,5.584,QUARANTINE:dark-lane range=49 distinct=48
78,62,3,0,-1,0,0,-,,,0,4.695,QUARANTINE:dark-lane range=41 distinct=42
78,63,3,0,-1,0,0,-,,,0,3.933,QUARANTINE:dark-lane range=35 distinct=35
79,0,3,3.09,1,2.54,18597,Y2,0.00/noise-like,0.24/noise-like,0,19.634,hump-note
79,1,3,1.30,68,2.49,754774,Y4,,,0,19.564,clean
79,2,3,1.36,1020,2.49,459462,Y4,,,0,19.583,clean
79,3,3,1.37,510,2.38,539482,Y4,,,0,19.671,clean
79,4,3,1.32,682,2.41,874847,Y2,,,0,19.800,clean
79,5,3,1.39,357,2.36,770152,Y2,,,0,19.591,clean
79,6,3,1.48,1478,2.45,950485,Y2,,,0,19.286,clean
79,7,3,1.40,1,2.46,323027,Y2,,,0,19.087,clean
79,8,3,1.46,1,2.59,1320183,Y4,,,0,18.795,clean
79,9,3,1.43,1,2.59,1210928,Y2,,,0,18.439,clean
79,10,3,1.32,1,2.59,516683,Y2,,,0,18.085,clean
79,11,3,1.65,1,2.37,1444459,Y2,,,0,17.683,clean
79,12,3,1.65,1,2.46,367552,Y2,,,0,17.195,clean
79,13,3,1.56,1,2.31,82970,Y4,,,0,16.736,clean
79,14,3,1.69,1,2.49,1027554,Y2,,,0,16.460,clean
79,15,3,1.55,1,2.35,1058221,Y4,,,0,16.275,clean
79,16,3,1.49,1,2.83,171661,Y2,,,0,16.329,clean
79,17,3,1.43,1349,2.37,1196802,Y2,,,0,16.475,clean
79,18,3,1.54,687,2.51,1179636,Y4,,,0,17.768,clean
79,19,3,1.50,1,2.29,117481,Y4,,,0,16.419,clean
79,20,3,1.68,1,2.36,1453936,Y4,,,0,16.114,clean
79,21,3,1.42,1,2.74,150383,Y4,,,0,15.945,clean
79,22,3,1.71,1,2.37,181317,Y2,,,0,15.943,clean
79,23,3,1.70,1,2.39,45508,Y4,,,0,15.943,clean
79,24,3,1.49,1,2.49,92715,Y2,,,0,15.797,clean
79,25,3,1.46,1,2.47,881732,Y4,,,0,15.435,clean
79,26,3,1.61,1,2.46,307471,Y2,,,0,15.006,clean
79,27,3,1.63,1,2.56,954062,Y4,,,0,14.972,clean
79,28,3,1.59,1,2.46,783831,Y2,,,0,14.609,clean
79,29,3,1.63,1,2.36,224054,Y2,,,0,14.375,clean
79,30,3,1.95,1,2.45,991881,Y2,,,0,14.145,clean
79,31,3,1.87,1,2.35,755936,Y4,,,0,13.903,clean
79,32,3,1.37,1,2.25,584364,Y2,,,0,13.647,clean
79,33,3,1.67,1,2.26,790358,Y2,,,0,13.549,clean
79,34,3,1.86,1,2.35,153601,Y2,,,0,13.522,clean
79,35,3,1.89,1,2.37,438005,Y2,,,0,13.587,clean
79,36,3,1.78,1,2.63,375509,Y4,,,0,13.688,clean
79,37,3,1.67,1,2.37,579000,Y4,,,0,13.644,clean
79,38,3,1.39,1514,2.31,793934,Y2,,,0,13.509,clean
79,39,3,1.71,1,2.25,692815,Y2,,,0,13.465,clean
79,40,3,1.72,1,2.38,328928,Y2,,,0,13.454,clean
79,41,3,1.53,1,2.31,547796,Y2,,,0,13.380,clean
79,42,3,1.53,1,2.71,405371,Y2,,,0,13.401,clean
79,43,3,1.75,1,2.32,753611,Y4,,,0,13.331,clean
79,44,3,1.71,1,2.26,1137167,Y4,,,0,13.107,clean
79,45,3,1.96,1,2.20,1195282,Y2,,,0,12.925,clean
79,46,3,1.91,1,2.46,83238,Y2,,,0,12.773,clean
79,47,3,1.67,1,2.37,991344,Y2,,,0,12.559,clean
79,48,3,3.03,1,2.33,387132,Y2,0.00/noise-like,0.00/noise-like,0,12.155,hump-note
79,49,3,2.08,1,2.36,405192,Y2,,,0,11.763,clean
79,50,3,2.23,1,2.45,749141,Y4,,,0,11.445,clean
79,51,3,1.98,1,2.41,1211107,Y2,,,0,11.143,clean
79,52,3,1.73,1,2.24,713199,Y2,,,0,10.904,clean
79,53,3,2.38,1,2.53,256419,Y4,,,0,10.670,clean
79,54,3,2.19,1,2.54,544667,Y4,,,0,10.332,clean
79,55,3,2.19,1,2.55,425398,Y2,,,0,9.829,clean
79,56,3,2.63,1,2.39,1040965,Y4,0.24/noise-like,0.00/noise-like,0,9.213,hump-note
79,57,3,2.85,1,2.34,106663,Y2,0.00/noise-like,0.00/noise-like,0,8.518,hump-note
79,58,3,3.48,1,2.36,1199573,Y2,0.00/noise-like,0.24/noise-like,0,7.928,hump-note
79,59,3,3.57,1,2.48,791341,Y4,0.00/noise-like,0.24/noise-like,0,7.273,hump-note
79,60,3,0,-1,0,0,-,,,0,6.440,QUARANTINE:dark-lane range=55 distinct=54
79,61,3,0,-1,0,0,-,,,0,5.588,QUARANTINE:dark-lane range=48 distinct=49
79,62,3,0,-1,0,0,-,,,0,4.696,QUARANTINE:dark-lane range=45 distinct=43
79,63,3,0,-1,0,0,-,,,0,3.934,QUARANTINE:dark-lane range=36 distinct=35
80,0,3,3.19,1,2.67,654012,Y4,0.00/noise-like,0.24/noise-like,0,19.636,hump-note
80,1,3,1.42,830,2.48,1205474,Y4,,,0,19.589,clean
80,2,3,1.33,1,2.46,979990,Y4,,,0,19.564,clean
80,3,3,1.42,247,2.35,970066,Y2,,,0,19.652,clean
80,4,3,1.58,1,2.56,1339585,Y2,,,0,19.780,clean
80,5,3,1.46,1,2.54,589192,Y4,,,0,19.565,clean
80,6,3,1.52,1,2.29,129640,Y2,,,0,19.284,clean
80,7,3,1.39,126,2.30,90390,Y4,,,0,19.075,clean
80,8,3,1.35,825,2.43,1037121,Y4,,,0,18.802,clean
80,9,3,1.53,1,2.52,1163721,Y2,,,0,18.439,clean
80,10,3,1.61,1,2.53,364959,Y4,,,0,18.090,clean
80,11,3,1.33,1,2.65,1042128,Y2,,,0,17.703,clean
80,12,3,1.65,1,2.30,846148,Y4,,,0,17.246,clean
80,13,3,1.41,1402,2.30,356913,Y2,,,0,16.767,clean
80,14,3,1.57,1,2.35,1230150,Y2,,,0,16.437,clean
80,15,3,1.59,1,2.54,1305789,Y4,,,0,16.282,clean
80,16,3,1.53,1,2.66,664830,Y4,,,0,16.324,clean
80,17,3,1.37,1348,2.29,753164,Y4,,,0,16.486,clean
80,18,3,1.57,1,2.44,324458,Y4,,,0,17.729,clean
80,19,3,1.41,1,2.49,1220226,Y2,,,0,16.414,clean
80,20,3,1.47,1,2.52,1390010,Y2,,,0,16.110,clean
80,21,3,1.63,1,2.61,325531,Y4,,,0,15.970,clean
80,22,3,1.75,1,2.43,470906,Y4,,,0,15.967,clean
80,23,3,1.51,1,2.22,521958,Y4,,,0,15.911,clean
80,24,3,1.54,1,2.35,970244,Y2,,,0,15.832,clean
80,25,3,1.69,1,2.39,84579,Y2,,,0,15.426,clean
80,26,3,1.71,1,2.73,93430,Y2,,,0,15.032,clean
80,27,3,1.72,1,2.27,396341,Y2,,,0,14.970,clean
80,28,3,1.85,1,2.32,56595,Y2,,,0,14.598,clean
80,29,3,1.49,1,2.45,1153350,Y2,,,0,14.396,clean
80,30,3,1.68,1,2.44,73314,Y4,,,0,14.143,clean
80,31,3,1.75,1,2.43,1056433,Y4,,,0,13.911,clean
80,32,3,1.35,573,2.47,274479,Y2,,,0,13.660,clean
80,33,3,1.62,1,2.48,357628,Y2,,,0,13.548,clean
80,34,3,2.04,1,2.28,766754,Y2,,,0,13.529,clean
80,35,3,1.60,1,2.43,156552,Y4,,,0,13.551,clean
80,36,3,1.87,1,2.57,735104,Y2,,,0,13.669,clean
80,37,3,1.62,1,2.41,1167208,Y4,,,0,13.648,clean
80,38,3,1.86,1,2.81,87351,Y2,,,0,13.515,clean
80,39,3,1.85,1,2.50,548512,Y2,,,0,13.462,clean
80,40,3,1.68,1,2.54,32097,Y4,,,0,13.426,clean
80,41,3,1.88,1,2.69,398934,Y2,,,0,13.421,clean
80,42,3,1.59,1,2.51,822455,Y2,,,0,13.387,clean
80,43,3,1.81,1,2.24,567198,Y4,,,0,13.331,clean
80,44,3,1.81,1,2.40,161290,Y4,,,0,13.112,clean
80,45,3,1.73,1,2.44,405461,Y4,,,0,12.965,clean
80,46,3,1.92,1,2.43,866532,Y4,,,0,12.789,clean
80,47,3,2.17,1,2.31,1445800,Y4,,,0,12.537,clean
80,48,3,3.16,1,2.37,1279056,Y2,0.18/noise-like,0.24/noise-like,0,12.165,hump-note
80,49,3,1.74,1,2.47,136703,Y2,,,0,11.747,clean
80,50,3,2.03,1,2.34,99421,Y2,,,0,11.452,clean
80,51,3,1.86,1,2.41,171125,Y4,,,0,11.105,clean
80,52,3,2.21,1,2.42,557452,Y2,,,0,10.905,clean
80,53,3,2.12,1,2.49,636667,Y4,,,0,10.652,clean
80,54,3,2.34,1,2.50,1345932,Y4,,,0,10.324,clean
80,55,3,2.73,1,2.27,1135200,Y4,0.00/noise-like,0.24/noise-like,0,9.833,hump-note
80,56,3,2.68,1,2.32,220031,Y2,0.24/noise-like,0.24/noise-like,0,9.196,hump-note
80,57,3,2.53,1,2.57,274926,Y2,0.24/noise-like,0.24/noise-like,0,8.530,hump-note
80,58,3,3.49,1,2.29,1321793,Y2,0.00/noise-like,0.00/noise-like,0,7.933,hump-note
80,59,3,0,-1,0,0,-,,,0,7.273,QUARANTINE:dark-lane range=62 distinct=63
80,60,3,0,-1,0,0,-,,,0,6.436,QUARANTINE:dark-lane range=53 distinct=54
80,61,3,0,-1,0,0,-,,,0,5.574,QUARANTINE:dark-lane range=49 distinct=47
80,62,3,0,-1,0,0,-,,,0,4.685,QUARANTINE:dark-lane range=42 distinct=42
80,63,3,0,-1,0,0,-,,,0,3.931,QUARANTINE:dark-lane range=35 distinct=35
81,0,3,2.59,1,2.35,64820,Y4,0.00/noise-like,0.00/noise-like,0,19.614,hump-note
81,1,3,1.64,1,2.47,260174,Y4,,,0,19.599,clean
81,2,3,1.51,1,2.67,874490,Y4,,,0,19.560,clean
81,3,3,1.38,1,2.40,126243,Y4,,,0,19.697,clean
81,4,3,1.52,1,2.56,1063228,Y2,,,0,19.808,clean
81,5,3,1.38,399,2.46,323027,Y2,,,0,19.574,clean
81,6,3,1.50,1,2.43,741094,Y2,,,0,19.296,clean
81,7,3,1.35,30,2.91,1050442,Y4,,,0,19.086,clean
81,8,3,1.63,1,2.28,685215,Y4,,,0,18.843,clean
81,9,3,1.51,1,2.58,707656,Y2,,,0,18.445,clean
81,10,3,1.46,1,2.61,183463,Y2,,,0,18.072,clean
81,11,3,1.37,1,2.62,1050264,Y2,,,0,17.700,clean
81,12,3,1.39,1,2.36,193477,Y4,,,0,17.201,clean
81,13,3,1.86,1,2.39,891745,Y4,,,0,16.748,clean
81,14,3,1.70,1,2.63,1075476,Y4,,,0,16.436,clean
81,15,3,1.45,1,2.45,1011819,Y2,,,0,16.273,clean
81,16,3,1.60,1,2.60,535101,Y2,,,0,16.303,clean
81,17,3,1.61,1,2.16,622898,Y4,,,0,16.483,clean
81,18,3,1.44,805,2.31,3397,Y4,,,0,17.737,clean
81,19,3,1.49,1,2.44,903994,Y2,,,0,16.427,clean
81,20,3,1.48,1,2.47,135183,Y4,,,0,16.100,clean
81,21,3,1.55,1,2.39,841677,Y4,,,0,15.957,clean
81,22,3,1.34,1352,2.30,1083165,Y2,,,0,15.924,clean
81,23,3,1.51,1,2.34,513732,Y4,,,0,15.935,clean
81,24,3,1.66,1,2.29,1426131,Y2,,,0,15.838,clean
81,25,3,1.67,1,2.36,1397163,Y4,,,0,15.452,clean
81,26,3,1.80,1,2.35,462323,Y2,,,0,15.013,clean
81,27,3,1.67,610,2.28,656873,Y4,,,0,14.982,clean
81,28,3,1.57,1,2.43,708103,Y4,,,0,14.580,clean
81,29,3,1.58,1,2.25,728488,Y2,,,0,14.407,clean
81,30,3,1.56,1,2.40,183284,Y2,,,0,14.161,clean
81,31,3,1.67,1,2.33,1313299,Y4,,,0,13.869,clean
81,32,3,1.44,1,2.48,57310,Y2,,,0,13.668,clean
81,33,3,1.83,1,2.21,88602,Y2,,,0,13.538,clean
81,34,3,2.13,1,2.42,656337,Y2,,,0,13.491,clean
81,35,3,1.79,1,2.37,739932,Y4,,,0,13.591,clean
81,36,3,1.77,1,2.42,253379,Y4,,,0,13.676,clean
81,37,3,1.93,1,2.68,739217,Y4,,,0,13.663,clean
81,38,3,1.54,1,2.36,956923,Y2,,,0,13.510,clean
81,39,3,1.94,1,2.41,779092,Y4,,,0,13.441,clean
81,40,3,1.76,1,2.35,1350313,Y2,,,0,13.405,clean
81,41,3,1.74,1,2.52,480205,Y2,,,0,13.416,clean
81,42,3,1.77,1,2.43,729740,Y2,,,0,13.386,clean
81,43,3,1.57,1,2.78,248104,Y4,,,0,13.338,clean
81,44,3,1.75,1,2.46,687808,Y4,,,0,13.122,clean
81,45,3,2.07,1,2.45,593305,Y2,,,0,12.944,clean
81,46,3,1.96,1,2.27,1080394,Y2,,,0,12.760,clean
81,47,3,1.73,1,2.44,725806,Y4,,,0,12.544,clean
81,48,3,3.52,1,2.36,1017898,Y4,0.00/noise-like,0.00/noise-like,0,12.177,hump-note
81,49,3,2.06,1,2.31,430048,Y2,,,0,11.767,clean
81,50,3,1.81,1,2.55,1024514,Y4,,,0,11.440,clean
81,51,3,1.98,1,2.70,1251251,Y2,,,0,11.122,clean
81,52,3,1.72,1,2.35,13053,Y4,,,0,10.900,clean
81,53,3,1.98,1,2.62,216901,Y2,,,0,10.670,clean
81,54,3,2.36,1,2.36,1278967,Y2,,,0,10.308,clean
81,55,3,2.45,1,2.42,134557,Y4,,,0,9.826,clean
81,56,3,2.66,1,2.40,60976,Y2,0.00/noise-like,0.00/noise-like,0,9.223,hump-note
81,57,3,3.11,1,2.29,668049,Y4,0.00/noise-like,0.00/noise-like,0,8.528,hump-note
81,58,3,3.07,1,2.54,980258,Y2,0.00/noise-like,0.24/noise-like,0,7.954,hump-note
81,59,3,0,-1,0,0,-,,,0,7.281,QUARANTINE:dark-lane range=61 distinct=61
81,60,3,0,-1,0,0,-,,,0,6.440,QUARANTINE:dark-lane range=61 distinct=56
81,61,3,0,-1,0,0,-,,,0,5.593,QUARANTINE:dark-lane range=49 distinct=48
81,62,3,0,-1,0,0,-,,,0,4.690,QUARANTINE:dark-lane range=38 distinct=39
81,63,3,0,-1,0,0,-,,,0,3.945,QUARANTINE:dark-lane range=34 distinct=35
82,0,3,2.37,1,2.29,140548,Y2,,,0,19.623,clean
82,1,3,1.42,1,2.32,779450,Y2,,,0,19.574,clean
82,2,3,1.46,1,2.41,1175523,Y4,,,0,19.567,clean
82,3,3,1.35,1359,2.53,260800,Y2,,,0,19.694,clean
82,4,3,1.35,284,2.44,76801,Y2,,,0,19.804,clean
82,5,3,1.53,1219,2.40,1017272,Y4,,,0,19.575,clean
82,6,3,1.38,50,2.34,195712,Y2,,,0,19.277,clean
82,7,3,1.44,1,2.60,216275,Y2,,,0,19.079,clean
82,8,3,1.33,1398,2.40,847578,Y4,,,0,18.820,clean
82,9,3,1.44,1,2.40,582218,Y2,,,0,18.444,clean
82,10,3,1.45,1415,2.35,296474,Y4,,,0,18.070,clean
82,11,3,1.40,540,2.49,1155585,Y2,,,0,17.704,clean
82,12,3,1.38,1430,2.50,1227379,Y4,,,0,17.226,clean
82,13,3,1.49,1,2.71,1168638,Y2,,,0,16.769,clean
82,14,3,1.48,1,2.34,146449,Y4,,,0,16.409,clean
82,15,3,1.39,1,2.46,167638,Y2,,,0,16.244,clean
82,16,3,1.40,6,2.86,476450,Y4,,,0,16.323,clean
82,17,3,1.60,1,2.65,987589,Y2,,,0,16.458,clean
82,18,3,1.52,762,2.53,1386881,Y2,,,0,17.738,clean
82,19,3,1.43,1,2.37,396878,Y2,,,0,16.390,clean
82,20,3,1.49,1,2.41,482082,Y4,,,0,16.111,clean
82,21,3,1.42,1,2.60,70453,Y2,,,0,15.953,clean
82,22,3,1.52,1,2.29,1030058,Y2,,,0,15.933,clean
82,23,3,1.53,1,2.25,73582,Y2,,,0,15.935,clean
82,24,3,1.73,1,2.49,814229,Y4,,,0,15.825,clean
82,25,3,1.38,1,2.32,1403868,Y4,,,0,15.402,clean
82,26,3,1.59,1,2.50,189632,Y4,,,0,15.038,clean
82,27,3,1.74,1,2.37,502646,Y2,,,0,14.987,clean
82,28,3,1.73,1,2.31,68486,Y4,,,0,14.579,clean
82,29,3,1.62,1,2.41,125527,Y2,,,0,14.402,clean
82,30,3,1.71,1,2.31,872254,Y2,,,0,14.160,clean
82,31,3,1.95,1,2.34,1208514,Y4,,,0,13.879,clean
82,32,3,1.36,1068,2.42,722498,Y4,,,0,13.646,clean
82,33,3,1.69,1,2.34,572294,Y2,,,0,13.538,clean
82,34,3,1.67,1,2.48,823706,Y4,,,0,13.533,clean
82,35,3,1.42,1,2.65,240237,Y4,,,0,13.585,clean
82,36,3,1.87,1,2.39,628799,Y4,,,0,13.688,clean
82,37,3,1.93,1,2.28,1379371,Y2,,,0,13.651,clean
82,38,3,1.80,1,2.33,1171499,Y2,,,0,13.549,clean
82,39,3,1.85,1,2.30,1379192,Y2,,,0,13.467,clean
82,40,3,1.64,1,2.38,32544,Y2,,,0,13.436,clean
82,41,3,1.79,1,2.33,966310,Y4,,,0,13.413,clean
82,42,3,1.69,1,2.39,462145,Y4,,,0,13.397,clean
82,43,3,1.86,1,2.56,24766,Y4,,,0,13.335,clean
82,44,3,1.80,1,2.49,521153,Y2,,,0,13.111,clean
82,45,3,1.94,1,2.48,1282722,Y2,,,0,12.937,clean
82,46,3,1.82,1,2.22,615120,Y4,,,0,12.780,clean
82,47,3,1.74,1,2.53,441134,Y4,,,0,12.523,clean
82,48,3,3.46,1,2.35,694960,Y2,0.24/noise-like,0.24/noise-like,0,12.168,hump-note
82,49,3,2.19,1,2.34,1056612,Y2,,,0,11.797,clean
82,50,3,2.28,1,2.41,1434535,Y2,,,0,11.450,clean
82,51,3,1.70,1,2.66,986248,Y4,,,0,11.114,clean
82,52,3,2.40,1,2.46,899613,Y2,,,0,10.883,clean
82,53,3,2.21,1,2.53,106037,Y2,,,0,10.671,clean
82,54,3,2.25,1,2.44,1212269,Y2,,,0,10.312,clean
82,55,3,2.47,1,2.33,965863,Y4,,,0,9.834,clean
82,56,3,2.76,1,2.48,1215309,Y2,0.00/noise-like,0.00/noise-like,0,9.221,hump-note
82,57,3,2.75,1,2.30,1195908,Y4,0.00/noise-like,0.24/noise-like,0,8.534,hump-note
82,58,3,3.21,1,2.46,939846,Y4,0.24/noise-like,0.00/noise-like,0,7.952,hump-note
82,59,3,0,-1,0,0,-,,,0,7.276,QUARANTINE:dark-lane range=61 distinct=62
82,60,3,0,-1,0,0,-,,,0,6.440,QUARANTINE:dark-lane range=54 distinct=54
82,61,3,0,-1,0,0,-,,,0,5.591,QUARANTINE:dark-lane range=47 distinct=47
82,62,3,0,-1,0,0,-,,,0,4.697,QUARANTINE:dark-lane range=44 distinct=44
82,63,3,0,-1,0,0,-,,,0,3.945,QUARANTINE:dark-lane range=34 distinct=35
83,0,3,1.79,1,2.43,187218,Y4,,,0,19.697,clean
83,1,3,1.38,1,2.33,559777,Y4,,,0,19.558,clean
83,2,3,1.33,708,2.42,195801,Y2,,,0,19.584,clean
83,3,3,1.40,1,2.41,736982,Y2,,,0,19.645,clean
83,4,3,1.46,1,2.51,1235068,Y2,,,0,19.804,clean
83,5,3,1.35,1267,2.33,1126975,Y4,,,0,19.573,clean
83,6,3,1.48,1,2.33,824511,Y2,,,0,19.289,clean
83,7,3,1.50,1,2.31,64552,Y4,,,0,19.099,clean
83,8,3,1.45,1,2.36,224680,Y4,,,0,18.805,clean
83,9,3,1.37,786,2.30,805199,Y2,,,0,18.445,clean
83,10,3,1.37,513,2.35,505418,Y4,,,0,18.078,clean
83,11,3,1.56,1226,2.33,932604,Y4,,,0,17.696,clean
83,12,3,1.52,1,2.36,766933,Y4,,,0,17.235,clean
83,13,3,1.35,1,2.70,100493,Y4,,,0,16.771,clean
83,14,3,1.47,1,2.55,170320,Y4,,,0,16.457,clean
83,15,3,1.56,1,2.69,97901,Y4,,,0,16.249,clean
83,16,3,1.43,13,2.47,280291,Y2,,,0,16.335,clean
83,17,3,1.60,1,2.64,207961,Y4,,,0,16.487,clean
83,18,3,1.57,727,2.64,201076,Y4,,,0,17.739,clean
83,19,3,1.66,1,2.25,294507,Y4,,,0,16.419,clean
83,20,3,1.32,1221,2.19,784725,Y4,,,0,16.131,clean
83,21,3,1.50,1,2.36,988394,Y4,,,0,15.966,clean
83,22,3,1.50,1,2.34,127673,Y2,,,0,15.951,clean
83,23,3,1.75,1,2.51,517130,Y2,,,0,15.948,clean
83,24,3,1.57,1,2.57,1436770,Y4,,,0,15.807,clean
83,25,3,1.60,1,2.37,726074,Y2,,,0,15.440,clean
83,26,3,1.90,1,2.36,898808,Y4,,,0,15.016,clean
83,27,3,1.61,1,2.42,888616,Y2,,,0,14.967,clean
83,28,3,1.48,1,2.28,1289159,Y2,,,0,14.585,clean
83,29,3,1.81,1,2.58,876099,Y4,,,0,14.409,clean
83,30,3,1.96,1,2.33,960588,Y4,,,0,14.162,clean
83,31,3,1.91,1,2.24,268936,Y2,,,0,13.900,clean
83,32,3,1.33,378,2.59,835240,Y2,,,0,13.642,clean
83,33,3,1.76,1,2.70,252217,Y2,,,0,13.557,clean
83,34,3,1.49,1,2.52,1317233,Y4,,,0,13.548,clean
83,35,3,1.77,1,2.58,598669,Y4,,,0,13.602,clean
83,36,3,1.66,1,2.44,226110,Y2,,,0,13.715,clean
83,37,3,1.74,1,2.58,884771,Y2,,,0,13.643,clean
83,38,3,1.59,1,2.45,613958,Y4,,,0,13.525,clean
83,39,3,2.18,1,2.42,498891,Y2,,,0,13.498,clean
83,40,3,1.70,1,2.32,299245,Y4,,,0,13.421,clean
83,41,3,1.66,1,2.51,188738,Y2,,,0,13.430,clean
83,42,3,1.81,1,2.63,150651,Y4,,,0,13.402,clean
83,43,3,1.66,1,2.28,1437575,Y4,,,0,13.319,clean
83,44,3,1.74,1,2.51,1293540,Y2,,,0,13.137,clean
83,45,3,1.86,1,2.34,780880,Y4,,,0,12.945,clean
83,46,3,1.80,1,2.33,691205,Y4,,,0,12.786,clean
83,47,3,1.81,1,2.52,247031,Y2,,,0,12.520,clean
83,48,3,3.85,1,2.52,26286,Y4,0.00/noise-like,0.00/noise-like,0,12.154,hump-note
83,49,3,1.95,1,2.47,443280,Y2,,,0,11.767,clean
83,50,3,2.30,1,2.31,579804,Y2,,,0,11.443,clean
83,51,3,1.95,1,2.37,1014948,Y4,,,0,11.115,clean
83,52,3,2.03,1,2.30,1137882,Y4,,,0,10.909,clean
83,53,3,2.37,1,2.55,109971,Y4,,,0,10.671,clean
83,54,3,2.25,1,2.34,1086652,Y2,,,0,10.325,clean
83,55,3,2.29,1,2.62,573635,Y2,,,0,9.829,clean
83,56,3,2.70,1,2.44,481457,Y4,0.00/noise-like,0.00/noise-like,0,9.188,hump-note
83,57,3,2.63,1,2.62,842929,Y4,0.24/noise-like,0.00/noise-like,0,8.524,hump-note
83,58,3,2.97,1,2.80,764877,Y2,0.24/noise-like,0.00/noise-like,0,7.941,hump-note
83,59,3,0,-1,0,0,-,,,0,7.274,QUARANTINE:dark-lane range=66 distinct=60
83,60,3,0,-1,0,0,-,,,0,6.451,QUARANTINE:dark-lane range=52 distinct=52
83,61,3,0,-1,0,0,-,,,0,5.580,QUARANTINE:dark-lane range=47 distinct=47
83,62,3,0,-1,0,0,-,,,0,4.706,QUARANTINE:dark-lane range=42 distinct=43
83,63,3,0,-1,0,0,-,,,0,3.936,QUARANTINE:dark-lane range=34 distinct=35
84,0,3,2.17,1,2.39,126600,Y2,,,0,19.636,clean
84,1,3,1.44,1,2.35,599205,Y4,,,0,19.587,clean
84,2,3,1.35,1485,2.36,569612,Y4,,,0,19.600,clean
84,3,3,1.60,1,2.31,241578,Y4,,,0,19.680,clean
84,4,3,1.37,178,2.64,352263,Y2,,,0,19.802,clean
84,5,3,1.40,1,2.35,1077890,Y2,,,0,19.565,clean
84,6,3,1.37,1,2.56,966400,Y4,,,0,19.301,clean
84,7,3,1.45,1,2.83,456691,Y2,,,0,19.112,clean
84,8,3,1.44,1,2.32,1327246,Y4,,,0,18.799,clean
84,9,3,1.51,1,2.39,308454,Y4,,,0,18.452,clean
84,10,3,1.61,1,2.27,1174182,Y4,,,0,18.098,clean
84,11,3,1.49,1,2.53,69648,Y2,,,0,17.705,clean
84,12,3,1.50,1,2.69,126600,Y2,,,0,17.227,clean
84,13,3,1.64,1,2.38,1414686,Y2,,,0,16.761,clean
84,14,3,1.37,1,2.46,398844,Y4,,,0,16.457,clean
84,15,3,1.70,1,2.78,151187,Y4,,,0,16.224,clean
84,16,3,1.37,1143,2.38,1112759,Y4,,,0,16.335,clean
84,17,3,1.70,1,2.32,3129,Y2,,,0,16.503,clean
84,18,3,1.52,778,2.47,620931,Y2,,,0,17.742,clean
84,19,3,1.51,1,2.31,398934,Y4,,,0,16.406,clean
84,20,3,1.47,1,2.53,529647,Y4,,,0,16.058,clean
84,21,3,1.49,1,2.54,1317769,Y4,,,0,15.974,clean
84,22,3,1.77,1,2.38,59366,Y4,,,0,15.932,clean
84,23,3,1.53,1,2.25,1400918,Y4,,,0,15.932,clean
84,24,3,1.63,1,2.55,131696,Y4,,,0,15.830,clean
84,25,3,1.56,1,2.35,59009,Y4,,,0,15.435,clean
84,26,3,1.58,1,2.36,718921,Y2,,,0,14.991,clean
84,27,3,1.70,1,2.47,1270920,Y2,,,0,14.971,clean
84,28,3,1.40,1,2.23,1010746,Y4,,,0,14.597,clean
84,29,3,1.71,1,2.23,427991,Y2,,,0,14.393,clean
84,30,3,1.65,1,2.64,76711,Y4,,,0,14.156,clean
84,31,3,1.54,1,2.59,1128405,Y2,,,0,13.883,clean
84,32,3,1.42,610,2.34,930816,Y4,,,0,13.668,clean
84,33,3,1.84,1,2.67,509620,Y2,,,0,13.551,clean
84,34,3,1.80,1,2.33,773638,Y2,,,0,13.537,clean
84,35,3,1.68,1,2.53,220209,Y4,,,0,13.573,clean
84,36,3,1.90,1,2.38,1011461,Y2,,,0,13.699,clean
84,37,3,1.74,1,2.29,1131803,Y2,,,0,13.650,clean
84,38,3,1.74,1,2.65,198036,Y2,,,0,13.509,clean
84,39,3,1.69,1,2.41,1397967,Y2,,,0,13.458,clean
84,40,3,1.77,1,2.66,1420945,Y2,,,0,13.428,clean
84,41,3,1.77,1,2.43,409484,Y2,,,0,13.414,clean
84,42,3,2.05,1,2.24,891298,Y2,,,0,13.403,clean
84,43,3,1.70,1,2.60,159591,Y2,,,0,13.326,clean
84,44,3,1.81,1,2.29,159502,Y2,,,0,13.117,clean
84,45,3,1.97,1,2.51,263840,Y2,,,0,12.956,clean
84,46,3,1.98,1,2.30,56773,Y2,,,0,12.772,clean
84,47,3,1.63,1,2.38,820130,Y4,,,0,12.538,clean
84,48,3,3.05,1,2.73,694066,Y2,0.00/noise-like,0.24/noise-like,0,12.158,hump-note
84,49,3,2.19,1,2.54,204653,Y4,,,0,11.768,clean
84,50,3,2.09,1,2.47,926077,Y2,,,0,11.423,clean
84,51,3,2.05,1,2.58,477701,Y2,,,0,11.125,clean
84,52,3,2.31,1,2.38,345021,Y4,,,0,10.883,clean
84,53,3,2.43,1,2.35,1107216,Y4,,,0,10.675,clean
84,54,3,2.15,1,2.41,853300,Y2,,,0,10.324,clean
84,55,3,2.22,1,2.31,171304,Y4,,,0,9.841,clean
84,56,3,2.55,1,2.32,769168,Y4,0.00/noise-like,0.00/noise-like,1,9.215,hump-note
84,57,3,2.86,1,2.32,760138,Y2,0.00/noise-like,0.00/noise-like,0,8.542,hump-note
84,58,3,2.95,1,2.38,1164347,Y4,0.00/noise-like,0.00/noise-like,0,7.931,hump-note
84,59,3,0,-1,0,0,-,,,0,7.280,QUARANTINE:dark-lane range=63 distinct=62
84,60,3,0,-1,0,0,-,,,0,6.435,QUARANTINE:dark-lane range=64 distinct=57
84,61,3,0,-1,0,0,-,,,0,5.578,QUARANTINE:dark-lane range=47 distinct=48
84,62,3,0,-1,0,0,-,,,0,4.698,QUARANTINE:dark-lane range=42 distinct=42
84,63,3,0,-1,0,0,-,,,0,3.934,QUARANTINE:dark-lane range=34 distinct=34
85,0,3,2.25,1,2.29,1028985,Y2,,,0,19.606,clean
85,1,3,1.47,1,2.43,145376,Y2,,,0,19.606,clean
85,2,3,1.37,1120,2.45,1172572,Y2,,,0,19.556,clean
85,3,3,1.36,1,2.45,288516,Y4,,,0,19.658,clean
85,4,3,1.34,1,2.29,1046687,Y2,,,0,19.755,clean
85,5,3,1.36,763,2.49,553250,Y2,,,0,19.572,clean
85,6,3,1.37,1163,2.67,1319736,Y4,,,0,19.263,clean
85,7,3,1.38,1280,2.49,707477,Y4,,,0,19.099,clean
85,8,3,1.33,1,2.44,406176,Y4,,,0,18.816,clean
85,9,3,1.38,1,2.45,1073778,Y4,,,0,18.453,clean
85,10,3,1.60,1,2.43,1185089,Y2,,,0,18.097,clean
85,11,3,1.67,1,2.41,291646,Y4,,,0,17.726,clean
85,12,3,1.44,236,2.42,1008332,Y4,,,0,17.239,clean
85,13,3,1.43,1,2.37,24676,Y4,,,0,16.775,clean
85,14,3,1.42,1,2.44,845969,Y4,,,0,16.470,clean
85,15,3,1.38,1111,2.51,392139,Y2,,,0,16.251,clean
85,16,3,1.58,1,2.41,1126975,Y2,,,0,16.321,clean
85,17,3,1.46,1,2.49,171483,Y2,,,0,16.476,clean
85,18,3,1.54,702,2.41,217527,Y4,,,0,17.761,clean
85,19,3,1.45,1,2.74,419497,Y4,,,0,16.428,clean
85,20,3,1.45,1,2.38,710875,Y4,,,0,16.092,clean
85,21,3,1.62,1,2.39,1236320,Y2,,,0,15.959,clean
85,22,3,1.47,1,2.30,810385,Y2,,,0,15.940,clean
85,23,3,1.45,1,2.29,102729,Y2,,,0,15.893,clean
85,24,3,1.76,1,2.29,657678,Y4,,,0,15.804,clean
85,25,3,1.61,1,2.49,978827,Y2,,,0,15.454,clean
85,26,3,1.50,1,2.56,370950,Y4,,,0,15.009,clean
85,27,3,1.76,1,2.34,1241058,Y4,,,0,14.993,clean
85,28,3,1.53,1,2.27,678599,Y4,,,0,14.610,clean
85,29,3,1.86,1,2.50,229150,Y2,,,0,14.424,clean
85,30,3,1.72,1,2.39,822812,Y2,,,0,14.155,clean
85,31,3,1.81,1,2.17,79751,Y2,,,0,13.884,clean
85,32,3,1.62,1,2.62,1433730,Y2,,,0,13.655,clean
85,33,3,1.94,1,2.33,888079,Y2,,,0,13.537,clean
85,34,3,1.82,1,2.61,341266,Y4,,,0,13.526,clean
85,35,3,2.13,1,2.37,1142263,Y2,,,0,13.600,clean
85,36,3,2.02,1,2.37,1037478,Y2,,,0,13.697,clean
85,37,3,1.82,1,2.19,1431495,Y2,,,0,13.614,clean
85,38,3,1.78,1,2.35,1438737,Y2,,,0,13.520,clean
85,39,3,1.95,1,2.34,1104355,Y2,,,0,13.450,clean
85,40,3,1.54,1,2.25,763625,Y2,,,0,13.427,clean
85,41,3,1.94,1,2.38,749856,Y2,,,0,13.422,clean
85,42,3,1.53,1,2.39,320077,Y4,,,0,13.392,clean
85,43,3,1.69,1,2.37,443548,Y4,,,0,13.319,clean
85,44,3,1.79,1,2.24,330448,Y4,,,0,13.110,clean
85,45,3,1.79,1,2.44,36299,Y2,,,0,12.930,clean
85,46,3,2.03,1,2.50,129998,Y4,,,0,12.773,clean
85,47,3,1.80,1,2.30,972301,Y4,,,0,12.524,clean
85,48,3,3.44,1,2.43,749409,Y4,0.24/noise-like,0.00/noise-like,0,12.150,hump-note
85,49,3,1.83,1,2.43,877887,Y2,,,0,11.783,clean
85,50,3,1.84,1,2.49,993133,Y4,,,0,11.438,clean
85,51,3,1.99,1,2.37,419229,Y2,,,0,11.120,clean
85,52,3,2.47,1,2.32,333846,Y2,,,0,10.891,clean
85,53,3,2.57,1,2.42,525087,Y4,0.24/noise-like,0.24/noise-like,0,10.671,hump-note
85,54,3,2.32,1,2.35,1107216,Y4,,,0,10.299,clean
85,55,3,2.27,1,2.52,166655,Y2,,,0,9.828,clean
85,56,3,2.79,1,2.51,1157463,Y2,0.00/noise-like,0.00/noise-like,0,9.218,hump-note
85,57,3,3.15,1,2.51,718027,Y4,0.00/noise-like,0.24/noise-like,0,8.527,hump-note
85,58,3,3.23,1,2.40,83417,Y2,0.00/noise-like,0.00/noise-like,0,7.941,hump-note
85,59,3,0,-1,0,0,-,,,0,7.270,QUARANTINE:dark-lane range=62 distinct=61
85,60,3,0,-1,0,0,-,,,0,6.434,QUARANTINE:dark-lane range=54 distinct=55
85,61,3,0,-1,0,0,-,,,0,5.582,QUARANTINE:dark-lane range=51 distinct=49
85,62,3,0,-1,0,0,-,,,0,4.699,QUARANTINE:dark-lane range=40 distinct=41
85,63,3,0,-1,0,0,-,,,0,3.934,QUARANTINE:dark-lane range=37 distinct=36
86,0,3,1.97,1,2.29,1003861,Y4,,,0,19.646,clean
86,1,3,1.39,1,2.35,660986,Y4,,,0,19.592,clean
86,2,3,1.42,1,2.26,786066,Y4,,,0,19.545,clean
86,3,3,1.32,1367,2.48,21815,Y2,,,0,19.692,clean
86,4,3,1.58,1,2.63,165671,Y2,,,0,19.815,clean
86,5,3,1.41,1,2.60,1208156,Y4,,,0,19.590,clean
86,6,3,1.36,762,2.62,4828,Y2,,,0,19.326,clean
86,7,3,1.34,1240,2.65,494599,Y4,,,0,19.091,clean
86,8,3,1.35,1171,2.70,1053035,Y2,,,0,18.808,clean
86,9,3,1.59,1,2.48,882536,Y2,,,0,18.430,clean
86,10,3,1.46,1,2.26,1084149,Y4,,,0,18.076,clean
86,11,3,1.37,1,2.38,941455,Y4,,,0,17.700,clean
86,12,3,1.47,1,2.46,1134038,Y4,,,0,17.188,clean
86,13,3,1.58,1,2.33,1414508,Y2,,,0,16.758,clean
86,14,3,1.53,1,2.31,1053661,Y4,,,0,16.414,clean
86,15,3,1.58,1,2.51,673771,Y4,,,0,16.267,clean
86,16,3,1.49,1,2.37,1084328,Y2,,,0,16.299,clean
86,17,3,1.70,1,2.43,902832,Y2,,,0,16.486,clean
86,18,3,1.51,829,2.28,441313,Y4,,,0,17.719,clean
86,19,3,1.46,1,2.35,1096487,Y4,,,0,16.404,clean
86,20,3,1.76,1,2.36,612080,Y4,,,0,16.095,clean
86,21,3,1.55,1,2.68,1004756,Y2,,,0,15.962,clean
86,22,3,1.55,1,2.23,54717,Y4,,,0,15.954,clean
86,23,3,1.72,1,2.42,1452237,Y4,,,0,15.920,clean
86,24,3,1.46,1,2.30,434786,Y2,,,0,15.816,clean
86,25,3,1.57,1,2.34,1030326,Y2,,,0,15.455,clean
86,26,3,1.76,1,2.50,1100332,Y2,,,0,14.998,clean
86,27,3,1.58,1,2.45,828803,Y4,,,0,14.976,clean
86,28,3,1.70,1,2.51,844181,Y4,,,0,14.594,clean
86,29,3,1.45,1,2.25,686824,Y4,,,0,14.376,clean
86,30,3,1.81,1,2.43,155121,Y2,,,0,14.155,clean
86,31,3,1.50,1,2.40,96381,Y2,,,0,13.883,clean
86,32,3,1.35,696,2.38,573188,Y2,,,0,13.634,clean
86,33,3,1.36,1,2.65,327319,Y2,,,0,13.539,clean
86,34,3,1.85,1,2.57,1235873,Y2,,,0,13.526,clean
86,35,3,1.73,1,2.39,870377,Y4,,,0,13.579,clean
86,36,3,1.87,1,2.37,1254380,Y2,,,0,13.684,clean
86,37,3,1.97,1,2.39,1190543,Y4,,,0,13.651,clean
86,38,3,1.82,1,2.34,344932,Y4,,,0,13.545,clean
86,39,3,1.79,1,2.40,548422,Y2,,,0,13.453,clean
86,40,3,1.51,1,2.25,1409590,Y4,,,0,13.396,clean
86,41,3,1.72,1,2.33,1438111,Y2,,,0,13.414,clean
86,42,3,1.69,1,2.38,90301,Y4,,,0,13.400,clean
86,43,3,1.89,1,2.42,875652,Y2,,,0,13.304,clean
86,44,3,1.68,1,2.21,169426,Y2,,,0,13.122,clean
86,45,3,1.72,1,2.48,186950,Y4,,,0,12.959,clean
86,46,3,1.90,1,2.40,92983,Y2,,,0,12.775,clean
86,47,3,1.96,1,2.40,113726,Y2,,,0,12.527,clean
86,48,3,3.27,1,2.39,1279503,Y2,0.24/noise-like,0.00/noise-like,0,12.150,hump-note
86,49,3,1.87,1,2.30,609040,Y4,,,0,11.751,clean
86,50,3,1.86,1,2.40,901490,Y4,,,0,11.451,clean
86,51,3,1.87,1,2.52,77516,Y2,,,0,11.131,clean
86,52,3,2.18,1,2.56,15557,Y4,,,0,10.893,clean
86,53,3,2.18,1,2.53,212431,Y2,,,0,10.665,clean
86,54,3,2.45,1,2.23,1055270,Y4,,,0,10.335,clean
86,55,3,2.40,1,2.27,1253396,Y2,,,0,9.818,clean
86,56,3,2.37,1,2.91,1326263,Y4,,,0,9.214,clean
86,57,3,2.94,1,2.32,274211,Y2,0.24/noise-like,0.00/noise-like,0,8.535,hump-note
86,58,3,3.36,1,2.30,351280,Y2,0.00/noise-like,0.00/noise-like,0,7.937,hump-note
86,59,3,0,-1,0,0,-,,,0,7.273,QUARANTINE:dark-lane range=62 distinct=62
86,60,3,0,-1,0,0,-,,,0,6.450,QUARANTINE:dark-lane range=55 distinct=54
86,61,3,0,-1,0,0,-,,,0,5.584,QUARANTINE:dark-lane range=46 distinct=47
86,62,3,0,-1,0,0,-,,,0,4.695,QUARANTINE:dark-lane range=44 distinct=42
86,63,3,0,-1,0,0,-,,,0,3.924,QUARANTINE:dark-lane range=35 distinct=36
87,0,3,2.16,1,2.48,1183212,Y4,,,0,19.632,clean
87,1,3,1.43,1060,2.30,48280,Y4,,,0,19.604,clean
87,2,3,1.34,1486,2.58,884950,Y4,,,0,19.559,clean
87,3,3,1.56,1,2.41,684500,Y4,,,0,19.647,clean
87,4,3,1.38,415,2.23,602245,Y4,,,0,19.783,clean
87,5,3,1.38,1,2.42,677794,Y4,,,0,19.591,clean
87,6,3,1.48,1,2.23,1323223,Y4,,,0,19.283,clean
87,7,3,1.42,1,2.58,500500,Y4,,,0,19.078,clean
87,8,3,1.52,1,2.45,384361,Y4,,,0,18.809,clean
87,9,3,1.51,1,2.33,1270831,Y4,,,0,18.463,clean
87,10,3,1.36,861,2.22,1317054,Y4,,,0,18.127,clean
87,11,3,1.34,1,2.61,1335561,Y2,,,0,17.738,clean
87,12,3,1.50,1,2.31,181407,Y4,,,0,17.234,clean
87,13,3,1.47,1,2.50,1031667,Y2,,,0,16.789,clean
87,14,3,1.52,1,2.24,402778,Y2,,,0,16.468,clean
87,15,3,1.56,1,2.35,54449,Y2,,,0,16.265,clean
87,16,3,1.40,1,2.67,295401,Y2,,,0,16.327,clean
87,17,3,1.53,1,2.59,1178563,Y2,,,0,16.508,clean
87,18,3,1.58,749,2.28,550389,Y2,,,0,17.748,clean
87,19,3,1.68,1,2.51,105858,Y2,,,0,16.397,clean
87,20,3,1.38,1,2.41,1067698,Y2,,,0,16.103,clean
87,21,3,1.39,1,2.35,203401,Y2,,,0,15.980,clean
87,22,3,1.67,1,2.40,303984,Y4,,,0,15.959,clean
87,23,3,1.77,1,2.55,74208,Y4,,,0,15.913,clean
87,24,3,1.59,1,2.28,835687,Y2,,,0,15.809,clean
87,25,3,1.51,1,2.46,326872,Y2,,,0,15.445,clean
87,26,3,1.41,1,2.32,917941,Y2,,,0,15.001,clean
87,27,3,1.80,628,2.33,70006,Y2,,,0,14.978,clean
87,28,3,1.59,1,2.30,1083970,Y2,,,0,14.585,clean
87,29,3,1.68,1,2.32,272512,Y4,,,0,14.406,clean
87,30,3,1.90,1,2.40,691742,Y4,,,0,14.151,clean
87,31,3,1.52,1,2.47,239611,Y2,,,0,13.900,clean
87,32,3,1.35,1055,2.34,196248,Y2,,,0,13.633,clean
87,33,3,1.80,1,2.48,1111865,Y2,,,0,13.533,clean
87,34,3,1.76,1,2.37,1288444,Y4,,,0,13.530,clean
87,35,3,1.77,1,2.33,868320,Y2,,,0,13.572,clean
87,36,3,1.58,1,2.51,750571,Y4,,,0,13.678,clean
87,37,3,1.84,1,2.68,871181,Y2,,,0,13.633,clean
87,38,3,1.62,1,2.94,127047,Y2,,,0,13.518,clean
87,39,3,1.74,1,2.61,384629,Y4,,,0,13.479,clean
87,40,3,2.00,1,2.36,1203686,Y2,,,0,13.444,clean
87,41,3,1.88,1,2.64,585437,Y2,,,0,13.440,clean
87,42,3,1.99,1,2.32,1275122,Y4,,,0,13.403,clean
87,43,3,1.77,1,2.36,1190901,Y4,,,0,13.322,clean
87,44,3,1.69,1,2.37,795633,Y2,,,0,13.128,clean
87,45,3,1.87,1,2.33,155836,Y2,,,0,12.981,clean
87,46,3,1.86,1,2.37,810742,Y2,,,0,12.754,clean
87,47,3,1.84,1,2.34,573099,Y2,,,0,12.518,clean
87,48,3,3.43,1,2.48,57042,Y4,0.00/noise-like,0.24/noise-like,0,12.185,hump-note
87,49,3,1.77,1,2.35,755757,Y4,,,0,11.778,clean
87,50,3,1.88,1,2.33,1102209,Y4,,,0,11.448,clean
87,51,3,1.69,1,2.60,796080,Y2,,,0,11.129,clean
87,52,3,2.18,1,2.70,1072168,Y4,,,0,10.893,clean
87,53,3,2.37,1,2.71,213593,Y4,,,0,10.658,clean
87,54,3,2.60,1,2.37,249982,Y4,0.00/noise-like,0.00/noise-like,0,10.323,hump-note
87,55,3,2.29,1,2.43,564069,Y2,,,0,9.819,clean
87,56,3,2.66,1,2.51,978380,Y2,0.00/noise-like,0.00/noise-like,0,9.220,hump-note
87,57,3,2.98,1,2.46,830948,Y4,0.00/noise-like,0.00/noise-like,0,8.534,hump-note
87,58,3,3.32,1,2.33,700682,Y2,0.00/noise-like,0.00/noise-like,0,7.932,hump-note
87,59,3,4.11,1,2.27,337958,Y4,0.00/noise-like,0.00/noise-like,0,7.261,hump-note
87,60,3,0,-1,0,0,-,,,0,6.428,QUARANTINE:dark-lane range=59 distinct=58
87,61,3,0,-1,0,0,-,,,0,5.574,QUARANTINE:dark-lane range=48 distinct=47
87,62,3,0,-1,0,0,-,,,0,4.692,QUARANTINE:dark-lane range=39 distinct=40
87,63,3,0,-1,0,0,-,,,0,3.934,QUARANTINE:dark-lane range=37 distinct=36
88,0,3,2.47,1,2.35,165761,Y2,,,0,19.617,clean
88,1,3,1.36,83,2.32,806093,Y2,,,0,19.589,clean
88,2,3,1.52,1,2.53,179529,Y2,,,0,19.584,clean
88,3,3,1.35,1378,2.45,687093,Y2,,,0,19.644,clean
88,4,3,1.35,158,2.52,46402,Y4,,,0,19.797,clean
88,5,3,1.41,1273,2.46,793576,Y4,,,0,19.588,clean
88,6,3,1.45,1,2.40,558615,Y2,,,0,19.296,clean
88,7,3,1.32,1,2.42,984639,Y4,,,0,19.085,clean
88,8,3,1.36,700,2.52,1154155,Y2,,,0,18.779,clean
88,9,3,1.35,113,2.48,669301,Y2,,,0,18.469,clean
88,10,3,1.40,1,2.28,617355,Y4,,,0,18.119,clean
88,11,3,1.60,1,2.31,257492,Y4,,,0,17.710,clean
88,12,3,1.57,1,2.60,745386,Y2,,,0,17.195,clean
88,13,3,1.37,65,2.37,114620,Y2,,,0,16.767,clean
88,14,3,1.59,1,2.75,324190,Y2,,,0,16.460,clean
88,15,3,1.59,1,2.41,465631,Y4,,,0,16.269,clean
88,16,3,1.52,1,2.47,1199842,Y2,,,0,16.346,clean
88,17,3,1.43,1,2.47,62317,Y2,,,0,16.481,clean
88,18,3,1.40,903,2.40,1402169,Y2,,,0,17.739,clean
88,19,3,1.79,1,2.30,761390,Y4,,,0,16.429,clean
88,20,3,1.44,1,2.34,291824,Y2,,,0,16.103,clean
88,21,3,1.52,1,2.27,966579,Y4,,,0,15.970,clean
88,22,3,1.68,1,2.40,1455456,Y4,,,0,15.963,clean
88,23,3,1.39,1,2.36,8672,Y2,,,0,15.925,clean
88,24,3,1.64,1,2.62,962555,Y2,,,0,15.825,clean
88,25,3,1.40,1,2.44,1205117,Y2,,,0,15.426,clean
88,26,3,1.59,1,2.64,730723,Y2,,,0,14.998,clean
88,27,3,1.74,1,2.31,1055270,Y4,,,0,14.989,clean
88,28,3,1.60,1,2.42,1165688,Y4,,,0,14.593,clean
88,29,3,1.59,1,2.53,1068771,Y2,,,0,14.407,clean
88,30,3,1.89,1,2.43,1108378,Y4,,,0,14.145,clean
88,31,3,1.54,1,2.43,644803,Y4,,,0,13.896,clean
88,32,3,1.50,1,2.39,1034260,Y2,,,0,13.654,clean
88,33,3,1.70,1,2.54,711411,Y4,,,0,13.543,clean
88,34,3,1.54,1,2.46,487804,Y2,,,0,13.522,clean
88,35,3,1.73,1,2.44,1120806,Y2,,,0,13.596,clean
88,36,3,1.49,1,2.36,1094788,Y2,,,0,13.673,clean
88,37,3,1.79,1,2.49,1397789,Y2,,,0,13.625,clean
88,38,3,1.71,1,2.35,571579,Y2,,,0,13.531,clean
88,39,3,1.55,1,2.50,1141548,Y2,,,0,13.448,clean
88,40,3,1.66,1,2.48,1387060,Y4,,,0,13.437,clean
88,41,3,1.56,1,2.25,184447,Y2,,,0,13.415,clean
88,42,3,1.62,1,2.41,260264,Y4,,,0,13.412,clean
88,43,3,1.74,1,2.37,797063,Y2,,,0,13.311,clean
88,44,3,1.55,1,2.43,951648,Y4,,,0,13.136,clean
88,45,3,1.63,1,2.81,307828,Y2,,,0,12.938,clean
88,46,3,2.34,1,2.26,889868,Y4,,,0,12.799,clean
88,47,3,1.94,1,2.66,8762,Y2,,,0,12.520,clean
88,48,3,3.01,1,2.51,173539,Y2,0.00/noise-like,0.00/noise-like,0,12.155,hump-note
88,49,3,2.26,1,3.00,1464844,Y2,0.00/noise-like,0.00/noise-like,0,11.772,FAM-HIT
88,50,3,1.92,1,2.51,1441866,Y4,,,0,11.447,clean
88,51,3,1.85,1,2.43,194997,Y2,,,0,11.128,clean
88,52,3,2.53,1,2.44,20295,Y4,0.24/noise-like,0.24/noise-like,0,10.908,hump-note
88,53,3,2.05,1,2.54,747263,Y4,,,0,10.668,clean
88,54,3,2.54,1,2.53,1272440,Y4,0.24/noise-like,0.24/noise-like,0,10.328,hump-note
88,55,3,2.57,1,2.41,1357645,Y4,0.00/noise-like,0.42/WATCH,0,9.848,hump-note
88,56,3,2.62,1,2.29,1086116,Y2,0.24/noise-like,0.00/noise-like,0,9.197,hump-note
88,57,3,3.30,1,2.39,555396,Y4,0.00/noise-like,0.24/noise-like,0,8.523,hump-note
88,58,3,3.58,1,2.44,1162559,Y4,0.24/noise-like,0.00/noise-like,0,7.940,hump-note
88,59,3,0,-1,0,0,-,,,0,7.265,QUARANTINE:dark-lane range=63 distinct=61
88,60,3,0,-1,0,0,-,,,0,6.433,QUARANTINE:dark-lane range=57 distinct=58
88,61,3,0,-1,0,0,-,,,0,5.579,QUARANTINE:dark-lane range=48 distinct=48
88,62,3,0,-1,0,0,-,,,0,4.698,QUARANTINE:dark-lane range=39 distinct=40
88,63,3,0,-1,0,0,-,,,0,3.943,QUARANTINE:dark-lane range=33 distinct=34
89,0,3,2.20,1,2.38,366032,Y2,,,0,19.634,clean
89,1,3,1.42,1253,2.47,163972,Y2,,,0,19.579,clean
89,2,3,1.52,1,2.28,1190543,Y2,,,0,19.563,clean
89,3,3,1.48,1,2.45,1306146,Y2,,,0,19.678,clean
89,4,3,1.53,1,2.39,1244098,Y2,,,0,19.787,clean
89,5,3,1.38,942,2.29,80377,Y2,,,0,19.557,clean
89,6,3,1.40,499,2.40,56952,Y2,,,0,19.316,clean
89,7,3,1.38,1262,2.45,1447052,Y4,,,0,19.087,clean
89,8,3,1.37,1,2.32,518024,Y4,,,0,18.843,clean
89,9,3,1.52,1,2.56,638276,Y2,,,0,18.460,clean
89,10,3,1.60,1,2.38,168711,Y2,,,0,18.096,clean
89,11,3,1.27,63,2.60,766844,Y4,,,0,17.715,clean
89,12,3,1.66,1,2.50,1375169,Y4,,,0,17.221,clean
89,13,3,1.62,1,2.32,900775,Y2,,,0,16.734,clean
89,14,3,1.66,1,2.37,1335114,Y2,,,0,16.444,clean
89,15,3,1.70,1,2.29,1412809,Y2,,,0,16.262,clean
89,16,3,1.39,733,2.40,1060098,Y2,,,0,16.300,clean
89,17,3,1.78,1,2.41,899971,Y4,,,0,16.499,clean
89,18,3,1.55,895,2.55,1274854,Y4,,,0,17.734,clean
89,19,3,1.38,1,2.36,324726,Y4,,,0,16.431,clean
89,20,3,1.53,1,2.50,174791,Y4,,,0,16.113,clean
89,21,3,1.36,1,2.28,520170,Y2,,,0,15.942,clean
89,22,3,1.44,1,2.33,834525,Y2,,,0,15.929,clean
89,23,3,1.71,1,2.41,611901,Y4,,,0,15.921,clean
89,24,3,1.59,1,2.28,124365,Y4,,,0,15.852,clean
89,25,3,1.45,1,2.56,1372576,Y2,,,0,15.412,clean
89,26,3,1.73,1,2.41,1232117,Y2,,,0,14.997,clean
89,27,3,1.79,1,2.96,924110,Y4,,,0,14.984,clean
89,28,3,1.77,1,2.44,1093000,Y2,,,0,14.605,clean
89,29,3,1.59,1,2.34,271797,Y2,,,0,14.395,clean
89,30,3,1.92,1,2.36,734031,Y2,,,0,14.157,clean
89,31,3,1.59,1,2.32,1365513,Y2,,,0,13.901,clean
89,32,3,1.33,133,2.43,170588,Y4,,,0,13.662,clean
89,33,3,1.74,1,2.70,722855,Y4,,,0,13.533,clean
89,34,3,2.11,1,2.32,871986,Y4,,,0,13.523,clean
89,35,3,1.84,1,2.46,75102,Y4,,,0,13.609,clean
89,36,3,1.64,1,2.24,889331,Y4,,,0,13.700,clean
89,37,3,1.45,1,2.25,572562,Y4,,,0,13.633,clean
89,38,3,1.77,1,2.28,558794,Y4,,,0,13.507,clean
89,39,3,1.78,1,2.54,1320988,Y4,,,0,13.464,clean
89,40,3,1.83,1,2.44,424772,Y4,,,0,13.433,clean
89,41,3,1.94,1,2.39,182033,Y2,,,0,13.431,clean
89,42,3,1.87,1,2.38,1403064,Y4,,,0,13.403,clean
89,43,3,1.61,1,2.39,1384377,Y4,,,0,13.314,clean
89,44,3,1.90,1,2.34,697911,Y2,,,0,13.108,clean
89,45,3,1.99,1,2.33,943154,Y2,,,0,12.937,clean
89,46,3,1.67,1,2.35,741094,Y4,,,0,12.791,clean
89,47,3,1.53,1,2.33,339568,Y4,,,0,12.535,clean
89,48,3,3.37,1,2.35,178635,Y2,0.00/noise-like,0.24/noise-like,0,12.171,hump-note
89,49,3,1.86,1,2.36,152349,Y4,,,0,11.793,clean
89,50,3,1.87,1,2.42,4113,Y4,,,0,11.454,clean
89,51,3,2.61,1,2.56,976056,Y4,0.24/noise-like,0.00/noise-like,0,11.132,hump-note
89,52,3,2.46,1,2.29,991702,Y2,,,0,10.896,clean
89,53,3,2.36,1,2.55,1290321,Y2,,,0,10.664,clean
89,54,3,2.05,1,2.53,115424,Y2,,,0,10.316,clean
89,55,3,2.18,1,2.36,1234710,Y4,,,0,9.839,clean
89,56,3,2.37,1,2.30,1040161,Y2,,,0,9.222,clean
89,57,3,3.33,1,2.44,1371145,Y4,0.24/noise-like,0.00/noise-like,0,8.514,hump-note
89,58,3,3.17,1,2.51,61601,Y2,0.00/noise-like,0.00/noise-like,0,7.953,hump-note
89,59,3,0,-1,0,0,-,,,0,7.267,QUARANTINE:dark-lane range=62 distinct=62
89,60,3,0,-1,0,0,-,,,0,6.453,QUARANTINE:dark-lane range=54 distinct=55
89,61,3,0,-1,0,0,-,,,0,5.584,QUARANTINE:dark-lane range=46 distinct=47
89,62,3,0,-1,0,0,-,,,0,4.692,QUARANTINE:dark-lane range=42 distinct=41
89,63,3,0,-1,0,0,-,,,0,3.929,QUARANTINE:dark-lane range=32 distinct=33
90,0,3,2.63,1,2.33,1127511,Y2,0.00/noise-like,0.00/noise-like,0,19.621,hump-note
90,1,3,1.55,1,2.44,882536,Y4,,,0,19.595,clean
90,2,3,1.41,745,2.45,1157373,Y4,,,0,19.592,clean
90,3,3,1.39,1,2.46,487268,Y2,,,0,19.648,clean
90,4,3,1.40,414,2.24,1051605,Y4,,,0,19.827,clean
90,5,3,1.41,1,2.34,598401,Y4,,,0,19.563,clean
90,6,3,1.45,1,2.46,482708,Y2,,,0,19.350,clean
90,7,3,1.36,442,2.47,841588,Y4,,,0,19.085,clean
90,8,3,1.47,1,2.68,389278,Y2,,,0,18.815,clean
90,9,3,1.48,1,2.34,1385450,Y4,,,0,18.442,clean
90,10,3,1.46,1,2.28,1181781,Y4,,,0,18.054,clean
90,11,3,1.43,1,2.81,148416,Y4,,,0,17.717,clean
90,12,3,1.37,1110,2.60,251770,Y2,,,0,17.224,clean
90,13,3,1.52,1,2.40,711322,Y4,,,0,16.780,clean
90,14,3,1.42,1,2.41,775427,Y2,,,0,16.431,clean
90,15,3,1.58,1,2.43,209928,Y2,,,0,16.257,clean
90,16,3,1.48,1,2.40,264108,Y4,,,0,16.321,clean
90,17,3,1.62,1,2.50,133663,Y4,,,0,16.498,clean
90,18,3,1.53,729,2.47,1437843,Y2,,,0,17.736,clean
90,19,3,1.52,1,2.23,424147,Y4,,,0,16.419,clean
90,20,3,1.35,1,2.66,1331896,Y4,,,0,16.107,clean
90,21,3,1.47,1,2.37,166923,Y2,,,0,15.950,clean
90,22,3,1.50,1,2.44,1259297,Y2,,,0,15.936,clean
90,23,3,1.60,1,2.22,715792,Y4,,,0,15.944,clean
90,24,3,1.89,1,2.43,309616,Y4,,,0,15.833,clean
90,25,3,1.66,1,2.40,1236230,Y4,,,0,15.458,clean
90,26,3,1.40,1,2.32,620931,Y4,,,0,15.020,clean
90,27,3,1.57,607,2.35,17881,Y2,,,0,14.982,clean
90,28,3,1.52,1,2.84,500053,Y2,,,0,14.588,clean
90,29,3,1.68,1,2.48,1285404,Y2,,,0,14.411,clean
90,30,3,1.55,1,2.47,153512,Y2,,,0,14.161,clean
90,31,3,1.75,1,2.40,628799,Y2,,,0,13.873,clean
90,32,3,1.45,1,2.58,1456082,Y2,,,0,13.642,clean
90,33,3,1.38,487,2.68,140458,Y4,,,0,13.545,clean
90,34,3,1.79,1,2.46,1155406,Y2,,,0,13.553,clean
90,35,3,1.65,1,2.60,1423895,Y2,,,0,13.566,clean
90,36,3,1.63,1,2.52,1125991,Y4,,,0,13.680,clean
90,37,3,1.65,1,2.52,1069665,Y4,,,0,13.641,clean
90,38,3,1.84,1,2.37,433624,Y2,,,0,13.515,clean
90,39,3,1.57,1,2.49,1033634,Y4,,,0,13.451,clean
90,40,3,1.62,1,2.50,1295328,Y4,,,0,13.426,clean
90,41,3,1.80,1,2.40,1232296,Y4,,,0,13.400,clean
90,42,3,1.79,1,2.28,1341730,Y2,,,0,13.404,clean
90,43,3,1.63,1,2.28,526607,Y4,,,0,13.290,clean
90,44,3,1.74,1,2.43,265986,Y4,,,0,13.129,clean
90,45,3,1.84,1,2.47,660986,Y2,,,0,12.955,clean
90,46,3,1.56,1,2.56,36478,Y4,,,0,12.777,clean
90,47,3,2.01,1,2.22,477880,Y2,,,0,12.529,clean
90,48,3,3.32,1,2.73,473052,Y4,0.00/noise-like,0.00/noise-like,0,12.144,hump-note
90,49,3,1.88,1,2.35,377208,Y4,,,0,11.756,clean
90,50,3,1.95,1,2.42,240862,Y2,,,0,11.446,clean
90,51,3,1.97,1,3.04,831038,Y4,0.00/noise-like,0.00/noise-like,0,11.121,FAM-HIT
90,52,3,2.08,1,2.55,1162648,Y4,,,0,10.881,clean
90,53,3,2.22,1,2.73,431746,Y2,,,0,10.677,clean
90,54,3,1.95,1,2.52,1108557,Y4,,,0,10.328,clean
90,55,3,2.22,1,2.23,1418710,Y2,,,0,9.855,clean
90,56,3,2.61,1,2.55,78499,Y2,0.00/noise-like,0.00/noise-like,0,9.210,hump-note
90,57,3,2.83,1,2.40,177205,Y2,0.00/noise-like,0.00/noise-like,0,8.516,hump-note
90,58,3,2.87,1,2.42,158787,Y4,0.24/noise-like,0.00/noise-like,0,7.945,hump-note
90,59,3,0,-1,0,0,-,,,0,7.284,QUARANTINE:dark-lane range=67 distinct=62
90,60,3,0,-1,0,0,-,,,0,6.431,QUARANTINE:dark-lane range=54 distinct=55
90,61,3,0,-1,0,0,-,,,0,5.574,QUARANTINE:dark-lane range=48 distinct=47
90,62,3,0,-1,0,0,-,,,0,4.696,QUARANTINE:dark-lane range=40 distinct=40
90,63,3,0,-1,0,0,-,,,0,3.944,QUARANTINE:dark-lane range=33 distinct=34
91,0,3,2.15,1,2.31,953883,Y4,,,0,19.641,clean
91,1,3,1.33,859,2.50,5722,Y2,,,0,19.596,clean
91,2,3,1.45,246,2.76,1384735,Y4,,,0,19.588,clean
91,3,3,1.36,1330,2.29,693351,Y2,,,0,19.658,clean
91,4,3,1.34,669,2.56,1297563,Y2,,,0,19.812,clean
91,5,3,1.56,1,2.45,372738,Y4,,,0,19.602,clean
91,6,3,1.47,1,2.74,1125991,Y2,,,0,19.319,clean
91,7,3,1.57,1,2.55,698000,Y2,,,0,19.082,clean
91,8,3,1.56,1,2.25,1373917,Y2,,,0,18.844,clean
91,9,3,1.41,1,2.63,274479,Y2,,,0,18.451,clean
91,10,3,1.38,1287,2.30,1337439,Y4,,,0,18.127,clean
91,11,3,1.59,1,2.28,741541,Y4,,,0,17.714,clean
91,12,3,1.57,1,2.26,516146,Y4,,,0,17.231,clean
91,13,3,1.50,1,2.54,551373,Y4,,,0,16.767,clean
91,14,3,1.62,1,2.34,40770,Y2,,,0,16.463,clean
91,15,3,1.61,1,2.43,28968,Y2,,,0,16.266,clean
91,16,3,1.38,1379,2.43,141799,Y4,,,0,16.311,clean
91,17,3,1.66,1,2.30,22084,Y2,,,0,16.490,clean
91,18,3,1.52,1,2.93,137419,Y2,,,0,17.768,clean
91,19,3,1.56,1,2.75,1464844,Y4,,,0,16.402,clean
91,20,3,1.45,1,2.68,1043737,Y2,,,0,16.114,clean
91,21,3,1.50,1,2.41,67413,Y4,,,0,15.977,clean
91,22,3,1.44,1,2.52,68128,Y2,,,0,15.928,clean
91,23,3,1.41,1060,2.39,1233637,Y4,,,0,15.951,clean
91,24,3,1.67,1,2.29,154763,Y4,,,0,15.840,clean
91,25,3,1.59,1,2.39,1200736,Y4,,,0,15.436,clean
91,26,3,1.56,1,2.23,1262158,Y4,,,0,15.031,clean
91,27,3,1.62,623,2.31,1143605,Y2,,,0,14.987,clean
91,28,3,1.74,1,2.42,189543,Y2,,,0,14.569,clean
91,29,3,1.61,1,2.64,1047581,Y4,,,0,14.403,clean
91,30,3,1.63,1,2.48,992417,Y2,,,0,14.162,clean
91,31,3,1.90,1,2.42,515431,Y4,,,0,13.892,clean
91,32,3,1.47,329,2.34,301659,Y2,,,0,13.667,clean
91,33,3,1.68,1,2.76,815839,Y4,,,0,13.540,clean
91,34,3,1.88,1,2.33,1209050,Y4,,,0,13.525,clean
91,35,3,1.70,1,2.36,211537,Y4,,,0,13.582,clean
91,36,3,1.78,1,2.47,804573,Y2,,,0,13.674,clean
91,37,3,1.73,1,2.32,308722,Y4,,,0,13.653,clean
91,38,3,1.67,1,2.52,947535,Y2,,,0,13.516,clean
91,39,3,1.69,1,2.40,106215,Y4,,,0,13.473,clean
91,40,3,1.73,1,2.38,969082,Y2,,,0,13.410,clean
91,41,3,1.82,1,2.38,396609,Y4,,,0,13.412,clean
91,42,3,1.61,1,2.75,179350,Y2,,,0,13.400,clean
91,43,3,1.97,1,2.44,133663,Y2,,,0,13.326,clean
91,44,3,1.89,1,2.38,901848,Y2,,,0,13.112,clean
91,45,3,1.78,1,2.43,483066,Y4,,,0,12.940,clean
91,46,3,1.78,1,2.46,184983,Y4,,,0,12.767,clean
91,47,3,1.76,1,2.78,999033,Y4,,,0,12.541,clean
91,48,3,3.38,1,2.66,468314,Y4,0.00/noise-like,0.00/noise-like,0,12.169,hump-note
91,49,3,1.90,1,2.17,201881,Y2,,,0,11.749,clean
91,50,3,1.71,1,2.33,775516,Y2,,,0,11.434,clean
91,51,3,2.02,1,2.32,727683,Y2,,,0,11.138,clean
91,52,3,2.02,1,2.50,876456,Y2,,,0,10.902,clean
91,53,3,1.91,1,2.53,1303285,Y4,,,0,10.663,clean
91,54,3,2.33,1,2.52,295758,Y4,,,0,10.315,clean
91,55,3,2.72,1,2.50,116944,Y2,0.00/noise-like,0.00/noise-like,0,9.840,hump-note
91,56,3,2.60,1,2.46,1328319,Y2,0.24/noise-like,0.24/noise-like,0,9.211,hump-note
91,57,3,2.48,1,2.41,718296,Y4,,,0,8.516,clean
91,58,3,3.22,1,2.36,153244,Y2,0.00/noise-like,0.24/noise-like,0,7.939,hump-note
91,59,3,0,-1,0,0,-,,,0,7.287,QUARANTINE:dark-lane range=62 distinct=63
91,60,3,0,-1,0,0,-,,,0,6.432,QUARANTINE:dark-lane range=56 distinct=55
91,61,3,0,-1,0,0,-,,,0,5.583,QUARANTINE:dark-lane range=51 distinct=50
91,62,3,0,-1,0,0,-,,,0,4.701,QUARANTINE:dark-lane range=42 distinct=41
91,63,3,0,-1,0,0,-,,,0,3.940,QUARANTINE:dark-lane range=32 distinct=33
92,0,3,2.51,1,2.50,277162,Y4,0.00/noise-like,0.00/noise-like,0,19.609,hump-note
92,1,3,1.39,1,2.34,640243,Y2,,,0,19.598,clean
92,2,3,1.36,368,2.39,705421,Y4,,,0,19.610,clean
92,3,3,1.35,1,2.39,243276,Y2,,,0,19.695,clean
92,4,3,1.42,1,2.83,1233637,Y2,,,0,19.824,clean
92,5,3,1.37,559,2.31,3487,Y4,,,0,19.606,clean
92,6,3,1.40,1,2.42,467688,Y2,,,0,19.309,clean
92,7,3,1.40,1,2.35,802696,Y4,,,0,19.096,clean
92,8,3,1.53,1,2.33,751108,Y4,,,0,18.818,clean
92,9,3,1.38,1,2.43,1012892,Y2,,,0,18.477,clean
92,10,3,1.62,1,2.37,1197338,Y2,,,0,18.114,clean
92,11,3,1.43,1,2.55,636309,Y2,,,0,17.710,clean
92,12,3,1.55,1,2.30,1150936,Y2,,,0,17.253,clean
92,13,3,1.78,1,2.47,443369,Y2,,,0,16.758,clean
92,14,3,1.39,1,2.65,841498,Y4,,,0,16.463,clean
92,15,3,1.64,1,2.41,1159072,Y2,,,0,16.287,clean
92,16,3,1.52,1,2.53,48816,Y4,,,0,16.315,clean
92,17,3,1.40,283,2.39,116229,Y4,,,0,16.484,clean
92,18,3,1.51,803,2.34,67592,Y2,,,0,17.722,clean
92,19,3,1.76,1,2.49,128388,Y2,,,0,16.426,clean
92,20,3,1.40,1,2.51,171840,Y2,,,0,16.098,clean
92,21,3,1.63,1,2.37,713646,Y2,,,0,15.983,clean
92,22,3,1.44,1,2.35,158966,Y4,,,0,15.965,clean
92,23,3,1.37,838,2.48,1066267,Y4,,,0,15.935,clean
92,24,3,1.63,1,2.32,161648,Y2,,,0,15.843,clean
92,25,3,1.45,1,2.38,862509,Y2,,,0,15.425,clean
92,26,3,1.49,1,2.19,149757,Y2,,,0,15.024,clean
92,27,3,1.65,1,2.59,128210,Y2,,,0,14.977,clean
92,28,3,1.57,1,2.31,589371,Y2,,,0,14.577,clean
92,29,3,2.06,1,2.50,1293987,Y4,,,0,14.395,clean
92,30,3,1.58,1,2.54,983298,Y4,,,0,14.145,clean
92,31,3,1.71,1,2.34,181764,Y2,,,0,13.885,clean
92,32,3,1.39,1006,2.63,925988,Y4,,,0,13.671,clean
92,33,3,1.76,1,2.67,1328319,Y2,,,0,13.564,clean
92,34,3,1.77,1,2.44,1125813,Y2,,,0,13.535,clean
92,35,3,1.59,1,2.56,15914,Y4,,,0,13.600,clean
92,36,3,1.76,1,2.31,718385,Y4,,,0,13.691,clean
92,37,3,1.57,1,2.52,957370,Y2,,,0,13.645,clean
92,38,3,1.58,1,2.49,927508,Y2,,,0,13.513,clean
92,39,3,1.68,1,2.34,872344,Y4,,,0,13.457,clean
92,40,3,2.03,1,2.48,302643,Y2,,,0,13.456,clean
92,41,3,1.58,1,2.48,1265913,Y4,,,0,13.424,clean
92,42,3,1.79,1,2.63,244617,Y2,,,0,13.415,clean
92,43,3,1.62,1,2.36,217795,Y4,,,0,13.323,clean
92,44,3,1.64,1,2.39,77873,Y4,,,0,13.132,clean
92,45,3,1.68,1,3.17,1464844,Y4,0.00/noise-like,0.00/noise-like,0,12.939,FAM-HIT
92,46,3,1.77,1,2.37,757456,Y2,,,0,12.765,clean
92,47,3,1.84,1,2.41,1387596,Y4,,,0,12.548,clean
92,48,3,3.32,1,2.43,435859,Y2,0.00/noise-like,0.00/noise-like,0,12.173,hump-note
92,49,3,1.87,1,2.37,498891,Y4,,,0,11.766,clean
92,50,3,1.86,1,2.18,368983,Y4,,,0,11.447,clean
92,51,3,2.19,1,2.64,1328230,Y2,,,0,11.128,clean
92,52,3,2.00,1,2.43,1315445,Y2,,,0,10.884,clean
92,53,3,2.22,1,2.39,69916,Y4,,,0,10.647,clean
92,54,3,2.32,1,2.39,1103282,Y4,,,0,10.312,clean
92,55,3,2.41,1,2.37,1215667,Y4,,,0,9.835,clean
92,56,3,2.57,1,2.35,1258671,Y4,0.00/noise-like,0.00/noise-like,0,9.196,hump-note
92,57,3,2.71,1,2.26,419766,Y2,0.00/noise-like,0.00/noise-like,0,8.531,hump-note
92,58,3,3.26,1,2.40,362456,Y4,0.00/noise-like,0.24/noise-like,0,7.942,hump-note
92,59,3,0,-1,0,0,-,,,0,7.271,QUARANTINE:dark-lane range=64 distinct=62
92,60,3,0,-1,0,0,-,,,0,6.459,QUARANTINE:dark-lane range=56 distinct=54
92,61,3,0,-1,0,0,-,,,0,5.585,QUARANTINE:dark-lane range=47 distinct=48
92,62,3,0,-1,0,0,-,,,0,4.693,QUARANTINE:dark-lane range=45 distinct=42
92,63,3,0,-1,0,0,-,,,0,3.930,QUARANTINE:dark-lane range=33 distinct=34
93,0,3,2.49,1,2.62,21636,Y4,,,0,19.660,clean
93,1,3,1.52,1,2.39,972122,Y2,,,0,19.607,clean
93,2,3,1.41,1643,2.43,380605,Y4,,,0,19.585,clean
93,3,3,1.37,1,2.33,570416,Y4,,,0,19.689,clean
93,4,3,1.44,345,2.64,815660,Y4,,,0,19.793,clean
93,5,3,1.45,1,2.41,140458,Y4,,,0,19.547,clean
93,6,3,1.39,1478,2.47,360310,Y2,,,0,19.332,clean
93,7,3,1.36,307,2.37,226468,Y4,,,0,19.080,clean
93,8,3,1.45,1,2.24,213414,Y4,,,0,18.796,clean
93,9,3,1.46,1,2.34,1395643,Y4,,,0,18.443,clean
93,10,3,1.50,1,2.35,288159,Y4,,,0,18.097,clean
93,11,3,1.38,1,2.57,1429707,Y2,,,0,17.699,clean
93,12,3,1.36,1,2.48,90837,Y2,,,0,17.209,clean
93,13,3,1.71,1,2.52,25570,Y2,,,0,16.781,clean
93,14,3,1.36,264,2.32,861704,Y4,,,0,16.454,clean
93,15,3,1.60,1,2.48,12338,Y2,,,0,16.279,clean
93,16,3,1.67,1,2.55,1335025,Y4,,,0,16.305,clean
93,17,3,1.52,1,2.46,968814,Y4,,,0,16.490,clean
93,18,3,1.47,795,2.26,135899,Y4,,,0,17.746,clean
93,19,3,1.70,1,2.27,1363635,Y4,,,0,16.423,clean
93,20,3,1.34,294,2.58,397414,Y4,,,0,16.088,clean
93,21,3,1.33,351,2.44,1369447,Y4,,,0,15.956,clean
93,22,3,1.45,1,2.52,487268,Y2,,,0,15.959,clean
93,23,3,1.66,1,2.37,1210213,Y2,,,0,15.925,clean
93,24,3,1.43,1,2.46,6258,Y2,,,0,15.843,clean
93,25,3,1.42,1,2.16,1227558,Y4,,,0,15.476,clean
93,26,3,1.76,1,2.41,524104,Y2,,,0,15.003,clean
93,27,3,1.67,625,2.44,1171947,Y2,,,0,14.994,clean
93,28,3,1.51,1,2.33,1164168,Y2,,,0,14.597,clean
93,29,3,1.69,1,2.86,725001,Y4,,,0,14.412,clean
93,30,3,1.72,1,2.38,1293093,Y4,,,0,14.144,clean
93,31,3,1.62,1,2.42,267148,Y4,,,0,13.910,clean
93,32,3,1.34,466,2.36,112295,Y2,,,0,13.659,clean
93,33,3,1.57,1,2.55,1204401,Y4,,,0,13.510,clean
93,34,3,1.75,1,2.42,878155,Y4,,,0,13.522,clean
93,35,3,1.74,1,2.69,607163,Y2,,,0,13.589,clean
93,36,3,1.82,1,2.31,753075,Y4,,,0,13.693,clean
93,37,3,1.59,1,2.38,235766,Y4,,,0,13.642,clean
93,38,3,1.61,1,2.38,797868,Y4,,,0,13.516,clean
93,39,3,1.83,1,2.96,1114100,Y4,,,0,13.473,clean
93,40,3,1.58,1,2.47,244439,Y4,,,0,13.424,clean
93,41,3,1.67,1,2.90,379175,Y4,,,0,13.409,clean
93,42,3,1.76,1,2.35,1192331,Y2,,,0,13.411,clean
93,43,3,1.52,1,2.30,505507,Y4,,,0,13.308,clean
93,44,3,1.89,1,2.49,672519,Y2,,,0,13.134,clean
93,45,3,1.73,1,2.89,1444370,Y2,,,0,12.963,clean
93,46,3,2.04,1,2.36,532597,Y2,,,0,12.768,clean
93,47,3,1.73,1,2.36,907749,Y4,,,0,12.527,clean
93,48,3,3.39,1,2.45,1141727,Y4,0.00/noise-like,0.00/noise-like,0,12.158,hump-note
93,49,3,2.01,1,2.44,1348883,Y2,,,0,11.770,clean
93,50,3,1.74,1,2.61,625223,Y2,,,0,11.455,clean
93,51,3,2.00,1,2.58,99868,Y4,,,0,11.114,clean
93,52,3,2.32,1,2.35,1159340,Y4,,,0,10.895,clean
93,53,3,2.35,1,2.38,1122236,Y2,,,0,10.679,clean
93,54,3,2.53,1,2.35,1403868,Y4,0.00/noise-like,0.00/noise-like,0,10.318,hump-note
93,55,3,2.59,1,2.52,1108289,Y4,0.00/noise-like,0.00/noise-like,0,9.829,hump-note
93,56,3,2.71,1,2.49,1050621,Y2,0.00/noise-like,0.00/noise-like,0,9.218,hump-note
93,57,3,3.04,1,2.41,601441,Y2,0.00/noise-like,0.00/noise-like,0,8.520,hump-note
93,58,3,2.82,1,2.39,794649,Y4,0.24/noise-like,0.24/noise-like,0,7.933,hump-note
93,59,3,3.29,1,2.64,1373827,Y2,0.00/noise-like,0.24/noise-like,0,7.278,hump-note
93,60,3,0,-1,0,0,-,,,0,6.435,QUARANTINE:dark-lane range=52 distinct=53
93,61,3,0,-1,0,0,-,,,0,5.588,QUARANTINE:dark-lane range=48 distinct=49
93,62,3,0,-1,0,0,-,,,0,4.693,QUARANTINE:dark-lane range=40 distinct=41
93,63,3,0,-1,0,0,-,,,0,3.937,QUARANTINE:dark-lane range=35 distinct=36
94,0,3,2.87,1,2.66,1069397,Y4,0.00/noise-like,0.24/noise-like,0,19.651,hump-note
94,1,3,1.40,1,2.55,1390904,Y2,,,0,19.560,clean
94,2,3,1.46,1,2.48,71883,Y4,,,0,19.627,clean
94,3,3,1.46,1,2.59,1040786,Y2,,,0,19.704,clean
94,4,3,1.33,16,2.31,603050,Y4,,,0,19.800,clean
94,5,3,1.42,137,2.38,1098096,Y4,,,0,19.560,clean
94,6,3,1.51,1,2.28,175953,Y4,,,0,19.307,clean
94,7,3,1.51,1,2.39,418782,Y4,,,0,19.081,clean
94,8,3,1.37,1,2.33,670731,Y4,,,0,18.808,clean
94,9,3,1.52,1,2.39,363529,Y2,,,0,18.469,clean
94,10,3,1.40,1,2.28,1090676,Y4,,,0,18.099,clean
94,11,3,1.37,1181,2.54,1297832,Y2,,,0,17.698,clean
94,12,3,1.64,1,2.62,831753,Y2,,,0,17.215,clean
94,13,3,1.44,1,2.58,973552,Y2,,,0,16.740,clean
94,14,3,1.57,1,2.47,601262,Y4,,,0,16.445,clean
94,15,3,1.53,1,2.51,41842,Y2,,,0,16.253,clean
94,16,3,1.52,909,2.32,1443744,Y2,,,0,16.314,clean
94,17,3,1.43,1,2.33,797600,Y2,,,0,16.466,clean
94,18,3,1.56,760,2.29,220746,Y2,,,0,17.775,clean
94,19,3,1.59,1,2.29,543773,Y4,,,0,16.408,clean
94,20,3,1.57,1,2.43,864029,Y4,,,0,16.084,clean
94,21,3,1.47,1,2.39,954956,Y2,,,0,15.942,clean
94,22,3,1.61,1,2.52,419766,Y4,,,0,15.950,clean
94,23,3,1.62,1,2.30,264823,Y4,,,0,15.927,clean
94,24,3,1.80,1,2.28,1238108,Y2,,,0,15.824,clean
94,25,3,1.61,1,2.53,302374,Y4,,,0,15.417,clean
94,26,3,1.41,1,2.48,1039177,Y2,,,0,15.037,clean
94,27,3,1.65,1,2.41,501662,Y4,,,0,14.958,clean
94,28,3,1.68,1,2.36,855446,Y4,,,0,14.587,clean
94,29,3,1.79,1,2.43,138670,Y4,,,0,14.404,clean
94,30,3,1.68,1,2.51,186861,Y2,,,0,14.166,clean
94,31,3,1.97,1,2.58,836402,Y4,,,0,13.898,clean
94,32,3,1.42,610,2.70,96470,Y2,,,0,13.662,clean
94,33,3,1.68,1,2.38,1450539,Y4,,,0,13.535,clean
94,34,3,1.49,1,2.77,997603,Y4,,,0,13.529,clean
94,35,3,1.92,1,2.32,713199,Y2,,,0,13.591,clean
94,36,3,1.93,1,2.64,885755,Y4,,,0,13.686,clean
94,37,3,1.67,1,2.59,15646,Y2,,,0,13.635,clean
94,38,3,1.63,1,2.33,260621,Y2,,,0,13.521,clean
94,39,3,2.01,1,2.40,491023,Y4,,,0,13.472,clean
94,40,3,1.98,1,2.26,1415849,Y2,,,0,13.449,clean
94,41,3,1.51,1,2.36,1325369,Y2,,,0,13.404,clean
94,42,3,2.07,1,2.40,675917,Y2,,,0,13.401,clean
94,43,3,1.86,1,2.34,348866,Y4,,,0,13.318,clean
94,44,3,1.99,1,2.70,1395822,Y4,,,0,13.126,clean
94,45,3,1.81,1,2.46,692546,Y4,,,0,12.973,clean
94,46,3,1.73,1,2.53,1109719,Y4,,,0,12.771,clean
94,47,3,1.90,1,2.64,661522,Y2,,,0,12.548,clean
94,48,3,3.05,1,2.38,270814,Y4,0.00/noise-like,0.00/noise-like,0,12.155,hump-note
94,49,3,2.20,1,2.29,381589,Y2,,,0,11.749,clean
94,50,3,2.18,1,2.51,111490,Y4,,,0,11.454,clean
94,51,3,2.29,1,2.33,485927,Y4,,,0,11.131,clean
94,52,3,1.95,1,2.45,1401722,Y2,,,0,10.872,clean
94,53,3,2.37,1,2.43,380069,Y2,,,0,10.681,clean
94,54,3,2.56,1,2.40,980884,Y2,0.00/noise-like,0.00/noise-like,0,10.323,hump-note
94,55,3,2.20,1,2.37,1024425,Y2,,,0,9.843,clean
94,56,3,2.61,1,2.32,1411289,Y4,0.00/noise-like,0.24/noise-like,0,9.208,hump-note
94,57,3,2.86,1,2.41,57131,Y4,0.00/noise-like,0.24/noise-like,0,8.526,hump-note
94,58,3,3.06,1,2.80,978738,Y4,0.24/noise-like,0.24/noise-like,0,7.934,hump-note
94,59,3,0,-1,0,0,-,,,0,7.253,QUARANTINE:dark-lane range=63 distinct=60
94,60,3,0,-1,0,0,-,,,0,6.439,QUARANTINE:dark-lane range=56 distinct=56
94,61,3,0,-1,0,0,-,,,0,5.589,QUARANTINE:dark-lane range=47 distinct=48
94,62,3,0,-1,0,0,-,,,0,4.702,QUARANTINE:dark-lane range=40 distinct=41
94,63,3,0,-1,0,0,-,,,0,3.932,QUARANTINE:dark-lane range=33 distinct=34
95,0,3,2.92,1,2.42,561118,Y2,0.00/noise-like,0.00/noise-like,0,19.644,hump-note
95,1,3,1.32,1,2.31,11623,Y4,,,0,19.573,clean
95,2,3,1.45,1,2.52,947177,Y4,,,0,19.585,clean
95,3,3,1.35,1440,2.36,1189023,Y2,,,0,19.677,clean
95,4,3,1.43,1321,2.40,549763,Y4,,,0,19.805,clean
95,5,3,1.33,777,2.34,228167,Y4,,,0,19.557,clean
95,6,3,1.37,993,2.64,548780,Y2,,,0,19.331,clean
95,7,3,1.39,1,2.29,641674,Y2,,,0,19.095,clean
95,8,3,1.52,1,2.32,1458138,Y2,,,0,18.832,clean
95,9,3,1.37,1287,2.30,241578,Y2,,,0,18.470,clean
95,10,3,1.44,1,2.46,891119,Y2,,,0,18.100,clean
95,11,3,1.42,1,2.33,568450,Y2,,,0,17.714,clean
95,12,3,1.56,1,2.45,713468,Y2,,,0,17.216,clean
95,13,3,1.36,1,2.38,10550,Y4,,,0,16.762,clean
95,14,3,1.54,1,2.32,32187,Y4,,,0,16.438,clean
95,15,3,1.54,1,2.64,367284,Y2,,,0,16.259,clean
95,16,3,1.51,1,2.34,258476,Y2,,,0,16.319,clean
95,17,3,1.51,1,2.35,167191,Y2,,,0,16.462,clean
95,18,3,1.53,786,2.35,201255,Y4,,,0,17.724,clean
95,19,3,1.52,1,2.33,1303017,Y2,,,0,16.423,clean
95,20,3,1.60,1,2.31,915259,Y2,,,0,16.113,clean
95,21,3,1.69,1,2.40,489503,Y2,,,0,15.954,clean
95,22,3,1.53,1,2.30,101388,Y2,,,0,15.968,clean
95,23,3,1.64,1,2.46,26017,Y2,,,0,15.931,clean
95,24,3,1.79,1,2.30,1307219,Y4,,,0,15.830,clean
95,25,3,1.54,1,2.23,101477,Y4,,,0,15.484,clean
95,26,3,1.60,1,2.26,1124203,Y4,,,0,14.999,clean
95,27,3,1.67,628,2.30,139922,Y4,,,0,14.955,clean
95,28,3,1.72,1,2.45,746995,Y4,,,0,14.586,clean
95,29,3,1.52,1,2.43,1209050,Y4,,,0,14.408,clean
95,30,3,1.63,1,2.42,1048118,Y2,,,0,14.149,clean
95,31,3,1.71,1,2.45,58562,Y2,,,0,13.884,clean
95,32,3,1.36,971,2.35,1055092,Y2,,,0,13.653,clean
95,33,3,1.72,1,2.32,778735,Y4,,,0,13.542,clean
95,34,3,1.86,1,2.33,147790,Y2,,,0,13.525,clean
95,35,3,1.71,1,2.47,420570,Y2,,,0,13.601,clean
95,36,3,1.51,1,2.35,814587,Y4,,,0,13.685,clean
95,37,3,1.76,1,2.49,570327,Y2,,,0,13.652,clean
95,38,3,1.86,1,2.25,624329,Y2,,,0,13.523,clean
95,39,3,1.69,1,2.32,726700,Y2,,,0,13.472,clean
95,40,3,1.95,1,2.89,151545,Y4,,,0,13.452,clean
95,41,3,1.87,1,2.41,222713,Y2,,,0,13.417,clean
95,42,3,1.87,1,2.35,250697,Y2,,,0,13.389,clean
95,43,3,1.82,1,2.30,70900,Y2,,,0,13.315,clean
95,44,3,1.51,1,2.38,599295,Y2,,,0,13.123,clean
95,45,3,1.95,1,2.51,1159072,Y2,,,0,12.955,clean
95,46,3,1.65,1,2.46,150383,Y2,,,0,12.778,clean
95,47,3,1.93,1,2.36,763088,Y2,,,0,12.528,clean
95,48,3,3.43,1,2.39,1117766,Y2,0.42/WATCH,0.00/noise-like,0,12.170,hump-note
95,49,3,1.88,1,2.31,249803,Y4,,,0,11.771,clean
95,50,3,1.94,1,2.38,662148,Y2,,,0,11.447,clean
95,51,3,2.10,1,2.73,401974,Y2,,,0,11.124,clean
95,52,3,2.22,1,2.41,132769,Y4,,,0,10.873,clean
95,53,3,2.03,1,2.49,1127958,Y2,,,0,10.688,clean
95,54,3,2.56,1,2.49,707477,Y2,0.00/noise-like,0.00/noise-like,0,10.324,hump-note
95,55,3,2.71,1,2.45,1139134,Y4,0.00/noise-like,0.00/noise-like,0,9.840,hump-note
95,56,3,2.49,1,2.36,1239717,Y2,,,0,9.213,clean
95,57,3,3.01,1,2.52,1002520,Y2,0.00/noise-like,0.00/noise-like,0,8.516,hump-note
95,58,3,3.45,1,2.52,730097,Y4,0.00/noise-like,0.24/noise-like,0,7.940,hump-note
95,59,3,0,-1,0,0,-,,,0,7.283,QUARANTINE:dark-lane range=63 distinct=63
95,60,3,0,-1,0,0,-,,,0,6.447,QUARANTINE:dark-lane range=59 distinct=56
95,61,3,0,-1,0,0,-,,,0,5.582,QUARANTINE:dark-lane range=47 distinct=47
95,62,3,0,-1,0,0,-,,,0,4.696,QUARANTINE:dark-lane range=40 distinct=41
95,63,3,0,-1,0,0,-,,,0,3.938,QUARANTINE:dark-lane range=36 distinct=36
96,0,3,2.86,1,2.28,877619,Y4,0.00/noise-like,0.00/noise-like,0,19.625,hump-note
96,1,3,1.34,958,2.55,106931,Y2,,,0,19.547,clean
96,2,3,1.48,1,2.39,545293,Y4,,,0,19.584,clean
96,3,3,1.38,1199,2.36,1356483,Y4,,,0,19.695,clean
96,4,3,1.35,1,2.37,376046,Y2,,,0,19.779,clean
96,5,3,1.36,391,2.47,240862,Y4,,,0,19.566,clean
96,6,3,1.42,1478,2.42,547171,Y4,,,0,19.301,clean
96,7,3,1.40,1,2.26,607163,Y2,,,0,19.131,clean
96,8,3,1.40,1,2.59,332683,Y2,,,0,18.812,clean
96,9,3,1.41,1,2.86,480384,Y2,,,0,18.466,clean
96,10,3,1.47,1,2.60,600368,Y4,,,0,18.109,clean
96,11,3,1.58,1,2.23,654101,Y2,,,0,17.720,clean
96,12,3,1.43,1,2.34,259548,Y4,,,0,17.211,clean
96,13,3,1.57,1,2.27,1132697,Y2,,,0,16.741,clean
96,14,3,1.41,1,2.60,1217812,Y2,,,0,16.450,clean
96,15,3,1.40,1,2.64,606447,Y4,,,0,16.274,clean
96,16,3,1.62,1,2.60,845969,Y2,,,0,16.340,clean
96,17,3,1.39,1458,2.56,1243293,Y4,,,0,16.477,clean
96,18,3,1.52,780,2.70,175327,Y2,,,0,17.750,clean
96,19,3,1.42,1,2.61,49442,Y4,,,0,16.435,clean
96,20,3,1.55,1,2.39,497818,Y4,,,0,16.093,clean
96,21,3,1.57,1,2.55,446141,Y2,,,0,15.970,clean
96,22,3,1.85,1,2.35,545830,Y2,,,0,15.952,clean
96,23,3,1.85,1,2.30,812978,Y4,,,0,15.937,clean
96,24,3,1.77,1,2.67,664830,Y4,,,0,15.826,clean
96,25,3,1.45,1,2.49,961661,Y2,,,0,15.453,clean
96,26,3,1.63,1,2.42,284225,Y4,,,0,15.015,clean
96,27,3,1.78,1,2.19,1433283,Y2,,,0,14.977,clean
96,28,3,1.73,1,2.47,1028538,Y4,,,0,14.597,clean
96,29,3,2.01,1,2.22,156909,Y4,,,0,14.393,clean
96,30,3,1.61,1,2.36,152886,Y2,,,0,14.153,clean
96,31,3,1.55,1,2.52,715435,Y4,,,0,13.911,clean
96,32,3,1.36,140,2.59,1010925,Y2,,,0,13.679,clean
96,33,3,1.56,1,2.59,63926,Y4,,,0,13.545,clean
96,34,3,1.76,1,2.33,1209587,Y4,,,0,13.529,clean
96,35,3,1.61,1,2.26,1350492,Y2,,,0,13.624,clean
96,36,3,1.77,1,2.40,2682,Y2,,,0,13.683,clean
96,37,3,1.73,1,2.54,960857,Y4,,,0,13.641,clean
96,38,3,1.67,1,2.41,182837,Y2,,,0,13.530,clean
96,39,3,1.79,1,2.32,554055,Y4,,,0,13.484,clean
96,40,3,1.74,1,2.54,106484,Y2,,,0,13.425,clean
96,41,3,1.57,1,2.49,1294613,Y4,,,0,13.421,clean
96,42,3,1.67,1,2.27,309885,Y4,,,0,13.409,clean
96,43,3,1.87,1,2.39,1295507,Y4,,,0,13.290,clean
96,44,3,1.58,1,2.41,659287,Y2,,,0,13.126,clean
96,45,3,1.94,1,2.47,1104891,Y4,,,0,12.918,clean
96,46,3,1.87,1,2.50,78589,Y4,,,0,12.793,clean
96,47,3,1.61,1,2.27,523210,Y4,,,0,12.530,clean
96,48,3,3.08,1,2.46,103444,Y4,0.00/noise-like,0.00/noise-like,0,12.178,hump-note
96,49,3,2.08,1,2.54,1026571,Y4,,,0,11.771,clean
96,50,3,2.06,1,2.42,1210660,Y2,,,0,11.430,clean
96,51,3,2.07,1,2.36,130892,Y4,,,0,11.131,clean
96,52,3,2.21,1,2.47,1328677,Y4,,,0,10.901,clean
96,53,3,1.95,1,2.17,1170069,Y4,,,0,10.669,clean
96,54,3,2.34,1,2.29,1451969,Y2,,,0,10.316,clean
96,55,3,2.19,1,2.31,988841,Y4,,,0,9.848,clean
96,56,3,2.22,1,2.53,122309,Y2,,,0,9.221,clean
96,57,3,2.58,1,2.35,1189828,Y4,0.00/noise-like,0.42/WATCH,0,8.526,hump-note
96,58,3,2.90,1,2.44,968814,Y2,0.00/noise-like,0.00/noise-like,0,7.945,hump-note
96,59,3,0,-1,0,0,-,,,0,7.272,QUARANTINE:dark-lane range=64 distinct=63
96,60,3,0,-1,0,0,-,,,0,6.428,QUARANTINE:dark-lane range=54 distinct=54
96,61,3,0,-1,0,0,-,,,0,5.580,QUARANTINE:dark-lane range=47 distinct=48
96,62,3,0,-1,0,0,-,,,0,4.693,QUARANTINE:dark-lane range=43 distinct=42
96,63,3,0,-1,0,0,-,,,0,3.937,QUARANTINE:dark-lane range=35 distinct=36
97,0,3,2.77,1,2.38,1153976,Y2,0.00/noise-like,0.00/noise-like,0,19.650,hump-note
97,1,3,1.50,1,2.47,1042664,Y4,,,0,19.554,clean
97,2,3,1.34,1233,2.37,1461446,Y2,,,0,19.563,clean
97,3,3,1.37,1,2.34,711054,Y4,,,0,19.682,clean
97,4,3,1.38,11,2.36,1274139,Y4,,,0,19.773,clean
97,5,3,1.35,1,2.30,579268,Y2,,,0,19.552,clean
97,6,3,1.43,1,2.47,264555,Y4,,,0,19.281,clean
97,7,3,1.32,35,2.54,260085,Y4,,,0,19.105,clean
97,8,3,1.36,326,2.32,591516,Y2,,,0,18.822,clean
97,9,3,1.53,1,2.32,144392,Y2,,,0,18.430,clean
97,10,3,1.55,1,2.50,761837,Y4,,,0,18.081,clean
97,11,3,1.40,716,2.37,92804,Y4,,,0,17.690,clean
97,12,3,1.59,1,2.37,1085222,Y4,,,0,17.206,clean
97,13,3,1.63,1,2.35,1127511,Y2,,,0,16.756,clean
97,14,3,1.70,1,2.62,530004,Y2,,,0,16.470,clean
97,15,3,1.33,1,2.26,822991,Y2,,,0,16.253,clean
97,16,3,1.46,1,2.51,1117319,Y2,,,0,16.311,clean
97,17,3,1.44,1,2.40,931084,Y2,,,0,16.473,clean
97,18,3,1.46,989,2.29,562191,Y4,,,0,17.749,clean
97,19,3,1.41,1,2.46,6527,Y2,,,0,16.420,clean
97,20,3,1.36,1,2.38,80109,Y2,,,0,16.116,clean
97,21,3,1.71,1,2.44,235230,Y4,,,0,15.982,clean
97,22,3,1.66,1,2.32,801712,Y2,,,0,15.960,clean
97,23,3,1.46,1,2.30,1095414,Y2,,,0,15.960,clean
97,24,3,1.89,1,2.23,825584,Y4,,,0,15.818,clean
97,25,3,1.68,1,2.43,1443475,Y2,,,0,15.421,clean
97,26,3,1.67,1,2.39,529379,Y4,,,0,15.027,clean
97,27,3,1.71,1,2.45,238359,Y4,,,0,14.970,clean
97,28,3,1.38,1,2.39,1332700,Y2,,,0,14.587,clean
97,29,3,1.53,1,2.37,525892,Y2,,,0,14.388,clean
97,30,3,1.95,1,2.24,488073,Y2,,,0,14.164,clean
97,31,3,1.68,1,2.77,582486,Y2,,,0,13.892,clean
97,32,3,1.38,1,2.54,68933,Y4,,,0,13.640,clean
97,33,3,1.85,1,2.49,121057,Y2,,,0,13.532,clean
97,34,3,1.72,1,2.37,934482,Y2,,,0,13.524,clean
97,35,3,1.83,1,2.30,100404,Y4,,,0,13.591,clean
97,36,3,1.79,1,2.40,683963,Y4,,,0,13.693,clean
97,37,3,1.55,1,2.29,426114,Y4,,,0,13.635,clean
97,38,3,1.83,1,2.65,1290858,Y2,,,0,13.534,clean
97,39,3,1.68,1,2.52,125080,Y2,,,0,13.476,clean
97,40,3,1.81,1,2.39,751108,Y4,,,0,13.431,clean
97,41,3,1.90,1,2.33,276089,Y4,,,0,13.415,clean
97,42,3,1.34,1,2.25,158787,Y4,,,0,13.410,clean
97,43,3,1.81,1,2.34,235051,Y4,,,0,13.320,clean
97,44,3,1.66,1,2.33,208139,Y2,,,0,13.129,clean
97,45,3,1.62,1,2.31,16361,Y4,,,0,12.946,clean
97,46,3,1.87,1,2.38,656068,Y4,,,0,12.769,clean
97,47,3,2.07,1,2.38,97632,Y2,,,0,12.507,clean
97,48,3,3.40,1,2.26,284135,Y4,0.00/noise-like,0.24/noise-like,0,12.175,hump-note
97,49,3,1.92,1,2.31,417978,Y2,,,0,11.756,clean
97,50,3,1.86,1,2.48,1194209,Y4,,,0,11.446,clean
97,51,3,2.10,1,2.37,1439720,Y4,,,0,11.122,clean
97,52,3,2.31,1,2.52,1209050,Y4,,,0,10.871,clean
97,53,3,2.26,1,2.49,445336,Y2,,,0,10.681,clean
97,54,3,2.08,1,2.42,952899,Y2,,,0,10.334,clean
97,55,3,2.52,1,2.43,398844,Y2,0.00/noise-like,0.24/noise-like,0,9.844,hump-note
97,56,3,2.25,1,2.53,713825,Y4,,,0,9.193,clean
97,57,3,2.72,1,2.50,82880,Y2,0.00/noise-like,0.00/noise-like,0,8.529,hump-note
97,58,3,3.08,1,2.32,1263052,Y2,0.00/noise-like,0.00/noise-like,0,7.951,hump-note
97,59,3,0,-1,0,0,-,,,0,7.260,QUARANTINE:dark-lane range=61 distinct=61
97,60,3,0,-1,0,0,-,,,0,6.433,QUARANTINE:dark-lane range=55 distinct=56
97,61,3,0,-1,0,0,-,,,0,5.584,QUARANTINE:dark-lane range=48 distinct=49
97,62,3,0,-1,0,0,-,,,0,4.696,QUARANTINE:dark-lane range=39 distinct=40
97,63,3,0,-1,0,0,-,,,0,3.935,QUARANTINE:dark-lane range=38 distinct=34
98,0,3,2.83,1,2.51,456065,Y2,0.00/noise-like,0.00/noise-like,0,19.672,hump-note
98,1,3,1.51,1,2.35,140816,Y4,,,0,19.564,clean
98,2,3,1.50,1,2.22,165403,Y4,,,0,19.551,clean
98,3,3,1.33,1332,2.32,1410395,Y4,,,0,19.672,clean
98,4,3,1.65,1,2.24,88423,Y2,,,0,19.800,clean
98,5,3,1.46,1,2.36,629604,Y2,,,0,19.539,clean
98,6,3,1.48,1478,2.61,200272,Y4,,,0,19.325,clean
98,7,3,1.40,114,2.57,1201361,Y4,,,0,19.095,clean
98,8,3,1.36,568,2.47,892282,Y2,,,0,18.816,clean
98,9,3,1.46,1,2.44,590086,Y4,,,0,18.411,clean
98,10,3,1.51,1,2.36,1386702,Y4,,,0,18.075,clean
98,11,3,1.39,1,2.34,1419067,Y4,,,0,17.675,clean
98,12,3,1.33,1332,2.28,14126,Y4,,,0,17.196,clean
98,13,3,1.41,1,2.52,74118,Y4,,,0,16.774,clean
98,14,3,1.40,1534,2.37,496030,Y2,,,0,16.490,clean
98,15,3,1.52,1,2.57,1154780,Y4,,,0,16.281,clean
98,16,3,1.76,1,2.39,701398,Y2,,,0,16.311,clean
98,17,3,1.44,652,2.44,633538,Y4,,,0,16.515,clean
98,18,3,1.49,810,2.35,603765,Y4,,,0,17.747,clean
98,19,3,1.52,1,2.68,1380622,Y4,,,0,16.436,clean
98,20,3,1.63,1,2.59,1376152,Y4,,,0,16.103,clean
98,21,3,1.57,1,2.49,1010388,Y2,,,0,15.974,clean
98,22,3,1.47,1,2.56,512928,Y4,,,0,15.974,clean
98,23,3,1.56,1,2.52,603408,Y2,,,0,15.915,clean
98,24,3,1.57,1,2.45,901848,Y2,,,0,15.810,clean
98,25,3,1.68,1,2.47,865191,Y4,,,0,15.466,clean
98,26,3,1.56,1,2.61,1374632,Y2,,,0,15.005,clean
98,27,3,1.69,619,2.76,381768,Y4,,,0,14.951,clean
98,28,3,1.50,1,2.67,564337,Y4,,,0,14.625,clean
98,29,3,1.39,488,2.25,116318,Y4,,,0,14.405,clean
98,30,3,1.51,1,2.43,29236,Y4,,,0,14.160,clean
98,31,3,1.82,1,2.54,1006633,Y4,,,0,13.860,clean
98,32,3,1.47,173,2.55,1374811,Y4,,,0,13.620,clean
98,33,3,1.76,1,2.54,1294076,Y2,,,0,13.539,clean
98,34,3,1.90,1,2.31,728130,Y4,,,0,13.527,clean
98,35,3,1.59,1,2.46,661075,Y2,,,0,13.604,clean
98,36,3,1.95,1,2.54,905961,Y4,,,0,13.685,clean
98,37,3,1.71,1,2.35,7957,Y2,,,0,13.666,clean
98,38,3,1.81,1,2.55,966579,Y4,,,0,13.517,clean
98,39,3,1.90,1,2.41,262320,Y2,,,0,13.473,clean
98,40,3,1.85,1,2.31,540018,Y2,,,0,13.422,clean
98,41,3,1.55,1,2.44,1147091,Y2,,,0,13.401,clean
98,42,3,1.70,1,2.39,1441956,Y2,,,0,13.403,clean
98,43,3,1.84,1,2.66,1076639,Y2,,,0,13.309,clean
98,44,3,1.74,1,2.34,326782,Y4,,,0,13.124,clean
98,45,3,2.01,1,2.41,382662,Y4,,,0,12.939,clean
98,46,3,1.90,1,2.30,1396805,Y2,,,0,12.768,clean
98,47,3,1.59,1,2.33,1270026,Y4,,,0,12.516,clean
98,48,3,3.29,1,2.40,412613,Y4,0.24/noise-like,0.00/noise-like,0,12.176,hump-note
98,49,3,1.83,1,2.55,1016200,Y4,,,0,11.774,clean
98,50,3,2.10,1,2.38,314265,Y4,,,0,11.431,clean
98,51,3,1.90,1,2.46,11712,Y4,,,0,11.138,clean
98,52,3,2.01,1,2.31,862777,Y2,,,0,10.896,clean
98,53,3,2.04,1,2.58,1457602,Y2,,,0,10.672,clean
98,54,3,2.48,1,2.48,93877,Y2,,,0,10.321,clean
98,55,3,2.46,1,2.41,75281,Y4,,,0,9.826,clean
98,56,3,2.58,1,2.41,772923,Y4,0.00/noise-like,0.00/noise-like,0,9.204,hump-note
98,57,3,3.09,1,2.70,931710,Y4,0.24/noise-like,0.24/noise-like,0,8.531,hump-note
98,58,3,3.26,1,2.60,577390,Y4,0.24/noise-like,0.00/noise-like,0,7.946,hump-note
98,59,3,0,-1,0,0,-,,,0,7.258,QUARANTINE:dark-lane range=61 distinct=60
98,60,3,0,-1,0,0,-,,,0,6.433,QUARANTINE:dark-lane range=55 distinct=56
98,61,3,0,-1,0,0,-,,,0,5.587,QUARANTINE:dark-lane range=51 distinct=50
98,62,3,0,-1,0,0,-,,,0,4.698,QUARANTINE:dark-lane range=39 distinct=40
98,63,3,0,-1,0,0,-,,,0,3.934,QUARANTINE:dark-lane range=33 distinct=34
99,0,3,2.86,1,2.32,1415223,Y2,0.24/noise-like,0.00/noise-like,0,19.647,hump-note
99,1,3,1.39,138,2.39,143051,Y2,,,0,19.558,clean
99,2,3,1.42,373,2.45,1316696,Y4,,,0,19.550,clean
99,3,3,1.39,1407,2.32,478506,Y2,,,0,19.692,clean
99,4,3,1.44,1,2.44,71079,Y4,,,0,19.762,clean
99,5,3,1.42,1,2.35,1455367,Y2,,,0,19.537,clean
99,6,3,1.40,211,2.27,956118,Y4,,,0,19.318,clean
99,7,3,1.54,1,2.32,49174,Y2,,,0,19.106,clean
99,8,3,1.35,858,2.44,533670,Y4,,,0,18.815,clean
99,9,3,1.41,1,2.42,27269,Y2,,,0,18.451,clean
99,10,3,1.54,1,2.69,293165,Y2,,,0,18.107,clean
99,11,3,1.50,1,2.36,228256,Y2,,,0,17.709,clean
99,12,3,1.68,1,2.56,230312,Y2,,,0,17.229,clean
99,13,3,1.46,1,2.61,345200,Y2,,,0,16.782,clean
99,14,3,1.58,1,2.27,1014769,Y4,,,0,16.453,clean
99,15,3,1.38,1,2.65,395894,Y4,,,0,16.305,clean
99,16,3,1.45,1,2.57,1310438,Y4,,,0,16.306,clean
99,17,3,1.59,1,2.45,1177847,Y4,,,0,16.497,clean
99,18,3,1.56,838,2.28,108540,Y2,,,0,17.741,clean
99,19,3,1.47,1,2.77,1457065,Y2,,,0,16.400,clean
99,20,3,1.54,1,2.66,510693,Y4,,,0,16.099,clean
99,21,3,1.71,1,2.37,1291394,Y2,,,0,15.979,clean
99,22,3,1.46,1,2.77,981957,Y4,,,0,15.947,clean
99,23,3,1.40,1,2.72,1045972,Y4,,,0,15.892,clean
99,24,3,1.73,1,2.36,271797,Y2,,,0,15.858,clean
99,25,3,1.51,1,2.60,641406,Y4,,,0,15.425,clean
99,26,3,1.49,1,2.37,1240253,Y4,,,0,15.003,clean
99,27,3,1.75,1,2.37,1064032,Y2,,,0,14.978,clean
99,28,3,1.48,1,2.31,73493,Y2,,,0,14.593,clean
99,29,3,1.61,1,2.44,78142,Y2,,,0,14.423,clean
99,30,3,1.75,1,2.41,1236767,Y4,,,0,14.150,clean
99,31,3,1.89,1,2.56,392586,Y2,,,0,13.909,clean
99,32,3,1.40,373,2.62,1048565,Y2,,,0,13.648,clean
99,33,3,1.83,1,2.46,822902,Y2,,,0,13.549,clean
99,34,3,1.80,1,2.38,57042,Y2,,,0,13.522,clean
99,35,3,1.66,1,2.34,684321,Y4,,,0,13.577,clean
99,36,3,1.80,1,2.49,1292735,Y4,,,0,13.695,clean
99,37,3,1.63,1,2.48,607163,Y4,,,0,13.657,clean
99,38,3,1.80,1,2.39,900060,Y2,,,0,13.527,clean
99,39,3,1.63,1,2.32,557005,Y2,,,0,13.473,clean
99,40,3,1.84,1,2.41,1149863,Y2,,,0,13.431,clean
99,41,3,1.49,1,2.58,627548,Y4,,,0,13.400,clean
99,42,3,1.84,1,2.39,813603,Y4,,,0,13.400,clean
99,43,3,1.82,1,2.37,1179188,Y2,,,0,13.315,clean
99,44,3,1.67,1,2.37,206977,Y2,,,0,13.108,clean
99,45,3,1.82,1,2.33,126064,Y4,,,0,12.949,clean
99,46,3,2.15,1,2.46,157803,Y2,,,0,12.783,clean
99,47,3,1.86,1,2.56,777483,Y4,,,0,12.550,clean
99,48,3,3.05,1,2.59,1295507,Y2,0.00/noise-like,0.00/noise-like,0,12.185,hump-note
99,49,3,2.01,1,2.59,324279,Y4,,,0,11.754,clean
99,50,3,1.85,1,2.72,739306,Y2,,,0,11.442,clean
99,51,3,2.08,1,2.43,949770,Y4,,,0,11.127,clean
99,52,3,2.33,1,2.66,162631,Y2,,,0,10.886,clean
99,53,3,2.03,1,2.46,1374006,Y2,,,0,10.684,clean
99,54,3,2.06,1,2.30,940740,Y2,,,0,10.327,clean
99,55,3,2.37,1,2.57,485212,Y4,,,0,9.841,clean
99,56,3,2.74,1,2.82,94235,Y4,0.00/noise-like,0.24/noise-like,0,9.219,hump-note
99,57,3,2.64,1,2.38,704706,Y2,0.24/noise-like,0.24/noise-like,0,8.522,hump-note
99,58,3,3.50,1,2.45,82165,Y4,0.24/noise-like,0.24/noise-like,0,7.938,hump-note
99,59,3,3.42,1,2.41,217617,Y2,0.00/noise-like,0.24/noise-like,0,7.271,hump-note
99,60,3,0,-1,0,0,-,,,0,6.428,QUARANTINE:dark-lane range=52 distinct=52
99,61,3,0,-1,0,0,-,,,0,5.585,QUARANTINE:dark-lane range=51 distinct=48
99,62,3,0,-1,0,0,-,,,0,4.696,QUARANTINE:dark-lane range=40 distinct=39
99,63,3,0,-1,0,0,-,,,0,3.929,QUARANTINE:dark-lane range=35 distinct=36
100,0,3,3.48,1,2.42,788569,Y4,0.00/noise-like,0.00/noise-like,0,19.651,hump-note
100,1,3,1.40,333,2.36,92000,Y4,,,0,19.581,clean
100,2,3,1.37,289,2.39,322491,Y4,,,0,19.578,clean
100,3,3,1.53,1,2.50,655800,Y4,,,0,19.685,clean
100,4,3,1.32,373,2.33,111669,Y2,,,0,19.795,clean
100,5,3,1.51,1,2.32,919729,Y2,,,0,19.522,clean
100,6,3,1.44,1478,2.30,1392782,Y4,,,0,19.303,clean
100,7,3,1.48,658,2.40,151098,Y2,,,0,19.099,clean
100,8,3,1.69,1,2.57,1046866,Y4,,,0,18.836,clean
100,9,3,1.45,1,2.35,916153,Y2,,,0,18.445,clean
100,10,3,1.55,1,2.24,165224,Y4,,,0,18.107,clean
100,11,3,1.55,1,2.49,1453131,Y2,,,0,17.676,clean
100,12,3,1.65,1,2.25,918835,Y2,,,0,17.209,clean
100,13,3,1.50,1,2.30,697732,Y2,,,0,16.775,clean
100,14,3,1.63,1,2.29,203758,Y2,,,0,16.441,clean
100,15,3,1.46,1,2.44,298530,Y4,,,0,16.287,clean
100,16,3,1.57,1,2.78,1256347,Y2,,,0,16.321,clean
100,17,3,1.51,603,2.47,1437575,Y2,,,0,16.471,clean
100,18,3,1.62,658,2.44,853568,Y2,,,0,17.740,clean
100,19,3,1.57,1,2.44,1207799,Y2,,,0,16.419,clean
100,20,3,1.52,1,2.28,564516,Y4,,,0,16.120,clean
100,21,3,1.39,1,2.44,586331,Y2,,,0,15.965,clean
100,22,3,1.47,1,2.38,1087546,Y2,,,0,15.947,clean
100,23,3,1.61,1,2.53,1027286,Y2,,,0,15.919,clean
100,24,3,1.76,1,2.61,1346827,Y4,,,0,15.813,clean
100,25,3,1.67,1,2.24,1140475,Y2,,,0,15.421,clean
100,26,3,1.74,1,2.36,963449,Y4,,,0,15.015,clean
100,27,3,1.75,620,2.62,248104,Y4,,,0,14.989,clean
100,28,3,1.58,1,2.29,32097,Y2,,,0,14.596,clean
100,29,3,1.71,1,2.32,426650,Y4,,,0,14.414,clean
100,30,3,1.63,1,2.36,53555,Y2,,,0,14.161,clean
100,31,3,1.95,1,2.56,37640,Y2,,,0,13.881,clean
100,32,3,1.38,815,2.42,121683,Y2,,,0,13.665,clean
100,33,3,1.99,1,2.26,189185,Y4,,,0,13.536,clean
100,34,3,1.81,1,2.30,52661,Y2,,,0,13.522,clean
100,35,3,1.48,1,2.30,87440,Y2,,,0,13.586,clean
100,36,3,1.65,1,2.34,111043,Y2,,,0,13.683,clean
100,37,3,1.79,1,2.33,310510,Y4,,,0,13.657,clean
100,38,3,2.11,1,2.21,1346201,Y4,,,0,13.527,clean
100,39,3,1.72,1,2.49,449717,Y2,,,0,13.443,clean
100,40,3,1.88,1,2.43,58740,Y2,,,0,13.416,clean
100,41,3,1.55,1,2.18,761926,Y2,,,0,13.405,clean
100,42,3,1.65,1,2.54,170946,Y2,,,0,13.408,clean
100,43,3,1.76,1,2.48,748515,Y2,,,0,13.329,clean
100,44,3,1.86,1,2.29,33081,Y4,,,0,13.111,clean
100,45,3,1.84,1,2.34,1327604,Y4,,,0,12.942,clean
100,46,3,1.68,1,2.52,490755,Y2,,,0,12.788,clean
100,47,3,1.56,1,2.38,1023263,Y4,,,0,12.551,clean
100,48,3,3.35,1,2.34,277698,Y4,0.00/noise-like,0.00/noise-like,0,12.178,hump-note
100,49,3,1.85,1,2.53,177026,Y2,,,0,11.785,clean
100,50,3,2.03,1,2.42,952005,Y4,,,0,11.436,clean
100,51,3,2.07,1,2.26,1436859,Y2,,,0,11.132,clean
100,52,3,2.12,1,2.57,871629,Y2,,,0,10.882,clean
100,53,3,2.41,1,2.26,1365781,Y2,,,0,10.677,clean
100,54,3,2.26,1,2.38,81271,Y4,,,0,10.329,clean
100,55,3,2.23,1,2.39,1289517,Y2,,,0,9.842,clean
100,56,3,2.54,1,2.60,1145840,Y4,0.00/noise-like,0.00/noise-like,0,9.201,hump-note
100,57,3,2.90,1,2.32,731260,Y4,0.00/noise-like,0.00/noise-like,0,8.521,hump-note
100,58,3,3.15,1,2.40,354409,Y2,0.24/noise-like,0.00/noise-like,0,7.932,hump-note
100,59,3,3.47,1,2.36,15378,Y2,0.24/noise-like,0.00/noise-like,0,7.267,hump-note
100,60,3,0,-1,0,0,-,,,0,6.441,QUARANTINE:dark-lane range=60 distinct=56
100,61,3,0,-1,0,0,-,,,0,5.594,QUARANTINE:dark-lane range=50 distinct=50
100,62,3,0,-1,0,0,-,,,0,4.699,QUARANTINE:dark-lane range=41 distinct=41
100,63,3,0,-1,0,0,-,,,0,3.938,QUARANTINE:dark-lane range=35 distinct=35
101,0,3,2.97,1,2.38,1020134,Y4,0.00/noise-like,0.00/noise-like,0,19.659,hump-note
101,1,3,1.39,198,2.48,839978,Y2,,,0,19.594,clean
101,2,3,1.48,1,2.33,282347,Y2,,,0,19.610,clean
101,3,3,1.40,1030,2.34,790805,Y4,,,0,19.665,clean
101,4,3,1.36,1015,2.24,899255,Y4,,,0,19.797,clean
101,5,3,1.95,1,2.45,910789,Y2,,,0,19.528,clean
101,6,3,1.64,1478,2.48,75281,Y2,,,0,19.300,clean
101,7,3,1.36,1330,2.56,1282901,Y2,,,0,19.071,clean
101,8,3,1.55,908,2.47,1461893,Y2,,,0,18.830,clean
101,9,3,1.37,1,2.51,14395,Y4,,,0,18.434,clean
101,10,3,1.55,1,2.31,698358,Y2,,,0,18.079,clean
101,11,3,1.41,1,2.39,252306,Y4,,,0,17.702,clean
101,12,3,1.36,1,2.40,249356,Y2,,,0,17.252,clean
101,13,3,1.44,1,2.38,674844,Y4,,,0,16.758,clean
101,14,3,1.36,1379,2.42,379533,Y4,,,0,16.452,clean
101,15,3,1.70,1,2.41,946283,Y2,,,0,16.269,clean
101,16,3,1.36,1090,2.49,921518,Y2,,,0,16.336,clean
101,17,3,1.73,1,2.44,1118928,Y4,,,0,16.483,clean
101,18,3,1.58,609,2.43,166833,Y2,,,0,17.770,clean
101,19,3,1.31,1,2.42,887632,Y2,,,0,16.417,clean
101,20,3,1.34,133,2.34,461161,Y4,,,0,16.116,clean
101,21,3,1.62,1,2.34,693977,Y4,,,0,15.941,clean
101,22,3,1.51,1,2.44,1067787,Y4,,,0,15.990,clean
101,23,3,1.55,1,2.31,770241,Y4,,,0,15.940,clean
101,24,3,1.63,1,2.31,721157,Y2,,,0,15.814,clean
101,25,3,1.75,1,2.33,71347,Y2,,,0,15.434,clean
101,26,3,1.54,1,2.38,714183,Y4,,,0,15.007,clean
101,27,3,1.64,626,2.26,308633,Y2,,,0,14.948,clean
101,28,3,1.46,1,2.48,189632,Y2,,,0,14.595,clean
101,29,3,1.61,1,2.33,1335293,Y2,,,0,14.406,clean
101,30,3,1.70,1,2.53,169605,Y4,,,0,14.138,clean
101,31,3,1.78,1,2.71,723213,Y2,,,0,13.895,clean
101,32,3,1.35,1012,2.85,258744,Y4,,,0,13.664,clean
101,33,3,1.73,1,2.47,741363,Y4,,,0,13.548,clean
101,34,3,1.75,1,2.34,914812,Y2,,,0,13.519,clean
101,35,3,1.84,1,2.31,1245350,Y4,,,0,13.592,clean
101,36,3,1.97,1,2.31,1337618,Y2,,,0,13.685,clean
101,37,3,1.75,1,2.48,161648,Y4,,,0,13.632,clean
101,38,3,1.70,1,2.33,771850,Y4,,,0,13.529,clean
101,39,3,1.62,1,2.47,1045793,Y2,,,0,13.456,clean
101,40,3,1.50,1,2.36,392139,Y2,,,0,13.429,clean
101,41,3,1.71,1,2.43,299692,Y4,,,0,13.406,clean
101,42,3,1.93,1,2.80,1251251,Y4,,,0,13.384,clean
101,43,3,1.68,1,2.27,584632,Y2,,,0,13.314,clean
101,44,3,1.72,1,2.60,1101941,Y4,,,0,13.117,clean
101,45,3,1.64,1,2.48,746548,Y4,,,0,12.959,clean
101,46,3,1.77,1,2.37,1082182,Y4,,,0,12.768,clean
101,47,3,1.81,1,2.45,852764,Y2,,,0,12.545,clean
101,48,3,3.09,1,2.28,493437,Y2,0.00/noise-like,0.00/noise-like,0,12.190,hump-note
101,49,3,1.91,1,2.46,1463860,Y2,,,0,11.775,clean
101,50,3,2.21,1,2.40,315070,Y2,,,0,11.442,clean
101,51,3,2.18,1,2.48,1380891,Y2,,,0,11.117,clean
101,52,3,1.98,1,2.49,222623,Y2,,,0,10.880,clean
101,53,3,1.93,1,2.37,1061708,Y4,,,0,10.664,clean
101,54,3,2.08,1,2.59,598311,Y4,,,0,10.316,clean
101,55,3,2.49,1,2.71,1035780,Y2,,,0,9.838,clean
101,56,3,2.79,1,2.42,1130104,Y4,0.24/noise-like,0.00/noise-like,0,9.230,hump-note
101,57,3,2.80,1,2.45,879318,Y2,0.00/noise-like,0.24/noise-like,0,8.525,hump-note
101,58,3,3.26,1,2.33,408679,Y4,0.00/noise-like,0.00/noise-like,0,7.926,hump-note
101,59,3,0,-1,0,0,-,,,0,7.266,QUARANTINE:dark-lane range=63 distinct=60
101,60,3,0,-1,0,0,-,,,0,6.436,QUARANTINE:dark-lane range=55 distinct=56
101,61,3,0,-1,0,0,-,,,0,5.574,QUARANTINE:dark-lane range=46 distinct=47
101,62,3,0,-1,0,0,-,,,0,4.690,QUARANTINE:dark-lane range=39 distinct=40
101,63,3,0,-1,0,0,-,,,0,3.932,QUARANTINE:dark-lane range=35 distinct=36
102,0,3,2.21,1,2.35,308901,Y4,,,0,19.643,clean
102,1,3,1.45,1,2.27,1271993,Y2,,,0,19.583,clean
102,2,3,1.38,233,2.38,96649,Y4,,,0,19.577,clean
102,3,3,1.46,1,2.44,1009673,Y4,,,0,19.676,clean
102,4,3,1.34,1,2.47,1296312,Y4,,,0,19.816,clean
102,5,3,1.32,571,2.75,1013339,Y4,,,0,19.550,clean
102,6,3,1.38,1478,2.57,75191,Y2,,,0,19.298,clean
102,7,3,1.38,694,2.58,711679,Y4,,,0,19.074,clean
102,8,3,1.41,48,2.41,216454,Y2,,,0,18.801,clean
102,9,3,1.43,1,2.43,1338869,Y4,,,0,18.447,clean
102,10,3,1.46,1,2.42,189722,Y2,,,0,18.127,clean
102,11,3,1.43,1,2.26,1169980,Y4,,,0,17.705,clean
102,12,3,1.47,1,2.52,1353443,Y2,,,0,17.195,clean
102,13,3,1.64,1,2.40,656694,Y4,,,0,16.731,clean
102,14,3,1.55,1,2.68,1031131,Y4,,,0,16.463,clean
102,15,3,1.50,1,2.30,1218796,Y2,,,0,16.276,clean
102,16,3,1.74,1,2.39,192851,Y2,,,0,16.319,clean
102,17,3,1.74,1,2.37,963271,Y4,,,0,16.450,clean
102,18,3,1.57,819,2.31,1109004,Y4,,,0,17.748,clean
102,19,3,1.80,1,2.47,1363367,Y2,,,0,16.402,clean
102,20,3,1.64,1,2.54,1255542,Y4,,,0,16.108,clean
102,21,3,1.62,1,2.36,775605,Y2,,,0,15.959,clean
102,22,3,1.87,1,2.40,89318,Y2,,,0,15.967,clean
102,23,3,1.48,1,2.50,319093,Y2,,,0,15.949,clean
102,24,3,1.57,1,2.33,919819,Y4,,,0,15.824,clean
102,25,3,1.44,1,2.51,394374,Y2,,,0,15.413,clean
102,26,3,1.79,1,2.56,807792,Y2,,,0,14.998,clean
102,27,3,1.65,1,2.81,1111954,Y4,,,0,14.979,clean
102,28,3,1.68,1,2.55,457942,Y2,,,0,14.594,clean
102,29,3,1.46,1,2.50,583559,Y4,,,0,14.407,clean
102,30,3,1.45,1,2.52,1439452,Y2,,,0,14.124,clean
102,31,3,1.58,1,2.43,1358360,Y2,,,0,13.900,clean
102,32,3,1.38,1304,2.27,816017,Y2,,,0,13.636,clean
102,33,3,1.56,1,2.39,527412,Y4,,,0,13.559,clean
102,34,3,1.95,1,2.40,973552,Y2,,,0,13.500,clean
102,35,3,1.70,1,2.42,234425,Y2,,,0,13.574,clean
102,36,3,1.91,1,2.35,781059,Y2,,,0,13.698,clean
102,37,3,1.82,1,2.57,579715,Y4,,,0,13.663,clean
102,38,3,1.88,1,2.59,89496,Y4,,,0,13.503,clean
102,39,3,1.66,1,2.52,834614,Y2,,,0,13.465,clean
102,40,3,1.74,1,2.33,354230,Y4,,,0,13.414,clean
102,41,3,1.80,1,2.37,1004219,Y4,,,0,13.405,clean
102,42,3,1.47,1,2.38,92894,Y2,,,0,13.417,clean
102,43,3,1.96,1,2.62,285655,Y2,,,0,13.315,clean
102,44,3,1.74,1,2.28,689507,Y4,,,0,13.125,clean
102,45,3,1.76,1,2.50,972211,Y4,,,0,12.948,clean
102,46,3,1.75,1,2.71,943959,Y4,,,0,12.779,clean
102,47,3,1.78,1,2.59,963539,Y2,,,0,12.523,clean
102,48,3,3.46,1,2.33,549674,Y2,0.42/WATCH,0.00/noise-like,0,12.177,hump-note
102,49,3,1.99,1,2.51,1357555,Y4,,,0,11.754,clean
102,50,3,1.93,1,2.23,884235,Y4,,,0,11.432,clean
102,51,3,2.27,1,2.45,239342,Y2,,,0,11.136,clean
102,52,3,2.09,1,2.39,658125,Y4,,,0,10.884,clean
102,53,3,2.63,1,2.43,262856,Y2,0.00/noise-like,0.24/noise-like,0,10.670,hump-note
102,54,3,2.07,1,2.37,425756,Y4,,,0,10.315,clean
102,55,3,2.46,1,2.34,1241237,Y4,,,0,9.864,clean
102,56,3,2.67,1,5.42,2861,Y4,0.24/noise-like,0.00/noise-like,0,9.263,FAM-HIT
102,57,3,3.16,1,2.32,821561,Y4,0.00/noise-like,0.00/noise-like,0,8.527,hump-note
102,58,3,3.06,1,2.62,1044631,Y4,0.24/noise-like,0.24/noise-like,0,7.929,hump-note
102,59,3,0,-1,0,0,-,,,0,7.292,QUARANTINE:dark-lane range=63 distinct=63
102,60,3,0,-1,0,0,-,,,0,6.429,QUARANTINE:dark-lane range=58 distinct=56
102,61,3,0,-1,0,0,-,,,0,5.579,QUARANTINE:dark-lane range=52 distinct=50
102,62,3,0,-1,0,0,-,,,0,4.686,QUARANTINE:dark-lane range=39 distinct=40
102,63,3,0,-1,0,0,-,,,0,3.934,QUARANTINE:dark-lane range=36 distinct=36
103,0,3,2.66,1,2.43,467151,Y4,0.24/noise-like,0.00/noise-like,0,19.629,hump-note
103,1,3,1.32,1317,2.43,1352459,Y4,,,0,19.576,clean
103,2,3,1.43,259,2.42,219405,Y4,,,0,19.567,clean
103,3,3,1.32,1277,2.42,519276,Y2,,,0,19.645,clean
103,4,3,1.35,668,2.57,1425684,Y4,,,0,19.810,clean
103,5,3,1.42,1,2.42,940740,Y2,,,0,19.620,clean
103,6,3,1.49,1478,2.27,784904,Y2,,,0,19.333,clean
103,7,3,1.51,1,2.54,1115620,Y4,,,0,19.126,clean
103,8,3,1.33,935,2.46,794381,Y4,,,0,18.796,clean
103,9,3,1.45,1,2.29,236303,Y2,,,0,18.462,clean
103,10,3,1.40,1478,2.41,1459926,Y4,,,0,18.064,clean
103,11,3,1.34,1120,2.37,872880,Y4,,,0,17.737,clean
103,12,3,1.38,1,2.65,797510,Y2,,,0,17.225,clean
103,13,3,1.57,1,2.50,1350045,Y4,,,0,16.769,clean
103,14,3,1.47,1,2.62,87172,Y2,,,0,16.468,clean
103,15,3,1.55,1,2.46,802696,Y4,,,0,16.269,clean
103,16,3,1.52,1,2.34,1431763,Y4,,,0,16.312,clean
103,17,3,1.52,1,2.36,56416,Y2,,,0,16.489,clean
103,18,3,1.79,1,2.41,765145,Y2,,,0,17.748,clean
103,19,3,1.53,1,2.44,27448,Y2,,,0,16.420,clean
103,20,3,1.74,1,2.38,1007169,Y4,,,0,16.122,clean
103,21,3,1.50,1,2.25,855356,Y2,,,0,15.957,clean
103,22,3,1.61,1,2.47,511587,Y4,,,0,15.941,clean
103,23,3,1.34,1,2.36,361562,Y2,,,0,15.942,clean
103,24,3,1.40,1,2.59,956476,Y4,,,0,15.795,clean
103,25,3,1.52,1,2.33,1288623,Y4,,,0,15.408,clean
103,26,3,1.62,1,2.55,148684,Y2,,,0,15.006,clean
103,27,3,1.57,1,2.45,733048,Y2,,,0,14.974,clean
103,28,3,1.57,1,2.60,908017,Y4,,,0,14.619,clean
103,29,3,1.91,1,2.34,787854,Y4,,,0,14.418,clean
103,30,3,1.82,1,2.31,878513,Y2,,,0,14.143,clean
103,31,3,1.70,1,2.37,852138,Y4,,,0,13.909,clean
103,32,3,1.46,251,2.38,953883,Y4,,,0,13.658,clean
103,33,3,1.69,1,2.49,312030,Y2,,,0,13.555,clean
103,34,3,1.92,1,2.33,644624,Y4,,,0,13.529,clean
103,35,3,2.03,1,2.33,1294255,Y2,,,0,13.586,clean
103,36,3,2.17,1,2.63,821829,Y2,,,0,13.697,clean
103,37,3,1.73,1,2.50,118017,Y2,,,0,13.613,clean
103,38,3,1.36,412,2.42,629067,Y2,,,0,13.543,clean
103,39,3,1.74,1,2.33,886291,Y4,,,0,13.463,clean
103,40,3,1.85,1,2.27,1130104,Y2,,,0,13.425,clean
103,41,3,1.78,1,2.59,1302749,Y2,,,0,13.397,clean
103,42,3,1.81,1,2.50,548691,Y4,,,0,13.434,clean
103,43,3,1.88,1,2.39,755042,Y4,,,0,13.297,clean
103,44,3,1.79,1,2.63,1231581,Y2,,,0,13.124,clean
103,45,3,1.74,1,2.28,1018345,Y4,,,0,12.962,clean
103,46,3,2.11,1,2.38,325620,Y4,,,0,12.774,clean
103,47,3,2.29,1,2.64,135362,Y2,,,0,12.550,clean
103,48,3,3.19,1,2.29,123292,Y2,0.00/noise-like,0.00/noise-like,0,12.159,hump-note
103,49,3,1.91,1,2.39,893712,Y4,,,0,11.788,clean
103,50,3,1.99,1,2.38,582397,Y2,,,0,11.456,clean
103,51,3,2.20,1,2.41,1247048,Y2,,,0,11.128,clean
103,52,3,2.05,1,2.41,1076013,Y4,,,0,10.890,clean
103,53,3,2.08,1,2.64,869930,Y4,,,0,10.669,clean
103,54,3,2.49,1,2.42,625044,Y4,,,0,10.328,clean
103,55,3,2.25,1,2.33,370055,Y4,,,0,9.808,clean
103,56,3,2.50,1,2.37,982583,Y4,0.00/noise-like,0.00/noise-like,0,9.218,hump-note
103,57,3,3.12,1,2.58,13858,Y2,0.24/noise-like,0.00/noise-like,0,8.537,hump-note
103,58,3,3.56,1,2.50,1079410,Y2,0.24/noise-like,0.24/noise-like,0,7.941,hump-note
103,59,3,0,-1,0,0,-,,,0,7.271,QUARANTINE:dark-lane range=65 distinct=63
103,60,3,0,-1,0,0,-,,,0,6.437,QUARANTINE:dark-lane range=56 distinct=56
103,61,3,0,-1,0,0,-,,,0,5.577,QUARANTINE:dark-lane range=52 distinct=52
103,62,3,0,-1,0,0,-,,,0,4.695,QUARANTINE:dark-lane range=44 distinct=42
103,63,3,0,-1,0,0,-,,,0,3.936,QUARANTINE:dark-lane range=33 distinct=34
104,0,3,2.54,1,2.29,7868,Y2,0.00/noise-like,0.00/noise-like,0,19.638,hump-note
104,1,3,1.32,325,2.35,189900,Y4,,,0,19.596,clean
104,2,3,1.33,1060,2.42,1269221,Y2,,,0,19.555,clean
104,3,3,1.48,1,2.24,684768,Y4,,,0,19.687,clean
104,4,3,1.53,55,2.32,1059115,Y4,,,0,19.824,clean
104,5,3,1.35,422,2.43,282168,Y2,,,0,19.592,clean
104,6,3,1.51,1478,2.68,425667,Y2,,,0,19.303,clean
104,7,3,1.38,1472,2.30,990182,Y2,,,0,19.111,clean
104,8,3,1.46,1,2.36,1036227,Y4,,,0,18.840,clean
104,9,3,1.45,1277,2.43,952721,Y4,,,0,18.444,clean
104,10,3,1.52,1,2.37,1426488,Y4,,,0,18.122,clean
104,11,3,1.55,1,2.32,1225501,Y4,,,0,17.701,clean
104,12,3,1.37,1,2.49,385165,Y2,,,0,17.208,clean
104,13,3,1.55,1,2.31,58025,Y4,,,0,16.783,clean
104,14,3,1.34,695,2.22,494868,Y2,,,0,16.456,clean
104,15,3,1.47,1,2.47,1126885,Y4,,,0,16.286,clean
104,16,3,1.45,165,2.75,100493,Y4,,,0,16.320,clean
104,17,3,1.60,1,2.39,508100,Y2,,,0,16.479,clean
104,18,3,1.50,810,2.41,767827,Y4,,,0,17.738,clean
104,19,3,1.47,1,2.39,44793,Y4,,,0,16.442,clean
104,20,3,1.60,1,2.38,826746,Y2,,,0,16.101,clean
104,21,3,1.51,1,2.35,526965,Y2,,,0,15.972,clean
104,22,3,1.38,1,2.54,1029879,Y4,,,0,15.952,clean
104,23,3,1.48,1,2.39,647843,Y4,,,0,15.918,clean
104,24,3,1.55,1,2.37,364155,Y4,,,0,15.832,clean
104,25,3,1.71,1,2.34,1140654,Y4,,,0,15.419,clean
104,26,3,1.38,1,2.30,450432,Y2,,,0,14.998,clean
104,27,3,1.64,1,2.78,234067,Y2,,,0,14.984,clean
104,28,3,1.72,1,2.44,1078069,Y4,,,0,14.592,clean
104,29,3,1.50,1,2.85,345916,Y2,,,0,14.396,clean
104,30,3,1.73,1,2.32,49442,Y4,,,0,14.156,clean
104,31,3,1.82,1,2.41,1082450,Y4,,,0,13.914,clean
104,32,3,1.39,808,2.54,1196802,Y4,,,0,13.652,clean
104,33,3,1.75,1,2.55,437558,Y2,,,0,13.525,clean
104,34,3,1.86,1,2.54,968724,Y4,,,0,13.514,clean
104,35,3,1.62,1,2.45,1210660,Y4,,,0,13.628,clean
104,36,3,1.88,1,2.33,113100,Y2,,,0,13.679,clean
104,37,3,1.86,1,2.50,1077443,Y4,,,0,13.653,clean
104,38,3,1.65,1,2.53,270009,Y2,,,0,13.527,clean
104,39,3,1.70,1,2.65,1252,Y4,,,0,13.466,clean
104,40,3,1.91,1,2.32,805557,Y2,,,0,13.434,clean
104,41,3,1.44,1,2.40,176400,Y4,,,0,13.432,clean
104,42,3,1.82,1,2.33,953346,Y4,,,0,13.405,clean
104,43,3,1.71,1,2.40,832468,Y2,,,0,13.326,clean
104,44,3,1.90,1,2.61,232905,Y2,,,0,13.117,clean
104,45,3,1.91,1,2.30,1297653,Y4,,,0,12.928,clean
104,46,3,1.73,1,2.86,476897,Y2,,,0,12.781,clean
104,47,3,1.57,1,2.28,1099527,Y4,,,0,12.515,clean
104,48,3,3.70,1,2.35,638992,Y2,0.00/noise-like,0.00/noise-like,0,12.169,hump-note
104,49,3,1.83,1,2.58,649810,Y4,,,0,11.769,clean
104,50,3,1.88,1,2.66,657141,Y2,,,0,11.449,clean
104,51,3,1.98,1,2.40,1008332,Y2,,,0,11.147,clean
104,52,3,1.96,1,2.36,753433,Y4,,,0,10.899,clean
104,53,3,2.20,1,2.25,216812,Y2,,,0,10.650,clean
104,54,3,2.50,1,2.44,319809,Y2,0.00/noise-like,0.24/noise-like,0,10.318,hump-note
104,55,3,2.84,1,2.42,663847,Y4,0.24/noise-like,0.00/noise-like,0,9.832,hump-note
104,56,3,2.53,1,2.48,128657,Y2,0.00/noise-like,0.00/noise-like,0,9.226,hump-note
104,57,3,3.34,1,2.55,534564,Y2,0.24/noise-like,0.00/noise-like,0,8.529,hump-note
104,58,3,2.88,1,2.55,13053,Y4,0.24/noise-like,0.00/noise-like,0,7.943,hump-note
104,59,3,3.56,1,2.51,1274854,Y2,0.00/noise-like,0.24/noise-like,0,7.267,hump-note
104,60,3,0,-1,0,0,-,,,0,6.443,QUARANTINE:dark-lane range=60 distinct=58
104,61,3,0,-1,0,0,-,,,0,5.583,QUARANTINE:dark-lane range=46 distinct=47
104,62,3,0,-1,0,0,-,,,0,4.695,QUARANTINE:dark-lane range=41 distinct=41
104,63,3,0,-1,0,0,-,,,0,3.937,QUARANTINE:dark-lane range=36 distinct=35
105,0,3,2.05,1,2.46,1175523,Y2,,,0,19.638,clean
105,1,3,1.39,587,2.34,1375616,Y4,,,0,19.609,clean
105,2,3,1.40,1,2.47,267684,Y2,,,0,19.571,clean
105,3,3,1.34,1418,2.33,671625,Y4,,,0,19.684,clean
105,4,3,1.40,36,2.31,29057,Y2,,,0,19.830,clean
105,5,3,1.36,1254,2.34,199288,Y2,,,0,19.544,clean
105,6,3,1.46,1,2.40,649720,Y4,,,0,19.320,clean
105,7,3,1.37,1,2.55,667602,Y4,,,0,19.125,clean
105,8,3,1.39,374,2.36,432909,Y4,,,0,18.812,clean
105,9,3,1.35,871,2.35,1282006,Y4,,,0,18.462,clean
105,10,3,1.39,120,2.35,1208693,Y4,,,0,18.079,clean
105,11,3,1.36,1,2.35,368446,Y4,,,0,17.711,clean
105,12,3,1.49,1,2.37,99421,Y2,,,0,17.231,clean
105,13,3,1.55,1,2.46,932783,Y2,,,0,16.783,clean
105,14,3,1.70,1,2.68,1159161,Y2,,,0,16.472,clean
105,15,3,1.60,1,2.46,175416,Y2,,,0,16.256,clean
105,16,3,1.56,1,2.35,1002252,Y2,,,0,16.304,clean
105,17,3,1.51,1,2.45,884235,Y2,,,0,16.484,clean
105,18,3,1.55,923,2.28,1221031,Y4,,,0,17.745,clean
105,19,3,1.54,1,2.43,1137078,Y2,,,0,16.419,clean
105,20,3,1.56,1,2.65,807434,Y2,,,0,16.112,clean
105,21,3,1.69,1,2.38,1055628,Y4,,,0,15.974,clean
105,22,3,1.53,1,2.39,1435786,Y4,,,0,15.973,clean
105,23,3,1.65,1,2.39,1028985,Y2,,,0,15.919,clean
105,24,3,1.75,1,2.39,1464844,Y4,,,0,15.832,clean
105,25,3,1.83,1,2.36,1419961,Y4,,,0,15.449,clean
105,26,3,1.78,1,2.51,1035869,Y4,,,0,15.019,clean
105,27,3,1.59,627,2.41,59366,Y4,,,0,14.961,clean
105,28,3,1.68,1,2.53,485748,Y2,,,0,14.558,clean
105,29,3,1.47,1,2.42,958443,Y2,,,0,14.412,clean
105,30,3,1.89,1,2.37,327051,Y4,,,0,14.163,clean
105,31,3,1.79,1,2.49,1039714,Y4,,,0,13.888,clean
105,32,3,1.37,309,2.23,1049906,Y2,,,0,13.633,clean
105,33,3,1.82,1,2.37,1379997,Y4,,,0,13.555,clean
105,34,3,1.61,1,2.67,1199305,Y4,,,0,13.522,clean
105,35,3,1.43,1082,2.48,74297,Y4,,,0,13.582,clean
105,36,3,1.80,1,2.37,167996,Y4,,,0,13.703,clean
105,37,3,1.82,1,2.33,25570,Y2,,,0,13.644,clean
105,38,3,1.56,1,2.42,166386,Y2,,,0,13.548,clean
105,39,3,1.62,1,2.26,1148880,Y2,,,0,13.456,clean
105,40,3,1.84,1,2.27,1411557,Y2,,,0,13.423,clean
105,41,3,1.94,1,2.50,1021922,Y4,,,0,13.408,clean
105,42,3,1.52,1,2.39,387669,Y4,,,0,13.401,clean
105,43,3,2.20,1,2.36,1268685,Y2,,,0,13.333,clean
105,44,3,1.97,1,2.62,258654,Y4,,,0,13.120,clean
105,45,3,1.93,1,2.35,1177579,Y4,,,0,12.941,clean
105,46,3,1.69,1,2.41,736803,Y2,,,0,12.765,clean
105,47,3,1.77,1,2.31,1168907,Y4,,,0,12.530,clean
105,48,3,3.48,1,2.43,207603,Y4,0.00/noise-like,0.24/noise-like,0,12.167,hump-note
105,49,3,2.11,1,2.45,181228,Y4,,,0,11.753,clean
105,50,3,2.07,1,2.73,1176774,Y2,,,0,11.436,clean
105,51,3,1.96,1,2.45,1319200,Y2,,,0,11.145,clean
105,52,3,2.15,1,2.38,1022816,Y4,,,0,10.880,clean
105,53,3,2.33,1,2.44,245601,Y4,,,0,10.663,clean
105,54,3,2.11,1,2.60,289321,Y2,,,0,10.315,clean
105,55,3,2.34,1,2.32,192940,Y4,,,0,9.840,clean
105,56,3,2.65,1,2.42,480384,Y4,0.00/noise-like,0.24/noise-like,0,9.214,hump-note
105,57,3,2.81,1,2.38,657141,Y2,0.00/noise-like,0.24/noise-like,0,8.541,hump-note
105,58,3,3.21,1,2.36,895143,Y2,0.00/noise-like,0.24/noise-like,0,7.936,hump-note
105,59,3,0,-1,0,0,-,,,0,7.276,QUARANTINE:dark-lane range=65 distinct=62
105,60,3,0,-1,0,0,-,,,0,6.440,QUARANTINE:dark-lane range=60 distinct=56
105,61,3,0,-1,0,0,-,,,0,5.584,QUARANTINE:dark-lane range=50 distinct=48
105,62,3,0,-1,0,0,-,,,0,4.695,QUARANTINE:dark-lane range=39 distinct=40
105,63,3,0,-1,0,0,-,,,0,3.941,QUARANTINE:dark-lane range=34 distinct=35
106,0,3,2.10,1,2.38,1174808,Y4,,,0,19.678,clean
106,1,3,1.38,1,2.35,591695,Y4,,,0,19.582,clean
106,2,3,1.47,1,2.22,1282990,Y2,,,0,19.580,clean
106,3,3,1.42,1,2.48,541985,Y4,,,0,19.684,clean
106,4,3,1.33,1043,2.71,966758,Y2,,,0,19.837,clean
106,5,3,1.51,1,2.34,206351,Y4,,,0,19.585,clean
106,6,3,1.53,1,2.39,82791,Y2,,,0,19.301,clean
106,7,3,1.38,1357,2.31,1131624,Y4,,,0,19.139,clean
106,8,3,1.43,377,2.46,1215577,Y4,,,0,18.859,clean
106,9,3,1.73,1,2.30,619501,Y4,,,0,18.440,clean
106,10,3,1.38,1215,2.44,1118749,Y4,,,0,18.085,clean
106,11,3,1.46,808,2.50,943869,Y4,,,0,17.715,clean
106,12,3,1.51,1,2.49,1279145,Y4,,,0,17.218,clean
106,13,3,1.36,353,2.50,729382,Y4,,,0,16.741,clean
106,14,3,1.62,1,2.47,72509,Y2,,,0,16.422,clean
106,15,3,1.43,1,2.32,70363,Y2,,,0,16.280,clean
106,16,3,1.35,1339,2.41,337154,Y2,,,0,16.334,clean
106,17,3,1.43,1,2.35,823796,Y4,,,0,16.494,clean
106,18,3,1.59,865,2.30,410020,Y4,,,0,17.733,clean
106,19,3,1.56,1,2.66,1350492,Y2,,,0,16.430,clean
106,20,3,1.43,1,2.44,934929,Y4,,,0,16.124,clean
106,21,3,1.60,1,2.22,43184,Y2,,,0,15.968,clean
106,22,3,1.77,1,2.35,763446,Y4,,,0,15.968,clean
106,23,3,1.60,1,2.34,970066,Y2,,,0,15.940,clean
106,24,3,1.42,1,2.25,874668,Y2,,,0,15.825,clean
106,25,3,1.63,1,2.66,1126260,Y4,,,2,15.422,clean
106,26,3,1.64,1,2.67,1065284,Y4,,,0,15.035,clean
106,27,3,1.85,1,2.54,258744,Y4,,,0,14.956,clean
106,28,3,1.71,1,2.53,134379,Y2,,,0,14.583,clean
106,29,3,1.90,1,2.44,1408786,Y4,,,0,14.403,clean
106,30,3,1.63,1,2.89,157177,Y4,,,0,14.158,clean
106,31,3,1.68,1,2.43,142515,Y4,,,0,13.872,clean
106,32,3,1.37,1161,2.45,161737,Y2,,,0,13.641,clean
106,33,3,1.86,1,2.36,570863,Y4,,,0,13.526,clean
106,34,3,1.76,1,2.36,367910,Y4,,,0,13.537,clean
106,35,3,1.73,1,2.33,546277,Y4,,,0,13.598,clean
106,36,3,1.50,1,2.40,4381,Y4,,,0,13.689,clean
106,37,3,1.77,1,2.34,391424,Y2,,,0,13.650,clean
106,38,3,1.82,1,2.51,31739,Y4,,,0,13.535,clean
106,39,3,1.64,1,2.29,352800,Y2,,,0,13.475,clean
106,40,3,1.55,1,2.59,563443,Y4,,,0,13.430,clean
106,41,3,1.99,1,2.32,1125991,Y4,,,0,13.442,clean
106,42,3,1.95,1,2.46,212699,Y4,,,0,13.401,clean
106,43,3,1.63,1,2.67,348151,Y2,,,0,13.319,clean
106,44,3,1.66,1,2.50,735819,Y2,,,0,13.122,clean
106,45,3,1.85,1,2.45,1223713,Y4,,,0,12.936,clean
106,46,3,1.87,1,2.34,360221,Y4,,,0,12.789,clean
106,47,3,1.85,1,2.57,1088530,Y2,,,0,12.532,clean
106,48,3,3.31,1,2.46,720620,Y2,0.24/noise-like,0.00/noise-like,0,12.161,hump-note
106,49,3,1.98,1,2.45,225753,Y4,,,0,11.766,clean
106,50,3,2.05,1,2.53,936985,Y2,,,0,11.444,clean
106,51,3,1.83,1,2.84,1056612,Y4,,,0,11.114,clean
106,52,3,2.03,1,2.43,1014948,Y2,,,0,10.891,clean
106,53,3,2.07,1,2.29,48012,Y4,,,0,10.648,clean
106,54,3,2.26,1,2.59,1252145,Y4,,,0,10.336,clean
106,55,3,2.94,1,2.52,441223,Y2,0.24/noise-like,0.24/noise-like,0,9.826,hump-note
106,56,3,2.52,1,2.33,1355052,Y2,0.24/noise-like,0.00/noise-like,0,9.202,hump-note
106,57,3,2.90,1,5.63,2593,Y4,0.00/noise-like,0.00/noise-like,5,8.552,FAM-HIT
106,58,3,3.11,1,2.45,82612,Y2,0.24/noise-like,0.00/noise-like,0,7.930,hump-note
106,59,3,0,-1,0,0,-,,,0,7.256,QUARANTINE:dark-lane range=69 distinct=62
106,60,3,0,-1,0,0,-,,,0,6.434,QUARANTINE:dark-lane range=56 distinct=54
106,61,3,0,-1,0,0,-,,,0,5.580,QUARANTINE:dark-lane range=45 distinct=46
106,62,3,0,-1,0,0,-,,,0,4.697,QUARANTINE:dark-lane range=42 distinct=42
106,63,3,0,-1,0,0,-,,,0,3.935,QUARANTINE:dark-lane range=36 distinct=36
107,0,3,2.30,1,2.49,1067072,Y4,,,0,19.624,clean
107,1,3,1.40,1206,2.49,156194,Y2,,,0,19.615,clean
107,2,3,1.38,1,2.39,226915,Y2,,,0,19.584,clean
107,3,3,1.50,1,2.24,1369894,Y2,,,0,19.670,clean
107,4,3,1.41,1,2.24,370502,Y2,,,0,19.816,clean
107,5,3,1.34,836,2.34,71526,Y4,,,0,19.572,clean
107,6,3,1.52,1478,2.38,1230329,Y2,,,0,19.280,clean
107,7,3,1.39,1,2.41,919640,Y4,,,0,19.061,clean
107,8,3,1.47,1,2.36,581235,Y4,,,0,18.825,clean
107,9,3,1.41,1,2.57,331432,Y2,,,0,18.474,clean
107,10,3,1.53,1,2.37,422269,Y4,,,0,18.090,clean
107,11,3,1.58,1,2.28,644535,Y4,,,0,17.732,clean
107,12,3,1.36,472,2.45,1040965,Y2,,,0,17.241,clean
107,13,3,1.50,1,2.39,1135826,Y2,,,0,16.721,clean
107,14,3,1.44,1,2.45,579625,Y4,,,0,16.462,clean
107,15,3,1.37,1230,2.36,453651,Y4,,,0,16.273,clean
107,16,3,1.37,1,2.37,169158,Y4,,,0,16.299,clean
107,17,3,1.73,1,2.56,765413,Y4,,,0,16.492,clean
107,18,3,1.59,762,2.35,1135826,Y4,,,0,17.761,clean
107,19,3,1.44,1,2.46,476271,Y4,,,0,16.406,clean
107,20,3,1.36,1,2.44,1168549,Y4,,,0,16.142,clean
107,21,3,1.50,1,2.42,101656,Y4,,,0,15.987,clean
107,22,3,1.37,1,2.64,1464844,Y4,,,0,15.937,clean
107,23,3,1.60,1,2.46,1460642,Y2,,,0,15.945,clean
107,24,3,1.63,1,2.28,1401901,Y2,,,0,15.853,clean
107,25,3,1.74,1,2.37,762641,Y2,,,0,15.439,clean
107,26,3,1.66,1,2.36,730008,Y4,,,0,15.009,clean
107,27,3,1.75,1,2.45,1227021,Y2,,,0,14.963,clean
107,28,3,1.74,1,2.49,1349241,Y4,,,0,14.592,clean
107,29,3,1.47,1106,2.43,491291,Y4,,,0,14.430,clean
107,30,3,1.59,1,2.31,1093715,Y2,,,0,14.127,clean
107,31,3,1.84,1,2.46,182837,Y4,,,0,13.883,clean
107,32,3,1.45,1,2.54,164956,Y2,,,0,13.678,clean
107,33,3,2.02,1,2.40,606447,Y2,,,0,13.562,clean
107,34,3,1.56,1,2.44,566125,Y2,,,0,13.548,clean
107,35,3,1.72,1,2.37,527233,Y2,,,0,13.588,clean
107,36,3,1.94,1,2.35,1401097,Y2,,,0,13.700,clean
107,37,3,1.86,1,2.40,927418,Y4,,,0,13.646,clean
107,38,3,1.76,1,2.52,872523,Y2,,,0,13.511,clean
107,39,3,1.82,1,2.69,380158,Y4,,,0,13.469,clean
107,40,3,1.87,1,2.68,561386,Y4,,,0,13.427,clean
107,41,3,1.90,1,2.53,410289,Y4,,,0,13.418,clean
107,42,3,1.68,1,2.52,965774,Y4,,,0,13.418,clean
107,43,3,1.63,1,2.44,282079,Y4,,,0,13.305,clean
107,44,3,1.95,1,2.90,824690,Y4,,,0,13.120,clean
107,45,3,1.54,1,2.40,557810,Y4,,,0,12.941,clean
107,46,3,2.04,1,2.46,826031,Y2,,,0,12.808,clean
107,47,3,1.61,1,2.38,338763,Y2,,,0,12.521,clean
107,48,3,3.27,1,2.31,1362830,Y2,0.00/noise-like,0.00/noise-like,0,12.172,hump-note
107,49,3,1.82,1,2.51,859112,Y2,,,0,11.772,clean
107,50,3,1.80,1,2.43,334114,Y2,,,0,11.439,clean
107,51,3,2.04,1,2.55,918120,Y4,,,0,11.150,clean
107,52,3,2.03,1,2.18,230938,Y4,,,0,10.910,clean
107,53,3,2.10,1,2.26,1294076,Y4,,,0,10.674,clean
107,54,3,2.14,1,2.66,184536,Y4,,,0,10.323,clean
107,55,3,2.46,1,2.38,287354,Y2,,,0,9.841,clean
107,56,3,2.38,1,2.28,634521,Y2,,,0,9.246,clean
107,57,3,2.74,1,2.52,1171678,Y4,0.00/noise-like,0.00/noise-like,0,8.533,hump-note
107,58,3,3.29,1,2.27,1788,Y2,0.00/noise-like,0.00/noise-like,0,7.932,hump-note
107,59,3,0,-1,0,0,-,,,0,7.281,QUARANTINE:dark-lane range=61 distinct=62
107,60,3,0,-1,0,0,-,,,0,6.439,QUARANTINE:dark-lane range=56 distinct=55
107,61,3,0,-1,0,0,-,,,0,5.582,QUARANTINE:dark-lane range=55 distinct=50
107,62,3,0,-1,0,0,-,,,0,4.688,QUARANTINE:dark-lane range=40 distinct=41
107,63,3,0,-1,0,0,-,,,0,3.940,QUARANTINE:dark-lane range=36 distinct=36
108,0,3,2.35,1,2.60,1453757,Y2,,,0,19.641,clean
108,1,3,1.47,407,2.34,520080,Y2,,,0,19.570,clean
108,2,3,1.41,1100,2.30,171572,Y2,,,0,19.565,clean
108,3,3,1.40,1355,2.40,134557,Y4,,,0,19.713,clean
108,4,3,1.39,1193,2.54,1299888,Y2,,,0,19.783,clean
108,5,3,1.52,1,2.52,150293,Y4,,,0,19.574,clean
108,6,3,1.54,1478,2.57,36657,Y4,,,0,19.343,clean
108,7,3,1.35,1,2.26,447035,Y4,,,0,19.103,clean
108,8,3,1.51,1,2.26,148416,Y4,,,0,18.800,clean
108,9,3,1.40,1,2.54,1020759,Y4,,,0,18.458,clean
108,10,3,1.51,1,2.39,1244813,Y4,,,0,18.104,clean
108,11,3,1.38,1,2.47,742882,Y2,,,0,17.705,clean
108,12,3,1.45,1,2.42,41485,Y4,,,0,17.237,clean
108,13,3,1.60,1,2.41,1196623,Y2,,,0,16.784,clean
108,14,3,1.39,1,2.51,260890,Y4,,,0,16.453,clean
108,15,3,1.58,1,2.44,63300,Y2,,,0,16.273,clean
108,16,3,1.68,1,2.43,223160,Y2,,,0,16.340,clean
108,17,3,1.39,988,2.93,135094,Y4,,,0,16.499,clean
108,18,3,1.62,691,2.56,1098812,Y2,,,0,17.760,clean
108,19,3,1.47,1,2.32,1398414,Y4,,,0,16.426,clean
108,20,3,1.77,1,2.55,502735,Y4,,,0,16.140,clean
108,21,3,1.74,1,2.35,805110,Y4,,,0,15.967,clean
108,22,3,1.34,1,2.50,1281828,Y4,,,0,15.934,clean
108,23,3,1.61,1,2.35,147790,Y4,,,0,15.930,clean
108,24,3,1.53,1,2.42,181675,Y2,,,0,15.837,clean
108,25,3,1.55,1,2.46,786066,Y4,,,0,15.444,clean
108,26,3,1.72,1,2.46,634611,Y2,,,0,15.005,clean
108,27,3,1.71,1,2.44,1014948,Y2,,,0,14.982,clean
108,28,3,1.31,1181,2.64,1199394,Y2,,,0,14.598,clean
108,29,3,1.54,1,2.35,1255274,Y2,,,0,14.414,clean
108,30,3,1.70,1,2.40,1370072,Y2,,,0,14.154,clean
108,31,3,1.76,1,2.35,125617,Y2,,,0,13.895,clean
108,32,3,1.43,1,2.27,363261,Y2,,,0,13.666,clean
108,33,3,1.45,1,2.33,483960,Y4,,,0,13.545,clean
108,34,3,1.82,1,2.46,78231,Y2,,,0,13.523,clean
108,35,3,1.75,1,2.18,1131624,Y2,,,0,13.624,clean
108,36,3,1.70,1,2.31,801355,Y2,,,0,13.741,clean
108,37,3,1.67,1,2.26,376403,Y4,,,0,13.658,clean
108,38,3,1.91,1,2.71,622183,Y4,,,0,13.526,clean
108,39,3,1.69,1,2.57,93967,Y4,,,0,13.480,clean
108,40,3,1.57,1,2.26,1410216,Y2,,,0,13.420,clean
108,41,3,1.43,1,2.54,278234,Y2,,,0,13.420,clean
108,42,3,2.01,1,2.37,179440,Y2,,,0,13.388,clean
108,43,3,1.65,1,2.24,232369,Y2,,,0,13.304,clean
108,44,3,1.63,1,2.78,573188,Y4,,,0,13.128,clean
108,45,3,1.71,1,2.59,465453,Y4,,,0,12.945,clean
108,46,3,1.68,1,2.48,1224697,Y4,,,0,12.784,clean
108,47,3,1.69,1,2.51,814855,Y4,,,0,12.534,clean
108,48,3,3.56,1,2.37,85026,Y4,0.00/noise-like,0.00/noise-like,0,12.165,hump-note
108,49,3,2.08,1,2.34,213593,Y4,,,0,11.778,clean
108,50,3,1.98,1,2.28,1350224,Y4,,,0,11.454,clean
108,51,3,2.29,1,2.37,344753,Y2,,,0,11.126,clean
108,52,3,1.83,1,2.46,1171499,Y4,,,0,10.907,clean
108,53,3,2.11,1,2.40,265628,Y2,,,0,10.670,clean
108,54,3,2.23,1,2.36,386059,Y2,,,0,10.322,clean
108,55,3,2.36,1,2.63,894159,Y4,,,0,9.835,clean
108,56,3,2.52,1,2.26,1361310,Y4,0.00/noise-like,0.00/noise-like,0,9.214,hump-note
108,57,3,2.75,1,2.65,1386613,Y2,0.00/noise-like,0.00/noise-like,0,8.514,hump-note
108,58,3,3.05,1,2.53,642389,Y4,0.24/noise-like,0.00/noise-like,0,7.949,hump-note
108,59,3,0,-1,0,0,-,,,0,7.268,QUARANTINE:dark-lane range=66 distinct=63
108,60,3,0,-1,0,0,-,,,0,6.442,QUARANTINE:dark-lane range=55 distinct=55
108,61,3,0,-1,0,0,-,,,0,5.590,QUARANTINE:dark-lane range=48 distinct=48
108,62,3,0,-1,0,0,-,,,0,4.697,QUARANTINE:dark-lane range=42 distinct=42
108,63,3,0,-1,0,0,-,,,0,3.934,QUARANTINE:dark-lane range=33 distinct=34
109,0,3,2.03,1,2.34,1398057,Y2,,,0,19.624,clean
109,1,3,1.60,1,2.36,304252,Y2,,,0,19.557,clean
109,2,3,1.33,884,2.52,928313,Y4,,,0,19.574,clean
109,3,3,1.36,1074,2.53,1046866,Y2,,,0,19.672,clean
109,4,3,1.34,611,2.64,6795,Y4,,,0,19.807,clean
109,5,3,1.44,125,2.30,1008868,Y2,,,0,19.582,clean
109,6,3,1.42,1,2.35,1130641,Y4,,,0,19.328,clean
109,7,3,1.38,1433,2.39,1314461,Y4,,,0,19.119,clean
109,8,3,1.50,1,2.34,1017272,Y4,,,0,18.807,clean
109,9,3,1.48,1,2.75,807524,Y2,,,0,18.450,clean
109,10,3,1.42,635,2.36,308543,Y2,,,0,18.108,clean
109,11,3,1.48,1,2.35,184000,Y4,,,0,17.685,clean
109,12,3,1.34,407,2.41,176758,Y2,,,0,17.214,clean
109,13,3,1.70,1,2.45,260532,Y2,,,0,16.758,clean
109,14,3,1.55,1,2.52,889063,Y2,,,0,16.470,clean
109,15,3,1.63,1,2.26,1154959,Y2,,,0,16.266,clean
109,16,3,1.67,1,2.40,257850,Y4,,,0,16.294,clean
109,17,3,1.37,94,2.48,1313835,Y4,,,0,16.476,clean
109,18,3,1.51,715,2.40,54628,Y2,,,0,17.751,clean
109,19,3,1.41,649,2.56,185877,Y4,,,0,16.404,clean
109,20,3,1.55,1,2.43,987232,Y2,,,0,16.085,clean
109,21,3,1.72,1,2.38,163168,Y4,,,0,15.966,clean
109,22,3,1.43,1,2.26,349492,Y4,,,0,15.954,clean
109,23,3,1.61,1,2.41,672698,Y2,,,0,15.942,clean
109,24,3,1.55,1,2.27,1025945,Y2,,,0,15.789,clean
109,25,3,1.51,1,2.46,227004,Y2,,,0,15.444,clean
109,26,3,1.47,1,2.39,205815,Y4,,,0,15.029,clean
109,27,3,1.57,614,2.34,598937,Y4,,,0,14.997,clean
109,28,3,1.86,1,2.56,1412541,Y4,,,0,14.585,clean
109,29,3,1.99,1,2.36,573188,Y2,,,0,14.393,clean
109,30,3,1.69,1,2.27,322759,Y4,,,0,14.153,clean
109,31,3,1.77,1,2.33,939488,Y4,,,0,13.896,clean
109,32,3,1.45,1,2.68,330448,Y2,,,0,13.666,clean
109,33,3,1.65,1,2.41,139207,Y2,,,0,13.542,clean
109,34,3,1.68,1,2.33,1254022,Y4,,,0,13.505,clean
109,35,3,1.57,1,2.45,1002878,Y2,,,0,13.567,clean
109,36,3,1.66,1,2.56,843018,Y4,,,0,13.698,clean
109,37,3,1.90,1,2.35,1222372,Y4,,,0,13.652,clean
109,38,3,1.43,960,2.42,771224,Y2,,,0,13.503,clean
109,39,3,1.74,1,2.57,1443207,Y4,,,0,13.474,clean
109,40,3,1.78,1,2.39,1366854,Y4,,,0,13.419,clean
109,41,3,1.89,1,2.34,1311868,Y2,,,0,13.435,clean
109,42,3,1.84,1,2.51,6616,Y2,,,0,13.396,clean
109,43,3,1.80,1,2.22,260353,Y4,,,0,13.319,clean
109,44,3,1.65,1,2.34,743955,Y2,,,0,13.150,clean
109,45,3,1.74,1,2.54,1390368,Y2,,,0,12.960,clean
109,46,3,1.75,1,2.58,437379,Y2,,,0,12.758,clean
109,47,3,1.74,1,2.64,379086,Y2,,,0,12.528,clean
109,48,3,3.61,1,2.34,551105,Y4,0.00/noise-like,0.00/noise-like,0,12.157,hump-note
109,49,3,1.83,1,2.36,900686,Y4,,,0,11.769,clean
109,50,3,2.55,1,2.37,378996,Y4,0.24/noise-like,0.00/noise-like,0,11.443,hump-note
109,51,3,2.08,1,2.65,416279,Y4,,,0,11.127,clean
109,52,3,2.16,1,2.35,682622,Y2,,,0,10.881,clean
109,53,3,2.38,1,2.36,1171947,Y2,,,0,10.664,clean
109,54,3,2.26,1,2.35,988215,Y2,,,0,10.317,clean
109,55,3,2.75,1,2.43,1418799,Y4,0.00/noise-like,0.00/noise-like,0,9.837,hump-note
109,56,3,2.59,1,2.29,640154,Y4,0.00/noise-like,0.24/noise-like,0,9.228,hump-note
109,57,3,2.61,1,2.45,699520,Y2,0.00/noise-like,0.00/noise-like,0,8.532,hump-note
109,58,3,3.42,1,2.37,318289,Y2,0.00/noise-like,0.00/noise-like,0,7.934,hump-note
109,59,3,3.40,1,2.25,800550,Y2,0.00/noise-like,0.00/noise-like,0,7.255,hump-note
109,60,3,0,-1,0,0,-,,,0,6.441,QUARANTINE:dark-lane range=53 distinct=54
109,61,3,0,-1,0,0,-,,,0,5.589,QUARANTINE:dark-lane range=50 distinct=51
109,62,3,0,-1,0,0,-,,,0,4.699,QUARANTINE:dark-lane range=41 distinct=42
109,63,3,0,-1,0,0,-,,,0,3.929,QUARANTINE:dark-lane range=36 distinct=36
110,0,3,2.78,1,2.52,600815,Y4,0.24/noise-like,0.00/noise-like,0,19.637,hump-note
110,1,3,1.38,118,2.28,696480,Y4,,,0,19.565,clean
110,2,3,1.39,587,2.35,216454,Y4,,,0,19.573,clean
110,3,3,1.58,1,2.41,394374,Y4,,,0,19.677,clean
110,4,3,1.37,1,2.42,857860,Y2,,,0,19.758,clean
110,5,3,1.42,940,2.53,619233,Y4,,,0,19.584,clean
110,6,3,1.50,1,2.33,662774,Y4,,,0,19.314,clean
110,7,3,1.34,999,2.29,1382858,Y2,,,0,19.094,clean
110,8,3,1.55,1,2.66,272512,Y2,,,0,18.795,clean
110,9,3,1.44,1,2.25,158072,Y2,,,0,18.464,clean
110,10,3,1.41,1,2.32,1365155,Y4,,,0,18.097,clean
110,11,3,1.39,635,2.34,287712,Y4,,,0,17.696,clean
110,12,3,1.36,1546,2.27,376672,Y4,,,0,17.255,clean
110,13,3,1.60,1,2.38,1371771,Y2,,,0,16.781,clean
110,14,3,1.57,1,2.37,246763,Y2,,,0,16.472,clean
110,15,3,1.69,1,2.32,702471,Y2,,,0,16.252,clean
110,16,3,1.34,226,2.34,117749,Y2,,,0,16.357,clean
110,17,3,1.34,198,2.39,844002,Y2,,,0,16.486,clean
110,18,3,1.63,857,2.27,206262,Y4,,,0,17.755,clean
110,19,3,1.53,1,2.42,67949,Y2,,,0,16.445,clean
110,20,3,1.52,1,2.60,1011819,Y4,,,0,16.112,clean
110,21,3,1.83,1,2.38,778645,Y2,,,0,15.964,clean
110,22,3,1.79,1,2.31,972658,Y4,,,0,15.925,clean
110,23,3,1.66,1,2.51,787318,Y4,,,0,15.946,clean
110,24,3,1.59,1,2.28,1014322,Y2,,,0,15.830,clean
110,25,3,1.46,1,2.50,4828,Y4,,,2,15.443,clean
110,26,3,1.78,1,2.36,141889,Y2,,,0,15.041,clean
110,27,3,1.67,627,2.47,199467,Y4,,,0,15.005,clean
110,28,3,1.43,1,2.60,14663,Y4,,,0,14.592,clean
110,29,3,1.66,1,2.23,19938,Y2,,,0,14.388,clean
110,30,3,1.77,1,2.50,916690,Y4,,,0,14.139,clean
110,31,3,1.85,1,2.50,539124,Y4,,,0,13.896,clean
110,32,3,1.35,918,2.54,1340479,Y2,,,0,13.672,clean
110,33,3,1.41,603,2.34,525355,Y4,,,0,13.549,clean
110,34,3,1.73,1,2.46,580609,Y2,,,0,13.494,clean
110,35,3,1.60,1,2.59,1129031,Y2,,,0,13.577,clean
110,36,3,1.90,1,2.28,1332343,Y4,,,0,13.696,clean
110,37,3,1.90,1,2.27,1063854,Y2,,,0,13.647,clean
110,38,3,1.66,1,2.98,57578,Y4,,,0,13.506,clean
110,39,3,1.84,1,2.31,1345307,Y4,,,0,13.458,clean
110,40,3,2.20,1,2.64,764161,Y2,,,0,13.424,clean
110,41,3,1.80,1,2.44,963271,Y4,,,0,13.416,clean
110,42,3,1.76,1,2.44,780165,Y2,,,0,13.398,clean
110,43,3,1.69,1,2.57,1322955,Y2,,,0,13.330,clean
110,44,3,1.90,1,2.30,1023352,Y2,,,0,13.122,clean
110,45,3,1.75,1,2.32,759780,Y4,,,0,12.949,clean
110,46,3,2.02,1,2.55,888973,Y4,,,0,12.786,clean
110,47,3,1.89,1,2.33,938505,Y2,,,0,12.552,clean
110,48,3,3.32,1,2.63,716329,Y2,0.00/noise-like,0.00/noise-like,0,12.155,hump-note
110,49,3,2.02,1,2.35,700772,Y2,,,0,11.763,clean
110,50,3,2.25,1,2.41,263393,Y2,,,0,11.441,clean
110,51,3,2.13,1,2.49,421196,Y4,,,0,11.122,clean
110,52,3,2.01,1,2.51,680119,Y4,,,0,10.894,clean
110,53,3,2.15,1,2.38,1788,Y4,,,0,10.662,clean
110,54,3,2.15,1,2.42,1052231,Y4,,,0,10.304,clean
110,55,3,2.30,1,2.23,752807,Y2,,,0,9.817,clean
110,56,3,2.35,1,2.28,930101,Y2,,,0,9.217,clean
110,57,3,3.03,1,3.32,715,Y4,0.00/noise-like,0.00/noise-like,8,8.542,FAM-HIT
110,58,3,2.86,1,2.35,672698,Y4,0.00/noise-like,0.00/noise-like,0,7.944,hump-note
110,59,3,0,-1,0,0,-,,,0,7.271,QUARANTINE:dark-lane range=58 distinct=59
110,60,3,0,-1,0,0,-,,,0,6.437,QUARANTINE:dark-lane range=56 distinct=56
110,61,3,0,-1,0,0,-,,,0,5.595,QUARANTINE:dark-lane range=49 distinct=49
110,62,3,0,-1,0,0,-,,,0,4.697,QUARANTINE:dark-lane range=36 distinct=37
110,63,3,0,-1,0,0,-,,,0,3.944,QUARANTINE:dark-lane range=36 distinct=36
111,0,3,2.60,1,2.27,54628,Y2,0.24/noise-like,0.24/noise-like,0,19.644,hump-note
111,1,3,1.40,1187,2.49,79393,Y2,,,0,19.587,clean
111,2,3,1.39,1235,2.41,1353979,Y4,,,0,19.577,clean
111,3,3,1.48,1,2.42,505596,Y2,,,0,19.693,clean
111,4,3,1.43,503,2.36,94771,Y2,,,0,19.795,clean
111,5,3,1.42,1,2.28,1194298,Y4,,,0,19.587,clean
111,6,3,1.46,1,2.44,538319,Y2,,,0,19.301,clean
111,7,3,1.34,1387,2.33,656694,Y2,,,1,19.065,clean
111,8,3,1.44,130,2.28,1094073,Y4,,,0,18.812,clean
111,9,3,1.42,1,2.41,1379907,Y4,,,0,18.438,clean
111,10,3,1.59,1,2.61,146538,Y4,,,0,18.088,clean
111,11,3,1.44,1,2.27,1200914,Y2,,,0,17.724,clean
111,12,3,1.47,1,2.31,531346,Y2,,,0,17.230,clean
111,13,3,1.33,163,2.33,676274,Y4,,,0,16.792,clean
111,14,3,1.57,1,2.25,802070,Y2,,,0,16.450,clean
111,15,3,1.56,1,2.32,1082450,Y4,,,0,16.254,clean
111,16,3,1.50,1,2.41,401169,Y2,,,0,16.329,clean
111,17,3,1.32,394,2.35,1074046,Y2,,,0,16.477,clean
111,18,3,1.58,785,2.71,835240,Y2,,,0,17.745,clean
111,19,3,1.61,1,2.38,507563,Y2,,,0,16.425,clean
111,20,3,1.37,125,2.45,1411915,Y4,,,0,16.109,clean
111,21,3,1.50,1,2.53,379086,Y2,,,0,15.983,clean
111,22,3,1.47,1,2.40,462145,Y4,,,0,15.993,clean
111,23,3,1.57,1,2.24,1193583,Y4,,,0,15.952,clean
111,24,3,1.65,1,2.33,931889,Y4,,,0,15.816,clean
111,25,3,1.82,1,7.15,3576,Y4,0.24/noise-like,0.00/noise-like,12,15.430,FAM-HIT
111,26,3,1.63,1,2.57,40770,Y2,,,0,15.013,clean
111,27,3,1.86,1,2.49,533581,Y2,,,0,14.982,clean
111,28,3,1.61,1,2.47,489235,Y4,,,0,14.587,clean
111,29,3,1.74,1,2.28,1273960,Y2,,,0,14.403,clean
111,30,3,1.63,1,2.37,1146287,Y2,,,0,14.153,clean
111,31,3,1.47,1,2.47,993401,Y2,,,0,13.909,clean
111,32,3,1.42,1,2.54,155926,Y2,,,0,13.647,clean
111,33,3,1.42,1,2.77,944138,Y2,,,0,13.553,clean
111,34,3,1.88,1,2.77,730097,Y4,,,0,13.538,clean
111,35,3,1.75,1,2.36,742346,Y2,,,0,13.593,clean
111,36,3,1.37,1,2.44,655711,Y2,,,0,13.681,clean
111,37,3,1.67,1,2.44,83506,Y2,,,0,13.616,clean
111,38,3,1.60,1,2.48,220567,Y4,,,0,13.530,clean
111,39,3,1.87,1,2.38,760406,Y4,,,0,13.484,clean
111,40,3,1.55,1,2.35,537694,Y4,,,0,13.448,clean
111,41,3,1.71,1,2.32,1268059,Y4,,,0,13.427,clean
111,42,3,1.89,1,2.35,1007348,Y2,,,0,13.417,clean
111,43,3,1.90,1,2.48,73135,Y4,,,0,13.317,clean
111,44,3,1.40,816,2.41,871092,Y2,,,0,13.112,clean
111,45,3,1.96,1,2.40,114441,Y4,,,0,12.958,clean
111,46,3,1.74,1,2.33,883430,Y2,,,0,12.770,clean
111,47,3,2.09,1,2.36,458211,Y2,,,0,12.523,clean
111,48,3,3.05,1,2.43,764608,Y4,0.24/noise-like,0.00/noise-like,0,12.158,hump-note
111,49,3,1.85,1,2.49,551462,Y4,,,0,11.773,clean
111,50,3,2.04,1,2.56,139296,Y4,,,0,11.450,clean
111,51,3,2.36,1,2.27,1322865,Y2,,,0,11.127,clean
111,52,3,2.07,1,2.26,1118124,Y2,,,0,10.896,clean
111,53,3,2.23,1,2.48,455439,Y4,,,0,10.686,clean
111,54,3,2.60,1,2.45,778288,Y2,0.24/noise-like,0.00/noise-like,0,10.322,hump-note
111,55,3,2.38,1,2.44,966400,Y4,,,0,9.827,clean
111,56,3,2.34,1,2.26,726610,Y2,,,0,9.204,clean
111,57,3,0,-1,0,0,-,,,36,8.565,QUARANTINE:sparkle n=36
111,58,3,3.34,1,2.62,113279,Y4,0.00/noise-like,0.00/noise-like,0,7.940,hump-note
111,59,3,0,-1,0,0,-,,,0,7.283,QUARANTINE:dark-lane range=64 distinct=62
111,60,3,0,-1,0,0,-,,,0,6.440,QUARANTINE:dark-lane range=54 distinct=55
111,61,3,0,-1,0,0,-,,,0,5.584,QUARANTINE:dark-lane range=49 distinct=50
111,62,3,0,-1,0,0,-,,,0,4.695,QUARANTINE:dark-lane range=43 distinct=43
111,63,3,0,-1,0,0,-,,,0,3.942,QUARANTINE:dark-lane range=38 distinct=35
112,0,3,2.04,1,2.37,396788,Y4,,,0,19.651,clean
112,1,3,1.32,1,2.27,1289964,Y4,,,0,19.601,clean
112,2,3,1.71,1,2.42,1230419,Y4,,,0,19.537,clean
112,3,3,1.38,571,2.49,459194,Y2,,,0,19.665,clean
112,4,3,1.38,1332,2.41,769526,Y4,,,0,19.841,clean
112,5,3,1.37,1,2.29,136793,Y2,,,0,19.564,clean
112,6,3,1.40,1,2.38,373632,Y2,,,0,19.312,clean
112,7,3,1.53,1,2.40,1340657,Y4,,,0,19.083,clean
112,8,3,1.49,1,2.32,518650,Y2,,,0,18.812,clean
112,9,3,1.45,1229,2.61,376672,Y4,,,0,18.438,clean
112,10,3,1.42,1,2.52,1273781,Y2,,,0,18.063,clean
112,11,3,1.53,1,2.37,664383,Y4,,,0,17.656,clean
112,12,3,1.59,1,2.65,128031,Y2,,,0,17.203,clean
112,13,3,1.43,1,2.37,752449,Y2,,,0,16.773,clean
112,14,3,1.71,1,2.50,422716,Y4,,,0,16.470,clean
112,15,3,1.43,1,2.33,1380086,Y2,,,0,16.258,clean
112,16,3,1.49,1,2.49,779897,Y4,,,0,16.336,clean
112,17,3,1.67,1,2.37,570506,Y4,,,0,16.483,clean
112,18,3,1.56,887,2.33,764966,Y2,,,0,17.704,clean
112,19,3,1.54,1,2.74,144035,Y4,,,0,16.451,clean
112,20,3,1.60,1,2.18,185519,Y2,,,0,16.123,clean
112,21,3,1.68,1,2.57,1131892,Y2,,,0,15.976,clean
112,22,3,1.62,1,2.51,724286,Y4,,,0,15.943,clean
112,23,3,1.53,459,2.70,395894,Y4,,,0,15.889,clean
112,24,3,1.30,528,2.68,1145750,Y2,,,0,15.816,clean
112,25,3,1.74,1,2.47,1176953,Y2,,,1,15.451,clean
112,26,3,1.58,1,2.33,1390815,Y2,,,0,15.045,clean
112,27,3,2.05,1,2.34,668943,Y2,,,0,14.984,clean
112,28,3,1.62,1,2.38,11712,Y2,,,0,14.591,clean
112,29,3,1.43,1,2.43,368714,Y2,,,0,14.370,clean
112,30,3,1.48,1,2.43,1294792,Y4,,,0,14.149,clean
112,31,3,1.73,1,2.61,138134,Y2,,,0,13.906,clean
112,32,3,1.45,988,2.39,1200199,Y4,,,0,13.667,clean
112,33,3,1.62,1,2.30,1040071,Y4,,,0,13.540,clean
112,34,3,1.90,1,2.35,593215,Y2,,,0,13.521,clean
112,35,3,1.81,1,2.38,580609,Y2,,,0,13.604,clean
112,36,3,1.75,1,2.32,1445979,Y4,,,0,13.673,clean
112,37,3,1.61,1,2.43,706851,Y2,,,0,13.632,clean
112,38,3,1.77,1,2.53,1179814,Y2,,,0,13.510,clean
112,39,3,2.04,1,2.47,1143336,Y4,,,0,13.473,clean
112,40,3,1.96,1,2.57,1110077,Y2,,,0,13.452,clean
112,41,3,1.77,1,2.73,758797,Y2,,,0,13.413,clean
112,42,3,2.02,1,2.44,730097,Y2,,,0,13.401,clean
112,43,3,1.69,1,2.45,108540,Y4,,,0,13.332,clean
112,44,3,1.93,1,2.38,1017809,Y4,,,0,13.131,clean
112,45,3,2.02,1,2.43,432193,Y4,,,0,12.942,clean
112,46,3,1.93,1,2.30,798225,Y4,,,0,12.776,clean
112,47,3,1.83,1,2.50,739306,Y2,,,0,12.533,clean
112,48,3,3.25,1,2.19,1149774,Y4,0.00/noise-like,0.00/noise-like,0,12.179,hump-note
112,49,3,2.10,1,2.46,578195,Y4,,,0,11.777,clean
112,50,3,1.94,1,2.31,738323,Y4,,,0,11.427,clean
112,51,3,1.86,1,2.48,640154,Y4,,,0,11.121,clean
112,52,3,2.45,1,2.49,51945,Y4,,,0,10.901,clean
112,53,3,2.24,1,2.42,493973,Y2,,,0,10.676,clean
112,54,3,2.48,1,2.42,707388,Y2,,,0,10.318,clean
112,55,3,2.60,1,2.48,806719,Y4,0.00/noise-like,0.00/noise-like,0,9.842,hump-note
112,56,3,2.74,1,2.51,711769,Y4,0.00/noise-like,0.24/noise-like,0,9.215,hump-note
112,57,3,2.77,1,2.45,931889,Y4,0.24/noise-like,0.24/noise-like,0,8.531,hump-note
112,58,3,3.03,1,2.31,1040697,Y4,0.42/WATCH,0.24/noise-like,0,7.954,hump-note
112,59,3,0,-1,0,0,-,,,0,7.257,QUARANTINE:dark-lane range=65 distinct=61
112,60,3,0,-1,0,0,-,,,0,6.424,QUARANTINE:dark-lane range=58 distinct=55
112,61,3,0,-1,0,0,-,,,0,5.591,QUARANTINE:dark-lane range=49 distinct=49
112,62,3,0,-1,0,0,-,,,0,4.700,QUARANTINE:dark-lane range=43 distinct=42
112,63,3,0,-1,0,0,-,,,0,3.935,QUARANTINE:dark-lane range=34 distinct=35
113,0,3,1.85,1,2.37,1334220,Y4,,,0,19.634,clean
113,1,3,1.39,1,2.64,87887,Y2,,,0,19.580,clean
113,2,3,1.37,1,2.44,509441,Y2,,,0,19.596,clean
113,3,3,1.31,462,2.57,632823,Y2,,,0,19.702,clean
113,4,3,1.48,44,2.30,1445442,Y4,,,0,19.809,clean
113,5,3,1.54,1,2.33,1151741,Y4,,,0,19.637,clean
113,6,3,1.46,1478,2.46,1160949,Y4,,,0,19.317,clean
113,7,3,1.50,1,2.59,125796,Y2,,,0,19.097,clean
113,8,3,1.42,1,2.62,19491,Y2,,,0,18.821,clean
113,9,3,1.44,1,2.48,1041144,Y2,,,0,18.461,clean
113,10,3,1.51,1,2.21,301570,Y4,,,0,18.111,clean
113,11,3,1.45,1,2.41,392407,Y4,,,0,17.677,clean
113,12,3,1.46,1,2.65,1264036,Y4,,,0,17.224,clean
113,13,3,1.37,139,2.40,206709,Y2,,,0,16.802,clean
113,14,3,1.53,1,2.58,17345,Y4,,,0,16.481,clean
113,15,3,1.52,1,2.53,119716,Y2,,,0,16.272,clean
113,16,3,1.40,951,2.62,403047,Y4,,,0,16.339,clean
113,17,3,1.50,1,2.33,1282901,Y4,,,0,16.465,clean
113,18,3,1.51,854,2.33,528216,Y2,,,0,17.741,clean
113,19,3,1.46,1,2.39,1100868,Y4,,,0,16.390,clean
113,20,3,1.51,1,2.72,665814,Y4,,,0,16.127,clean
113,21,3,1.68,1,2.33,1291573,Y4,,,0,15.963,clean
113,22,3,1.57,1,2.37,1055807,Y4,,,0,15.977,clean
113,23,3,1.41,1,2.45,377566,Y2,,,0,15.943,clean
113,24,3,1.50,1,2.43,618160,Y4,,,0,15.806,clean
113,25,3,1.44,1,2.39,225395,Y4,,,0,15.440,clean
113,26,3,1.76,1,2.38,472516,Y2,,,0,15.016,clean
113,27,3,1.56,1,2.46,1367837,Y2,,,0,14.989,clean
113,28,3,1.56,1,2.36,920981,Y4,,,0,14.589,clean
113,29,3,1.76,1,2.45,65267,Y2,,,0,14.420,clean
113,30,3,1.72,1,2.37,441402,Y2,,,0,14.155,clean
113,31,3,1.80,1,2.36,417709,Y2,,,0,13.884,clean
113,32,3,1.36,1305,2.37,687629,Y4,,,0,13.673,clean
113,33,3,1.91,1,2.50,273496,Y4,,,0,13.539,clean
113,34,3,1.48,1,2.48,398844,Y2,,,0,13.522,clean
113,35,3,1.84,1,2.34,201166,Y4,,,0,13.609,clean
113,36,3,1.72,1,2.34,837386,Y4,,,0,13.690,clean
113,37,3,1.77,1,2.44,615835,Y4,,,0,13.653,clean
113,38,3,1.63,1,2.38,115693,Y4,,,0,13.520,clean
113,39,3,1.59,1,2.77,743061,Y4,,,0,13.455,clean
113,40,3,1.74,1,2.38,733584,Y2,,,0,13.415,clean
113,41,3,2.01,1,2.42,439435,Y4,,,0,13.411,clean
113,42,3,1.77,1,2.32,556022,Y4,,,0,13.395,clean
113,43,3,1.87,1,2.26,566751,Y2,,,0,13.300,clean
113,44,3,1.77,1,2.45,1252413,Y4,,,0,13.121,clean
113,45,3,1.85,1,2.34,788391,Y2,,,0,12.958,clean
113,46,3,1.74,1,2.51,611812,Y2,,,0,12.762,clean
113,47,3,1.90,1,2.49,885487,Y4,,,0,12.528,clean
113,48,3,3.45,1,2.40,570595,Y4,0.24/noise-like,0.24/noise-like,0,12.169,hump-note
113,49,3,1.91,1,2.32,801265,Y2,,,0,11.769,clean
113,50,3,2.34,1,2.41,1083523,Y4,,,0,11.430,clean
113,51,3,2.05,1,2.72,639975,Y2,,,0,11.139,clean
113,52,3,2.15,1,2.39,231653,Y4,,,0,10.907,clean
113,53,3,2.61,1,2.22,389814,Y4,0.00/noise-like,0.00/noise-like,0,10.700,hump-note
113,54,3,2.24,1,2.41,332594,Y2,,,0,10.327,clean
113,55,3,2.28,1,2.35,31024,Y4,,,0,9.829,clean
113,56,3,2.42,1,2.70,220299,Y4,,,0,9.213,clean
113,57,3,3.08,1,2.47,878066,Y4,0.24/noise-like,0.24/noise-like,0,8.543,hump-note
113,58,3,3.21,1,2.58,876099,Y2,0.00/noise-like,0.24/noise-like,0,7.928,hump-note
113,59,3,0,-1,0,0,-,,,0,7.271,QUARANTINE:dark-lane range=60 distinct=60
113,60,3,0,-1,0,0,-,,,0,6.441,QUARANTINE:dark-lane range=56 distinct=55
113,61,3,0,-1,0,0,-,,,0,5.587,QUARANTINE:dark-lane range=51 distinct=49
113,62,3,0,-1,0,0,-,,,0,4.701,QUARANTINE:dark-lane range=43 distinct=43
113,63,3,0,-1,0,0,-,,,0,3.937,QUARANTINE:dark-lane range=36 distinct=35
114,0,3,2.41,1,2.35,199020,Y2,,,0,19.632,clean
114,1,3,1.62,1,2.60,143588,Y4,,,0,19.596,clean
114,2,3,1.51,1,2.58,909626,Y4,,,0,19.612,clean
114,3,3,1.36,1286,2.38,495851,Y2,,,0,19.670,clean
114,4,3,1.37,1,2.46,989646,Y4,,,0,19.758,clean
114,5,3,1.47,1,2.41,414133,Y4,,,0,19.582,clean
114,6,3,1.56,1,2.45,1254559,Y4,,,0,19.291,clean
114,7,3,1.35,189,2.34,1119375,Y2,,,0,19.116,clean
114,8,3,1.40,170,2.99,338227,Y2,,,0,18.804,clean
114,9,3,1.36,1,2.20,772208,Y2,,,0,18.430,clean
114,10,3,1.57,1,2.28,531435,Y2,,,0,18.072,clean
114,11,3,1.38,1025,2.59,1464844,Y4,,,0,17.709,clean
114,12,3,1.38,722,2.44,570595,Y2,,,0,17.205,clean
114,13,3,1.35,133,2.39,196785,Y2,,,0,16.779,clean
114,14,3,1.72,1,2.41,514358,Y4,,,0,16.471,clean
114,15,3,1.49,1,2.51,99868,Y4,,,0,16.290,clean
114,16,3,1.48,1,2.32,736177,Y4,,,0,16.344,clean
114,17,3,1.60,1,2.39,791967,Y2,,,0,16.482,clean
114,18,3,1.54,738,2.36,1117766,Y2,,,0,17.746,clean
114,19,3,1.50,1,2.38,329196,Y4,,,0,16.430,clean
114,20,3,1.46,1,2.49,167280,Y4,,,0,16.111,clean
114,21,3,1.47,1,2.36,490487,Y4,,,0,15.976,clean
114,22,3,1.52,1,2.47,1126170,Y4,,,0,15.956,clean
114,23,3,1.69,1,2.53,1105964,Y4,,,0,15.918,clean
114,24,3,1.65,1,2.26,105679,Y4,,,0,15.822,clean
114,25,3,1.69,1,4.51,3844,Y4,0.00/noise-like,0.00/noise-like,6,15.430,FAM-HIT
114,26,3,1.75,1,2.53,1047134,Y4,,,0,15.026,clean
114,27,3,1.54,1,2.30,780255,Y4,,,0,14.989,clean
114,28,3,1.53,1,2.30,718743,Y2,,,0,14.592,clean
114,29,3,1.32,33,2.48,315696,Y2,,,0,14.395,clean
114,30,3,1.77,1,2.51,850439,Y2,,,0,14.132,clean
114,31,3,1.75,1,2.57,1336634,Y2,,,0,13.929,clean
114,32,3,1.37,398,2.67,973821,Y2,,,0,13.649,clean
114,33,3,1.78,1,2.27,252754,Y4,,,0,13.527,clean
114,34,3,1.77,1,2.36,1030684,Y2,,,0,13.530,clean
114,35,3,1.70,1,2.37,636578,Y4,,,0,13.587,clean
114,36,3,1.68,1,2.44,51051,Y2,,,0,13.679,clean
114,37,3,1.74,1,2.44,792146,Y2,,,0,13.660,clean
114,38,3,1.70,1,2.43,365674,Y4,,,0,13.533,clean
114,39,3,1.68,1,2.33,215828,Y4,,,0,13.456,clean
114,40,3,1.75,1,2.98,1159340,Y2,,,0,13.442,clean
114,41,3,1.77,1,2.49,1106143,Y4,,,0,13.424,clean
114,42,3,1.74,1,2.39,624418,Y2,,,0,13.409,clean
114,43,3,1.81,1,2.70,219136,Y4,,,0,13.301,clean
114,44,3,1.83,1,2.58,441581,Y4,,,0,13.116,clean
114,45,3,1.86,1,2.36,913382,Y4,,,0,12.962,clean
114,46,3,1.78,1,2.61,544131,Y2,,,0,12.795,clean
114,47,3,1.95,1,2.30,971138,Y4,,,0,12.541,clean
114,48,3,3.09,1,2.29,1121074,Y4,0.00/noise-like,0.00/noise-like,0,12.160,hump-note
114,49,3,2.14,1,2.48,1294702,Y2,,,0,11.749,clean
114,50,3,1.94,1,2.44,1138151,Y4,,,0,11.434,clean
114,51,3,2.07,1,2.46,926346,Y2,,,0,11.142,clean
114,52,3,2.09,1,2.52,334740,Y2,,,0,10.899,clean
114,53,3,2.65,1,2.49,192493,Y2,0.00/noise-like,0.00/noise-like,0,10.670,hump-note
114,54,3,2.10,1,2.48,1350850,Y4,,,0,10.316,clean
114,55,3,2.52,1,2.38,24229,Y4,0.00/noise-like,0.24/noise-like,0,9.839,hump-note
114,56,3,2.45,1,2.36,1050264,Y2,,,0,9.228,clean
114,57,3,2.90,1,5.53,983,Y4,0.00/noise-like,0.00/noise-like,12,8.542,FAM-HIT
114,58,3,3.62,1,2.35,1313478,Y2,0.24/noise-like,0.00/noise-like,0,7.934,hump-note
114,59,3,0,-1,0,0,-,,,0,7.279,QUARANTINE:dark-lane range=63 distinct=62
114,60,3,0,-1,0,0,-,,,0,6.425,QUARANTINE:dark-lane range=55 distinct=54
114,61,3,0,-1,0,0,-,,,0,5.586,QUARANTINE:dark-lane range=47 distinct=48
114,62,3,0,-1,0,0,-,,,0,4.700,QUARANTINE:dark-lane range=41 distinct=41
114,63,3,0,-1,0,0,-,,,0,3.940,QUARANTINE:dark-lane range=36 distinct=37
115,0,3,1.89,1,2.27,791878,Y4,,,0,19.661,clean
115,1,3,1.34,284,2.40,1116067,Y2,,,0,19.560,clean
115,2,3,1.57,1,2.58,717491,Y2,,,0,19.595,clean
115,3,3,1.42,1,2.30,187039,Y2,,,0,19.636,clean
115,4,3,1.34,214,2.40,739485,Y4,,,0,19.826,clean
115,5,3,1.29,973,2.32,209123,Y2,,,0,19.590,clean
115,6,3,1.34,589,2.33,311583,Y4,,,0,19.292,clean
115,7,3,1.46,1,2.41,1099795,Y4,,,0,19.063,clean
115,8,3,1.35,1,2.61,1464844,Y2,,,0,18.798,clean
115,9,3,1.45,1,2.46,206709,Y2,,,0,18.423,clean
115,10,3,1.38,485,2.69,418425,Y4,,,0,18.123,clean
115,11,3,1.35,1543,2.46,1268685,Y4,,,0,17.727,clean
115,12,3,1.56,1,2.39,64909,Y4,,,0,17.199,clean
115,13,3,1.39,985,2.47,212252,Y2,,,0,16.737,clean
115,14,3,1.78,1,2.47,324190,Y2,,,0,16.455,clean
115,15,3,1.46,1,2.62,602692,Y2,,,0,16.286,clean
115,16,3,1.56,1,2.54,180244,Y2,,,0,16.336,clean
115,17,3,1.52,1,2.69,40680,Y4,,,0,16.491,clean
115,18,3,1.46,731,2.37,1253486,Y2,,,0,17.728,clean
115,19,3,1.59,1,2.56,262141,Y4,,,0,16.418,clean
115,20,3,1.52,1,2.38,982314,Y4,,,0,16.124,clean
115,21,3,1.56,1,2.54,473946,Y2,,,0,15.969,clean
115,22,3,1.53,1,2.51,857145,Y4,,,0,15.964,clean
115,23,3,1.64,1,2.40,1236588,Y4,,,0,15.920,clean
115,24,3,1.49,1,2.31,1363009,Y4,,,0,15.864,clean
115,25,3,1.50,1,3.62,89407,Y4,0.24/noise-like,0.00/noise-like,3,15.459,FAM-HIT
115,26,3,1.63,1,2.32,1015753,Y4,,,0,15.017,clean
115,27,3,1.75,626,2.49,1363099,Y2,,,0,15.001,clean
115,28,3,1.49,1,2.43,1436681,Y2,,,0,14.601,clean
115,29,3,1.75,1,2.23,1454473,Y2,,,0,14.431,clean
115,30,3,1.60,1,2.24,135183,Y2,,,0,14.181,clean
115,31,3,1.78,1,2.43,627279,Y2,,,0,13.889,clean
115,32,3,1.38,534,2.53,264376,Y4,,,0,13.677,clean
115,33,3,1.64,1,2.48,680655,Y2,,,0,13.543,clean
115,34,3,1.61,1,2.39,865549,Y4,,,0,13.546,clean
115,35,3,1.94,1,2.39,796974,Y4,,,0,13.581,clean
115,36,3,1.65,1,2.27,45061,Y2,,,0,13.679,clean
115,37,3,1.65,1,2.48,26912,Y2,,,0,13.645,clean
115,38,3,1.74,1,2.27,260353,Y2,,,0,13.513,clean
115,39,3,2.18,1,2.49,255525,Y4,,,1,13.470,clean
115,40,3,1.62,1,2.31,120878,Y4,,,0,13.427,clean
115,41,3,1.54,1,2.31,7331,Y2,,,0,13.440,clean
115,42,3,1.78,1,2.29,203937,Y2,,,0,13.445,clean
115,43,3,2.06,1,2.41,1400739,Y2,,,0,13.332,clean
115,44,3,1.95,1,2.41,1176327,Y2,,,0,13.108,clean
115,45,3,1.93,1,2.30,662953,Y4,,,0,12.953,clean
115,46,3,1.86,1,2.47,908732,Y2,,,0,12.786,clean
115,47,3,1.63,1,2.57,200182,Y2,,,0,12.538,clean
115,48,3,3.07,1,2.51,114173,Y2,0.00/noise-like,0.24/noise-like,0,12.153,hump-note
115,49,3,2.12,1,2.33,1126260,Y2,,,0,11.790,clean
115,50,3,2.24,1,2.55,972301,Y4,,,0,11.439,clean
115,51,3,1.79,1,2.96,384450,Y2,,,0,11.123,clean
115,52,3,2.05,1,2.51,394911,Y4,,,0,10.899,clean
115,53,3,1.93,1,2.31,44793,Y2,,,0,10.677,clean
115,54,3,2.12,1,2.43,16898,Y4,,,0,10.321,clean
115,55,3,2.26,1,2.30,520349,Y4,,,0,9.853,clean
115,56,3,2.48,1,2.49,39160,Y2,,,0,9.214,clean
115,57,3,3.08,1,6.23,805,Y4,0.00/noise-like,0.00/noise-like,8,8.540,FAM-HIT
115,58,3,3.30,1,2.41,153154,Y4,0.00/noise-like,0.00/noise-like,0,7.933,hump-note
115,59,3,3.82,1,2.44,973821,Y4,0.24/noise-like,0.00/noise-like,0,7.271,hump-note
115,60,3,0,-1,0,0,-,,,0,6.438,QUARANTINE:dark-lane range=60 distinct=58
115,61,3,0,-1,0,0,-,,,0,5.579,QUARANTINE:dark-lane range=49 distinct=48
115,62,3,0,-1,0,0,-,,,0,4.695,QUARANTINE:dark-lane range=43 distinct=41
115,63,3,0,-1,0,0,-,,,0,3.935,QUARANTINE:dark-lane range=35 distinct=35
116,0,3,1.50,1,2.52,433356,Y4,,,0,19.647,clean
116,1,3,1.41,1,2.53,1052678,Y2,,,0,19.600,clean
116,2,3,1.47,109,2.30,149399,Y2,,,0,19.559,clean
116,3,3,1.37,828,2.28,1109898,Y4,,,0,19.660,clean
116,4,3,1.41,476,2.42,1383752,Y2,,,0,19.794,clean
116,5,3,1.34,117,2.48,1330823,Y2,,,0,19.594,clean
116,6,3,1.45,1478,2.38,13858,Y4,,,0,19.278,clean
116,7,3,1.44,1,2.29,1162,Y4,,,0,19.079,clean
116,8,3,1.47,1,2.88,1282901,Y2,,,0,18.778,clean
116,9,3,1.47,1,2.54,613332,Y4,,,0,18.428,clean
116,10,3,1.60,1,2.48,874400,Y4,,,0,18.108,clean
116,11,3,1.42,1,2.37,306129,Y2,,,0,17.731,clean
116,12,3,1.35,367,2.61,76622,Y2,,,0,17.239,clean
116,13,3,1.39,432,2.47,1128852,Y4,,,0,16.767,clean
116,14,3,1.42,1,2.35,726342,Y2,,,0,16.464,clean
116,15,3,1.77,1,2.30,243902,Y4,,,0,16.274,clean
116,16,3,1.59,1,2.64,1179993,Y4,,,0,16.327,clean
116,17,3,1.43,1,2.30,1213431,Y4,,,0,16.465,clean
116,18,3,1.55,803,2.26,23603,Y2,,,0,17.737,clean
116,19,3,1.47,1,2.37,1241058,Y4,,,0,16.418,clean
116,20,3,1.50,1,2.48,522405,Y2,,,0,16.090,clean
116,21,3,1.66,1,2.39,103176,Y2,,,0,15.952,clean
116,22,3,1.64,1,2.38,48280,Y4,,,0,15.940,clean
116,23,3,1.45,1,2.33,169426,Y2,,,0,15.927,clean
116,24,3,1.52,1,2.37,656873,Y2,,,0,15.822,clean
116,25,3,1.56,1,5.40,12249,Y4,0.00/noise-like,0.00/noise-like,8,15.436,FAM-HIT
116,26,3,1.73,1,2.55,1280218,Y2,,,0,15.003,clean
116,27,3,1.62,619,2.48,170499,Y4,,,0,14.979,clean
116,28,3,1.87,1,2.37,1134396,Y2,,,0,14.591,clean
116,29,3,1.63,1,2.54,1010567,Y2,,,0,14.420,clean
116,30,3,1.54,1,2.44,218779,Y4,,,0,14.171,clean
116,31,3,1.77,1,2.37,613600,Y4,,,0,13.881,clean
116,32,3,1.39,1,2.60,314265,Y4,,,0,13.672,clean
116,33,3,1.75,1,2.47,151545,Y2,,,0,13.537,clean
116,34,3,1.82,1,2.39,937879,Y2,,,0,13.552,clean
116,35,3,1.91,1,2.56,949234,Y4,,,0,13.594,clean
116,36,3,1.78,1,2.51,745296,Y4,,,0,13.663,clean
116,37,3,1.71,1,2.52,715524,Y2,,,0,13.623,clean
116,38,3,1.68,1,2.35,153691,Y4,,,0,13.518,clean
116,39,3,1.69,1,2.46,142425,Y2,,,1,13.477,clean
116,40,3,1.75,1,2.45,1332521,Y2,,,0,13.424,clean
116,41,3,1.92,1,2.62,658482,Y4,,,0,13.445,clean
116,42,3,1.54,1,2.34,475913,Y2,,,0,13.415,clean
116,43,3,1.86,1,2.46,1015395,Y4,,,0,13.322,clean
116,44,3,1.99,1,2.52,927240,Y4,,,0,13.125,clean
116,45,3,1.83,1,2.60,864297,Y4,,,0,12.954,clean
116,46,3,1.90,1,2.23,1196623,Y2,,,0,12.764,clean
116,47,3,1.76,1,2.57,924110,Y2,,,0,12.529,clean
116,48,3,3.15,1,2.39,444442,Y4,0.00/noise-like,0.00/noise-like,0,12.166,hump-note
116,49,3,2.24,1,2.41,1180708,Y2,,,0,11.761,clean
116,50,3,1.94,1,2.40,242919,Y4,,,0,11.462,clean
116,51,3,2.29,1,2.78,378013,Y2,,,0,11.137,clean
116,52,3,2.13,1,2.25,706226,Y4,,,0,10.909,clean
116,53,3,2.48,1,2.42,319540,Y4,,,0,10.665,clean
116,54,3,2.37,1,2.41,41395,Y4,,,0,10.306,clean
116,55,3,2.54,1,2.74,891745,Y2,0.00/noise-like,0.00/noise-like,0,9.829,hump-note
116,56,3,2.84,1,2.33,189364,Y2,0.24/noise-like,0.00/noise-like,0,9.195,hump-note
116,57,3,2.56,1,7.33,1609,Y4,0.24/noise-like,0.00/noise-like,17,8.550,FAM-HIT
116,58,3,2.93,1,2.50,340909,Y2,0.00/noise-like,0.00/noise-like,0,7.930,hump-note
116,59,3,0,-1,0,0,-,,,0,7.277,QUARANTINE:dark-lane range=66 distinct=62
116,60,3,0,-1,0,0,-,,,0,6.444,QUARANTINE:dark-lane range=57 distinct=56
116,61,3,0,-1,0,0,-,,,0,5.584,QUARANTINE:dark-lane range=46 distinct=47
116,62,3,0,-1,0,0,-,,,0,4.691,QUARANTINE:dark-lane range=44 distinct=41
116,63,3,0,-1,0,0,-,,,0,3.936,QUARANTINE:dark-lane range=34 distinct=34
117,0,3,2.27,1,2.84,167012,Y2,,,0,19.681,clean
117,1,3,1.47,1,2.37,1083881,Y2,,,0,19.580,clean
117,2,3,1.43,1,2.52,92804,Y4,,,0,19.598,clean
117,3,3,1.36,1,2.68,336349,Y4,,,0,19.664,clean
117,4,3,1.62,1,2.30,70989,Y4,,,0,19.824,clean
117,5,3,1.34,74,2.45,315517,Y2,,,0,19.561,clean
117,6,3,1.60,1,2.54,317574,Y2,,,0,19.284,clean
117,7,3,1.39,1183,2.49,1029521,Y4,,,0,19.100,clean
117,8,3,1.44,1,2.36,41485,Y4,,,0,18.824,clean
117,9,3,1.59,1,2.38,945210,Y2,,,0,18.449,clean
117,10,3,1.58,1,2.42,33081,Y2,,,0,18.078,clean
117,11,3,1.34,523,2.55,761479,Y2,,,0,17.695,clean
117,12,3,1.60,1,2.53,1038283,Y4,,,0,17.211,clean
117,13,3,1.49,1,2.26,1250267,Y2,,,0,16.746,clean
117,14,3,1.59,1,2.50,1137078,Y2,,,0,16.443,clean
117,15,3,1.55,1,2.54,454992,Y2,,,0,16.291,clean
117,16,3,1.46,1,2.26,236124,Y4,,,0,16.294,clean
117,17,3,1.49,1,2.91,373632,Y4,,,0,16.481,clean
117,18,3,1.52,815,2.44,231028,Y2,,,0,17.730,clean
117,19,3,1.60,1,2.63,786692,Y4,,,0,16.412,clean
117,20,3,1.71,1,2.48,196069,Y4,,,0,16.137,clean
117,21,3,1.66,1,2.52,1195997,Y2,,,0,15.969,clean
117,22,3,1.55,1,2.38,1381516,Y2,,,0,15.959,clean
117,23,3,1.54,1,2.29,153780,Y4,,,0,15.910,clean
117,24,3,1.55,1,2.43,479668,Y4,,,0,15.829,clean
117,25,3,1.56,1,5.75,2414,Y4,0.00/noise-like,0.00/noise-like,4,15.451,FAM-HIT
117,26,3,1.60,1,2.54,584543,Y2,,,0,15.027,clean
117,27,3,1.60,605,2.48,361204,Y2,,,0,14.973,clean
117,28,3,1.66,1,2.33,576586,Y2,,,0,14.599,clean
117,29,3,1.54,1,2.55,35852,Y4,,,0,14.403,clean
117,30,3,1.85,1,2.36,1103640,Y2,,,0,14.150,clean
117,31,3,1.75,1,2.63,64194,Y4,,,0,13.894,clean
117,32,3,1.35,590,2.46,843555,Y2,,,0,13.632,clean
117,33,3,1.72,1,2.40,419766,Y4,,,0,13.554,clean
117,34,3,1.71,1,2.26,1389652,Y2,,,0,13.515,clean
117,35,3,1.89,1,2.24,133395,Y2,,,0,13.575,clean
117,36,3,1.71,1,2.41,184089,Y4,,,0,13.686,clean
117,37,3,1.85,1,2.50,393569,Y2,,,0,13.635,clean
117,38,3,1.48,1,2.55,219762,Y2,,,0,13.501,clean
117,39,3,1.63,1,2.36,1330912,Y2,,,0,13.457,clean
117,40,3,1.60,1,2.45,1398504,Y4,,,0,13.413,clean
117,41,3,1.89,1,2.44,64909,Y4,,,0,13.424,clean
117,42,3,1.69,1,2.57,97364,Y2,,,0,13.395,clean
117,43,3,1.87,1,2.66,24229,Y2,,,0,13.325,clean
117,44,3,1.79,1,2.26,688612,Y2,,,0,13.136,clean
117,45,3,1.98,1,2.47,39339,Y2,,,0,12.951,clean
117,46,3,1.86,1,2.51,1245618,Y4,,,0,12.792,clean
117,47,3,1.92,1,2.43,292540,Y4,,,0,12.539,clean
117,48,3,3.28,1,2.33,259995,Y2,0.00/noise-like,0.24/noise-like,0,12.160,hump-note
117,49,3,1.81,1,2.52,556558,Y2,,,0,11.775,clean
117,50,3,2.27,1,2.82,520438,Y4,,,0,11.441,clean
117,51,3,2.11,1,2.45,22799,Y2,,,0,11.127,clean
117,52,3,2.00,1,2.39,1010478,Y4,,,0,10.894,clean
117,53,3,2.19,1,2.27,1246154,Y4,,,0,10.656,clean
117,54,3,2.32,1,2.41,1417100,Y4,,,0,10.334,clean
117,55,3,2.15,1,2.35,875652,Y2,,,0,9.839,clean
117,56,3,2.78,1,2.27,690579,Y4,0.00/noise-like,0.00/noise-like,0,9.228,hump-note
117,57,3,2.47,1,4.45,715,Y4,0.00/noise-like,0.00/noise-like,5,8.528,FAM-HIT
117,58,3,3.33,1,2.31,1123756,Y2,0.00/noise-like,0.00/noise-like,0,7.938,hump-note
117,59,3,0,-1,0,0,-,,,0,7.276,QUARANTINE:dark-lane range=66 distinct=63
117,60,3,0,-1,0,0,-,,,0,6.436,QUARANTINE:dark-lane range=59 distinct=58
117,61,3,0,-1,0,0,-,,,0,5.576,QUARANTINE:dark-lane range=49 distinct=50
117,62,3,0,-1,0,0,-,,,0,4.697,QUARANTINE:dark-lane range=41 distinct=41
117,63,3,0,-1,0,0,-,,,0,3.941,QUARANTINE:dark-lane range=33 distinct=34
118,0,3,2.62,1,2.28,799298,Y2,0.00/noise-like,0.24/noise-like,0,19.660,hump-note
118,1,3,1.36,350,2.37,1411736,Y2,,,0,19.560,clean
118,2,3,1.54,1,2.56,1225054,Y4,,,0,19.558,clean
118,3,3,1.40,1,2.51,1070112,Y2,,,0,19.725,clean
118,4,3,1.58,1,2.52,293612,Y2,,,0,19.790,clean
118,5,3,1.33,1071,2.40,408590,Y2,,,0,19.573,clean
118,6,3,1.45,1,2.50,694066,Y2,,,0,19.319,clean
118,7,3,1.32,942,2.36,11265,Y4,,,0,19.078,clean
118,8,3,1.34,889,2.48,1346827,Y4,,,0,18.790,clean
118,9,3,1.34,1503,2.54,80377,Y2,,,0,18.445,clean
118,10,3,1.42,1,2.40,61601,Y4,,,0,18.098,clean
118,11,3,1.43,1,2.47,600815,Y2,,,0,17.710,clean
118,12,3,1.35,1313,2.49,1049548,Y4,,,0,17.227,clean
118,13,3,1.73,1,2.44,1219600,Y2,,,0,16.766,clean
118,14,3,1.55,1,2.31,81718,Y4,,,0,16.431,clean
118,15,3,1.52,1,2.51,171214,Y2,,,0,16.254,clean
118,16,3,1.73,1,2.32,422269,Y4,,,0,16.298,clean
118,17,3,1.63,1,2.55,434786,Y4,,,0,16.496,clean
118,18,3,1.54,734,2.32,555128,Y4,,,0,17.724,clean
118,19,3,1.55,1,2.45,1267970,Y4,,,0,16.407,clean
118,20,3,1.47,1,2.45,517845,Y4,,,0,16.138,clean
118,21,3,1.63,1,2.53,1264304,Y4,,,0,15.952,clean
118,22,3,1.55,310,2.65,16540,Y2,,,0,15.978,clean
118,23,3,1.60,1,2.32,813514,Y2,,,0,15.926,clean
118,24,3,1.46,1066,2.51,267595,Y2,,,0,15.820,clean
118,25,3,1.39,1308,2.38,122041,Y4,,,0,15.427,clean
118,26,3,1.79,1,2.43,997245,Y2,,,0,14.999,clean
118,27,3,1.62,1,2.41,907570,Y2,,,0,14.983,clean
118,28,3,1.60,1,2.36,955850,Y2,,,0,14.567,clean
118,29,3,1.60,1,2.39,615835,Y4,,,0,14.404,clean
118,30,3,1.55,1,2.48,70095,Y4,,,0,14.136,clean
118,31,3,1.77,1,2.60,751376,Y4,,,0,13.866,clean
118,32,3,1.37,205,2.59,229061,Y4,,,0,13.655,clean
118,33,3,1.72,1,2.54,289410,Y2,,,0,13.549,clean
118,34,3,1.72,1,2.43,338584,Y4,,,0,13.514,clean
118,35,3,1.89,1,2.33,266701,Y2,,,0,13.606,clean
118,36,3,2.01,1,2.39,1087368,Y4,,,0,13.679,clean
118,37,3,1.62,1,2.37,75638,Y4,,,0,13.638,clean
118,38,3,1.92,1,2.40,1149237,Y2,,,0,13.524,clean
118,39,3,1.77,1,2.24,530004,Y2,,,0,13.460,clean
118,40,3,1.63,1,2.51,1086473,Y4,,,0,13.402,clean
118,41,3,1.82,1,2.41,1112849,Y4,,,0,13.398,clean
118,42,3,1.69,1,2.58,144750,Y4,,,0,13.395,clean
118,43,3,1.81,1,2.41,62674,Y2,,,0,13.317,clean
118,44,3,1.73,1,2.40,652134,Y4,,,0,13.129,clean
118,45,3,1.93,1,2.45,644624,Y4,,,0,12.926,clean
118,46,3,1.93,1,2.32,207782,Y4,,,0,12.774,clean
118,47,3,1.73,1,2.52,99331,Y2,,,0,12.546,clean
118,48,3,3.37,1,2.53,178009,Y2,0.24/noise-like,0.00/noise-like,0,12.168,hump-note
118,49,3,2.07,1,2.22,453115,Y4,,,0,11.776,clean
118,50,3,1.75,1,2.34,111759,Y4,,,0,11.442,clean
118,51,3,1.76,1,2.44,176042,Y2,,,0,11.130,clean
118,52,3,2.23,1,2.33,761658,Y4,,,0,10.896,clean
118,53,3,2.21,1,2.60,1274765,Y4,,,0,10.670,clean
118,54,3,2.37,1,2.40,1147538,Y4,,,0,10.316,clean
118,55,3,2.24,1,2.37,1115620,Y2,,,0,9.834,clean
118,56,3,2.65,1,2.55,1229793,Y2,0.00/noise-like,0.00/noise-like,0,9.223,hump-note
118,57,3,3.03,1,2.40,511765,Y2,0.24/noise-like,0.00/noise-like,0,8.529,hump-note
118,58,3,3.33,1,2.58,709176,Y2,0.24/noise-like,0.00/noise-like,0,7.938,hump-note
118,59,3,0,-1,0,0,-,,,0,7.266,QUARANTINE:dark-lane range=65 distinct=61
118,60,3,0,-1,0,0,-,,,0,6.432,QUARANTINE:dark-lane range=54 distinct=54
118,61,3,0,-1,0,0,-,,,0,5.572,QUARANTINE:dark-lane range=52 distinct=52
118,62,3,0,-1,0,0,-,,,0,4.702,QUARANTINE:dark-lane range=41 distinct=41
118,63,3,0,-1,0,0,-,,,0,3.936,QUARANTINE:dark-lane range=34 distinct=35
119,0,3,2.19,1,2.45,1219600,Y4,,,0,19.653,clean
119,1,3,1.63,1,2.43,987679,Y2,,,0,19.568,clean
119,2,3,1.42,1,2.51,1198500,Y4,,,0,19.563,clean
119,3,3,1.42,1,2.29,1018882,Y2,,,0,19.720,clean
119,4,3,1.56,1,2.40,130624,Y4,,,0,19.797,clean
119,5,3,1.71,1,2.31,27895,Y2,,,0,19.569,clean
119,6,3,1.54,1,2.48,686109,Y4,,,0,19.307,clean
119,7,3,1.36,1132,2.37,1380891,Y4,,,0,19.101,clean
119,8,3,1.52,1,2.55,373632,Y2,,,0,18.813,clean
119,9,3,1.44,1133,2.43,129908,Y2,,,0,18.437,clean
119,10,3,1.36,1567,2.39,1437485,Y4,,,0,18.110,clean
119,11,3,1.57,1,2.43,888705,Y2,,,0,17.705,clean
119,12,3,1.58,1,2.40,1072347,Y2,,,0,17.204,clean
119,13,3,1.60,1,2.51,1397967,Y2,,,0,16.762,clean
119,14,3,1.68,1,2.48,21905,Y2,,,0,16.437,clean
119,15,3,1.68,1,2.57,1238018,Y4,,,0,16.277,clean
119,16,3,1.63,1,2.44,185788,Y4,,,0,16.324,clean
119,17,3,1.37,1,2.31,615299,Y2,,,0,16.481,clean
119,18,3,1.50,684,2.30,802875,Y2,,,0,17.749,clean
119,19,3,1.56,1,2.44,867248,Y2,,,0,16.451,clean
119,20,3,1.36,1,2.37,345916,Y4,,,0,16.105,clean
119,21,3,1.36,1610,2.45,373632,Y2,,,0,15.925,clean
119,22,3,1.64,1,2.50,357270,Y4,,,0,15.969,clean
119,23,3,1.43,1,2.37,925720,Y2,,,0,15.943,clean
119,24,3,1.79,1,2.21,1196265,Y4,,,0,15.842,clean
119,25,3,1.63,1,3.38,2682,Y4,0.00/noise-like,0.00/noise-like,4,15.409,FAM-HIT
119,26,3,1.42,1451,2.24,832200,Y4,,,0,15.018,clean
119,27,3,1.72,1,2.59,123382,Y2,,,0,14.972,clean
119,28,3,1.48,1,2.24,356644,Y2,,,0,14.587,clean
119,29,3,1.48,1,2.33,153512,Y4,,,0,14.400,clean
119,30,3,1.93,1,2.53,86904,Y2,,,0,14.145,clean
119,31,3,1.69,1,2.24,40144,Y2,,,0,13.894,clean
119,32,3,1.34,1465,2.66,449270,Y2,,,0,13.636,clean
119,33,3,1.85,1,2.54,775248,Y4,,,0,13.531,clean
119,34,3,1.87,1,2.36,740468,Y4,,,0,13.516,clean
119,35,3,1.54,1,2.29,117213,Y2,,,0,13.575,clean
119,36,3,1.80,1,2.64,309080,Y2,,,0,13.701,clean
119,37,3,1.62,1,3.05,757277,Y4,0.24/noise-like,0.00/noise-like,0,13.641,FAM-HIT
119,38,3,1.63,1,2.31,615835,Y4,,,0,13.506,clean
119,39,3,1.97,1,2.49,695765,Y2,,,0,13.461,clean
119,40,3,1.89,1,2.49,1049906,Y4,,,0,13.439,clean
119,41,3,1.65,1,2.61,67949,Y2,,,0,13.398,clean
119,42,3,1.87,1,2.43,743240,Y2,,,0,13.412,clean
119,43,3,1.85,1,2.40,997782,Y2,,,0,13.295,clean
119,44,3,1.83,1,2.43,671625,Y4,,,0,13.115,clean
119,45,3,1.47,1,2.24,334829,Y2,,,0,12.951,clean
119,46,3,1.84,1,2.25,642031,Y2,,,0,12.776,clean
119,47,3,1.94,1,2.34,1053482,Y4,,,0,12.553,clean
119,48,3,3.25,1,2.50,246316,Y2,0.00/noise-like,0.00/noise-like,0,12.148,hump-note
119,49,3,1.91,1,2.31,495672,Y4,,,0,11.782,clean
119,50,3,2.17,1,2.42,522316,Y2,,,0,11.451,clean
119,51,3,2.08,1,2.37,691831,Y4,,,0,11.123,clean
119,52,3,2.26,1,2.52,553429,Y4,,,0,10.902,clean
119,53,3,2.21,1,2.26,237107,Y4,,,0,10.670,clean
119,54,3,2.19,1,2.61,388920,Y2,,,0,10.314,clean
119,55,3,2.74,1,2.43,548780,Y2,0.00/noise-like,0.00/noise-like,0,9.841,hump-note
119,56,3,2.47,1,2.42,775605,Y2,,,0,9.211,clean
119,57,3,2.95,1,7.27,1431,Y4,0.00/noise-like,0.00/noise-like,7,8.540,FAM-HIT
119,58,3,3.37,1,2.35,97007,Y4,0.00/noise-like,0.42/WATCH,0,7.950,hump-note
119,59,3,3.17,1,2.30,1135737,Y2,0.00/noise-like,0.00/noise-like,0,7.283,hump-note
119,60,3,0,-1,0,0,-,,,0,6.435,QUARANTINE:dark-lane range=55 distinct=55
119,61,3,0,-1,0,0,-,,,0,5.593,QUARANTINE:dark-lane range=51 distinct=51
119,62,3,0,-1,0,0,-,,,0,4.701,QUARANTINE:dark-lane range=42 distinct=42
119,63,3,0,-1,0,0,-,,,0,3.936,QUARANTINE:dark-lane range=38 distinct=35
120,0,3,2.39,1,2.29,130981,Y2,,,0,19.699,clean
120,1,3,1.41,1408,2.39,664473,Y4,,,0,19.620,clean
120,2,3,1.38,1,2.48,954866,Y4,,,0,19.581,clean
120,3,3,1.37,936,2.55,431478,Y4,,,0,19.669,clean
120,4,3,1.51,1,2.42,389993,Y2,,,0,19.772,clean
120,5,3,1.70,1,2.46,719815,Y4,,,0,19.546,clean
120,6,3,1.47,1,2.36,285834,Y4,,,0,19.291,clean
120,7,3,1.36,960,2.28,796974,Y4,,,1,19.088,clean
120,8,3,1.37,588,2.35,397235,Y4,,,0,18.850,clean
120,9,3,1.61,1,2.52,4828,Y4,,,0,18.449,clean
120,10,3,1.55,1,2.51,1358896,Y2,,,0,18.082,clean
120,11,3,1.37,1,2.31,289857,Y2,,,0,17.705,clean
120,12,3,1.62,1,2.41,687450,Y2,,,0,17.235,clean
120,13,3,1.52,1,2.46,1225948,Y2,,,0,16.757,clean
120,14,3,1.56,1,2.40,16987,Y2,,,0,16.448,clean
120,15,3,1.65,1,2.33,925094,Y2,,,0,16.269,clean
120,16,3,1.45,1166,2.38,28163,Y2,,,0,16.327,clean
120,17,3,1.37,1050,2.55,284135,Y2,,,0,16.466,clean
120,18,3,1.52,726,2.52,290036,Y2,,,0,17.754,clean
120,19,3,1.49,1,2.39,977933,Y4,,,0,16.420,clean
120,20,3,1.55,1,2.41,855714,Y4,,,0,16.139,clean
120,21,3,1.69,1,2.40,1175702,Y4,,,0,15.971,clean
120,22,3,1.62,1,2.51,214756,Y2,,,0,15.957,clean
120,23,3,1.65,1,2.34,1447409,Y4,,,0,15.923,clean
120,24,3,1.40,1,2.31,478685,Y2,,,0,15.835,clean
120,25,3,1.49,1,7.07,78589,Y4,0.00/noise-like,0.00/noise-like,18,15.441,FAM-HIT
120,26,3,1.49,1,2.34,807613,Y4,,,0,15.038,clean
120,27,3,1.66,634,2.52,686556,Y4,,,0,14.966,clean
120,28,3,1.93,1,2.41,1333773,Y4,,,0,14.601,clean
120,29,3,1.90,1,2.50,322938,Y4,,,0,14.371,clean
120,30,3,1.45,1,2.30,275731,Y2,,,0,14.162,clean
120,31,3,1.83,1,2.32,342876,Y4,,,0,13.910,clean
120,32,3,1.52,1,2.44,721335,Y2,,,0,13.675,clean
120,33,3,1.75,1,2.56,406086,Y2,,,0,13.536,clean
120,34,3,1.78,1,2.52,102103,Y2,,,0,13.534,clean
120,35,3,1.65,1,2.21,384271,Y4,,,0,13.602,clean
120,36,3,2.17,1,2.77,268489,Y4,,,0,13.668,clean
120,37,3,1.78,1,2.31,86993,Y4,,,0,13.661,clean
120,38,3,1.78,1,2.35,800639,Y4,,,0,13.531,clean
120,39,3,1.60,1,2.69,554502,Y4,,,0,13.457,clean
120,40,3,1.90,1,2.43,52214,Y2,,,0,13.418,clean
120,41,3,1.91,1,2.76,1177490,Y2,,,0,13.396,clean
120,42,3,1.69,1,2.28,565052,Y4,,,0,13.398,clean
120,43,3,1.83,1,2.47,161022,Y2,,,0,13.301,clean
120,44,3,1.57,1,2.35,143856,Y2,,,0,13.110,clean
120,45,3,2.06,1,2.46,250161,Y2,,,0,12.951,clean
120,46,3,1.91,1,2.52,36567,Y4,,,0,12.787,clean
120,47,3,1.90,1,2.31,389367,Y2,,,0,12.544,clean
120,48,3,3.16,1,2.72,352353,Y2,0.00/noise-like,0.00/noise-like,0,12.162,hump-note
120,49,3,1.84,1,2.40,782400,Y2,,,0,11.761,clean
120,50,3,2.00,1,2.34,25481,Y2,,,0,11.436,clean
120,51,3,2.14,1,2.31,743687,Y4,,,0,11.140,clean
120,52,3,2.00,1,2.56,1312852,Y2,,,0,10.889,clean
120,53,3,2.43,1,2.24,602067,Y2,,,0,10.660,clean
120,54,3,2.26,1,2.67,759065,Y4,,,0,10.348,clean
120,55,3,2.66,1,2.60,637114,Y2,0.00/noise-like,0.00/noise-like,0,9.854,hump-note
120,56,3,2.58,1,2.38,737518,Y4,0.00/noise-like,0.00/noise-like,0,9.216,hump-note
120,57,3,2.66,1,6.22,1341,Y4,0.00/noise-like,0.00/noise-like,23,8.553,FAM-HIT
120,58,3,2.88,1,2.46,106484,Y2,0.00/noise-like,0.00/noise-like,0,7.947,hump-note
120,59,3,0,-1,0,0,-,,,0,7.289,QUARANTINE:dark-lane range=60 distinct=61
120,60,3,0,-1,0,0,-,,,0,6.439,QUARANTINE:dark-lane range=55 distinct=56
120,61,3,0,-1,0,0,-,,,0,5.590,QUARANTINE:dark-lane range=47 distinct=47
120,62,3,0,-1,0,0,-,,,0,4.691,QUARANTINE:dark-lane range=45 distinct=43
120,63,3,0,-1,0,0,-,,,0,3.941,QUARANTINE:dark-lane range=37 distinct=35
121,0,3,1.95,1,2.46,1281738,Y4,,,0,19.672,clean
121,1,3,1.35,914,2.35,313550,Y2,,,0,19.600,clean
121,2,3,1.52,1,2.51,195444,Y4,,,0,19.582,clean
121,3,3,1.38,1,2.26,1336098,Y2,,,0,19.681,clean
121,4,3,1.54,1,2.62,700325,Y4,,,0,19.825,clean
121,5,3,1.39,1,2.49,717402,Y2,,,0,19.592,clean
121,6,3,1.37,465,2.37,123382,Y2,,,0,19.271,clean
121,7,3,1.37,1129,2.44,1397252,Y4,,,0,19.125,clean
121,8,3,1.40,72,2.43,1028448,Y4,,,0,18.823,clean
121,9,3,1.55,1,2.39,116676,Y2,,,0,18.421,clean
121,10,3,1.53,1,2.78,783384,Y2,,,0,18.090,clean
121,11,3,1.64,1,2.72,466436,Y2,,,0,17.697,clean
121,12,3,1.70,1,2.30,154585,Y4,,,0,17.218,clean
121,13,3,1.57,1,2.28,1065910,Y4,,,0,16.753,clean
121,14,3,1.55,1,2.34,1252323,Y4,,,0,16.446,clean
121,15,3,1.53,1,2.44,1302391,Y4,,,0,16.279,clean
121,16,3,1.47,1,2.46,483066,Y2,,,0,16.308,clean
121,17,3,1.40,1,2.32,337601,Y4,,,0,16.497,clean
121,18,3,1.50,768,2.37,219584,Y2,,,0,17.745,clean
121,19,3,1.39,1286,2.34,1296312,Y4,,,0,16.420,clean
121,20,3,1.71,1,2.29,1267076,Y2,,,0,16.110,clean
121,21,3,1.42,1,2.41,572205,Y2,,,0,15.955,clean
121,22,3,1.67,1,2.55,1226664,Y2,,,0,15.925,clean
121,23,3,1.46,1,2.27,154942,Y4,,,0,15.955,clean
121,24,3,1.54,1,2.32,1407534,Y4,,,0,15.826,clean
121,25,3,1.72,1,2.50,524193,Y4,,,0,15.457,clean
121,26,3,1.35,1025,2.34,909179,Y2,,,0,14.996,clean
121,27,3,1.68,1,2.37,9030,Y2,,,0,14.984,clean
121,28,3,1.46,1,2.97,748694,Y4,,,0,14.579,clean
121,29,3,1.68,1,2.40,135630,Y4,,,0,14.394,clean
121,30,3,1.91,1,2.36,948250,Y2,,,0,14.153,clean
121,31,3,1.69,1,2.28,706941,Y2,,,0,13.924,clean
121,32,3,1.40,290,2.40,297457,Y2,,,0,13.668,clean
121,33,3,1.84,1,2.39,92179,Y4,,,0,13.551,clean
121,34,3,1.81,1,2.33,489324,Y4,,,0,13.537,clean
121,35,3,1.64,1,2.46,48548,Y2,,,0,13.585,clean
121,36,3,1.95,1,2.42,908107,Y2,,,0,13.661,clean
121,37,3,1.85,1,2.43,538051,Y2,,,0,13.634,clean
121,38,3,1.54,1,2.50,1253933,Y2,,,0,13.515,clean
121,39,3,1.62,1,2.67,1301944,Y2,,,0,13.472,clean
121,40,3,1.79,1,2.37,25749,Y4,,,0,13.450,clean
121,41,3,1.76,1,2.41,660986,Y4,,,0,13.405,clean
121,42,3,1.81,1,2.27,1315445,Y4,,,0,13.388,clean
121,43,3,1.72,1,2.54,19670,Y2,,,0,13.307,clean
121,44,3,1.67,1,2.42,1162469,Y4,,,0,13.122,clean
121,45,3,1.82,1,2.27,858486,Y2,,,0,12.958,clean
121,46,3,1.85,1,2.35,452042,Y4,,,0,12.768,clean
121,47,3,1.86,1,2.43,1391083,Y2,,,0,12.536,clean
121,48,3,3.52,1,2.33,685304,Y2,0.00/noise-like,0.00/noise-like,0,12.165,hump-note
121,49,3,2.05,1,2.26,926703,Y2,,,0,11.740,clean
121,50,3,2.14,1,2.30,1040876,Y4,,,0,11.449,clean
121,51,3,2.08,1,2.28,1391709,Y4,,,0,11.136,clean
121,52,3,2.15,1,2.68,1094610,Y4,,,0,10.902,clean
121,53,3,2.42,1,2.39,367820,Y2,,,0,10.646,clean
121,54,3,2.22,1,2.40,37819,Y4,,,0,10.328,clean
121,55,3,2.33,1,2.36,1189381,Y2,,,0,9.832,clean
121,56,3,2.29,1,2.32,383109,Y4,,,0,9.212,clean
121,57,3,3.00,1,2.41,113189,Y2,0.00/noise-like,0.00/noise-like,0,8.537,hump-note
121,58,3,2.76,1,2.35,769168,Y4,0.00/noise-like,0.00/noise-like,0,7.942,hump-note
121,59,3,0,-1,0,0,-,,,0,7.275,QUARANTINE:dark-lane range=61 distinct=60
121,60,3,0,-1,0,0,-,,,0,6.437,QUARANTINE:dark-lane range=56 distinct=56
121,61,3,0,-1,0,0,-,,,0,5.590,QUARANTINE:dark-lane range=47 distinct=48
121,62,3,0,-1,0,0,-,,,0,4.699,QUARANTINE:dark-lane range=42 distinct=41
121,63,3,0,-1,0,0,-,,,0,3.935,QUARANTINE:dark-lane range=32 distinct=33
121,0,3,1.95,1,2.46,1281738,Y4,,,0,19.672,clean
121,1,3,1.35,914,2.35,313550,Y2,,,0,19.600,clean
121,2,3,1.52,1,2.51,195444,Y4,,,0,19.582,clean
121,3,3,1.38,1,2.26,1336098,Y2,,,0,19.681,clean
121,4,3,1.54,1,2.62,700325,Y4,,,0,19.825,clean
121,5,3,1.39,1,2.49,717402,Y2,,,0,19.592,clean
121,6,3,1.37,465,2.37,123382,Y2,,,0,19.271,clean
121,7,3,1.37,1129,2.44,1397252,Y4,,,0,19.125,clean
121,8,3,1.40,72,2.43,1028448,Y4,,,0,18.823,clean
121,9,3,1.55,1,2.39,116676,Y2,,,0,18.421,clean
121,10,3,1.53,1,2.78,783384,Y2,,,0,18.090,clean
121,11,3,1.64,1,2.72,466436,Y2,,,0,17.697,clean
121,12,3,1.70,1,2.30,154585,Y4,,,0,17.218,clean
121,13,3,1.57,1,2.28,1065910,Y4,,,0,16.753,clean
121,14,3,1.55,1,2.34,1252323,Y4,,,0,16.446,clean
121,15,3,1.53,1,2.44,1302391,Y4,,,0,16.279,clean
121,16,3,1.47,1,2.46,483066,Y2,,,0,16.308,clean
121,17,3,1.40,1,2.32,337601,Y4,,,0,16.497,clean
121,18,3,1.50,768,2.37,219584,Y2,,,0,17.745,clean
121,19,3,1.39,1286,2.34,1296312,Y4,,,0,16.420,clean
121,20,3,1.71,1,2.29,1267076,Y2,,,0,16.110,clean
121,21,3,1.42,1,2.41,572205,Y2,,,0,15.955,clean
121,22,3,1.67,1,2.55,1226664,Y2,,,0,15.925,clean
121,23,3,1.46,1,2.27,154942,Y4,,,0,15.955,clean
121,24,3,1.54,1,2.32,1407534,Y4,,,0,15.826,clean
121,25,3,1.72,1,2.50,524193,Y4,,,0,15.457,clean
121,26,3,1.35,1025,2.34,909179,Y2,,,0,14.996,clean
121,27,3,1.68,1,2.37,9030,Y2,,,0,14.984,clean
121,28,3,1.46,1,2.97,748694,Y4,,,0,14.579,clean
121,29,3,1.68,1,2.40,135630,Y4,,,0,14.394,clean
121,30,3,1.91,1,2.36,948250,Y2,,,0,14.153,clean
121,31,3,1.69,1,2.28,706941,Y2,,,0,13.924,clean
121,32,3,1.40,290,2.40,297457,Y2,,,0,13.668,clean
121,33,3,1.84,1,2.39,92179,Y4,,,0,13.551,clean
121,34,3,1.81,1,2.33,489324,Y4,,,0,13.537,clean
121,35,3,1.64,1,2.46,48548,Y2,,,0,13.585,clean
121,36,3,1.95,1,2.42,908107,Y2,,,0,13.661,clean
121,37,3,1.85,1,2.43,538051,Y2,,,0,13.634,clean
121,38,3,1.54,1,2.50,1253933,Y2,,,0,13.515,clean
121,39,3,1.62,1,2.67,1301944,Y2,,,0,13.472,clean
121,40,3,1.79,1,2.37,25749,Y4,,,0,13.450,clean
121,41,3,1.76,1,2.41,660986,Y4,,,0,13.405,clean
121,42,3,1.81,1,2.27,1315445,Y4,,,0,13.388,clean
121,43,3,1.72,1,2.54,19670,Y2,,,0,13.307,clean
121,44,3,1.67,1,2.42,1162469,Y4,,,0,13.122,clean
121,45,3,1.82,1,2.27,858486,Y2,,,0,12.958,clean
121,46,3,1.85,1,2.35,452042,Y4,,,0,12.768,clean
121,47,3,1.86,1,2.43,1391083,Y2,,,0,12.536,clean
121,48,3,3.52,1,2.33,685304,Y2,0.00/noise-like,0.00/noise-like,0,12.165,hump-note
121,49,3,2.05,1,2.26,926703,Y2,,,0,11.740,clean
121,50,3,2.14,1,2.30,1040876,Y4,,,0,11.449,clean
121,51,3,2.08,1,2.28,1391709,Y4,,,0,11.136,clean
121,52,3,2.15,1,2.68,1094610,Y4,,,0,10.902,clean
121,53,3,2.42,1,2.39,367820,Y2,,,0,10.646,clean
121,54,3,2.22,1,2.40,37819,Y4,,,0,10.328,clean
121,55,3,2.33,1,2.36,1189381,Y2,,,0,9.832,clean
121,56,3,2.29,1,2.32,383109,Y4,,,0,9.212,clean
121,57,3,3.00,1,2.41,113189,Y2,0.00/noise-like,0.00/noise-like,0,8.537,hump-note
121,58,3,2.76,1,2.35,769168,Y4,0.00/noise-like,0.00/noise-like,0,7.942,hump-note
121,59,3,0,-1,0,0,-,,,0,7.275,QUARANTINE:dark-lane range=61 distinct=60
121,60,3,0,-1,0,0,-,,,0,6.437,QUARANTINE:dark-lane range=56 distinct=56
121,61,3,0,-1,0,0,-,,,0,5.590,QUARANTINE:dark-lane range=47 distinct=48
121,62,3,0,-1,0,0,-,,,0,4.699,QUARANTINE:dark-lane range=42 distinct=41
121,63,3,0,-1,0,0,-,,,0,3.935,QUARANTINE:dark-lane range=32 distinct=33
122,0,3,2.02,1,2.46,126153,Y4,,,0,19.699,clean
122,1,3,1.37,1474,2.27,1310974,Y4,,,0,19.603,clean
122,2,3,1.46,1,2.43,989735,Y4,,,0,19.560,clean
122,3,3,1.42,1,2.85,963807,Y4,,,0,19.701,clean
122,4,3,1.46,904,2.44,74118,Y4,,,0,19.812,clean
122,5,3,1.63,1,2.22,125349,Y4,,,0,19.562,clean
122,6,3,1.37,1,2.27,686198,Y4,,,0,19.326,clean
122,7,3,1.40,1,2.31,527769,Y4,,,0,19.110,clean
122,8,3,1.50,1,2.32,71079,Y4,,,0,18.813,clean
122,9,3,1.38,1481,2.38,1308829,Y2,,,0,18.455,clean
122,10,3,1.50,1,2.75,1052856,Y2,,,0,18.106,clean
122,11,3,1.36,1266,2.27,125527,Y2,,,0,17.719,clean
122,12,3,1.33,1,2.29,1042753,Y4,,,0,17.230,clean
122,13,3,1.47,1,2.65,540286,Y2,,,0,16.760,clean
122,14,3,1.84,1,2.27,634074,Y4,,,0,16.466,clean
122,15,3,1.38,1,2.56,243008,Y4,,,0,16.266,clean
122,16,3,1.34,195,2.67,223160,Y2,,,0,16.318,clean
122,17,3,1.46,1,2.70,192493,Y4,,,0,16.501,clean
122,18,3,1.51,723,2.50,155300,Y4,,,0,17.751,clean
122,19,3,1.45,1,2.54,553072,Y4,,,0,16.440,clean
122,20,3,1.33,349,2.44,999033,Y2,,,0,16.115,clean
122,21,3,1.72,1,2.54,202328,Y4,,,0,15.940,clean
122,22,3,1.39,1,2.84,116050,Y4,,,0,15.959,clean
122,23,3,1.67,1,2.76,1229972,Y4,,,0,15.915,clean
122,24,3,1.58,1,2.38,1323760,Y2,,,0,15.829,clean
122,25,3,1.72,1,2.49,701308,Y2,,,0,15.414,clean
122,26,3,1.50,1,2.40,191599,Y2,,,0,15.006,clean
122,27,3,1.87,1,2.39,1066804,Y2,,,0,14.996,clean
122,28,3,1.42,1,2.33,458568,Y2,,,0,14.595,clean
122,29,3,1.72,1,2.39,972569,Y2,,,0,14.405,clean
122,30,3,1.93,1,2.31,948608,Y2,,,0,14.162,clean
122,31,3,1.65,1,2.53,1118481,Y2,,,0,13.895,clean
122,32,3,1.36,1,2.43,673592,Y4,,,0,13.636,clean
122,33,3,1.39,1,2.47,376582,Y2,,,0,13.526,clean
122,34,3,1.56,1,2.26,417709,Y2,,,0,13.522,clean
122,35,3,1.79,1,2.36,872165,Y4,,,0,13.594,clean
122,36,3,1.90,1,2.29,875473,Y2,,,0,13.683,clean
122,37,3,1.71,1,2.65,447392,Y2,,,0,13.644,clean
122,38,3,1.56,1,2.79,1072615,Y4,,,0,13.529,clean
122,39,3,1.77,1,2.38,132233,Y4,,,0,13.479,clean
122,40,3,1.78,1,2.36,625938,Y2,,,0,13.429,clean
122,41,3,1.81,1,2.37,246763,Y2,,,0,13.415,clean
122,42,3,1.86,1,2.39,1296759,Y4,,,0,13.442,clean
122,43,3,1.61,1,2.41,748247,Y2,,,0,13.326,clean
122,44,3,1.92,1,2.57,887454,Y2,,,0,13.130,clean
122,45,3,1.79,1,2.35,1013070,Y4,,,0,12.941,clean
122,46,3,1.99,1,2.30,782132,Y2,,,0,12.791,clean
122,47,3,1.76,1,2.50,172019,Y4,,,0,12.539,clean
122,48,3,3.74,1,2.35,811815,Y2,0.00/noise-like,0.00/noise-like,0,12.161,hump-note
122,49,3,2.03,1,2.34,550568,Y2,,,0,11.755,clean
122,50,3,1.94,1,2.27,277072,Y2,,,0,11.458,clean
122,51,3,1.92,1,2.63,748694,Y4,,,0,11.137,clean
122,52,3,2.06,1,2.39,194013,Y4,,,0,10.910,clean
122,53,3,2.31,1,2.47,116318,Y2,,,0,10.677,clean
122,54,3,2.23,1,2.53,1118392,Y4,,,0,10.324,clean
122,55,3,2.55,1,2.43,372827,Y2,0.00/noise-like,0.00/noise-like,0,9.831,hump-note
122,56,3,2.92,1,2.75,1060367,Y4,0.00/noise-like,0.00/noise-like,0,9.229,hump-note
122,57,3,2.72,1,2.41,1026660,Y2,0.00/noise-like,0.00/noise-like,0,8.541,hump-note
122,58,3,3.29,1,2.53,114530,Y2,0.00/noise-like,0.24/noise-like,0,7.937,hump-note
122,59,3,0,-1,0,0,-,,,0,7.279,QUARANTINE:dark-lane range=62 distinct=63
122,60,3,0,-1,0,0,-,,,0,6.440,QUARANTINE:dark-lane range=56 distinct=55
122,61,3,0,-1,0,0,-,,,0,5.589,QUARANTINE:dark-lane range=51 distinct=49
122,62,3,0,-1,0,0,-,,,0,4.693,QUARANTINE:dark-lane range=41 distinct=41
122,63,3,0,-1,0,0,-,,,0,3.942,QUARANTINE:dark-lane range=33 distinct=34
122,0,3,2.02,1,2.46,126153,Y4,,,0,19.699,clean
122,1,3,1.37,1474,2.27,1310974,Y4,,,0,19.603,clean
122,2,3,1.46,1,2.43,989735,Y4,,,0,19.560,clean
122,3,3,1.42,1,2.85,963807,Y4,,,0,19.701,clean
122,4,3,1.46,904,2.44,74118,Y4,,,0,19.812,clean
122,5,3,1.63,1,2.22,125349,Y4,,,0,19.562,clean
122,6,3,1.37,1,2.27,686198,Y4,,,0,19.326,clean
122,7,3,1.40,1,2.31,527769,Y4,,,0,19.110,clean
122,8,3,1.50,1,2.32,71079,Y4,,,0,18.813,clean
122,9,3,1.38,1481,2.38,1308829,Y2,,,0,18.455,clean
122,10,3,1.50,1,2.75,1052856,Y2,,,0,18.106,clean
122,11,3,1.36,1266,2.27,125527,Y2,,,0,17.719,clean
122,12,3,1.33,1,2.29,1042753,Y4,,,0,17.230,clean
122,13,3,1.47,1,2.65,540286,Y2,,,0,16.760,clean
122,14,3,1.84,1,2.27,634074,Y4,,,0,16.466,clean
122,15,3,1.38,1,2.56,243008,Y4,,,0,16.266,clean
122,16,3,1.34,195,2.67,223160,Y2,,,0,16.318,clean
122,17,3,1.46,1,2.70,192493,Y4,,,0,16.501,clean
122,18,3,1.51,723,2.50,155300,Y4,,,0,17.751,clean
122,19,3,1.45,1,2.54,553072,Y4,,,0,16.440,clean
122,20,3,1.33,349,2.44,999033,Y2,,,0,16.115,clean
122,21,3,1.72,1,2.54,202328,Y4,,,0,15.940,clean
122,22,3,1.39,1,2.84,116050,Y4,,,0,15.959,clean
122,23,3,1.67,1,2.76,1229972,Y4,,,0,15.915,clean
122,24,3,1.58,1,2.38,1323760,Y2,,,0,15.829,clean
122,25,3,1.72,1,2.49,701308,Y2,,,0,15.414,clean
122,26,3,1.50,1,2.40,191599,Y2,,,0,15.006,clean
122,27,3,1.87,1,2.39,1066804,Y2,,,0,14.996,clean
122,28,3,1.42,1,2.33,458568,Y2,,,0,14.595,clean
122,29,3,1.72,1,2.39,972569,Y2,,,0,14.405,clean
122,30,3,1.93,1,2.31,948608,Y2,,,0,14.162,clean
122,31,3,1.65,1,2.53,1118481,Y2,,,0,13.895,clean
122,32,3,1.36,1,2.43,673592,Y4,,,0,13.636,clean
122,33,3,1.39,1,2.47,376582,Y2,,,0,13.526,clean
122,34,3,1.56,1,2.26,417709,Y2,,,0,13.522,clean
122,35,3,1.79,1,2.36,872165,Y4,,,0,13.594,clean
122,36,3,1.90,1,2.29,875473,Y2,,,0,13.683,clean
122,37,3,1.71,1,2.65,447392,Y2,,,0,13.644,clean
122,38,3,1.56,1,2.79,1072615,Y4,,,0,13.529,clean
122,39,3,1.77,1,2.38,132233,Y4,,,0,13.479,clean
122,40,3,1.78,1,2.36,625938,Y2,,,0,13.429,clean
122,41,3,1.81,1,2.37,246763,Y2,,,0,13.415,clean
122,42,3,1.86,1,2.39,1296759,Y4,,,0,13.442,clean
122,43,3,1.61,1,2.41,748247,Y2,,,0,13.326,clean
122,44,3,1.92,1,2.57,887454,Y2,,,0,13.130,clean
122,45,3,1.79,1,2.35,1013070,Y4,,,0,12.941,clean
122,46,3,1.99,1,2.30,782132,Y2,,,0,12.791,clean
122,47,3,1.76,1,2.50,172019,Y4,,,0,12.539,clean
122,48,3,3.74,1,2.35,811815,Y2,0.00/noise-like,0.00/noise-like,0,12.161,hump-note
122,49,3,2.03,1,2.34,550568,Y2,,,0,11.755,clean
122,50,3,1.94,1,2.27,277072,Y2,,,0,11.458,clean
122,51,3,1.92,1,2.63,748694,Y4,,,0,11.137,clean
122,52,3,2.06,1,2.39,194013,Y4,,,0,10.910,clean
122,53,3,2.31,1,2.47,116318,Y2,,,0,10.677,clean
122,54,3,2.23,1,2.53,1118392,Y4,,,0,10.324,clean
122,55,3,2.55,1,2.43,372827,Y2,0.00/noise-like,0.00/noise-like,0,9.831,hump-note
122,56,3,2.92,1,2.75,1060367,Y4,0.00/noise-like,0.00/noise-like,0,9.229,hump-note
122,57,3,2.72,1,2.41,1026660,Y2,0.00/noise-like,0.00/noise-like,0,8.541,hump-note
122,58,3,3.29,1,2.53,114530,Y2,0.00/noise-like,0.24/noise-like,0,7.937,hump-note
122,59,3,0,-1,0,0,-,,,0,7.279,QUARANTINE:dark-lane range=62 distinct=63
122,60,3,0,-1,0,0,-,,,0,6.440,QUARANTINE:dark-lane range=56 distinct=55
122,61,3,0,-1,0,0,-,,,0,5.589,QUARANTINE:dark-lane range=51 distinct=49
122,62,3,0,-1,0,0,-,,,0,4.693,QUARANTINE:dark-lane range=41 distinct=41
122,63,3,0,-1,0,0,-,,,0,3.942,QUARANTINE:dark-lane range=33 distinct=34
123,0,3,2.44,1,2.43,358343,Y2,,,0,19.625,clean
123,1,3,1.74,1,2.42,599205,Y4,,,0,19.561,clean
123,2,3,1.61,1,2.26,258297,Y4,,,0,19.591,clean
123,3,3,1.56,727,2.32,1142085,Y2,,,0,19.656,clean
123,4,3,1.39,1,2.47,838816,Y2,,,0,19.818,clean
123,5,3,1.58,1,2.31,1270473,Y4,,,0,19.586,clean
123,6,3,1.31,346,2.35,1306862,Y2,,,0,19.330,clean
123,7,3,1.44,1,2.53,950038,Y2,,,0,19.118,clean
123,8,3,1.54,1,2.55,1349062,Y4,,,0,18.836,clean
123,9,3,1.58,1,2.42,246674,Y4,,,0,18.452,clean
123,10,3,1.38,1278,2.44,666171,Y2,,,0,18.098,clean
123,11,3,1.41,366,2.38,1181066,Y4,,,0,17.715,clean
123,12,3,1.46,1,2.34,516057,Y4,,,0,17.241,clean
123,13,3,1.43,1419,2.49,818789,Y2,,,0,16.764,clean
123,14,3,1.69,1,2.54,229418,Y4,,,0,16.422,clean
123,15,3,1.50,1,2.31,864208,Y4,,,0,16.271,clean
123,16,3,1.40,547,2.37,860721,Y4,,,0,16.335,clean
123,17,3,1.42,1,2.26,880390,Y2,,,0,16.509,clean
123,18,3,1.50,643,2.27,1031399,Y4,,,0,17.751,clean
123,19,3,1.54,1,2.57,185162,Y2,,,0,16.427,clean
123,20,3,1.43,1,2.41,733405,Y4,,,0,16.086,clean
123,21,3,1.84,1,2.51,905067,Y2,,,0,15.965,clean
123,22,3,1.58,1,2.43,452578,Y2,,,0,15.949,clean
123,23,3,1.45,1,2.30,318736,Y2,,,0,15.924,clean
123,24,3,1.65,1,2.38,458211,Y4,,,0,15.824,clean
123,25,3,1.64,1,2.28,79572,Y4,,,0,15.458,clean
123,26,3,1.67,1,2.50,1078069,Y2,,,0,15.030,clean
123,27,3,1.77,1,2.30,58293,Y4,,,0,14.987,clean
123,28,3,1.85,1,2.23,1058668,Y2,,,0,14.622,clean
123,29,3,1.62,1,2.38,571847,Y4,,,0,14.376,clean
123,30,3,1.75,1,2.57,728935,Y4,,,0,14.183,clean
123,31,3,1.44,1,2.37,1162,Y4,,,0,13.906,clean
123,32,3,1.38,1251,2.43,162989,Y2,,,0,13.647,clean
123,33,3,1.72,1,2.39,1054645,Y4,,,0,13.538,clean
123,34,3,1.87,1,2.45,539839,Y4,,,0,13.528,clean
123,35,3,1.89,1,2.53,1373023,Y2,,,0,13.612,clean
123,36,3,1.83,1,2.34,894159,Y4,,,0,13.706,clean
123,37,3,1.83,1,2.34,700057,Y2,,,0,13.629,clean
123,38,3,1.62,1,2.92,230849,Y2,,,0,13.553,clean
123,39,3,1.73,1,2.47,777662,Y2,,,0,13.472,clean
123,40,3,1.67,1,2.39,291556,Y4,,,0,13.437,clean
123,41,3,1.69,1,2.44,735015,Y2,,,0,13.417,clean
123,42,3,1.69,1,2.57,511587,Y4,,,0,13.405,clean
123,43,3,1.72,1,2.29,609756,Y2,,,0,13.309,clean
123,44,3,1.58,1,2.56,327855,Y2,,,0,13.128,clean
123,45,3,1.82,1,2.25,141531,Y4,,,0,12.965,clean
123,46,3,1.68,1,2.44,507563,Y4,,,0,12.793,clean
123,47,3,1.63,1,2.39,326425,Y4,,,0,12.532,clean
123,48,3,3.57,1,2.46,177652,Y4,0.24/noise-like,0.00/noise-like,0,12.176,hump-note
123,49,3,2.26,1,2.33,851244,Y2,,,0,11.779,clean
123,50,3,1.98,1,2.44,343770,Y4,,,0,11.462,clean
123,51,3,1.92,1,2.61,897735,Y2,,,0,11.140,clean
123,52,3,2.21,1,2.61,158072,Y2,,,0,10.913,clean
123,53,3,2.53,1,2.38,1437038,Y4,0.00/noise-like,0.00/noise-like,0,10.688,hump-note
123,54,3,2.42,1,2.55,248462,Y4,,,0,10.326,clean
123,55,3,2.39,1,2.44,1109988,Y4,,,0,9.842,clean
123,56,3,2.76,1,2.42,857502,Y2,0.00/noise-like,0.00/noise-like,0,9.222,hump-note
123,57,3,2.73,1,2.30,829697,Y2,0.00/noise-like,0.00/noise-like,2,8.523,hump-note
123,58,3,3.00,1,2.24,216633,Y2,0.00/noise-like,0.24/noise-like,0,7.952,hump-note
123,59,3,0,-1,0,0,-,,,0,7.274,QUARANTINE:dark-lane range=62 distinct=61
123,60,3,0,-1,0,0,-,,,0,6.442,QUARANTINE:dark-lane range=55 distinct=54
123,61,3,0,-1,0,0,-,,,0,5.584,QUARANTINE:dark-lane range=52 distinct=50
123,62,3,0,-1,0,0,-,,,0,4.695,QUARANTINE:dark-lane range=41 distinct=42
123,63,3,0,-1,0,0,-,,,0,3.939,QUARANTINE:dark-lane range=34 distinct=35
123,0,3,2.44,1,2.43,358343,Y2,,,0,19.625,clean
123,1,3,1.74,1,2.42,599205,Y4,,,0,19.561,clean
123,2,3,1.61,1,2.26,258297,Y4,,,0,19.591,clean
123,3,3,1.56,727,2.32,1142085,Y2,,,0,19.656,clean
123,4,3,1.39,1,2.47,838816,Y2,,,0,19.818,clean
123,5,3,1.58,1,2.31,1270473,Y4,,,0,19.586,clean
123,6,3,1.31,346,2.35,1306862,Y2,,,0,19.330,clean
123,7,3,1.44,1,2.53,950038,Y2,,,0,19.118,clean
123,8,3,1.54,1,2.55,1349062,Y4,,,0,18.836,clean
123,9,3,1.58,1,2.42,246674,Y4,,,0,18.452,clean
123,10,3,1.38,1278,2.44,666171,Y2,,,0,18.098,clean
123,11,3,1.41,366,2.38,1181066,Y4,,,0,17.715,clean
123,12,3,1.46,1,2.34,516057,Y4,,,0,17.241,clean
123,13,3,1.43,1419,2.49,818789,Y2,,,0,16.764,clean
123,14,3,1.69,1,2.54,229418,Y4,,,0,16.422,clean
123,15,3,1.50,1,2.31,864208,Y4,,,0,16.271,clean
123,16,3,1.40,547,2.37,860721,Y4,,,0,16.335,clean
123,17,3,1.42,1,2.26,880390,Y2,,,0,16.509,clean
123,18,3,1.50,643,2.27,1031399,Y4,,,0,17.751,clean
123,19,3,1.54,1,2.57,185162,Y2,,,0,16.427,clean
123,20,3,1.43,1,2.41,733405,Y4,,,0,16.086,clean
123,21,3,1.84,1,2.51,905067,Y2,,,0,15.965,clean
123,22,3,1.58,1,2.43,452578,Y2,,,0,15.949,clean
123,23,3,1.45,1,2.30,318736,Y2,,,0,15.924,clean
123,24,3,1.65,1,2.38,458211,Y4,,,0,15.824,clean
123,25,3,1.64,1,2.28,79572,Y4,,,0,15.458,clean
123,26,3,1.67,1,2.50,1078069,Y2,,,0,15.030,clean
123,27,3,1.77,1,2.30,58293,Y4,,,0,14.987,clean
123,28,3,1.85,1,2.23,1058668,Y2,,,0,14.622,clean
123,29,3,1.62,1,2.38,571847,Y4,,,0,14.376,clean
123,30,3,1.75,1,2.57,728935,Y4,,,0,14.183,clean
123,31,3,1.44,1,2.37,1162,Y4,,,0,13.906,clean
123,32,3,1.38,1251,2.43,162989,Y2,,,0,13.647,clean
123,33,3,1.72,1,2.39,1054645,Y4,,,0,13.538,clean
123,34,3,1.87,1,2.45,539839,Y4,,,0,13.528,clean
123,35,3,1.89,1,2.53,1373023,Y2,,,0,13.612,clean
123,36,3,1.83,1,2.34,894159,Y4,,,0,13.706,clean
123,37,3,1.83,1,2.34,700057,Y2,,,0,13.629,clean
123,38,3,1.62,1,2.92,230849,Y2,,,0,13.553,clean
123,39,3,1.73,1,2.47,777662,Y2,,,0,13.472,clean
123,40,3,1.67,1,2.39,291556,Y4,,,0,13.437,clean
123,41,3,1.69,1,2.44,735015,Y2,,,0,13.417,clean
123,42,3,1.69,1,2.57,511587,Y4,,,0,13.405,clean
123,43,3,1.72,1,2.29,609756,Y2,,,0,13.309,clean
123,44,3,1.58,1,2.56,327855,Y2,,,0,13.128,clean
123,45,3,1.82,1,2.25,141531,Y4,,,0,12.965,clean
123,46,3,1.68,1,2.44,507563,Y4,,,0,12.793,clean
123,47,3,1.63,1,2.39,326425,Y4,,,0,12.532,clean
123,48,3,3.57,1,2.46,177652,Y4,0.24/noise-like,0.00/noise-like,0,12.176,hump-note
123,49,3,2.26,1,2.33,851244,Y2,,,0,11.779,clean
123,50,3,1.98,1,2.44,343770,Y4,,,0,11.462,clean
123,51,3,1.92,1,2.61,897735,Y2,,,0,11.140,clean
123,52,3,2.21,1,2.61,158072,Y2,,,0,10.913,clean
123,53,3,2.53,1,2.38,1437038,Y4,0.00/noise-like,0.00/noise-like,0,10.688,hump-note
123,54,3,2.42,1,2.55,248462,Y4,,,0,10.326,clean
123,55,3,2.39,1,2.44,1109988,Y4,,,0,9.842,clean
123,56,3,2.76,1,2.42,857502,Y2,0.00/noise-like,0.00/noise-like,0,9.222,hump-note
123,57,3,2.73,1,2.30,829697,Y2,0.00/noise-like,0.00/noise-like,2,8.523,hump-note
123,58,3,3.00,1,2.24,216633,Y2,0.00/noise-like,0.24/noise-like,0,7.952,hump-note
123,59,3,0,-1,0,0,-,,,0,7.274,QUARANTINE:dark-lane range=62 distinct=61
123,60,3,0,-1,0,0,-,,,0,6.442,QUARANTINE:dark-lane range=55 distinct=54
123,61,3,0,-1,0,0,-,,,0,5.584,QUARANTINE:dark-lane range=52 distinct=50
123,62,3,0,-1,0,0,-,,,0,4.695,QUARANTINE:dark-lane range=41 distinct=42
123,63,3,0,-1,0,0,-,,,0,3.939,QUARANTINE:dark-lane range=34 distinct=35
124,0,3,2.67,1,2.49,909090,Y4,0.24/noise-like,0.00/noise-like,0,19.633,hump-note
124,1,3,1.56,1,2.49,259191,Y4,,,0,19.595,clean
124,2,3,1.49,308,2.38,816196,Y4,,,0,19.593,clean
124,3,3,1.47,1,2.38,1066446,Y4,,,0,19.685,clean
124,4,3,1.33,1,2.50,524551,Y2,,,0,19.792,clean
124,5,3,1.36,1174,2.34,498801,Y2,,,0,19.601,clean
124,6,3,1.36,1,2.28,1383036,Y2,,,0,19.348,clean
124,7,3,1.56,1,2.39,1039982,Y4,,,0,19.068,clean
124,8,3,1.52,1,2.37,75191,Y2,,,0,18.804,clean
124,9,3,1.40,259,2.46,584722,Y2,,,0,18.427,clean
124,10,3,1.59,1,2.36,915885,Y4,,,0,18.088,clean
124,11,3,1.71,1,2.30,244170,Y4,,,0,17.707,clean
124,12,3,1.61,1,2.64,768274,Y4,,,0,17.193,clean
124,13,3,1.77,1,2.22,9745,Y2,,,0,16.754,clean
124,14,3,1.55,1,2.37,1271635,Y2,,,0,16.446,clean
124,15,3,1.63,1,2.32,5186,Y4,,,0,16.269,clean
124,16,3,1.44,1,2.36,206262,Y2,,,0,16.295,clean
124,17,3,1.45,940,2.37,1030236,Y2,,,0,16.497,clean
124,18,3,1.61,622,2.62,880301,Y4,,,0,17.749,clean
124,19,3,1.37,1,2.26,733852,Y4,,,0,16.419,clean
124,20,3,1.58,1,2.46,1097292,Y2,,,0,16.111,clean
124,21,3,1.69,1,2.28,1115620,Y2,,,0,15.944,clean
124,22,3,1.50,1,2.31,629067,Y2,,,0,15.979,clean
124,23,3,1.77,1,2.51,12785,Y2,,,0,15.932,clean
124,24,3,1.53,1,2.42,219673,Y2,,,0,15.849,clean
124,25,3,1.44,76,5.36,4202,Y4,0.00/noise-like,0.00/noise-like,5,15.443,FAM-HIT
124,26,3,1.72,1,2.48,1096398,Y4,,,0,15.037,clean
124,27,3,1.67,1,2.61,318199,Y2,,,0,14.998,clean
124,28,3,1.63,1,2.41,136167,Y2,,,0,14.595,clean
124,29,3,1.76,1,2.93,190526,Y4,,,0,14.373,clean
124,30,3,1.90,1,2.38,111222,Y4,,,0,14.175,clean
124,31,3,1.78,1,2.54,196338,Y4,,,0,13.889,clean
124,32,3,1.37,318,2.39,1168460,Y4,,,0,13.656,clean
124,33,3,1.70,1,2.61,1425684,Y2,,,0,13.534,clean
124,34,3,1.79,1,2.47,1176327,Y2,,,0,13.540,clean
124,35,3,1.88,1,2.42,1215756,Y2,,,0,13.583,clean
124,36,3,1.92,1,2.24,263393,Y2,,,0,13.683,clean
124,37,3,2.02,1,2.44,164777,Y2,,,0,13.627,clean
124,38,3,1.86,1,2.42,1034170,Y2,,,0,13.536,clean
124,39,3,1.92,1,2.55,192314,Y4,,,0,13.477,clean
124,40,3,1.85,1,2.40,695676,Y4,,,0,13.440,clean
124,41,3,1.75,1,2.48,370413,Y2,,,0,13.428,clean
124,42,3,1.73,1,2.49,247926,Y2,,,0,13.415,clean
124,43,3,1.47,1,2.31,198215,Y4,,,0,13.324,clean
124,44,3,1.72,1,2.54,595897,Y2,,,0,13.141,clean
124,45,3,1.85,1,2.47,279039,Y4,,,0,12.955,clean
124,46,3,1.70,1,2.55,325620,Y4,,,0,12.790,clean
124,47,3,1.89,1,2.44,260800,Y2,,,0,12.536,clean
124,48,3,3.20,1,2.61,1071632,Y2,0.00/noise-like,0.00/noise-like,0,12.166,hump-note
124,49,3,1.91,1,2.52,681818,Y4,,,0,11.782,clean
124,50,3,1.98,1,2.24,275820,Y2,,,0,11.464,clean
124,51,3,2.16,1,2.23,735283,Y4,,,0,11.138,clean
124,52,3,1.96,1,2.39,400275,Y4,,,0,10.897,clean
124,53,3,1.97,1,2.42,756025,Y4,,,0,10.659,clean
124,54,3,2.21,1,2.55,418961,Y2,,,0,10.325,clean
124,55,3,2.28,1,2.70,782669,Y4,,,0,9.845,clean
124,56,3,2.48,1,2.45,538051,Y2,,,0,9.219,clean
124,57,3,2.29,1,5.14,447,Y4,0.00/noise-like,0.00/noise-like,7,8.544,FAM-HIT
124,58,3,3.06,1,2.54,1236320,Y2,0.00/noise-like,0.24/noise-like,0,7.941,hump-note
124,59,3,0,-1,0,0,-,,,0,7.276,QUARANTINE:dark-lane range=64 distinct=63
124,60,3,0,-1,0,0,-,,,0,6.439,QUARANTINE:dark-lane range=57 distinct=55
124,61,3,0,-1,0,0,-,,,0,5.578,QUARANTINE:dark-lane range=52 distinct=49
124,62,3,0,-1,0,0,-,,,0,4.687,QUARANTINE:dark-lane range=41 distinct=40
124,63,3,0,-1,0,0,-,,,0,3.936,QUARANTINE:dark-lane range=34 distinct=34
124,0,3,2.67,1,2.49,909090,Y4,0.24/noise-like,0.00/noise-like,0,19.633,hump-note
124,1,3,1.56,1,2.49,259191,Y4,,,0,19.595,clean
124,2,3,1.49,308,2.38,816196,Y4,,,0,19.593,clean
124,3,3,1.47,1,2.38,1066446,Y4,,,0,19.685,clean
124,4,3,1.33,1,2.50,524551,Y2,,,0,19.792,clean
124,5,3,1.36,1174,2.34,498801,Y2,,,0,19.601,clean
124,6,3,1.36,1,2.28,1383036,Y2,,,0,19.348,clean
124,7,3,1.56,1,2.39,1039982,Y4,,,0,19.068,clean
124,8,3,1.52,1,2.37,75191,Y2,,,0,18.804,clean
124,9,3,1.40,259,2.46,584722,Y2,,,0,18.427,clean
124,10,3,1.59,1,2.36,915885,Y4,,,0,18.088,clean
124,11,3,1.71,1,2.30,244170,Y4,,,0,17.707,clean
124,12,3,1.61,1,2.64,768274,Y4,,,0,17.193,clean
124,13,3,1.77,1,2.22,9745,Y2,,,0,16.754,clean
124,14,3,1.55,1,2.37,1271635,Y2,,,0,16.446,clean
124,15,3,1.63,1,2.32,5186,Y4,,,0,16.269,clean
124,16,3,1.44,1,2.36,206262,Y2,,,0,16.295,clean
124,17,3,1.45,940,2.37,1030236,Y2,,,0,16.497,clean
124,18,3,1.61,622,2.62,880301,Y4,,,0,17.749,clean
124,19,3,1.37,1,2.26,733852,Y4,,,0,16.419,clean
124,20,3,1.58,1,2.46,1097292,Y2,,,0,16.111,clean
124,21,3,1.69,1,2.28,1115620,Y2,,,0,15.944,clean
124,22,3,1.50,1,2.31,629067,Y2,,,0,15.979,clean
124,23,3,1.77,1,2.51,12785,Y2,,,0,15.932,clean
124,24,3,1.53,1,2.42,219673,Y2,,,0,15.849,clean
124,25,3,1.44,76,5.36,4202,Y4,0.00/noise-like,0.00/noise-like,5,15.443,FAM-HIT
124,26,3,1.72,1,2.48,1096398,Y4,,,0,15.037,clean
124,27,3,1.67,1,2.61,318199,Y2,,,0,14.998,clean
124,28,3,1.63,1,2.41,136167,Y2,,,0,14.595,clean
124,29,3,1.76,1,2.93,190526,Y4,,,0,14.373,clean
124,30,3,1.90,1,2.38,111222,Y4,,,0,14.175,clean
124,31,3,1.78,1,2.54,196338,Y4,,,0,13.889,clean
124,32,3,1.37,318,2.39,1168460,Y4,,,0,13.656,clean
124,33,3,1.70,1,2.61,1425684,Y2,,,0,13.534,clean
124,34,3,1.79,1,2.47,1176327,Y2,,,0,13.540,clean
124,35,3,1.88,1,2.42,1215756,Y2,,,0,13.583,clean
124,36,3,1.92,1,2.24,263393,Y2,,,0,13.683,clean
124,37,3,2.02,1,2.44,164777,Y2,,,0,13.627,clean
124,38,3,1.86,1,2.42,1034170,Y2,,,0,13.536,clean
124,39,3,1.92,1,2.55,192314,Y4,,,0,13.477,clean
124,40,3,1.85,1,2.40,695676,Y4,,,0,13.440,clean
124,41,3,1.75,1,2.48,370413,Y2,,,0,13.428,clean
124,42,3,1.73,1,2.49,247926,Y2,,,0,13.415,clean
124,43,3,1.47,1,2.31,198215,Y4,,,0,13.324,clean
124,44,3,1.72,1,2.54,595897,Y2,,,0,13.141,clean
124,45,3,1.85,1,2.47,279039,Y4,,,0,12.955,clean
124,46,3,1.70,1,2.55,325620,Y4,,,0,12.790,clean
124,47,3,1.89,1,2.44,260800,Y2,,,0,12.536,clean
124,48,3,3.20,1,2.61,1071632,Y2,0.00/noise-like,0.00/noise-like,0,12.166,hump-note
124,49,3,1.91,1,2.52,681818,Y4,,,0,11.782,clean
124,50,3,1.98,1,2.24,275820,Y2,,,0,11.464,clean
124,51,3,2.16,1,2.23,735283,Y4,,,0,11.138,clean
124,52,3,1.96,1,2.39,400275,Y4,,,0,10.897,clean
124,53,3,1.97,1,2.42,756025,Y4,,,0,10.659,clean
124,54,3,2.21,1,2.55,418961,Y2,,,0,10.325,clean
124,55,3,2.28,1,2.70,782669,Y4,,,0,9.845,clean
124,56,3,2.48,1,2.45,538051,Y2,,,0,9.219,clean
124,57,3,2.29,1,5.14,447,Y4,0.00/noise-like,0.00/noise-like,7,8.544,FAM-HIT
124,58,3,3.06,1,2.54,1236320,Y2,0.00/noise-like,0.24/noise-like,0,7.941,hump-note
124,59,3,0,-1,0,0,-,,,0,7.276,QUARANTINE:dark-lane range=64 distinct=63
124,60,3,0,-1,0,0,-,,,0,6.439,QUARANTINE:dark-lane range=57 distinct=55
124,61,3,0,-1,0,0,-,,,0,5.578,QUARANTINE:dark-lane range=52 distinct=49
124,62,3,0,-1,0,0,-,,,0,4.687,QUARANTINE:dark-lane range=41 distinct=40
124,63,3,0,-1,0,0,-,,,0,3.936,QUARANTINE:dark-lane range=34 distinct=34
125,0,3,3.08,1,2.24,1244456,Y2,0.00/noise-like,0.00/noise-like,0,19.651,hump-note
125,1,3,1.39,627,2.35,707656,Y2,,,0,19.603,clean
125,2,3,1.39,1,2.17,240058,Y2,,,0,19.583,clean
125,3,3,1.38,465,2.41,64731,Y4,,,0,19.686,clean
125,4,3,1.40,639,2.21,1087904,Y4,,,0,19.806,clean
125,5,3,1.47,1,2.43,659198,Y2,,,0,19.576,clean
125,6,3,1.44,1,2.67,184715,Y2,,,0,19.294,clean
125,7,3,1.35,1,2.33,1224160,Y4,,,0,19.109,clean
125,8,3,1.50,1,2.32,309438,Y2,,,0,18.850,clean
125,9,3,1.39,1,2.38,1059741,Y4,,,0,18.390,clean
125,10,3,1.41,777,2.62,666171,Y2,,,0,18.089,clean
125,11,3,1.53,1,2.48,18686,Y2,,,0,17.728,clean
125,12,3,1.43,1,2.40,614047,Y2,,,0,17.213,clean
125,13,3,1.37,249,2.53,854284,Y4,,,0,16.735,clean
125,14,3,1.55,1,2.24,1314551,Y2,,,0,16.447,clean
125,15,3,1.83,1,2.31,159681,Y2,,,0,16.286,clean
125,16,3,1.45,1,2.45,107199,Y4,,,0,16.330,clean
125,17,3,1.41,1,2.34,439793,Y2,,,0,16.478,clean
125,18,3,1.65,1,2.23,419676,Y4,,,0,17.751,clean
125,19,3,1.38,1,2.52,910521,Y2,,,0,16.402,clean
125,20,3,1.51,1,2.55,1072168,Y4,,,0,16.114,clean
125,21,3,1.38,1014,2.38,73045,Y2,,,0,15.970,clean
125,22,3,1.76,1,2.56,1216024,Y2,,,0,15.978,clean
125,23,3,1.59,1,2.45,825047,Y2,,,0,15.939,clean
125,24,3,1.44,1,2.52,648737,Y2,,,0,15.825,clean
125,25,3,1.36,1,2.37,1097649,Y2,,,1,15.457,clean
125,26,3,1.95,1,2.35,1262158,Y4,,,0,15.028,clean
125,27,3,1.73,1,2.47,1148432,Y2,,,0,14.997,clean
125,28,3,1.50,1,2.37,528842,Y4,,,0,14.610,clean
125,29,3,1.65,1,2.39,899524,Y4,,,0,14.377,clean
125,30,3,1.61,1,2.66,632733,Y2,,,0,14.157,clean
125,31,3,1.65,1,2.47,1309633,Y2,,,0,13.878,clean
125,32,3,1.50,1,2.41,154227,Y4,,,0,13.656,clean
125,33,3,1.77,1,2.28,351012,Y2,,,0,13.516,clean
125,34,3,1.79,1,2.37,158429,Y4,,,0,13.543,clean
125,35,3,1.86,1,2.64,576586,Y4,,,0,13.600,clean
125,36,3,1.77,1,2.30,306666,Y4,,,0,13.690,clean
125,37,3,1.72,1,2.21,320882,Y2,,,0,13.642,clean
125,38,3,1.61,1,2.48,949591,Y4,,,0,13.535,clean
125,39,3,1.95,1,2.80,442654,Y2,,,0,13.466,clean
125,40,3,2.19,1,2.33,1280397,Y4,,,0,13.431,clean
125,41,3,1.64,1,2.48,205636,Y4,,,0,13.412,clean
125,42,3,1.86,1,2.47,159770,Y2,,,0,13.398,clean
125,43,3,1.66,1,2.35,1217902,Y4,,,0,13.310,clean
125,44,3,1.83,1,2.41,1095593,Y4,,,0,13.123,clean
125,45,3,1.75,1,2.35,175864,Y2,,,0,12.956,clean
125,46,3,1.81,1,2.32,499338,Y4,,,0,12.789,clean
125,47,3,1.79,1,2.50,171751,Y4,,,0,12.536,clean
125,48,3,3.37,1,2.56,916779,Y2,0.24/noise-like,0.00/noise-like,0,12.165,hump-note
125,49,3,2.02,1,2.34,1423001,Y2,,,0,11.804,clean
125,50,3,2.06,1,2.47,808954,Y4,,,0,11.447,clean
125,51,3,2.05,1,2.52,1187146,Y4,,,0,11.133,clean
125,52,3,2.40,1,2.46,537068,Y2,,,0,10.903,clean
125,53,3,2.09,1,2.35,1087189,Y4,,,0,10.667,clean
125,54,3,2.39,1,2.57,1421392,Y4,,,0,10.328,clean
125,55,3,2.36,1,2.44,1008332,Y2,,,0,9.851,clean
125,56,3,2.72,1,2.41,303447,Y4,0.00/noise-like,0.00/noise-like,0,9.235,hump-note
125,57,3,2.57,1,2.37,138223,Y2,0.24/noise-like,0.00/noise-like,1,8.516,hump-note
125,58,3,2.60,1,2.29,599653,Y2,0.00/noise-like,0.00/noise-like,0,7.935,hump-note
125,59,3,0,-1,0,0,-,,,0,7.288,QUARANTINE:dark-lane range=60 distinct=60
125,60,3,0,-1,0,0,-,,,0,6.432,QUARANTINE:dark-lane range=57 distinct=56
125,61,3,0,-1,0,0,-,,,0,5.588,QUARANTINE:dark-lane range=48 distinct=49
125,62,3,0,-1,0,0,-,,,0,4.699,QUARANTINE:dark-lane range=41 distinct=41
125,63,3,0,-1,0,0,-,,,0,3.933,QUARANTINE:dark-lane range=33 distinct=34
125,0,3,3.08,1,2.24,1244456,Y2,0.00/noise-like,0.00/noise-like,0,19.651,hump-note
125,1,3,1.39,627,2.35,707656,Y2,,,0,19.603,clean
125,2,3,1.39,1,2.17,240058,Y2,,,0,19.583,clean
125,3,3,1.38,465,2.41,64731,Y4,,,0,19.686,clean
125,4,3,1.40,639,2.21,1087904,Y4,,,0,19.806,clean
125,5,3,1.47,1,2.43,659198,Y2,,,0,19.576,clean
125,6,3,1.44,1,2.67,184715,Y2,,,0,19.294,clean
125,7,3,1.35,1,2.33,1224160,Y4,,,0,19.109,clean
125,8,3,1.50,1,2.32,309438,Y2,,,0,18.850,clean
125,9,3,1.39,1,2.38,1059741,Y4,,,0,18.390,clean
125,10,3,1.41,777,2.62,666171,Y2,,,0,18.089,clean
125,11,3,1.53,1,2.48,18686,Y2,,,0,17.728,clean
125,12,3,1.43,1,2.40,614047,Y2,,,0,17.213,clean
125,13,3,1.37,249,2.53,854284,Y4,,,0,16.735,clean
125,14,3,1.55,1,2.24,1314551,Y2,,,0,16.447,clean
125,15,3,1.83,1,2.31,159681,Y2,,,0,16.286,clean
125,16,3,1.45,1,2.45,107199,Y4,,,0,16.330,clean
125,17,3,1.41,1,2.34,439793,Y2,,,0,16.478,clean
125,18,3,1.65,1,2.23,419676,Y4,,,0,17.751,clean
125,19,3,1.38,1,2.52,910521,Y2,,,0,16.402,clean
125,20,3,1.51,1,2.55,1072168,Y4,,,0,16.114,clean
125,21,3,1.38,1014,2.38,73045,Y2,,,0,15.970,clean
125,22,3,1.76,1,2.56,1216024,Y2,,,0,15.978,clean
125,23,3,1.59,1,2.45,825047,Y2,,,0,15.939,clean
125,24,3,1.44,1,2.52,648737,Y2,,,0,15.825,clean
125,25,3,1.36,1,2.37,1097649,Y2,,,1,15.457,clean
125,26,3,1.95,1,2.35,1262158,Y4,,,0,15.028,clean
125,27,3,1.73,1,2.47,1148432,Y2,,,0,14.997,clean
125,28,3,1.50,1,2.37,528842,Y4,,,0,14.610,clean
125,29,3,1.65,1,2.39,899524,Y4,,,0,14.377,clean
125,30,3,1.61,1,2.66,632733,Y2,,,0,14.157,clean
125,31,3,1.65,1,2.47,1309633,Y2,,,0,13.878,clean
125,32,3,1.50,1,2.41,154227,Y4,,,0,13.656,clean
125,33,3,1.77,1,2.28,351012,Y2,,,0,13.516,clean
125,34,3,1.79,1,2.37,158429,Y4,,,0,13.543,clean
125,35,3,1.86,1,2.64,576586,Y4,,,0,13.600,clean
125,36,3,1.77,1,2.30,306666,Y4,,,0,13.690,clean
125,37,3,1.72,1,2.21,320882,Y2,,,0,13.642,clean
125,38,3,1.61,1,2.48,949591,Y4,,,0,13.535,clean
125,39,3,1.95,1,2.80,442654,Y2,,,0,13.466,clean
125,40,3,2.19,1,2.33,1280397,Y4,,,0,13.431,clean
125,41,3,1.64,1,2.48,205636,Y4,,,0,13.412,clean
125,42,3,1.86,1,2.47,159770,Y2,,,0,13.398,clean
125,43,3,1.66,1,2.35,1217902,Y4,,,0,13.310,clean
125,44,3,1.83,1,2.41,1095593,Y4,,,0,13.123,clean
125,45,3,1.75,1,2.35,175864,Y2,,,0,12.956,clean
125,46,3,1.81,1,2.32,499338,Y4,,,0,12.789,clean
125,47,3,1.79,1,2.50,171751,Y4,,,0,12.536,clean
125,48,3,3.37,1,2.56,916779,Y2,0.24/noise-like,0.00/noise-like,0,12.165,hump-note
125,49,3,2.02,1,2.34,1423001,Y2,,,0,11.804,clean
125,50,3,2.06,1,2.47,808954,Y4,,,0,11.447,clean
125,51,3,2.05,1,2.52,1187146,Y4,,,0,11.133,clean
125,52,3,2.40,1,2.46,537068,Y2,,,0,10.903,clean
125,53,3,2.09,1,2.35,1087189,Y4,,,0,10.667,clean
125,54,3,2.39,1,2.57,1421392,Y4,,,0,10.328,clean
125,55,3,2.36,1,2.44,1008332,Y2,,,0,9.851,clean
125,56,3,2.72,1,2.41,303447,Y4,0.00/noise-like,0.00/noise-like,0,9.235,hump-note
125,57,3,2.57,1,2.37,138223,Y2,0.24/noise-like,0.00/noise-like,1,8.516,hump-note
125,58,3,2.60,1,2.29,599653,Y2,0.00/noise-like,0.00/noise-like,0,7.935,hump-note
125,59,3,0,-1,0,0,-,,,0,7.288,QUARANTINE:dark-lane range=60 distinct=60
125,60,3,0,-1,0,0,-,,,0,6.432,QUARANTINE:dark-lane range=57 distinct=56
125,61,3,0,-1,0,0,-,,,0,5.588,QUARANTINE:dark-lane range=48 distinct=49
125,62,3,0,-1,0,0,-,,,0,4.699,QUARANTINE:dark-lane range=41 distinct=41
125,63,3,0,-1,0,0,-,,,0,3.933,QUARANTINE:dark-lane range=33 distinct=34
126,0,3,2.65,1,2.48,88960,Y2,0.24/noise-like,0.24/noise-like,0,19.678,hump-note
126,1,3,1.35,1,2.51,1212984,Y4,,,0,19.553,clean
126,2,3,1.40,1,2.42,260085,Y2,,,0,19.591,clean
126,3,3,1.66,1,2.29,300854,Y4,,,0,19.671,clean
126,4,3,1.42,547,2.29,637025,Y2,,,0,19.805,clean
126,5,3,1.49,1,2.41,1265109,Y2,,,0,19.587,clean
126,6,3,1.47,1,2.38,631839,Y4,,,0,19.292,clean
126,7,3,1.38,1,2.52,245601,Y4,,,0,19.096,clean
126,8,3,1.47,1,2.32,378639,Y2,,,0,18.839,clean
126,9,3,1.45,51,2.31,1072794,Y2,,,0,18.469,clean
126,10,3,1.58,1,2.36,499785,Y2,,,0,18.111,clean
126,11,3,1.44,1,2.47,268489,Y2,,,0,17.685,clean
126,12,3,1.41,1,2.51,914723,Y2,,,0,17.213,clean
126,13,3,1.53,1,2.39,327051,Y2,,,0,16.786,clean
126,14,3,1.62,1,2.26,97632,Y4,,,0,16.422,clean
126,15,3,1.47,1,2.25,835598,Y4,,,0,16.293,clean
126,16,3,1.64,1,2.44,864029,Y2,,,0,16.324,clean
126,17,3,1.44,1,2.41,1371235,Y4,,,0,16.494,clean
126,18,3,1.55,798,2.29,4292,Y2,,,0,17.737,clean
126,19,3,1.71,1,2.42,382394,Y2,,,0,16.426,clean
126,20,3,1.67,1,2.45,768811,Y2,,,0,16.114,clean
126,21,3,1.46,1,2.42,1140386,Y2,,,0,15.973,clean
126,22,3,1.42,1,2.55,332147,Y4,,,0,15.972,clean
126,23,3,1.52,1,2.67,367910,Y2,,,0,15.910,clean
126,24,3,1.51,1,2.30,841409,Y2,,,0,15.831,clean
126,25,3,1.39,1353,2.48,1119643,Y4,,,0,15.448,clean
126,26,3,1.66,1,2.33,1357645,Y2,,,0,15.050,clean
126,27,3,1.63,634,2.42,1271725,Y2,,,0,14.994,clean
126,28,3,1.66,1,2.44,177562,Y4,,,0,14.603,clean
126,29,3,1.47,1,2.58,258118,Y2,,,0,14.374,clean
126,30,3,1.84,1,2.34,1406193,Y2,,,0,14.159,clean
126,31,3,1.62,1,2.17,148326,Y4,,,0,13.892,clean
126,32,3,1.34,1046,2.22,333130,Y4,,,0,13.655,clean
126,33,3,1.80,1,2.29,1372665,Y2,,,0,13.561,clean
126,34,3,1.62,1,2.56,322580,Y2,,,0,13.511,clean
126,35,3,1.71,1,2.23,509351,Y2,,,0,13.581,clean
126,36,3,1.99,1,2.51,1432031,Y4,,,0,13.671,clean
126,37,3,1.80,1,2.56,919193,Y2,,,0,13.630,clean
126,38,3,1.75,1,2.40,365764,Y4,,,0,13.518,clean
126,39,3,1.58,1,2.47,32723,Y2,,,0,13.463,clean
126,40,3,1.67,1,2.50,517130,Y2,,,0,13.420,clean
126,41,3,2.00,1,2.45,837743,Y2,,,0,13.411,clean
126,42,3,1.86,1,2.59,1100600,Y2,,,0,13.388,clean
126,43,3,1.78,1,2.33,236750,Y4,,,0,13.304,clean
126,44,3,1.77,1,3.09,1131177,Y4,0.24/noise-like,0.00/noise-like,0,13.121,FAM-HIT
126,45,3,1.79,1,2.44,1276106,Y2,,,0,12.972,clean
126,46,3,1.82,1,2.30,168890,Y2,,,0,12.790,clean
126,47,3,1.85,1,2.36,947177,Y2,,,0,12.537,clean
126,48,3,3.38,1,2.23,100762,Y4,0.00/noise-like,0.00/noise-like,0,12.159,hump-note
126,49,3,2.10,1,2.50,822455,Y4,,,0,11.780,clean
126,50,3,2.40,1,2.69,599384,Y2,,,0,11.472,clean
126,51,3,2.13,1,2.32,1113743,Y4,,,0,11.136,clean
126,52,3,2.33,1,2.46,1172394,Y4,,,0,10.893,clean
126,53,3,2.04,1,2.23,1260281,Y4,,,0,10.686,clean
126,54,3,2.36,1,2.28,298351,Y4,,,0,10.326,clean
126,55,3,2.56,1,2.43,777751,Y4,0.24/noise-like,0.00/noise-like,0,9.843,hump-note
126,56,3,2.71,1,2.64,387490,Y2,0.00/noise-like,0.00/noise-like,0,9.220,hump-note
126,57,3,2.74,1,2.49,1182854,Y2,0.00/noise-like,0.00/noise-like,2,8.539,hump-note
126,58,3,3.42,1,2.46,917137,Y4,0.24/noise-like,0.24/noise-like,0,7.936,hump-note
126,59,3,3.49,1,2.35,1205206,Y4,0.00/noise-like,0.24/noise-like,0,7.264,hump-note
126,60,3,0,-1,0,0,-,,,0,6.448,QUARANTINE:dark-lane range=57 distinct=57
126,61,3,0,-1,0,0,-,,,0,5.583,QUARANTINE:dark-lane range=52 distinct=50
126,62,3,0,-1,0,0,-,,,0,4.698,QUARANTINE:dark-lane range=42 distinct=42
126,63,3,0,-1,0,0,-,,,0,3.934,QUARANTINE:dark-lane range=35 distinct=36
126,0,3,2.65,1,2.48,88960,Y2,0.24/noise-like,0.24/noise-like,0,19.678,hump-note
126,1,3,1.35,1,2.51,1212984,Y4,,,0,19.553,clean
126,2,3,1.40,1,2.42,260085,Y2,,,0,19.591,clean
126,3,3,1.66,1,2.29,300854,Y4,,,0,19.671,clean
126,4,3,1.42,547,2.29,637025,Y2,,,0,19.805,clean
126,5,3,1.49,1,2.41,1265109,Y2,,,0,19.587,clean
126,6,3,1.47,1,2.38,631839,Y4,,,0,19.292,clean
126,7,3,1.38,1,2.52,245601,Y4,,,0,19.096,clean
126,8,3,1.47,1,2.32,378639,Y2,,,0,18.839,clean
126,9,3,1.45,51,2.31,1072794,Y2,,,0,18.469,clean
126,10,3,1.58,1,2.36,499785,Y2,,,0,18.111,clean
126,11,3,1.44,1,2.47,268489,Y2,,,0,17.685,clean
126,12,3,1.41,1,2.51,914723,Y2,,,0,17.213,clean
126,13,3,1.53,1,2.39,327051,Y2,,,0,16.786,clean
126,14,3,1.62,1,2.26,97632,Y4,,,0,16.422,clean
126,15,3,1.47,1,2.25,835598,Y4,,,0,16.293,clean
126,16,3,1.64,1,2.44,864029,Y2,,,0,16.324,clean
126,17,3,1.44,1,2.41,1371235,Y4,,,0,16.494,clean
126,18,3,1.55,798,2.29,4292,Y2,,,0,17.737,clean
126,19,3,1.71,1,2.42,382394,Y2,,,0,16.426,clean
126,20,3,1.67,1,2.45,768811,Y2,,,0,16.114,clean
126,21,3,1.46,1,2.42,1140386,Y2,,,0,15.973,clean
126,22,3,1.42,1,2.55,332147,Y4,,,0,15.972,clean
126,23,3,1.52,1,2.67,367910,Y2,,,0,15.910,clean
126,24,3,1.51,1,2.30,841409,Y2,,,0,15.831,clean
126,25,3,1.39,1353,2.48,1119643,Y4,,,0,15.448,clean
126,26,3,1.66,1,2.33,1357645,Y2,,,0,15.050,clean
126,27,3,1.63,634,2.42,1271725,Y2,,,0,14.994,clean
126,28,3,1.66,1,2.44,177562,Y4,,,0,14.603,clean
126,29,3,1.47,1,2.58,258118,Y2,,,0,14.374,clean
126,30,3,1.84,1,2.34,1406193,Y2,,,0,14.159,clean
126,31,3,1.62,1,2.17,148326,Y4,,,0,13.892,clean
126,32,3,1.34,1046,2.22,333130,Y4,,,0,13.655,clean
126,33,3,1.80,1,2.29,1372665,Y2,,,0,13.561,clean
126,34,3,1.62,1,2.56,322580,Y2,,,0,13.511,clean
126,35,3,1.71,1,2.23,509351,Y2,,,0,13.581,clean
126,36,3,1.99,1,2.51,1432031,Y4,,,0,13.671,clean
126,37,3,1.80,1,2.56,919193,Y2,,,0,13.630,clean
126,38,3,1.75,1,2.40,365764,Y4,,,0,13.518,clean
126,39,3,1.58,1,2.47,32723,Y2,,,0,13.463,clean
126,40,3,1.67,1,2.50,517130,Y2,,,0,13.420,clean
126,41,3,2.00,1,2.45,837743,Y2,,,0,13.411,clean
126,42,3,1.86,1,2.59,1100600,Y2,,,0,13.388,clean
126,43,3,1.78,1,2.33,236750,Y4,,,0,13.304,clean
126,44,3,1.77,1,3.09,1131177,Y4,0.24/noise-like,0.00/noise-like,0,13.121,FAM-HIT
126,45,3,1.79,1,2.44,1276106,Y2,,,0,12.972,clean
126,46,3,1.82,1,2.30,168890,Y2,,,0,12.790,clean
126,47,3,1.85,1,2.36,947177,Y2,,,0,12.537,clean
126,48,3,3.38,1,2.23,100762,Y4,0.00/noise-like,0.00/noise-like,0,12.159,hump-note
126,49,3,2.10,1,2.50,822455,Y4,,,0,11.780,clean
126,50,3,2.40,1,2.69,599384,Y2,,,0,11.472,clean
126,51,3,2.13,1,2.32,1113743,Y4,,,0,11.136,clean
126,52,3,2.33,1,2.46,1172394,Y4,,,0,10.893,clean
126,53,3,2.04,1,2.23,1260281,Y4,,,0,10.686,clean
126,54,3,2.36,1,2.28,298351,Y4,,,0,10.326,clean
126,55,3,2.56,1,2.43,777751,Y4,0.24/noise-like,0.00/noise-like,0,9.843,hump-note
126,56,3,2.71,1,2.64,387490,Y2,0.00/noise-like,0.00/noise-like,0,9.220,hump-note
126,57,3,2.74,1,2.49,1182854,Y2,0.00/noise-like,0.00/noise-like,2,8.539,hump-note
126,58,3,3.42,1,2.46,917137,Y4,0.24/noise-like,0.24/noise-like,0,7.936,hump-note
126,59,3,3.49,1,2.35,1205206,Y4,0.00/noise-like,0.24/noise-like,0,7.264,hump-note
126,60,3,0,-1,0,0,-,,,0,6.448,QUARANTINE:dark-lane range=57 distinct=57
126,61,3,0,-1,0,0,-,,,0,5.583,QUARANTINE:dark-lane range=52 distinct=50
126,62,3,0,-1,0,0,-,,,0,4.698,QUARANTINE:dark-lane range=42 distinct=42
126,63,3,0,-1,0,0,-,,,0,3.934,QUARANTINE:dark-lane range=35 distinct=36
127,0,3,2.34,1,2.40,27001,Y2,,,0,19.670,clean
127,1,3,1.42,3,2.38,1313835,Y4,,,0,19.623,clean
127,2,3,1.41,1,2.29,1384735,Y4,,,0,19.567,clean
127,3,3,1.38,1145,2.32,788927,Y4,,,0,19.699,clean
127,4,3,1.41,1,2.37,23156,Y2,,,0,19.790,clean
127,5,3,1.56,1,2.45,887454,Y4,,,0,19.534,clean
127,6,3,1.44,1478,2.51,1118928,Y4,,,0,19.334,clean
127,7,3,1.34,1,2.40,443012,Y2,,,0,19.116,clean
127,8,3,1.35,1,2.40,236034,Y4,,,0,18.820,clean
127,9,3,1.71,1,2.43,50962,Y2,,,0,18.425,clean
127,10,3,1.42,1,2.31,768900,Y2,,,0,18.107,clean
127,11,3,1.36,1,2.47,1025230,Y4,,,0,17.715,clean
127,12,3,1.83,1,2.47,310332,Y2,,,0,17.255,clean
127,13,3,1.56,1,2.31,1181513,Y4,,,0,16.749,clean
127,14,3,1.79,1,2.37,791520,Y2,,,0,16.445,clean
127,15,3,1.74,1,2.48,759870,Y2,,,0,16.238,clean
127,16,3,1.37,1,2.35,826031,Y2,,,0,16.315,clean
127,17,3,1.33,343,2.22,223786,Y4,,,0,16.480,clean
127,18,3,1.51,774,2.35,1394838,Y4,,,0,17.762,clean
127,19,3,1.40,1068,2.46,1164973,Y4,,,0,16.423,clean
127,20,3,1.39,1,2.60,629336,Y4,,,0,16.117,clean
127,21,3,1.72,1,2.49,1134574,Y2,,,0,15.971,clean
127,22,3,1.58,1,2.31,1329660,Y2,,,0,15.943,clean
127,23,3,1.75,1,2.60,893623,Y2,,,0,15.940,clean
127,24,3,1.43,638,2.69,601351,Y4,,,0,15.822,clean
127,25,3,1.36,86,2.23,980169,Y4,,,0,15.414,clean
127,26,3,1.73,1,2.50,1004130,Y2,,,0,15.030,clean
127,27,3,1.74,632,2.46,1392603,Y2,,,0,15.000,clean
127,28,3,2.05,1,2.41,1452416,Y4,,,0,14.581,clean
127,29,3,1.50,1,2.44,181496,Y4,,,0,14.396,clean
127,30,3,1.88,1,2.65,1061082,Y2,,,0,14.150,clean
127,31,3,1.61,1,2.39,1120090,Y4,,,0,13.904,clean
127,32,3,1.37,1,2.58,1451790,Y4,,,0,13.653,clean
127,33,3,1.70,1,2.34,47028,Y2,,,0,13.544,clean
127,34,3,1.79,1,2.34,251949,Y4,,,0,13.549,clean
127,35,3,1.75,1,2.38,344127,Y2,,,0,13.588,clean
127,36,3,1.89,1,2.40,1078248,Y2,,,0,13.698,clean
127,37,3,1.85,1,2.63,331342,Y4,,,0,13.653,clean
127,38,3,1.82,1,2.45,303537,Y2,,,0,13.533,clean
127,39,3,2.12,1,2.51,324458,Y2,,,0,13.476,clean
127,40,3,1.47,1,2.33,979006,Y4,,,0,13.450,clean
127,41,3,1.63,1,2.31,923753,Y2,,,0,13.421,clean
127,42,3,1.81,1,2.28,52840,Y2,,,0,13.422,clean
127,43,3,1.74,1,2.37,755846,Y4,,,0,13.330,clean
127,44,3,1.97,1,2.26,837386,Y4,,,0,13.121,clean
127,45,3,1.76,1,2.39,752091,Y4,,,0,12.953,clean
127,46,3,1.66,1,2.68,920802,Y4,,,0,12.764,clean
127,47,3,1.90,1,2.26,1225322,Y2,,,0,12.533,clean
127,48,3,3.43,1,2.27,906140,Y4,0.00/noise-like,0.24/noise-like,0,12.173,hump-note
127,49,3,1.85,1,2.33,858665,Y2,,,0,11.763,clean
127,50,3,2.15,1,2.48,568897,Y2,,,0,11.450,clean
127,51,3,1.94,1,2.27,1243562,Y4,,,0,11.122,clean
127,52,3,2.23,1,2.45,1414508,Y2,,,0,10.892,clean
127,53,3,2.17,1,2.26,1361936,Y2,,,0,10.663,clean
127,54,3,2.28,1,2.46,204742,Y4,,,0,10.332,clean
127,55,3,2.40,1,2.49,421107,Y2,,,0,9.827,clean
127,56,3,2.58,1,2.47,787675,Y4,0.00/noise-like,0.00/noise-like,0,9.203,hump-note
127,57,3,3.03,1,2.49,165403,Y4,0.00/noise-like,0.00/noise-like,0,8.523,hump-note
127,58,3,3.32,1,2.35,553161,Y2,0.00/noise-like,0.00/noise-like,0,7.938,hump-note
127,59,3,3.74,1,2.40,84132,Y2,0.24/noise-like,0.00/noise-like,0,7.271,hump-note
127,60,3,0,-1,0,0,-,,,0,6.440,QUARANTINE:dark-lane range=54 distinct=54
127,61,3,0,-1,0,0,-,,,0,5.580,QUARANTINE:dark-lane range=48 distinct=48
127,62,3,0,-1,0,0,-,,,0,4.697,QUARANTINE:dark-lane range=39 distinct=38
127,63,3,0,-1,0,0,-,,,0,3.936,QUARANTINE:dark-lane range=32 distinct=33
127,0,3,2.34,1,2.40,27001,Y2,,,0,19.670,clean
127,1,3,1.42,3,2.38,1313835,Y4,,,0,19.623,clean
127,2,3,1.41,1,2.29,1384735,Y4,,,0,19.567,clean
127,3,3,1.38,1145,2.32,788927,Y4,,,0,19.699,clean
127,4,3,1.41,1,2.37,23156,Y2,,,0,19.790,clean
127,5,3,1.56,1,2.45,887454,Y4,,,0,19.534,clean
127,6,3,1.44,1478,2.51,1118928,Y4,,,0,19.334,clean
127,7,3,1.34,1,2.40,443012,Y2,,,0,19.116,clean
127,8,3,1.35,1,2.40,236034,Y4,,,0,18.820,clean
127,9,3,1.71,1,2.43,50962,Y2,,,0,18.425,clean
127,10,3,1.42,1,2.31,768900,Y2,,,0,18.107,clean
127,11,3,1.36,1,2.47,1025230,Y4,,,0,17.715,clean
127,12,3,1.83,1,2.47,310332,Y2,,,0,17.255,clean
127,13,3,1.56,1,2.31,1181513,Y4,,,0,16.749,clean
127,14,3,1.79,1,2.37,791520,Y2,,,0,16.445,clean
127,15,3,1.74,1,2.48,759870,Y2,,,0,16.238,clean
127,16,3,1.37,1,2.35,826031,Y2,,,0,16.315,clean
127,17,3,1.33,343,2.22,223786,Y4,,,0,16.480,clean
127,18,3,1.51,774,2.35,1394838,Y4,,,0,17.762,clean
127,19,3,1.40,1068,2.46,1164973,Y4,,,0,16.423,clean
127,20,3,1.39,1,2.60,629336,Y4,,,0,16.117,clean
127,21,3,1.72,1,2.49,1134574,Y2,,,0,15.971,clean
127,22,3,1.58,1,2.31,1329660,Y2,,,0,15.943,clean
127,23,3,1.75,1,2.60,893623,Y2,,,0,15.940,clean
127,24,3,1.43,638,2.69,601351,Y4,,,0,15.822,clean
127,25,3,1.36,86,2.23,980169,Y4,,,0,15.414,clean
127,26,3,1.73,1,2.50,1004130,Y2,,,0,15.030,clean
127,27,3,1.74,632,2.46,1392603,Y2,,,0,15.000,clean
127,28,3,2.05,1,2.41,1452416,Y4,,,0,14.581,clean
127,29,3,1.50,1,2.44,181496,Y4,,,0,14.396,clean
127,30,3,1.88,1,2.65,1061082,Y2,,,0,14.150,clean
127,31,3,1.61,1,2.39,1120090,Y4,,,0,13.904,clean
127,32,3,1.37,1,2.58,1451790,Y4,,,0,13.653,clean
127,33,3,1.70,1,2.34,47028,Y2,,,0,13.544,clean
127,34,3,1.79,1,2.34,251949,Y4,,,0,13.549,clean
127,35,3,1.75,1,2.38,344127,Y2,,,0,13.588,clean
127,36,3,1.89,1,2.40,1078248,Y2,,,0,13.698,clean
127,37,3,1.85,1,2.63,331342,Y4,,,0,13.653,clean
127,38,3,1.82,1,2.45,303537,Y2,,,0,13.533,clean
127,39,3,2.12,1,2.51,324458,Y2,,,0,13.476,clean
127,40,3,1.47,1,2.33,979006,Y4,,,0,13.450,clean
127,41,3,1.63,1,2.31,923753,Y2,,,0,13.421,clean
127,42,3,1.81,1,2.28,52840,Y2,,,0,13.422,clean
127,43,3,1.74,1,2.37,755846,Y4,,,0,13.330,clean
127,44,3,1.97,1,2.26,837386,Y4,,,0,13.121,clean
127,45,3,1.76,1,2.39,752091,Y4,,,0,12.953,clean
127,46,3,1.66,1,2.68,920802,Y4,,,0,12.764,clean
127,47,3,1.90,1,2.26,1225322,Y2,,,0,12.533,clean
127,48,3,3.43,1,2.27,906140,Y4,0.00/noise-like,0.24/noise-like,0,12.173,hump-note
127,49,3,1.85,1,2.33,858665,Y2,,,0,11.763,clean
127,50,3,2.15,1,2.48,568897,Y2,,,0,11.450,clean
127,51,3,1.94,1,2.27,1243562,Y4,,,0,11.122,clean
127,52,3,2.23,1,2.45,1414508,Y2,,,0,10.892,clean
127,53,3,2.17,1,2.26,1361936,Y2,,,0,10.663,clean
127,54,3,2.28,1,2.46,204742,Y4,,,0,10.332,clean
127,55,3,2.40,1,2.49,421107,Y2,,,0,9.827,clean
127,56,3,2.58,1,2.47,787675,Y4,0.00/noise-like,0.00/noise-like,0,9.203,hump-note
127,57,3,3.03,1,2.49,165403,Y4,0.00/noise-like,0.00/noise-like,0,8.523,hump-note
127,58,3,3.32,1,2.35,553161,Y2,0.00/noise-like,0.00/noise-like,0,7.938,hump-note
127,59,3,3.74,1,2.40,84132,Y2,0.24/noise-like,0.00/noise-like,0,7.271,hump-note
127,60,3,0,-1,0,0,-,,,0,6.440,QUARANTINE:dark-lane range=54 distinct=54
127,61,3,0,-1,0,0,-,,,0,5.580,QUARANTINE:dark-lane range=48 distinct=48
127,62,3,0,-1,0,0,-,,,0,4.697,QUARANTINE:dark-lane range=39 distinct=38
127,63,3,0,-1,0,0,-,,,0,3.936,QUARANTINE:dark-lane range=32 distinct=33
