block,chan,pol,spec_ratio,spec_bin,fam_best,fam_hz,fam_tag,vm_sign,vm_diff,spikes,rms,verdict,comb,comb_f0,comb_score,frame,nongauss
0,0,3,1.71,1,2.50,1391262,Y2,,,0,19.629,clean,0,0,0.00,0,0
0,1,3,1.39,896,2.42,107825,Y2,,,0,19.574,clean,0,0,0.00,0,0
0,2,3,1.56,1,2.43,339121,Y4,,,0,19.582,clean,0,0,0.00,0,0
0,3,3,1.35,200,2.40,479400,Y2,,,0,19.652,clean,0,0,0.00,0,0
0,4,3,1.34,714,2.35,687182,Y4,,,0,19.774,clean,0,0,0.00,0,0
0,5,3,1.39,1,2.37,305235,Y4,,,0,19.538,clean,0,0,0.00,0,0
0,6,3,1.60,1476,2.40,153065,Y2,,,0,19.301,clean,0,0,0.00,0,0
0,7,3,1.37,1,2.56,550121,Y4,,,0,19.100,clean,0,0,0.00,0,0
0,8,3,1.54,1,2.54,516683,Y4,,,1,18.770,clean,0,0,0.00,0,0
0,9,3,1.49,1,2.58,393301,Y2,,,0,18.417,clean,0,0,0.00,0,0
0,10,3,1.45,996,2.50,580072,Y4,,,0,18.054,clean,0,0,0.00,0,0
0,11,3,1.64,1,2.64,692815,Y4,,,0,17.686,clean,0,0,0.00,0,0
0,12,3,1.73,1,2.40,677437,Y2,,,0,17.169,clean,0,0,0.00,0,0
0,13,3,1.52,1,2.99,1360238,Y4,,,0,16.731,clean,0,0,0.00,0,0
0,14,3,1.70,1,2.38,90033,Y4,,,0,16.445,clean,0,0,0.00,0,0
0,15,3,1.37,1,2.50,1464844,Y4,,,0,16.238,clean,0,0,0.00,0,0
0,16,3,1.54,1,2.30,577480,Y2,,,0,16.285,clean,0,0,0.00,0,0
0,17,3,1.47,1,2.29,930279,Y4,,,0,16.446,clean,0,0,0.00,0,0
0,18,3,1.52,689,2.34,200629,Y4,,,0,17.693,clean,0,0,0.00,0,0
0,19,3,1.44,1,2.45,653923,Y2,,,0,16.384,clean,0,0,0.00,0,0
0,20,3,1.62,1,2.45,1300067,Y4,,,0,16.066,clean,0,0,0.00,0,0
0,21,3,1.31,1,2.36,1270473,Y2,,,0,15.939,clean,0,0,0.00,0,0
0,22,3,1.48,1,2.36,1276553,Y2,,,0,15.938,clean,0,0,0.00,0,0
0,23,3,1.84,1,2.58,144124,Y2,,,0,15.897,clean,0,0,0.00,0,0
0,24,3,1.57,1,2.44,304520,Y2,,,0,15.804,clean,0,0,0.00,0,0
0,25,3,1.46,1,2.38,731617,Y4,,,0,15.425,clean,0,0,0.00,0,0
0,26,3,1.44,1,2.34,634342,Y2,,,0,14.975,clean,0,0,0.00,0,0
0,27,3,1.71,642,2.42,1438379,Y4,,,0,14.961,clean,0,0,0.00,0,0
0,28,3,1.70,1,2.28,959247,Y2,,,0,14.559,clean,0,0,0.00,0,0
0,29,3,1.84,1,2.33,1098633,Y2,,,0,14.378,clean,0,0,0.00,0,0
0,30,3,1.71,1,2.77,1403958,Y4,,,0,14.143,clean,0,0,0.00,0,0
0,31,3,2.12,1,2.36,578374,Y4,,,0,13.888,clean,0,0,0.00,0,0
0,32,3,1.41,1136,2.47,436932,Y4,,,0,13.646,clean,0,0,0.00,0,0
0,33,3,1.55,1,2.49,464469,Y4,,,0,13.488,clean,0,0,0.00,0,0
0,34,3,1.67,1,2.50,1041859,Y4,,,0,13.495,clean,0,0,0.00,0,0
0,35,3,1.67,1,2.25,1409233,Y2,,,0,13.585,clean,0,0,0.00,0,0
0,36,3,1.84,1,2.31,1151830,Y2,,,0,13.670,clean,0,0,0.00,0,0
0,37,3,1.87,1,2.94,57310,Y2,,,0,13.614,clean,0,0,0.00,0,0
0,38,3,1.75,1,2.40,36925,Y4,,,0,13.525,clean,0,0,0.00,0,0
0,39,3,1.73,1,2.46,1235515,Y2,,,0,13.411,clean,0,0,0.00,0,0
0,40,3,1.66,1,2.33,867069,Y4,,,0,13.420,clean,0,0,0.00,0,0
0,41,3,1.80,1,2.58,1343787,Y2,,,0,13.385,clean,0,0,0.00,0,0
0,42,3,1.60,1,2.28,315160,Y2,,,0,13.399,clean,0,0,0.00,0,0
0,43,3,1.63,1,2.57,1122504,Y4,,,0,13.291,clean,0,0,0.00,0,0
0,44,3,1.75,1,2.29,1126975,Y4,,,0,13.110,clean,0,0,0.00,0,0
0,45,3,1.87,1,2.28,142246,Y2,,,0,12.935,clean,0,0,0.00,0,0
0,46,3,1.94,1,2.35,398308,Y2,,,0,12.750,clean,0,0,0.00,0,0
0,47,3,1.79,1,2.40,1015753,Y4,,,0,12.521,clean,0,0,0.00,0,0
0,48,3,2.91,1,2.31,272691,Y4,0.00/noise-like,0.00/noise-like,0,12.145,hump-note,0,0,0.00,0,0
0,49,3,1.83,1,2.36,1391172,Y4,,,0,11.754,clean,0,0,0.00,0,0
0,50,3,1.78,1,2.41,269562,Y4,,,0,11.409,clean,0,0,0.00,0,0
0,51,3,2.13,1,2.31,805378,Y2,,,0,11.098,clean,0,0,0.00,0,0
0,52,3,2.26,1,2.26,132412,Y2,,,0,10.870,clean,0,0,0.00,0,0
0,53,3,2.32,1,2.33,491917,Y2,,,0,10.654,clean,0,0,0.00,0,0
0,54,3,2.24,1,2.60,340641,Y4,,,0,10.296,clean,0,0,0.00,0,0
0,55,3,2.40,1,2.42,813156,Y2,,,0,9.809,clean,0,0,0.00,0,0
0,56,3,2.51,1,2.55,92089,Y2,0.24/noise-like,0.24/noise-like,0,9.210,hump-note,0,0,0.00,0,0
0,57,3,3.20,1,2.30,466615,Y2,0.24/noise-like,0.00/noise-like,0,8.508,hump-note,0,0,0.00,0,0
0,58,3,3.35,1,2.21,1448303,Y4,0.00/noise-like,0.00/noise-like,0,7.930,hump-note,0,0,0.00,0,0
0,59,3,0,-1,0,0,-,,,0,7.272,QUARANTINE:dark-lane range=64 distinct=60,0,0,0.00,0,0
0,60,3,0,-1,0,0,-,,,0,6.418,QUARANTINE:dark-lane range=56 distinct=55,0,0,0.00,0,0
0,61,3,0,-1,0,0,-,,,0,5.580,QUARANTINE:dark-lane range=46 distinct=47,0,0,0.00,0,0
0,62,3,0,-1,0,0,-,,,0,4.678,QUARANTINE:dark-lane range=44 distinct=40,0,0,0.00,0,0
0,63,3,0,-1,0,0,-,,,0,3.927,QUARANTINE:dark-lane range=32 distinct=33,0,0,0.00,0,0
1,0,3,1.59,1,2.48,976056,Y4,,,0,19.627,clean,0,0,0.00,0,0
1,1,3,1.31,1439,2.59,204027,Y2,,,0,19.559,clean,0,0,0.00,0,0
1,2,3,1.38,529,2.40,1242042,Y2,,,0,19.575,clean,0,0,0.00,0,0
1,3,3,1.31,304,2.36,1189917,Y4,,,0,19.640,clean,0,0,0.00,0,0
1,4,3,1.45,156,2.29,375688,Y2,,,0,19.785,clean,0,0,0.00,0,0
1,5,3,1.41,1,2.48,1450092,Y2,,,0,19.558,clean,0,0,0.00,0,0
1,6,3,1.44,1476,2.46,216275,Y2,,,0,19.279,clean,0,0,0.00,0,0
1,7,3,1.33,533,2.52,208229,Y2,,,0,19.044,clean,0,0,0.00,0,0
1,8,3,1.37,1334,2.33,1192510,Y2,,,0,18.819,clean,0,0,0.00,0,0
1,9,3,1.49,1,2.41,130802,Y2,,,0,18.442,clean,0,0,0.00,0,0
1,10,3,1.42,1,2.56,909358,Y4,,,0,18.071,clean,0,0,0.00,0,0
1,11,3,1.40,1,2.55,742346,Y2,,,0,17.709,clean,0,0,0.00,0,0
1,12,3,1.42,1,2.36,1198590,Y4,,,0,17.197,clean,0,0,0.00,0,0
1,13,3,1.44,1,2.34,1158088,Y4,,,0,16.729,clean,0,0,0.00,0,0
1,14,3,1.66,1,2.30,164419,Y4,,,0,16.460,clean,0,0,0.00,0,0
1,15,3,1.58,1,2.71,1367211,Y2,,,0,16.267,clean,0,0,0.00,0,0
1,16,3,1.36,1155,2.45,407338,Y2,,,0,16.305,clean,0,0,0.00,0,0
1,17,3,1.49,1,2.47,110149,Y2,,,0,16.477,clean,0,0,0.00,0,0
1,18,3,1.46,642,2.29,490397,Y2,,,0,17.754,clean,0,0,0.00,0,0
1,19,3,1.47,1,2.43,948697,Y2,,,0,16.387,clean,0,0,0.00,0,0
1,20,3,1.41,304,2.34,1216561,Y2,,,0,16.094,clean,0,0,0.00,0,0
1,21,3,1.54,1,2.31,789464,Y2,,,0,15.965,clean,0,0,0.00,0,0
1,22,3,1.56,1,2.35,190169,Y2,,,0,15.918,clean,0,0,0.00,0,0
1,23,3,1.58,1,2.43,202864,Y2,,,0,15.901,clean,0,0,0.00,0,0
1,24,3,1.69,1,2.30,252396,Y4,,,0,15.789,clean,0,0,0.00,0,0
1,25,3,1.70,1,2.25,1383305,Y4,,,0,15.396,clean,0,0,0.00,0,0
1,26,3,1.63,1,2.40,1304984,Y4,,,0,14.976,clean,0,0,0.00,0,0
1,27,3,1.69,1,2.38,487447,Y2,,,0,14.958,clean,0,0,0.00,0,0
1,28,3,1.88,1,2.29,925541,Y2,,,0,14.587,clean,0,0,0.00,0,0
1,29,3,1.51,1,2.41,1308739,Y2,,,0,14.394,clean,0,0,0.00,0,0
1,30,3,1.94,1,2.54,375509,Y4,,,0,14.136,clean,0,0,0.00,0,0
1,31,3,1.63,1,2.60,602335,Y4,,,0,13.860,clean,0,0,0.00,0,0
1,32,3,1.37,1318,2.51,319004,Y2,,,0,13.618,clean,0,0,0.00,0,0
1,33,3,1.82,1,2.44,187486,Y4,,,0,13.512,clean,0,0,0.00,0,0
1,34,3,1.60,1,2.30,721335,Y4,,,0,13.504,clean,0,0,0.00,0,0
1,35,3,1.75,1,2.29,1202613,Y4,,,0,13.591,clean,0,0,0.00,0,0
1,36,3,1.71,1,2.44,1457155,Y2,,,0,13.680,clean,0,0,0.00,0,0
1,37,3,1.82,1,2.55,185698,Y4,,,0,13.627,clean,0,0,0.00,0,0
1,38,3,1.63,1,2.50,776857,Y2,,,0,13.493,clean,0,0,0.00,0,0
1,39,3,2.05,1,2.48,622451,Y2,,,0,13.426,clean,0,0,0.00,0,0
1,40,3,1.82,1,2.82,502557,Y2,,,0,13.403,clean,0,0,0.00,0,0
1,41,3,1.69,1,2.34,166297,Y4,,,0,13.403,clean,0,0,0.00,0,0
1,42,3,1.59,1,2.56,1362115,Y4,,,0,13.393,clean,0,0,0.00,0,0
1,43,3,1.65,1,2.50,305682,Y2,,,0,13.303,clean,0,0,0.00,0,0
1,44,3,2.11,1,2.37,346363,Y2,,,0,13.081,clean,0,0,0.00,0,0
1,45,3,1.73,1,2.32,1095325,Y2,,,0,12.933,clean,0,0,0.00,0,0
1,46,3,1.61,1,2.46,1397341,Y2,,,0,12.774,clean,0,0,0.00,0,0
1,47,3,2.36,1,2.27,763625,Y2,,,0,12.518,clean,0,0,0.00,0,0
1,48,3,3.45,1,2.37,18060,Y2,0.00/noise-like,0.00/noise-like,0,12.143,hump-note,0,0,0.00,0,0
1,49,3,2.11,1,2.29,114083,Y2,,,0,11.758,clean,0,0,0.00,0,0
1,50,3,1.92,1,2.48,36746,Y2,,,0,11.439,clean,0,0,0.00,0,0
1,51,3,2.34,1,2.52,657499,Y4,,,0,11.113,clean,0,0,0.00,0,0
1,52,3,2.41,1,2.30,149578,Y4,,,0,10.865,clean,0,0,0.00,0,0
1,53,3,1.99,1,3.01,613153,Y4,0.00/noise-like,0.00/noise-like,0,10.663,FAM-HIT,0,0,0.00,0,0
1,54,3,2.35,1,2.42,119627,Y2,,,0,10.295,clean,0,0,0.00,0,0
1,55,3,2.21,1,2.34,333577,Y2,,,0,9.819,clean,0,0,0.00,0,0
1,56,3,2.57,1,30.84,358,Y4,0.00/noise-like,0.24/noise-like,0,9.300,FAM-HIT,1,715,13.79,0,0
1,57,3,2.78,1,2.51,638008,Y4,0.00/noise-like,0.24/noise-like,0,8.514,hump-note,0,0,0.00,0,0
1,58,3,3.76,1,2.26,369251,Y4,0.00/noise-like,0.00/noise-like,0,7.925,hump-note,0,0,0.00,0,0
1,59,3,0,-1,0,0,-,,,0,7.269,QUARANTINE:dark-lane range=64 distinct=63,0,0,0.00,0,0
1,60,3,0,-1,0,0,-,,,0,6.419,QUARANTINE:dark-lane range=54 distinct=55,0,0,0.00,0,0
1,61,3,0,-1,0,0,-,,,0,5.569,QUARANTINE:dark-lane range=47 distinct=46,0,0,0.00,0,0
1,62,3,0,-1,0,0,-,,,0,4.684,QUARANTINE:dark-lane range=42 distinct=42,0,0,0.00,0,0
1,63,3,0,-1,0,0,-,,,0,3.928,QUARANTINE:dark-lane range=33 distinct=33,0,0,0.00,0,0
2,0,3,1.64,1,2.48,1138955,Y2,,,0,19.643,clean,0,0,0.00,0,0
2,1,3,1.39,1,2.48,905335,Y2,,,0,19.615,clean,0,0,0.00,0,0
2,2,3,1.34,116,2.34,146896,Y2,,,0,19.555,clean,0,0,0.00,0,0
2,3,3,1.69,1,2.32,164866,Y4,,,0,19.659,clean,0,0,0.00,0,0
2,4,3,1.49,1,2.24,422806,Y2,,,0,19.809,clean,0,0,0.00,0,0
2,5,3,1.40,174,2.27,1079500,Y2,,,0,19.581,clean,0,0,0.00,0,0
2,6,3,1.61,1476,2.39,1199126,Y4,,,0,19.340,clean,0,0,0.00,0,0
2,7,3,1.43,1,2.32,1379550,Y2,,,0,19.080,clean,0,0,0.00,0,0
2,8,3,1.46,1,2.59,1423538,Y2,,,0,18.797,clean,0,0,0.00,0,0
2,9,3,1.43,382,2.36,117749,Y2,,,0,18.410,clean,0,0,0.00,0,0
2,10,3,1.51,1,2.27,284940,Y2,,,0,18.066,clean,0,0,0.00,0,0
2,11,3,1.58,1,2.30,1143605,Y4,,,0,17.710,clean,0,0,0.00,0,0
2,12,3,1.78,1,2.76,1219511,Y2,,,0,17.170,clean,0,0,0.00,0,0
2,13,3,1.41,1,2.31,624061,Y2,,,0,16.693,clean,0,0,0.00,0,0
2,14,3,1.53,1,2.39,636131,Y4,,,0,16.462,clean,0,0,0.00,0,0
2,15,3,1.52,1,2.70,950754,Y2,,,0,16.236,clean,0,0,0.00,0,0
2,16,3,1.60,1,2.29,1322955,Y2,,,0,16.286,clean,0,0,0.00,0,0
2,17,3,1.73,1,2.39,48369,Y4,,,0,16.457,clean,0,0,0.00,0,0
2,18,3,1.71,871,2.82,123739,Y2,,,0,17.686,clean,0,0,0.00,0,0
2,19,3,1.55,1,2.24,1257509,Y2,,,0,16.372,clean,0,0,0.00,0,0
2,20,3,1.76,1,2.54,1271367,Y2,,,0,16.077,clean,0,0,0.00,0,0
2,21,3,1.39,282,2.67,1422644,Y4,,,0,15.927,clean,0,0,0.00,0,0
2,22,3,1.56,1,2.62,483334,Y4,,,0,15.905,clean,0,0,0.00,0,0
2,23,3,1.72,1,2.31,393301,Y2,,,0,15.906,clean,0,0,0.00,0,0
2,24,3,1.72,1,2.46,159681,Y2,,,0,15.814,clean,0,0,0.00,0,0
2,25,3,1.50,1,2.34,1290768,Y4,,,0,15.413,clean,0,0,0.00,0,0
2,26,3,1.56,1,2.39,1086473,Y4,,,0,14.973,clean,0,0,0.00,0,0
2,27,3,1.60,608,2.49,803053,Y2,,,0,14.949,clean,0,0,0.00,0,0
2,28,3,1.50,1,2.72,614852,Y4,,,0,14.575,clean,0,0,0.00,0,0
2,29,3,1.57,1,2.19,1177043,Y2,,,0,14.398,clean,0,0,0.00,0,0
2,30,3,1.76,1,2.35,86635,Y2,,,0,14.157,clean,0,0,0.00,0,0
2,31,3,1.75,1,2.29,85920,Y4,,,0,13.872,clean,0,0,0.00,0,0
2,32,3,1.33,382,2.28,1167297,Y4,,,0,13.659,clean,0,0,0.00,0,0
2,33,3,1.84,1,2.31,1072705,Y4,,,0,13.516,clean,0,0,0.00,0,0
2,34,3,1.85,1,2.52,1016110,Y2,,,0,13.542,clean,0,0,0.00,0,0
2,35,3,1.89,1,2.59,1235515,Y2,,,0,13.612,clean,0,0,0.00,0,0
2,36,3,1.57,1,2.80,98884,Y4,,,0,13.686,clean,0,0,0.00,0,0
2,37,3,1.80,1,2.36,247657,Y2,,,0,13.632,clean,0,0,0.00,0,0
2,38,3,1.70,1,2.43,31561,Y4,,,0,13.521,clean,0,0,0.00,0,0
2,39,3,1.97,1,2.37,1183569,Y2,,,0,13.454,clean,0,0,0.00,0,0
2,40,3,1.68,1,2.47,724465,Y2,,,0,13.410,clean,0,0,0.00,0,0
2,41,3,1.70,1,2.37,1312673,Y4,,,0,13.372,clean,0,0,0.00,0,0
2,42,3,1.81,1,2.58,572205,Y2,,,0,13.363,clean,0,0,0.00,0,0
2,43,3,1.92,1,2.44,394553,Y4,,,0,13.310,clean,0,0,0.00,0,0
2,44,3,1.68,1,2.42,1397520,Y4,,,0,13.086,clean,0,0,0.00,0,0
2,45,3,2.02,1,2.38,897110,Y4,,,0,12.917,clean,0,0,0.00,0,0
2,46,3,1.98,1,2.47,581771,Y4,,,0,12.774,clean,0,0,0.00,0,0
2,47,3,1.65,1,2.38,510693,Y2,,,0,12.514,clean,0,0,0.00,0,0
2,48,3,3.33,1,2.52,699699,Y2,0.00/noise-like,0.00/noise-like,0,12.116,hump-note,0,0,0.00,0,0
2,49,3,1.90,1,2.42,305325,Y4,,,0,11.773,clean,0,0,0.00,0,0
2,50,3,2.18,1,2.37,785261,Y2,,,0,11.417,clean,0,0,0.00,0,0
2,51,3,2.04,1,2.41,74565,Y2,,,0,11.114,clean,0,0,0.00,0,0
2,52,3,2.35,1,2.22,1274586,Y2,,,0,10.881,clean,0,0,0.00,0,0
2,53,3,2.06,1,2.38,1414955,Y4,,,0,10.650,clean,0,0,0.00,0,0
2,54,3,2.28,1,2.37,715703,Y4,,,0,10.311,clean,0,0,0.00,0,0
2,55,3,2.38,1,2.48,1075387,Y4,,,0,9.819,clean,0,0,0.00,0,0
2,56,3,2.56,1,7.47,1162,Y4,0.24/noise-like,0.00/noise-like,0,9.232,FAM-HIT,0,0,5.77,0,0
2,57,3,2.68,1,2.41,1173198,Y4,0.24/noise-like,0.00/noise-like,0,8.507,hump-note,0,0,0.00,0,0
2,58,3,3.20,1,2.35,640422,Y4,0.00/noise-like,0.00/noise-like,0,7.917,hump-note,0,0,0.00,0,0
2,59,3,0,-1,0,0,-,,,0,7.266,QUARANTINE:dark-lane range=62 distinct=62,0,0,0.00,0,0
2,60,3,0,-1,0,0,-,,,0,6.435,QUARANTINE:dark-lane range=58 distinct=54,0,0,0.00,0,0
2,61,3,0,-1,0,0,-,,,0,5.580,QUARANTINE:dark-lane range=51 distinct=49,0,0,0.00,0,0
2,62,3,0,-1,0,0,-,,,0,4.690,QUARANTINE:dark-lane range=42 distinct=40,0,0,0.00,0,0
2,63,3,0,-1,0,0,-,,,0,3.929,QUARANTINE:dark-lane range=36 distinct=36,0,0,0.00,0,0
3,0,3,1.66,1,2.30,777662,Y2,,,0,19.651,clean,0,0,0.00,0,0
3,1,3,1.35,918,2.43,535369,Y4,,,0,19.617,clean,0,0,0.00,0,0
3,2,3,1.45,1,2.57,498176,Y2,,,0,19.539,clean,0,0,0.00,0,0
3,3,3,1.47,1,2.61,1231313,Y2,,,0,19.664,clean,0,0,0.00,0,0
3,4,3,1.42,181,2.40,1286834,Y2,,,0,19.741,clean,0,0,0.00,0,0
3,5,3,1.44,108,2.27,1063317,Y4,,,0,19.481,clean,0,0,0.00,0,0
3,6,3,1.53,1,2.49,451148,Y2,,,0,19.310,clean,0,0,0.00,0,0
3,7,3,1.33,963,2.24,1390368,Y4,,,0,19.090,clean,0,0,0.00,0,0
3,8,3,1.47,1,2.37,1114905,Y4,,,0,18.765,clean,0,0,0.00,0,0
3,9,3,1.36,1,2.50,806898,Y2,,,0,18.386,clean,0,0,0.00,0,0
3,10,3,1.45,1,2.33,126511,Y2,,,0,18.047,clean,0,0,0.00,0,0
3,11,3,1.41,1,2.45,584453,Y4,,,0,17.683,clean,0,0,0.00,0,0
3,12,3,1.34,1,2.47,1417100,Y4,,,0,17.195,clean,0,0,0.00,0,0
3,13,3,1.64,1,2.39,801533,Y2,,,0,16.767,clean,0,0,0.00,0,0
3,14,3,1.52,1,2.39,1420408,Y2,,,0,16.445,clean,0,0,0.00,0,0
3,15,3,1.49,1,2.21,789374,Y2,,,0,16.245,clean,0,0,0.00,0,0
3,16,3,1.42,1000,2.37,1161307,Y4,,,0,16.297,clean,0,0,0.00,0,0
3,17,3,1.63,1,2.50,335097,Y2,,,0,16.459,clean,0,0,0.00,0,0
3,18,3,1.61,731,2.26,350744,Y2,,,0,17.729,clean,0,0,0.00,0,0
3,19,3,1.66,1,2.61,338227,Y4,,,0,16.399,clean,0,0,0.00,0,0
3,20,3,1.86,1,2.49,1464844,Y4,,,0,16.084,clean,0,0,0.00,0,0
3,21,3,1.64,1,2.46,8404,Y4,,,0,15.953,clean,0,0,0.00,0,0
3,22,3,1.91,1,2.42,145555,Y4,,,0,15.924,clean,0,0,0.00,0,0
3,23,3,1.38,1,2.64,594646,Y2,,,0,15.906,clean,0,0,0.00,0,0
3,24,3,1.67,1,2.35,165492,Y2,,,0,15.799,clean,0,0,0.00,0,0
3,25,3,1.62,1,2.24,864476,Y2,,,0,15.389,clean,0,0,0.00,0,0
3,26,3,1.74,1,2.39,16540,Y4,,,0,15.004,clean,0,0,0.00,0,0
3,27,3,1.80,1,2.46,794470,Y4,,,0,14.956,clean,0,0,0.00,0,0
3,28,3,1.80,1,2.47,760227,Y4,,,0,14.572,clean,0,0,0.00,0,0
3,29,3,1.68,1,2.39,942975,Y4,,,0,14.390,clean,0,0,0.00,0,0
3,30,3,1.76,1,2.53,817806,Y4,,,0,14.138,clean,0,0,0.00,0,0
3,31,3,1.70,1,2.44,1275837,Y4,,,0,13.886,clean,0,0,0.00,0,0
3,32,3,1.40,1,2.39,1285315,Y4,,,0,13.645,clean,0,0,0.00,0,0
3,33,3,1.73,1,2.60,641674,Y4,,,0,13.530,clean,0,0,0.00,0,0
3,34,3,1.75,1,2.66,539660,Y2,,,0,13.502,clean,0,0,0.00,0,0
3,35,3,1.78,1,2.38,356108,Y4,,,0,13.565,clean,0,0,0.00,0,0
3,36,3,2.01,1,2.49,656247,Y2,,,0,13.665,clean,0,0,0.00,0,0
3,37,3,1.73,1,2.64,10192,Y2,,,0,13.624,clean,0,0,0.00,0,0
3,38,3,1.76,1,2.54,782132,Y2,,,0,13.497,clean,0,0,0.00,0,0
3,39,3,2.13,1,2.41,646859,Y2,,,0,13.404,clean,0,0,0.00,0,0
3,40,3,1.89,1,2.30,1374185,Y2,,,0,13.395,clean,0,0,0.00,0,0
3,41,3,1.78,1,2.36,160307,Y4,,,0,13.412,clean,0,0,0.00,0,0
3,42,3,1.89,1,2.48,383466,Y2,,,0,13.384,clean,0,0,0.00,0,0
3,43,3,1.84,1,2.69,141531,Y4,,,0,13.293,clean,0,0,0.00,0,0
3,44,3,1.84,1,2.40,30309,Y2,,,0,13.113,clean,0,0,0.00,0,0
3,45,3,1.99,1,2.30,1214594,Y2,,,0,12.927,clean,0,0,0.00,0,0
3,46,3,1.80,1,2.30,1134753,Y2,,,0,12.775,clean,0,0,0.00,0,0
3,47,3,1.64,1,2.67,752270,Y2,,,0,12.527,clean,0,0,0.00,0,0
3,48,3,2.97,1,2.52,1361221,Y2,0.00/noise-like,0.24/noise-like,0,12.147,hump-note,0,0,0.00,0,0
3,49,3,1.76,1,2.62,463128,Y2,,,0,11.756,clean,0,0,0.00,0,0
3,50,3,2.07,1,2.39,3397,Y2,,,0,11.420,clean,0,0,0.00,0,0
3,51,3,1.97,1,2.41,1412898,Y4,,,0,11.113,clean,0,0,0.00,0,0
3,52,3,2.34,1,2.50,1377851,Y4,,,0,10.859,clean,0,0,0.00,0,0
3,53,3,2.29,1,2.29,1337081,Y4,,,0,10.641,clean,0,0,0.00,0,0
3,54,3,1.95,1,2.35,1081020,Y4,,,0,10.308,clean,0,0,0.00,0,0
3,55,3,2.77,1,2.50,1111329,Y4,0.00/noise-like,0.00/noise-like,0,9.799,hump-note,0,0,0.00,0,0
3,56,3,2.77,1,2.40,720173,Y4,0.00/noise-like,0.00/noise-like,0,9.221,hump-note,0,0,0.00,0,0
3,57,3,2.99,1,2.38,1063317,Y2,0.00/noise-like,0.24/noise-like,0,8.515,hump-note,0,0,0.00,0,0
3,58,3,3.11,1,2.49,571042,Y2,0.24/noise-like,0.00/noise-like,0,7.929,hump-note,0,0,0.00,0,0
3,59,3,0,-1,0,0,-,,,0,7.266,QUARANTINE:dark-lane range=61 distinct=61,0,0,0.00,0,0
3,60,3,0,-1,0,0,-,,,0,6.434,QUARANTINE:dark-lane range=59 distinct=55,0,0,0.00,0,0
3,61,3,0,-1,0,0,-,,,0,5.572,QUARANTINE:dark-lane range=46 distinct=47,0,0,0.00,0,0
3,62,3,0,-1,0,0,-,,,0,4.694,QUARANTINE:dark-lane range=41 distinct=42,0,0,0.00,0,0
3,63,3,0,-1,0,0,-,,,0,3.933,QUARANTINE:dark-lane range=33 distinct=34,0,0,0.00,0,0
4,0,3,2.08,1,2.38,270188,Y4,,,0,19.618,clean,0,0,0.00,0,0
4,1,3,1.35,1141,2.47,1012534,Y4,,,0,19.551,clean,0,0,0.00,0,0
4,2,3,1.42,1282,2.54,525802,Y4,,,0,19.524,clean,0,0,0.00,0,0
4,3,3,1.40,1,2.28,781238,Y4,,,0,19.650,clean,0,0,0.00,0,0
4,4,3,1.40,1,2.27,25392,Y4,,,0,19.729,clean,0,0,0.00,0,0
4,5,3,1.38,981,2.35,914633,Y2,,,0,19.553,clean,0,0,0.00,0,0
4,6,3,1.48,1476,2.51,736803,Y4,,,0,19.303,clean,0,0,0.00,0,0
4,7,3,1.36,1,2.47,821739,Y4,,,0,19.063,clean,0,0,0.00,0,0
4,8,3,1.50,1,2.43,213414,Y4,,,0,18.780,clean,0,0,0.00,0,0
4,9,3,1.39,252,2.50,961304,Y2,,,0,18.387,clean,0,0,0.00,0,0
4,10,3,1.39,302,2.31,732064,Y4,,,0,18.054,clean,0,0,0.00,0,0
4,11,3,1.48,1,2.41,252932,Y4,,,0,17.663,clean,0,0,0.00,0,0
4,12,3,1.34,1,2.50,575066,Y2,,,0,17.205,clean,0,0,0.00,0,0
4,13,3,1.49,1,2.82,996172,Y2,,,0,16.751,clean,0,0,0.00,0,0
4,14,3,1.62,1,2.45,45776,Y2,,,0,16.417,clean,0,0,0.00,0,0
4,15,3,1.44,1,2.27,1448572,Y4,,,0,16.245,clean,0,0,0.00,0,0
4,16,3,1.58,1,2.25,1152009,Y2,,,0,16.308,clean,0,0,0.00,0,0
4,17,3,1.63,1,2.36,29504,Y2,,,0,16.433,clean,0,0,0.00,0,0
4,18,3,1.51,727,2.36,276089,Y4,,,0,17.716,clean,0,0,0.00,0,0
4,19,3,1.52,1,2.22,646412,Y2,,,0,16.403,clean,0,0,0.00,0,0
4,20,3,1.57,1,2.78,474483,Y2,,,0,16.087,clean,0,0,0.00,0,0
4,21,3,1.71,1,2.38,373095,Y2,,,0,15.942,clean,0,0,0.00,0,0
4,22,3,1.47,1,2.66,918657,Y4,,,0,15.917,clean,0,0,0.00,0,0
4,23,3,1.67,1,2.28,226289,Y4,,,0,15.909,clean,0,0,0.00,0,0
4,24,3,1.49,1,2.74,983745,Y2,,,0,15.826,clean,0,0,0.00,0,0
4,25,3,1.62,1,2.37,1116067,Y4,,,0,15.427,clean,0,0,0.00,0,0
4,26,3,1.67,1,2.41,1001000,Y4,,,0,14.992,clean,0,0,0.00,0,0
4,27,3,1.76,1,2.29,208229,Y2,,,0,14.930,clean,0,0,0.00,0,0
4,28,3,1.77,1,2.55,340551,Y4,,,0,14.571,clean,0,0,0.00,0,0
4,29,3,1.81,1,2.40,1135021,Y4,,,0,14.390,clean,0,0,0.00,0,0
4,30,3,1.66,1,2.35,962466,Y4,,,0,14.139,clean,0,0,0.00,0,0
4,31,3,1.70,1,2.46,1456171,Y4,,,0,13.884,clean,0,0,0.00,0,0
4,32,3,1.36,1154,2.44,614762,Y2,,,0,13.642,clean,0,0,0.00,0,0
4,33,3,1.71,1,2.28,576764,Y4,,,0,13.526,clean,0,0,0.00,0,0
4,34,3,1.66,1,2.37,985175,Y2,,,0,13.511,clean,0,0,0.00,0,0
4,35,3,1.78,1,2.45,596881,Y2,,,0,13.578,clean,0,0,0.00,0,0
4,36,3,1.86,1,2.31,1214325,Y2,,,0,13.669,clean,0,0,0.00,0,0
4,37,3,1.61,1,2.63,167727,Y2,,,0,13.605,clean,0,0,0.00,0,0
4,38,3,1.79,1,2.32,1244187,Y2,,,0,13.507,clean,0,0,0.00,0,0
4,39,3,2.03,1,2.47,83148,Y2,,,0,13.449,clean,0,0,0.00,0,0
4,40,3,1.61,1,2.57,1294702,Y4,,,0,13.403,clean,0,0,0.00,0,0
4,41,3,1.74,1,2.46,463039,Y2,,,0,13.387,clean,0,0,0.00,0,0
4,42,3,1.61,1,2.43,783652,Y2,,,0,13.400,clean,0,0,0.00,0,0
4,43,3,1.73,1,2.21,794739,Y4,,,0,13.293,clean,0,0,0.00,0,0
4,44,3,1.85,1,2.48,1335472,Y4,,,0,13.120,clean,0,0,0.00,0,0
4,45,3,1.81,1,2.28,200003,Y2,,,0,12.934,clean,0,0,0.00,0,0
4,46,3,2.08,1,2.32,877529,Y4,,,0,12.765,clean,0,0,0.00,0,0
4,47,3,1.75,1,2.60,875652,Y2,,,0,12.498,clean,0,0,0.00,0,0
4,48,3,3.06,1,2.27,235945,Y2,0.00/noise-like,0.00/noise-like,0,12.157,hump-note,0,0,0.00,0,0
4,49,3,1.84,1,2.43,531077,Y4,,,0,11.763,clean,0,0,0.00,0,0
4,50,3,2.16,1,2.61,333756,Y2,,,0,11.436,clean,0,0,0.00,0,0
4,51,3,2.53,1,2.51,495136,Y4,0.24/noise-like,0.00/noise-like,0,11.109,hump-note,0,0,0.00,0,0
4,52,3,2.34,1,2.32,1234263,Y4,,,0,10.876,clean,0,0,0.00,0,0
4,53,3,2.07,1,2.55,296384,Y4,,,0,10.646,clean,0,0,0.00,0,0
4,54,3,2.26,1,2.53,8762,Y2,,,0,10.317,clean,0,0,0.00,0,0
4,55,3,2.36,1,2.52,643015,Y4,,,0,9.823,clean,0,0,0.00,0,0
4,56,3,2.37,1,2.35,718206,Y2,,,0,9.217,clean,0,0,0.00,0,0
4,57,3,2.98,1,2.53,1128048,Y2,0.24/noise-like,0.00/noise-like,0,8.512,hump-note,0,0,0.00,0,0
4,58,3,3.15,1,2.49,940830,Y4,0.24/noise-like,0.24/noise-like,0,7.919,hump-note,0,0,0.00,0,0
4,59,3,0,-1,0,0,-,,,0,7.254,QUARANTINE:dark-lane range=62 distinct=62,0,0,0.00,0,0
4,60,3,0,-1,0,0,-,,,0,6.423,QUARANTINE:dark-lane range=53 distinct=54,0,0,0.00,0,0
4,61,3,0,-1,0,0,-,,,0,5.574,QUARANTINE:dark-lane range=45 distinct=46,0,0,0.00,0,0
4,62,3,0,-1,0,0,-,,,0,4.692,QUARANTINE:dark-lane range=42 distinct=42,0,0,0.00,0,0
4,63,3,0,-1,0,0,-,,,0,3.929,QUARANTINE:dark-lane range=34 distinct=35,0,0,0.00,0,0
5,0,3,1.85,1,2.30,1338869,Y2,,,0,19.598,clean,0,0,0.00,0,0
5,1,3,1.42,370,2.34,316322,Y2,,,0,19.567,clean,0,0,0.00,0,0
5,2,3,1.39,924,2.47,28700,Y2,,,0,19.548,clean,0,0,0.00,0,0
5,3,3,1.40,1,2.47,198305,Y4,,,0,19.639,clean,0,0,0.00,0,0
5,4,3,1.37,452,2.36,794381,Y2,,,0,19.779,clean,0,0,0.00,0,0
5,5,3,1.46,1,2.45,487357,Y2,,,0,19.568,clean,0,0,0.00,0,0
5,6,3,1.35,1476,2.38,491291,Y4,,,0,19.284,clean,0,0,0.00,0,0
5,7,3,1.37,1259,2.34,1363456,Y2,,,0,19.059,clean,0,0,0.00,0,0
5,8,3,1.40,346,2.43,348240,Y4,,,0,18.795,clean,0,0,0.00,0,0
5,9,3,1.36,1142,2.38,648290,Y2,,,0,18.397,clean,0,0,0.00,0,0
5,10,3,1.33,242,2.36,846773,Y4,,,0,18.030,clean,0,0,0.00,0,0
5,11,3,1.50,1,2.30,925273,Y4,,,0,17.701,clean,0,0,0.00,0,0
5,12,3,1.48,1,2.37,1121342,Y2,,,0,17.185,clean,0,0,0.00,0,0
5,13,3,1.43,1,2.33,19401,Y4,,,0,16.721,clean,0,0,0.00,0,0
5,14,3,1.58,1,2.30,594467,Y4,,,0,16.462,clean,0,0,0.00,0,0
5,15,3,1.58,1,2.39,1443386,Y2,,,0,16.244,clean,0,0,0.00,0,0
5,16,3,1.58,1,2.37,473320,Y2,,,0,16.291,clean,0,0,0.00,0,0
5,17,3,1.57,1,2.27,1038998,Y4,,,0,16.462,clean,0,0,0.00,0,0
5,18,3,1.48,671,2.52,1274228,Y4,,,0,17.740,clean,0,0,0.00,0,0
5,19,3,1.50,1,2.42,1173109,Y4,,,0,16.386,clean,0,0,0.00,0,0
5,20,3,1.50,1,2.48,1040965,Y4,,,0,16.084,clean,0,0,0.00,0,0
5,21,3,1.43,1,2.27,180155,Y2,,,0,15.903,clean,0,0,0.00,0,0
5,22,3,1.50,1,2.28,120878,Y2,,,0,15.897,clean,0,0,0.00,0,0
5,23,3,1.54,1,2.52,859290,Y4,,,0,15.920,clean,0,0,0.00,0,0
5,24,3,1.41,1,2.49,291377,Y2,,,0,15.827,clean,0,0,0.00,0,0
5,25,3,1.57,1,2.24,1367748,Y2,,,0,15.430,clean,0,0,0.00,0,0
5,26,3,1.60,1,2.27,372201,Y4,,,0,14.982,clean,0,0,0.00,0,0
5,27,3,1.61,1,2.53,329018,Y2,,,0,14.947,clean,0,0,0.00,0,0
5,28,3,1.80,1,2.51,544041,Y2,,,0,14.568,clean,0,0,0.00,0,0
5,29,3,1.66,1,2.38,1452953,Y4,,,0,14.357,clean,0,0,0.00,0,0
5,30,3,1.57,1,2.39,7778,Y2,,,0,14.149,clean,0,0,0.00,0,0
5,31,3,1.90,1,2.39,183821,Y4,,,0,13.856,clean,0,0,0.00,0,0
5,32,3,1.35,1524,2.43,660449,Y4,,,0,13.642,clean,0,0,0.00,0,0
5,33,3,1.40,1,2.35,1003951,Y4,,,0,13.528,clean,0,0,0.00,0,0
5,34,3,1.90,1,2.33,45508,Y4,,,0,13.514,clean,0,0,0.00,0,0
5,35,3,1.90,1,2.40,140995,Y2,,,0,13.575,clean,0,0,0.00,0,0
5,36,3,1.72,1,2.55,422716,Y4,,,1,13.684,clean,0,0,0.00,0,0
5,37,3,1.79,1,2.37,230491,Y4,,,0,13.629,clean,0,0,0.00,0,0
5,38,3,1.80,1,2.42,223786,Y4,,,0,13.507,clean,0,0,0.00,0,0
5,39,3,1.72,1,2.42,16451,Y2,,,0,13.457,clean,0,0,0.00,0,0
5,40,3,1.66,1,2.50,1167923,Y4,,,0,13.424,clean,0,0,0.00,0,0
5,41,3,1.63,1,2.39,589371,Y2,,,0,13.405,clean,0,0,0.00,0,0
5,42,3,1.68,1,2.52,393659,Y2,,,0,13.367,clean,0,0,0.00,0,0
5,43,3,1.75,1,2.64,310868,Y4,,,0,13.320,clean,0,0,0.00,0,0
5,44,3,1.80,1,2.46,190705,Y4,,,0,13.100,clean,0,0,0.00,0,0
5,45,3,1.84,1,2.35,1027733,Y2,,,0,12.923,clean,0,0,0.00,0,0
5,46,3,1.97,1,2.50,1387417,Y4,,,0,12.767,clean,0,0,0.00,0,0
5,47,3,2.15,1,2.26,985712,Y4,,,0,12.493,clean,0,0,0.00,0,0
5,48,3,2.93,1,2.64,600010,Y2,0.00/noise-like,0.24/noise-like,0,12.143,hump-note,0,0,0.00,0,0
5,49,3,2.15,1,2.46,300318,Y2,,,0,11.752,clean,0,0,0.00,0,0
5,50,3,2.05,1,2.53,124186,Y2,,,0,11.433,clean,0,0,0.00,0,0
5,51,3,2.40,1,2.56,1463234,Y2,,,0,11.105,clean,0,0,0.00,0,0
5,52,3,2.08,1,2.59,1081467,Y4,,,0,10.882,clean,0,0,0.00,0,0
5,53,3,2.48,1,2.28,604570,Y2,,,0,10.643,clean,0,0,0.00,0,0
5,54,3,2.55,1,2.54,1241684,Y2,0.00/noise-like,0.00/noise-like,0,10.294,hump-note,0,0,0.00,0,0
5,55,3,2.33,1,2.39,255078,Y2,,,0,9.818,clean,0,0,0.00,0,0
5,56,3,2.69,1,2.58,1183122,Y2,0.00/noise-like,0.00/noise-like,0,9.198,hump-note,0,0,0.00,0,0
5,57,3,3.08,1,2.41,761479,Y2,0.00/noise-like,0.00/noise-like,0,8.503,hump-note,0,0,0.00,0,0
5,58,3,3.15,1,2.45,926703,Y4,0.00/noise-like,0.00/noise-like,0,7.930,hump-note,0,0,0.00,0,0
5,59,3,0,-1,0,0,-,,,0,7.257,QUARANTINE:dark-lane range=63 distinct=61,0,0,0.00,0,0
5,60,3,0,-1,0,0,-,,,0,6.431,QUARANTINE:dark-lane range=57 distinct=55,0,0,0.00,0,0
5,61,3,0,-1,0,0,-,,,0,5.566,QUARANTINE:dark-lane range=49 distinct=50,0,0,0.00,0,0
5,62,3,0,-1,0,0,-,,,0,4.686,QUARANTINE:dark-lane range=39 distinct=40,0,0,0.00,0,0
5,63,3,0,-1,0,0,-,,,0,3.937,QUARANTINE:dark-lane range=34 distinct=35,0,0,0.00,0,0
6,0,3,1.96,1,2.37,1107037,Y4,,,0,19.617,clean,0,0,0.00,0,0
6,1,3,1.38,935,2.29,1382679,Y2,,,0,19.544,clean,0,0,0.00,0,0
6,2,3,1.35,1,2.50,302553,Y2,,,0,19.570,clean,0,0,0.00,0,0
6,3,3,1.49,1,2.43,816822,Y2,,,0,19.656,clean,0,0,0.00,0,0
6,4,3,1.42,1364,2.53,143588,Y2,,,0,19.755,clean,0,0,0.00,0,0
6,5,3,1.42,828,2.41,1444638,Y2,,,0,19.538,clean,0,0,0.00,0,0
6,6,3,1.64,1476,2.42,1307130,Y4,,,0,19.299,clean,0,0,0.00,0,0
6,7,3,1.40,209,2.31,798315,Y2,,,0,19.052,clean,0,0,0.00,0,0
6,8,3,1.45,1,2.38,768721,Y4,,,0,18.790,clean,0,0,0.00,0,0
6,9,3,1.63,1,2.46,164419,Y2,,,0,18.398,clean,0,0,0.00,0,0
6,10,3,1.53,1,2.37,952989,Y2,,,0,18.058,clean,0,0,0.00,0,0
6,11,3,1.36,1,2.49,18954,Y4,,,0,17.659,clean,0,0,0.00,0,0
6,12,3,1.48,1,2.61,48906,Y4,,,0,17.182,clean,0,0,0.00,0,0
6,13,3,1.53,1,2.92,1166314,Y4,,,0,16.733,clean,0,0,0.00,0,0
6,14,3,1.53,1,2.34,1462609,Y2,,,0,16.428,clean,0,0,0.00,0,0
6,15,3,1.75,1,2.38,1315981,Y2,,,0,16.242,clean,0,0,0.00,0,0
6,16,3,1.37,1,2.38,180960,Y2,,,0,16.283,clean,0,0,0.00,0,0
6,17,3,1.47,1,2.18,5722,Y4,,,0,16.452,clean,0,0,0.00,0,0
6,18,3,1.54,767,2.42,124544,Y2,,,0,17.705,clean,0,0,0.00,0,0
6,19,3,1.42,1,2.91,197589,Y4,,,0,16.386,clean,0,0,0.00,0,0
6,20,3,1.55,1,2.41,130624,Y2,,,0,16.078,clean,0,0,0.00,0,0
6,21,3,1.58,1,2.68,226289,Y4,,,0,15.914,clean,0,0,0.00,0,0
6,22,3,1.41,1,2.57,65714,Y2,,,0,15.927,clean,0,0,0.00,0,0
6,23,3,1.69,1,2.50,714093,Y2,,,0,15.899,clean,0,0,0.00,0,0
6,24,3,1.77,1,2.30,420392,Y4,,,0,15.805,clean,0,0,0.00,0,0
6,25,3,1.69,1,2.47,449359,Y4,,,0,15.422,clean,0,0,0.00,0,0
6,26,3,1.66,1,2.59,319451,Y4,,,0,14.981,clean,0,0,0.00,0,0
6,27,3,1.78,1,2.37,279218,Y2,,,0,14.986,clean,0,0,0.00,0,0
6,28,3,1.94,1,2.48,1430154,Y4,,,0,14.590,clean,0,0,0.00,0,0
6,29,3,1.61,1,2.25,62317,Y4,,,0,14.395,clean,0,0,0.00,0,0
6,30,3,1.46,1,2.51,643998,Y2,,,0,14.113,clean,0,0,0.00,0,0
6,31,3,1.38,276,2.43,915080,Y4,,,0,13.871,clean,0,0,0.00,0,0
6,32,3,1.44,385,2.49,374258,Y4,,,0,13.652,clean,0,0,0.00,0,0
6,33,3,1.94,1,2.49,481367,Y2,,,0,13.503,clean,0,0,0.00,0,0
6,34,3,1.66,1,2.41,1399130,Y4,,,0,13.512,clean,0,0,0.00,0,0
6,35,3,2.14,1,2.28,544041,Y4,,,0,13.542,clean,0,0,0.00,0,0
6,36,3,1.72,1,2.45,80466,Y4,,,0,13.660,clean,0,0,0.00,0,0
6,37,3,1.45,1,2.35,381678,Y4,,,0,13.634,clean,0,0,0.00,0,0
6,38,3,1.72,1,2.44,1423270,Y2,,,0,13.517,clean,0,0,0.00,0,0
6,39,3,1.63,1,2.30,1348436,Y4,,,0,13.440,clean,0,0,0.00,0,0
6,40,3,1.88,1,2.50,1053125,Y4,,,0,13.398,clean,0,0,0.00,0,0
6,41,3,1.80,1,2.46,1114100,Y4,,,0,13.395,clean,0,0,0.00,0,0
6,42,3,1.72,1,2.50,105321,Y4,,,0,13.416,clean,0,0,0.00,0,0
6,43,3,1.65,1,2.38,1033992,Y2,,,0,13.294,clean,0,0,0.00,0,0
6,44,3,1.74,1,2.45,1328766,Y2,,,0,13.129,clean,0,0,0.00,0,0
6,45,3,1.90,1,2.42,15914,Y2,,,0,12.925,clean,0,0,0.00,0,0
6,46,3,1.94,1,2.41,1378030,Y4,,,0,12.759,clean,0,0,0.00,0,0
6,47,3,1.96,1,2.41,614405,Y4,,,0,12.520,clean,0,0,0.00,0,0
6,48,3,3.54,1,2.62,646770,Y2,0.24/noise-like,0.24/noise-like,0,12.147,hump-note,0,0,0.00,0,0
6,49,3,2.01,1,2.34,1358360,Y2,,,0,11.756,clean,0,0,0.00,0,0
6,50,3,2.23,1,2.47,199199,Y4,,,0,11.419,clean,0,0,0.00,0,0
6,51,3,2.06,1,2.37,186861,Y2,,,0,11.099,clean,0,0,0.00,0,0
6,52,3,2.16,1,2.34,195533,Y4,,,0,10.870,clean,0,0,0.00,0,0
6,53,3,2.21,1,2.28,242740,Y2,,,0,10.641,clean,0,0,0.00,0,0
6,54,3,2.22,1,2.33,1083344,Y2,,,0,10.303,clean,0,0,0.00,0,0
6,55,3,2.39,1,2.51,1191348,Y4,,,0,9.808,clean,0,0,0.00,0,0
6,56,3,3.07,1,2.43,1362205,Y4,0.00/noise-like,0.42/WATCH,0,9.199,hump-note,0,0,0.00,0,0
6,57,3,3.14,1,2.62,911415,Y4,0.24/noise-like,0.00/noise-like,0,8.510,hump-note,0,0,0.00,0,0
6,58,3,3.23,1,2.28,670463,Y4,0.00/noise-like,0.00/noise-like,0,7.921,hump-note,0,0,0.00,0,0
6,59,3,0,-1,0,0,-,,,0,7.275,QUARANTINE:dark-lane range=62 distinct=61,0,0,0.00,0,0
6,60,3,0,-1,0,0,-,,,0,6.420,QUARANTINE:dark-lane range=58 distinct=57,0,0,0.00,0,0
6,61,3,0,-1,0,0,-,,,0,5.570,QUARANTINE:dark-lane range=49 distinct=49,0,0,0.00,0,0
6,62,3,0,-1,0,0,-,,,0,4.688,QUARANTINE:dark-lane range=40 distinct=41,0,0,0.00,0,0
6,63,3,0,-1,0,0,-,,,0,3.923,QUARANTINE:dark-lane range=35 distinct=36,0,0,0.00,0,0
7,0,3,1.85,1,2.30,794560,Y4,,,0,19.621,clean,0,0,0.00,0,0
7,1,3,1.74,1,2.25,916332,Y4,,,0,19.552,clean,0,0,0.00,0,0
7,2,3,1.35,1338,2.56,49978,Y4,,,0,19.574,clean,0,0,0.00,0,0
7,3,3,1.38,1,2.76,1384377,Y4,,,0,19.652,clean,0,0,0.00,0,0
7,4,3,1.64,1,2.46,1103550,Y4,,,0,19.795,clean,0,0,0.00,0,0
7,5,3,1.40,1,2.36,789821,Y4,,,0,19.528,clean,0,0,0.00,0,0
7,6,3,1.59,1476,2.32,1377583,Y4,,,0,19.316,clean,0,0,0.00,0,0
7,7,3,1.40,1,2.47,913560,Y4,,,0,19.073,clean,0,0,0.00,0,0
7,8,3,1.35,1326,2.41,1423001,Y4,,,0,18.786,clean,0,0,0.00,0,0
7,9,3,1.33,39,2.46,1096219,Y2,,,0,18.417,clean,0,0,0.00,0,0
7,10,3,1.55,1,2.37,184000,Y4,,,0,18.084,clean,0,0,0.00,0,0
7,11,3,1.37,127,2.49,483334,Y4,,,0,17.651,clean,0,0,0.00,0,0
7,12,3,1.46,289,2.28,497729,Y2,,,0,17.181,clean,0,0,0.00,0,0
7,13,3,1.43,585,2.57,78768,Y2,,,0,16.721,clean,0,0,0.00,0,0
7,14,3,1.47,1,2.32,1350403,Y4,,,0,16.426,clean,0,0,0.00,0,0
7,15,3,1.44,1,2.54,1257777,Y4,,,0,16.254,clean,0,0,0.00,0,0
7,16,3,1.50,1,2.44,1263946,Y2,,,0,16.304,clean,0,0,0.00,0,0
7,17,3,1.34,1265,2.43,631124,Y2,,,0,16.439,clean,0,0,0.00,0,0
7,18,3,1.48,744,2.34,800818,Y4,,,0,17.708,clean,0,0,0.00,0,0
7,19,3,1.74,1,2.43,1343608,Y2,,,0,16.435,clean,0,0,0.00,0,0
7,20,3,1.59,1,2.35,597417,Y2,,,0,16.117,clean,0,0,0.00,0,0
7,21,3,1.58,1,2.77,142962,Y2,,,0,15.927,clean,0,0,0.00,0,0
7,22,3,1.53,1,2.34,555485,Y2,,,0,15.901,clean,0,0,0.00,0,0
7,23,3,1.36,426,2.33,1372576,Y2,,,0,15.905,clean,0,0,0.00,0,0
7,24,3,1.58,1,2.38,1047313,Y4,,,0,15.804,clean,0,0,0.00,0,0
7,25,3,1.40,1,2.40,353605,Y2,,,0,15.399,clean,0,0,0.00,0,0
7,26,3,1.55,1,2.41,1312226,Y4,,,0,14.970,clean,0,0,0.00,0,0
7,27,3,1.67,652,2.31,1025140,Y4,,,0,14.946,clean,0,0,0.00,0,0
7,28,3,1.72,1,2.50,19044,Y2,,,0,14.577,clean,0,0,0.00,0,0
7,29,3,1.57,1,2.41,822365,Y4,,,0,14.387,clean,0,0,0.00,0,0
7,30,3,1.51,1,2.46,1188934,Y2,,,0,14.144,clean,0,0,0.00,0,0
7,31,3,1.80,1,2.62,1202792,Y2,,,0,13.890,clean,0,0,0.00,0,0
7,32,3,1.37,494,2.45,180066,Y4,,,0,13.635,clean,0,0,0.00,0,0
7,33,3,1.61,1,2.42,809669,Y4,,,0,13.509,clean,0,0,0.00,0,0
7,34,3,1.57,1,2.39,1036584,Y2,,,0,13.486,clean,0,0,0.00,0,0
7,35,3,1.75,1,2.54,76979,Y4,,,0,13.539,clean,0,0,0.00,0,0
7,36,3,1.68,1,2.22,1157284,Y4,,,0,13.673,clean,0,0,0.00,0,0
7,37,3,1.69,1,2.21,1410306,Y4,,,0,13.613,clean,0,0,0.00,0,0
7,38,3,1.72,1,2.40,112295,Y4,,,0,13.510,clean,0,0,0.00,0,0
7,39,3,1.64,1,2.35,151098,Y4,,,0,13.449,clean,0,0,0.00,0,0
7,40,3,2.02,1,2.32,712931,Y2,,,0,13.407,clean,0,0,0.00,0,0
7,41,3,1.58,1,2.60,898272,Y4,,,0,13.415,clean,0,0,0.00,0,0
7,42,3,1.96,1,2.31,964254,Y4,,,0,13.377,clean,0,0,0.00,0,0
7,43,3,1.67,1,2.59,1439720,Y4,,,0,13.298,clean,0,0,0.00,0,0
7,44,3,1.51,1,2.37,736624,Y4,,,0,13.086,clean,0,0,0.00,0,0
7,45,3,1.68,1,2.41,397503,Y2,,,0,12.946,clean,0,0,0.00,0,0
7,46,3,2.05,1,2.39,521600,Y2,,,0,12.754,clean,0,0,0.00,0,0
7,47,3,1.83,1,2.26,1261085,Y2,,,0,12.507,clean,0,0,0.00,0,0
7,48,3,3.42,1,2.44,407696,Y2,0.24/noise-like,0.24/noise-like,0,12.146,hump-note,0,0,0.00,0,0
7,49,3,2.18,1,2.43,92626,Y2,,,0,11.756,clean,0,0,0.00,0,0
7,50,3,2.18,1,2.37,267148,Y2,,,0,11.432,clean,0,0,0.00,0,0
7,51,3,2.18,1,2.41,857681,Y4,,,0,11.078,clean,0,0,0.00,0,0
7,52,3,2.37,1,2.32,546008,Y2,,,0,10.857,clean,0,0,0.00,0,0
7,53,3,2.08,1,2.40,658572,Y4,,,0,10.646,clean,0,0,0.00,0,0
7,54,3,1.98,1,2.33,13947,Y2,,,0,10.317,clean,0,0,0.00,0,0
7,55,3,2.39,1,2.26,1340747,Y2,,,0,9.816,clean,0,0,0.00,0,0
7,56,3,2.57,1,2.39,407159,Y2,0.00/noise-like,0.00/noise-like,0,9.185,hump-note,0,0,0.00,0,0
7,57,3,3.20,1,2.30,42737,Y2,0.00/noise-like,0.00/noise-like,0,8.504,hump-note,0,0,0.00,0,0
7,58,3,3.22,1,2.36,655621,Y2,0.00/noise-like,0.00/noise-like,0,7.927,hump-note,0,0,0.00,0,0
7,59,3,0,-1,0,0,-,,,0,7.263,QUARANTINE:dark-lane range=63 distinct=63,0,0,0.00,0,0
7,60,3,0,-1,0,0,-,,,0,6.421,QUARANTINE:dark-lane range=55 distinct=56,0,0,0.00,0,0
7,61,3,0,-1,0,0,-,,,0,5.571,QUARANTINE:dark-lane range=46 distinct=46,0,0,0.00,0,0
7,62,3,0,-1,0,0,-,,,0,4.692,QUARANTINE:dark-lane range=39 distinct=40,0,0,0.00,0,0
7,63,3,0,-1,0,0,-,,,0,3.932,QUARANTINE:dark-lane range=33 distinct=34,0,0,0.00,0,0
8,0,3,1.62,1,2.45,313640,Y2,,,0,19.626,clean,0,0,0.00,0,0
8,1,3,1.40,1,2.29,1286924,Y4,,,0,19.567,clean,0,0,0.00,0,0
8,2,3,1.40,751,2.49,1024783,Y2,,,0,19.546,clean,0,0,0.00,0,0
8,3,3,1.41,1441,2.65,104070,Y2,,,0,19.666,clean,0,0,0.00,0,0
8,4,3,1.38,1463,2.59,1099885,Y4,,,0,19.792,clean,0,0,0.00,0,0
8,5,3,1.56,1,2.34,480384,Y4,,,0,19.529,clean,0,0,0.00,0,0
8,6,3,1.54,1476,2.26,634342,Y2,,,0,19.321,clean,0,0,0.00,0,0
8,7,3,1.38,1,2.31,1329839,Y4,,,0,19.090,clean,0,0,0.00,0,0
8,8,3,1.37,1154,2.29,1055896,Y4,,,0,18.773,clean,0,0,0.00,0,0
8,9,3,1.37,311,2.21,473678,Y2,,,0,18.395,clean,0,0,0.00,0,0
8,10,3,1.55,1,2.72,1271546,Y2,,,0,18.050,clean,0,0,0.00,0,0
8,11,3,1.43,1,2.43,622809,Y4,,,0,17.653,clean,0,0,0.00,0,0
8,12,3,1.39,1,2.40,1101226,Y2,,,0,17.182,clean,0,0,0.00,0,0
8,13,3,1.41,1,2.53,330091,Y2,,,0,16.741,clean,0,0,0.00,0,0
8,14,3,1.39,1,2.43,1009494,Y4,,,0,16.385,clean,0,0,0.00,0,0
8,15,3,1.71,1,2.48,529289,Y4,,,0,16.242,clean,0,0,0.00,0,0
8,16,3,1.36,1428,2.35,405371,Y2,,,0,16.291,clean,0,0,0.00,0,0
8,17,3,1.53,1,2.45,1380891,Y4,,,0,16.447,clean,0,0,0.00,0,0
8,18,3,1.52,769,2.34,672519,Y2,,,0,17.714,clean,0,0,0.00,0,0
8,19,3,1.40,348,2.39,1374006,Y2,,,0,16.416,clean,0,0,0.00,0,0
8,20,3,1.39,1,2.45,37283,Y2,,,0,16.103,clean,0,0,0.00,0,0
8,21,3,1.53,1,2.44,39250,Y2,,,0,15.943,clean,0,0,0.00,0,0
8,22,3,1.63,1,2.52,1206636,Y4,,,0,15.912,clean,0,0,0.00,0,0
8,23,3,1.70,1,2.51,911325,Y2,,,0,15.914,clean,0,0,0.00,0,0
8,24,3,1.49,1,2.50,1388133,Y4,,,0,15.800,clean,0,0,0.00,0,0
8,25,3,1.53,1,2.21,913024,Y2,,,0,15.430,clean,0,0,0.00,0,0
8,26,3,1.46,1,2.34,334293,Y2,,,0,15.010,clean,0,0,0.00,0,0
8,27,3,1.80,1,2.40,278592,Y4,,,0,14.982,clean,0,0,0.00,0,0
8,28,3,1.85,1,2.49,943780,Y4,,,0,14.604,clean,0,0,0.00,0,0
8,29,3,1.55,1,2.38,307739,Y2,,,0,14.373,clean,0,0,0.00,0,0
8,30,3,1.77,1,2.41,66161,Y2,,,0,14.134,clean,0,0,0.00,0,0
8,31,3,1.65,1,2.43,1146823,Y4,,,0,13.874,clean,0,0,0.00,0,0
8,32,3,1.37,280,2.33,522763,Y4,,,0,13.629,clean,0,0,0.00,0,0
8,33,3,1.57,1,2.43,1427382,Y4,,,0,13.533,clean,0,0,0.00,0,0
8,34,3,1.61,1,2.32,106752,Y4,,,0,13.513,clean,0,0,0.00,0,0
8,35,3,1.62,1,2.37,629246,Y4,,,0,13.578,clean,0,0,0.00,0,0
8,36,3,1.94,1,2.45,918299,Y4,,,0,13.659,clean,0,0,0.00,0,0
8,37,3,1.78,1,2.49,896037,Y2,,,0,13.623,clean,0,0,0.00,0,0
8,38,3,1.80,1,2.35,48995,Y2,,,0,13.482,clean,0,0,0.00,0,0
8,39,3,1.73,1,2.36,1319021,Y4,,,0,13.418,clean,0,0,0.00,0,0
8,40,3,1.64,1,2.38,444710,Y2,,,0,13.387,clean,0,0,0.00,0,0
8,41,3,1.55,1,2.60,819683,Y2,,,0,13.390,clean,0,0,0.00,0,0
8,42,3,1.78,1,2.42,563264,Y2,,,0,13.374,clean,0,0,0.00,0,0
8,43,3,1.75,1,2.30,199646,Y2,,,0,13.278,clean,0,0,0.00,0,0
8,44,3,1.74,1,2.38,29683,Y4,,,0,13.104,clean,0,0,0.00,0,0
8,45,3,1.87,1,2.40,347883,Y2,,,0,12.911,clean,0,0,0.00,0,0
8,46,3,1.93,1,2.34,138760,Y2,,,0,12.757,clean,0,0,0.00,0,0
8,47,3,2.05,1,2.42,66161,Y2,,,0,12.521,clean,0,0,0.00,0,0
8,48,3,3.03,1,2.85,171036,Y2,0.24/noise-like,0.00/noise-like,0,12.148,hump-note,0,0,0.00,0,0
8,49,3,1.92,1,2.47,508189,Y4,,,0,11.739,clean,0,0,0.00,0,0
8,50,3,2.06,1,2.35,654817,Y4,,,0,11.459,clean,0,0,0.00,0,0
8,51,3,1.75,1,2.40,117391,Y2,,,0,11.105,clean,0,0,0.00,0,0
8,52,3,2.25,1,2.32,465006,Y2,,,0,10.872,clean,0,0,0.00,0,0
8,53,3,2.32,1,2.64,63032,Y4,,,0,10.646,clean,0,0,0.00,0,0
8,54,3,2.18,1,2.22,1374006,Y4,,,0,10.289,clean,0,0,0.00,0,0
8,55,3,2.68,1,2.44,321418,Y4,0.00/noise-like,0.00/noise-like,0,9.823,hump-note,0,0,0.00,0,0
8,56,3,2.42,1,2.78,383914,Y2,,,0,9.208,clean,0,0,0.00,0,0
8,57,3,2.69,1,2.28,596970,Y4,0.24/noise-like,0.00/noise-like,0,8.494,hump-note,0,0,0.00,0,0
8,58,3,2.76,1,2.29,158519,Y4,0.24/noise-like,0.00/noise-like,0,7.917,hump-note,0,0,0.00,0,0
8,59,3,0,-1,0,0,-,,,0,7.258,QUARANTINE:dark-lane range=61 distinct=62,0,0,0.00,0,0
8,60,3,0,-1,0,0,-,,,0,6.433,QUARANTINE:dark-lane range=54 distinct=52,0,0,0.00,0,0
8,61,3,0,-1,0,0,-,,,0,5.572,QUARANTINE:dark-lane range=48 distinct=48,0,0,0.00,0,0
8,62,3,0,-1,0,0,-,,,0,4.684,QUARANTINE:dark-lane range=42 distinct=40,0,0,0.00,0,0
8,63,3,0,-1,0,0,-,,,0,3.923,QUARANTINE:dark-lane range=33 distinct=34,0,0,0.00,0,0
9,0,3,1.82,1,2.39,1450717,Y2,,,0,19.644,clean,0,0,0.00,0,0
9,1,3,1.34,396,2.49,634611,Y2,,,0,19.563,clean,0,0,0.00,0,0
9,2,3,1.41,865,2.64,1190007,Y4,,,0,19.537,clean,0,0,0.00,0,0
9,3,3,1.44,1,2.24,573099,Y2,,,0,19.637,clean,0,0,0.00,0,0
9,4,3,1.55,1,2.41,83864,Y2,,,0,19.798,clean,0,0,0.00,0,0
9,5,3,1.61,1,2.32,685573,Y2,,,0,19.573,clean,0,0,0.00,0,0
9,6,3,1.76,1476,2.25,136346,Y2,,,0,19.311,clean,0,0,0.00,0,0
9,7,3,1.74,1,2.35,1114100,Y4,,,0,19.063,clean,0,0,0.00,0,0
9,8,3,1.36,1,2.27,941634,Y4,,,0,18.821,clean,0,0,0.00,0,0
9,9,3,1.40,277,2.15,914454,Y4,,,0,18.432,clean,0,0,0.00,0,0
9,10,3,1.40,844,2.56,1415670,Y4,,,0,18.052,clean,0,0,0.00,0,0
9,11,3,1.47,1,2.42,1066983,Y4,,,0,17.675,clean,0,0,0.00,0,0
9,12,3,1.58,1,2.40,41753,Y2,,,0,17.208,clean,0,0,0.00,0,0
9,13,3,1.53,1,2.30,785619,Y2,,,0,16.728,clean,0,0,0.00,0,0
9,14,3,1.53,1,2.60,501394,Y4,,,0,16.442,clean,0,0,0.00,0,0
9,15,3,1.71,1,2.39,330180,Y4,,,0,16.255,clean,0,0,0.00,0,0
9,16,3,1.64,1,2.37,262409,Y2,,,0,16.284,clean,0,0,0.00,0,0
9,17,3,1.59,1,2.35,483960,Y2,,,0,16.435,clean,0,0,0.00,0,0
9,18,3,1.55,724,2.28,331789,Y2,,,0,17.717,clean,0,0,0.00,0,0
9,19,3,1.71,1,2.45,663668,Y4,,,0,16.424,clean,0,0,0.00,0,0
9,20,3,1.83,1,2.35,1129121,Y4,,,0,16.085,clean,0,0,0.00,0,0
9,21,3,1.57,1,2.33,294864,Y2,,,0,15.945,clean,0,0,0.00,0,0
9,22,3,1.63,1,2.30,683337,Y4,,,0,15.938,clean,0,0,0.00,0,0
9,23,3,1.38,1375,2.51,158608,Y4,,,0,15.864,clean,0,0,0.00,0,0
9,24,3,1.67,1,2.44,295758,Y2,,,0,15.815,clean,0,0,0.00,0,0
9,25,3,1.58,1,2.36,607520,Y4,,,0,15.435,clean,0,0,0.00,0,0
9,26,3,1.49,1,2.49,510603,Y2,,,0,14.980,clean,0,0,0.00,0,0
9,27,3,1.67,1,2.58,894070,Y2,,,0,14.938,clean,0,0,0.00,0,0
9,28,3,1.52,1,2.41,199288,Y2,,,0,14.571,clean,0,0,0.00,0,0
9,29,3,1.95,1,2.53,617802,Y4,,,0,14.388,clean,0,0,0.00,0,0
9,30,3,1.68,1,2.24,53823,Y2,,,0,14.145,clean,0,0,0.00,0,0
9,31,3,1.60,1,2.40,1317948,Y4,,,0,13.878,clean,0,0,0.00,0,0
9,32,3,1.36,237,2.41,1346380,Y2,,,0,13.632,clean,0,0,0.00,0,0
9,33,3,1.86,1,2.46,968188,Y4,,,0,13.495,clean,0,0,0.00,0,0
9,34,3,2.13,1,2.61,457138,Y2,,,0,13.500,clean,0,0,0.00,0,0
9,35,3,1.87,1,2.34,1349062,Y4,,,0,13.578,clean,0,0,0.00,0,0
9,36,3,1.57,1,2.28,1337260,Y2,,,0,13.643,clean,0,0,0.00,0,0
9,37,3,1.58,1,2.34,930905,Y4,,,0,13.627,clean,0,0,0.00,0,0
9,38,3,1.62,1,2.32,1288176,Y4,,,0,13.464,clean,0,0,0.00,0,0
9,39,3,1.84,1,2.32,450969,Y2,,,0,13.414,clean,0,0,0.00,0,0
9,40,3,1.91,1,2.35,306398,Y2,,,0,13.423,clean,0,0,0.00,0,0
9,41,3,1.56,1,2.29,367552,Y2,,,0,13.406,clean,0,0,0.00,0,0
9,42,3,1.88,1,2.30,433177,Y2,,,0,13.394,clean,0,0,0.00,0,0
9,43,3,1.63,1,2.68,230670,Y2,,,0,13.300,clean,0,0,0.00,0,0
9,44,3,1.67,1,2.48,763625,Y2,,,0,13.092,clean,0,0,0.00,0,0
9,45,3,1.86,1,2.31,482529,Y2,,,0,12.909,clean,0,0,0.00,0,0
9,46,3,1.95,1,2.34,388831,Y2,,,0,12.782,clean,0,0,0.00,0,0
9,47,3,1.65,1,2.67,647932,Y4,,,0,12.508,clean,0,0,0.00,0,0
9,48,3,3.19,1,2.34,1170516,Y4,0.00/noise-like,0.24/noise-like,0,12.131,hump-note,0,0,0.00,0,0
9,49,3,2.04,1,2.45,969261,Y4,,,0,11.765,clean,0,0,0.00,0,0
9,50,3,2.34,1,2.35,1126975,Y2,,,0,11.412,clean,0,0,0.00,0,0
9,51,3,2.04,1,2.29,11623,Y2,,,0,11.108,clean,0,0,0.00,0,0
9,52,3,1.86,1,2.28,544399,Y2,,,0,10.885,clean,0,0,0.00,0,0
9,53,3,2.03,1,2.35,1329035,Y2,,,0,10.640,clean,0,0,0.00,0,0
9,54,3,2.23,1,2.35,1138687,Y2,,,0,10.295,clean,0,0,0.00,0,0
9,55,3,2.22,1,2.41,594020,Y2,,,0,9.825,clean,0,0,0.00,0,0
9,56,3,2.77,1,2.45,1410216,Y4,0.00/noise-like,0.00/noise-like,0,9.196,hump-note,0,0,0.00,0,0
9,57,3,2.85,1,2.64,441134,Y2,0.24/noise-like,0.00/noise-like,0,8.523,hump-note,0,0,0.00,0,0
9,58,3,2.86,1,2.49,238806,Y2,0.00/noise-like,0.00/noise-like,0,7.932,hump-note,0,0,0.00,0,0
9,59,3,0,-1,0,0,-,,,0,7.272,QUARANTINE:dark-lane range=63 distinct=63,0,0,0.00,0,0
9,60,3,0,-1,0,0,-,,,0,6.415,QUARANTINE:dark-lane range=57 distinct=56,0,0,0.00,0,0
9,61,3,0,-1,0,0,-,,,0,5.575,QUARANTINE:dark-lane range=51 distinct=51,0,0,0.00,0,0
9,62,3,0,-1,0,0,-,,,0,4.680,QUARANTINE:dark-lane range=42 distinct=43,0,0,0.00,0,0
9,63,3,0,-1,0,0,-,,,0,3.927,QUARANTINE:dark-lane range=35 distinct=35,0,0,0.00,0,0
10,0,3,2.13,1,2.59,1340657,Y2,,,0,19.611,clean,0,0,0.00,0,0
10,1,3,1.54,1,2.39,8315,Y2,,,0,19.571,clean,0,0,0.00,0,0
10,2,3,1.47,1,2.39,64194,Y2,,,0,19.548,clean,0,0,0.00,0,0
10,3,3,1.51,1,2.55,654101,Y2,,,0,19.637,clean,0,0,0.00,0,0
10,4,3,1.39,1,2.42,119448,Y2,,,0,19.771,clean,0,0,0.00,0,0
10,5,3,1.33,1,2.53,716686,Y2,,,0,19.567,clean,0,0,0.00,0,0
10,6,3,1.45,1476,2.47,249535,Y2,,,0,19.271,clean,0,0,0.00,0,0
10,7,3,1.42,341,2.37,276983,Y2,,,0,19.063,clean,0,0,0.00,0,0
10,8,3,1.44,1,2.35,802875,Y4,,,0,18.749,clean,0,0,0.00,0,0
10,9,3,1.38,1,2.61,602514,Y4,,,0,18.409,clean,0,0,0.00,0,0
10,10,3,1.60,1,2.39,869036,Y4,,,0,18.065,clean,0,0,0.00,0,0
10,11,3,1.73,1,2.29,67949,Y4,,,0,17.670,clean,0,0,0.00,0,0
10,12,3,1.38,1,2.42,263751,Y4,,,0,17.209,clean,0,0,0.00,0,0
10,13,3,1.44,1,2.65,110865,Y4,,,0,16.728,clean,0,0,0.00,0,0
10,14,3,1.48,1,2.31,546634,Y2,,,0,16.419,clean,0,0,0.00,0,0
10,15,3,1.62,1,2.37,377297,Y2,,,0,16.256,clean,0,0,0.00,0,0
10,16,3,1.64,1,2.34,756025,Y2,,,0,16.274,clean,0,0,0.00,0,0
10,17,3,1.50,1,2.20,1362741,Y2,,,0,16.471,clean,0,0,0.00,0,0
10,18,3,1.58,843,2.49,914276,Y4,,,0,17.713,clean,0,0,0.00,0,0
10,19,3,1.59,1,2.30,2861,Y2,,,0,16.374,clean,0,0,0.00,0,0
10,20,3,1.77,1,2.56,113904,Y4,,,0,16.100,clean,0,0,0.00,0,0
10,21,3,1.53,1,2.29,1384467,Y2,,,0,15.937,clean,0,0,0.00,0,0
10,22,3,1.36,1,2.31,993758,Y4,,,0,15.951,clean,0,0,0.00,0,0
10,23,3,1.51,1,2.27,242293,Y4,,,0,15.878,clean,0,0,0.00,0,0
10,24,3,1.39,433,2.51,873595,Y2,,,0,15.805,clean,0,0,0.00,0,0
10,25,3,1.81,1,2.96,931263,Y2,,,0,15.407,clean,0,0,0.00,0,0
10,26,3,1.41,1,2.18,223070,Y2,,,0,14.981,clean,0,0,0.00,0,0
10,27,3,1.86,1,2.35,553697,Y4,,,0,14.963,clean,0,0,0.00,0,0
10,28,3,1.50,1,2.36,1247942,Y4,,,0,14.566,clean,0,0,0.00,0,0
10,29,3,1.74,1,2.60,41753,Y4,,,0,14.372,clean,0,0,0.00,0,0
10,30,3,1.82,1,2.61,343591,Y4,,,0,14.140,clean,0,0,0.00,0,0
10,31,3,1.78,1,2.54,502646,Y4,,,0,13.860,clean,0,0,0.00,0,0
10,32,3,1.44,64,2.30,21815,Y4,,,0,13.613,clean,0,0,0.00,0,0
10,33,3,1.85,1,2.46,1127243,Y4,,,0,13.526,clean,0,0,0.00,0,0
10,34,3,1.66,1,2.25,997514,Y2,,,0,13.522,clean,0,0,0.00,0,0
10,35,3,1.74,1,2.44,328839,Y4,,,0,13.571,clean,0,0,0.00,0,0
10,36,3,1.76,1,2.48,1309812,Y2,,,0,13.666,clean,0,0,0.00,0,0
10,37,3,1.87,1,2.36,1412630,Y4,,,0,13.634,clean,0,0,0.00,0,0
10,38,3,1.86,1,2.51,43184,Y4,,,0,13.501,clean,0,0,0.00,0,0
10,39,3,1.89,1,2.46,1134753,Y4,,,0,13.433,clean,0,0,0.00,0,0
10,40,3,1.69,1,2.52,897020,Y4,,,0,13.405,clean,0,0,0.00,0,0
10,41,3,1.68,1,2.27,8494,Y2,,,0,13.384,clean,0,0,0.00,0,0
10,42,3,1.87,1,2.36,120342,Y4,,,0,13.380,clean,0,0,0.00,0,0
10,43,3,2.02,1,2.40,1090944,Y4,,,0,13.296,clean,0,0,0.00,0,0
10,44,3,1.77,1,2.41,103176,Y2,,,0,13.107,clean,0,0,0.00,0,0
10,45,3,1.95,1,2.55,12428,Y4,,,0,12.916,clean,0,0,0.00,0,0
10,46,3,1.89,1,2.26,143588,Y2,,,0,12.749,clean,0,0,0.00,0,0
10,47,3,1.93,1,2.54,109255,Y2,,,0,12.527,clean,0,0,0.00,0,0
10,48,3,3.25,1,2.40,335455,Y4,0.00/noise-like,0.00/noise-like,0,12.140,hump-note,0,0,0.00,0,0
10,49,3,1.80,1,2.31,614047,Y4,,,0,11.747,clean,0,0,0.00,0,0
10,50,3,2.25,1,2.29,248373,Y2,,,0,11.418,clean,0,0,0.00,0,0
10,51,3,2.19,1,2.40,1328498,Y4,,,0,11.092,clean,0,0,0.00,0,0
10,52,3,1.81,1,2.29,90659,Y2,,,0,10.864,clean,0,0,0.00,0,0
10,53,3,2.33,1,2.37,305057,Y2,,,0,10.638,clean,0,0,0.00,0,0
10,54,3,2.02,1,2.30,608325,Y2,,,0,10.291,clean,0,0,0.00,0,0
10,55,3,2.32,1,2.34,104606,Y4,,,0,9.807,clean,0,0,0.00,0,0
10,56,3,2.47,1,2.38,307202,Y2,,,0,9.194,clean,0,0,0.00,0,0
10,57,3,3.14,1,2.60,1329660,Y4,0.00/noise-like,0.24/noise-like,0,8.515,hump-note,0,0,0.00,0,0
10,58,3,3.08,1,2.36,646859,Y4,0.00/noise-like,0.00/noise-like,0,7.926,hump-note,0,0,0.00,0,0
10,59,3,0,-1,0,0,-,,,0,7.269,QUARANTINE:dark-lane range=61 distinct=60,0,0,0.00,0,0
10,60,3,0,-1,0,0,-,,,0,6.433,QUARANTINE:dark-lane range=56 distinct=55,0,0,0.00,0,0
10,61,3,0,-1,0,0,-,,,0,5.565,QUARANTINE:dark-lane range=45 distinct=46,0,0,0.00,0,0
10,62,3,0,-1,0,0,-,,,0,4.688,QUARANTINE:dark-lane range=40 distinct=41,0,0,0.00,0,0
10,63,3,0,-1,0,0,-,,,0,3.951,QUARANTINE:dark-lane range=37 distinct=38,0,0,0.00,0,0
11,0,3,1.77,1,2.47,522494,Y2,,,0,19.630,clean,0,0,0.00,0,0
11,1,3,1.34,1,2.53,116050,Y2,,,0,19.589,clean,0,0,0.00,0,0
11,2,3,1.36,1,2.43,910610,Y2,,,0,19.563,clean,0,0,0.00,0,0
11,3,3,1.41,1,2.40,1336813,Y4,,,0,19.711,clean,0,0,0.00,0,0
11,4,3,1.48,1,2.71,422090,Y2,,,0,19.778,clean,0,0,0.00,0,0
11,5,3,1.49,1,2.64,1229167,Y4,,,0,19.536,clean,0,0,0.00,0,0
11,6,3,1.51,1476,2.50,996977,Y2,,,0,19.294,clean,0,0,0.00,0,0
11,7,3,1.46,1,2.36,205100,Y4,,,0,19.060,clean,0,0,0.00,0,0
11,8,3,1.38,1,2.35,567824,Y2,,,0,18.795,clean,0,0,0.00,0,0
11,9,3,1.37,1,2.41,774801,Y2,,,0,18.426,clean,0,0,0.00,0,0
11,10,3,1.36,89,2.55,1249194,Y2,,,0,18.064,clean,0,0,0.00,0,0
11,11,3,1.44,1,2.32,1205474,Y2,,,0,17.659,clean,0,0,0.00,0,0
11,12,3,1.35,1,2.46,935912,Y4,,,0,17.174,clean,0,0,0.00,0,0
11,13,3,1.68,1,2.50,1003236,Y4,,,0,16.704,clean,0,0,0.00,0,0
11,14,3,1.46,1,2.26,107914,Y2,,,0,16.463,clean,0,0,0.00,0,0
11,15,3,1.44,1,2.43,117928,Y4,,,0,16.288,clean,0,0,0.00,0,0
11,16,3,1.88,1,2.29,1037389,Y2,,,0,16.282,clean,0,0,0.00,0,0
11,17,3,1.64,1,2.32,1460820,Y2,,,0,16.449,clean,0,0,0.00,0,0
11,18,3,1.64,839,2.37,487447,Y2,,,0,17.729,clean,0,0,0.00,0,0
11,19,3,1.45,1,2.49,706941,Y4,,,0,16.384,clean,0,0,0.00,0,0
11,20,3,1.56,1,2.83,1255810,Y4,,,0,16.084,clean,0,0,0.00,0,0
11,21,3,1.42,1222,2.66,914097,Y4,,,0,15.939,clean,0,0,0.00,0,0
11,22,3,1.40,1,2.37,736356,Y2,,,0,15.913,clean,0,0,0.00,0,0
11,23,3,1.57,1,2.81,1314014,Y2,,,0,15.884,clean,0,0,0.00,0,0
11,24,3,1.50,1,2.62,1079410,Y2,,,0,15.827,clean,0,0,0.00,0,0
11,25,3,1.72,1,2.41,929385,Y2,,,0,15.391,clean,0,0,0.00,0,0
11,26,3,1.70,1,2.39,151902,Y4,,,0,14.990,clean,0,0,0.00,0,0
11,27,3,1.78,1,2.43,74655,Y2,,,0,14.957,clean,0,0,0.00,0,0
11,28,3,1.99,1,2.43,880569,Y4,,,0,14.602,clean,0,0,0.00,0,0
11,29,3,1.72,1,2.46,91642,Y2,,,0,14.380,clean,0,0,0.00,0,0
11,30,3,1.99,1,2.45,1245439,Y4,,,0,14.144,clean,0,0,0.00,0,0
11,31,3,1.57,1,2.26,118464,Y4,,,0,13.899,clean,0,0,0.00,0,0
11,32,3,1.38,1,2.31,141263,Y4,,,0,13.668,clean,0,0,0.00,0,0
11,33,3,1.42,1,2.76,375062,Y4,,,0,13.507,clean,0,0,0.00,0,0
11,34,3,1.79,1,2.30,144213,Y2,,,0,13.507,clean,0,0,0.00,0,0
11,35,3,1.65,1,2.56,349671,Y2,,,0,13.582,clean,0,0,0.00,0,0
11,36,3,1.67,1,2.35,496835,Y4,,,0,13.664,clean,0,0,0.00,0,0
11,37,3,1.49,1,2.18,978559,Y4,,,0,13.597,clean,0,0,0.00,0,0
11,38,3,1.71,1,2.50,1240164,Y4,,,0,13.504,clean,0,0,0.00,0,0
11,39,3,1.43,1,2.52,630319,Y4,,,0,13.470,clean,0,0,0.00,0,0
11,40,3,1.94,1,2.42,72777,Y2,,,0,13.438,clean,0,0,0.00,0,0
11,41,3,1.75,1,2.36,96649,Y2,,,0,13.407,clean,0,0,0.00,0,0
11,42,3,1.66,1,2.62,1406908,Y2,,,0,13.366,clean,0,0,0.00,0,0
11,43,3,1.62,1,2.43,411272,Y2,,,0,13.308,clean,0,0,0.00,0,0
11,44,3,1.59,1,2.45,1164615,Y4,,,0,13.125,clean,0,0,0.00,0,0
11,45,3,1.81,1,2.35,471175,Y2,,,0,12.928,clean,0,0,0.00,0,0
11,46,3,1.76,1,2.63,278860,Y4,,,0,12.767,clean,0,0,0.00,0,0
11,47,3,1.76,1,2.46,1356214,Y2,,,0,12.504,clean,0,0,0.00,0,0
11,48,3,3.40,1,2.29,981867,Y2,0.00/noise-like,0.00/noise-like,0,12.147,hump-note,0,0,0.00,0,0
11,49,3,1.93,1,2.59,894070,Y2,,,0,11.764,clean,0,0,0.00,0,0
11,50,3,1.86,1,2.40,256509,Y4,,,0,11.441,clean,0,0,0.00,0,0
11,51,3,1.95,1,2.67,133842,Y4,,,0,11.112,clean,0,0,0.00,0,0
11,52,3,2.07,1,2.48,95397,Y4,,,0,10.867,clean,0,0,0.00,0,0
11,53,3,2.08,1,2.36,9209,Y2,,,0,10.661,clean,0,0,0.00,0,0
11,54,3,2.16,1,2.46,211984,Y4,,,0,10.292,clean,0,0,0.00,0,0
11,55,3,2.29,1,2.37,531971,Y4,,,0,9.816,clean,0,0,0.00,0,0
11,56,3,2.48,1,2.54,690669,Y4,,,0,9.185,clean,0,0,0.00,0,0
11,57,3,2.92,1,2.24,425667,Y2,0.00/noise-like,0.00/noise-like,0,8.514,hump-note,0,0,0.00,0,0
11,58,3,3.20,1,2.55,1298994,Y2,0.24/noise-like,0.24/noise-like,0,7.922,hump-note,0,0,0.00,0,0
11,59,3,0,-1,0,0,-,,,0,7.271,QUARANTINE:dark-lane range=64 distinct=63,0,0,0.00,0,0
11,60,3,0,-1,0,0,-,,,0,6.429,QUARANTINE:dark-lane range=56 distinct=53,0,0,0.00,0,0
11,61,3,0,-1,0,0,-,,,0,5.570,QUARANTINE:dark-lane range=49 distinct=49,0,0,0.00,0,0
11,62,3,0,-1,0,0,-,,,0,4.689,QUARANTINE:dark-lane range=41 distinct=42,0,0,0.00,0,0
11,63,3,0,-1,0,0,-,,,0,3.931,QUARANTINE:dark-lane range=35 distinct=34,0,0,0.00,0,0
12,0,3,2.13,1,2.38,215024,Y4,,,0,19.632,clean,0,0,0.00,0,0
12,1,3,1.49,1117,2.49,1222819,Y4,,,0,19.547,clean,0,0,0.00,0,0
12,2,3,1.46,1,2.27,55522,Y4,,,0,19.595,clean,0,0,0.00,0,0
12,3,3,1.69,1,2.57,431925,Y4,,,0,19.635,clean,0,0,0.00,0,0
12,4,3,1.34,1118,2.39,408500,Y4,,,0,19.792,clean,0,0,0.00,0,0
12,5,3,1.41,1,2.77,795543,Y2,,,0,19.543,clean,0,0,0.00,0,0
12,6,3,1.33,1,2.69,894070,Y2,,,0,19.272,clean,0,0,0.00,0,0
12,7,3,1.66,1,2.26,398755,Y4,,,0,19.090,clean,0,0,0.00,0,0
12,8,3,1.71,1,2.41,1326531,Y2,,,0,18.809,clean,0,0,0.00,0,0
12,9,3,1.56,1,2.70,1051337,Y4,,,0,18.420,clean,0,0,0.00,0,0
12,10,3,1.66,1,2.45,728399,Y2,,,0,18.050,clean,0,0,0.00,0,0
12,11,3,1.60,1,2.49,228256,Y2,,,0,17.677,clean,0,0,0.00,0,0
12,12,3,1.42,1,2.33,1438826,Y2,,,0,17.171,clean,0,0,0.00,0,0
12,13,3,1.56,1,2.29,445247,Y4,,,0,16.745,clean,0,0,0.00,0,0
12,14,3,1.62,1,2.39,198483,Y2,,,0,16.435,clean,0,0,0.00,0,0
12,15,3,1.53,1,2.37,1145571,Y4,,,0,16.258,clean,0,0,0.00,0,0
12,16,3,1.49,1,2.39,982314,Y4,,,0,16.306,clean,0,0,0.00,0,0
12,17,3,1.78,1,2.31,910163,Y2,,,0,16.452,clean,0,0,0.00,0,0
12,18,3,1.45,779,2.30,858665,Y2,,,0,17.723,clean,0,0,0.00,0,0
12,19,3,1.48,1,2.46,1181155,Y4,,,0,16.378,clean,0,0,0.00,0,0
12,20,3,1.74,1,2.44,247478,Y2,,,0,16.111,clean,0,0,0.00,0,0
12,21,3,1.72,1,2.41,1462072,Y2,,,0,15.944,clean,0,0,0.00,0,0
12,22,3,1.51,1,2.41,3040,Y2,,,0,15.926,clean,0,0,0.00,0,0
12,23,3,1.40,1,2.57,533313,Y4,,,0,15.898,clean,0,0,0.00,0,0
12,24,3,1.57,1,2.50,1441509,Y4,,,0,15.829,clean,0,0,0.00,0,0
12,25,3,1.61,1,2.63,987768,Y2,,,0,15.407,clean,0,0,0.00,0,0
12,26,3,1.48,1,2.46,973910,Y2,,,0,14.972,clean,0,0,0.00,0,0
12,27,3,1.58,627,2.32,5722,Y4,,,0,14.963,clean,0,0,0.00,0,0
12,28,3,1.51,1,2.29,71079,Y4,,,0,14.589,clean,0,0,0.00,0,0
12,29,3,1.48,1,2.46,361830,Y2,,,0,14.400,clean,0,0,0.00,0,0
12,30,3,1.66,1,2.36,487089,Y4,,,0,14.146,clean,0,0,0.00,0,0
12,31,3,1.64,1,2.31,444353,Y4,,,0,13.855,clean,0,0,0.00,0,0
12,32,3,1.52,1,2.41,1133054,Y2,,,0,13.639,clean,0,0,0.00,0,0
12,33,3,1.83,1,2.36,1100153,Y4,,,0,13.524,clean,0,0,0.00,0,0
12,34,3,1.76,1,2.50,275195,Y2,,,0,13.505,clean,0,0,0.00,0,0
12,35,3,1.83,1,2.57,56952,Y2,,,0,13.555,clean,0,0,0.00,0,0
12,36,3,1.75,1,2.41,90122,Y4,,,0,13.656,clean,0,0,0.00,0,0
12,37,3,1.81,1,2.66,923038,Y2,,,0,13.617,clean,0,0,0.00,0,0
12,38,3,1.68,1,2.43,771761,Y4,,,0,13.508,clean,0,0,0.00,0,0
12,39,3,1.69,1,2.62,498533,Y2,,,0,13.431,clean,0,0,0.00,0,0
12,40,3,1.97,1,2.31,323564,Y2,,,0,13.429,clean,0,0,0.00,0,0
12,41,3,1.57,1,2.31,1046151,Y4,,,0,13.424,clean,0,0,0.00,0,0
12,42,3,1.94,1,2.50,136346,Y2,,,0,13.386,clean,0,0,0.00,0,0
12,43,3,1.65,1,2.18,303090,Y2,,,0,13.306,clean,0,0,0.00,0,0
12,44,3,2.05,1,2.33,759691,Y4,,,0,13.093,clean,0,0,0.00,0,0
12,45,3,2.10,1,2.38,26733,Y2,,,0,12.922,clean,0,0,0.00,0,0
12,46,3,1.93,1,2.33,582933,Y4,,,0,12.745,clean,0,0,0.00,0,0
12,47,3,1.68,1,2.33,917137,Y2,,,0,12.510,clean,0,0,0.00,0,0
12,48,3,3.59,1,2.46,223249,Y2,0.00/noise-like,0.00/noise-like,0,12.146,hump-note,0,0,0.00,0,0
12,49,3,2.02,1,2.58,143856,Y4,,,0,11.767,clean,0,0,0.00,0,0
12,50,3,2.00,1,2.41,626564,Y4,,,0,11.430,clean,0,0,0.00,0,0
12,51,3,2.12,1,2.40,199735,Y2,,,0,11.091,clean,0,0,0.00,0,0
12,52,3,2.47,1,2.48,584453,Y2,,,0,10.889,clean,0,0,0.00,0,0
12,53,3,2.02,1,2.36,768900,Y2,,,0,10.658,clean,0,0,0.00,0,0
12,54,3,2.20,1,2.22,601798,Y4,,,0,10.308,clean,0,0,0.00,0,0
12,55,3,2.52,1,2.39,301391,Y4,0.00/noise-like,0.00/noise-like,0,9.818,hump-note,0,0,0.00,0,0
12,56,3,2.54,1,2.67,949502,Y2,0.00/noise-like,0.24/noise-like,0,9.208,hump-note,0,0,0.00,0,0
12,57,3,3.03,1,2.46,623256,Y4,0.00/noise-like,0.24/noise-like,0,8.510,hump-note,0,0,0.00,0,0
12,58,3,3.50,1,2.37,1254737,Y2,0.00/noise-like,0.24/noise-like,0,7.925,hump-note,0,0,0.00,0,0
12,59,3,0,-1,0,0,-,,,0,7.249,QUARANTINE:dark-lane range=63 distinct=60,0,0,0.00,0,0
12,60,3,0,-1,0,0,-,,,0,6.433,QUARANTINE:dark-lane range=56 distinct=54,0,0,0.00,0,0
12,61,3,0,-1,0,0,-,,,0,5.566,QUARANTINE:dark-lane range=49 distinct=48,0,0,0.00,0,0
12,62,3,0,-1,0,0,-,,,0,4.690,QUARANTINE:dark-lane range=40 distinct=41,0,0,0.00,0,0
12,63,3,0,-1,0,0,-,,,0,3.934,QUARANTINE:dark-lane range=36 distinct=36,0,0,0.00,0,0
13,0,3,2.10,1,2.41,595450,Y4,,,0,19.620,clean,0,0,0.00,0,0
13,1,3,1.39,611,2.63,231564,Y4,,,0,19.579,clean,0,0,0.00,0,0
13,2,3,1.43,1,2.38,173360,Y2,,,0,19.565,clean,0,0,0.00,0,0
13,3,3,1.50,1,2.35,117570,Y4,,,0,19.673,clean,0,0,0.00,0,0
13,4,3,1.49,1,2.40,449628,Y4,,,0,19.770,clean,0,0,0.00,0,0
13,5,3,1.32,309,2.44,154406,Y2,,,0,19.533,clean,0,0,0.00,0,0
13,6,3,1.57,1476,2.35,530362,Y4,,,0,19.316,clean,0,0,0.00,0,0
13,7,3,1.40,832,2.52,1205295,Y4,,,0,19.076,clean,0,0,0.00,0,0
13,8,3,1.50,1,2.56,1456529,Y2,,,0,18.824,clean,0,0,0.00,0,0
13,9,3,1.45,1,2.28,533760,Y4,,,0,18.415,clean,0,0,0.00,0,0
13,10,3,1.40,1,2.44,745386,Y4,,,0,18.088,clean,0,0,0.00,0,0
13,11,3,1.37,912,2.59,1397252,Y2,,,0,17.687,clean,0,0,0.00,0,0
13,12,3,1.39,1,2.54,308007,Y4,,,0,17.182,clean,0,0,0.00,0,0
13,13,3,1.47,1,2.49,1106232,Y2,,,0,16.722,clean,0,0,0.00,0,0
13,14,3,1.68,1,2.42,359148,Y4,,,0,16.439,clean,0,0,0.00,0,0
13,15,3,1.47,1,2.36,998676,Y4,,,0,16.249,clean,0,0,0.00,0,0
13,16,3,1.43,462,2.29,585973,Y2,,,0,16.322,clean,0,0,0.00,0,0
13,17,3,1.66,1,2.54,1121968,Y2,,,0,16.418,clean,0,0,0.00,0,0
13,18,3,1.58,769,2.36,162005,Y2,,,0,17.734,clean,0,0,0.00,0,0
13,19,3,1.54,1,2.51,816286,Y2,,,0,16.388,clean,0,0,0.00,0,0
13,20,3,1.44,1,2.22,921249,Y2,,,0,16.097,clean,0,0,0.00,0,0
13,21,3,1.47,1,2.51,354499,Y4,,,0,15.929,clean,0,0,0.00,0,0
13,22,3,1.54,1,2.29,260532,Y4,,,0,15.940,clean,0,0,0.00,0,0
13,23,3,1.80,1,2.41,687629,Y2,,,0,15.887,clean,0,0,0.00,0,0
13,24,3,1.80,1,2.36,176936,Y2,,,0,15.794,clean,0,0,0.00,0,0
13,25,3,1.48,1,2.33,157982,Y2,,,0,15.399,clean,0,0,0.00,0,0
13,26,3,1.42,1,2.27,1261085,Y4,,,0,14.999,clean,0,0,0.00,0,0
13,27,3,1.70,644,2.69,1377761,Y4,,,0,14.945,clean,0,0,0.00,0,0
13,28,3,1.57,1,2.26,1344949,Y2,,,0,14.562,clean,0,0,0.00,0,0
13,29,3,1.85,1,2.31,22620,Y2,,,0,14.380,clean,0,0,0.00,0,0
13,30,3,1.93,1,2.43,57399,Y2,,,0,14.154,clean,0,0,0.00,0,0
13,31,3,1.68,1,2.27,549227,Y2,,,0,13.877,clean,0,0,0.00,0,0
13,32,3,1.32,828,2.27,1439184,Y4,,,0,13.618,clean,0,0,0.00,0,0
13,33,3,1.70,1,2.52,130534,Y2,,,0,13.525,clean,0,0,0.00,0,0
13,34,3,1.73,1,2.69,449449,Y4,,,0,13.504,clean,0,0,0.00,0,0
13,35,3,1.62,1,2.46,232548,Y2,,,0,13.564,clean,0,0,0.00,0,0
13,36,3,1.81,1,2.49,149220,Y2,,,0,13.648,clean,0,0,0.00,0,0
13,37,3,1.66,1,2.35,700772,Y4,,,0,13.623,clean,0,0,0.00,0,0
13,38,3,1.82,1,2.45,880837,Y4,,,0,13.484,clean,0,0,0.00,0,0
13,39,3,1.71,1,2.35,1175076,Y2,,,0,13.445,clean,0,0,0.00,0,0
13,40,3,1.58,1,2.38,874132,Y4,,,0,13.410,clean,0,0,0.00,0,0
13,41,3,1.82,1,2.29,387132,Y2,,,0,13.404,clean,0,0,0.00,0,0
13,42,3,1.99,1,2.64,249535,Y2,,,0,13.391,clean,0,0,0.00,0,0
13,43,3,1.88,1,2.49,578463,Y2,,,0,13.294,clean,0,0,0.00,0,0
13,44,3,1.72,1,2.28,1071185,Y2,,,0,13.107,clean,0,0,0.00,0,0
13,45,3,2.01,1,2.27,1394302,Y2,,,0,12.924,clean,0,0,0.00,0,0
13,46,3,1.89,1,2.30,1107663,Y4,,,0,12.757,clean,0,0,0.00,0,0
13,47,3,1.81,1,2.42,308990,Y2,,,0,12.516,clean,0,0,0.00,0,0
13,48,3,3.07,1,2.25,47833,Y2,0.00/noise-like,0.00/noise-like,0,12.149,hump-note,0,0,0.00,0,0
13,49,3,2.06,1,2.21,1442045,Y4,,,0,11.739,clean,0,0,0.00,0,0
13,50,3,1.75,1,2.30,660986,Y2,,,0,11.423,clean,0,0,0.00,0,0
13,51,3,1.91,1,2.43,1298457,Y2,,,0,11.112,clean,0,0,0.00,0,0
13,52,3,2.29,1,2.44,61154,Y4,,,0,10.859,clean,0,0,0.00,0,0
13,53,3,2.30,1,2.41,234962,Y4,,,0,10.660,clean,0,0,0.00,0,0
13,54,3,2.66,1,2.34,620663,Y2,0.24/noise-like,0.24/noise-like,0,10.328,hump-note,0,0,0.00,0,0
13,55,3,2.46,1,2.61,570685,Y2,,,0,9.809,clean,0,0,0.00,0,0
13,56,3,2.53,1,2.56,1023442,Y4,0.00/noise-like,0.24/noise-like,0,9.176,hump-note,0,0,0.00,0,0
13,57,3,2.58,1,2.49,1193136,Y4,0.00/noise-like,0.00/noise-like,0,8.504,hump-note,0,0,0.00,0,0
13,58,3,2.95,1,2.59,508100,Y4,0.24/noise-like,0.24/noise-like,0,7.931,hump-note,0,0,0.00,0,0
13,59,3,3.53,1,2.84,62406,Y2,0.00/noise-like,0.24/noise-like,0,7.265,hump-note,0,0,0.00,0,0
13,60,3,0,-1,0,0,-,,,0,6.423,QUARANTINE:dark-lane range=60 distinct=57,0,0,0.00,0,0
13,61,3,0,-1,0,0,-,,,0,5.575,QUARANTINE:dark-lane range=50 distinct=48,0,0,0.00,0,0
13,62,3,0,-1,0,0,-,,,0,4.687,QUARANTINE:dark-lane range=41 distinct=42,0,0,0.00,0,0
13,63,3,0,-1,0,0,-,,,0,3.932,QUARANTINE:dark-lane range=36 distinct=36,0,0,0.00,0,0
14,0,3,2.21,1,2.62,995904,Y2,,,0,19.624,clean,0,0,0.00,0,0
14,1,3,1.51,767,2.61,765860,Y4,,,0,19.552,clean,0,0,0.00,0,0
14,2,3,1.45,1,2.40,1046866,Y2,,,0,19.542,clean,0,0,0.00,0,0
14,3,3,1.50,820,2.52,1237839,Y4,,,0,19.644,clean,0,0,0.00,0,0
14,4,3,1.45,1,2.45,480473,Y2,,,0,19.736,clean,0,0,0.00,0,0
14,5,3,1.58,1,2.38,1142442,Y4,,,0,19.546,clean,0,0,0.00,0,0
14,6,3,1.77,1476,2.42,445336,Y4,,,0,19.299,clean,0,0,0.00,0,0
14,7,3,1.71,1,2.35,634164,Y2,,,0,19.079,clean,0,0,0.00,0,0
14,8,3,1.47,1429,2.30,650257,Y4,,,0,18.782,clean,0,0,0.00,0,0
14,9,3,1.36,1027,2.39,829786,Y2,,,0,18.408,clean,0,0,0.00,0,0
14,10,3,1.34,586,2.62,1228541,Y4,,,0,18.051,clean,0,0,0.00,0,0
14,11,3,1.41,1288,2.57,1414686,Y4,,,0,17.664,clean,0,0,0.00,0,0
14,12,3,1.47,1,2.43,1281112,Y2,,,0,17.213,clean,0,0,0.00,0,0
14,13,3,1.69,1,2.25,566572,Y2,,,0,16.733,clean,0,0,0.00,0,0
14,14,3,1.42,1,2.39,497013,Y4,,,0,16.448,clean,0,0,0.00,0,0
14,15,3,1.81,1,2.27,225663,Y4,,,0,16.246,clean,0,0,0.00,0,0
14,16,3,1.43,1232,2.42,1035422,Y2,,,0,16.272,clean,0,0,0.00,0,0
14,17,3,1.87,1,2.70,499159,Y4,,,0,16.472,clean,0,0,0.00,0,0
14,18,3,1.62,1,2.60,399292,Y4,,,0,17.737,clean,0,0,0.00,0,0
14,19,3,1.57,1,2.31,877172,Y4,,,0,16.402,clean,0,0,0.00,0,0
14,20,3,1.82,1,2.42,1014948,Y4,,,0,16.092,clean,0,0,0.00,0,0
14,21,3,1.64,1,2.51,709981,Y4,,,0,15.893,clean,0,0,0.00,0,0
14,22,3,1.36,534,2.21,984460,Y2,,,0,15.945,clean,0,0,0.00,0,0
14,23,3,1.67,1,2.48,719100,Y4,,,0,15.904,clean,0,0,0.00,0,0
14,24,3,1.58,1,2.52,197500,Y2,,,0,15.789,clean,0,0,0.00,0,0
14,25,3,1.51,1,2.57,476629,Y2,,,0,15.428,clean,0,0,0.00,0,0
14,26,3,1.68,1,2.38,996083,Y2,,,0,14.983,clean,0,0,0.00,0,0
14,27,3,1.68,608,2.49,1193762,Y4,,,0,14.931,clean,0,0,0.00,0,0
14,28,3,1.42,1,2.48,312030,Y2,,,0,14.587,clean,0,0,0.00,0,0
14,29,3,1.40,1429,2.29,1264393,Y2,,,0,14.393,clean,0,0,0.00,0,0
14,30,3,1.71,1,2.37,699073,Y4,,,0,14.143,clean,0,0,0.00,0,0
14,31,3,1.78,1,2.45,372469,Y4,,,0,13.868,clean,0,0,0.00,0,0
14,32,3,1.35,956,2.36,181586,Y2,,,0,13.604,clean,0,0,0.00,0,0
14,33,3,1.55,1,2.24,1072526,Y2,,,0,13.515,clean,0,0,0.00,0,0
14,34,3,1.55,1,2.40,673234,Y2,,,0,13.510,clean,0,0,0.00,0,0
14,35,3,1.85,1,2.40,124991,Y4,,,0,13.553,clean,0,0,0.00,0,0
14,36,3,1.70,1,2.30,619233,Y4,,,0,13.652,clean,0,0,0.00,0,0
14,37,3,1.45,1,2.32,298262,Y2,,,0,13.604,clean,0,0,0.00,0,0
14,38,3,1.68,1,2.56,1285136,Y2,,,0,13.497,clean,0,0,0.00,0,0
14,39,3,1.87,1,2.63,1131803,Y4,,,0,13.435,clean,0,0,0.00,0,0
14,40,3,1.72,1,2.36,946730,Y4,,,0,13.422,clean,0,0,0.00,0,0
14,41,3,1.84,1,2.37,461698,Y2,,,0,13.410,clean,0,0,0.00,0,0
14,42,3,1.71,1,2.38,1223266,Y2,,,0,13.365,clean,0,0,0.00,0,0
14,43,3,1.74,1,2.80,290126,Y4,,,0,13.294,clean,0,0,0.00,0,0
14,44,3,1.62,1,2.55,369877,Y2,,,0,13.098,clean,0,0,0.00,0,0
14,45,3,1.98,1,2.60,310779,Y4,,,0,12.933,clean,0,0,0.00,0,0
14,46,3,1.80,1,2.27,107020,Y2,,,0,12.742,clean,0,0,0.00,0,0
14,47,3,2.07,1,2.43,1052052,Y2,,,0,12.518,clean,0,0,0.00,0,0
14,48,3,3.45,1,2.73,6974,Y2,0.00/noise-like,0.00/noise-like,0,12.150,hump-note,0,0,0.00,0,0
14,49,3,2.01,1,2.53,1222193,Y4,,,0,11.773,clean,0,0,0.00,0,0
14,50,3,2.10,1,2.31,487089,Y2,,,0,11.424,clean,0,0,0.00,0,0
14,51,3,2.01,1,2.32,1415312,Y4,,,0,11.114,clean,0,0,0.00,0,0
14,52,3,2.22,1,2.21,1225948,Y2,,,0,10.871,clean,0,0,0.00,0,0
14,53,3,2.24,1,2.46,1123130,Y4,,,0,10.654,clean,0,0,0.00,0,0
14,54,3,2.41,1,2.58,557542,Y2,,,0,10.286,clean,0,0,0.00,0,0
14,55,3,2.19,1,2.30,336796,Y2,,,0,9.812,clean,0,0,0.00,0,0
14,56,3,2.77,1,2.51,446498,Y4,0.24/noise-like,0.00/noise-like,0,9.183,hump-note,0,0,0.00,0,0
14,57,3,2.87,1,2.44,889063,Y2,0.24/noise-like,0.00/noise-like,0,8.524,hump-note,0,0,0.00,0,0
14,58,3,3.20,1,2.41,1322687,Y4,0.00/noise-like,0.00/noise-like,0,7.921,hump-note,0,0,0.00,0,0
14,59,3,0,-1,0,0,-,,,0,7.262,QUARANTINE:dark-lane range=68 distinct=61,0,0,0.00,0,0
14,60,3,0,-1,0,0,-,,,0,6.424,QUARANTINE:dark-lane range=54 distinct=55,0,0,0.00,0,0
14,61,3,0,-1,0,0,-,,,0,5.570,QUARANTINE:dark-lane range=51 distinct=50,0,0,0.00,0,0
14,62,3,0,-1,0,0,-,,,0,4.681,QUARANTINE:dark-lane range=42 distinct=42,0,0,0.00,0,0
14,63,3,0,-1,0,0,-,,,0,3.926,QUARANTINE:dark-lane range=34 distinct=35,0,0,0.00,0,0
15,0,3,2.21,1,2.35,1246065,Y2,,,0,19.588,clean,0,0,0.00,0,0
15,1,3,1.40,776,2.32,411361,Y2,,,0,19.578,clean,0,0,0.00,0,0
15,2,3,1.39,1,2.36,217259,Y2,,,0,19.578,clean,0,0,0.00,0,0
15,3,3,1.50,1,2.56,90480,Y2,,,0,19.691,clean,0,0,0.00,0,0
15,4,3,1.39,833,2.33,267953,Y4,,,0,19.797,clean,0,0,0.00,0,0
15,5,3,1.43,916,2.46,747710,Y2,,,0,19.570,clean,0,0,0.00,0,0
15,6,3,1.36,1263,2.50,176758,Y2,,,0,19.276,clean,0,0,0.00,0,0
15,7,3,1.37,1,2.24,399828,Y2,,,0,19.048,clean,0,0,0.00,0,0
15,8,3,1.43,494,2.41,1278967,Y4,,,0,18.807,clean,0,0,0.00,0,0
15,9,3,1.47,1,2.49,1221657,Y4,,,0,18.424,clean,0,0,0.00,0,0
15,10,3,1.42,1,2.49,1357108,Y4,,,0,18.096,clean,0,0,0.00,0,0
15,11,3,1.42,1,2.34,934750,Y4,,,0,17.680,clean,0,0,0.00,0,0
15,12,3,1.46,1,2.29,1364350,Y2,,,0,17.192,clean,0,0,0.00,0,0
15,13,3,1.56,1,2.32,783384,Y4,,,0,16.713,clean,0,0,0.00,0,0
15,14,3,1.45,384,2.45,371039,Y4,,,0,16.439,clean,0,0,0.00,0,0
15,15,3,1.78,1,2.36,269026,Y4,,,0,16.265,clean,0,0,0.00,0,0
15,16,3,1.55,1,2.26,333220,Y2,,,0,16.291,clean,0,0,0.00,0,0
15,17,3,1.71,1,2.35,47028,Y4,,,0,16.431,clean,0,0,0.00,0,0
15,18,3,1.50,901,2.51,1428545,Y2,,,0,17.722,clean,0,0,0.00,0,0
15,19,3,1.32,1089,2.40,839621,Y4,,,0,16.402,clean,0,0,0.00,0,0
15,20,3,1.70,1,2.25,381410,Y2,,,0,16.099,clean,0,0,0.00,0,0
15,21,3,1.78,1,2.42,556201,Y2,,,0,15.935,clean,0,0,0.00,0,0
15,22,3,1.71,1,2.76,386149,Y4,,,0,15.915,clean,0,0,0.00,0,0
15,23,3,1.33,1,2.34,988662,Y2,,,0,15.903,clean,0,0,0.00,0,0
15,24,3,1.81,1,2.40,244439,Y4,,,0,15.805,clean,0,0,0.00,0,0
15,25,3,1.51,1,2.54,1307398,Y4,,,0,15.427,clean,0,0,0.00,0,0
15,26,3,1.57,1,2.35,1176327,Y2,,,0,14.996,clean,0,0,0.00,0,0
15,27,3,1.95,1,2.48,252306,Y4,,,0,14.949,clean,0,0,0.00,0,0
15,28,3,1.79,1,2.18,876367,Y2,,,0,14.590,clean,0,0,0.00,0,0
15,29,3,1.60,1,2.67,449628,Y4,,,0,14.403,clean,0,0,0.00,0,0
15,30,3,1.66,1,2.79,1464844,Y4,,,0,14.146,clean,0,0,0.00,0,0
15,31,3,1.76,1,2.52,709087,Y4,,,0,13.864,clean,0,0,0.00,0,0
15,32,3,1.42,1280,2.39,932872,Y4,,,0,13.603,clean,0,0,0.00,0,0
15,33,3,1.79,1,2.31,495851,Y2,,,0,13.499,clean,0,0,0.00,0,0
15,34,3,1.81,1,2.44,571221,Y4,,,0,13.498,clean,0,0,0.00,0,0
15,35,3,1.56,1,2.26,1169086,Y4,,,0,13.575,clean,0,0,0.00,0,0
15,36,3,1.84,1,2.46,174791,Y4,,,0,13.677,clean,0,0,0.00,0,0
15,37,3,1.58,1,2.39,807703,Y2,,,0,13.620,clean,0,0,0.00,0,0
15,38,3,1.98,1,2.39,1407266,Y2,,,0,13.500,clean,0,0,0.00,0,0
15,39,3,1.71,1,2.40,1192063,Y4,,,0,13.447,clean,0,0,0.00,0,0
15,40,3,1.85,1,2.40,1016915,Y4,,,0,13.398,clean,0,0,0.00,0,0
15,41,3,1.90,1,2.49,726610,Y4,,,0,13.405,clean,0,0,0.00,0,0
15,42,3,1.81,1,2.58,19133,Y4,,,0,13.397,clean,0,0,0.00,0,0
15,43,3,1.70,1,2.58,1166850,Y2,,,0,13.289,clean,0,0,0.00,0,0
15,44,3,1.63,1,2.32,21636,Y4,,,0,13.090,clean,0,0,0.00,0,0
15,45,3,1.74,1,2.52,454456,Y4,,,0,12.933,clean,0,0,0.00,0,0
15,46,3,1.87,1,2.36,198573,Y4,,,0,12.762,clean,0,0,0.00,0,0
15,47,3,2.10,1,2.30,1015574,Y4,,,0,12.515,clean,0,0,0.00,0,0
15,48,3,3.37,1,2.40,398397,Y4,0.00/noise-like,0.00/noise-like,0,12.157,hump-note,0,0,0.00,0,0
15,49,3,2.17,1,2.62,763714,Y2,,,0,11.742,clean,0,0,0.00,0,0
15,50,3,1.91,1,2.44,384450,Y4,,,0,11.442,clean,0,0,0.00,0,0
15,51,3,2.22,1,2.42,1126528,Y2,,,0,11.125,clean,0,0,0.00,0,0
15,52,3,2.23,1,2.73,675201,Y4,,,0,10.897,clean,0,0,0.00,0,0
15,53,3,2.42,1,2.36,1175076,Y2,,,0,10.660,clean,0,0,0.00,0,0
15,54,3,2.27,1,2.36,948071,Y4,,,0,10.319,clean,0,0,0.00,0,0
15,55,3,2.60,1,2.21,419676,Y2,0.00/noise-like,0.00/noise-like,0,9.803,hump-note,0,0,0.00,0,0
15,56,3,2.71,1,2.44,166297,Y2,0.24/noise-like,0.00/noise-like,0,9.184,hump-note,0,0,0.00,0,0
15,57,3,2.77,1,2.43,884950,Y4,0.00/noise-like,0.00/noise-like,0,8.509,hump-note,0,0,0.00,0,0
15,58,3,3.31,1,2.48,1245350,Y4,0.24/noise-like,0.24/noise-like,0,7.918,hump-note,0,0,0.00,0,0
15,59,3,0,-1,0,0,-,,,0,7.266,QUARANTINE:dark-lane range=61 distinct=61,0,0,0.00,0,0
15,60,3,0,-1,0,0,-,,,0,6.419,QUARANTINE:dark-lane range=56 distinct=55,0,0,0.00,0,0
15,61,3,0,-1,0,0,-,,,0,5.569,QUARANTINE:dark-lane range=52 distinct=49,0,0,0.00,0,0
15,62,3,0,-1,0,0,-,,,0,4.687,QUARANTINE:dark-lane range=41 distinct=40,0,0,0.00,0,0
15,63,3,0,-1,0,0,-,,,0,3.928,QUARANTINE:dark-lane range=34 distinct=35,0,0,0.00,0,0
16,0,3,2.34,1,2.36,201792,Y4,,,0,19.613,clean,0,0,0.00,0,0
16,1,3,1.34,442,2.43,666618,Y2,,,0,19.566,clean,0,0,0.00,0,0
16,2,3,1.45,1,2.32,285834,Y4,,,0,19.537,clean,0,0,0.00,0,0
16,3,3,1.58,1,2.56,313550,Y2,,,0,19.674,clean,0,0,0.00,0,0
16,4,3,1.45,1,2.47,874668,Y2,,,0,19.750,clean,0,0,0.00,0,0
16,5,3,1.37,1569,2.54,429243,Y2,,,0,19.554,clean,0,0,0.00,0,0
16,6,3,1.59,1476,2.53,1224965,Y2,,,0,19.282,clean,0,0,0.00,0,0
16,7,3,1.47,1,2.37,872970,Y4,,,0,19.046,clean,0,0,0.00,0,0
16,8,3,1.41,1,2.29,1352012,Y2,,,0,18.785,clean,0,0,0.00,0,0
16,9,3,1.42,1,2.48,32812,Y2,,,0,18.403,clean,0,0,0.00,0,0
16,10,3,1.39,1,2.41,1059115,Y4,,,0,18.050,clean,0,0,0.00,0,0
16,11,3,1.45,1,2.81,93698,Y4,,,0,17.669,clean,0,0,0.00,0,0
16,12,3,1.38,1,2.50,988662,Y4,,,0,17.195,clean,0,0,0.00,0,0
16,13,3,1.59,1,2.46,330627,Y2,,,0,16.728,clean,0,0,0.00,0,0
16,14,3,1.56,1,2.46,558615,Y2,,,0,16.437,clean,0,0,0.00,0,0
16,15,3,1.39,1461,2.34,1218796,Y4,,,0,16.254,clean,0,0,0.00,0,0
16,16,3,1.42,1,2.43,556022,Y4,,,0,16.307,clean,0,0,0.00,0,0
16,17,3,1.58,1,2.31,309259,Y4,,,0,16.437,clean,0,0,0.00,0,0
16,18,3,1.52,697,2.39,31829,Y2,,,0,17.689,clean,0,0,0.00,0,0
16,19,3,1.71,1,2.58,439882,Y2,,,0,16.422,clean,0,0,0.00,0,0
16,20,3,1.95,1,2.46,744402,Y2,,,0,16.084,clean,0,0,0.00,0,0
16,21,3,1.41,1,2.48,105411,Y2,,,0,15.960,clean,0,0,0.00,0,0
16,22,3,1.53,1,2.37,1134932,Y2,,,0,15.926,clean,0,0,0.00,0,0
16,23,3,1.75,1,2.42,448734,Y4,,,0,15.896,clean,0,0,0.00,0,0
16,24,3,1.37,295,2.38,533491,Y2,,,0,15.850,clean,0,0,0.00,0,0
16,25,3,1.54,1,2.55,707656,Y2,,,0,15.415,clean,0,0,0.00,0,0
16,26,3,1.42,1,2.73,77695,Y2,,,0,14.996,clean,0,0,0.00,0,0
16,27,3,1.64,606,2.35,1444817,Y2,,,0,14.981,clean,0,0,0.00,0,0
16,28,3,1.56,1,2.29,325084,Y2,,,0,14.574,clean,0,0,0.00,0,0
16,29,3,1.74,1,2.17,411898,Y2,,,0,14.420,clean,0,0,0.00,0,0
16,30,3,1.83,1,2.45,575155,Y2,,,0,14.126,clean,0,0,0.00,0,0
16,31,3,1.73,1,2.37,1441419,Y2,,,0,13.887,clean,0,0,0.00,0,0
16,32,3,1.35,747,2.36,51141,Y2,,,0,13.631,clean,0,0,0.00,0,0
16,33,3,1.59,1,2.35,919908,Y4,,,0,13.510,clean,0,0,0.00,0,0
16,34,3,1.64,1,2.50,200540,Y2,,,0,13.494,clean,0,0,0.00,0,0
16,35,3,2.11,1,2.35,129551,Y2,,,0,13.570,clean,0,0,0.00,0,0
16,36,3,1.88,1,2.41,976056,Y4,,,0,13.655,clean,0,0,0.00,0,0
16,37,3,1.75,1,2.47,1161933,Y2,,,0,13.602,clean,0,0,0.00,0,0
16,38,3,1.56,1,2.52,1072437,Y2,,,0,13.511,clean,0,0,0.00,0,0
16,39,3,1.66,1,2.43,802428,Y4,,,0,13.429,clean,0,0,0.00,0,0
16,40,3,1.79,1,2.49,349224,Y4,,,0,13.430,clean,0,0,0.00,0,0
16,41,3,1.76,1,2.43,148952,Y2,,,0,13.378,clean,0,0,0.00,0,0
16,42,3,1.70,1,2.45,306576,Y2,,,0,13.389,clean,0,0,0.00,0,0
16,43,3,2.05,1,2.33,649542,Y4,,,0,13.310,clean,0,0,0.00,0,0
16,44,3,1.47,653,2.24,325978,Y4,,,0,13.120,clean,0,0,0.00,0,0
16,45,3,1.93,1,2.59,805,Y2,,,0,12.931,clean,0,0,0.00,0,0
16,46,3,1.79,1,2.50,128746,Y2,,,0,12.767,clean,0,0,0.00,0,0
16,47,3,1.70,1,2.42,615031,Y4,,,0,12.503,clean,0,0,0.00,0,0
16,48,3,3.58,1,2.49,746638,Y4,0.00/noise-like,0.00/noise-like,0,12.146,hump-note,0,0,0.00,0,0
16,49,3,1.95,1,2.47,31203,Y4,,,0,11.761,clean,0,0,0.00,0,0
16,50,3,2.31,1,2.63,324458,Y2,,,0,11.426,clean,0,0,0.00,0,0
16,51,3,2.43,1,2.53,940740,Y4,,,0,11.113,clean,0,0,0.00,0,0
16,52,3,2.30,1,2.59,608236,Y4,,,0,10.863,clean,0,0,0.00,0,0
16,53,3,2.21,1,2.27,6795,Y2,,,0,10.652,clean,0,0,0.00,0,0
16,54,3,2.29,1,2.47,216812,Y2,,,0,10.293,clean,0,0,0.00,0,0
16,55,3,2.41,1,2.40,1013607,Y4,,,0,9.827,clean,0,0,0.00,0,0
16,56,3,2.75,1,2.55,1008421,Y4,0.00/noise-like,0.24/noise-like,0,9.185,hump-note,0,0,0.00,0,0
16,57,3,2.73,1,2.37,1277894,Y2,0.24/noise-like,0.00/noise-like,0,8.512,hump-note,0,0,0.00,0,0
16,58,3,2.82,1,2.51,989199,Y2,0.00/noise-like,0.00/noise-like,0,7.921,hump-note,0,0,0.00,0,0
16,59,3,0,-1,0,0,-,,,0,7.260,QUARANTINE:dark-lane range=62 distinct=62,0,0,0.00,0,0
16,60,3,0,-1,0,0,-,,,0,6.420,QUARANTINE:dark-lane range=55 distinct=56,0,0,0.00,0,0
16,61,3,0,-1,0,0,-,,,0,5.564,QUARANTINE:dark-lane range=51 distinct=47,0,0,0.00,0,0
16,62,3,0,-1,0,0,-,,,0,4.696,QUARANTINE:dark-lane range=41 distinct=41,0,0,0.00,0,0
16,63,3,0,-1,0,0,-,,,0,3.927,QUARANTINE:dark-lane range=33 distinct=34,0,0,0.00,0,0
17,0,3,2.26,1,2.63,148326,Y2,,,0,19.638,clean,0,0,0.00,0,0
17,1,3,1.33,1138,2.41,1023173,Y2,,,0,19.565,clean,0,0,0.00,0,0
17,2,3,1.49,1,2.35,534117,Y2,,,0,19.583,clean,0,0,0.00,0,0
17,3,3,1.39,1,2.38,554502,Y2,,,0,19.629,clean,0,0,0.00,0,0
17,4,3,1.37,286,2.29,14573,Y2,,,0,19.764,clean,0,0,0.00,0,0
17,5,3,1.42,951,2.59,9030,Y2,,,0,19.540,clean,0,0,0.00,0,0
17,6,3,1.57,1476,2.27,1377046,Y4,,,0,19.261,clean,0,0,0.00,0,0
17,7,3,1.37,20,2.41,53108,Y2,,,0,19.063,clean,0,0,0.00,0,0
17,8,3,1.40,1,2.59,200361,Y4,,,0,18.798,clean,0,0,0.00,0,0
17,9,3,1.60,1,2.38,180423,Y4,,,0,18.420,clean,0,0,0.00,0,0
17,10,3,1.36,1,2.37,895411,Y2,,,0,18.057,clean,0,0,0.00,0,0
17,11,3,1.38,756,2.27,657499,Y4,,,0,17.662,clean,0,0,0.00,0,0
17,12,3,1.70,1,2.41,48280,Y2,,,0,17.186,clean,0,0,0.00,0,0
17,13,3,1.35,961,2.36,449985,Y2,,,0,16.739,clean,0,0,0.00,0,0
17,14,3,1.53,1,2.46,1447231,Y2,,,0,16.446,clean,0,0,0.00,0,0
17,15,3,1.57,1,2.29,1282811,Y2,,,0,16.227,clean,0,0,0.00,0,0
17,16,3,1.34,123,2.35,615299,Y2,,,0,16.301,clean,0,0,0.00,0,0
17,17,3,1.61,1,2.43,114173,Y4,,,0,16.477,clean,0,0,0.00,0,0
17,18,3,1.66,643,2.33,112921,Y2,,,0,17.720,clean,0,0,0.00,0,0
17,19,3,1.69,1,2.54,1045346,Y2,,,0,16.396,clean,0,0,0.00,0,0
17,20,3,1.54,1,2.38,876278,Y4,,,0,16.109,clean,0,0,0.00,0,0
17,21,3,1.37,1,2.38,687540,Y2,,,0,15.911,clean,0,0,0.00,0,0
17,22,3,1.46,1,2.40,1418352,Y2,,,0,15.954,clean,0,0,0.00,0,0
17,23,3,1.65,1,2.32,721961,Y4,,,0,15.904,clean,0,0,0.00,0,0
17,24,3,1.40,1,2.34,277519,Y2,,,0,15.804,clean,0,0,0.00,0,0
17,25,3,1.91,1,2.32,686824,Y4,,,0,15.411,clean,0,0,0.00,0,0
17,26,3,1.48,1,2.37,1410663,Y2,,,0,14.971,clean,0,0,0.00,0,0
17,27,3,1.67,1,2.50,1006097,Y2,,,0,14.930,clean,0,0,0.00,0,0
17,28,3,1.59,1,2.37,411987,Y4,,,0,14.586,clean,0,0,0.00,0,0
17,29,3,1.69,1,2.28,967115,Y4,,,0,14.371,clean,0,0,0.00,0,0
17,30,3,1.41,1,2.38,650525,Y2,,,0,14.153,clean,0,0,0.00,0,0
17,31,3,1.89,1,2.31,277787,Y4,,,0,13.888,clean,0,0,0.00,0,0
17,32,3,1.34,869,2.46,1218528,Y4,,,0,13.615,clean,0,0,0.00,0,0
17,33,3,1.65,1,2.34,546366,Y4,,,0,13.512,clean,0,0,0.00,0,0
17,34,3,1.73,1,2.36,524729,Y2,,,0,13.501,clean,0,0,0.00,0,0
17,35,3,1.74,1,2.31,810921,Y2,,,0,13.562,clean,0,0,0.00,0,0
17,36,3,1.60,1,2.49,1258135,Y4,,,0,13.674,clean,0,0,0.00,0,0
17,37,3,1.89,1,2.64,849813,Y2,,,0,13.614,clean,0,0,0.00,0,0
17,38,3,1.70,1,2.52,739396,Y4,,,0,13.521,clean,0,0,0.00,0,0
17,39,3,1.99,1,2.28,1249731,Y4,,,0,13.471,clean,0,0,0.00,0,0
17,40,3,1.94,1,2.51,927597,Y2,,,0,13.420,clean,0,0,0.00,0,0
17,41,3,1.85,1,2.33,1092285,Y4,,,0,13.400,clean,0,0,0.00,0,0
17,42,3,1.62,1,2.25,579000,Y4,,,0,13.354,clean,0,0,0.00,0,0
17,43,3,1.69,1,2.54,508368,Y4,,,0,13.295,clean,0,0,0.00,0,0
17,44,3,1.88,1,2.58,619322,Y4,,,0,13.098,clean,0,0,0.00,0,0
17,45,3,1.65,1,2.45,1047939,Y4,,,0,12.945,clean,0,0,0.00,0,0
17,46,3,2.00,1,2.42,1317143,Y2,,,0,12.774,clean,0,0,0.00,0,0
17,47,3,1.87,1,2.73,1177222,Y4,,,0,12.517,clean,0,0,0.00,0,0
17,48,3,3.19,1,2.30,874043,Y4,0.00/noise-like,0.24/noise-like,0,12.125,hump-note,0,0,0.00,0,0
17,49,3,1.94,1,2.64,1194656,Y2,,,0,11.774,clean,0,0,0.00,0,0
17,50,3,2.07,1,2.35,1156211,Y2,,,0,11.414,clean,0,0,0.00,0,0
17,51,3,1.94,1,2.32,65178,Y2,,,0,11.104,clean,0,0,0.00,0,0
17,52,3,2.14,1,2.28,1330465,Y4,,,0,10.881,clean,0,0,0.00,0,0
17,53,3,1.99,1,2.35,40054,Y4,,,0,10.652,clean,0,0,0.00,0,0
17,54,3,2.24,1,2.31,129014,Y2,,,0,10.304,clean,0,0,0.00,0,0
17,55,3,2.41,1,2.53,535727,Y4,,,0,9.834,clean,0,0,0.00,0,0
17,56,3,2.41,1,2.36,208586,Y2,,,0,9.194,clean,0,0,0.00,0,0
17,57,3,2.75,1,2.51,92715,Y2,0.24/noise-like,0.00/noise-like,0,8.509,hump-note,0,0,0.00,0,0
17,58,3,3.19,1,2.27,674307,Y4,0.00/noise-like,0.00/noise-like,0,7.912,hump-note,0,0,0.00,0,0
17,59,3,0,-1,0,0,-,,,0,7.262,QUARANTINE:dark-lane range=63 distinct=63,0,0,0.00,0,0
17,60,3,0,-1,0,0,-,,,0,6.429,QUARANTINE:dark-lane range=55 distinct=56,0,0,0.00,0,0
17,61,3,0,-1,0,0,-,,,0,5.579,QUARANTINE:dark-lane range=46 distinct=47,0,0,0.00,0,0
17,62,3,0,-1,0,0,-,,,0,4.689,QUARANTINE:dark-lane range=38 distinct=39,0,0,0.00,0,0
17,63,3,0,-1,0,0,-,,,0,3.932,QUARANTINE:dark-lane range=35 distinct=36,0,0,0.00,0,0
18,0,3,2.32,1,2.29,1141012,Y2,,,0,19.619,clean,0,0,0.00,0,0
18,1,3,1.33,599,2.41,1038194,Y2,,,0,19.570,clean,0,0,0.00,0,0
18,2,3,1.42,284,2.54,1377136,Y2,,,0,19.544,clean,0,0,0.00,0,0
18,3,3,1.40,864,2.39,46939,Y4,,,0,19.672,clean,0,0,0.00,0,0
18,4,3,1.41,1395,2.36,569612,Y2,,,0,19.770,clean,0,0,0.00,0,0
18,5,3,1.33,1,2.32,502288,Y2,,,0,19.540,clean,0,0,0.00,0,0
18,6,3,1.59,1476,2.31,473768,Y4,,,0,19.291,clean,0,0,0.00,0,0
18,7,3,1.49,1,2.32,1429439,Y2,,,0,19.066,clean,0,0,0.00,0,0
18,8,3,1.35,1,2.28,924557,Y4,,,0,18.761,clean,0,0,0.00,0,0
18,9,3,1.46,1,2.46,852406,Y4,,,0,18.440,clean,0,0,0.00,0,0
18,10,3,1.42,190,2.44,1005292,Y2,,,0,18.096,clean,0,0,0.00,0,0
18,11,3,1.46,1,2.49,758082,Y2,,,0,17.715,clean,0,0,0.00,0,0
18,12,3,1.39,1027,2.52,194997,Y4,,,0,17.172,clean,0,0,0.00,0,0
18,13,3,1.46,1,2.33,1381248,Y2,,,0,16.729,clean,0,0,0.00,0,0
18,14,3,1.46,1,2.69,716329,Y2,,,0,16.433,clean,0,0,0.00,0,0
18,15,3,1.84,1,2.39,1329392,Y2,,,0,16.261,clean,0,0,0.00,0,0
18,16,3,1.39,1049,2.30,328928,Y4,,,0,16.294,clean,0,0,0.00,0,0
18,17,3,1.46,1,2.42,724286,Y4,,,0,16.452,clean,0,0,0.00,0,0
18,18,3,1.54,627,2.28,32276,Y2,,,0,17.709,clean,0,0,0.00,0,0
18,19,3,1.52,1,2.40,1035959,Y4,,,0,16.412,clean,0,0,0.00,0,0
18,20,3,1.70,1,2.48,146538,Y2,,,0,16.121,clean,0,0,0.00,0,0
18,21,3,1.41,1,2.45,710517,Y2,,,0,15.957,clean,0,0,0.00,0,0
18,22,3,1.45,1,2.51,1193404,Y4,,,0,15.898,clean,0,0,0.00,0,0
18,23,3,1.35,918,2.39,83774,Y4,,,0,15.889,clean,0,0,0.00,0,0
18,24,3,1.48,1,2.66,746727,Y4,,,0,15.814,clean,0,0,0.00,0,0
18,25,3,1.38,930,2.34,427008,Y4,,,0,15.412,clean,0,0,0.00,0,0
18,26,3,1.72,1,2.36,442386,Y2,,,0,15.025,clean,0,0,0.00,0,0
18,27,3,1.60,626,2.25,122935,Y4,,,0,14.960,clean,0,0,0.00,0,0
18,28,3,1.41,411,2.41,547975,Y2,,,0,14.591,clean,0,0,0.00,0,0
18,29,3,1.49,1,2.30,1181334,Y4,,,0,14.370,clean,0,0,0.00,0,0
18,30,3,1.85,1,2.41,1401722,Y2,,,0,14.126,clean,0,0,0.00,0,0
18,31,3,1.94,1,2.37,1142442,Y4,,,0,13.885,clean,0,0,0.00,0,0
18,32,3,1.32,884,2.31,1037121,Y4,,,0,13.654,clean,0,0,0.00,0,0
18,33,3,1.74,1,2.48,875115,Y4,,,0,13.515,clean,0,0,0.00,0,0
18,34,3,1.64,1,2.39,1354784,Y2,,,0,13.480,clean,0,0,0.00,0,0
18,35,3,1.71,1,2.30,1170963,Y2,,,0,13.566,clean,0,0,0.00,0,0
18,36,3,1.85,1,2.52,323385,Y4,,,0,13.666,clean,0,0,0.00,0,0
18,37,3,1.94,1,2.48,749052,Y2,,,0,13.625,clean,0,0,0.00,0,0
18,38,3,1.88,1,2.51,894696,Y4,,,0,13.500,clean,0,0,0.00,0,0
18,39,3,1.80,1,2.50,455976,Y4,,,0,13.441,clean,0,0,0.00,0,0
18,40,3,1.48,1,2.32,198126,Y2,,,0,13.417,clean,0,0,0.00,0,0
18,41,3,1.88,1,2.57,328839,Y2,,,0,13.386,clean,0,0,0.00,0,0
18,42,3,1.92,1,2.34,281096,Y4,,,0,13.387,clean,0,0,0.00,0,0
18,43,3,1.74,1,2.40,587672,Y4,,,0,13.295,clean,0,0,0.00,0,0
18,44,3,1.81,1,2.45,977218,Y2,,,0,13.109,clean,0,0,0.00,0,0
18,45,3,1.70,1,2.64,1331180,Y4,,,0,12.925,clean,0,0,0.00,0,0
18,46,3,1.92,1,2.53,31918,Y2,,,0,12.777,clean,0,0,0.00,0,0
18,47,3,2.18,1,2.43,972301,Y4,,,0,12.511,clean,0,0,0.00,0,0
18,48,3,3.31,1,2.51,350118,Y2,0.00/noise-like,0.00/noise-like,0,12.150,hump-note,0,0,0.00,0,0
18,49,3,2.23,1,2.32,1020044,Y2,,,0,11.749,clean,0,0,0.00,0,0
18,50,3,1.90,1,2.55,1135290,Y4,,,0,11.439,clean,0,0,0.00,0,0
18,51,3,2.06,1,2.37,805289,Y2,,,0,11.117,clean,0,0,0.00,0,0
18,52,3,2.11,1,2.25,1003325,Y4,,,0,10.882,clean,0,0,0.00,0,0
18,53,3,1.86,1,2.40,918120,Y4,,,0,10.641,clean,0,0,0.00,0,0
18,54,3,2.46,1,2.51,127763,Y2,,,0,10.319,clean,0,0,0.00,0,0
18,55,3,2.07,1,2.40,563174,Y2,,,0,9.811,clean,0,0,0.00,0,0
18,56,3,2.39,1,2.61,303268,Y4,,,0,9.195,clean,0,0,0.00,0,0
18,57,3,2.85,1,2.46,405908,Y2,0.00/noise-like,0.00/noise-like,0,8.502,hump-note,0,0,0.00,0,0
18,58,3,2.94,1,2.36,509530,Y4,0.24/noise-like,0.24/noise-like,0,7.931,hump-note,0,0,0.00,0,0
18,59,3,0,-1,0,0,-,,,0,7.272,QUARANTINE:dark-lane range=65 distinct=62,0,0,0.00,0,0
18,60,3,0,-1,0,0,-,,,0,6.418,QUARANTINE:dark-lane range=58 distinct=56,0,0,0.00,0,0
18,61,3,0,-1,0,0,-,,,0,5.570,QUARANTINE:dark-lane range=49 distinct=49,0,0,0.00,0,0
18,62,3,0,-1,0,0,-,,,0,4.685,QUARANTINE:dark-lane range=41 distinct=41,0,0,0.00,0,0
18,63,3,0,-1,0,0,-,,,0,3.925,QUARANTINE:dark-lane range=35 distinct=35,0,0,0.00,0,0
19,0,3,2.28,1,2.39,10908,Y2,,,0,19.624,clean,0,0,0.00,0,0
19,1,3,1.42,1,2.36,886738,Y4,,,0,19.557,clean,0,0,0.00,0,0
19,2,3,1.54,1,2.56,447035,Y2,,,0,19.543,clean,0,0,0.00,0,0
19,3,3,1.70,1,2.31,152081,Y2,,,0,19.679,clean,0,0,0.00,0,0
19,4,3,1.44,1,2.35,1197696,Y2,,,0,19.774,clean,0,0,0.00,0,0
19,5,3,1.42,1,2.32,751555,Y2,,,0,19.603,clean,0,0,0.00,0,0
19,6,3,1.49,1,2.37,1215220,Y2,,,0,19.311,clean,0,0,0.00,0,0
19,7,3,1.32,1091,2.54,969082,Y2,,,0,19.087,clean,0,0,0.00,0,0
19,8,3,1.36,359,2.24,330627,Y2,,,0,18.762,clean,0,0,0.00,0,0
19,9,3,1.38,928,2.47,238806,Y2,,,0,18.416,clean,0,0,0.00,0,0
19,10,3,1.41,1,2.32,1446247,Y2,,,0,18.050,clean,0,0,0.00,0,0
19,11,3,1.63,1,2.43,1327515,Y4,,,0,17.657,clean,0,0,0.00,0,0
19,12,3,1.42,1,2.47,797957,Y2,,,0,17.201,clean,0,0,0.00,0,0
19,13,3,1.44,1288,2.38,466436,Y2,,,0,16.729,clean,0,0,0.00,0,0
19,14,3,1.35,729,2.46,62764,Y2,,,0,16.465,clean,0,0,0.00,0,0
19,15,3,1.40,1,2.45,1335204,Y4,,,0,16.258,clean,0,0,0.00,0,0
19,16,3,1.41,1431,2.32,746906,Y4,,,0,16.306,clean,0,0,0.00,0,0
19,17,3,1.41,1,2.27,542164,Y2,,,0,16.435,clean,0,0,0.00,0,0
19,18,3,1.50,820,2.53,1240253,Y4,,,0,17.752,clean,0,0,0.00,0,0
19,19,3,1.65,1,2.58,1084954,Y2,,,0,16.405,clean,0,0,0.00,0,0
19,20,3,1.58,1,2.57,635326,Y2,,,0,16.076,clean,0,0,0.00,0,0
19,21,3,1.60,1,2.61,877261,Y2,,,0,15.941,clean,0,0,0.00,0,0
19,22,3,1.55,1,2.32,169069,Y2,,,0,15.955,clean,0,0,0.00,0,0
19,23,3,1.46,1,2.33,1280040,Y4,,,0,15.899,clean,0,0,0.00,0,0
19,24,3,1.63,1,2.52,239432,Y4,,,0,15.802,clean,0,0,0.00,0,0
19,25,3,1.57,1,2.29,1096666,Y2,,,0,15.400,clean,0,0,0.00,0,0
19,26,3,1.69,1,2.50,314176,Y4,,,0,14.970,clean,0,0,0.00,0,0
19,27,3,1.71,643,2.50,1384735,Y2,,,0,14.970,clean,0,0,0.00,0,0
19,28,3,1.80,1,2.33,1284957,Y4,,,0,14.581,clean,0,0,0.00,0,0
19,29,3,1.46,1,2.32,165403,Y2,,,0,14.383,clean,0,0,0.00,0,0
19,30,3,1.74,1,2.47,806898,Y2,,,0,14.139,clean,0,0,0.00,0,0
19,31,3,1.67,1,2.41,432998,Y2,,,0,13.875,clean,0,0,0.00,0,0
19,32,3,1.34,1,2.40,1306593,Y2,,,0,13.623,clean,0,0,0.00,0,0
19,33,3,2.02,1,2.29,1189291,Y2,,,0,13.518,clean,0,0,0.00,0,0
19,34,3,1.82,1,2.34,1284063,Y2,,,0,13.508,clean,0,0,0.00,0,0
19,35,3,1.97,1,2.61,1052231,Y4,,,0,13.568,clean,0,0,0.00,0,0
19,36,3,1.58,1,2.36,332952,Y2,,,0,13.678,clean,0,0,0.00,0,0
19,37,3,1.75,1,2.48,1136273,Y2,,,0,13.604,clean,0,0,0.00,0,0
19,38,3,1.65,1,2.38,1136363,Y2,,,0,13.485,clean,0,0,0.00,0,0
19,39,3,1.76,1,2.50,645339,Y4,,,0,13.449,clean,0,0,0.00,0,0
19,40,3,1.47,1,2.36,635773,Y4,,,0,13.388,clean,0,0,0.00,0,0
19,41,3,1.94,1,2.31,888705,Y4,,,0,13.395,clean,0,0,0.00,0,0
19,42,3,1.69,1,2.29,654906,Y4,,,0,13.361,clean,0,0,0.00,0,0
19,43,3,1.71,1,2.30,1249015,Y4,,,0,13.307,clean,0,0,0.00,0,0
19,44,3,1.73,1,2.49,220746,Y2,,,0,13.109,clean,0,0,0.00,0,0
19,45,3,1.86,1,2.26,1104712,Y4,,,0,12.933,clean,0,0,0.00,0,0
19,46,3,1.74,1,2.33,1073688,Y2,,,0,12.771,clean,0,0,0.00,0,0
19,47,3,1.99,1,2.47,207603,Y4,,,0,12.527,clean,0,0,0.00,0,0
19,48,3,3.35,1,2.33,608414,Y4,0.00/noise-like,0.00/noise-like,0,12.156,hump-note,0,0,0.00,0,0
19,49,3,1.99,1,2.74,590265,Y2,,,0,11.765,clean,0,0,0.00,0,0
19,50,3,1.97,1,2.40,333756,Y4,,,0,11.457,clean,0,0,0.00,0,0
19,51,3,1.95,1,2.34,1282275,Y2,,,0,11.118,clean,0,0,0.00,0,0
19,52,3,2.16,1,2.31,29951,Y4,,,0,10.876,clean,0,0,0.00,0,0
19,53,3,2.34,1,2.52,116766,Y4,,,0,10.644,clean,0,0,0.00,0,0
19,54,3,2.28,1,2.40,426918,Y2,,,0,10.303,clean,0,0,0.00,0,0
19,55,3,2.17,1,2.32,1261979,Y2,,,0,9.808,clean,0,0,0.00,0,0
19,56,3,2.57,1,2.20,843108,Y4,0.24/noise-like,0.24/noise-like,0,9.178,hump-note,0,0,0.00,0,0
19,57,3,2.68,1,2.54,352800,Y4,0.00/noise-like,0.24/noise-like,0,8.505,hump-note,0,0,0.00,0,0
19,58,3,2.91,1,2.32,854284,Y2,0.00/noise-like,0.24/noise-like,0,7.925,hump-note,0,0,0.00,0,0
19,59,3,0,-1,0,0,-,,,0,7.251,QUARANTINE:dark-lane range=61 distinct=62,0,0,0.00,0,0
19,60,3,0,-1,0,0,-,,,0,6.420,QUARANTINE:dark-lane range=53 distinct=54,0,0,0.00,0,0
19,61,3,0,-1,0,0,-,,,0,5.584,QUARANTINE:dark-lane range=50 distinct=51,0,0,0.00,0,0
19,62,3,0,-1,0,0,-,,,0,4.689,QUARANTINE:dark-lane range=40 distinct=41,0,0,0.00,0,0
19,63,3,0,-1,0,0,-,,,0,3.934,QUARANTINE:dark-lane range=36 distinct=36,0,0,0.00,0,0
20,0,3,2.55,1,2.43,157356,Y4,0.24/noise-like,0.00/noise-like,0,19.619,hump-note,0,0,0.00,0,0
20,1,3,1.38,303,2.41,328034,Y2,,,0,19.539,clean,0,0,0.00,0,0
20,2,3,1.37,844,2.32,551909,Y2,,,0,19.547,clean,0,0,0.00,0,0
20,3,3,1.38,817,2.37,746548,Y2,,,0,19.662,clean,0,0,0.00,0,0
20,4,3,1.38,669,2.22,977308,Y2,,,0,19.767,clean,0,0,0.00,0,0
20,5,3,1.37,270,2.40,295848,Y2,,,0,19.543,clean,0,0,0.00,0,0
20,6,3,1.40,1476,2.73,523746,Y2,,,0,19.312,clean,0,0,0.00,0,0
20,7,3,1.34,193,2.23,587583,Y4,,,0,19.107,clean,0,0,0.00,0,0
20,8,3,1.34,834,2.47,350654,Y2,,,0,18.759,clean,0,0,0.00,0,0
20,9,3,1.58,1,2.35,468314,Y2,,,0,18.427,clean,0,0,0.00,0,0
20,10,3,1.59,1,2.59,778914,Y4,,,0,18.069,clean,0,0,0.00,0,0
20,11,3,1.47,1,2.43,926077,Y2,,,0,17.675,clean,0,0,0.00,0,0
20,12,3,1.52,1,2.41,482798,Y4,,,0,17.199,clean,0,0,0.00,0,0
20,13,3,1.45,1,2.31,535011,Y4,,,0,16.719,clean,0,0,0.00,0,0
20,14,3,1.65,1,2.38,801623,Y2,,,0,16.419,clean,0,0,0.00,0,0
20,15,3,1.54,1,2.54,1185715,Y2,,,0,16.263,clean,0,0,0.00,0,0
20,16,3,1.37,8,2.32,27269,Y2,,,0,16.279,clean,0,0,0.00,0,0
20,17,3,1.68,1,2.44,1133680,Y4,,,0,16.474,clean,0,0,0.00,0,0
20,18,3,1.60,812,2.39,639617,Y4,,,0,17.743,clean,0,0,0.00,0,0
20,19,3,1.55,1,2.46,782400,Y4,,,0,16.414,clean,0,0,0.00,0,0
20,20,3,1.57,1,2.47,1109183,Y4,,,0,16.064,clean,0,0,0.00,0,0
20,21,3,1.54,1,2.35,443280,Y4,,,0,15.946,clean,0,0,0.00,0,0
20,22,3,1.70,1,2.64,574708,Y4,,,0,15.938,clean,0,0,0.00,0,0
20,23,3,1.40,1189,2.36,20921,Y2,,,0,15.870,clean,0,0,0.00,0,0
20,24,3,1.50,1,2.46,446945,Y4,,,0,15.811,clean,0,0,0.00,0,0
20,25,3,1.64,1,2.45,849187,Y4,,,0,15.411,clean,0,0,0.00,0,0
20,26,3,1.63,1,2.31,1350939,Y2,,,0,15.018,clean,0,0,0.00,0,0
20,27,3,1.78,1,2.68,804663,Y4,,,0,14.953,clean,0,0,0.00,0,0
20,28,3,1.44,1,2.26,978649,Y4,,,0,14.574,clean,0,0,0.00,0,0
20,29,3,1.81,1,2.52,1030594,Y2,,,0,14.359,clean,0,0,0.00,0,0
20,30,3,1.70,1,2.44,54896,Y4,,,0,14.124,clean,0,0,0.00,0,0
20,31,3,1.68,1,2.37,364959,Y2,,,0,13.861,clean,0,0,0.00,0,0
20,32,3,1.50,1,2.44,512034,Y4,,,0,13.610,clean,0,0,0.00,0,0
20,33,3,1.54,1,2.59,699788,Y4,,,0,13.519,clean,0,0,0.00,0,0
20,34,3,1.83,1,2.38,895858,Y4,,,0,13.509,clean,0,0,0.00,0,0
20,35,3,1.56,1,2.31,746459,Y2,,,0,13.554,clean,0,0,0.00,0,0
20,36,3,1.89,1,2.27,831842,Y2,,,0,13.684,clean,0,0,0.00,0,0
20,37,3,1.69,1,2.44,1283705,Y4,,,0,13.642,clean,0,0,0.00,0,0
20,38,3,1.72,1,2.21,994116,Y2,,,0,13.483,clean,0,0,0.00,0,0
20,39,3,1.74,1,2.42,1023531,Y2,,,0,13.442,clean,0,0,0.00,0,0
20,40,3,1.94,1,2.56,718206,Y4,,,0,13.390,clean,0,0,0.00,0,0
20,41,3,2.21,1,2.25,1408249,Y4,,,0,13.388,clean,0,0,0.00,0,0
20,42,3,1.87,1,2.33,1101583,Y4,,,0,13.389,clean,0,0,0.00,0,0
20,43,3,1.82,1,2.51,1334935,Y2,,,0,13.345,clean,0,0,0.00,0,0
20,44,3,1.76,1,2.69,656515,Y4,,,0,13.111,clean,0,0,0.00,0,0
20,45,3,1.69,1,2.30,88155,Y4,,,0,12.947,clean,0,0,0.00,0,0
20,46,3,1.65,1,2.32,793219,Y2,,,0,12.752,clean,0,0,0.00,0,0
20,47,3,1.76,1,2.37,1247674,Y4,,,0,12.532,clean,0,0,0.00,0,0
20,48,3,3.48,1,2.27,1275748,Y4,0.00/noise-like,0.00/noise-like,0,12.117,hump-note,0,0,0.00,0,0
20,49,3,2.15,1,2.61,821471,Y4,,,0,11.748,clean,0,0,0.00,0,0
20,50,3,2.47,1,2.42,773907,Y2,,,0,11.419,clean,0,0,0.00,0,0
20,51,3,1.90,1,2.34,1273602,Y2,,,0,11.102,clean,0,0,0.00,0,0
20,52,3,1.75,1,2.56,430584,Y2,,,0,10.881,clean,0,0,0.00,0,0
20,53,3,2.26,1,2.34,1013160,Y4,,,0,10.639,clean,0,0,0.00,0,0
20,54,3,2.35,1,2.36,265092,Y2,,,0,10.287,clean,0,0,0.00,0,0
20,55,3,2.23,1,2.33,224322,Y2,,,0,9.812,clean,0,0,0.00,0,0
20,56,3,2.40,1,2.58,481546,Y4,,,0,9.193,clean,0,0,0.00,0,0
20,57,3,2.91,1,2.43,1025587,Y2,0.00/noise-like,0.24/noise-like,0,8.499,hump-note,0,0,0.00,0,0
20,58,3,2.94,1,2.44,864118,Y4,0.00/noise-like,0.00/noise-like,0,7.925,hump-note,0,0,0.00,0,0
20,59,3,3.62,1,2.43,403762,Y4,0.00/noise-like,0.24/noise-like,0,7.249,hump-note,0,0,0.00,0,0
20,60,3,0,-1,0,0,-,,,0,6.444,QUARANTINE:dark-lane range=55 distinct=56,0,0,0.00,0,0
20,61,3,0,-1,0,0,-,,,0,5.573,QUARANTINE:dark-lane range=48 distinct=48,0,0,0.00,0,0
20,62,3,0,-1,0,0,-,,,0,4.681,QUARANTINE:dark-lane range=43 distinct=44,0,0,0.00,0,0
20,63,3,0,-1,0,0,-,,,0,3.931,QUARANTINE:dark-lane range=33 distinct=34,0,0,0.00,0,0
21,0,3,2.59,1,2.36,394642,Y4,0.24/noise-like,0.24/noise-like,0,19.616,hump-note,0,0,0.00,0,0
21,1,3,1.44,1,2.43,192046,Y2,,,0,19.538,clean,0,0,0.00,0,0
21,2,3,1.42,1,2.29,1236856,Y4,,,0,19.583,clean,0,0,0.00,0,0
21,3,3,1.57,1,2.45,283957,Y2,,,0,19.669,clean,0,0,0.00,0,0
21,4,3,1.35,515,2.35,881553,Y2,,,0,19.762,clean,0,0,0.00,0,0
21,5,3,1.34,1,2.44,288248,Y2,,,0,19.567,clean,0,0,0.00,0,0
21,6,3,1.37,1,2.37,1350224,Y4,,,0,19.313,clean,0,0,0.00,0,0
21,7,3,1.36,262,2.37,39518,Y2,,,0,19.074,clean,0,0,0.00,0,0
21,8,3,1.39,988,2.37,190616,Y2,,,0,18.792,clean,0,0,0.00,0,0
21,9,3,1.40,1007,2.24,248194,Y4,,,0,18.407,clean,0,0,0.00,0,0
21,10,3,1.35,1109,2.32,442028,Y4,,,0,18.082,clean,0,0,0.00,0,0
21,11,3,1.56,1,2.62,163525,Y2,,,0,17.685,clean,0,0,0.00,0,0
21,12,3,1.39,1,2.40,575781,Y4,,,0,17.177,clean,0,0,0.00,0,0
21,13,3,1.35,918,2.38,364244,Y2,,,0,16.716,clean,0,0,0.00,0,0
21,14,3,1.63,1,2.24,1420140,Y4,,,0,16.444,clean,0,0,0.00,0,0
21,15,3,1.63,1,2.35,740200,Y2,,,0,16.246,clean,0,0,0.00,0,0
21,16,3,1.41,1,2.36,1342893,Y4,,,0,16.284,clean,0,0,0.00,0,0
21,17,3,1.42,1,2.62,390261,Y2,,,0,16.463,clean,0,0,0.00,0,0
21,18,3,1.61,735,2.49,383735,Y2,,,0,17.723,clean,0,0,0.00,0,0
21,19,3,1.67,1,2.33,451952,Y2,,,0,16.396,clean,0,0,0.00,0,0
21,20,3,1.71,1,2.35,955939,Y4,,,0,16.079,clean,0,0,0.00,0,0
21,21,3,1.50,1,2.64,574172,Y2,,,0,15.939,clean,0,0,0.00,0,0
21,22,3,1.49,1,2.36,311762,Y2,,,0,15.921,clean,0,0,0.00,0,0
21,23,3,1.50,1,2.46,830412,Y4,,,1,15.916,clean,0,0,0.00,0,0
21,24,3,1.52,1,2.76,90837,Y4,,,0,15.825,clean,0,0,0.00,0,0
21,25,3,1.45,1,2.30,862777,Y2,,,0,15.407,clean,0,0,0.00,0,0
21,26,3,1.36,1365,2.65,889242,Y2,,,0,14.983,clean,0,0,0.00,0,0
21,27,3,1.63,1,2.39,495225,Y2,,,0,14.946,clean,0,0,0.00,0,0
21,28,3,1.84,1,2.61,941187,Y2,,,0,14.590,clean,0,0,0.00,0,0
21,29,3,1.76,1,2.54,1262426,Y4,,,0,14.369,clean,0,0,0.00,0,0
21,30,3,1.76,1,2.33,416994,Y4,,,0,14.107,clean,0,0,0.00,0,0
21,31,3,1.69,1,2.42,808597,Y4,,,0,13.899,clean,0,0,0.00,0,0
21,32,3,1.40,1,2.43,56684,Y2,,,0,13.633,clean,0,0,0.00,0,0
21,33,3,1.84,1,2.30,1193315,Y2,,,0,13.516,clean,0,0,0.00,0,0
21,34,3,2.05,1,2.40,24676,Y4,,,0,13.529,clean,0,0,0.00,0,0
21,35,3,1.84,1,2.67,290841,Y4,,,0,13.558,clean,0,0,0.00,0,0
21,36,3,1.80,1,2.42,393122,Y4,,,0,13.641,clean,0,0,0.00,0,0
21,37,3,1.91,1,2.40,616372,Y2,,,0,13.624,clean,0,0,0.00,0,0
21,38,3,1.82,1,2.96,1260817,Y2,,,0,13.511,clean,0,0,0.00,0,0
21,39,3,1.87,1,2.40,348866,Y2,,,0,13.442,clean,0,0,0.00,0,0
21,40,3,1.87,1,2.38,1387507,Y2,,,0,13.391,clean,0,0,0.00,0,0
21,41,3,1.71,1,2.67,852317,Y4,,,0,13.373,clean,0,0,0.00,0,0
21,42,3,1.74,1,2.39,212878,Y2,,,0,13.372,clean,0,0,0.00,0,0
21,43,3,1.75,1,2.30,26464,Y4,,,0,13.297,clean,0,0,0.00,0,0
21,44,3,1.87,1,2.36,1146108,Y4,,,0,13.102,clean,0,0,0.00,0,0
21,45,3,1.84,1,2.54,1351476,Y4,,,0,12.920,clean,0,0,0.00,0,0
21,46,3,2.20,1,2.24,607967,Y4,,,0,12.782,clean,0,0,0.00,0,0
21,47,3,2.04,1,2.45,949144,Y4,,,0,12.500,clean,0,0,0.00,0,0
21,48,3,2.96,1,2.41,788569,Y2,0.00/noise-like,0.24/noise-like,0,12.123,hump-note,0,0,0.00,0,0
21,49,3,2.24,1,2.26,972122,Y4,,,0,11.772,clean,0,0,0.00,0,0
21,50,3,2.08,1,2.66,69737,Y4,,,0,11.423,clean,0,0,0.00,0,0
21,51,3,2.00,1,2.40,1223803,Y2,,,0,11.109,clean,0,0,0.00,0,0
21,52,3,2.13,1,2.42,186592,Y2,,,0,10.864,clean,0,0,0.00,0,0
21,53,3,2.28,1,2.30,1279593,Y2,,,0,10.639,clean,0,0,0.00,0,0
21,54,3,2.23,1,2.30,501126,Y4,,,0,10.300,clean,0,0,0.00,0,0
21,55,3,2.50,1,2.44,517398,Y4,0.00/noise-like,0.00/noise-like,1,9.808,hump-note,0,0,0.00,0,0
21,56,3,2.55,1,2.45,773370,Y2,0.24/noise-like,0.00/noise-like,0,9.199,hump-note,0,0,0.00,0,0
21,57,3,2.84,1,2.51,520170,Y2,0.00/noise-like,0.00/noise-like,0,8.497,hump-note,0,0,0.00,0,0
21,58,3,2.83,1,2.46,166744,Y4,0.24/noise-like,0.00/noise-like,0,7.923,hump-note,0,0,0.00,0,0
21,59,3,0,-1,0,0,-,,,0,7.245,QUARANTINE:dark-lane range=66 distinct=63,0,0,0.00,0,0
21,60,3,0,-1,0,0,-,,,0,6.420,QUARANTINE:dark-lane range=57 distinct=56,0,0,0.00,0,0
21,61,3,0,-1,0,0,-,,,0,5.568,QUARANTINE:dark-lane range=51 distinct=52,0,0,0.00,0,0
21,62,3,0,-1,0,0,-,,,0,4.680,QUARANTINE:dark-lane range=39 distinct=39,0,0,0.00,0,0
21,63,3,0,-1,0,0,-,,,0,3.934,QUARANTINE:dark-lane range=35 distinct=35,0,0,0.00,0,0
22,0,3,2.99,1,2.35,346094,Y2,0.24/noise-like,0.00/noise-like,0,19.601,hump-note,0,0,0.00,0,0
22,1,3,1.59,1,2.49,53644,Y2,,,0,19.585,clean,0,0,0.00,0,0
22,2,3,1.38,1067,2.33,32544,Y2,,,0,19.537,clean,0,0,0.00,0,0
22,3,3,1.35,1181,2.42,1037300,Y2,,,0,19.656,clean,0,0,0.00,0,0
22,4,3,1.45,1,2.25,617981,Y4,,,0,19.774,clean,0,0,0.00,0,0
22,5,3,1.35,964,2.31,95755,Y4,,,0,19.529,clean,0,0,0.00,0,0
22,6,3,1.49,1476,2.47,367284,Y2,,,0,19.324,clean,0,0,0.00,0,0
22,7,3,1.34,569,2.42,1412094,Y2,,,0,19.078,clean,0,0,0.00,0,0
22,8,3,1.37,1434,2.30,1432300,Y4,,,0,18.813,clean,0,0,0.00,0,0
22,9,3,1.35,493,2.68,1439720,Y4,,,0,18.422,clean,0,0,0.00,0,0
22,10,3,1.60,1,2.52,27806,Y2,,,0,18.039,clean,0,0,0.00,0,0
22,11,3,1.49,1,2.27,141084,Y4,,,0,17.666,clean,0,0,0.00,0,0
22,12,3,1.42,469,2.52,878870,Y4,,,0,17.210,clean,0,0,0.00,0,0
22,13,3,1.52,1,2.44,216812,Y2,,,0,16.745,clean,0,0,0.00,0,0
22,14,3,1.47,1,2.50,554860,Y4,,,0,16.455,clean,0,0,0.00,0,0
22,15,3,1.66,1,2.53,871450,Y4,,,0,16.241,clean,0,0,0.00,0,0
22,16,3,1.45,399,2.44,331610,Y4,,,0,16.321,clean,0,0,0.00,0,0
22,17,3,1.60,1,2.33,662863,Y2,,,0,16.448,clean,0,0,0.00,0,0
22,18,3,1.57,707,2.53,800103,Y2,,,0,17.693,clean,0,0,0.00,0,0
22,19,3,1.62,1,2.53,897557,Y4,,,0,16.403,clean,0,0,0.00,0,0
22,20,3,1.38,1,2.39,1135737,Y4,,,0,16.081,clean,0,0,0.00,0,0
22,21,3,1.43,1,2.29,1249552,Y2,,,0,15.906,clean,0,0,0.00,0,0
22,22,3,1.43,1,2.34,870109,Y4,,,0,15.915,clean,0,0,0.00,0,0
22,23,3,1.50,1,2.37,16183,Y2,,,0,15.891,clean,0,0,0.00,0,0
22,24,3,1.57,1,2.28,664294,Y2,,,0,15.796,clean,0,0,0.00,0,0
22,25,3,1.38,1,2.32,1166135,Y4,,,0,15.416,clean,0,0,0.00,0,0
22,26,3,1.82,1,2.52,594020,Y2,,,0,14.956,clean,0,0,0.00,0,0
22,27,3,1.81,1,2.38,1341730,Y4,,,0,14.972,clean,0,0,0.00,0,0
22,28,3,1.73,1,2.63,1082003,Y2,,,0,14.571,clean,0,0,0.00,0,0
22,29,3,1.87,1,2.46,536978,Y2,,,0,14.381,clean,0,0,0.00,0,0
22,30,3,1.45,1,2.41,615835,Y4,,,0,14.145,clean,0,0,0.00,0,0
22,31,3,1.80,1,2.40,357896,Y4,,,0,13.876,clean,0,0,0.00,0,0
22,32,3,1.35,1305,2.48,523031,Y4,,,0,13.636,clean,0,0,0.00,0,0
22,33,3,1.82,1,2.33,773907,Y4,,,0,13.511,clean,0,0,0.00,0,0
22,34,3,1.59,1,2.57,38356,Y2,,,0,13.489,clean,0,0,0.00,0,0
22,35,3,1.73,1,2.36,136167,Y2,,,0,13.559,clean,0,0,0.00,0,0
22,36,3,1.75,1,2.50,1223356,Y2,,,0,13.669,clean,0,0,0.00,0,0
22,37,3,1.70,1,2.35,246495,Y4,,,0,13.629,clean,0,0,0.00,0,0
22,38,3,1.73,1,2.31,45866,Y2,,,0,13.509,clean,0,0,0.00,0,0
22,39,3,1.80,1,2.46,586778,Y2,,,0,13.461,clean,0,0,0.00,0,0
22,40,3,1.73,1,2.26,800639,Y2,,,0,13.405,clean,0,0,0.00,0,0
22,41,3,1.71,1,2.28,1126528,Y2,,,0,13.426,clean,0,0,0.00,0,0
22,42,3,2.12,1,2.36,908464,Y2,,,0,13.379,clean,0,0,0.00,0,0
22,43,3,1.54,1,2.46,977665,Y4,,,0,13.285,clean,0,0,0.00,0,0
22,44,3,1.67,1,2.46,1071453,Y4,,,0,13.099,clean,0,0,0.00,0,0
22,45,3,1.75,1,2.55,431031,Y2,,,0,12.943,clean,0,0,0.00,0,0
22,46,3,1.78,1,2.19,142694,Y2,,,0,12.743,clean,0,0,0.00,0,0
22,47,3,2.02,1,2.34,124544,Y2,,,0,12.522,clean,0,0,0.00,0,0
22,48,3,3.22,1,2.38,767112,Y2,0.24/noise-like,0.24/noise-like,0,12.149,hump-note,0,0,0.00,0,0
22,49,3,1.96,1,2.38,28789,Y4,,,0,11.745,clean,0,0,0.00,0,0
22,50,3,1.82,1,2.29,760227,Y4,,,0,11.418,clean,0,0,0.00,0,0
22,51,3,2.17,1,2.64,1464576,Y2,,,0,11.112,clean,0,0,0.00,0,0
22,52,3,1.96,1,2.57,629693,Y2,,,0,10.892,clean,0,0,0.00,0,0
22,53,3,1.99,1,2.23,1067519,Y4,,,0,10.647,clean,0,0,0.00,0,0
22,54,3,2.05,1,2.27,709713,Y4,,,0,10.298,clean,0,0,0.00,0,0
22,55,3,2.32,1,2.27,416547,Y2,,,0,9.808,clean,0,0,0.00,0,0
22,56,3,2.46,1,2.52,978917,Y2,,,0,9.193,clean,0,0,0.00,0,0
22,57,3,2.66,1,2.46,378549,Y4,0.00/noise-like,0.00/noise-like,0,8.507,hump-note,0,0,0.00,0,0
22,58,3,3.19,1,2.34,929028,Y2,0.00/noise-like,0.00/noise-like,0,7.917,hump-note,0,0,0.00,0,0
22,59,3,0,-1,0,0,-,,,0,7.255,QUARANTINE:dark-lane range=63 distinct=61,0,0,0.00,0,0
22,60,3,0,-1,0,0,-,,,0,6.427,QUARANTINE:dark-lane range=54 distinct=54,0,0,0.00,0,0
22,61,3,0,-1,0,0,-,,,0,5.574,QUARANTINE:dark-lane range=48 distinct=49,0,0,0.00,0,0
22,62,3,0,-1,0,0,-,,,0,4.688,QUARANTINE:dark-lane range=44 distinct=43,0,0,0.00,0,0
22,63,3,0,-1,0,0,-,,,0,3.929,QUARANTINE:dark-lane range=38 distinct=37,0,0,0.00,0,0
23,0,3,3.44,1,2.52,862509,Y4,0.24/noise-like,0.24/noise-like,0,19.653,hump-note,0,0,0.00,0,0
23,1,3,1.36,1176,2.50,165135,Y4,,,0,19.592,clean,0,0,0.00,0,0
23,2,3,1.35,1,2.36,1236230,Y4,,,0,19.558,clean,0,0,0.00,0,0
23,3,3,1.37,457,2.42,705600,Y4,,,0,19.645,clean,0,0,0.00,0,0
23,4,3,1.42,1342,2.48,458032,Y2,,,0,19.768,clean,0,0,0.00,0,0
23,5,3,1.44,1,2.42,945657,Y2,,,0,19.521,clean,0,0,0.00,0,0
23,6,3,1.72,1,2.37,1067877,Y2,,,0,19.291,clean,0,0,0.00,0,0
23,7,3,1.41,1131,2.77,714809,Y2,,,0,19.082,clean,0,0,0.00,0,0
23,8,3,1.31,416,2.45,1460642,Y2,,,0,18.785,clean,0,0,0.00,0,0
23,9,3,1.51,1,2.84,366747,Y4,,,0,18.398,clean,0,0,0.00,0,0
23,10,3,1.39,1,2.40,1235247,Y2,,,0,18.053,clean,0,0,0.00,0,0
23,11,3,1.42,1,2.37,4113,Y4,,,0,17.664,clean,0,0,0.00,0,0
23,12,3,1.37,1070,2.41,330716,Y2,,,0,17.187,clean,0,0,0.00,0,0
23,13,3,1.67,1,2.46,214487,Y2,,,0,16.761,clean,0,0,0.00,0,0
23,14,3,1.56,1,2.87,417709,Y4,,,0,16.417,clean,0,0,0.00,0,0
23,15,3,1.51,1,2.54,826746,Y4,,,0,16.255,clean,0,0,0.00,0,0
23,16,3,1.64,1,2.34,92894,Y2,,,0,16.291,clean,0,0,0.00,0,0
23,17,3,1.39,1,2.40,715166,Y2,,,0,16.471,clean,0,0,0.00,0,0
23,18,3,1.63,708,2.30,506401,Y4,,,0,17.724,clean,0,0,0.00,0,0
23,19,3,1.55,1,2.49,894,Y4,,,0,16.398,clean,0,0,0.00,0,0
23,20,3,1.56,1,2.33,10908,Y4,,,0,16.085,clean,0,0,0.00,0,0
23,21,3,1.39,115,2.87,502020,Y4,,,0,15.942,clean,0,0,0.00,0,0
23,22,3,1.65,1,2.57,854552,Y4,,,0,15.941,clean,0,0,0.00,0,0
23,23,3,1.54,1,2.37,409126,Y4,,,0,15.891,clean,0,0,0.00,0,0
23,24,3,1.75,1,2.35,689149,Y2,,,0,15.788,clean,0,0,0.00,0,0
23,25,3,1.69,1,2.55,599921,Y4,,,0,15.417,clean,0,0,0.00,0,0
23,26,3,1.44,1,2.39,1178652,Y2,,,0,15.004,clean,0,0,0.00,0,0
23,27,3,1.66,1,2.58,612438,Y2,,,0,14.973,clean,0,0,0.00,0,0
23,28,3,1.66,1,2.37,1165241,Y2,,,0,14.590,clean,0,0,0.00,0,0
23,29,3,1.61,1,2.51,1400739,Y2,,,0,14.397,clean,0,0,0.00,0,0
23,30,3,1.64,1,2.35,203222,Y2,,,0,14.130,clean,0,0,0.00,0,0
23,31,3,1.52,1,2.66,267595,Y2,,,0,13.867,clean,0,0,0.00,0,0
23,32,3,1.36,350,2.31,94771,Y2,,,0,13.636,clean,0,0,0.00,0,0
23,33,3,1.74,1,2.46,1444101,Y2,,,0,13.512,clean,0,0,0.00,0,0
23,34,3,1.81,1,2.32,975966,Y2,,,0,13.521,clean,0,0,0.00,0,0
23,35,3,1.97,1,2.43,1152009,Y4,,,0,13.559,clean,0,0,0.00,0,0
23,36,3,1.74,1,2.53,1299262,Y2,,,0,13.683,clean,0,0,0.00,0,0
23,37,3,1.52,1,2.40,1244813,Y2,,,0,13.621,clean,0,0,0.00,0,0
23,38,3,1.52,1,2.23,1253039,Y2,,,0,13.481,clean,0,0,0.00,0,0
23,39,3,1.61,1,2.40,1395106,Y2,,,0,13.451,clean,0,0,0.00,0,0
23,40,3,2.06,1,2.62,102818,Y4,,,0,13.409,clean,0,0,0.00,0,0
23,41,3,1.75,1,2.61,280648,Y4,,,0,13.403,clean,0,0,0.00,0,0
23,42,3,1.92,1,2.43,75191,Y4,,,0,13.408,clean,0,0,0.00,0,0
23,43,3,2.15,1,2.46,1088530,Y2,,,0,13.297,clean,0,0,0.00,0,0
23,44,3,1.57,1,2.24,272155,Y2,,,0,13.097,clean,0,0,0.00,0,0
23,45,3,1.74,1,2.54,550836,Y2,,,0,12.930,clean,0,0,0.00,0,0
23,46,3,1.78,1,2.65,265986,Y2,,,0,12.767,clean,0,0,0.00,0,0
23,47,3,1.80,1,2.30,1435071,Y2,,,0,12.519,clean,0,0,0.00,0,0
23,48,3,3.06,1,2.51,320345,Y4,0.00/noise-like,0.00/noise-like,0,12.136,hump-note,0,0,0.00,0,0
23,49,3,1.95,1,2.40,1341552,Y2,,,0,11.749,clean,0,0,0.00,0,0
23,50,3,2.17,1,2.59,1334846,Y4,,,0,11.444,clean,0,0,0.00,0,0
23,51,3,2.06,1,2.43,5901,Y4,,,0,11.122,clean,0,0,0.00,0,0
23,52,3,1.92,1,2.35,830412,Y2,,,0,10.865,clean,0,0,0.00,0,0
23,53,3,2.25,1,2.36,1416385,Y2,,,0,10.659,clean,0,0,0.00,0,0
23,54,3,2.17,1,2.29,151902,Y4,,,0,10.295,clean,0,0,0.00,0,0
23,55,3,2.54,1,2.40,316232,Y4,0.00/noise-like,0.42/WATCH,0,9.822,hump-note,0,0,0.00,0,0
23,56,3,2.77,1,2.31,748605,Y4,0.24/noise-like,0.00/noise-like,0,9.189,hump-note,0,0,0.00,0,0
23,57,3,2.83,1,2.33,879854,Y2,0.00/noise-like,0.00/noise-like,0,8.503,hump-note,0,0,0.00,0,0
23,58,3,3.11,1,2.39,1438558,Y2,0.00/noise-like,0.00/noise-like,0,7.928,hump-note,0,0,0.00,0,0
23,59,3,0,-1,0,0,-,,,0,7.260,QUARANTINE:dark-lane range=62 distinct=62,0,0,0.00,0,0
23,60,3,0,-1,0,0,-,,,0,6.431,QUARANTINE:dark-lane range=56 distinct=55,0,0,0.00,0,0
23,61,3,0,-1,0,0,-,,,0,5.577,QUARANTINE:dark-lane range=50 distinct=50,0,0,0.00,0,0
23,62,3,0,-1,0,0,-,,,0,4.693,QUARANTINE:dark-lane range=42 distinct=41,0,0,0.00,0,0
23,63,3,0,-1,0,0,-,,,0,3.929,QUARANTINE:dark-lane range=35 distinct=36,0,0,0.00,0,0
24,0,3,3.35,1,2.35,624329,Y4,0.00/noise-like,0.24/noise-like,0,19.636,hump-note,0,0,0.00,0,0
24,1,3,1.35,852,2.53,1227200,Y4,,,0,19.592,clean,0,0,0.00,0,0
24,2,3,1.38,1,2.61,1334667,Y4,,,0,19.568,clean,0,0,0.00,0,0
24,3,3,1.42,1,2.25,1460642,Y2,,,0,19.657,clean,0,0,0.00,0,0
24,4,3,1.46,1221,2.30,792861,Y2,,,0,19.787,clean,0,0,0.00,0,0
24,5,3,1.47,1,2.43,777036,Y4,,,0,19.533,clean,0,0,0.00,0,0
24,6,3,1.46,1476,2.54,966668,Y2,,,0,19.296,clean,0,0,0.00,0,0
24,7,3,1.49,1,2.22,592053,Y2,,,0,19.127,clean,0,0,0.00,0,0
24,8,3,1.34,258,2.49,865102,Y4,,,0,18.760,clean,0,0,0.00,0,0
24,9,3,1.55,1,2.31,887632,Y4,,,0,18.380,clean,0,0,0.00,0,0
24,10,3,1.43,1,2.43,824243,Y4,,,0,18.046,clean,0,0,0.00,0,0
24,11,3,1.43,1,2.33,1239359,Y2,,,0,17.681,clean,0,0,0.00,0,0
24,12,3,1.67,1,2.39,554949,Y2,,,0,17.188,clean,0,0,0.00,0,0
24,13,3,1.41,1,2.60,284493,Y2,,,0,16.734,clean,0,0,0.00,0,0
24,14,3,1.37,1,2.22,1002699,Y2,,,0,16.442,clean,0,0,0.00,0,0
24,15,3,1.92,1,2.43,338942,Y2,,,0,16.245,clean,0,0,0.00,0,0
24,16,3,1.46,1242,2.26,240147,Y4,,,0,16.299,clean,0,0,0.00,0,0
24,17,3,1.54,1,2.80,454277,Y2,,,0,16.454,clean,0,0,0.00,0,0
24,18,3,1.61,801,2.41,198662,Y2,,,0,17.708,clean,0,0,0.00,0,0
24,19,3,1.66,1,2.25,244796,Y4,,,0,16.391,clean,0,0,0.00,0,0
24,20,3,1.60,1,2.52,757635,Y2,,,0,16.100,clean,0,0,0.00,0,0
24,21,3,1.57,1,2.43,185519,Y2,,,0,15.947,clean,0,0,0.00,0,0
24,22,3,1.46,348,2.28,1400650,Y2,,,0,15.901,clean,0,0,0.00,0,0
24,23,3,1.44,1,2.74,1423538,Y4,,,0,15.916,clean,0,0,0.00,0,0
24,24,3,1.47,1,2.42,794649,Y4,,,0,15.807,clean,0,0,0.00,0,0
24,25,3,1.53,1,2.39,861436,Y4,,,0,15.429,clean,0,0,0.00,0,0
24,26,3,1.83,1,2.64,456691,Y4,,,0,14.990,clean,0,0,0.00,0,0
24,27,3,1.72,1,2.44,359684,Y4,,,0,14.956,clean,0,0,0.00,0,0
24,28,3,1.37,558,2.47,159681,Y2,,,0,14.578,clean,0,0,0.00,0,0
24,29,3,1.52,1,2.27,221998,Y2,,,0,14.360,clean,0,0,0.00,0,0
24,30,3,1.61,1,2.59,162363,Y2,,,0,14.141,clean,0,0,0.00,0,0
24,31,3,1.56,1,2.39,1453042,Y2,,,0,13.870,clean,0,0,0.00,0,0
24,32,3,1.39,1237,2.43,611097,Y4,,,0,13.624,clean,0,0,0.00,0,0
24,33,3,1.74,1,2.22,1271099,Y2,,,0,13.538,clean,0,0,0.00,0,0
24,34,3,1.72,1,2.39,354052,Y2,,,0,13.504,clean,0,0,0.00,0,0
24,35,3,1.65,1,2.36,64731,Y4,,,0,13.579,clean,0,0,0.00,0,0
24,36,3,1.95,1,2.46,541896,Y2,,,0,13.647,clean,0,0,0.00,0,0
24,37,3,1.59,1,2.43,92357,Y2,,,0,13.637,clean,0,0,0.00,0,0
24,38,3,1.67,1,2.50,363350,Y4,,,0,13.503,clean,0,0,0.00,0,0
24,39,3,1.54,1,2.35,862062,Y4,,,0,13.426,clean,0,0,0.00,0,0
24,40,3,1.99,1,2.37,320345,Y2,,,0,13.422,clean,0,0,0.00,0,0
24,41,3,1.82,1,2.36,686198,Y2,,,0,13.407,clean,0,0,0.00,0,0
24,42,3,1.59,1,2.40,128388,Y2,,,0,13.370,clean,0,0,0.00,0,0
24,43,3,1.52,1,2.38,269562,Y2,,,0,13.303,clean,0,0,0.00,0,0
24,44,3,1.58,1,2.36,85562,Y2,,,0,13.082,clean,0,0,0.00,0,0
24,45,3,1.73,1,2.35,906140,Y2,,,0,12.944,clean,0,0,0.00,0,0
24,46,3,1.90,1,2.65,781149,Y2,,,0,12.745,clean,0,0,0.00,0,0
24,47,3,1.74,1,2.30,458747,Y2,,,0,12.496,clean,0,0,0.00,0,0
24,48,3,3.11,1,2.74,70542,Y4,0.00/noise-like,0.00/noise-like,0,12.156,hump-note,0,0,0.00,0,0
24,49,3,2.08,1,2.53,335187,Y2,,,0,11.741,clean,0,0,0.00,0,0
24,50,3,2.09,1,2.47,1193315,Y2,,,0,11.439,clean,0,0,0.00,0,0
24,51,3,2.11,1,2.62,303537,Y2,,,0,11.102,clean,0,0,0.00,0,0
24,52,3,2.44,1,2.58,320435,Y2,,,0,10.852,clean,0,0,0.00,0,0
24,53,3,2.39,1,2.38,457406,Y2,,,0,10.656,clean,0,0,0.00,0,0
24,54,3,2.22,1,2.39,768095,Y2,,,0,10.295,clean,0,0,0.00,0,0
24,55,3,2.33,1,2.33,1290232,Y4,,,0,9.825,clean,0,0,0.00,0,0
24,56,3,2.66,1,2.58,139475,Y2,0.00/noise-like,0.00/noise-like,0,9.192,hump-note,0,0,0.00,0,0
24,57,3,2.61,1,2.44,824422,Y4,0.24/noise-like,0.24/noise-like,0,8.505,hump-note,0,0,0.00,0,0
24,58,3,2.72,1,2.35,1055539,Y2,0.00/noise-like,0.24/noise-like,0,7.931,hump-note,0,0,0.00,0,0
24,59,3,0,-1,0,0,-,,,0,7.261,QUARANTINE:dark-lane range=59 distinct=60,0,0,0.00,0,0
24,60,3,0,-1,0,0,-,,,0,6.423,QUARANTINE:dark-lane range=59 distinct=56,0,0,0.00,0,0
24,61,3,0,-1,0,0,-,,,0,5.573,QUARANTINE:dark-lane range=52 distinct=51,0,0,0.00,0,0
24,62,3,0,-1,0,0,-,,,0,4.684,QUARANTINE:dark-lane range=37 distinct=38,0,0,0.00,0,0
24,63,3,0,-1,0,0,-,,,0,3.932,QUARANTINE:dark-lane range=34 distinct=34,0,0,0.00,0,0
25,0,3,2.41,1,2.37,967920,Y2,,,0,19.619,clean,0,0,0.00,0,0
25,1,3,1.36,1247,2.45,83774,Y2,,,0,19.571,clean,0,0,0.00,0,0
25,2,3,1.46,1,2.43,1136988,Y4,,,0,19.604,clean,0,0,0.00,0,0
25,3,3,1.37,1,2.63,1156658,Y4,,,0,19.643,clean,0,0,0.00,0,0
25,4,3,1.41,1,2.37,689507,Y2,,,0,19.777,clean,0,0,0.00,0,0
25,5,3,1.42,1487,2.47,798047,Y4,,,0,19.537,clean,0,0,0.00,0,0
25,6,3,1.87,1476,2.44,451326,Y2,,,0,19.299,clean,0,0,0.00,0,0
25,7,3,1.38,1,2.21,1073509,Y4,,,0,19.097,clean,0,0,0.00,0,0
25,8,3,1.53,1,2.36,564158,Y4,,,0,18.775,clean,0,0,0.00,0,0
25,9,3,1.33,399,2.62,267148,Y4,,,0,18.391,clean,0,0,0.00,0,0
25,10,3,1.42,690,2.28,1251876,Y4,,,0,18.070,clean,0,0,0.00,0,0
25,11,3,1.54,1,2.34,206262,Y2,,,0,17.688,clean,0,0,0.00,0,0
25,12,3,1.51,1,2.41,750571,Y4,,,0,17.212,clean,0,0,0.00,0,0
25,13,3,1.37,697,2.32,439972,Y4,,,0,16.762,clean,0,0,0.00,0,0
25,14,3,1.46,1,2.36,1454383,Y4,,,0,16.416,clean,0,0,0.00,0,0
25,15,3,1.37,1,2.58,15378,Y2,,,0,16.241,clean,0,0,0.00,0,0
25,16,3,1.55,1,2.66,71168,Y4,,,0,16.309,clean,0,0,0.00,0,0
25,17,3,1.41,1553,2.40,611722,Y2,,,0,16.468,clean,0,0,0.00,0,0
25,18,3,1.54,780,2.41,1029164,Y4,,,0,17.701,clean,0,0,0.00,0,0
25,19,3,1.39,1,2.40,1385808,Y4,,,0,16.400,clean,0,0,0.00,0,0
25,20,3,1.70,1,2.46,316054,Y4,,,0,16.108,clean,0,0,0.00,0,0
25,21,3,1.54,1,2.49,118107,Y4,,,0,15.951,clean,0,0,0.00,0,0
25,22,3,1.70,1,2.45,1305699,Y4,,,0,15.918,clean,0,0,0.00,0,0
25,23,3,1.71,1,2.53,504702,Y2,,,0,15.893,clean,0,0,0.00,0,0
25,24,3,1.42,1,2.47,191242,Y2,,,0,15.841,clean,0,0,0.00,0,0
25,25,3,1.49,1,2.49,243366,Y2,,,0,15.411,clean,0,0,0.00,0,0
25,26,3,1.73,1,2.62,70810,Y4,,,0,14.973,clean,0,0,0.00,0,0
25,27,3,1.60,631,2.54,913471,Y4,,,0,14.958,clean,0,0,0.00,0,0
25,28,3,1.82,1,2.63,667781,Y4,,,0,14.604,clean,0,0,0.00,0,0
25,29,3,1.77,1,2.26,484496,Y2,,,0,14.414,clean,0,0,0.00,0,0
25,30,3,1.70,1,2.29,1124740,Y2,,,0,14.144,clean,0,0,0.00,0,0
25,31,3,1.61,1,2.50,616461,Y4,,,0,13.863,clean,0,0,0.00,0,0
25,32,3,1.37,52,2.94,1434267,Y2,,,0,13.620,clean,0,0,0.00,0,0
25,33,3,1.61,1,2.46,912219,Y4,,,0,13.526,clean,0,0,0.00,0,0
25,34,3,1.77,1,2.43,1336902,Y4,,,0,13.518,clean,0,0,0.00,0,0
25,35,3,1.92,1,2.37,1264751,Y4,,,0,13.571,clean,0,0,0.00,0,0
25,36,3,1.75,1,2.53,126243,Y4,,,0,13.673,clean,0,0,0.00,0,0
25,37,3,1.49,1,2.32,136971,Y4,,,0,13.637,clean,0,0,0.00,0,0
25,38,3,2.16,1,2.49,1244277,Y2,,,0,13.517,clean,0,0,0.00,0,0
25,39,3,1.69,1,2.42,1146197,Y2,,,0,13.446,clean,0,0,0.00,0,0
25,40,3,1.62,1,2.37,1108915,Y4,,,0,13.411,clean,0,0,0.00,0,0
25,41,3,1.86,1,2.31,1071453,Y2,,,0,13.376,clean,0,0,0.00,0,0
25,42,3,1.90,1,2.24,1073,Y4,,,0,13.400,clean,0,0,0.00,0,0
25,43,3,1.89,1,2.31,331074,Y4,,,0,13.291,clean,0,0,0.00,0,0
25,44,3,1.86,1,2.65,190079,Y2,,,0,13.081,clean,0,0,0.00,0,0
25,45,3,1.79,1,2.29,972301,Y4,,,0,12.935,clean,0,0,0.00,0,0
25,46,3,2.00,1,2.51,983745,Y2,,,0,12.767,clean,0,0,0.00,0,0
25,47,3,1.68,1,2.40,1030594,Y4,,,0,12.510,clean,0,0,0.00,0,0
25,48,3,2.89,1,2.40,1149148,Y2,0.00/noise-like,0.00/noise-like,0,12.154,hump-note,0,0,0.00,0,0
25,49,3,2.13,1,2.42,624597,Y2,,,0,11.779,clean,0,0,0.00,0,0
25,50,3,2.00,1,2.50,695139,Y2,,,1,11.437,clean,0,0,0.00,0,0
25,51,3,2.07,1,2.60,151724,Y4,,,0,11.109,clean,0,0,0.00,0,0
25,52,3,2.15,1,2.44,807434,Y2,,,0,10.886,clean,0,0,0.00,0,0
25,53,3,1.95,1,2.54,1104623,Y4,,,0,10.654,clean,0,0,0.00,0,0
25,54,3,2.31,1,2.48,31024,Y4,,,0,10.283,clean,0,0,0.00,0,0
25,55,3,2.55,1,2.44,1133054,Y4,0.00/noise-like,0.00/noise-like,0,9.817,hump-note,0,0,0.00,0,0
25,56,3,2.95,1,2.40,1335919,Y2,0.00/noise-like,0.00/noise-like,0,9.189,hump-note,0,0,0.00,0,0
25,57,3,2.65,1,2.51,1090407,Y4,0.24/noise-like,0.00/noise-like,0,8.513,hump-note,0,0,0.00,0,0
25,58,3,3.16,1,2.63,809133,Y4,0.00/noise-like,0.00/noise-like,0,7.919,hump-note,0,0,0.00,0,0
25,59,3,0,-1,0,0,-,,,0,7.267,QUARANTINE:dark-lane range=60 distinct=58,0,0,0.00,0,0
25,60,3,0,-1,0,0,-,,,0,6.428,QUARANTINE:dark-lane range=58 distinct=54,0,0,0.00,0,0
25,61,3,0,-1,0,0,-,,,0,5.576,QUARANTINE:dark-lane range=46 distinct=47,0,0,0.00,0,0
25,62,3,0,-1,0,0,-,,,0,4.694,QUARANTINE:dark-lane range=42 distinct=43,0,0,0.00,0,0
25,63,3,0,-1,0,0,-,,,0,3.932,QUARANTINE:dark-lane range=36 distinct=36,0,0,0.00,0,0
26,0,3,2.42,1,2.40,615835,Y4,,,0,19.663,clean,0,0,0.00,0,0
26,1,3,1.43,1,2.44,521421,Y4,,,0,19.607,clean,0,0,0.00,0,0
26,2,3,1.57,1,2.37,1152098,Y2,,,0,19.585,clean,0,0,0.00,0,0
26,3,3,1.37,1,2.49,567019,Y4,,,0,19.646,clean,0,0,0.00,0,0
26,4,3,1.32,619,2.37,1368374,Y4,,,0,19.776,clean,0,0,0.00,0,0
26,5,3,1.46,1,2.39,249982,Y2,,,0,19.502,clean,0,0,0.00,0,0
26,6,3,1.72,1476,2.58,477254,Y4,,,0,19.297,clean,0,0,0.00,0,0
26,7,3,1.33,1289,2.63,490129,Y4,,,0,19.071,clean,0,0,0.00,0,0
26,8,3,1.49,1,2.50,183105,Y4,,,0,18.814,clean,0,0,0.00,0,0
26,9,3,1.36,811,2.39,664830,Y4,,,0,18.427,clean,0,0,0.00,0,0
26,10,3,1.54,1,2.34,727415,Y4,,,0,18.048,clean,0,0,0.00,0,0
26,11,3,1.54,1,2.23,15646,Y4,,,0,17.686,clean,0,0,0.00,0,0
26,12,3,1.37,808,2.41,879943,Y4,,,0,17.185,clean,0,0,0.00,0,0
26,13,3,1.61,1,2.39,681639,Y2,,,0,16.722,clean,0,0,0.00,0,0
26,14,3,1.70,1,2.26,927597,Y2,,,0,16.410,clean,0,0,0.00,0,0
26,15,3,1.53,1,2.43,1129925,Y2,,,0,16.251,clean,0,0,0.00,0,0
26,16,3,1.83,1,2.37,146002,Y4,,,0,16.296,clean,0,0,0.00,0,0
26,17,3,1.43,692,2.55,781685,Y2,,,0,16.435,clean,0,0,0.00,0,0
26,18,3,1.47,835,2.24,374168,Y2,,,0,17.728,clean,0,0,0.00,0,0
26,19,3,1.53,1,2.32,626743,Y2,,,0,16.384,clean,0,0,0.00,0,0
26,20,3,1.63,1,2.48,612974,Y4,,,0,16.087,clean,0,0,0.00,0,0
26,21,3,1.80,1,2.36,1007348,Y2,,,0,15.971,clean,0,0,0.00,0,0
26,22,3,1.51,1,2.42,1011640,Y4,,,0,15.927,clean,0,0,0.00,0,0
26,23,3,1.42,1,2.30,607431,Y2,,,0,15.909,clean,0,0,0.00,0,0
26,24,3,1.50,1,2.58,152797,Y2,,,0,15.807,clean,0,0,0.00,0,0
26,25,3,1.54,1,2.29,279486,Y2,,,0,15.411,clean,0,0,0.00,0,0
26,26,3,1.53,1,2.36,236660,Y2,,,0,14.973,clean,0,0,0.00,0,0
26,27,3,1.74,1,2.64,414759,Y2,,,0,14.961,clean,0,0,0.00,0,0
26,28,3,1.77,1,2.49,1318753,Y4,,,0,14.588,clean,0,0,0.00,0,0
26,29,3,1.61,1,2.43,1314998,Y2,,,0,14.394,clean,0,0,0.00,0,0
26,30,3,1.60,1,2.16,1417011,Y2,,,0,14.140,clean,0,0,0.00,0,0
26,31,3,1.56,1,2.28,209481,Y2,,,0,13.886,clean,0,0,0.00,0,0
26,32,3,1.37,1019,2.52,173450,Y4,,,0,13.629,clean,0,0,0.00,0,0
26,33,3,2.04,1,2.27,1245171,Y2,,,0,13.535,clean,0,0,0.00,0,0
26,34,3,1.69,1,2.25,533760,Y4,,,0,13.511,clean,0,0,0.00,0,0
26,35,3,2.08,1,2.35,943959,Y2,,,0,13.583,clean,0,0,0.00,0,0
26,36,3,1.68,1,2.40,540644,Y4,,,0,13.671,clean,0,0,0.00,0,0
26,37,3,1.81,1,2.27,1440078,Y4,,,0,13.645,clean,0,0,0.00,0,0
26,38,3,1.74,1,2.44,621468,Y2,,,0,13.500,clean,0,0,0.00,0,0
26,39,3,1.83,1,2.65,1168638,Y2,,,0,13.443,clean,0,0,0.00,0,0
26,40,3,1.89,1,2.59,313997,Y2,,,0,13.397,clean,0,0,0.00,0,0
26,41,3,1.65,1,2.35,849187,Y2,,,0,13.391,clean,0,0,0.00,0,0
26,42,3,1.71,1,2.61,862867,Y4,,,0,13.372,clean,0,0,0.00,0,0
26,43,3,2.13,1,2.28,1461178,Y2,,,0,13.313,clean,0,0,0.00,0,0
26,44,3,1.96,1,2.61,1240164,Y4,,,0,13.104,clean,0,0,0.00,0,0
26,45,3,2.17,1,2.47,366837,Y4,,,0,12.904,clean,0,0,0.00,0,0
26,46,3,1.65,1,2.36,596702,Y2,,,0,12.772,clean,0,0,0.00,0,0
26,47,3,2.11,1,2.53,32097,Y2,,,0,12.525,clean,0,0,0.00,0,0
26,48,3,3.49,1,2.27,118554,Y2,0.00/noise-like,0.00/noise-like,0,12.146,hump-note,0,0,0.00,0,0
26,49,3,2.14,1,2.37,234514,Y4,,,0,11.726,clean,0,0,0.00,0,0
26,50,3,1.91,1,2.28,1347721,Y4,,,0,11.420,clean,0,0,0.00,0,0
26,51,3,2.16,1,2.30,135452,Y4,,,0,11.112,clean,0,0,0.00,0,0
26,52,3,2.34,1,2.25,174522,Y2,,,0,10.878,clean,0,0,0.00,0,0
26,53,3,2.13,1,2.39,701398,Y4,,,0,10.669,clean,0,0,0.00,0,0
26,54,3,2.25,1,2.97,776857,Y2,,,0,10.305,clean,0,0,0.00,0,0
26,55,3,2.60,1,2.63,102460,Y2,0.00/noise-like,0.00/noise-like,0,9.818,hump-note,0,0,0.00,0,0
26,56,3,2.61,1,2.30,275016,Y2,0.00/noise-like,0.24/noise-like,0,9.185,hump-note,0,0,0.00,0,0
26,57,3,2.58,1,2.32,700861,Y4,0.00/noise-like,0.24/noise-like,0,8.526,hump-note,0,0,0.00,0,0
26,58,3,3.04,1,2.27,1371235,Y4,0.24/noise-like,0.00/noise-like,0,7.925,hump-note,0,0,0.00,0,0
26,59,3,0,-1,0,0,-,,,0,7.254,QUARANTINE:dark-lane range=66 distinct=63,0,0,0.00,0,0
26,60,3,0,-1,0,0,-,,,0,6.424,QUARANTINE:dark-lane range=67 distinct=57,0,0,0.00,0,0
26,61,3,0,-1,0,0,-,,,1,5.602,QUARANTINE:dark-lane range=48 distinct=49,0,0,0.00,0,0
26,62,3,0,-1,0,0,-,,,0,4.693,QUARANTINE:dark-lane range=43 distinct=42,0,0,0.00,0,0
26,63,3,0,-1,0,0,-,,,0,3.930,QUARANTINE:dark-lane range=35 distinct=35,0,0,0.00,0,0
27,0,3,2.55,1,2.44,712663,Y2,0.00/noise-like,0.00/noise-like,0,19.644,hump-note,0,0,0.00,0,0
27,1,3,1.46,1,2.40,287354,Y4,,,0,19.600,clean,0,0,0.00,0,0
27,2,3,1.54,1,2.46,799656,Y2,,,0,19.524,clean,0,0,0.00,0,0
27,3,3,1.38,1,2.34,1151204,Y4,,,0,19.686,clean,0,0,0.00,0,0
27,4,3,1.52,1,2.52,279307,Y2,,,0,19.780,clean,0,0,0.00,0,0
27,5,3,1.39,953,2.41,204831,Y2,,,0,19.535,clean,0,0,0.00,0,0
27,6,3,1.60,1476,2.31,119001,Y2,,,0,19.285,clean,0,0,0.00,0,0
27,7,3,1.45,1,2.35,898540,Y2,,,0,19.082,clean,0,0,0.00,0,0
27,8,3,1.40,12,2.39,1076549,Y4,,,0,18.788,clean,0,0,0.00,0,0
27,9,3,1.40,1,2.58,960499,Y4,,,0,18.390,clean,0,0,0.00,0,0
27,10,3,1.34,655,2.60,1203239,Y2,,,0,18.059,clean,0,0,0.00,0,0
27,11,3,1.39,520,2.30,1420140,Y2,,,0,17.631,clean,0,0,0.00,0,0
27,12,3,1.35,1,2.31,22441,Y2,,,0,17.181,clean,0,0,0.00,0,0
27,13,3,1.87,1,2.51,559866,Y4,,,0,16.738,clean,0,0,0.00,0,0
27,14,3,1.59,1,2.55,162005,Y4,,,0,16.421,clean,0,0,0.00,0,0
27,15,3,1.46,1,2.42,439703,Y2,,,0,16.259,clean,0,0,0.00,0,0
27,16,3,1.80,1,2.28,566661,Y2,,,0,16.303,clean,0,0,0.00,0,0
27,17,3,1.65,1,2.38,230581,Y4,,,0,16.461,clean,0,0,0.00,0,0
27,18,3,1.48,844,2.65,246406,Y2,,,0,17.732,clean,0,0,0.00,0,0
27,19,3,1.33,344,2.32,1438022,Y4,,,0,16.414,clean,0,0,0.00,0,0
27,20,3,1.78,1,2.46,33170,Y4,,,0,16.116,clean,0,0,0.00,0,0
27,21,3,1.49,1,2.41,157893,Y2,,,0,15.907,clean,0,0,0.00,0,0
27,22,3,1.84,1,2.39,1410931,Y4,,,0,15.928,clean,0,0,0.00,0,0
27,23,3,1.49,1,2.51,626743,Y4,,,0,15.896,clean,0,0,0.00,0,0
27,24,3,1.50,1,2.32,17256,Y2,,,0,15.799,clean,0,0,0.00,0,0
27,25,3,1.46,1,2.41,1174986,Y4,,,0,15.411,clean,0,0,0.00,0,0
27,26,3,1.70,1,2.41,89675,Y4,,,0,14.988,clean,0,0,0.00,0,0
27,27,3,1.65,625,2.56,435054,Y4,,,0,14.981,clean,0,0,0.00,0,0
27,28,3,1.62,1,2.42,15467,Y4,,,0,14.564,clean,0,0,0.00,0,0
27,29,3,1.51,1,2.43,517666,Y4,,,0,14.413,clean,0,0,0.00,0,0
27,30,3,1.85,1,2.50,271171,Y4,,,0,14.145,clean,0,0,0.00,0,0
27,31,3,1.79,1,2.39,1368105,Y2,,,0,13.878,clean,0,0,0.00,0,0
27,32,3,1.47,1,2.40,867605,Y2,,,0,13.623,clean,0,0,0.00,0,0
27,33,3,1.86,1,2.62,141531,Y2,,,0,13.515,clean,0,0,0.00,0,0
27,34,3,2.04,1,2.41,902832,Y4,,,0,13.516,clean,0,0,0.00,0,0
27,35,3,1.72,1,2.35,191242,Y4,,,0,13.535,clean,0,0,0.00,0,0
27,36,3,1.59,1,2.41,1179814,Y2,,,0,13.662,clean,0,0,0.00,0,0
27,37,3,1.57,1,2.44,42647,Y4,,,0,13.619,clean,0,0,0.00,0,0
27,38,3,1.75,1,2.22,839353,Y2,,,0,13.484,clean,0,0,0.00,0,0
27,39,3,1.62,1,2.26,1231849,Y4,,,0,13.452,clean,0,0,0.00,0,0
27,40,3,1.56,1,2.34,929564,Y2,,,0,13.421,clean,0,0,0.00,0,0
27,41,3,1.52,1,2.43,1298994,Y2,,,0,13.392,clean,0,0,0.00,0,0
27,42,3,1.52,1,2.22,155568,Y2,,,0,13.374,clean,0,0,0.00,0,0
27,43,3,1.84,1,2.37,1183391,Y2,,,0,13.304,clean,0,0,0.00,0,0
27,44,3,1.70,1,2.29,171840,Y2,,,0,13.085,clean,0,0,0.00,0,0
27,45,3,1.80,1,2.34,206262,Y4,,,0,12.929,clean,0,0,0.00,0,0
27,46,3,1.77,1,2.56,1314729,Y2,,,0,12.768,clean,0,0,0.00,0,0
27,47,3,1.70,1,2.51,562817,Y4,,,0,12.532,clean,0,0,0.00,0,0
27,48,3,3.47,1,2.49,432014,Y4,0.00/noise-like,0.00/noise-like,0,12.156,hump-note,0,0,0.00,0,0
27,49,3,1.81,1,2.32,1024604,Y4,,,0,11.761,clean,0,0,0.00,0,0
27,50,3,2.16,1,2.51,70274,Y2,,,0,11.418,clean,0,0,0.00,0,0
27,51,3,1.96,1,2.28,1290679,Y4,,,0,11.109,clean,0,0,0.00,0,0
27,52,3,2.21,1,2.25,74744,Y4,,,0,10.876,clean,0,0,0.00,0,0
27,53,3,2.04,1,2.48,1142353,Y2,,,0,10.656,clean,0,0,0.00,0,0
27,54,3,2.53,1,2.46,906944,Y4,0.00/noise-like,0.00/noise-like,0,10.290,hump-note,0,0,0.00,0,0
27,55,3,2.29,1,2.21,177830,Y2,,,0,9.830,clean,0,0,0.00,0,0
27,56,3,2.59,1,2.51,1266718,Y4,0.00/noise-like,0.00/noise-like,0,9.189,hump-note,0,0,0.00,0,0
27,57,3,2.96,1,2.43,1120180,Y4,0.00/noise-like,0.24/noise-like,0,8.510,hump-note,0,0,0.00,0,0
27,58,3,3.19,1,2.33,1191169,Y2,0.00/noise-like,0.00/noise-like,0,7.908,hump-note,0,0,0.00,0,0
27,59,3,0,-1,0,0,-,,,0,7.268,QUARANTINE:dark-lane range=63 distinct=62,0,0,0.00,0,0
27,60,3,0,-1,0,0,-,,,0,6.419,QUARANTINE:dark-lane range=60 distinct=58,0,0,0.00,0,0
27,61,3,5.33,1,35.25,1431,Y4,0.00/noise-like,0.00/noise-like,4,5.604,SPECTRAL-LINE,1,179,31.14,0,1
27,62,3,0,-1,0,0,-,,,0,4.689,QUARANTINE:dark-lane range=43 distinct=42,0,0,0.00,0,0
27,63,3,0,-1,0,0,-,,,0,3.935,QUARANTINE:dark-lane range=41 distinct=35,0,0,0.00,0,0
28,0,3,2.63,1,2.44,456512,Y4,0.00/noise-like,0.00/noise-like,0,19.607,hump-note,0,0,0.00,0,0
28,1,3,1.37,1059,2.32,815839,Y2,,,0,19.553,clean,0,0,0.00,0,0
28,2,3,1.61,1,2.51,490218,Y4,,,0,19.563,clean,0,0,0.00,0,0
28,3,3,1.46,1,2.44,984550,Y4,,,0,19.643,clean,0,0,0.00,0,0
28,4,3,1.42,284,2.65,1220226,Y4,,,0,19.789,clean,0,0,0.00,0,0
28,5,3,1.45,1,2.48,1394570,Y2,,,0,19.545,clean,0,0,0.00,0,0
28,6,3,1.75,1476,2.38,1321614,Y4,,,0,19.291,clean,0,0,0.00,0,0
28,7,3,1.38,539,2.40,471175,Y2,,,0,19.082,clean,0,0,0.00,0,0
28,8,3,1.52,1,2.25,957102,Y4,,,0,18.775,clean,0,0,0.00,0,0
28,9,3,1.42,1,2.34,176847,Y4,,,0,18.445,clean,0,0,0.00,0,0
28,10,3,1.36,1005,2.36,1179636,Y2,,,0,18.069,clean,0,0,0.00,0,0
28,11,3,1.55,1,2.30,262946,Y4,,,0,17.689,clean,0,0,0.00,0,0
28,12,3,1.69,1,2.54,849009,Y2,,,0,17.210,clean,0,0,0.00,0,0
28,13,3,1.72,1,2.48,282526,Y2,,,0,16.720,clean,0,0,0.00,0,0
28,14,3,1.41,1,2.42,1094341,Y4,,,0,16.425,clean,0,0,0.00,0,0
28,15,3,1.63,1,2.54,56148,Y2,,,0,16.267,clean,0,0,0.00,0,0
28,16,3,1.74,1,2.42,559688,Y2,,,0,16.281,clean,0,0,0.00,0,0
28,17,3,1.37,556,2.48,500321,Y4,,,0,16.447,clean,0,0,0.00,0,0
28,18,3,1.57,1,2.33,140816,Y4,,,0,17.768,clean,0,0,0.00,0,0
28,19,3,1.62,1,2.47,1393139,Y2,,,0,16.404,clean,0,0,0.00,0,0
28,20,3,1.60,1,2.51,1284510,Y2,,,0,16.045,clean,0,0,0.00,0,0
28,21,3,1.47,1,2.40,1003504,Y4,,,0,15.945,clean,0,0,0.00,0,0
28,22,3,1.66,1,2.33,144750,Y2,,,0,15.909,clean,0,0,0.00,0,0
28,23,3,1.57,1,2.48,858575,Y2,,,0,15.883,clean,0,0,0.00,0,0
28,24,3,1.74,1,2.28,756383,Y2,,,0,15.798,clean,0,0,0.00,0,0
28,25,3,1.55,1,2.54,1070201,Y4,,,0,15.404,clean,0,0,0.00,0,0
28,26,3,1.63,1,2.70,882804,Y4,,,0,14.999,clean,0,0,0.00,0,0
28,27,3,1.83,1,2.39,532508,Y4,,,0,14.940,clean,0,0,0.00,0,0
28,28,3,1.55,1,2.34,1000911,Y2,,,0,14.587,clean,0,0,0.00,0,0
28,29,3,1.63,1,2.49,79751,Y4,,,0,14.386,clean,0,0,0.00,0,0
28,30,3,1.83,1,2.57,970155,Y2,,,0,14.134,clean,0,0,0.00,0,0
28,31,3,1.70,1,2.70,846058,Y2,,,0,13.886,clean,0,0,0.00,0,0
28,32,3,1.38,878,2.36,777483,Y2,,,0,13.616,clean,0,0,0.00,0,0
28,33,3,1.87,1,2.54,288606,Y4,,,0,13.528,clean,0,0,0.00,0,0
28,34,3,1.61,1,2.52,29594,Y4,,,0,13.521,clean,0,0,0.00,0,0
28,35,3,1.65,1,2.61,214308,Y4,,,0,13.586,clean,0,0,0.00,0,0
28,36,3,1.67,1,2.45,1136184,Y2,,,0,13.656,clean,0,0,0.00,0,0
28,37,3,1.57,1,2.35,1375526,Y2,,,0,13.637,clean,0,0,0.00,0,0
28,38,3,1.78,1,2.31,525266,Y2,,,0,13.490,clean,0,0,0.00,0,0
28,39,3,1.80,1,2.48,140280,Y4,,,0,13.429,clean,0,0,0.00,0,0
28,40,3,1.65,1,2.22,242382,Y4,,,0,13.405,clean,0,0,0.00,0,0
28,41,3,1.45,1,2.33,1002163,Y4,,,0,13.387,clean,0,0,0.00,0,0
28,42,3,1.96,1,2.36,322759,Y4,,,0,13.372,clean,0,0,0.00,0,0
28,43,3,1.89,1,2.32,207067,Y2,,,0,13.292,clean,0,0,0.00,0,0
28,44,3,1.79,1,2.36,194997,Y2,,,0,13.100,clean,0,0,0.00,0,0
28,45,3,1.34,141,2.44,1214147,Y4,,,0,12.959,clean,0,0,0.00,0,0
28,46,3,1.79,1,2.30,1274943,Y4,,,0,12.741,clean,0,0,0.00,0,0
28,47,3,1.85,1,2.34,642121,Y2,,,0,12.505,clean,0,0,0.00,0,0
28,48,3,3.06,1,2.62,92894,Y2,0.24/noise-like,0.00/noise-like,0,12.127,hump-note,0,0,0.00,0,0
28,49,3,1.88,1,2.26,1180172,Y2,,,0,11.740,clean,0,0,0.00,0,0
28,50,3,2.31,1,2.35,728667,Y2,,,0,11.446,clean,0,0,0.00,0,0
28,51,3,2.11,1,2.29,1302212,Y4,,,0,11.130,clean,0,0,0.00,0,0
28,52,3,2.19,1,2.37,213325,Y2,,,0,10.869,clean,0,0,0.00,0,0
28,53,3,2.17,1,2.46,774890,Y4,,,0,10.639,clean,0,0,0.00,0,0
28,54,3,2.62,1,2.27,885844,Y2,0.24/noise-like,0.24/noise-like,0,10.292,hump-note,0,0,0.00,0,0
28,55,3,2.34,1,2.67,946820,Y4,,,0,9.830,clean,0,0,0.00,0,0
28,56,3,2.72,1,2.40,144213,Y4,0.24/noise-like,0.00/noise-like,0,9.183,hump-note,0,0,0.00,0,0
28,57,3,2.78,1,2.37,285387,Y2,0.24/noise-like,0.00/noise-like,0,8.519,hump-note,0,0,0.00,0,0
28,58,3,3.21,1,2.37,841409,Y2,0.00/noise-like,0.24/noise-like,0,7.932,hump-note,0,0,0.00,0,0
28,59,3,0,-1,0,0,-,,,0,7.255,QUARANTINE:dark-lane range=64 distinct=63,0,0,0.00,0,0
28,60,3,0,-1,0,0,-,,,0,6.422,QUARANTINE:dark-lane range=57 distinct=56,0,0,0.00,0,0
28,61,3,0,-1,0,0,-,,,0,5.579,QUARANTINE:dark-lane range=46 distinct=45,0,0,0.00,0,0
28,62,3,0,-1,0,0,-,,,0,4.681,QUARANTINE:dark-lane range=39 distinct=40,0,0,0.00,0,0
28,63,3,0,-1,0,0,-,,,0,3.925,QUARANTINE:dark-lane range=36 distinct=36,0,0,0.00,0,0
29,0,3,2.85,1,2.45,1403600,Y2,0.24/noise-like,0.00/noise-like,0,19.625,hump-note,0,0,0.00,0,0
29,1,3,1.59,1,2.20,305593,Y2,,,0,19.572,clean,0,0,0.00,0,0
29,2,3,1.44,488,2.34,1402616,Y4,,,0,19.568,clean,0,0,0.00,0,0
29,3,3,1.38,1396,2.67,299513,Y4,,,0,19.674,clean,0,0,0.00,0,0
29,4,3,1.39,249,2.38,1344860,Y2,,,0,19.762,clean,0,0,0.00,0,0
29,5,3,1.51,1,2.49,629604,Y4,,,0,19.573,clean,0,0,0.00,0,0
29,6,3,1.55,1,2.42,171840,Y2,,,0,19.311,clean,0,0,0.00,0,0
29,7,3,1.52,1,2.24,667781,Y4,,,0,19.081,clean,0,0,0.00,0,0
29,8,3,1.54,1,2.47,1016825,Y4,,,0,18.790,clean,0,0,0.00,0,0
29,9,3,1.36,1075,2.32,1239270,Y4,,,0,18.425,clean,0,0,0.00,0,0
29,10,3,1.55,1,2.40,601977,Y2,,,0,18.063,clean,0,0,0.00,0,0
29,11,3,1.43,1,2.42,409394,Y2,,,0,17.636,clean,0,0,0.00,0,0
29,12,3,1.74,1,2.56,851512,Y2,,,0,17.203,clean,0,0,0.00,0,0
29,13,3,1.34,799,2.22,1081020,Y4,,,0,16.727,clean,0,0,0.00,0,0
29,14,3,1.39,1,2.30,256419,Y4,,,0,16.426,clean,0,0,0.00,0,0
29,15,3,1.58,1,2.45,917763,Y4,,,0,16.277,clean,0,0,0.00,0,0
29,16,3,1.46,1,2.36,479758,Y2,,,0,16.311,clean,0,0,0.00,0,0
29,17,3,1.41,963,2.56,747085,Y4,,,0,16.452,clean,0,0,0.00,0,0
29,18,3,1.55,877,2.28,710696,Y2,,,0,17.729,clean,0,0,0.00,0,0
29,19,3,1.53,1,2.35,827998,Y2,,,0,16.415,clean,0,0,0.00,0,0
29,20,3,1.57,1,2.21,693440,Y2,,,0,16.096,clean,0,0,0.00,0,0
29,21,3,1.63,1,2.35,266433,Y4,,,0,15.943,clean,0,0,0.00,0,0
29,22,3,1.76,1,2.42,1200914,Y4,,,0,15.918,clean,0,0,0.00,0,0
29,23,3,1.67,1,2.31,128657,Y4,,,0,15.898,clean,0,0,0.00,0,0
29,24,3,1.48,1,2.37,887185,Y2,,,0,15.789,clean,0,0,0.00,0,0
29,25,3,1.67,1,2.36,414133,Y2,,,0,15.407,clean,0,0,0.00,0,0
29,26,3,1.64,1,2.28,1135737,Y2,,,0,14.983,clean,0,0,0.00,0,0
29,27,3,1.77,1,2.24,734478,Y4,,,0,14.950,clean,0,0,0.00,0,0
29,28,3,1.71,1,2.42,376225,Y4,,,0,14.579,clean,0,0,0.00,0,0
29,29,3,1.93,1,2.39,319451,Y2,,,0,14.399,clean,0,0,0.00,0,0
29,30,3,1.67,1,2.22,1192421,Y4,,,0,14.121,clean,0,0,0.00,0,0
29,31,3,1.65,1,2.38,570774,Y2,,,0,13.883,clean,0,0,0.00,0,0
29,32,3,1.45,1438,2.31,707299,Y2,,,0,13.627,clean,0,0,0.00,0,0
29,33,3,1.81,1,2.33,375330,Y2,,,0,13.525,clean,0,0,0.00,0,0
29,34,3,1.74,1,2.42,874758,Y2,,,0,13.484,clean,0,0,0.00,0,0
29,35,3,1.76,1,2.77,1018703,Y4,,,0,13.566,clean,0,0,0.00,0,0
29,36,3,1.66,1,2.25,153959,Y2,,,0,13.672,clean,0,0,0.00,0,0
29,37,3,2.09,1,2.33,870019,Y4,,,0,13.612,clean,0,0,0.00,0,0
29,38,3,1.80,1,2.32,1435965,Y4,,,0,13.511,clean,0,0,0.00,0,0
29,39,3,1.98,1,2.42,1098543,Y4,,,0,13.450,clean,0,0,0.00,0,0
29,40,3,1.95,1,2.54,34779,Y4,,,0,13.414,clean,0,0,0.00,0,0
29,41,3,1.75,1,2.40,55611,Y2,,,0,13.390,clean,0,0,0.00,0,0
29,42,3,1.81,1,2.40,310242,Y4,,,0,13.354,clean,0,0,0.00,0,0
29,43,3,1.95,1,2.58,1089245,Y4,,,0,13.289,clean,0,0,0.00,0,0
29,44,3,1.79,1,2.36,118732,Y2,,,0,13.100,clean,0,0,0.00,0,0
29,45,3,1.82,1,2.36,568092,Y2,,,0,12.935,clean,0,0,0.00,0,0
29,46,3,1.86,1,2.41,323832,Y2,,,0,12.767,clean,0,0,0.00,0,0
29,47,3,1.96,1,2.51,119269,Y2,,,0,12.500,clean,0,0,0.00,0,0
29,48,3,3.15,1,2.26,239432,Y2,0.00/noise-like,0.00/noise-like,0,12.152,hump-note,0,0,0.00,0,0
29,49,3,1.81,1,2.29,179172,Y4,,,0,11.747,clean,0,0,0.00,0,0
29,50,3,2.00,1,2.46,194103,Y2,,,0,11.435,clean,0,0,0.00,0,0
29,51,3,1.87,1,2.41,970066,Y2,,,0,11.095,clean,0,0,0.00,0,0
29,52,3,1.83,1,2.45,290483,Y2,,,0,10.882,clean,0,0,0.00,0,0
29,53,3,2.11,1,2.24,1115978,Y4,,,0,10.642,clean,0,0,0.00,0,0
29,54,3,2.42,1,2.24,754148,Y4,,,0,10.300,clean,0,0,0.00,0,0
29,55,3,2.62,1,2.54,507385,Y4,0.00/noise-like,0.00/noise-like,0,9.824,hump-note,0,0,0.00,0,0
29,56,3,2.47,1,2.38,1073956,Y4,,,0,9.197,clean,0,0,0.00,0,0
29,57,3,2.70,1,2.63,1134932,Y4,0.24/noise-like,0.24/noise-like,0,8.487,hump-note,0,0,0.00,0,0
29,58,3,2.97,1,2.21,1246333,Y2,0.00/noise-like,0.00/noise-like,0,7.923,hump-note,0,0,0.00,0,0
29,59,3,0,-1,0,0,-,,,0,7.255,QUARANTINE:dark-lane range=62 distinct=61,0,0,0.00,0,0
29,60,3,0,-1,0,0,-,,,0,6.416,QUARANTINE:dark-lane range=56 distinct=56,0,0,0.00,0,0
29,61,3,0,-1,0,0,-,,,0,5.586,QUARANTINE:dark-lane range=52 distinct=49,0,0,0.00,0,0
29,62,3,0,-1,0,0,-,,,0,4.686,QUARANTINE:dark-lane range=42 distinct=43,0,0,0.00,0,0
29,63,3,0,-1,0,0,-,,,0,3.927,QUARANTINE:dark-lane range=35 distinct=36,0,0,0.00,0,0
30,0,3,2.45,1,2.28,249714,Y2,,,0,19.593,clean,0,0,0.00,0,0
30,1,3,1.31,1,2.48,681907,Y4,,,0,19.605,clean,0,0,0.00,0,0
30,2,3,1.45,1,2.41,594556,Y4,,,0,19.551,clean,0,0,0.00,0,0
30,3,3,1.48,1,2.33,609666,Y2,,,0,19.684,clean,0,0,0.00,0,0
30,4,3,1.43,1,2.51,295401,Y2,,,0,19.794,clean,0,0,0.00,0,0
30,5,3,1.47,1,2.43,1281470,Y2,,,0,19.551,clean,0,0,0.00,0,0
30,6,3,1.51,1476,2.47,70810,Y4,,,0,19.290,clean,0,0,0.00,0,0
30,7,3,1.40,529,2.36,678599,Y2,,,0,19.057,clean,0,0,0.00,0,0
30,8,3,1.44,1,2.43,128120,Y2,,,0,18.745,clean,0,0,0.00,0,0
30,9,3,1.44,1,2.25,385612,Y2,,,0,18.412,clean,0,0,0.00,0,0
30,10,3,1.36,1047,2.36,866711,Y2,,,0,18.089,clean,0,0,0.00,0,0
30,11,3,1.49,1,2.26,635326,Y2,,,0,17.661,clean,0,0,0.00,0,0
30,12,3,1.42,1,2.29,858486,Y2,,,0,17.166,clean,0,0,0.00,0,0
30,13,3,1.48,1,2.42,1421392,Y2,,,0,16.733,clean,0,0,0.00,0,0
30,14,3,1.51,1,2.59,1129121,Y4,,,0,16.460,clean,0,0,0.00,0,0
30,15,3,1.62,1,2.38,132412,Y2,,,0,16.245,clean,0,0,0.00,0,0
30,16,3,1.36,1432,2.36,816286,Y2,,,0,16.269,clean,0,0,0.00,0,0
30,17,3,1.47,1,2.47,1256883,Y2,,,0,16.413,clean,0,0,0.00,0,0
30,18,3,1.49,834,2.19,1112759,Y2,,,0,17.750,clean,0,0,0.00,0,0
30,19,3,1.37,437,2.34,774443,Y4,,,0,16.401,clean,0,0,0.00,0,0
30,20,3,1.32,636,2.31,140280,Y2,,,0,16.109,clean,0,0,0.00,0,0
30,21,3,1.62,1,2.72,720352,Y4,,,0,15.931,clean,0,0,0.00,0,0
30,22,3,1.38,586,2.28,147611,Y4,,,0,15.919,clean,0,0,0.00,0,0
30,23,3,1.67,1,2.31,1326263,Y4,,,0,15.887,clean,0,0,0.00,0,0
30,24,3,1.39,1,2.59,930011,Y2,,,0,15.788,clean,0,0,0.00,0,0
30,25,3,1.66,1,2.66,711054,Y2,,,0,15.417,clean,0,0,0.00,0,0
30,26,3,1.64,1,2.24,345290,Y4,,,0,15.005,clean,0,0,0.00,0,0
30,27,3,1.69,647,2.40,659466,Y4,,,0,14.968,clean,0,0,0.00,0,0
30,28,3,1.65,1,2.29,73493,Y2,,,0,14.605,clean,0,0,0.00,0,0
30,29,3,1.69,1,2.33,1054108,Y2,,,0,14.383,clean,0,0,0.00,0,0
30,30,3,1.38,1,2.42,223607,Y2,,,0,14.134,clean,0,0,0.00,0,0
30,31,3,1.95,1,2.54,963360,Y4,,,0,13.867,clean,0,0,0.00,0,0
30,32,3,1.34,189,2.33,1029789,Y2,,,0,13.611,clean,0,0,0.00,0,0
30,33,3,1.64,1,2.50,1051605,Y2,,,0,13.525,clean,0,0,0.00,0,0
30,34,3,1.72,1,2.44,34332,Y2,,,0,13.483,clean,0,0,0.00,0,0
30,35,3,2.02,1,2.53,17881,Y2,,,0,13.573,clean,0,0,0.00,0,0
30,36,3,1.70,1,2.44,1357466,Y2,,,0,13.682,clean,0,0,0.00,0,0
30,37,3,1.74,1,2.85,155389,Y2,,,0,13.620,clean,0,0,0.00,0,0
30,38,3,1.86,1,2.42,929117,Y4,,,0,13.505,clean,0,0,0.00,0,0
30,39,3,1.79,1,2.28,912577,Y2,,,0,13.449,clean,0,0,0.00,0,0
30,40,3,1.98,1,2.37,1086563,Y4,,,0,13.425,clean,0,0,0.00,0,0
30,41,3,1.88,1,2.36,1354337,Y4,,,0,13.391,clean,0,0,0.00,0,0
30,42,3,1.88,1,2.26,1287460,Y2,,,0,13.364,clean,0,0,0.00,0,0
30,43,3,1.98,1,2.84,245780,Y2,,,0,13.332,clean,0,0,0.00,0,0
30,44,3,1.80,1,2.26,264823,Y2,,,0,13.083,clean,0,0,0.00,0,0
30,45,3,1.73,1,2.45,33706,Y4,,,0,12.897,clean,0,0,0.00,0,0
30,46,3,1.99,1,2.34,382394,Y2,,,0,12.739,clean,0,0,0.00,0,0
30,47,3,1.81,1,2.38,757903,Y2,,,0,12.526,clean,0,0,0.00,0,0
30,48,3,3.91,1,2.68,1037836,Y4,0.00/noise-like,0.00/noise-like,0,12.136,hump-note,0,0,0.00,0,0
30,49,3,2.08,1,2.40,1204312,Y4,,,0,11.748,clean,0,0,0.00,0,0
30,50,3,2.10,1,2.36,867873,Y2,,,0,11.441,clean,0,0,0.00,0,0
30,51,3,2.16,1,2.34,1209766,Y2,,,0,11.125,clean,0,0,0.00,0,0
30,52,3,2.65,1,2.42,25928,Y2,0.00/noise-like,0.24/noise-like,0,10.891,hump-note,0,0,0.00,0,0
30,53,3,2.20,1,2.38,1047134,Y4,,,0,10.654,clean,0,0,0.00,0,0
30,54,3,2.49,1,2.44,620037,Y2,,,0,10.311,clean,0,0,0.00,0,0
30,55,3,2.53,1,2.38,609040,Y4,0.00/noise-like,0.24/noise-like,0,9.813,hump-note,0,0,0.00,0,0
30,56,3,2.72,1,2.29,89854,Y2,0.00/noise-like,0.24/noise-like,0,9.209,hump-note,0,0,0.00,0,0
30,57,3,2.54,1,2.40,799656,Y2,0.00/noise-like,0.24/noise-like,0,8.508,hump-note,0,0,0.00,0,0
30,58,3,2.76,1,2.38,212163,Y2,0.00/noise-like,0.00/noise-like,0,7.929,hump-note,0,0,0.00,0,0
30,59,3,0,-1,0,0,-,,,0,7.270,QUARANTINE:dark-lane range=63 distinct=63,0,0,0.00,0,0
30,60,3,0,-1,0,0,-,,,0,6.424,QUARANTINE:dark-lane range=57 distinct=56,0,0,0.00,0,0
30,61,3,0,-1,0,0,-,,,0,5.579,QUARANTINE:dark-lane range=47 distinct=48,0,0,0.00,0,0
30,62,3,0,-1,0,0,-,,,0,4.689,QUARANTINE:dark-lane range=38 distinct=39,0,0,0.00,0,0
30,63,3,0,-1,0,0,-,,,0,3.933,QUARANTINE:dark-lane range=33 distinct=34,0,0,0.00,0,0
31,0,3,2.47,1,2.68,50426,Y2,,,0,19.635,clean,0,0,0.00,0,0
31,1,3,1.44,898,2.44,372738,Y4,,,0,19.593,clean,0,0,0.00,0,0
31,2,3,1.48,1,2.45,239164,Y2,,,0,19.594,clean,0,0,0.00,0,0
31,3,3,1.37,918,2.45,292450,Y2,,,0,19.595,clean,0,0,0.00,0,0
31,4,3,1.45,518,2.61,1464844,Y4,,,0,19.785,clean,0,0,0.00,0,0
31,5,3,1.49,1,2.54,123739,Y4,,,0,19.519,clean,0,0,0.00,0,0
31,6,3,1.52,1476,2.37,490308,Y2,,,0,19.305,clean,0,0,0.00,0,0
31,7,3,1.40,83,2.35,304341,Y2,,,0,19.082,clean,0,0,0.00,0,0
31,8,3,1.37,893,2.37,159234,Y2,,,0,18.787,clean,0,0,0.00,0,0
31,9,3,1.56,1,2.39,59456,Y2,,,0,18.414,clean,0,0,0.00,0,0
31,10,3,1.37,1,2.62,46670,Y4,,,0,18.051,clean,0,0,0.00,0,0
31,11,3,1.48,1,2.36,33259,Y2,,,0,17.652,clean,0,0,0.00,0,0
31,12,3,1.65,1,2.48,744581,Y4,,,0,17.220,clean,0,0,0.00,0,0
31,13,3,1.39,1,2.56,406355,Y2,,,0,16.737,clean,0,0,0.00,0,0
31,14,3,1.49,1,2.26,571936,Y2,,,0,16.395,clean,0,0,0.00,0,0
31,15,3,1.51,1,2.30,491291,Y4,,,0,16.216,clean,0,0,0.00,0,0
31,16,3,1.36,1003,2.52,1425236,Y4,,,0,16.295,clean,0,0,0.00,0,0
31,17,3,1.43,1,2.29,1224607,Y2,,,0,16.431,clean,0,0,0.00,0,0
31,18,3,1.63,809,2.36,597328,Y2,,,0,17.742,clean,0,0,0.00,0,0
31,19,3,1.50,1,2.48,1340657,Y2,,,0,16.405,clean,0,0,0.00,0,0
31,20,3,1.53,1,2.39,137508,Y2,,,0,16.055,clean,0,0,0.00,0,0
31,21,3,1.41,892,2.44,375956,Y2,,,0,15.948,clean,0,0,0.00,0,0
31,22,3,1.70,1,2.44,225842,Y2,,,0,15.916,clean,0,0,0.00,0,0
31,23,3,1.54,1,2.22,290930,Y2,,,0,15.912,clean,0,0,0.00,0,0
31,24,3,1.62,1,2.39,355303,Y2,,,0,15.808,clean,0,0,0.00,0,0
31,25,3,1.48,1,2.49,9656,Y4,,,0,15.383,clean,0,0,0.00,0,0
31,26,3,1.50,1,2.47,336796,Y4,,,0,14.989,clean,0,0,0.00,0,0
31,27,3,1.59,650,2.43,1071095,Y4,,,0,14.958,clean,0,0,0.00,0,0
31,28,3,1.64,1,2.43,923038,Y4,,,0,14.584,clean,0,0,0.00,0,0
31,29,3,1.53,1,2.45,837564,Y2,,,0,14.396,clean,0,0,0.00,0,0
31,30,3,1.62,1,2.34,134110,Y2,,,0,14.124,clean,0,0,0.00,0,0
31,31,3,1.51,1,2.44,1314461,Y2,,,0,13.900,clean,0,0,0.00,0,0
31,32,3,1.37,1152,2.55,345826,Y4,,,0,13.645,clean,0,0,0.00,0,0
31,33,3,1.96,1,2.18,449896,Y2,,,0,13.519,clean,0,0,0.00,0,0
31,34,3,1.68,1,2.40,698447,Y4,,,0,13.520,clean,0,0,0.00,0,0
31,35,3,1.61,1,2.48,721246,Y2,,,0,13.585,clean,0,0,0.00,0,0
31,36,3,1.79,1,2.88,1035780,Y2,,,0,13.681,clean,0,0,0.00,0,0
31,37,3,1.66,1,2.30,596166,Y2,,,0,13.630,clean,0,0,0.00,0,0
31,38,3,1.78,1,2.53,1009315,Y2,,,0,13.515,clean,0,0,0.00,0,0
31,39,3,1.71,1,2.39,294507,Y4,,,0,13.453,clean,0,0,0.00,0,0
31,40,3,1.58,1,2.38,877708,Y2,,,0,13.410,clean,0,0,0.00,0,0
31,41,3,1.48,1,2.28,1141459,Y2,,,0,13.385,clean,0,0,0.00,0,0
31,42,3,1.92,1,2.40,1200199,Y2,,,0,13.376,clean,0,0,0.00,0,0
31,43,3,2.20,1,2.45,989646,Y2,,,0,13.332,clean,0,0,0.00,0,0
31,44,3,1.94,1,2.36,893712,Y4,,,0,13.102,clean,0,0,0.00,0,0
31,45,3,1.74,1,2.46,1163095,Y2,,,0,12.907,clean,0,0,0.00,0,0
31,46,3,2.11,1,2.55,892997,Y2,,,0,12.730,clean,0,0,0.00,0,0
31,47,3,1.81,1,2.44,201076,Y2,,,0,12.512,clean,0,0,0.00,0,0
31,48,3,3.28,1,2.28,1878,Y2,0.00/noise-like,0.24/noise-like,0,12.150,hump-note,0,0,0.00,0,0
31,49,3,1.85,1,2.32,841856,Y4,,,0,11.741,clean,0,0,0.00,0,0
31,50,3,1.94,1,2.41,1200736,Y4,,,0,11.434,clean,0,0,0.00,0,0
31,51,3,1.99,1,2.53,91016,Y4,,,0,11.098,clean,0,0,0.00,0,0
31,52,3,2.16,1,2.42,685841,Y2,,,0,10.870,clean,0,0,0.00,0,0
31,53,3,2.46,1,2.34,39428,Y2,,,0,10.659,clean,0,0,0.00,0,0
31,54,3,2.26,1,2.25,1388311,Y2,,,0,10.303,clean,0,0,0.00,0,0
31,55,3,2.40,1,2.44,841498,Y4,,,0,9.805,clean,0,0,0.00,0,0
31,56,3,2.53,1,2.45,178635,Y4,0.00/noise-like,0.24/noise-like,0,9.193,hump-note,0,0,0.00,0,0
31,57,3,3.00,1,2.41,1309454,Y4,0.00/noise-like,0.00/noise-like,0,8.510,hump-note,0,0,0.00,0,0
31,58,3,3.02,1,2.35,1134127,Y2,0.24/noise-like,0.00/noise-like,0,7.913,hump-note,0,0,0.00,0,0
31,59,3,3.67,1,2.53,596523,Y4,0.00/noise-like,0.00/noise-like,0,7.248,hump-note,0,0,0.00,0,0
31,60,3,0,-1,0,0,-,,,0,6.421,QUARANTINE:dark-lane range=57 distinct=57,0,0,0.00,0,0
31,61,3,0,-1,0,0,-,,,0,5.574,QUARANTINE:dark-lane range=46 distinct=47,0,0,0.00,0,0
31,62,3,0,-1,0,0,-,,,0,4.686,QUARANTINE:dark-lane range=43 distinct=43,0,0,0.00,0,0
31,63,3,0,-1,0,0,-,,,0,3.931,QUARANTINE:dark-lane range=34 distinct=34,0,0,0.00,0,0
32,0,3,2.23,1,2.33,1219243,Y2,,,0,19.614,clean,0,0,0.00,0,0
32,1,3,1.35,847,2.76,1003593,Y4,,,0,19.572,clean,0,0,0.00,0,0
32,2,3,1.38,225,2.51,72688,Y2,,,0,19.584,clean,0,0,0.00,0,0
32,3,3,1.36,380,2.38,770599,Y2,,,0,19.626,clean,0,0,0.00,0,0
32,4,3,1.46,1,2.53,1079679,Y4,,,0,19.759,clean,0,0,0.00,0,0
32,5,3,1.44,1064,2.47,272959,Y4,,,0,19.557,clean,0,0,0.00,0,0
32,6,3,1.68,1476,2.24,1032025,Y4,,,0,19.271,clean,0,0,0.00,0,0
32,7,3,1.39,1,2.37,342965,Y2,,,0,19.072,clean,0,0,0.00,0,0
32,8,3,1.43,1,2.24,690669,Y4,,,0,18.824,clean,0,0,0.00,0,0
32,9,3,1.48,1,2.40,750393,Y4,,,0,18.397,clean,0,0,0.00,0,0
32,10,3,1.37,1,2.33,712395,Y4,,,0,18.050,clean,0,0,0.00,0,0
32,11,3,1.47,284,2.39,584275,Y4,,,0,17.689,clean,0,0,0.00,0,0
32,12,3,1.71,1,2.32,119716,Y2,,,0,17.189,clean,0,0,0.00,0,0
32,13,3,1.47,326,2.40,601083,Y4,,,0,16.725,clean,0,0,0.00,0,0
32,14,3,1.51,1,2.32,1439899,Y2,,,0,16.419,clean,0,0,0.00,0,0
32,15,3,1.42,973,2.43,1267612,Y4,,,0,16.227,clean,0,0,0.00,0,0
32,16,3,1.38,1140,2.52,805914,Y2,,,0,16.294,clean,0,0,0.00,0,0
32,17,3,1.64,1,2.36,663042,Y2,,,0,16.453,clean,0,0,0.00,0,0
32,18,3,1.53,750,2.48,120699,Y2,,,0,17.742,clean,0,0,0.00,0,0
32,19,3,1.43,1,2.35,1452863,Y2,,,0,16.382,clean,0,0,0.00,0,0
32,20,3,1.74,1,2.61,1416206,Y2,,,0,16.102,clean,0,0,0.00,0,0
32,21,3,1.56,1,2.64,617802,Y2,,,0,15.916,clean,0,0,0.00,0,0
32,22,3,1.54,1,2.47,62585,Y2,,,0,15.949,clean,0,0,0.00,0,0
32,23,3,1.73,1,2.29,1429349,Y4,,,0,15.896,clean,0,0,0.00,0,0
32,24,3,1.82,1,2.31,660092,Y4,,,0,15.786,clean,0,0,0.00,0,0
32,25,3,1.73,1,2.53,716597,Y4,,,0,15.424,clean,0,0,0.00,0,0
32,26,3,1.50,1,2.35,751823,Y4,,,0,14.999,clean,0,0,0.00,0,0
32,27,3,1.55,621,2.50,537425,Y2,,,0,14.960,clean,0,0,0.00,0,0
32,28,3,1.84,1,2.43,489593,Y4,,,0,14.583,clean,0,0,0.00,0,0
32,29,3,1.58,1,2.41,916958,Y2,,,0,14.368,clean,0,0,0.00,0,0
32,30,3,1.53,1,2.46,914097,Y2,,,0,14.131,clean,0,0,0.00,0,0
32,31,3,1.58,1,2.30,236928,Y2,,,0,13.919,clean,0,0,0.00,0,0
32,32,3,1.36,1,2.53,144750,Y4,,,0,13.640,clean,0,0,0.00,0,0
32,33,3,2.04,1,2.21,653833,Y2,,,0,13.525,clean,0,0,0.00,0,0
32,34,3,1.89,1,2.48,408053,Y4,,,0,13.496,clean,0,0,0.00,0,0
32,35,3,1.79,1,2.50,1158804,Y4,,,0,13.583,clean,0,0,0.00,0,0
32,36,3,1.80,1,2.41,258386,Y2,,,0,13.672,clean,0,0,0.00,0,0
32,37,3,1.67,1,2.28,1239091,Y2,,,0,13.627,clean,0,0,0.00,0,0
32,38,3,1.75,1,2.39,249445,Y2,,,0,13.505,clean,0,0,0.00,0,0
32,39,3,1.92,1,2.32,223607,Y2,,,0,13.459,clean,0,0,0.00,0,0
32,40,3,1.67,1,2.44,878423,Y2,,,0,13.406,clean,0,0,0.00,0,0
32,41,3,1.94,1,2.51,1234978,Y2,,,0,13.410,clean,0,0,0.00,0,0
32,42,3,1.90,1,2.53,658482,Y2,,,0,13.412,clean,0,0,0.00,0,0
32,43,3,1.61,1,2.36,26912,Y4,,,0,13.275,clean,0,0,0.00,0,0
32,44,3,1.75,1,2.61,898004,Y2,,,0,13.114,clean,0,0,0.00,0,0
32,45,3,1.96,1,2.55,278682,Y4,,,0,12.933,clean,0,0,0.00,0,0
32,46,3,2.00,1,2.38,1339942,Y2,,,0,12.745,clean,0,0,0.00,0,0
32,47,3,1.90,1,2.42,959337,Y4,,,0,12.494,clean,0,0,0.00,0,0
32,48,3,3.08,1,2.45,204206,Y2,0.24/noise-like,0.00/noise-like,0,12.141,hump-note,0,0,0.00,0,0
32,49,3,2.02,1,2.75,208497,Y2,,,0,11.759,clean,0,0,0.00,0,0
32,50,3,2.19,1,2.48,196338,Y2,,,0,11.434,clean,0,0,0.00,0,0
32,51,3,1.71,1,2.43,1117051,Y2,,,0,11.118,clean,0,0,0.00,0,0
32,52,3,2.14,1,2.52,1150668,Y4,,,0,10.876,clean,0,0,0.00,0,0
32,53,3,2.06,1,2.30,686914,Y4,,,0,10.657,clean,0,0,0.00,0,0
32,54,3,2.12,1,2.30,1135200,Y4,,,0,10.323,clean,0,0,0.00,0,0
32,55,3,2.39,1,2.51,859290,Y4,,,0,9.809,clean,0,0,0.00,0,0
32,56,3,2.49,1,2.46,321954,Y4,,,0,9.201,clean,0,0,0.00,0,0
32,57,3,2.72,1,2.55,636578,Y2,0.00/noise-like,0.00/noise-like,0,8.517,hump-note,0,0,0.00,0,0
32,58,3,2.64,1,2.37,126868,Y2,0.00/noise-like,0.00/noise-like,0,7.926,hump-note,0,0,0.00,0,0
32,59,3,0,-1,0,0,-,,,0,7.252,QUARANTINE:dark-lane range=63 distinct=62,0,0,0.00,0,0
32,60,3,0,-1,0,0,-,,,0,6.420,QUARANTINE:dark-lane range=54 distinct=55,0,0,0.00,0,0
32,61,3,0,-1,0,0,-,,,0,5.573,QUARANTINE:dark-lane range=48 distinct=49,0,0,0.00,0,0
32,62,3,0,-1,0,0,-,,,0,4.683,QUARANTINE:dark-lane range=41 distinct=41,0,0,0.00,0,0
32,63,3,0,-1,0,0,-,,,0,3.931,QUARANTINE:dark-lane range=33 distinct=34,0,0,0.00,0,0
33,0,3,2.01,1,2.36,515968,Y4,,,0,19.660,clean,0,0,0.00,0,0
33,1,3,1.45,1,2.47,1075655,Y2,,,0,19.576,clean,0,0,0.00,0,0
33,2,3,1.36,1193,2.35,938058,Y2,,,0,19.552,clean,0,0,0.00,0,0
33,3,3,1.41,201,2.46,144392,Y4,,,0,19.646,clean,0,0,0.00,0,0
33,4,3,1.50,1,2.42,1103461,Y4,,,0,19.730,clean,0,0,0.00,0,0
33,5,3,1.36,1,2.22,792146,Y4,,,0,19.522,clean,0,0,0.00,0,0
33,6,3,1.59,1476,2.33,65804,Y4,,,0,19.272,clean,0,0,0.00,0,0
33,7,3,1.47,1,2.62,266969,Y4,,,0,19.078,clean,0,0,0.00,0,0
33,8,3,1.69,1,2.50,1183748,Y4,,,0,18.769,clean,0,0,0.00,0,0
33,9,3,1.38,424,2.52,238270,Y4,,,0,18.421,clean,0,0,0.00,0,0
33,10,3,1.40,1,2.39,1318753,Y4,,,0,18.047,clean,0,0,0.00,0,0
33,11,3,1.47,1,2.46,1142263,Y4,,,0,17.701,clean,0,0,0.00,0,0
33,12,3,1.46,1,2.51,1149327,Y2,,,0,17.188,clean,0,0,0.00,0,0
33,13,3,1.41,232,2.65,220656,Y4,,,0,16.723,clean,0,0,0.00,0,0
33,14,3,1.70,1,2.58,1045793,Y4,,,0,16.424,clean,0,0,0.00,0,0
33,15,3,1.55,1,2.44,922143,Y2,,,0,16.232,clean,0,0,0.00,0,0
33,16,3,1.46,1,2.34,247031,Y2,,,0,16.308,clean,0,0,0.00,0,0
33,17,3,1.37,1230,2.65,878155,Y4,,,0,16.449,clean,0,0,0.00,0,0
33,18,3,1.49,904,2.64,295848,Y2,,,0,17.694,clean,0,0,0.00,0,0
33,19,3,1.39,1,2.42,1069665,Y4,,,0,16.400,clean,0,0,0.00,0,0
33,20,3,1.39,274,2.56,410914,Y2,,,0,16.080,clean,0,0,0.00,0,0
33,21,3,1.63,1,2.41,1348168,Y4,,,0,15.926,clean,0,0,0.00,0,0
33,22,3,1.63,1,2.69,887811,Y2,,,0,15.935,clean,0,0,0.00,0,0
33,23,3,1.60,1,2.47,828445,Y4,,,0,15.906,clean,0,0,0.00,0,0
33,24,3,1.61,1,2.30,770867,Y2,,,0,15.787,clean,0,0,0.00,0,0
33,25,3,1.61,1,2.62,383198,Y2,,,0,15.415,clean,0,0,0.00,0,0
33,26,3,1.52,1,2.52,1460373,Y2,,,0,14.989,clean,0,0,0.00,0,0
33,27,3,1.85,1,2.52,816822,Y2,,,0,14.969,clean,0,0,0.00,0,0
33,28,3,1.76,1,2.24,179,Y4,,,0,14.555,clean,0,0,0.00,0,0
33,29,3,1.80,1,2.63,464648,Y4,,,0,14.386,clean,0,0,0.00,0,0
33,30,3,1.73,1,2.31,549674,Y4,,,0,14.160,clean,0,0,0.00,0,0
33,31,3,1.59,1,2.42,1367748,Y2,,,0,13.900,clean,0,0,0.00,0,0
33,32,3,1.35,1047,2.39,426382,Y4,,,0,13.597,clean,0,0,0.00,0,0
33,33,3,1.86,1,2.48,656962,Y4,,,0,13.523,clean,0,0,0.00,0,0
33,34,3,1.58,1,2.22,680923,Y2,,,0,13.515,clean,0,0,0.00,0,0
33,35,3,1.72,1,2.58,399292,Y2,,,0,13.578,clean,0,0,0.00,0,0
33,36,3,1.66,1,2.58,62138,Y4,,,0,13.676,clean,0,0,0.00,0,0
33,37,3,1.69,1,2.47,453383,Y4,,,0,13.614,clean,0,0,0.00,0,0
33,38,3,1.56,1,2.57,841677,Y2,,,0,13.523,clean,0,0,0.00,0,0
33,39,3,1.82,1,2.60,721157,Y4,,,0,13.434,clean,0,0,0.00,0,0
33,40,3,2.01,1,2.37,96738,Y4,,,0,13.414,clean,0,0,0.00,0,0
33,41,3,1.76,1,2.45,382662,Y4,,,0,13.389,clean,0,0,0.00,0,0
33,42,3,1.81,1,2.37,216454,Y2,,,0,13.392,clean,0,0,0.00,0,0
33,43,3,1.75,1,2.62,1343250,Y2,,,0,13.312,clean,0,0,0.00,0,0
33,44,3,1.72,1,2.70,104874,Y4,,,0,13.124,clean,0,0,0.00,0,0
33,45,3,1.94,1,2.37,1131892,Y4,,,0,12.911,clean,0,0,0.00,0,0
33,46,3,2.13,1,2.39,196964,Y4,,,0,12.764,clean,0,0,0.00,0,0
33,47,3,1.81,1,2.41,271618,Y4,,,0,12.505,clean,0,0,0.00,0,0
33,48,3,3.52,1,2.50,906676,Y2,0.00/noise-like,0.00/noise-like,0,12.148,hump-note,0,0,0.00,0,0
33,49,3,1.84,1,2.30,1208067,Y2,,,0,11.747,clean,0,0,0.00,0,0
33,50,3,1.87,1,2.52,216722,Y2,,,0,11.408,clean,0,0,0.00,0,0
33,51,3,2.03,1,2.36,668764,Y2,,,0,11.097,clean,0,0,0.00,0,0
33,52,3,2.17,1,2.58,1434624,Y2,,,0,10.870,clean,0,0,0.00,0,0
33,53,3,2.22,1,2.40,1413256,Y4,,,0,10.654,clean,0,0,0.00,0,0
33,54,3,2.24,1,2.71,939935,Y4,,,0,10.304,clean,0,0,0.00,0,0
33,55,3,2.51,1,2.41,1203954,Y4,0.00/noise-like,0.00/noise-like,0,9.813,hump-note,0,0,0.00,0,0
33,56,3,2.37,1,2.26,1269758,Y2,,,0,9.200,clean,0,0,0.00,0,0
33,57,3,2.73,1,2.43,395983,Y4,0.00/noise-like,0.00/noise-like,0,8.521,hump-note,0,0,0.00,0,0
33,58,3,3.45,1,2.72,341088,Y4,0.00/noise-like,0.00/noise-like,0,7.927,hump-note,0,0,0.00,0,0
33,59,3,3.19,1,2.51,915617,Y2,0.24/noise-like,0.00/noise-like,0,7.257,hump-note,0,0,0.00,0,0
33,60,3,0,-1,0,0,-,,,0,6.425,QUARANTINE:dark-lane range=56 distinct=55,0,0,0.00,0,0
33,61,3,0,-1,0,0,-,,,0,5.576,QUARANTINE:dark-lane range=56 distinct=51,0,0,0.00,0,0
33,62,3,0,-1,0,0,-,,,0,4.689,QUARANTINE:dark-lane range=42 distinct=42,0,0,0.00,0,0
33,63,3,0,-1,0,0,-,,,0,3.930,QUARANTINE:dark-lane range=38 distinct=35,0,0,0.00,0,0
34,0,3,2.56,1,2.53,1196444,Y2,0.24/noise-like,0.00/noise-like,0,19.627,hump-note,0,0,0.00,0,0
34,1,3,1.38,1607,2.35,434339,Y2,,,0,19.594,clean,0,0,0.00,0,0
34,2,3,1.37,1,2.28,1052052,Y4,,,0,19.541,clean,0,0,0.00,0,0
34,3,3,1.38,140,2.49,1047224,Y4,,,0,19.612,clean,0,0,0.00,0,0
34,4,3,1.42,778,2.46,503451,Y4,,,0,19.819,clean,0,0,0.00,0,0
34,5,3,1.44,1,2.62,949502,Y2,,,0,19.540,clean,0,0,0.00,0,0
34,6,3,1.58,1476,2.40,1205474,Y2,,,0,19.296,clean,0,0,0.00,0,0
34,7,3,1.46,1,2.46,316679,Y2,,,0,19.080,clean,0,0,0.00,0,0
34,8,3,1.33,1246,2.22,65088,Y4,,,0,18.789,clean,0,0,0.00,0,0
34,9,3,1.51,1,2.67,1261979,Y4,,,0,18.429,clean,0,0,0.00,0,0
34,10,3,1.39,1,2.69,65267,Y2,,,0,18.057,clean,0,0,0.00,0,0
34,11,3,1.33,169,2.35,363529,Y4,,,0,17.678,clean,0,0,0.00,0,0
34,12,3,1.50,1,2.43,1445174,Y4,,,0,17.150,clean,0,0,0.00,0,0
34,13,3,1.40,1,2.44,563443,Y4,,,0,16.736,clean,0,0,0.00,0,0
34,14,3,1.49,1,2.42,324368,Y2,,,0,16.439,clean,0,0,0.00,0,0
34,15,3,1.51,1,2.46,232726,Y2,,,0,16.224,clean,0,0,0.00,0,0
34,16,3,1.57,1,2.43,507027,Y4,,,0,16.323,clean,0,0,0.00,0,0
34,17,3,1.77,1,2.37,19222,Y4,,,0,16.430,clean,0,0,0.00,0,0
34,18,3,1.64,738,2.39,1379460,Y2,,,0,17.733,clean,0,0,0.00,0,0
34,19,3,1.49,1,2.33,441045,Y4,,,0,16.380,clean,0,0,0.00,0,0
34,20,3,1.52,1,2.32,880748,Y2,,,0,16.054,clean,0,0,0.00,0,0
34,21,3,1.61,1,2.39,599563,Y2,,,0,15.915,clean,0,0,0.00,0,0
34,22,3,1.56,1,2.64,1095414,Y2,,,0,15.918,clean,0,0,0.00,0,0
34,23,3,1.59,1,2.43,516593,Y2,,,0,15.914,clean,0,0,0.00,0,0
34,24,3,1.42,1,2.52,109345,Y2,,,0,15.793,clean,0,0,0.00,0,0
34,25,3,1.74,1,2.47,1338243,Y2,,,0,15.412,clean,0,0,0.00,0,0
34,26,3,1.72,1,2.51,1015306,Y4,,,0,14.977,clean,0,0,0.00,0,0
34,27,3,1.82,1,2.54,1286387,Y4,,,0,14.974,clean,0,0,0.00,0,0
34,28,3,1.52,1,2.40,711232,Y2,,,0,14.549,clean,0,0,0.00,0,0
34,29,3,1.76,1,2.42,84311,Y2,,,0,14.384,clean,0,0,0.00,0,0
34,30,3,1.76,1,2.59,410914,Y4,,,0,14.119,clean,0,0,0.00,0,0
34,31,3,1.87,1,2.79,350654,Y2,,,0,13.871,clean,0,0,0.00,0,0
34,32,3,1.36,1056,2.49,1096487,Y4,,,0,13.645,clean,0,0,0.00,0,0
34,33,3,1.73,1,2.35,370771,Y2,,,0,13.498,clean,0,0,0.00,0,0
34,34,3,1.86,1,2.45,724465,Y2,,,0,13.543,clean,0,0,0.00,0,0
34,35,3,1.77,1,2.36,12249,Y2,,,0,13.545,clean,0,0,0.00,0,0
34,36,3,1.68,1,2.23,1393408,Y2,,,0,13.643,clean,0,0,0.00,0,0
34,37,3,2.05,1,2.36,169247,Y4,,,0,13.615,clean,0,0,0.00,0,0
34,38,3,1.75,1,2.36,464022,Y2,,,0,13.502,clean,0,0,0.00,0,0
34,39,3,1.76,1,2.31,647396,Y2,,,0,13.451,clean,0,0,0.00,0,0
34,40,3,1.79,1,2.45,152081,Y2,,,0,13.388,clean,0,0,0.00,0,0
34,41,3,2.05,1,2.74,1227915,Y2,,,0,13.393,clean,0,0,0.00,0,0
34,42,3,1.84,1,2.29,752091,Y2,,,0,13.359,clean,0,0,0.00,0,0
34,43,3,1.74,1,2.37,1007706,Y2,,,0,13.313,clean,0,0,0.00,0,0
34,44,3,1.83,1,2.55,1419336,Y2,,,0,13.088,clean,0,0,0.00,0,0
34,45,3,1.79,1,2.41,485927,Y2,,,0,12.946,clean,0,0,0.00,0,0
34,46,3,1.89,1,2.51,395894,Y2,,,0,12.771,clean,0,0,0.00,0,0
34,47,3,1.85,1,2.43,1055449,Y2,,,0,12.492,clean,0,0,0.00,0,0
34,48,3,3.26,1,2.30,1366854,Y2,0.00/noise-like,0.00/noise-like,0,12.121,hump-note,0,0,0.00,0,0
34,49,3,1.96,1,2.29,1170695,Y4,,,0,11.749,clean,0,0,0.00,0,0
34,50,3,2.04,1,2.43,150293,Y2,,,0,11.411,clean,0,0,0.00,0,0
34,51,3,2.06,1,2.51,702471,Y2,,,0,11.098,clean,0,0,0.00,0,0
34,52,3,2.15,1,2.55,1177043,Y4,,,0,10.871,clean,0,0,0.00,0,0
34,53,3,1.79,1,2.48,284225,Y4,,,0,10.637,clean,0,0,0.00,0,0
34,54,3,1.99,1,2.66,677168,Y4,,,0,10.303,clean,0,0,0.00,0,0
34,55,3,2.64,1,2.47,470370,Y4,0.24/noise-like,0.00/noise-like,0,9.816,hump-note,0,0,0.00,0,0
34,56,3,2.90,1,2.51,105321,Y4,0.00/noise-like,0.00/noise-like,0,9.197,hump-note,0,0,0.00,0,0
34,57,3,2.96,1,2.46,257224,Y4,0.00/noise-like,0.00/noise-like,0,8.510,hump-note,0,0,0.00,0,0
34,58,3,3.33,1,2.24,1010478,Y2,0.24/noise-like,0.24/noise-like,0,7.923,hump-note,0,0,0.00,0,0
34,59,3,0,-1,0,0,-,,,0,7.256,QUARANTINE:dark-lane range=62 distinct=60,0,0,0.00,0,0
34,60,3,0,-1,0,0,-,,,0,6.415,QUARANTINE:dark-lane range=55 distinct=53,0,0,0.00,0,0
34,61,3,0,-1,0,0,-,,,0,5.582,QUARANTINE:dark-lane range=49 distinct=49,0,0,0.00,0,0
34,62,3,0,-1,0,0,-,,,0,4.678,QUARANTINE:dark-lane range=43 distinct=42,0,0,0.00,0,0
34,63,3,0,-1,0,0,-,,,0,3.929,QUARANTINE:dark-lane range=33 distinct=34,0,0,0.00,0,0
35,0,3,1.93,1,2.79,74744,Y2,,,0,19.605,clean,0,0,0.00,0,0
35,1,3,1.37,508,2.44,274926,Y2,,,0,19.560,clean,0,0,0.00,0,0
35,2,3,1.37,949,2.35,252128,Y2,,,0,19.548,clean,0,0,0.00,0,0
35,3,3,1.43,1436,2.55,1277000,Y4,,,0,19.642,clean,0,0,0.00,0,0
35,4,3,1.50,1,2.45,1186609,Y2,,,0,19.787,clean,0,0,0.00,0,0
35,5,3,1.42,1,2.49,125349,Y2,,,0,19.511,clean,0,0,0.00,0,0
35,6,3,1.40,1476,2.42,376582,Y4,,,0,19.291,clean,0,0,0.00,0,0
35,7,3,1.38,283,2.35,753790,Y4,,,0,19.023,clean,0,0,0.00,0,0
35,8,3,1.33,345,2.44,1328945,Y4,,,0,18.814,clean,0,0,0.00,0,0
35,9,3,1.64,1,2.28,1463860,Y2,,,0,18.396,clean,0,0,0.00,0,0
35,10,3,1.39,935,2.38,1129836,Y2,,,0,18.040,clean,0,0,0.00,0,0
35,11,3,1.53,1,2.55,1085401,Y2,,,0,17.685,clean,0,0,0.00,0,0
35,12,3,1.76,1,2.54,308365,Y4,,,0,17.172,clean,0,0,0.00,0,0
35,13,3,1.37,1471,2.43,311404,Y4,,,0,16.740,clean,0,0,0.00,0,0
35,14,3,1.64,1,2.16,1373291,Y4,,,0,16.411,clean,0,0,0.00,0,0
35,15,3,1.82,1,2.45,162810,Y4,,,0,16.253,clean,0,0,0.00,0,0
35,16,3,1.47,1192,2.27,640869,Y2,,,0,16.270,clean,0,0,0.00,0,0
35,17,3,1.54,1,2.34,696570,Y4,,,0,16.443,clean,0,0,0.00,0,0
35,18,3,1.54,647,2.59,939667,Y4,,,0,17.726,clean,0,0,0.00,0,0
35,19,3,1.64,1,2.36,1227736,Y4,,,0,16.390,clean,0,0,0.00,0,0
35,20,3,1.55,1,2.18,861704,Y4,,,0,16.057,clean,0,0,0.00,0,0
35,21,3,1.75,1,2.30,1264304,Y4,,,0,15.901,clean,0,0,0.00,0,0
35,22,3,1.47,1,2.26,1403689,Y4,,,0,15.941,clean,0,0,0.00,0,0
35,23,3,1.54,1,2.37,1130641,Y4,,,0,15.897,clean,0,0,0.00,0,0
35,24,3,1.59,1,2.34,1298994,Y2,,,0,15.769,clean,0,0,0.00,0,0
35,25,3,1.45,1241,2.40,578731,Y4,,,0,15.400,clean,0,0,0.00,0,0
35,26,3,1.57,1,2.34,702918,Y4,,,0,14.989,clean,0,0,0.00,0,0
35,27,3,1.65,639,2.59,1057506,Y4,,,0,14.949,clean,0,0,0.00,0,0
35,28,3,1.65,1,2.38,923753,Y4,,,0,14.582,clean,0,0,0.00,0,0
35,29,3,1.49,1,2.29,716150,Y2,,,0,14.368,clean,0,0,0.00,0,0
35,30,3,1.54,1,2.39,614941,Y2,,,0,14.125,clean,0,0,0.00,0,0
35,31,3,1.96,1,2.31,1401186,Y4,,,0,13.861,clean,0,0,0.00,0,0
35,32,3,1.40,1405,2.43,865728,Y4,,,0,13.641,clean,0,0,0.00,0,0
35,33,3,1.68,1,2.53,660181,Y2,,,0,13.519,clean,0,0,0.00,0,0
35,34,3,1.86,1,2.69,39160,Y2,,,0,13.482,clean,0,0,0.00,0,0
35,35,3,1.72,1,2.37,160217,Y2,,,0,13.550,clean,0,0,0.00,0,0
35,36,3,1.73,1,2.55,155658,Y4,,,0,13.668,clean,0,0,0.00,0,0
35,37,3,1.56,1,2.42,1437128,Y4,,,0,13.633,clean,0,0,0.00,0,0
35,38,3,1.59,1,2.38,1079857,Y2,,,0,13.494,clean,0,0,0.00,0,0
35,39,3,1.84,1,2.30,520885,Y2,,,0,13.441,clean,0,0,0.00,0,0
35,40,3,1.81,1,2.45,721961,Y4,,,0,13.406,clean,0,0,0.00,0,0
35,41,3,1.78,1,2.35,896484,Y4,,,0,13.375,clean,0,0,0.00,0,0
35,42,3,1.75,1,2.35,65088,Y2,,,0,13.380,clean,0,0,0.00,0,0
35,43,3,1.66,1,2.55,1441509,Y4,,,0,13.321,clean,0,0,0.00,0,0
35,44,3,1.87,1,2.45,1359433,Y4,,,0,13.081,clean,0,0,0.00,0,0
35,45,3,2.01,1,2.33,1063675,Y4,,,0,12.907,clean,0,0,0.00,0,0
35,46,3,1.74,1,2.40,335276,Y2,,,0,12.754,clean,0,0,0.00,0,0
35,47,3,2.05,1,2.30,1424611,Y4,,,0,12.504,clean,0,0,0.00,0,0
35,48,3,3.88,1,2.49,1374632,Y4,0.24/noise-like,0.00/noise-like,0,12.153,hump-note,0,0,0.00,0,0
35,49,3,1.77,1,2.40,783294,Y4,,,0,11.764,clean,0,0,0.00,0,0
35,50,3,1.76,1,2.37,217259,Y4,,,0,11.439,clean,0,0,0.00,0,0
35,51,3,1.85,1,2.43,234157,Y4,,,0,11.127,clean,0,0,0.00,0,0
35,52,3,2.18,1,2.30,530988,Y2,,,0,10.861,clean,0,0,0.00,0,0
35,53,3,2.04,1,2.38,1258045,Y4,,,0,10.655,clean,0,0,0.00,0,0
35,54,3,1.95,1,2.37,103265,Y2,,,0,10.302,clean,0,0,0.00,0,0
35,55,3,2.45,1,2.38,1090586,Y4,,,0,9.831,clean,0,0,0.00,0,0
35,56,3,2.62,1,2.50,717849,Y4,0.00/noise-like,0.00/noise-like,0,9.185,hump-note,0,0,0.00,0,0
35,57,3,2.64,1,2.32,112921,Y4,0.00/noise-like,0.00/noise-like,0,8.503,hump-note,0,0,0.00,0,0
35,58,3,3.12,1,2.33,101298,Y2,0.24/noise-like,0.00/noise-like,0,7.931,hump-note,0,0,0.00,0,0
35,59,3,0,-1,0,0,-,,,0,7.268,QUARANTINE:dark-lane range=63 distinct=63,0,0,0.00,0,0
35,60,3,0,-1,0,0,-,,,0,6.432,QUARANTINE:dark-lane range=57 distinct=56,0,0,0.00,0,0
35,61,3,0,-1,0,0,-,,,0,5.576,QUARANTINE:dark-lane range=48 distinct=48,0,0,0.00,0,0
35,62,3,0,-1,0,0,-,,,0,4.686,QUARANTINE:dark-lane range=40 distinct=41,0,0,0.00,0,0
35,63,3,0,-1,0,0,-,,,0,3.924,QUARANTINE:dark-lane range=34 distinct=35,0,0,0.00,0,0
36,0,3,1.80,1,2.46,489056,Y2,,,0,19.641,clean,0,0,0.00,0,0
36,1,3,1.34,1,2.37,226110,Y2,,,0,19.561,clean,0,0,0.00,0,0
36,2,3,1.36,1,2.39,1064211,Y2,,,0,19.521,clean,0,0,0.00,0,0
36,3,3,1.34,1498,2.50,787675,Y4,,,0,19.649,clean,0,0,0.00,0,0
36,4,3,1.33,675,2.44,1460284,Y2,,,0,19.765,clean,0,0,0.00,0,0
36,5,3,1.47,1,2.35,442028,Y4,,,0,19.566,clean,0,0,0.00,0,0
36,6,3,1.55,1,2.32,190347,Y4,,,0,19.287,clean,0,0,0.00,0,0
36,7,3,1.38,1184,2.54,517219,Y4,,,0,19.074,clean,0,0,0.00,0,0
36,8,3,1.41,421,2.59,209481,Y4,,,0,18.786,clean,0,0,0.00,0,0
36,9,3,1.39,1,2.26,694424,Y4,,,0,18.429,clean,0,0,0.00,0,0
36,10,3,1.46,1,2.35,1273692,Y4,,,0,18.042,clean,0,0,0.00,0,0
36,11,3,1.50,1,2.68,746191,Y2,,,0,17.687,clean,0,0,0.00,0,0
36,12,3,1.49,1,2.52,1365960,Y2,,,0,17.144,clean,0,0,0.00,0,0
36,13,3,1.39,141,2.54,712931,Y2,,,0,16.715,clean,0,0,0.00,0,0
36,14,3,1.41,1,2.42,1026034,Y4,,,0,16.415,clean,0,0,0.00,0,0
36,15,3,1.62,1,2.28,831753,Y4,,,0,16.245,clean,0,0,0.00,0,0
36,16,3,1.40,1,2.36,1139849,Y4,,,0,16.261,clean,0,0,0.00,0,0
36,17,3,1.50,1,2.26,14305,Y4,,,0,16.468,clean,0,0,0.00,0,0
36,18,3,1.51,869,2.79,114888,Y2,,,0,17.673,clean,0,0,0.00,0,0
36,19,3,1.87,1,2.45,326157,Y2,,,0,16.395,clean,0,0,0.00,0,0
36,20,3,1.44,1,2.53,1362294,Y4,,,0,16.082,clean,0,0,0.00,0,0
36,21,3,1.60,1,2.38,218064,Y2,,,0,15.928,clean,0,0,0.00,0,0
36,22,3,1.48,1,2.28,760764,Y4,,,0,15.938,clean,0,0,0.00,0,0
36,23,3,1.46,1,2.42,598311,Y2,,,0,15.914,clean,0,0,0.00,0,0
36,24,3,1.43,1,2.38,214487,Y2,,,0,15.775,clean,0,0,0.00,0,0
36,25,3,1.78,1,2.42,1190275,Y2,,,0,15.399,clean,0,0,0.00,0,0
36,26,3,1.77,1,2.28,114173,Y4,,,0,14.992,clean,0,0,0.00,0,0
36,27,3,1.87,1,2.41,1054287,Y4,,,0,14.965,clean,0,0,0.00,0,0
36,28,3,1.74,1,2.36,1309723,Y2,,,0,14.567,clean,0,0,0.00,0,0
36,29,3,1.86,1,2.36,139207,Y2,,,0,14.381,clean,0,0,0.00,0,0
36,30,3,1.85,1,2.38,1380712,Y4,,,0,14.120,clean,0,0,0.00,0,0
36,31,3,1.74,1,2.58,477165,Y4,,,0,13.890,clean,0,0,0.00,0,0
36,32,3,1.38,1,2.53,13590,Y4,,,0,13.640,clean,0,0,0.00,0,0
36,33,3,1.96,1,2.39,863492,Y2,,,0,13.500,clean,0,0,0.00,0,0
36,34,3,1.65,1,2.42,965416,Y2,,,0,13.493,clean,0,0,0.00,0,0
36,35,3,1.88,1,2.31,489414,Y2,,,0,13.563,clean,0,0,0.00,0,0
36,36,3,1.72,1,2.42,178099,Y2,,,0,13.659,clean,0,0,0.00,0,0
36,37,3,1.84,1,2.61,887185,Y2,,,0,13.595,clean,0,0,0.00,0,0
36,38,3,2.03,1,2.50,283957,Y2,,,0,13.492,clean,0,0,0.00,0,0
36,39,3,1.72,1,2.31,421017,Y4,,,0,13.428,clean,0,0,0.00,0,0
36,40,3,1.77,1,2.44,153065,Y4,,,0,13.413,clean,0,0,0.00,0,0
36,41,3,1.75,1,2.40,264913,Y4,,,0,13.394,clean,0,0,0.00,0,0
36,42,3,1.78,1,2.29,52303,Y4,,,0,13.371,clean,0,0,0.00,0,0
36,43,3,1.86,1,2.43,1150578,Y4,,,0,13.293,clean,0,0,0.00,0,0
36,44,3,1.71,1,2.43,504971,Y4,,,0,13.102,clean,0,0,0.00,0,0
36,45,3,2.00,1,2.57,711232,Y4,,,0,12.914,clean,0,0,0.00,0,0
36,46,3,1.80,1,2.51,21100,Y2,,,0,12.750,clean,0,0,0.00,0,0
36,47,3,2.09,1,2.50,13679,Y4,,,0,12.522,clean,0,0,0.00,0,0
36,48,3,3.47,1,2.41,222892,Y2,0.24/noise-like,0.24/noise-like,0,12.143,hump-note,0,0,0.00,0,0
36,49,3,2.03,1,2.21,700593,Y2,,,0,11.752,clean,0,0,0.00,0,0
36,50,3,2.06,1,2.75,211179,Y4,,,0,11.433,clean,0,0,0.00,0,0
36,51,3,1.89,1,2.41,1036406,Y4,,,0,11.101,clean,0,0,0.00,0,0
36,52,3,1.99,1,2.34,171214,Y4,,,0,10.868,clean,0,0,0.00,0,0
36,53,3,1.95,1,2.35,313997,Y4,,,0,10.652,clean,0,0,0.00,0,0
36,54,3,2.15,1,2.45,117749,Y4,,,0,10.293,clean,0,0,0.00,0,0
36,55,3,2.59,1,2.32,658482,Y2,0.24/noise-like,0.00/noise-like,0,9.798,hump-note,0,0,0.00,0,0
36,56,3,2.44,1,2.76,1233906,Y2,,,0,9.196,clean,0,0,0.00,0,0
36,57,3,2.40,1,2.30,912577,Y2,,,0,8.514,clean,0,0,0.00,0,0
36,58,3,2.97,1,2.39,516415,Y4,0.00/noise-like,0.24/noise-like,0,7.911,hump-note,0,0,0.00,0,0
36,59,3,3.78,1,2.35,53912,Y4,0.00/noise-like,0.24/noise-like,0,7.251,hump-note,0,0,0.00,0,0
36,60,3,0,-1,0,0,-,,,0,6.418,QUARANTINE:dark-lane range=57 distinct=55,0,0,0.00,0,0
36,61,3,0,-1,0,0,-,,,0,5.565,QUARANTINE:dark-lane range=44 distinct=45,0,0,0.00,0,0
36,62,3,0,-1,0,0,-,,,0,4.679,QUARANTINE:dark-lane range=39 distinct=39,0,0,0.00,0,0
36,63,3,0,-1,0,0,-,,,0,3.925,QUARANTINE:dark-lane range=32 distinct=33,0,0,0.00,0,0
37,0,3,2.77,1,2.50,834435,Y2,0.00/noise-like,0.00/noise-like,0,19.646,hump-note,0,0,0.00,0,0
37,1,3,1.39,1,2.46,1293093,Y2,,,0,19.549,clean,0,0,0.00,0,0
37,2,3,1.46,1,2.35,370502,Y4,,,0,19.593,clean,0,0,0.00,0,0
37,3,3,1.36,1080,2.28,715077,Y2,,,0,19.660,clean,0,0,0.00,0,0
37,4,3,1.57,1,2.38,544846,Y2,,,0,19.761,clean,0,0,0.00,0,0
37,5,3,1.38,1,2.38,74923,Y2,,,0,19.512,clean,0,0,0.00,0,0
37,6,3,1.72,1476,2.35,477344,Y2,,,0,19.314,clean,0,0,0.00,0,0
37,7,3,1.52,1,2.37,1145393,Y2,,,0,19.047,clean,0,0,0.00,0,0
37,8,3,1.62,1,2.45,137687,Y2,,,0,18.774,clean,0,0,0.00,0,0
37,9,3,1.43,1,2.51,1189202,Y4,,,0,18.420,clean,0,0,0.00,0,0
37,10,3,1.34,1,2.37,1322418,Y2,,,0,18.065,clean,0,0,0.00,0,0
37,11,3,1.56,1,2.70,813782,Y2,,,0,17.632,clean,0,0,0.00,0,0
37,12,3,1.42,476,2.51,283152,Y4,,,0,17.178,clean,0,0,0.00,0,0
37,13,3,1.51,1,2.36,945657,Y2,,,0,16.718,clean,0,0,0.00,0,0
37,14,3,1.34,437,2.43,1140654,Y2,,,0,16.424,clean,0,0,0.00,0,0
37,15,3,1.65,1,3.18,864297,Y2,0.24/noise-like,0.00/noise-like,0,16.206,FAM-HIT,0,0,0.00,0,0
37,16,3,1.36,333,2.38,1387060,Y4,,,0,16.302,clean,0,0,0.00,0,0
37,17,3,1.35,1004,2.41,935197,Y2,,,0,16.451,clean,0,0,0.00,0,0
37,18,3,1.72,782,2.31,211984,Y2,,,0,17.716,clean,0,0,0.00,0,0
37,19,3,1.56,1,2.30,236392,Y4,,,0,16.419,clean,0,0,0.00,0,0
37,20,3,1.37,1440,2.44,1375437,Y2,,,0,16.066,clean,0,0,0.00,0,0
37,21,3,1.43,1,2.35,604749,Y2,,,0,15.923,clean,0,0,0.00,0,0
37,22,3,1.77,1,2.52,521511,Y4,,,0,15.924,clean,0,0,0.00,0,0
37,23,3,1.69,1,2.47,63658,Y4,,,0,15.883,clean,0,0,0.00,0,0
37,24,3,1.71,1,2.51,537604,Y2,,,0,15.787,clean,0,0,0.00,0,0
37,25,3,1.55,1,2.33,836134,Y4,,,0,15.395,clean,0,0,0.00,0,0
37,26,3,1.82,1,2.55,957996,Y4,,,0,15.006,clean,0,0,0.00,0,0
37,27,3,1.78,1,2.38,1419961,Y4,,,0,14.957,clean,0,0,0.00,0,0
37,28,3,1.72,1,2.35,1254648,Y4,,,0,14.547,clean,0,0,0.00,0,0
37,29,3,1.82,1,2.56,29862,Y2,,,0,14.360,clean,0,0,0.00,0,0
37,30,3,2.00,1,2.52,353515,Y4,,,0,14.128,clean,0,0,0.00,0,0
37,31,3,1.79,1,2.56,298440,Y2,,,0,13.888,clean,0,0,0.00,0,0
37,32,3,1.37,1036,2.24,134200,Y2,,,0,13.640,clean,0,0,0.00,0,0
37,33,3,1.65,1,2.52,96023,Y2,,,0,13.528,clean,0,0,0.00,0,0
37,34,3,1.34,915,2.51,567913,Y4,,,0,13.477,clean,0,0,0.00,0,0
37,35,3,1.73,1,2.44,513375,Y2,,,0,13.566,clean,0,0,0.00,0,0
37,36,3,1.41,1,2.59,938237,Y2,,,0,13.688,clean,0,0,0.00,0,0
37,37,3,1.77,1,2.27,1396000,Y2,,,0,13.631,clean,0,0,0.00,0,0
37,38,3,1.70,1,2.31,1420856,Y4,,,0,13.491,clean,0,0,0.00,0,0
37,39,3,1.67,1,2.57,1182228,Y4,,,0,13.437,clean,0,0,0.00,0,0
37,40,3,1.62,1,2.31,82165,Y2,,,0,13.392,clean,0,0,0.00,0,0
37,41,3,1.83,1,2.30,861078,Y4,,,0,13.390,clean,0,0,0.00,0,0
37,42,3,1.84,1,2.31,1076907,Y4,,,0,13.374,clean,0,0,0.00,0,0
37,43,3,1.88,1,2.53,692725,Y2,,,0,13.305,clean,0,0,0.00,0,0
37,44,3,1.87,1,2.39,1189291,Y2,,,0,13.103,clean,0,0,0.00,0,0
37,45,3,1.93,1,2.35,36031,Y4,,,0,12.914,clean,0,0,0.00,0,0
37,46,3,1.83,1,2.21,338942,Y2,,,0,12.723,clean,0,0,0.00,0,0
37,47,3,1.67,1,2.53,204384,Y2,,,0,12.506,clean,0,0,0.00,0,0
37,48,3,3.21,1,2.22,1115173,Y4,0.24/noise-like,0.00/noise-like,0,12.140,hump-note,0,0,0.00,0,0
37,49,3,1.89,1,2.44,1207262,Y2,,,0,11.762,clean,0,0,0.00,0,0
37,50,3,2.09,1,2.46,217885,Y2,,,0,11.424,clean,0,0,0.00,0,0
37,51,3,1.92,1,2.62,1299709,Y4,,,0,11.085,clean,0,0,0.00,0,0
37,52,3,1.97,1,2.45,1324654,Y4,,,0,10.888,clean,0,0,0.00,0,0
37,53,3,2.02,1,2.21,829160,Y2,,,0,10.643,clean,0,0,0.00,0,0
37,54,3,2.21,1,2.78,1125366,Y2,,,0,10.299,clean,0,0,0.00,0,0
37,55,3,2.42,1,2.69,1340836,Y2,,,0,9.817,clean,0,0,0.00,0,0
37,56,3,2.50,1,2.53,731260,Y4,0.00/noise-like,0.24/noise-like,0,9.191,hump-note,0,0,0.00,0,0
37,57,3,2.66,1,2.40,970781,Y4,0.00/noise-like,0.24/noise-like,0,8.497,hump-note,0,0,0.00,0,0
37,58,3,3.23,1,2.64,1415938,Y4,0.24/noise-like,0.00/noise-like,0,7.919,hump-note,0,0,0.00,0,0
37,59,3,0,-1,0,0,-,,,0,7.259,QUARANTINE:dark-lane range=65 distinct=63,0,0,0.00,0,0
37,60,3,0,-1,0,0,-,,,0,6.416,QUARANTINE:dark-lane range=53 distinct=54,0,0,0.00,0,0
37,61,3,0,-1,0,0,-,,,0,5.572,QUARANTINE:dark-lane range=53 distinct=51,0,0,0.00,0,0
37,62,3,0,-1,0,0,-,,,0,4.674,QUARANTINE:dark-lane range=40 distinct=41,0,0,0.00,0,0
37,63,3,0,-1,0,0,-,,,0,3.928,QUARANTINE:dark-lane range=34 distinct=35,0,0,0.00,0,0
38,0,3,2.03,1,2.37,488877,Y4,,,0,19.620,clean,0,0,0.00,0,0
38,1,3,1.54,1,2.57,218153,Y2,,,0,19.571,clean,0,0,0.00,0,0
38,2,3,1.32,763,2.31,1444370,Y2,,,0,19.537,clean,0,0,0.00,0,0
38,3,3,1.36,291,2.37,3397,Y2,,,0,19.622,clean,0,0,0.00,0,0
38,4,3,1.51,1,2.42,312746,Y4,,,0,19.796,clean,0,0,0.00,0,0
38,5,3,1.51,1,2.37,416905,Y4,,,0,19.543,clean,0,0,0.00,0,0
38,6,3,1.55,1476,2.36,55611,Y2,,,0,19.270,clean,0,0,0.00,0,0
38,7,3,1.41,498,2.46,1071900,Y4,,,0,19.097,clean,0,0,0.00,0,0
38,8,3,1.46,1,2.29,680298,Y4,,,0,18.791,clean,0,0,0.00,0,0
38,9,3,1.40,1,2.43,428349,Y2,,,0,18.421,clean,0,0,0.00,0,0
38,10,3,1.51,1,2.33,1089424,Y2,,,0,18.067,clean,0,0,0.00,0,0
38,11,3,1.39,1,2.38,1217097,Y2,,,0,17.660,clean,0,0,0.00,0,0
38,12,3,1.65,1,2.37,746638,Y2,,,0,17.174,clean,0,0,0.00,0,0
38,13,3,1.46,1,2.73,1034528,Y2,,,0,16.725,clean,0,0,0.00,0,0
38,14,3,1.72,1,2.45,897020,Y4,,,0,16.425,clean,0,0,0.00,0,0
38,15,3,1.44,1,2.43,178993,Y4,,,0,16.232,clean,0,0,0.00,0,0
38,16,3,1.50,1,2.42,1395464,Y4,,,0,16.279,clean,0,0,0.00,0,0
38,17,3,1.59,1,2.38,1364172,Y4,,,0,16.470,clean,0,0,0.00,0,0
38,18,3,1.62,814,2.49,123382,Y2,,,0,17.711,clean,0,0,0.00,0,0
38,19,3,1.43,1,2.43,1160055,Y2,,,0,16.417,clean,0,0,0.00,0,0
38,20,3,1.46,1,2.40,24945,Y2,,,0,16.084,clean,0,0,0.00,0,0
38,21,3,1.96,1,2.59,197321,Y4,,,0,15.925,clean,0,0,0.00,0,0
38,22,3,1.54,1,2.36,106215,Y2,,,0,15.916,clean,0,0,0.00,0,0
38,23,3,1.57,1,2.65,59187,Y4,,,0,15.880,clean,0,0,0.00,0,0
38,24,3,1.61,1,2.54,811726,Y2,,,0,15.815,clean,0,0,0.00,0,0
38,25,3,1.63,1,2.59,1276910,Y2,,,0,15.411,clean,0,0,0.00,0,0
38,26,3,1.62,1,2.40,114799,Y2,,,0,14.986,clean,0,0,0.00,0,0
38,27,3,1.74,1,2.40,140011,Y4,,,0,14.943,clean,0,0,0.00,0,0
38,28,3,1.66,1,2.69,491112,Y4,,,0,14.591,clean,0,0,0.00,0,0
38,29,3,1.56,1,2.24,1082540,Y2,,,0,14.398,clean,0,0,0.00,0,0
38,30,3,1.67,1,2.46,1418620,Y2,,,0,14.129,clean,0,0,0.00,0,0
38,31,3,2.00,1,2.51,1072526,Y2,,,0,13.886,clean,0,0,0.00,0,0
38,32,3,1.57,1,2.52,1122147,Y4,,,0,13.616,clean,0,0,0.00,0,0
38,33,3,1.65,1,2.30,106752,Y4,,,0,13.500,clean,0,0,0.00,0,0
38,34,3,1.81,1,2.63,7063,Y2,,,0,13.487,clean,0,0,0.00,0,0
38,35,3,1.56,1,2.57,669837,Y4,,,0,13.568,clean,0,0,0.00,0,0
38,36,3,1.69,1,2.58,835061,Y4,,,0,13.670,clean,0,0,0.00,0,0
38,37,3,1.72,1,2.62,389993,Y4,,,0,13.619,clean,0,0,0.00,0,0
38,38,3,1.63,1,2.73,238001,Y2,,,0,13.517,clean,0,0,0.00,0,0
38,39,3,1.69,1,2.42,1372665,Y4,,,0,13.436,clean,0,0,0.00,0,0
38,40,3,1.75,1,2.48,135630,Y4,,,0,13.395,clean,0,0,0.00,0,0
38,41,3,2.02,1,2.19,848830,Y4,,,0,13.375,clean,0,0,0.00,0,0
38,42,3,1.76,1,2.35,649542,Y4,,,0,13.377,clean,0,0,0.00,0,0
38,43,3,1.92,1,2.46,869036,Y4,,,0,13.310,clean,0,0,0.00,0,0
38,44,3,2.06,1,2.35,559866,Y2,,,0,13.080,clean,0,0,0.00,0,0
38,45,3,1.63,1,2.61,442922,Y2,,,0,12.939,clean,0,0,0.00,0,0
38,46,3,1.94,1,2.61,1005918,Y2,,,0,12.747,clean,0,0,0.00,0,0
38,47,3,1.91,1,2.45,1146913,Y2,,,0,12.527,clean,0,0,0.00,0,0
38,48,3,3.26,1,2.64,187397,Y4,0.00/noise-like,0.00/noise-like,0,12.144,hump-note,0,0,0.00,0,0
38,49,3,1.79,1,2.28,687540,Y2,,,0,11.765,clean,0,0,0.00,0,0
38,50,3,1.93,1,2.51,357807,Y4,,,0,11.435,clean,0,0,0.00,0,0
38,51,3,2.38,1,2.32,803500,Y4,,,0,11.096,clean,0,0,0.00,0,0
38,52,3,1.92,1,2.37,105053,Y2,,,0,10.868,clean,0,0,0.00,0,0
38,53,3,2.25,1,2.31,1170158,Y4,,,0,10.638,clean,0,0,0.00,0,0
38,54,3,2.35,1,2.45,795007,Y2,,,0,10.311,clean,0,0,0.00,0,0
38,55,3,2.57,1,2.48,177652,Y4,0.00/noise-like,0.42/WATCH,0,9.796,hump-note,0,0,0.00,0,0
38,56,3,2.60,1,2.56,240326,Y4,0.24/noise-like,0.00/noise-like,0,9.197,hump-note,0,0,0.00,0,0
38,57,3,3.17,1,2.63,995636,Y2,0.00/noise-like,0.24/noise-like,0,8.531,hump-note,0,0,0.00,0,0
38,58,3,3.11,1,2.37,779986,Y2,0.24/noise-like,0.00/noise-like,0,7.917,hump-note,0,0,0.00,0,0
38,59,3,0,-1,0,0,-,,,0,7.251,QUARANTINE:dark-lane range=61 distinct=61,0,0,0.00,0,0
38,60,3,0,-1,0,0,-,,,0,6.430,QUARANTINE:dark-lane range=57 distinct=54,0,0,0.00,0,0
38,61,3,0,-1,0,0,-,,,0,5.570,QUARANTINE:dark-lane range=55 distinct=50,0,0,0.00,0,0
38,62,3,0,-1,0,0,-,,,0,4.691,QUARANTINE:dark-lane range=40 distinct=41,0,0,0.00,0,0
38,63,3,0,-1,0,0,-,,,0,3.924,QUARANTINE:dark-lane range=34 distinct=35,0,0,0.00,0,0
39,0,3,1.71,1,2.62,85652,Y2,,,0,19.638,clean,0,0,0.00,0,0
39,1,3,1.39,289,2.24,1358718,Y2,,,0,19.584,clean,0,0,0.00,0,0
39,2,3,1.62,1,2.46,186324,Y4,,,0,19.537,clean,0,0,0.00,0,0
39,3,3,1.45,403,2.32,542074,Y4,,,0,19.643,clean,0,0,0.00,0,0
39,4,3,1.40,323,2.46,458121,Y2,,,0,19.758,clean,0,0,0.00,0,0
39,5,3,1.45,670,2.43,1399040,Y4,,,0,19.544,clean,0,0,0.00,0,0
39,6,3,1.74,1476,2.25,1230776,Y4,,,0,19.284,clean,0,0,0.00,0,0
39,7,3,1.36,1208,2.32,1307845,Y2,,,0,19.080,clean,0,0,0.00,0,0
39,8,3,1.31,532,2.38,796258,Y4,,,0,18.797,clean,0,0,0.00,0,0
39,9,3,1.32,826,2.47,597775,Y4,,,0,18.398,clean,0,0,0.00,0,0
39,10,3,1.40,1,2.50,807703,Y4,,,0,18.034,clean,0,0,0.00,0,0
39,11,3,1.47,301,2.43,693887,Y2,,,0,17.672,clean,0,0,0.00,0,0
39,12,3,1.39,412,2.42,1341552,Y2,,,0,17.196,clean,0,0,0.00,0,0
39,13,3,1.42,1,2.48,1298904,Y2,,,0,16.698,clean,0,0,0.00,0,0
39,14,3,1.64,1,2.33,1447946,Y2,,,0,16.410,clean,0,0,0.00,0,0
39,15,3,1.58,1,2.30,289768,Y2,,,0,16.270,clean,0,0,0.00,0,0
39,16,3,1.55,1,2.46,486374,Y4,,,0,16.286,clean,0,0,0.00,0,0
39,17,3,1.50,1,2.42,113457,Y2,,,0,16.465,clean,0,0,0.00,0,0
39,18,3,1.51,680,2.37,132769,Y4,,,0,17.716,clean,0,0,0.00,0,0
39,19,3,1.66,1,2.52,1283526,Y4,,,0,16.375,clean,0,0,0.00,0,0
39,20,3,1.83,1,2.55,919014,Y4,,,0,16.079,clean,0,0,0.00,0,0
39,21,3,1.66,1,2.33,1219332,Y4,,,0,15.941,clean,0,0,0.00,0,0
39,22,3,1.64,1,2.79,578463,Y4,,,0,15.944,clean,0,0,0.00,0,0
39,23,3,1.47,1,2.39,340015,Y2,,,0,15.888,clean,0,0,0.00,0,0
39,24,3,1.46,1,2.54,93251,Y2,,,0,15.774,clean,0,0,0.00,0,0
39,25,3,1.60,1,2.28,1315981,Y4,,,0,15.410,clean,0,0,0.00,0,0
39,26,3,1.44,1,2.30,367999,Y4,,,0,15.004,clean,0,0,0.00,0,0
39,27,3,1.76,1,2.59,842750,Y2,,,0,14.942,clean,0,0,0.00,0,0
39,28,3,1.97,1,2.41,1289785,Y4,,,0,14.580,clean,0,0,0.00,0,0
39,29,3,1.99,1,2.50,502735,Y2,,,0,14.373,clean,0,0,0.00,0,0
39,30,3,1.53,1,2.30,755221,Y2,,,0,14.141,clean,0,0,0.00,0,0
39,31,3,1.66,1,2.66,116229,Y2,,,0,13.861,clean,0,0,0.00,0,0
39,32,3,1.41,495,2.36,216812,Y4,,,0,13.637,clean,0,0,0.00,0,0
39,33,3,1.59,1,2.34,183910,Y4,,,0,13.537,clean,0,0,0.00,0,0
39,34,3,1.44,1,2.47,797153,Y2,,,0,13.502,clean,0,0,0.00,0,0
39,35,3,1.70,1,2.33,595808,Y2,,,0,13.576,clean,0,0,0.00,0,0
39,36,3,1.78,1,2.28,898361,Y4,,,0,13.677,clean,0,0,0.00,0,0
39,37,3,1.75,1,2.46,332952,Y4,,,0,13.623,clean,0,0,0.00,0,0
39,38,3,1.58,1,2.49,493437,Y2,,,0,13.501,clean,0,0,0.00,0,0
39,39,3,1.89,1,2.32,52840,Y4,,,0,13.462,clean,0,0,0.00,0,0
39,40,3,1.87,1,2.48,312656,Y2,,,0,13.410,clean,0,0,0.00,0,0
39,41,3,1.72,1,2.47,379354,Y4,,,0,13.416,clean,0,0,0.00,0,0
39,42,3,1.84,1,2.20,1293182,Y2,,,0,13.355,clean,0,0,0.00,0,0
39,43,3,1.66,1,2.30,1178116,Y2,,,0,13.313,clean,0,0,0.00,0,0
39,44,3,1.64,1,2.20,270635,Y2,,,0,13.098,clean,0,0,0.00,0,0
39,45,3,1.64,1,2.53,119716,Y2,,,0,12.942,clean,0,0,0.00,0,0
39,46,3,1.90,1,2.46,1358628,Y2,,,0,12.744,clean,0,0,0.00,0,0
39,47,3,1.91,1,2.62,492096,Y2,,,0,12.528,clean,0,0,0.00,0,0
39,48,3,3.53,1,2.39,1406014,Y4,0.00/noise-like,0.00/noise-like,0,12.119,hump-note,0,0,0.00,0,0
39,49,3,2.24,1,2.62,288069,Y2,,,0,11.754,clean,0,0,0.00,0,0
39,50,3,1.88,1,2.42,648737,Y4,,,0,11.416,clean,0,0,0.00,0,0
39,51,3,2.25,1,2.49,369519,Y2,,,0,11.098,clean,0,0,0.00,0,0
39,52,3,2.16,1,2.55,732601,Y4,,,0,10.864,clean,0,0,0.00,0,0
39,53,3,2.53,1,2.44,662506,Y2,0.24/noise-like,0.00/noise-like,0,10.652,hump-note,0,0,0.00,0,0
39,54,3,2.26,1,2.48,684947,Y2,,,0,10.299,clean,0,0,0.00,0,0
39,55,3,2.38,1,2.42,371397,Y2,,,0,9.823,clean,0,0,0.00,0,0
39,56,3,2.50,1,2.49,216275,Y2,,,0,9.178,clean,0,0,0.00,0,0
39,57,3,2.94,1,2.37,257760,Y2,0.00/noise-like,0.00/noise-like,0,8.512,hump-note,0,0,0.00,0,0
39,58,3,2.96,1,2.46,657052,Y4,0.00/noise-like,0.00/noise-like,0,7.915,hump-note,0,0,0.00,0,0
39,59,3,0,-1,0,0,-,,,0,7.268,QUARANTINE:dark-lane range=65 distinct=62,0,0,0.00,0,0
39,60,3,0,-1,0,0,-,,,0,6.413,QUARANTINE:dark-lane range=52 distinct=53,0,0,0.00,0,0
39,61,3,0,-1,0,0,-,,,0,5.568,QUARANTINE:dark-lane range=48 distinct=48,0,0,0.00,0,0
39,62,3,0,-1,0,0,-,,,0,4.686,QUARANTINE:dark-lane range=39 distinct=40,0,0,0.00,0,0
39,63,3,0,-1,0,0,-,,,0,3.935,QUARANTINE:dark-lane range=34 distinct=35,0,0,0.00,0,0
40,0,3,1.66,1,2.44,138491,Y4,,,0,19.648,clean,0,0,0.00,0,0
40,1,3,1.62,1,2.35,51588,Y4,,,0,19.588,clean,0,0,0.00,0,0
40,2,3,1.38,1,2.52,140458,Y2,,,0,19.567,clean,0,0,0.00,0,0
40,3,3,1.45,1078,2.31,1306325,Y2,,,0,19.682,clean,0,0,0.00,0,0
40,4,3,1.49,1,2.41,1144141,Y2,,,0,19.778,clean,0,0,0.00,0,0
40,5,3,1.46,1,2.29,711590,Y2,,,0,19.543,clean,0,0,0.00,0,0
40,6,3,1.74,1476,2.55,212789,Y4,,,0,19.310,clean,0,0,0.00,0,0
40,7,3,1.45,1,2.42,1023710,Y4,,,0,19.078,clean,0,0,0.00,0,0
40,8,3,1.42,799,2.25,439435,Y4,,,0,18.785,clean,0,0,0.00,0,0
40,9,3,1.50,1,2.43,278324,Y2,,,0,18.419,clean,0,0,0.00,0,0
40,10,3,1.62,1,2.45,4560,Y2,,,0,18.104,clean,0,0,0.00,0,0
40,11,3,1.57,1,2.36,1001626,Y4,,,0,17.678,clean,0,0,0.00,0,0
40,12,3,1.43,1,2.60,599295,Y4,,,0,17.209,clean,0,0,0.00,0,0
40,13,3,1.39,1,2.22,1398236,Y2,,,0,16.723,clean,0,0,0.00,0,0
40,14,3,1.38,1437,2.59,1123309,Y4,,,0,16.412,clean,0,0,0.00,0,0
40,15,3,1.60,1,2.46,583470,Y4,,,0,16.249,clean,0,0,0.00,0,0
40,16,3,1.47,1,2.51,248283,Y2,,,0,16.300,clean,0,0,0.00,0,0
40,17,3,1.42,1,2.51,1073867,Y4,,,0,16.460,clean,0,0,0.00,0,0
40,18,3,1.59,711,2.47,281453,Y2,,,0,17.727,clean,0,0,0.00,0,0
40,19,3,1.42,1,2.31,758976,Y2,,,0,16.377,clean,0,0,0.00,0,0
40,20,3,1.66,1,2.47,1013070,Y2,,,0,16.079,clean,0,0,0.00,0,0
40,21,3,1.35,1,2.60,115603,Y4,,,0,15.936,clean,0,0,0.00,0,0
40,22,3,1.49,1,2.32,347435,Y4,,,0,15.947,clean,0,0,0.00,0,0
40,23,3,1.68,1,2.47,923663,Y4,,,0,15.895,clean,0,0,0.00,0,0
40,24,3,1.71,1,2.40,806183,Y4,,,0,15.813,clean,0,0,0.00,0,0
40,25,3,1.53,1,2.53,997961,Y2,,,0,15.386,clean,0,0,0.00,0,0
40,26,3,1.63,1,2.35,316232,Y2,,,0,14.989,clean,0,0,0.00,0,0
40,27,3,1.69,620,2.47,760585,Y2,,,0,14.973,clean,0,0,0.00,0,0
40,28,3,1.56,1,2.33,115424,Y2,,,0,14.588,clean,0,0,0.00,0,0
40,29,3,1.69,1,2.54,671357,Y4,,,0,14.370,clean,0,0,0.00,0,0
40,30,3,1.52,1,2.32,174612,Y4,,,0,14.152,clean,0,0,0.00,0,0
40,31,3,1.59,1,2.51,777841,Y4,,,0,13.887,clean,0,0,0.00,0,0
40,32,3,1.40,139,2.42,209481,Y4,,,1,13.625,clean,0,0,0.00,0,0
40,33,3,1.75,1,2.50,1312673,Y2,,,0,13.514,clean,0,0,0.00,0,0
40,34,3,1.68,1,2.47,231028,Y2,,,0,13.499,clean,0,0,0.00,0,0
40,35,3,1.77,1,2.31,1011103,Y2,,,0,13.569,clean,0,0,0.00,0,0
40,36,3,1.88,1,2.55,1041055,Y2,,,0,13.656,clean,0,0,0.00,0,0
40,37,3,1.92,1,2.82,777394,Y2,,,0,13.631,clean,0,0,0.00,0,0
40,38,3,1.53,1,2.53,892907,Y4,,,0,13.494,clean,0,0,0.00,0,0
40,39,3,1.94,1,2.69,617087,Y2,,,0,13.421,clean,0,0,0.00,0,0
40,40,3,2.02,1,2.35,450253,Y2,,,0,13.388,clean,0,0,0.00,0,0
40,41,3,1.77,1,2.46,290930,Y4,,,0,13.392,clean,0,0,0.00,0,0
40,42,3,1.50,1,2.32,1301229,Y4,,,0,13.365,clean,0,0,0.00,0,0
40,43,3,1.68,1,2.36,34779,Y2,,,0,13.306,clean,0,0,0.00,0,0
40,44,3,1.97,1,2.54,600189,Y4,,,0,13.102,clean,0,0,0.00,0,0
40,45,3,1.98,1,2.40,1234263,Y2,,,0,12.929,clean,0,0,0.00,0,0
40,46,3,2.00,1,2.40,663310,Y4,,,0,12.768,clean,0,0,0.00,0,0
40,47,3,2.00,1,2.29,680119,Y4,,,0,12.496,clean,0,0,0.00,0,0
40,48,3,3.23,1,2.33,405908,Y4,0.00/noise-like,0.24/noise-like,0,12.163,hump-note,0,0,0.00,0,0
40,49,3,2.02,1,2.31,914276,Y2,,,0,11.741,clean,0,0,0.00,0,0
40,50,3,2.12,1,2.49,1371860,Y2,,,0,11.430,clean,0,0,0.00,0,0
40,51,3,2.13,1,2.35,61780,Y4,,,0,11.129,clean,0,0,0.00,0,0
40,52,3,2.02,1,2.59,717044,Y2,,,0,10.881,clean,0,0,0.00,0,0
40,53,3,2.21,1,2.37,1205206,Y4,,,0,10.656,clean,0,0,0.00,0,0
40,54,3,2.25,1,2.59,231028,Y2,,,0,10.307,clean,0,0,0.00,0,0
40,55,3,2.64,1,2.38,1272798,Y2,0.00/noise-like,0.00/noise-like,0,9.812,hump-note,0,0,0.00,0,0
40,56,3,2.60,1,2.41,951558,Y2,0.00/noise-like,0.00/noise-like,0,9.191,hump-note,0,0,0.00,0,0
40,57,3,3.18,1,2.41,1365244,Y4,0.00/noise-like,0.24/noise-like,0,8.508,hump-note,0,0,0.00,0,0
40,58,3,3.61,1,2.29,1038194,Y4,0.00/noise-like,0.00/noise-like,0,7.928,hump-note,0,0,0.00,0,0
40,59,3,0,-1,0,0,-,,,0,7.255,QUARANTINE:dark-lane range=65 distinct=62,0,0,0.00,0,0
40,60,3,0,-1,0,0,-,,,0,6.417,QUARANTINE:dark-lane range=59 distinct=54,0,0,0.00,0,0
40,61,3,0,-1,0,0,-,,,0,5.573,QUARANTINE:dark-lane range=49 distinct=50,0,0,0.00,0,0
40,62,3,0,-1,0,0,-,,,0,4.688,QUARANTINE:dark-lane range=38 distinct=39,0,0,0.00,0,0
40,63,3,0,-1,0,0,-,,,0,3.931,QUARANTINE:dark-lane range=33 distinct=34,0,0,0.00,0,0
41,0,3,2.16,1,2.18,711143,Y4,,,0,19.614,clean,0,0,0.00,0,0
41,1,3,1.34,152,2.37,689775,Y2,,,0,19.574,clean,0,0,0.00,0,0
41,2,3,1.36,1,2.45,1464844,Y4,,,0,19.524,clean,0,0,0.00,0,0
41,3,3,1.40,915,2.42,751376,Y2,,,0,19.642,clean,0,0,0.00,0,0
41,4,3,1.46,55,2.68,1223445,Y2,,,0,19.817,clean,0,0,0.00,0,0
41,5,3,1.42,248,2.31,47743,Y2,,,0,19.519,clean,0,0,0.00,0,0
41,6,3,1.75,1476,2.38,872076,Y2,,,0,19.297,clean,0,0,0.00,0,0
41,7,3,1.39,1,2.44,633627,Y4,,,0,19.031,clean,0,0,0.00,0,0
41,8,3,1.46,1,2.32,1403153,Y4,,,0,18.803,clean,0,0,0.00,0,0
41,9,3,1.53,1,2.31,747800,Y4,,,0,18.385,clean,0,0,0.00,0,0
41,10,3,1.31,288,2.49,45240,Y2,,,0,18.097,clean,0,0,0.00,0,0
41,11,3,1.36,306,2.34,459015,Y2,,,0,17.674,clean,0,0,0.00,0,0
41,12,3,1.44,1,2.39,594825,Y4,,,0,17.153,clean,0,0,0.00,0,0
41,13,3,1.45,1,2.57,80466,Y2,,,0,16.742,clean,0,0,0.00,0,0
41,14,3,1.80,1,2.46,1451164,Y2,,,0,16.399,clean,0,0,0.00,0,0
41,15,3,1.36,1,2.45,286728,Y4,,,0,16.247,clean,0,0,0.00,0,0
41,16,3,1.47,1,2.60,790447,Y2,,,0,16.307,clean,0,0,0.00,0,0
41,17,3,1.50,1,2.34,784636,Y4,,,0,16.470,clean,0,0,0.00,0,0
41,18,3,1.52,823,2.42,221014,Y2,,,0,17.752,clean,0,0,0.00,0,0
41,19,3,1.45,1,2.37,65178,Y4,,,0,16.415,clean,0,0,0.00,0,0
41,20,3,1.63,1,2.40,1271367,Y2,,,0,16.095,clean,0,0,0.00,0,0
41,21,3,1.42,1,2.45,120968,Y2,,,0,15.924,clean,0,0,0.00,0,0
41,22,3,1.54,1,2.64,707567,Y4,,,0,15.917,clean,0,0,0.00,0,0
41,23,3,1.40,1,2.19,942528,Y4,,,0,15.885,clean,0,0,0.00,0,0
41,24,3,1.47,495,2.47,1037210,Y2,,,0,15.825,clean,0,0,0.00,0,0
41,25,3,1.52,1,2.38,1320988,Y4,,,0,15.419,clean,0,0,0.00,0,0
41,26,3,1.79,1,2.32,395715,Y4,,,0,14.989,clean,0,0,0.00,0,0
41,27,3,1.70,1,2.30,157177,Y4,,,0,14.953,clean,0,0,0.00,0,0
41,28,3,1.50,1,2.27,323385,Y2,,,0,14.579,clean,0,0,0.00,0,0
41,29,3,1.64,1,2.24,1434624,Y2,,,0,14.357,clean,0,0,0.00,0,0
41,30,3,1.59,1,2.70,1371503,Y4,,,0,14.141,clean,0,0,0.00,0,0
41,31,3,1.94,1,2.33,611454,Y4,,,0,13.866,clean,0,0,0.00,0,0
41,32,3,1.36,874,2.37,19491,Y4,,,0,13.632,clean,0,0,0.00,0,0
41,33,3,1.90,1,2.28,94056,Y2,,,0,13.523,clean,0,0,0.00,0,0
41,34,3,1.53,1,2.52,52661,Y4,,,0,13.513,clean,0,0,0.00,0,0
41,35,3,1.58,1,2.26,157356,Y2,,,0,13.579,clean,0,0,0.00,0,0
41,36,3,1.86,1,2.23,829965,Y4,,,0,13.663,clean,0,0,0.00,0,0
41,37,3,1.96,1,2.52,1266986,Y2,,,0,13.623,clean,0,0,0.00,0,0
41,38,3,1.63,1,2.37,1226664,Y2,,,0,13.510,clean,0,0,0.00,0,0
41,39,3,1.56,1,2.49,370771,Y4,,,0,13.417,clean,0,0,0.00,0,0
41,40,3,1.83,1,2.64,26733,Y4,,,0,13.419,clean,0,0,0.00,0,0
41,41,3,1.90,1,2.52,1184285,Y2,,,0,13.417,clean,0,0,0.00,0,0
41,42,3,1.57,1,2.40,524104,Y4,,,0,13.399,clean,0,0,0.00,0,0
41,43,3,1.74,1,2.52,1216114,Y4,,,0,13.307,clean,0,0,0.00,0,0
41,44,3,1.85,1,2.38,119090,Y4,,,0,13.115,clean,0,0,0.00,0,0
41,45,3,1.78,1,2.42,247300,Y2,,,0,12.929,clean,0,0,0.00,0,0
41,46,3,1.82,1,2.29,495225,Y2,,,0,12.786,clean,0,0,0.00,0,0
41,47,3,1.71,1,2.44,1164705,Y2,,,0,12.535,clean,0,0,0.00,0,0
41,48,3,3.48,1,2.39,112563,Y4,0.00/noise-like,0.00/noise-like,0,12.143,hump-note,0,0,0.00,0,0
41,49,3,2.12,1,2.68,745654,Y4,,,0,11.742,clean,0,0,0.00,0,0
41,50,3,1.98,1,2.26,601441,Y2,,,0,11.426,clean,0,0,0.00,0,0
41,51,3,1.95,1,2.28,19491,Y2,,,0,11.112,clean,0,0,0.00,0,0
41,52,3,2.21,1,2.47,1100153,Y2,,,0,10.860,clean,0,0,0.00,0,0
41,53,3,2.16,1,2.52,321954,Y2,,,0,10.658,clean,0,0,0.00,0,0
41,54,3,2.08,1,2.52,77337,Y2,,,0,10.317,clean,0,0,0.00,0,0
41,55,3,2.51,1,2.35,311673,Y2,0.24/noise-like,0.00/noise-like,0,9.826,hump-note,0,0,0.00,0,0
41,56,3,2.40,1,2.41,141710,Y2,,,0,9.204,clean,0,0,0.00,0,0
41,57,3,3.27,1,2.21,28431,Y2,0.24/noise-like,0.24/noise-like,0,8.501,hump-note,0,0,0.00,0,0
41,58,3,3.31,1,2.38,767469,Y4,0.24/noise-like,0.24/noise-like,0,7.917,hump-note,0,0,0.00,0,0
41,59,3,0,-1,0,0,-,,,0,7.259,QUARANTINE:dark-lane range=68 distinct=62,0,0,0.00,0,0
41,60,3,0,-1,0,0,-,,,0,6.438,QUARANTINE:dark-lane range=57 distinct=55,0,0,0.00,0,0
41,61,3,0,-1,0,0,-,,,0,5.571,QUARANTINE:dark-lane range=50 distinct=50,0,0,0.00,0,0
41,62,3,0,-1,0,0,-,,,0,4.678,QUARANTINE:dark-lane range=38 distinct=39,0,0,0.00,0,0
41,63,3,0,-1,0,0,-,,,0,3.930,QUARANTINE:dark-lane range=33 distinct=33,0,0,0.00,0,0
42,0,3,1.90,1,2.73,890940,Y2,,,0,19.654,clean,0,0,0.00,0,0
42,1,3,1.59,1,2.59,118643,Y2,,,0,19.567,clean,0,0,0.00,0,0
42,2,3,1.39,1,2.20,997871,Y4,,,0,19.552,clean,0,0,0.00,0,0
42,3,3,1.40,451,2.36,473499,Y2,,,0,19.627,clean,0,0,0.00,0,0
42,4,3,1.41,1,2.45,1255721,Y4,,,0,19.769,clean,0,0,0.00,0,0
42,5,3,1.46,1,2.29,487715,Y2,,,0,19.552,clean,0,0,0.00,0,0
42,6,3,1.44,1476,2.62,199646,Y2,,,0,19.302,clean,0,0,0.00,0,0
42,7,3,1.35,704,2.27,1449645,Y2,,,0,19.090,clean,0,0,0.00,0,0
42,8,3,1.43,36,2.47,1103282,Y2,,,0,18.818,clean,0,0,0.00,0,0
42,9,3,1.39,1,2.48,723839,Y2,,,0,18.393,clean,0,0,0.00,0,0
42,10,3,1.44,1,2.35,37909,Y4,,,0,18.070,clean,0,0,0.00,0,0
42,11,3,1.37,1,2.32,1160860,Y4,,,0,17.643,clean,0,0,0.00,0,0
42,12,3,1.39,1,2.53,1023799,Y2,,,0,17.190,clean,0,0,0.00,0,0
42,13,3,1.42,1,2.31,691921,Y2,,,0,16.743,clean,0,0,0.00,0,0
42,14,3,1.43,276,2.40,1036763,Y2,,,0,16.450,clean,0,0,0.00,0,0
42,15,3,1.48,1,2.54,221014,Y2,,,0,16.247,clean,0,0,0.00,0,0
42,16,3,1.53,1,2.35,802785,Y4,,,0,16.309,clean,0,0,0.00,0,0
42,17,3,1.40,1,2.52,413775,Y2,,,0,16.451,clean,0,0,0.00,0,0
42,18,3,1.55,862,2.42,275820,Y2,,,0,17.710,clean,0,0,0.00,0,0
42,19,3,1.41,1,2.32,149488,Y4,,,0,16.400,clean,0,0,0.00,0,0
42,20,3,1.49,1,2.56,1106054,Y2,,,0,16.088,clean,0,0,0.00,0,0
42,21,3,1.52,1,2.35,1400292,Y2,,,0,15.946,clean,0,0,0.00,0,0
42,22,3,1.55,1,2.30,1450270,Y4,,,0,15.907,clean,0,0,0.00,0,0
42,23,3,1.88,1,2.59,315517,Y4,,,0,15.879,clean,0,0,0.00,0,0
42,24,3,1.44,1,2.63,582844,Y2,,,0,15.771,clean,0,0,0.00,0,0
42,25,3,1.53,1,2.40,1392692,Y4,,,0,15.411,clean,0,0,0.00,0,0
42,26,3,1.72,1,2.56,1287282,Y2,,,0,14.995,clean,0,0,0.00,0,0
42,27,3,1.58,653,2.29,633448,Y4,,,0,14.950,clean,0,0,0.00,0,0
42,28,3,1.71,1,2.43,1070738,Y2,,,0,14.557,clean,0,0,0.00,0,0
42,29,3,1.42,1,2.43,929654,Y4,,,0,14.381,clean,0,0,0.00,0,0
42,30,3,1.93,1,2.30,656694,Y2,,,0,14.107,clean,0,0,0.00,0,0
42,31,3,1.90,1,2.33,1109630,Y4,,,0,13.907,clean,0,0,0.00,0,0
42,32,3,1.51,1458,2.47,1026392,Y2,,,0,13.667,clean,0,0,0.00,0,0
42,33,3,1.54,1,2.27,114352,Y4,,,0,13.517,clean,0,0,0.00,0,0
42,34,3,1.77,1,2.32,110596,Y2,,,0,13.483,clean,0,0,0.00,0,0
42,35,3,1.84,1,2.61,808418,Y2,,,0,13.580,clean,0,0,0.00,0,0
42,36,3,1.82,1,2.46,1001894,Y2,,,0,13.671,clean,0,0,0.00,0,0
42,37,3,1.62,1,2.50,594556,Y4,,,0,13.620,clean,0,0,0.00,0,0
42,38,3,1.85,1,2.63,374615,Y2,,,0,13.507,clean,0,0,0.00,0,0
42,39,3,2.11,1,2.35,1149416,Y2,,,0,13.439,clean,0,0,0.00,0,0
42,40,3,1.58,1,2.52,705332,Y2,,,0,13.395,clean,0,0,0.00,0,0
42,41,3,1.62,1,2.37,630319,Y2,,,0,13.385,clean,0,0,0.00,0,0
42,42,3,1.80,1,2.29,124454,Y2,,,0,13.392,clean,0,0,0.00,0,0
42,43,3,2.04,1,2.38,187039,Y4,,,0,13.308,clean,0,0,0.00,0,0
42,44,3,1.83,1,2.36,1139045,Y4,,,0,13.108,clean,0,0,0.00,0,0
42,45,3,1.86,1,2.44,1248479,Y4,,,0,12.909,clean,0,0,0.00,0,0
42,46,3,1.85,1,2.34,295848,Y2,,,0,12.749,clean,0,0,0.00,0,0
42,47,3,1.60,1,2.33,1412183,Y4,,,0,12.506,clean,0,0,0.00,0,0
42,48,3,3.71,1,2.33,471443,Y4,0.00/noise-like,0.00/noise-like,0,12.139,hump-note,0,0,0.00,0,0
42,49,3,1.75,1,2.35,1101315,Y2,,,0,11.763,clean,0,0,0.00,0,0
42,50,3,1.94,1,2.30,855267,Y4,,,0,11.430,clean,0,0,0.00,0,0
42,51,3,2.25,1,2.42,491023,Y4,,,0,11.104,clean,0,0,0.00,0,0
42,52,3,2.37,1,2.46,777930,Y4,,,0,10.889,clean,0,0,0.00,0,0
42,53,3,2.24,1,2.51,538230,Y4,,,0,10.668,clean,0,0,0.00,0,0
42,54,3,2.38,1,2.51,150025,Y2,,,0,10.295,clean,0,0,0.00,0,0
42,55,3,2.64,1,2.54,168622,Y4,0.24/noise-like,0.00/noise-like,0,9.824,hump-note,0,0,0.00,0,0
42,56,3,2.71,1,2.45,78320,Y2,0.00/noise-like,0.00/noise-like,0,9.181,hump-note,0,0,0.00,0,0
42,57,3,2.67,1,2.57,461340,Y4,0.00/noise-like,0.00/noise-like,0,8.509,hump-note,0,0,0.00,0,0
42,58,3,3.20,1,2.29,921965,Y2,0.00/noise-like,0.00/noise-like,0,7.917,hump-note,0,0,0.00,0,0
42,59,3,0,-1,0,0,-,,,0,7.256,QUARANTINE:dark-lane range=62 distinct=63,0,0,0.00,0,0
42,60,3,0,-1,0,0,-,,,0,6.418,QUARANTINE:dark-lane range=61 distinct=58,0,0,0.00,0,0
42,61,3,0,-1,0,0,-,,,0,5.572,QUARANTINE:dark-lane range=50 distinct=49,0,0,0.00,0,0
42,62,3,0,-1,0,0,-,,,0,4.686,QUARANTINE:dark-lane range=47 distinct=44,0,0,0.00,0,0
42,63,3,0,-1,0,0,-,,,0,3.929,QUARANTINE:dark-lane range=34 distinct=34,0,0,0.00,0,0
43,0,3,2.22,1,2.34,84668,Y2,,,0,19.646,clean,0,0,0.00,0,0
43,1,3,1.51,1,2.45,1443475,Y2,,,0,19.598,clean,0,0,0.00,0,0
43,2,3,1.39,1428,2.39,854731,Y2,,,0,19.539,clean,0,0,0.00,0,0
43,3,3,1.38,309,2.18,509977,Y4,,,0,19.652,clean,0,0,0.00,0,0
43,4,3,1.36,836,2.24,1348615,Y2,,,0,19.747,clean,0,0,0.00,0,0
43,5,3,1.46,1,2.39,23693,Y4,,,0,19.553,clean,0,0,0.00,0,0
43,6,3,1.64,1,2.35,649184,Y4,,,0,19.288,clean,0,0,0.00,0,0
43,7,3,1.37,455,2.37,635594,Y2,,,0,19.055,clean,0,0,0.00,0,0
43,8,3,1.49,1,2.62,49442,Y4,,,0,18.775,clean,0,0,0.00,0,0
43,9,3,1.49,1,2.48,659287,Y2,,,0,18.421,clean,0,0,0.00,0,0
43,10,3,1.50,1,2.33,772744,Y4,,,0,18.010,clean,0,0,0.00,0,0
43,11,3,1.60,1,2.69,284225,Y2,,,0,17.650,clean,0,0,0.00,0,0
43,12,3,1.43,1,2.38,1205832,Y2,,,0,17.187,clean,0,0,0.00,0,0
43,13,3,1.50,1,2.40,981331,Y4,,,0,16.755,clean,0,0,0.00,0,0
43,14,3,1.39,1,2.21,1200914,Y4,,,0,16.404,clean,0,0,0.00,0,0
43,15,3,1.70,1,2.39,1285225,Y4,,,0,16.259,clean,0,0,0.00,0,0
43,16,3,1.50,1,2.35,647575,Y4,,,0,16.295,clean,0,0,0.00,0,0
43,17,3,1.46,1,2.32,342608,Y2,,,0,16.428,clean,0,0,0.00,0,0
43,18,3,1.46,672,2.81,1199931,Y4,,,0,17.713,clean,0,0,0.00,0,0
43,19,3,1.56,1,2.34,1365781,Y2,,,0,16.398,clean,0,0,0.00,0,0
43,20,3,1.49,1,2.32,326961,Y2,,,0,16.076,clean,0,0,0.00,0,0
43,21,3,1.78,1,2.27,689507,Y2,,,0,15.950,clean,0,0,0.00,0,0
43,22,3,1.48,1,2.39,1054466,Y2,,,0,15.914,clean,0,0,0.00,0,0
43,23,3,1.38,499,2.46,437647,Y4,,,0,15.896,clean,0,0,0.00,0,0
43,24,3,1.83,1,2.31,525981,Y4,,,0,15.814,clean,0,0,0.00,0,0
43,25,3,1.58,1,2.53,607252,Y2,,,0,15.400,clean,0,0,0.00,0,0
43,26,3,1.68,1,2.30,99331,Y2,,,0,15.007,clean,0,0,0.00,0,0
43,27,3,1.85,1,2.32,743866,Y2,,,0,14.949,clean,0,0,0.00,0,0
43,28,3,1.53,1,2.37,311852,Y4,,,0,14.587,clean,0,0,0.00,0,0
43,29,3,1.72,1,2.55,523746,Y2,,,0,14.395,clean,0,0,0.00,0,0
43,30,3,1.47,1,2.30,466347,Y2,,,0,14.136,clean,0,0,0.00,0,0
43,31,3,1.99,1,2.35,1070470,Y4,,,0,13.873,clean,0,0,0.00,0,0
43,32,3,1.42,455,2.47,1235247,Y2,,,0,13.611,clean,0,0,0.00,0,0
43,33,3,1.86,1,2.43,1397878,Y4,,,0,13.523,clean,0,0,0.00,0,0
43,34,3,1.86,1,2.44,1352817,Y4,,,0,13.481,clean,0,0,0.00,0,0
43,35,3,1.65,1,2.57,1209766,Y4,,,0,13.578,clean,0,0,0.00,0,0
43,36,3,1.79,1,2.44,188112,Y4,,,0,13.663,clean,0,0,0.00,0,0
43,37,3,1.82,1,2.47,1340210,Y4,,,0,13.633,clean,0,0,0.00,0,0
43,38,3,1.85,1,2.44,1455814,Y2,,,0,13.498,clean,0,0,0.00,0,0
43,39,3,2.04,1,2.42,980705,Y4,,,0,13.453,clean,0,0,0.00,0,0
43,40,3,1.64,1,2.51,1458585,Y2,,,0,13.407,clean,0,0,0.00,0,0
43,41,3,1.79,1,2.66,552624,Y2,,,0,13.409,clean,0,0,0.00,0,0
43,42,3,1.75,1,2.27,631213,Y4,,,0,13.349,clean,0,0,0.00,0,0
43,43,3,1.78,1,2.30,777125,Y2,,,0,13.287,clean,0,0,0.00,0,0
43,44,3,1.80,1,2.29,598758,Y4,,,0,13.113,clean,0,0,0.00,0,0
43,45,3,1.98,1,2.20,320971,Y2,,,0,12.930,clean,0,0,0.00,0,0
43,46,3,1.61,1,2.31,231117,Y2,,,0,12.763,clean,0,0,0.00,0,0
43,47,3,1.93,1,2.43,1338691,Y4,,,0,12.523,clean,0,0,0.00,0,0
43,48,3,3.20,1,2.37,1463771,Y4,0.24/noise-like,0.00/noise-like,0,12.164,hump-note,0,0,0.00,0,0
43,49,3,2.02,1,2.59,613332,Y2,,,0,11.738,clean,0,0,0.00,0,0
43,50,3,2.18,1,2.29,963718,Y2,,,0,11.415,clean,0,0,0.00,0,0
43,51,3,2.00,1,2.28,131428,Y2,,,0,11.111,clean,0,0,0.00,0,0
43,52,3,2.25,1,2.43,788391,Y4,,,0,10.854,clean,0,0,0.00,0,0
43,53,3,2.23,1,2.37,186682,Y4,,,0,10.656,clean,0,0,0.00,0,0
43,54,3,2.29,1,2.32,365406,Y4,,,0,10.299,clean,0,0,0.00,0,0
43,55,3,2.12,1,2.52,926793,Y4,,,0,9.816,clean,0,0,0.00,0,0
43,56,3,2.34,1,2.70,1085132,Y2,,,0,9.191,clean,0,0,0.00,0,0
43,57,3,2.49,1,2.17,270098,Y2,,,0,8.518,clean,0,0,0.00,0,0
43,58,3,3.20,1,2.52,95576,Y4,0.00/noise-like,0.24/noise-like,0,7.924,hump-note,0,0,0.00,0,0
43,59,3,0,-1,0,0,-,,,0,7.262,QUARANTINE:dark-lane range=62 distinct=61,0,0,0.00,0,0
43,60,3,0,-1,0,0,-,,,0,6.436,QUARANTINE:dark-lane range=54 distinct=54,0,0,0.00,0,0
43,61,3,0,-1,0,0,-,,,0,5.580,QUARANTINE:dark-lane range=50 distinct=50,0,0,0.00,0,0
43,62,3,0,-1,0,0,-,,,0,4.686,QUARANTINE:dark-lane range=38 distinct=39,0,0,0.00,0,0
43,63,3,0,-1,0,0,-,,,0,3.928,QUARANTINE:dark-lane range=34 distinct=34,0,0,0.00,0,0
44,0,3,1.92,1,2.53,13411,Y2,,,0,19.643,clean,0,0,0.00,0,0
44,1,3,1.39,1,2.62,183552,Y4,,,0,19.565,clean,0,0,0.00,0,0
44,2,3,1.36,1386,2.38,703186,Y4,,,0,19.551,clean,0,0,0.00,0,0
44,3,3,1.47,1331,2.50,175059,Y4,,,0,19.660,clean,0,0,0.00,0,0
44,4,3,1.46,1,2.31,1330465,Y2,,,0,19.770,clean,0,0,0.00,0,0
44,5,3,1.39,1439,2.71,635594,Y4,,,0,19.531,clean,0,0,0.00,0,0
44,6,3,1.39,1,2.73,465721,Y4,,,0,19.270,clean,0,0,0.00,0,0
44,7,3,1.41,1,2.47,31471,Y2,,,0,19.061,clean,0,0,0.00,0,0
44,8,3,1.40,1,2.70,76264,Y4,,,0,18.810,clean,0,0,0.00,0,0
44,9,3,1.40,1,2.30,248998,Y4,,,0,18.407,clean,0,0,0.00,0,0
44,10,3,1.52,1,2.43,463665,Y4,,,0,18.054,clean,0,0,0.00,0,0
44,11,3,1.46,280,2.36,162899,Y4,,,0,17.668,clean,0,0,0.00,0,0
44,12,3,1.58,1,2.38,832647,Y2,,,0,17.199,clean,0,0,0.00,0,0
44,13,3,1.36,1,2.66,1184195,Y2,,,0,16.740,clean,0,0,0.00,0,0
44,14,3,1.54,1,2.76,1338512,Y2,,,0,16.438,clean,0,0,0.00,0,0
44,15,3,1.63,1,2.34,50068,Y4,,,0,16.273,clean,0,0,0.00,0,0
44,16,3,1.40,135,2.43,185341,Y2,,,0,16.301,clean,0,0,0.00,0,0
44,17,3,1.43,1,2.43,922143,Y4,,,0,16.439,clean,0,0,0.00,0,0
44,18,3,1.62,745,2.40,745833,Y2,,,0,17.728,clean,0,0,0.00,0,0
44,19,3,1.50,1,2.43,663221,Y2,,,0,16.411,clean,0,0,0.00,0,0
44,20,3,1.44,1,2.25,1179367,Y4,,,0,16.070,clean,0,0,0.00,0,0
44,21,3,1.54,1,2.39,1076907,Y2,,,0,15.945,clean,0,0,0.00,0,0
44,22,3,1.53,1,2.31,1108557,Y2,,,0,15.939,clean,0,0,0.00,0,0
44,23,3,1.77,1,2.43,1247317,Y4,,,0,15.921,clean,0,0,0.00,0,0
44,24,3,1.68,1,2.50,233978,Y2,,,0,15.803,clean,0,0,0.00,0,0
44,25,3,1.54,1,2.67,801891,Y4,,,0,15.377,clean,0,0,0.00,0,0
44,26,3,1.50,1,2.44,1432031,Y4,,,0,14.978,clean,0,0,0.00,0,0
44,27,3,1.77,1,2.30,134379,Y2,,,0,14.972,clean,0,0,0.00,0,0
44,28,3,1.72,1,2.35,1368105,Y4,,,0,14.563,clean,0,0,0.00,0,0
44,29,3,1.51,1,2.48,1455456,Y4,,,0,14.375,clean,0,0,0.00,0,0
44,30,3,1.46,1,2.48,327855,Y4,,,0,14.142,clean,0,0,0.00,0,0
44,31,3,1.83,1,2.46,344396,Y2,,,0,13.870,clean,0,0,0.00,0,0
44,32,3,1.52,885,2.48,1006365,Y2,,,0,13.636,clean,0,0,0.00,0,0
44,33,3,1.73,1,2.33,159949,Y4,,,0,13.525,clean,0,0,0.00,0,0
44,34,3,1.81,1,2.25,101209,Y2,,,0,13.502,clean,0,0,0.00,0,0
44,35,3,1.61,1,2.49,78946,Y4,,,0,13.580,clean,0,0,0.00,0,0
44,36,3,1.93,1,2.29,510693,Y4,,,0,13.672,clean,0,0,0.00,0,0
44,37,3,1.67,1,2.44,603765,Y2,,,0,13.647,clean,0,0,0.00,0,0
44,38,3,1.80,1,2.44,205457,Y2,,,0,13.500,clean,0,0,0.00,0,0
44,39,3,1.82,1,2.53,1373291,Y2,,,0,13.438,clean,0,0,0.00,0,0
44,40,3,1.71,1,2.32,178277,Y4,,,0,13.403,clean,0,0,0.00,0,0
44,41,3,1.88,1,2.57,1231939,Y4,,,0,13.403,clean,0,0,0.00,0,0
44,42,3,1.67,1,2.44,750661,Y2,,,0,13.340,clean,0,0,0.00,0,0
44,43,3,1.99,1,2.42,195444,Y4,,,0,13.296,clean,0,0,0.00,0,0
44,44,3,1.87,1,2.34,40770,Y2,,,0,13.080,clean,0,0,0.00,0,0
44,45,3,1.92,1,2.51,463843,Y2,,,0,12.944,clean,0,0,0.00,0,0
44,46,3,1.83,1,2.40,883698,Y4,,,0,12.770,clean,0,0,0.00,0,0
44,47,3,1.85,1,2.22,180155,Y2,,,0,12.502,clean,0,0,0.00,0,0
44,48,3,3.17,1,2.48,1288176,Y2,0.00/noise-like,0.00/noise-like,0,12.152,hump-note,0,0,0.00,0,0
44,49,3,2.17,1,2.24,175416,Y4,,,0,11.751,clean,0,0,0.00,0,0
44,50,3,2.09,1,2.42,359148,Y4,,,0,11.413,clean,0,0,0.00,0,0
44,51,3,1.91,1,2.36,1430690,Y2,,,0,11.111,clean,0,0,0.00,0,0
44,52,3,2.06,1,2.36,620484,Y2,,,0,10.880,clean,0,0,0.00,0,0
44,53,3,2.11,1,2.66,688523,Y2,,,0,10.659,clean,0,0,0.00,0,0
44,54,3,2.19,1,2.68,730366,Y2,,,0,10.304,clean,0,0,0.00,0,0
44,55,3,2.82,1,2.72,1202166,Y2,0.00/noise-like,0.00/noise-like,0,9.845,hump-note,0,0,0.00,0,0
44,56,3,2.37,1,2.49,171840,Y2,,,0,9.180,clean,0,0,0.00,0,0
44,57,3,3.01,1,2.41,380516,Y4,0.00/noise-like,0.24/noise-like,0,8.508,hump-note,0,0,0.00,0,0
44,58,3,3.33,1,2.37,81182,Y2,0.00/noise-like,0.00/noise-like,0,7.926,hump-note,0,0,0.00,0,0
44,59,3,0,-1,0,0,-,,,0,7.254,QUARANTINE:dark-lane range=61 distinct=62,0,0,0.00,0,0
44,60,3,0,-1,0,0,-,,,0,6.438,QUARANTINE:dark-lane range=57 distinct=56,0,0,0.00,0,0
44,61,3,0,-1,0,0,-,,,0,5.567,QUARANTINE:dark-lane range=47 distinct=47,0,0,0.00,0,0
44,62,3,0,-1,0,0,-,,,0,4.692,QUARANTINE:dark-lane range=42 distinct=41,0,0,0.00,0,0
44,63,3,0,-1,0,0,-,,,0,3.938,QUARANTINE:dark-lane range=36 distinct=36,0,0,0.00,0,0
45,0,3,1.92,1,2.54,107199,Y4,,,0,19.642,clean,0,0,0.00,0,0
45,1,3,1.46,1,2.30,978112,Y2,,,0,19.571,clean,0,0,0.00,0,0
45,2,3,1.43,1,2.39,957549,Y2,,,0,19.588,clean,0,0,0.00,0,0
45,3,3,1.50,1,2.57,607878,Y2,,,0,19.624,clean,0,0,0.00,0,0
45,4,3,1.43,269,2.44,532597,Y2,,,0,19.789,clean,0,0,0.00,0,0
45,5,3,1.40,1023,2.36,157446,Y4,,,0,19.537,clean,0,0,0.00,0,0
45,6,3,1.37,1476,2.40,1339048,Y2,,,0,19.263,clean,0,0,0.00,0,0
45,7,3,1.34,786,2.36,258833,Y4,,,0,19.104,clean,0,0,0.00,0,0
45,8,3,1.44,1,2.50,366300,Y2,,,0,18.783,clean,0,0,0.00,0,0
45,9,3,1.52,1,2.27,792056,Y4,,,0,18.413,clean,0,0,0.00,0,0
45,10,3,1.52,1,2.31,968814,Y4,,,0,18.069,clean,0,0,0.00,0,0
45,11,3,1.37,273,2.55,942081,Y4,,,0,17.616,clean,0,0,0.00,0,0
45,12,3,1.44,1,2.30,387490,Y4,,,0,17.208,clean,0,0,0.00,0,0
45,13,3,1.42,1057,2.45,1258850,Y4,,,0,16.742,clean,0,0,0.00,0,0
45,14,3,1.36,148,2.48,297368,Y4,,,0,16.441,clean,0,0,0.00,0,0
45,15,3,1.44,404,2.40,1015753,Y4,,,0,16.254,clean,0,0,0.00,0,0
45,16,3,1.66,1,2.46,1387149,Y4,,,0,16.278,clean,0,0,0.00,0,0
45,17,3,1.48,1,2.54,840515,Y2,,,0,16.462,clean,0,0,0.00,0,0
45,18,3,1.60,555,2.24,940740,Y4,,,0,17.694,clean,0,0,0.00,0,0
45,19,3,1.64,1,2.53,204206,Y4,,,0,16.397,clean,0,0,0.00,0,0
45,20,3,1.45,1,2.29,1285851,Y2,,,0,16.114,clean,0,0,0.00,0,0
45,21,3,1.59,1,2.48,1012623,Y4,,,0,15.907,clean,0,0,0.00,0,0
45,22,3,1.64,1,2.45,152528,Y2,,,0,15.926,clean,0,0,0.00,0,0
45,23,3,1.58,1,2.52,1225054,Y2,,,0,15.933,clean,0,0,0.00,0,0
45,24,3,1.68,1,2.44,1340032,Y4,,,0,15.786,clean,0,0,0.00,0,0
45,25,3,1.59,1,2.28,737607,Y4,,,0,15.423,clean,0,0,0.00,0,0
45,26,3,1.52,1,2.34,1005381,Y2,,,0,14.998,clean,0,0,0.00,0,0
45,27,3,1.70,616,2.43,538051,Y2,,,0,14.932,clean,0,0,0.00,0,0
45,28,3,1.76,1,2.28,338227,Y4,,,0,14.571,clean,0,0,0.00,0,0
45,29,3,1.58,1,2.68,1215488,Y4,,,0,14.390,clean,0,0,0.00,0,0
45,30,3,1.79,1,2.30,281543,Y4,,,0,14.149,clean,0,0,0.00,0,0
45,31,3,1.69,1,2.57,1458049,Y2,,,0,13.871,clean,0,0,0.00,0,0
45,32,3,1.44,1,2.34,1433015,Y4,,,0,13.638,clean,0,0,0.00,0,0
45,33,3,1.66,1,2.37,119805,Y4,,,0,13.516,clean,0,0,0.00,0,0
45,34,3,1.70,1,2.45,82433,Y4,,,0,13.507,clean,0,0,0.00,0,0
45,35,3,1.52,1,2.38,39965,Y4,,,0,13.598,clean,0,0,0.00,0,0
45,36,3,1.82,1,2.35,814497,Y2,,,0,13.669,clean,0,0,0.00,0,0
45,37,3,1.54,1,2.37,967026,Y2,,,0,13.635,clean,0,0,0.00,0,0
45,38,3,1.43,1,2.33,1336008,Y2,,,0,13.487,clean,0,0,0.00,0,0
45,39,3,2.06,1,2.44,815213,Y4,,,0,13.426,clean,0,0,0.00,0,0
45,40,3,1.75,1,2.38,302374,Y4,,,0,13.386,clean,0,0,0.00,0,0
45,41,3,1.59,1,2.79,112653,Y4,,,0,13.403,clean,0,0,0.00,0,0
45,42,3,1.79,1,2.28,1214057,Y4,,,0,13.397,clean,0,0,0.00,0,0
45,43,3,1.77,1,2.35,756919,Y4,,,0,13.283,clean,0,0,0.00,0,0
45,44,3,1.80,1,2.36,1456529,Y4,,,0,13.080,clean,0,0,0.00,0,0
45,45,3,2.18,1,2.28,1111597,Y2,,,0,12.938,clean,0,0,0.00,0,0
45,46,3,2.03,1,2.44,569880,Y2,,,0,12.738,clean,0,0,0.00,0,0
45,47,3,1.50,1,2.29,1192421,Y2,,,0,12.529,clean,0,0,0.00,0,0
45,48,3,2.78,1,2.35,178546,Y4,0.24/noise-like,0.24/noise-like,0,12.122,hump-note,0,0,0.00,0,0
45,49,3,1.94,1,2.30,1452506,Y2,,,0,11.764,clean,0,0,0.00,0,0
45,50,3,2.14,1,2.44,139475,Y2,,,0,11.436,clean,0,0,0.00,0,0
45,51,3,2.17,1,2.28,1154691,Y2,,,0,11.104,clean,0,0,0.00,0,0
45,52,3,2.00,1,2.23,1197517,Y2,,,0,10.864,clean,0,0,0.00,0,0
45,53,3,2.29,1,2.30,621647,Y4,,,0,10.657,clean,0,0,0.00,0,0
45,54,3,2.59,1,2.34,873953,Y2,0.00/noise-like,0.00/noise-like,0,10.309,hump-note,0,0,0.00,0,0
45,55,3,2.32,1,2.28,569165,Y2,,,0,9.808,clean,0,0,0.00,0,0
45,56,3,2.51,1,2.64,391424,Y4,0.00/noise-like,0.00/noise-like,0,9.199,hump-note,0,0,0.00,0,0
45,57,3,2.47,1,2.42,910342,Y4,,,0,8.500,clean,0,0,0.00,0,0
45,58,3,3.06,1,2.28,647038,Y2,0.00/noise-like,0.00/noise-like,0,7.929,hump-note,0,0,0.00,0,0
45,59,3,0,-1,0,0,-,,,0,7.266,QUARANTINE:dark-lane range=66 distinct=63,0,0,0.00,0,0
45,60,3,0,-1,0,0,-,,,0,6.441,QUARANTINE:dark-lane range=60 distinct=56,0,0,0.00,0,0
45,61,3,0,-1,0,0,-,,,0,5.575,QUARANTINE:dark-lane range=47 distinct=48,0,0,0.00,0,0
45,62,3,0,-1,0,0,-,,,0,4.693,QUARANTINE:dark-lane range=41 distinct=42,0,0,0.00,0,0
45,63,3,0,-1,0,0,-,,,0,3.929,QUARANTINE:dark-lane range=34 distinct=35,0,0,0.00,0,0
46,0,3,2.65,1,2.57,620395,Y4,0.00/noise-like,0.00/noise-like,0,19.596,hump-note,0,0,0.00,0,0
46,1,3,1.32,1210,2.43,695050,Y4,,,0,19.585,clean,0,0,0.00,0,0
46,2,3,1.34,289,2.53,612438,Y2,,,0,19.575,clean,0,0,0.00,0,0
46,3,3,1.34,1507,2.36,87976,Y4,,,0,19.640,clean,0,0,0.00,0,0
46,4,3,1.36,1,2.53,768811,Y2,,,0,19.788,clean,0,0,0.00,0,0
46,5,3,1.60,1,2.29,423610,Y2,,,0,19.559,clean,0,0,0.00,0,0
46,6,3,1.46,1476,2.44,42379,Y4,,,0,19.297,clean,0,0,0.00,0,0
46,7,3,1.41,1,2.41,618964,Y4,,,0,19.101,clean,0,0,0.00,0,0
46,8,3,1.36,97,2.54,420839,Y2,,,0,18.806,clean,0,0,0.00,0,0
46,9,3,1.41,1,2.58,866711,Y4,,,0,18.411,clean,0,0,0.00,0,0
46,10,3,1.58,1,2.74,50247,Y2,,,0,18.066,clean,0,0,0.00,0,0
46,11,3,1.40,1409,2.61,731081,Y4,,,0,17.669,clean,0,0,0.00,0,0
46,12,3,1.44,1057,2.21,999391,Y2,,,0,17.185,clean,0,0,0.00,0,0
46,13,3,1.54,1,2.38,1172483,Y4,,,0,16.740,clean,0,0,0.00,0,0
46,14,3,1.66,1,2.36,113904,Y2,,,0,16.410,clean,0,0,0.00,0,0
46,15,3,1.64,1,2.52,247031,Y4,,,0,16.242,clean,0,0,0.00,0,0
46,16,3,1.46,1,2.36,1247853,Y4,,,0,16.273,clean,0,0,0.00,0,0
46,17,3,1.58,1,2.72,1278877,Y2,,,0,16.478,clean,0,0,0.00,0,0
46,18,3,1.49,1,2.31,838816,Y2,,,0,17.728,clean,0,0,0.00,0,0
46,19,3,1.53,1,2.48,279486,Y4,,,0,16.369,clean,0,0,0.00,0,0
46,20,3,1.49,1,2.41,37730,Y4,,,0,16.053,clean,0,0,0.00,0,0
46,21,3,1.72,1,2.32,188470,Y4,,,0,15.914,clean,0,0,0.00,0,0
46,22,3,1.57,1,2.32,686556,Y2,,,0,15.936,clean,0,0,0.00,0,0
46,23,3,1.58,1,2.48,1160502,Y2,,,0,15.894,clean,0,0,0.00,0,0
46,24,3,1.43,1,2.40,1345396,Y4,,,0,15.809,clean,0,0,0.00,0,0
46,25,3,1.90,1,2.38,781775,Y4,,,0,15.426,clean,0,0,0.00,0,0
46,26,3,1.67,1,2.44,823259,Y4,,,0,14.970,clean,0,0,0.00,0,0
46,27,3,1.73,1,2.54,153601,Y2,,,0,14.958,clean,0,0,0.00,0,0
46,28,3,1.94,1,2.32,19938,Y4,,,0,14.610,clean,0,0,0.00,0,0
46,29,3,1.82,1,2.35,1375973,Y2,,,0,14.407,clean,0,0,0.00,0,0
46,30,3,1.67,1,2.56,198841,Y4,,,0,14.131,clean,0,0,0.00,0,0
46,31,3,1.78,1,2.32,1042128,Y2,,,0,13.875,clean,0,0,0.00,0,0
46,32,3,1.44,1044,2.50,1086205,Y2,,,0,13.640,clean,0,0,0.00,0,0
46,33,3,1.68,1,2.33,1117498,Y2,,,0,13.525,clean,0,0,0.00,0,0
46,34,3,1.78,1,2.36,1147628,Y2,,,0,13.515,clean,0,0,0.00,0,0
46,35,3,1.66,1,2.46,180423,Y4,,,0,13.571,clean,0,0,0.00,0,0
46,36,3,1.98,1,2.65,519812,Y4,,,0,13.690,clean,0,0,0.00,0,0
46,37,3,1.65,1,2.31,803053,Y4,,,0,13.647,clean,0,0,0.00,0,0
46,38,3,1.71,1,2.52,400811,Y2,,,0,13.525,clean,0,0,0.00,0,0
46,39,3,1.96,1,2.65,394642,Y2,,,0,13.450,clean,0,0,0.00,0,0
46,40,3,1.89,1,2.24,756919,Y4,,,0,13.407,clean,0,0,0.00,0,0
46,41,3,2.13,1,2.37,1313120,Y4,,,0,13.374,clean,0,0,0.00,0,0
46,42,3,1.86,1,2.41,921607,Y4,,,0,13.404,clean,0,0,0.00,0,0
46,43,3,1.85,1,2.31,464112,Y4,,,0,13.335,clean,0,0,0.00,0,0
46,44,3,1.95,1,2.54,295132,Y4,,,0,13.107,clean,0,0,0.00,0,0
46,45,3,1.69,1,2.36,301480,Y2,,,0,12.931,clean,0,0,0.00,0,0
46,46,3,1.59,1,2.29,964880,Y4,,,0,12.781,clean,0,0,0.00,0,0
46,47,3,1.96,1,2.53,1056254,Y2,,,0,12.511,clean,0,0,0.00,0,0
46,48,3,3.34,1,2.47,1275569,Y2,0.24/noise-like,0.24/noise-like,0,12.144,hump-note,0,0,0.00,0,0
46,49,3,2.22,1,2.30,109434,Y4,,,0,11.752,clean,0,0,0.00,0,0
46,50,3,1.92,1,2.34,887364,Y4,,,0,11.428,clean,0,0,0.00,0,0
46,51,3,2.05,1,2.93,2861,Y4,,,0,11.136,clean,0,0,0.00,0,0
46,52,3,2.08,1,2.75,305146,Y2,,,0,10.883,clean,0,0,0.00,0,0
46,53,3,2.21,1,2.41,174522,Y4,,,0,10.656,clean,0,0,0.00,0,0
46,54,3,2.23,1,2.48,1270026,Y4,,,0,10.312,clean,0,0,0.00,0,0
46,55,3,2.57,1,2.36,877261,Y2,0.24/noise-like,0.00/noise-like,0,9.816,hump-note,0,0,0.00,0,0
46,56,3,2.65,1,2.47,284582,Y4,0.00/noise-like,0.24/noise-like,0,9.184,hump-note,0,0,0.00,0,0
46,57,3,2.63,1,2.32,76532,Y2,0.24/noise-like,0.00/noise-like,0,8.508,hump-note,0,0,0.00,0,0
46,58,3,2.99,1,2.64,528038,Y2,0.00/noise-like,0.24/noise-like,0,7.920,hump-note,0,0,0.00,0,0
46,59,3,0,-1,0,0,-,,,0,7.259,QUARANTINE:dark-lane range=68 distinct=63,0,0,0.00,0,0
46,60,3,0,-1,0,0,-,,,0,6.433,QUARANTINE:dark-lane range=54 distinct=53,0,0,0.00,0,0
46,61,3,0,-1,0,0,-,,,0,5.576,QUARANTINE:dark-lane range=46 distinct=47,0,0,0.00,0,0
46,62,3,0,-1,0,0,-,,,0,4.693,QUARANTINE:dark-lane range=41 distinct=42,0,0,0.00,0,0
46,63,3,0,-1,0,0,-,,,0,3.927,QUARANTINE:dark-lane range=34 distinct=34,0,0,0.00,0,0
47,0,3,2.14,1,2.28,644892,Y4,,,0,19.611,clean,0,0,0.00,0,0
47,1,3,1.41,1,2.48,704706,Y4,,,0,19.580,clean,0,0,0.00,0,0
47,2,3,1.40,1,2.36,550926,Y4,,,0,19.540,clean,0,0,0.00,0,0
47,3,3,1.35,917,2.31,1220047,Y2,,,0,19.650,clean,0,0,0.00,0,0
47,4,3,1.35,244,2.54,341892,Y2,,,0,19.778,clean,0,0,0.00,0,0
47,5,3,1.37,499,2.35,428170,Y4,,,0,19.515,clean,0,0,0.00,0,0
47,6,3,1.46,1476,2.42,95040,Y4,,,0,19.309,clean,0,0,0.00,0,0
47,7,3,1.37,1,2.39,609487,Y4,,,0,19.078,clean,0,0,0.00,0,0
47,8,3,1.37,1,2.46,132144,Y2,,,0,18.818,clean,0,0,0.00,0,0
47,9,3,1.51,1,2.43,647753,Y4,,,0,18.409,clean,0,0,0.00,0,0
47,10,3,1.40,1008,2.21,1234174,Y2,,,0,18.066,clean,0,0,0.00,0,0
47,11,3,1.52,1,2.33,381768,Y4,,,0,17.651,clean,0,0,0.00,0,0
47,12,3,1.50,1,2.48,143856,Y4,,,0,17.168,clean,0,0,0.00,0,0
47,13,3,1.37,290,2.32,1431227,Y4,,,0,16.706,clean,0,0,0.00,0,0
47,14,3,1.69,1,2.60,231385,Y4,,,0,16.412,clean,0,0,0.00,0,0
47,15,3,1.52,1,2.35,1393229,Y2,,,0,16.223,clean,0,0,0.00,0,0
47,16,3,1.58,1,2.46,974000,Y4,,,0,16.290,clean,0,0,0.00,0,0
47,17,3,1.56,1,2.30,327587,Y2,,,0,16.491,clean,0,0,0.00,0,0
47,18,3,1.50,706,2.56,664294,Y2,,,0,17.742,clean,0,0,0.00,0,0
47,19,3,1.58,1,2.50,127673,Y2,,,0,16.383,clean,0,0,0.00,0,0
47,20,3,1.57,1,2.26,658125,Y4,,,0,16.089,clean,0,0,0.00,0,0
47,21,3,1.68,1,2.27,187665,Y4,,,0,15.928,clean,0,0,0.00,0,0
47,22,3,1.36,691,2.57,253290,Y4,,,0,15.904,clean,0,0,0.00,0,0
47,23,3,1.57,1,2.66,1268506,Y2,,,0,15.894,clean,0,0,0.00,0,0
47,24,3,1.39,1,2.41,740021,Y2,,,0,15.784,clean,0,0,0.00,0,0
47,25,3,1.55,1,2.31,837117,Y4,,,0,15.405,clean,0,0,0.00,0,0
47,26,3,1.46,1,2.46,1423270,Y4,,,0,14.990,clean,0,0,0.00,0,0
47,27,3,1.76,1,2.56,897557,Y2,,,0,14.942,clean,0,0,0.00,0,0
47,28,3,1.74,1,2.67,448287,Y4,,,0,14.593,clean,0,0,0.00,0,0
47,29,3,1.91,1,2.40,398040,Y4,,,0,14.393,clean,0,0,0.00,0,0
47,30,3,1.66,1,2.82,816375,Y2,,,0,14.121,clean,0,0,0.00,0,0
47,31,3,1.87,1,2.27,857949,Y2,,,0,13.883,clean,0,0,0.00,0,0
47,32,3,1.38,1,2.49,122935,Y2,,,0,13.645,clean,0,0,0.00,0,0
47,33,3,1.80,1,2.41,1259476,Y2,,,0,13.538,clean,0,0,0.00,0,0
47,34,3,1.58,1,2.37,1393229,Y2,,,0,13.496,clean,0,0,0.00,0,0
47,35,3,1.66,1,2.45,77248,Y2,,,0,13.548,clean,0,0,0.00,0,0
47,36,3,1.64,1,2.38,322759,Y4,,,0,13.638,clean,0,0,0.00,0,0
47,37,3,1.85,1,2.28,1338422,Y4,,,0,13.639,clean,0,0,0.00,0,0
47,38,3,1.78,1,2.50,1383036,Y4,,,0,13.512,clean,0,0,0.00,0,0
47,39,3,1.66,1,2.83,1404583,Y2,,,0,13.427,clean,0,0,0.00,0,0
47,40,3,1.64,1,2.44,1108915,Y4,,,0,13.423,clean,0,0,0.00,0,0
47,41,3,1.63,1,2.39,208229,Y4,,,0,13.398,clean,0,0,0.00,0,0
47,42,3,1.82,1,2.45,794917,Y4,,,0,13.374,clean,0,0,0.00,0,0
47,43,3,1.83,1,2.47,1314193,Y4,,,0,13.293,clean,0,0,0.00,0,0
47,44,3,1.81,1,2.55,125259,Y4,,,0,13.110,clean,0,0,0.00,0,0
47,45,3,1.68,1,2.48,643998,Y2,,,0,12.908,clean,0,0,0.00,0,0
47,46,3,1.88,1,2.30,4202,Y4,,,0,12.752,clean,0,0,0.00,0,0
47,47,3,1.86,1,2.60,29951,Y4,,,0,12.513,clean,0,0,0.00,0,0
47,48,3,3.36,1,2.86,19580,Y2,0.00/noise-like,0.00/noise-like,0,12.147,hump-note,0,0,0.00,0,0
47,49,3,1.78,1,2.35,16004,Y4,,,0,11.755,clean,0,0,0.00,0,0
47,50,3,2.17,1,2.59,1049012,Y4,,,0,11.429,clean,0,0,0.00,0,0
47,51,3,2.07,1,2.32,1370519,Y2,,,0,11.121,clean,0,0,0.00,0,0
47,52,3,2.22,1,2.45,705957,Y2,,,0,10.868,clean,0,0,0.00,0,0
47,53,3,1.99,1,2.38,291467,Y2,,,0,10.652,clean,0,0,0.00,0,0
47,54,3,2.40,1,2.44,475109,Y2,,,0,10.288,clean,0,0,0.00,0,0
47,55,3,2.20,1,2.45,1142085,Y2,,,0,9.824,clean,0,0,0.00,0,0
47,56,3,2.77,1,2.36,194013,Y4,0.24/noise-like,0.24/noise-like,0,9.195,hump-note,0,0,0.00,0,0
47,57,3,3.08,1,2.51,782758,Y4,0.00/noise-like,0.00/noise-like,0,8.504,hump-note,0,0,0.00,0,0
47,58,3,3.32,1,2.59,1012176,Y2,0.00/noise-like,0.00/noise-like,0,7.935,hump-note,0,0,0.00,0,0
47,59,3,0,-1,0,0,-,,,0,7.263,QUARANTINE:dark-lane range=62 distinct=62,0,0,0.00,0,0
47,60,3,0,-1,0,0,-,,,0,6.433,QUARANTINE:dark-lane range=59 distinct=57,0,0,0.00,0,0
47,61,3,0,-1,0,0,-,,,0,5.570,QUARANTINE:dark-lane range=48 distinct=49,0,0,0.00,0,0
47,62,3,0,-1,0,0,-,,,0,4.684,QUARANTINE:dark-lane range=41 distinct=41,0,0,0.00,0,0
47,63,3,0,-1,0,0,-,,,0,3.931,QUARANTINE:dark-lane range=34 distinct=35,0,0,0.00,0,0
48,0,3,2.04,1,2.52,781685,Y4,,,0,19.614,clean,0,0,0.00,0,0
48,1,3,1.39,1,2.36,170857,Y2,,,0,19.563,clean,0,0,0.00,0,0
48,2,3,1.40,406,2.61,152171,Y2,,,0,19.591,clean,0,0,0.00,0,0
48,3,3,1.43,1298,2.42,803411,Y4,,,0,19.622,clean,0,0,0.00,0,0
48,4,3,1.46,1,2.32,145733,Y2,,,0,19.750,clean,0,0,0.00,0,0
48,5,3,1.38,8,2.48,805646,Y2,,,0,19.532,clean,0,0,0.00,0,0
48,6,3,1.42,1,2.39,577122,Y4,,,0,19.298,clean,0,0,0.00,0,0
48,7,3,1.60,1,2.22,629783,Y4,,,0,19.073,clean,0,0,0.00,0,0
48,8,3,1.43,208,2.89,747353,Y4,,,0,18.780,clean,0,0,0.00,0,0
48,9,3,1.56,1,2.35,192672,Y2,,,0,18.414,clean,0,0,0.00,0,0
48,10,3,1.44,1,2.69,197679,Y4,,,0,18.047,clean,0,0,0.00,0,0
48,11,3,1.47,1,2.32,700772,Y4,,,0,17.654,clean,0,0,0.00,0,0
48,12,3,1.44,1,2.34,309616,Y4,,,0,17.183,clean,0,0,0.00,0,0
48,13,3,1.61,1,2.47,1013696,Y4,,,0,16.740,clean,0,0,0.00,0,0
48,14,3,1.50,1,2.56,235766,Y2,,,0,16.439,clean,0,0,0.00,0,0
48,15,3,1.81,1,2.60,978470,Y2,,,0,16.255,clean,0,0,0.00,0,0
48,16,3,1.60,1,2.54,398487,Y4,,,0,16.290,clean,0,0,0.00,0,0
48,17,3,1.37,850,2.32,1108646,Y2,,,0,16.456,clean,0,0,0.00,0,0
48,18,3,1.65,1,2.32,829697,Y4,,,0,17.738,clean,0,0,0.00,0,0
48,19,3,1.55,1,2.69,316948,Y2,,,0,16.376,clean,0,0,0.00,0,0
48,20,3,1.61,1,2.35,127494,Y2,,,0,16.070,clean,0,0,0.00,0,0
48,21,3,1.61,1,2.40,1258492,Y2,,,0,15.951,clean,0,0,0.00,0,0
48,22,3,1.45,1,2.42,983566,Y4,,,0,15.952,clean,0,0,0.00,0,0
48,23,3,1.46,1,2.55,968367,Y2,,,0,15.906,clean,0,0,0.00,0,0
48,24,3,1.48,1,2.21,675917,Y2,,,0,15.792,clean,0,0,0.00,0,0
48,25,3,1.55,1,2.53,85294,Y2,,,0,15.431,clean,0,0,0.00,0,0
48,26,3,1.80,1,2.42,197947,Y4,,,0,15.040,clean,0,0,0.00,0,0
48,27,3,1.88,1,2.49,65893,Y2,,,0,14.970,clean,0,0,0.00,0,0
48,28,3,1.72,1,2.47,1262605,Y4,,,0,14.577,clean,0,0,0.00,0,0
48,29,3,1.67,1,2.48,314265,Y2,,,0,14.398,clean,0,0,0.00,0,0
48,30,3,1.64,1,2.29,1374900,Y4,,,0,14.138,clean,0,0,0.00,0,0
48,31,3,1.70,1,2.32,792772,Y2,,,0,13.884,clean,0,0,0.00,0,0
48,32,3,1.39,243,2.58,355840,Y4,,,0,13.609,clean,0,0,0.00,0,0
48,33,3,1.48,1,2.22,1035690,Y4,,,0,13.533,clean,0,0,0.00,0,0
48,34,3,2.29,1,2.59,763178,Y4,,,0,13.513,clean,0,0,0.00,0,0
48,35,3,1.63,1,2.50,965059,Y4,,,0,13.586,clean,0,0,0.00,0,0
48,36,3,1.45,1,2.35,766128,Y4,,,0,13.662,clean,0,0,0.00,0,0
48,37,3,1.65,1,2.63,1057684,Y2,,,0,13.634,clean,0,0,0.00,0,0
48,38,3,1.86,1,2.28,1457959,Y2,,,0,13.492,clean,0,0,0.00,0,0
48,39,3,1.54,1,2.38,251144,Y2,,,0,13.442,clean,0,0,0.00,0,0
48,40,3,1.54,1,2.68,124097,Y4,,,0,13.425,clean,0,0,0.00,0,0
48,41,3,1.66,1,2.37,27537,Y4,,,0,13.411,clean,0,0,0.00,0,0
48,42,3,2.14,1,2.33,987947,Y4,,,0,13.367,clean,0,0,0.00,0,0
48,43,3,1.85,1,2.37,91642,Y4,,,0,13.309,clean,0,0,0.00,0,0
48,44,3,1.83,1,2.61,769526,Y4,,,0,13.122,clean,0,0,0.00,0,0
48,45,3,2.08,1,2.45,989199,Y2,,,0,12.934,clean,0,0,0.00,0,0
48,46,3,1.81,1,2.42,33081,Y2,,,0,12.735,clean,0,0,0.00,0,0
48,47,3,2.17,1,2.51,411093,Y2,,,0,12.515,clean,0,0,0.00,0,0
48,48,3,3.34,1,2.45,510871,Y2,0.00/noise-like,0.00/noise-like,0,12.158,hump-note,0,0,0.00,0,0
48,49,3,1.89,1,2.56,100762,Y4,,,0,11.766,clean,0,0,0.00,0,0
48,50,3,1.94,1,2.49,1464844,Y4,,,0,11.423,clean,0,0,0.00,0,0
48,51,3,2.08,1,2.41,1197338,Y2,,,0,11.103,clean,0,0,0.00,0,0
48,52,3,2.00,1,2.49,520349,Y2,,,0,10.855,clean,0,0,0.00,0,0
48,53,3,2.39,1,2.35,883162,Y2,,,0,10.686,clean,0,0,0.00,0,0
48,54,3,2.53,1,2.29,722140,Y4,0.00/noise-like,0.24/noise-like,0,10.302,hump-note,0,0,0.00,0,0
48,55,3,2.63,1,2.55,560492,Y2,0.00/noise-like,0.00/noise-like,0,9.816,hump-note,0,0,0.00,0,0
48,56,3,2.64,1,2.48,44703,Y2,0.24/noise-like,0.00/noise-like,0,9.187,hump-note,0,0,0.00,0,0
48,57,3,2.86,1,2.43,122845,Y2,0.24/noise-like,0.00/noise-like,0,8.510,hump-note,0,0,0.00,0,0
48,58,3,3.11,1,2.53,426471,Y2,0.00/noise-like,0.00/noise-like,0,7.916,hump-note,0,0,0.00,0,0
48,59,3,0,-1,0,0,-,,,0,7.268,QUARANTINE:dark-lane range=63 distinct=62,0,0,0.00,0,0
48,60,3,0,-1,0,0,-,,,0,6.427,QUARANTINE:dark-lane range=56 distinct=56,0,0,0.00,0,0
48,61,3,0,-1,0,0,-,,,0,5.573,QUARANTINE:dark-lane range=46 distinct=47,0,0,0.00,0,0
48,62,3,0,-1,0,0,-,,,0,4.691,QUARANTINE:dark-lane range=41 distinct=42,0,0,0.00,0,0
48,63,3,0,-1,0,0,-,,,0,3.932,QUARANTINE:dark-lane range=34 distinct=35,0,0,0.00,0,0
49,0,3,2.36,1,2.24,1439989,Y4,,,0,19.637,clean,0,0,0.00,0,0
49,1,3,1.41,1313,2.23,468314,Y4,,,0,19.570,clean,0,0,0.00,0,0
49,2,3,1.37,1,2.42,571400,Y4,,,0,19.532,clean,0,0,0.00,0,0
49,3,3,1.56,1,2.31,1041412,Y4,,,0,19.642,clean,0,0,0.00,0,0
49,4,3,1.42,1,2.46,174522,Y4,,,0,19.748,clean,0,0,0.00,0,0
49,5,3,1.33,237,2.32,855446,Y2,,,0,19.512,clean,0,0,0.00,0,0
49,6,3,1.54,1476,2.44,1048923,Y2,,,0,19.297,clean,0,0,0.00,0,0
49,7,3,1.49,1,2.34,709355,Y4,,,0,19.031,clean,0,0,0.00,0,0
49,8,3,1.38,453,2.39,660002,Y4,,,0,18.788,clean,0,0,0.00,0,0
49,9,3,1.43,28,2.45,425935,Y2,,,0,18.419,clean,0,0,0.00,0,0
49,10,3,1.38,1,2.32,1229614,Y4,,,0,18.075,clean,0,0,0.00,0,0
49,11,3,1.47,1,2.49,608951,Y4,,,0,17.682,clean,0,0,0.00,0,0
49,12,3,1.41,1,2.43,633001,Y2,,,0,17.193,clean,0,0,0.00,0,0
49,13,3,1.51,1,2.19,1194566,Y4,,,0,16.748,clean,0,0,0.00,0,0
49,14,3,1.72,1,2.55,382662,Y4,,,0,16.413,clean,0,0,0.00,0,0
49,15,3,1.65,1,2.34,322402,Y4,,,0,16.236,clean,0,0,0.00,0,0
49,16,3,1.41,615,2.29,934571,Y2,,,0,16.276,clean,0,0,0.00,0,0
49,17,3,1.44,1,2.74,710428,Y2,,,0,16.479,clean,0,0,0.00,0,0
49,18,3,1.57,824,2.70,59724,Y2,,,0,17.755,clean,0,0,0.00,0,0
49,19,3,1.39,1,2.42,449628,Y2,,,0,16.424,clean,0,0,0.00,0,0
49,20,3,1.90,1,2.49,634074,Y2,,,0,16.071,clean,0,0,0.00,0,0
49,21,3,1.80,1,2.31,754505,Y4,,,0,15.952,clean,0,0,0.00,0,0
49,22,3,1.55,1,2.37,188917,Y4,,,0,15.915,clean,0,0,0.00,0,0
49,23,3,1.61,1,2.57,1279682,Y2,,,0,15.908,clean,0,0,0.00,0,0
49,24,3,1.66,1,2.49,866801,Y2,,,0,15.822,clean,0,0,0.00,0,0
49,25,3,1.46,1,2.33,690490,Y2,,,0,15.442,clean,0,0,0.00,0,0
49,26,3,1.61,1,2.54,1373380,Y2,,,0,14.997,clean,0,0,0.00,0,0
49,27,3,1.69,612,2.57,930548,Y2,,,0,14.953,clean,0,0,0.00,0,0
49,28,3,1.56,1,2.50,1282990,Y2,,,0,14.557,clean,0,0,0.00,0,0
49,29,3,1.58,1,2.43,472426,Y4,,,0,14.367,clean,0,0,0.00,0,0
49,30,3,1.65,1,2.64,510514,Y4,,,0,14.145,clean,0,0,0.00,0,0
49,31,3,2.06,1,2.46,707924,Y4,,,0,13.860,clean,0,0,0.00,0,0
49,32,3,1.32,1012,2.34,950843,Y2,,,0,13.631,clean,0,0,0.00,0,0
49,33,3,1.85,1,2.28,999838,Y4,,,0,13.511,clean,0,0,0.00,0,0
49,34,3,1.63,1,2.46,816464,Y2,,,0,13.505,clean,0,0,0.00,0,0
49,35,3,1.65,1,2.42,774354,Y2,,,0,13.578,clean,0,0,0.00,0,0
49,36,3,1.57,1,2.46,1138777,Y4,,,0,13.670,clean,0,0,0.00,0,0
49,37,3,1.78,1,2.26,1398593,Y4,,,0,13.631,clean,0,0,0.00,0,0
49,38,3,1.73,1,2.41,577122,Y2,,,0,13.502,clean,0,0,0.00,0,0
49,39,3,1.77,1,2.44,2325,Y2,,,0,13.413,clean,0,0,0.00,0,0
49,40,3,1.96,1,2.39,45151,Y4,,,0,13.405,clean,0,0,0.00,0,0
49,41,3,1.83,1,2.35,387490,Y4,,,0,13.392,clean,0,0,0.00,0,0
49,42,3,1.95,1,2.48,509620,Y4,,,0,13.379,clean,0,0,0.00,0,0
49,43,3,1.92,1,2.78,428796,Y2,,,0,13.318,clean,0,0,0.00,0,0
49,44,3,2.17,1,2.27,384718,Y4,,,0,13.093,clean,0,0,0.00,0,0
49,45,3,1.80,1,2.32,256866,Y2,,,0,12.949,clean,0,0,0.00,0,0
49,46,3,1.97,1,2.55,680387,Y4,,,0,12.728,clean,0,0,0.00,0,0
49,47,3,1.79,1,2.34,105411,Y4,,,0,12.511,clean,0,0,0.00,0,0
49,48,3,3.35,1,2.31,746816,Y4,0.00/noise-like,0.24/noise-like,0,12.145,hump-note,0,0,0.00,0,0
49,49,3,1.93,1,2.54,1366675,Y2,,,0,11.757,clean,0,0,0.00,0,0
49,50,3,2.07,1,2.72,757635,Y2,,,0,11.428,clean,0,0,0.00,0,0
49,51,3,2.01,1,2.36,381231,Y2,,,0,11.111,clean,0,0,0.00,0,0
49,52,3,2.05,1,2.28,608146,Y4,,,0,10.876,clean,0,0,0.00,0,0
49,53,3,2.12,1,2.51,319809,Y4,,,0,10.640,clean,0,0,0.00,0,0
49,54,3,2.16,1,2.36,439703,Y2,,,0,10.303,clean,0,0,0.00,0,0
49,55,3,2.15,1,2.59,1463592,Y4,,,0,9.822,clean,0,0,0.00,0,0
49,56,3,2.80,1,2.59,1240522,Y4,0.00/noise-like,0.00/noise-like,0,9.204,hump-note,0,0,0.00,0,0
49,57,3,3.01,1,2.25,887632,Y4,0.00/noise-like,0.00/noise-like,0,8.515,hump-note,0,0,0.00,0,0
49,58,3,3.17,1,2.37,997245,Y4,0.00/noise-like,0.00/noise-like,0,7.929,hump-note,0,0,0.00,0,0
49,59,3,0,-1,0,0,-,,,0,7.267,QUARANTINE:dark-lane range=62 distinct=63,0,0,0.00,0,0
49,60,3,0,-1,0,0,-,,,0,6.415,QUARANTINE:dark-lane range=60 distinct=55,0,0,0.00,0,0
49,61,3,0,-1,0,0,-,,,0,5.572,QUARANTINE:dark-lane range=48 distinct=49,0,0,0.00,0,0
49,62,3,0,-1,0,0,-,,,0,4.691,QUARANTINE:dark-lane range=39 distinct=40,0,0,0.00,0,0
49,63,3,0,-1,0,0,-,,,0,3.924,QUARANTINE:dark-lane range=35 distinct=35,0,0,0.00,0,0
50,0,3,1.97,1,2.47,919461,Y2,,,0,19.616,clean,0,0,0.00,0,0
50,1,3,1.49,1,2.47,72956,Y4,,,0,19.578,clean,0,0,0.00,0,0
50,2,3,1.40,855,2.40,1365870,Y4,,,0,19.562,clean,0,0,0.00,0,0
50,3,3,1.47,1098,2.39,1125455,Y2,,,0,19.642,clean,0,0,0.00,0,0
50,4,3,1.44,1,2.28,1070380,Y2,,,0,19.801,clean,0,0,0.00,0,0
50,5,3,1.42,1053,2.32,557899,Y2,,,0,19.568,clean,0,0,0.00,0,0
50,6,3,1.72,1476,2.34,315964,Y2,,,0,19.320,clean,0,0,0.00,0,0
50,7,3,1.44,40,2.57,249445,Y2,,,0,19.046,clean,0,0,0.00,0,0
50,8,3,1.35,1132,2.62,950932,Y4,,,0,18.808,clean,0,0,0.00,0,0
50,9,3,1.54,1,2.25,144392,Y2,,,0,18.404,clean,0,0,0.00,0,0
50,10,3,1.58,1,2.42,719458,Y2,,,0,18.056,clean,0,0,0.00,0,0
50,11,3,1.73,1,2.47,1315713,Y2,,,0,17.686,clean,0,0,0.00,0,0
50,12,3,1.43,1,2.45,1237571,Y4,,,0,17.202,clean,0,0,0.00,0,0
50,13,3,1.67,1,2.42,20474,Y2,,,0,16.723,clean,0,0,0.00,0,0
50,14,3,1.57,1,2.46,1114637,Y4,,,0,16.444,clean,0,0,0.00,0,0
50,15,3,1.61,1,2.39,579447,Y4,,,0,16.269,clean,0,0,0.00,0,0
50,16,3,1.48,1,2.41,1464039,Y2,,,0,16.265,clean,0,0,0.00,0,0
50,17,3,1.47,1,2.45,210822,Y2,,,0,16.453,clean,0,0,0.00,0,0
50,18,3,1.59,675,2.40,110149,Y2,,,0,17.722,clean,0,0,0.00,0,0
50,19,3,1.34,1,2.30,1428187,Y4,,,0,16.403,clean,0,0,0.00,0,0
50,20,3,1.65,1,2.42,837922,Y4,,,0,16.080,clean,0,0,0.00,0,0
50,21,3,1.48,1,2.44,1390547,Y4,,,0,15.927,clean,0,0,0.00,0,0
50,22,3,1.63,1,2.46,1447678,Y4,,,0,15.918,clean,0,0,0.00,0,0
50,23,3,1.59,1,2.54,1428455,Y4,,,0,15.909,clean,0,0,0.00,0,0
50,24,3,1.91,1,2.44,75728,Y2,,,0,15.795,clean,0,0,0.00,0,0
50,25,3,1.65,1,2.37,551462,Y4,,,0,15.410,clean,0,0,0.00,0,0
50,26,3,1.80,1,2.50,1410663,Y4,,,0,14.987,clean,0,0,0.00,0,0
50,27,3,1.71,643,2.28,1233548,Y4,,,0,14.967,clean,0,0,0.00,0,0
50,28,3,1.62,1,2.54,1389831,Y2,,,0,14.585,clean,0,0,0.00,0,0
50,29,3,1.73,1,2.59,296205,Y4,,,0,14.382,clean,0,0,0.00,0,0
50,30,3,1.87,1,2.42,204384,Y4,,,0,14.146,clean,0,0,0.00,0,0
50,31,3,1.56,1,2.48,226378,Y4,,,0,13.889,clean,0,0,0.00,0,0
50,32,3,1.37,1,2.41,1070112,Y4,,,0,13.632,clean,0,0,0.00,0,0
50,33,3,1.93,1,2.55,1412809,Y2,,,0,13.557,clean,0,0,0.00,0,0
50,34,3,1.68,1,2.44,458837,Y4,,,0,13.507,clean,0,0,0.00,0,0
50,35,3,1.99,1,2.28,157267,Y2,,,0,13.590,clean,0,0,0.00,0,0
50,36,3,1.78,1,2.22,127316,Y2,,,0,13.666,clean,0,0,0.00,0,0
50,37,3,1.75,1,2.39,1172215,Y4,,,0,13.616,clean,0,0,0.00,0,0
50,38,3,1.74,1,2.22,542611,Y4,,,0,13.499,clean,0,0,0.00,0,0
50,39,3,1.63,1,2.32,453025,Y4,,,0,13.448,clean,0,0,0.00,0,0
50,40,3,1.69,1,2.34,70989,Y4,,,0,13.412,clean,0,0,0.00,0,0
50,41,3,1.91,1,2.41,63390,Y2,,,0,13.397,clean,0,0,0.00,0,0
50,42,3,1.73,1,2.40,1003414,Y2,,,0,13.370,clean,0,0,0.00,0,0
50,43,3,1.79,1,2.25,1264751,Y4,,,0,13.296,clean,0,0,0.00,0,0
50,44,3,1.69,1,2.34,1093358,Y2,,,0,13.065,clean,0,0,0.00,0,0
50,45,3,1.82,1,2.43,371754,Y2,,,0,12.954,clean,0,0,0.00,0,0
50,46,3,1.71,1,2.60,381589,Y2,,,0,12.743,clean,0,0,0.00,0,0
50,47,3,1.77,1,2.34,165135,Y2,,,0,12.521,clean,0,0,0.00,0,0
50,48,3,3.47,1,2.32,1108557,Y4,0.24/noise-like,0.00/noise-like,0,12.136,hump-note,0,0,0.00,0,0
50,49,3,2.15,1,2.26,109881,Y4,,,0,11.767,clean,0,0,0.00,0,0
50,50,3,2.01,1,2.43,1270652,Y4,,,0,11.424,clean,0,0,0.00,0,0
50,51,3,1.86,1,2.51,449091,Y2,,,0,11.107,clean,0,0,0.00,0,0
50,52,3,2.09,1,2.38,834435,Y2,,,0,10.899,clean,0,0,0.00,0,0
50,53,3,2.41,1,2.29,1362383,Y2,,,0,10.653,clean,0,0,0.00,0,0
50,54,3,2.25,1,2.48,911057,Y4,,,0,10.325,clean,0,0,0.00,0,0
50,55,3,2.27,1,2.48,330269,Y4,,,0,9.825,clean,0,0,0.00,0,0
50,56,3,2.47,1,2.28,250608,Y4,,,0,9.202,clean,0,0,0.00,0,0
50,57,3,2.77,1,2.32,237554,Y2,0.00/noise-like,0.00/noise-like,0,8.502,hump-note,0,0,0.00,0,0
50,58,3,3.32,1,2.40,36567,Y4,0.00/noise-like,0.00/noise-like,0,7.939,hump-note,0,0,0.00,0,0
50,59,3,0,-1,0,0,-,,,0,7.258,QUARANTINE:dark-lane range=62 distinct=62,0,0,0.00,0,0
50,60,3,0,-1,0,0,-,,,0,6.424,QUARANTINE:dark-lane range=59 distinct=56,0,0,0.00,0,0
50,61,3,0,-1,0,0,-,,,0,5.568,QUARANTINE:dark-lane range=49 distinct=49,0,0,0.00,0,0
50,62,3,0,-1,0,0,-,,,0,4.684,QUARANTINE:dark-lane range=43 distinct=39,0,0,0.00,0,0
50,63,3,0,-1,0,0,-,,,0,3.930,QUARANTINE:dark-lane range=35 distinct=35,0,0,0.00,0,0
51,0,3,2.35,1,2.27,577301,Y2,,,0,19.639,clean,0,0,0.00,0,0
51,1,3,1.36,1141,2.36,177652,Y2,,,0,19.575,clean,0,0,0.00,0,0
51,2,3,1.45,1,2.39,271976,Y2,,,0,19.556,clean,0,0,0.00,0,0
51,3,3,1.59,1,2.39,1197517,Y2,,,0,19.647,clean,0,0,0.00,0,0
51,4,3,1.36,729,2.32,1334578,Y4,,,0,19.809,clean,0,0,0.00,0,0
51,5,3,1.38,1,2.36,1388222,Y2,,,0,19.544,clean,0,0,0.00,0,0
51,6,3,1.53,1476,2.45,1227826,Y2,,,0,19.323,clean,0,0,0.00,0,0
51,7,3,1.39,158,2.32,1280308,Y2,,,0,19.075,clean,0,0,0.00,0,0
51,8,3,1.47,1,2.55,312030,Y4,,,0,18.807,clean,0,0,0.00,0,0
51,9,3,1.49,1,2.27,553876,Y2,,,0,18.419,clean,0,0,0.00,0,0
51,10,3,1.43,854,2.50,1424968,Y2,,,0,18.067,clean,0,0,0.00,0,0
51,11,3,1.60,1,2.25,970244,Y4,,,0,17.665,clean,0,0,0.00,0,0
51,12,3,1.37,1,2.52,520617,Y4,,,0,17.215,clean,0,0,0.00,0,0
51,13,3,1.42,1,2.37,630140,Y4,,,0,16.734,clean,0,0,0.00,0,0
51,14,3,1.58,1,2.35,570416,Y2,,,0,16.434,clean,0,0,0.00,0,0
51,15,3,1.60,1,2.54,84221,Y2,,,0,16.234,clean,0,0,0.00,0,0
51,16,3,1.37,996,2.64,909537,Y4,,,0,16.312,clean,0,0,0.00,0,0
51,17,3,1.42,1351,2.28,570327,Y2,,,0,16.458,clean,0,0,0.00,0,0
51,18,3,1.66,1,2.55,1220852,Y4,,,0,17.750,clean,0,0,0.00,0,0
51,19,3,1.73,1,2.31,2146,Y4,,,0,16.375,clean,0,0,0.00,0,0
51,20,3,1.47,1,2.29,1278162,Y2,,,0,16.060,clean,0,0,0.00,0,0
51,21,3,1.38,1,2.31,472158,Y4,,,0,15.924,clean,0,0,0.00,0,0
51,22,3,1.68,1,2.34,626206,Y4,,,0,15.914,clean,0,0,0.00,0,0
51,23,3,1.78,1,2.41,947177,Y4,,,0,15.905,clean,0,0,0.00,0,0
51,24,3,1.55,1,2.96,223696,Y4,,,0,15.829,clean,0,0,0.00,0,0
51,25,3,1.61,1,2.56,899076,Y2,,,0,15.407,clean,0,0,0.00,0,0
51,26,3,1.60,1,2.71,909269,Y2,,,0,14.956,clean,0,0,0.00,0,0
51,27,3,1.64,647,2.41,931263,Y2,,,0,14.927,clean,0,0,0.00,0,0
51,28,3,1.74,1,2.47,188738,Y4,,,0,14.564,clean,0,0,0.00,0,0
51,29,3,1.53,1,2.28,1456529,Y2,,,0,14.387,clean,0,0,0.00,0,0
51,30,3,1.81,1,2.59,179440,Y2,,,0,14.129,clean,0,0,0.00,0,0
51,31,3,1.88,1,2.28,285298,Y2,,,0,13.860,clean,0,0,0.00,0,0
51,32,3,1.41,1501,2.45,948429,Y2,,,0,13.637,clean,0,0,0.00,0,0
51,33,3,1.76,1,2.57,531703,Y4,,,0,13.513,clean,0,0,0.00,0,0
51,34,3,1.73,1,2.52,342965,Y2,,,0,13.495,clean,0,0,0.00,0,0
51,35,3,1.60,1,2.52,53376,Y4,,,0,13.569,clean,0,0,0.00,0,0
51,36,3,1.49,1,2.47,233799,Y2,,,0,13.662,clean,0,0,0.00,0,0
51,37,3,1.66,1,2.48,30577,Y2,,,0,13.625,clean,0,0,0.00,0,0
51,38,3,1.82,1,2.30,434518,Y4,,,0,13.495,clean,0,0,0.00,0,0
51,39,3,1.75,1,2.39,415653,Y4,,,0,13.474,clean,0,0,0.00,0,0
51,40,3,1.88,1,2.34,1285851,Y2,,,0,13.414,clean,0,0,0.00,0,0
51,41,3,1.78,1,2.32,175416,Y2,,,0,13.402,clean,0,0,0.00,0,0
51,42,3,1.63,1,2.37,1120359,Y4,,,0,13.386,clean,0,0,0.00,0,0
51,43,3,1.73,1,2.49,1144409,Y4,,,0,13.318,clean,0,0,0.00,0,0
51,44,3,1.83,1,2.26,262767,Y2,,,0,13.101,clean,0,0,0.00,0,0
51,45,3,2.03,1,2.45,1181245,Y2,,,0,12.955,clean,0,0,0.00,0,0
51,46,3,1.63,1,2.57,13322,Y4,,,0,12.762,clean,0,0,0.00,0,0
51,47,3,2.17,1,2.43,656426,Y2,,,0,12.494,clean,0,0,0.00,0,0
51,48,3,2.89,1,2.50,113726,Y4,0.24/noise-like,0.00/noise-like,0,12.154,hump-note,0,0,0.00,0,0
51,49,3,2.04,1,2.47,1061261,Y2,,,0,11.758,clean,0,0,0.00,0,0
51,50,3,1.96,1,2.50,113726,Y2,,,0,11.409,clean,0,0,0.00,0,0
51,51,3,2.03,1,2.55,1015395,Y2,,,0,11.104,clean,0,0,0.00,0,0
51,52,3,2.46,1,2.46,1211554,Y2,,,0,10.871,clean,0,0,0.00,0,0
51,53,3,1.96,1,2.46,355393,Y4,,,0,10.642,clean,0,0,0.00,0,0
51,54,3,2.39,1,2.47,897378,Y4,,,0,10.320,clean,0,0,0.00,0,0
51,55,3,2.34,1,2.35,1309097,Y2,,,0,9.814,clean,0,0,0.00,0,0
51,56,3,2.83,1,2.34,729561,Y4,0.00/noise-like,0.00/noise-like,0,9.184,hump-note,0,0,0.00,0,0
51,57,3,3.01,1,2.82,117391,Y2,0.00/noise-like,0.24/noise-like,0,8.508,hump-note,0,0,0.00,0,0
51,58,3,3.07,1,2.42,75191,Y2,0.00/noise-like,0.00/noise-like,0,7.932,hump-note,0,0,0.00,0,0
51,59,3,0,-1,0,0,-,,,0,7.257,QUARANTINE:dark-lane range=64 distinct=61,0,0,0.00,0,0
51,60,3,0,-1,0,0,-,,,0,6.423,QUARANTINE:dark-lane range=61 distinct=57,0,0,0.00,0,0
51,61,3,0,-1,0,0,-,,,0,5.573,QUARANTINE:dark-lane range=52 distinct=49,0,0,0.00,0,0
51,62,3,0,-1,0,0,-,,,0,4.685,QUARANTINE:dark-lane range=43 distinct=42,0,0,0.00,0,0
51,63,3,0,-1,0,0,-,,,0,3.931,QUARANTINE:dark-lane range=34 distinct=35,0,0,0.00,0,0
52,0,3,2.51,1,2.61,1410037,Y2,0.00/noise-like,0.00/noise-like,0,19.674,hump-note,0,0,0.00,0,0
52,1,3,1.43,1,2.44,1432389,Y4,,,0,19.591,clean,0,0,0.00,0,0
52,2,3,1.35,1,2.44,516593,Y2,,,0,19.553,clean,0,0,0.00,0,0
52,3,3,1.44,1,2.35,311047,Y2,,,0,19.622,clean,0,0,0.00,0,0
52,4,3,1.36,173,2.69,502646,Y4,,,0,19.761,clean,0,0,0.00,0,0
52,5,3,1.57,1,2.52,2950,Y2,,,0,19.526,clean,0,0,0.00,0,0
52,6,3,1.46,1476,2.55,1094788,Y2,,,0,19.264,clean,0,0,0.00,0,0
52,7,3,1.39,1336,2.36,875741,Y4,,,0,19.083,clean,0,0,0.00,0,0
52,8,3,1.35,891,2.40,1157194,Y4,,,0,18.780,clean,0,0,0.00,0,0
52,9,3,1.54,1,2.44,1395285,Y2,,,0,18.437,clean,0,0,0.00,0,0
52,10,3,1.48,1,2.43,1357555,Y2,,,0,18.064,clean,0,0,0.00,0,0
52,11,3,1.48,1,2.54,1430243,Y4,,,0,17.687,clean,0,0,0.00,0,0
52,12,3,1.43,1,2.68,393927,Y2,,,0,17.170,clean,0,0,0.00,0,0
52,13,3,1.59,1,2.34,506133,Y4,,,0,16.723,clean,0,0,0.00,0,0
52,14,3,1.48,1,2.49,216812,Y4,,,0,16.433,clean,0,0,0.00,0,0
52,15,3,1.34,138,2.33,1180619,Y4,,,0,16.235,clean,0,0,0.00,0,0
52,16,3,1.39,1135,2.54,830948,Y4,,,0,16.284,clean,0,0,0.00,0,0
52,17,3,1.63,1,2.44,318736,Y4,,,0,16.454,clean,0,0,0.00,0,0
52,18,3,1.55,720,2.33,599474,Y4,,,0,17.744,clean,0,0,0.00,0,0
52,19,3,1.53,1,2.43,1160771,Y2,,,0,16.403,clean,0,0,0.00,0,0
52,20,3,1.36,1,2.46,1302570,Y4,,,0,16.067,clean,0,0,0.00,0,0
52,21,3,1.75,1,2.43,824332,Y4,,,0,15.935,clean,0,0,0.00,0,0
52,22,3,1.34,64,2.47,276715,Y2,,,0,15.940,clean,0,0,0.00,0,0
52,23,3,1.54,1,2.63,1443475,Y2,,,0,15.922,clean,0,0,0.00,0,0
52,24,3,1.79,1,2.28,39339,Y4,,,0,15.817,clean,0,0,0.00,0,0
52,25,3,1.56,1,2.51,193834,Y2,,,0,15.397,clean,0,0,0.00,0,0
52,26,3,1.74,1,2.41,28521,Y2,,,0,14.986,clean,0,0,0.00,0,0
52,27,3,1.67,637,2.28,504434,Y4,,,0,14.967,clean,0,0,0.00,0,0
52,28,3,1.46,1,2.52,962377,Y4,,,0,14.592,clean,0,0,0.00,0,0
52,29,3,1.64,1,2.26,40144,Y2,,,0,14.379,clean,0,0,0.00,0,0
52,30,3,1.41,1,2.50,163257,Y4,,,0,14.143,clean,0,0,0.00,0,0
52,31,3,1.59,1,2.42,158697,Y4,,,0,13.896,clean,0,0,0.00,0,0
52,32,3,1.31,1326,2.43,352085,Y2,,,0,13.639,clean,0,0,0.00,0,0
52,33,3,1.80,1,2.54,337601,Y2,,,0,13.507,clean,0,0,0.00,0,0
52,34,3,1.58,1,2.43,587583,Y2,,,0,13.487,clean,0,0,0.00,0,0
52,35,3,1.78,1,2.55,84758,Y2,,,0,13.563,clean,0,0,0.00,0,0
52,36,3,1.65,1,2.39,833809,Y4,,,0,13.670,clean,0,0,0.00,0,0
52,37,3,1.60,1,2.32,631839,Y2,,,0,13.630,clean,0,0,0.00,0,0
52,38,3,1.56,1,2.42,356555,Y2,,,0,13.498,clean,0,0,0.00,0,0
52,39,3,1.57,1,2.37,331163,Y2,,,0,13.438,clean,0,0,0.00,0,0
52,40,3,1.58,1,2.31,27180,Y2,,,0,13.406,clean,0,0,0.00,0,0
52,41,3,1.54,1,2.54,215113,Y4,,,0,13.379,clean,0,0,0.00,0,0
52,42,3,1.55,1,2.51,184983,Y2,,,0,13.383,clean,0,0,0.00,0,0
52,43,3,1.77,1,2.29,1003146,Y2,,,0,13.325,clean,0,0,0.00,0,0
52,44,3,1.67,1,2.51,444800,Y2,,,0,13.099,clean,0,0,0.00,0,0
52,45,3,1.79,1,2.70,363708,Y2,,,0,12.929,clean,0,0,0.00,0,0
52,46,3,1.71,1,2.54,1030594,Y2,,,0,12.760,clean,0,0,0.00,0,0
52,47,3,1.84,1,2.41,121772,Y4,,,0,12.510,clean,0,0,0.00,0,0
52,48,3,3.29,1,2.56,40680,Y4,0.00/noise-like,0.00/noise-like,0,12.137,hump-note,0,0,0.00,0,0
52,49,3,1.85,1,2.36,875831,Y2,,,0,11.736,clean,0,0,0.00,0,0
52,50,3,1.91,1,2.36,1221746,Y4,,,0,11.434,clean,0,0,0.00,0,0
52,51,3,2.19,1,2.42,533044,Y4,,,0,11.103,clean,0,0,0.00,0,0
52,52,3,2.07,1,2.42,864387,Y2,,,0,10.873,clean,0,0,0.00,0,0
52,53,3,1.94,1,2.59,1048923,Y4,,,0,10.652,clean,0,0,0.00,0,0
52,54,3,2.00,1,2.41,683695,Y2,,,0,10.305,clean,0,0,0.00,0,0
52,55,3,2.19,1,2.36,1450717,Y4,,,0,9.825,clean,0,0,0.00,0,0
52,56,3,2.54,1,2.49,1072168,Y2,0.00/noise-like,0.00/noise-like,0,9.201,hump-note,0,0,0.00,0,0
52,57,3,2.69,1,2.43,339389,Y2,0.00/noise-like,0.24/noise-like,0,8.499,hump-note,0,0,0.00,0,0
52,58,3,3.03,1,2.46,1417816,Y2,0.00/noise-like,0.00/noise-like,0,7.919,hump-note,0,0,0.00,0,0
52,59,3,0,-1,0,0,-,,,0,7.259,QUARANTINE:dark-lane range=62 distinct=63,0,0,0.00,0,0
52,60,3,0,-1,0,0,-,,,0,6.404,QUARANTINE:dark-lane range=54 distinct=55,0,0,0.00,0,0
52,61,3,0,-1,0,0,-,,,0,5.579,QUARANTINE:dark-lane range=47 distinct=48,0,0,0.00,0,0
52,62,3,0,-1,0,0,-,,,0,4.681,QUARANTINE:dark-lane range=39 distinct=40,0,0,0.00,0,0
52,63,3,0,-1,0,0,-,,,0,3.933,QUARANTINE:dark-lane range=34 distinct=35,0,0,0.00,0,0
53,0,3,2.62,1,2.45,863224,Y4,0.00/noise-like,0.00/noise-like,0,19.654,hump-note,0,0,0.00,0,0
53,1,3,1.39,403,2.41,324368,Y2,,,0,19.553,clean,0,0,0.00,0,0
53,2,3,1.56,1,2.50,756562,Y2,,,0,19.542,clean,0,0,0.00,0,0
53,3,3,1.48,85,2.76,1038551,Y2,,,0,19.624,clean,0,0,0.00,0,0
53,4,3,1.36,280,2.34,599831,Y4,,,0,19.748,clean,0,0,0.00,0,0
53,5,3,1.49,1,2.38,273407,Y4,,,0,19.544,clean,0,0,0.00,0,0
53,6,3,1.55,1476,2.27,997424,Y4,,,0,19.280,clean,0,0,0.00,0,0
53,7,3,1.55,1,2.45,299782,Y2,,,0,19.050,clean,0,0,0.00,0,0
53,8,3,1.36,1,2.25,872791,Y2,,,0,18.791,clean,0,0,0.00,0,0
53,9,3,1.36,1,2.53,8672,Y2,,,0,18.451,clean,0,0,0.00,0,0
53,10,3,1.44,1,2.52,506043,Y2,,,0,18.095,clean,0,0,0.00,0,0
53,11,3,1.59,1,2.47,154227,Y2,,,0,17.704,clean,0,0,0.00,0,0
53,12,3,1.53,1,2.28,78768,Y4,,,0,17.167,clean,0,0,0.00,0,0
53,13,3,1.34,1380,2.39,856519,Y4,,,0,16.736,clean,0,0,0.00,0,0
53,14,3,1.34,1395,2.59,698358,Y2,,,0,16.446,clean,0,0,0.00,0,0
53,15,3,1.46,1,2.49,640243,Y2,,,0,16.247,clean,0,0,0.00,0,0
53,16,3,1.47,1,3.00,1204133,Y2,0.00/noise-like,0.00/noise-like,0,16.290,FAM-HIT,0,0,0.00,0,0
53,17,3,1.45,1,2.51,573277,Y4,,,0,16.453,clean,0,0,0.00,0,0
53,18,3,1.56,791,2.32,1108825,Y2,,,0,17.705,clean,0,0,0.00,0,0
53,19,3,1.40,1,2.33,218868,Y4,,,0,16.402,clean,0,0,0.00,0,0
53,20,3,1.47,1,2.40,201792,Y4,,,0,16.073,clean,0,0,0.00,0,0
53,21,3,1.61,1,2.46,581235,Y2,,,0,15.935,clean,0,0,0.00,0,0
53,22,3,1.67,1,2.27,247031,Y2,,,0,15.904,clean,0,0,0.00,0,0
53,23,3,1.64,1,2.49,332326,Y2,,,0,15.933,clean,0,0,0.00,0,0
53,24,3,1.70,1,2.37,469029,Y4,,,0,15.826,clean,0,0,0.00,0,0
53,25,3,1.54,1,2.55,8225,Y2,,,0,15.421,clean,0,0,0.00,0,0
53,26,3,1.43,356,2.32,490576,Y2,,,0,14.990,clean,0,0,0.00,0,0
53,27,3,1.72,648,2.30,548512,Y2,,,0,14.938,clean,0,0,0.00,0,0
53,28,3,1.85,1,2.57,862420,Y2,,,0,14.567,clean,0,0,0.00,0,0
53,29,3,1.43,1,2.77,1459926,Y4,,,0,14.402,clean,0,0,0.00,0,0
53,30,3,1.70,1,2.51,507921,Y4,,,0,14.151,clean,0,0,0.00,0,0
53,31,3,1.61,1,2.38,153154,Y2,,,0,13.887,clean,0,0,0.00,0,0
53,32,3,1.40,797,2.35,254452,Y4,,,0,13.657,clean,0,0,0.00,0,0
53,33,3,1.76,1,2.42,1055181,Y2,,,0,13.509,clean,0,0,0.00,0,0
53,34,3,1.64,1,2.31,712931,Y4,,,0,13.494,clean,0,0,0.00,0,0
53,35,3,1.89,1,2.40,199288,Y4,,,0,13.563,clean,0,0,0.00,0,0
53,36,3,1.56,1,2.38,275195,Y2,,,0,13.650,clean,0,0,0.00,0,0
53,37,3,1.50,1,2.39,1078606,Y2,,,0,13.622,clean,0,0,0.00,0,0
53,38,3,1.56,1,2.35,1340121,Y2,,,0,13.512,clean,0,0,0.00,0,0
53,39,3,1.75,1,2.48,1422465,Y4,,,0,13.477,clean,0,0,0.00,0,0
53,40,3,1.76,1,2.41,165671,Y4,,,0,13.423,clean,0,0,0.00,0,0
53,41,3,1.79,1,2.40,1058757,Y4,,,0,13.397,clean,0,0,0.00,0,0
53,42,3,1.55,1,2.42,1276463,Y2,,,0,13.359,clean,0,0,0.00,0,0
53,43,3,1.91,1,2.38,1412094,Y2,,,0,13.313,clean,0,0,0.00,0,0
53,44,3,2.02,1,2.79,390798,Y2,,,0,13.091,clean,0,0,0.00,0,0
53,45,3,2.07,1,2.43,1275569,Y4,,,0,12.937,clean,0,0,0.00,0,0
53,46,3,1.98,1,2.46,1113743,Y4,,,0,12.739,clean,0,0,0.00,0,0
53,47,3,1.89,1,2.68,202864,Y2,,,0,12.533,clean,0,0,0.00,0,0
53,48,3,3.77,1,2.39,1094699,Y2,0.00/noise-like,0.00/noise-like,0,12.136,hump-note,0,0,0.00,0,0
53,49,3,2.12,1,2.67,15825,Y4,,,0,11.748,clean,0,0,0.00,0,0
53,50,3,2.09,1,2.56,1187950,Y2,,,0,11.442,clean,0,0,0.00,0,0
53,51,3,2.38,1,2.56,779003,Y4,,,0,11.106,clean,0,0,0.00,0,0
53,52,3,2.11,1,2.38,925541,Y2,,,0,10.879,clean,0,0,0.00,0,0
53,53,3,2.24,1,2.37,1435071,Y2,,,0,10.658,clean,0,0,0.00,0,0
53,54,3,1.97,1,2.36,111580,Y2,,,0,10.295,clean,0,0,0.00,0,0
53,55,3,2.65,1,2.44,993133,Y4,0.00/noise-like,0.00/noise-like,0,9.808,hump-note,0,0,0.00,0,0
53,56,3,2.80,1,2.38,494242,Y4,0.00/noise-like,0.00/noise-like,0,9.185,hump-note,0,0,0.00,0,0
53,57,3,2.83,1,2.25,936806,Y4,0.00/noise-like,0.00/noise-like,0,8.511,hump-note,0,0,0.00,0,0
53,58,3,3.05,1,2.36,963360,Y2,0.00/noise-like,0.00/noise-like,0,7.915,hump-note,0,0,0.00,0,0
53,59,3,3.82,1,2.35,1454473,Y2,0.00/noise-like,0.00/noise-like,0,7.258,hump-note,0,0,0.00,0,0
53,60,3,0,-1,0,0,-,,,0,6.431,QUARANTINE:dark-lane range=52 distinct=53,0,0,0.00,0,0
53,61,3,0,-1,0,0,-,,,0,5.574,QUARANTINE:dark-lane range=48 distinct=49,0,0,0.00,0,0
53,62,3,0,-1,0,0,-,,,0,4.684,QUARANTINE:dark-lane range=41 distinct=41,0,0,0.00,0,0
53,63,3,0,-1,0,0,-,,,0,3.926,QUARANTINE:dark-lane range=34 distinct=35,0,0,0.00,0,0
54,0,3,3.19,1,2.34,136167,Y4,0.00/noise-like,0.24/noise-like,0,19.619,hump-note,0,0,0.00,0,0
54,1,3,1.32,367,2.41,1194298,Y2,,,0,19.604,clean,0,0,0.00,0,0
54,2,3,1.58,1,2.36,1444638,Y2,,,0,19.544,clean,0,0,0.00,0,0
54,3,3,1.38,1,2.37,286907,Y4,,,0,19.655,clean,0,0,0.00,0,0
54,4,3,1.37,366,2.76,1301408,Y2,,,0,19.798,clean,0,0,0.00,0,0
54,5,3,1.41,1,2.30,1184374,Y4,,,0,19.532,clean,0,0,0.00,0,0
54,6,3,1.61,1,2.38,152975,Y4,,,0,19.287,clean,0,0,0.00,0,0
54,7,3,1.43,1,2.58,229508,Y2,,,0,19.072,clean,0,0,0.00,0,0
54,8,3,1.38,26,2.48,733405,Y2,,,0,18.775,clean,0,0,0.00,0,0
54,9,3,1.47,1,2.59,438631,Y4,,,0,18.443,clean,0,0,0.00,0,0
54,10,3,1.36,1,2.48,565678,Y4,,,0,18.061,clean,0,0,0.00,0,0
54,11,3,1.34,1403,2.46,57131,Y2,,,0,17.704,clean,0,0,0.00,0,0
54,12,3,1.54,1,2.36,1178652,Y4,,,0,17.184,clean,0,0,0.00,0,0
54,13,3,1.42,621,2.40,74208,Y2,,,0,16.759,clean,0,0,0.00,0,0
54,14,3,1.41,1,2.28,128120,Y4,,,0,16.432,clean,0,0,0.00,0,0
54,15,3,1.57,1,2.41,415921,Y4,,,0,16.230,clean,0,0,0.00,0,0
54,16,3,1.60,1,2.21,974000,Y4,,,0,16.265,clean,0,0,0.00,0,0
54,17,3,1.52,1,2.51,1034439,Y2,,,0,16.445,clean,0,0,0.00,0,0
54,18,3,1.47,718,2.44,1443744,Y4,,,0,17.715,clean,0,0,0.00,0,0
54,19,3,1.41,1,2.49,515521,Y4,,,0,16.413,clean,0,0,0.00,0,0
54,20,3,1.57,1,2.50,288874,Y4,,,0,16.100,clean,0,0,0.00,0,0
54,21,3,1.58,1,2.48,122398,Y2,,,0,15.975,clean,0,0,0.00,0,0
54,22,3,1.46,1,2.52,79662,Y2,,,0,15.946,clean,0,0,0.00,0,0
54,23,3,1.71,1,2.52,1134396,Y2,,,0,15.884,clean,0,0,0.00,0,0
54,24,3,1.67,1,2.46,675112,Y2,,,0,15.787,clean,0,0,0.00,0,0
54,25,3,1.37,1,2.50,197411,Y4,,,0,15.407,clean,0,0,0.00,0,0
54,26,3,1.70,1,2.46,404477,Y4,,,0,15.013,clean,0,0,0.00,0,0
54,27,3,1.72,1,2.37,280917,Y2,,,0,14.947,clean,0,0,0.00,0,0
54,28,3,1.41,1442,2.41,73224,Y4,,,0,14.567,clean,0,0,0.00,0,0
54,29,3,1.89,1,2.45,280291,Y4,,,0,14.376,clean,0,0,0.00,0,0
54,30,3,2.01,1,2.55,502735,Y2,,,0,14.142,clean,0,0,0.00,0,0
54,31,3,1.79,1,2.75,94950,Y2,,,0,13.891,clean,0,0,0.00,0,0
54,32,3,1.37,225,2.34,1083881,Y4,,,0,13.611,clean,0,0,0.00,0,0
54,33,3,1.74,1,2.29,1368552,Y4,,,0,13.519,clean,0,0,0.00,0,0
54,34,3,1.90,1,2.40,922859,Y2,,,0,13.509,clean,0,0,0.00,0,0
54,35,3,1.81,1,2.42,478953,Y4,,,0,13.563,clean,0,0,0.00,0,0
54,36,3,2.01,1,2.27,138044,Y2,,,0,13.662,clean,0,0,0.00,0,0
54,37,3,1.61,1,2.32,1461267,Y2,,,0,13.627,clean,0,0,0.00,0,0
54,38,3,2.02,1,2.39,765592,Y2,,,0,13.513,clean,0,0,0.00,0,0
54,39,3,1.75,1,2.50,470996,Y2,,,0,13.459,clean,0,0,0.00,0,0
54,40,3,1.70,1,2.33,79393,Y2,,,0,13.419,clean,0,0,0.00,0,0
54,41,3,1.77,1,2.45,437558,Y4,,,0,13.396,clean,0,0,0.00,0,0
54,42,3,1.96,1,2.43,201970,Y4,,,0,13.410,clean,0,0,0.00,0,0
54,43,3,1.71,1,2.45,185430,Y2,,,0,13.303,clean,0,0,0.00,0,0
54,44,3,1.60,1,2.27,200719,Y2,,,0,13.090,clean,0,0,0.00,0,0
54,45,3,1.75,1,2.29,883073,Y4,,,0,12.932,clean,0,0,0.00,0,0
54,46,3,2.00,1,2.43,482976,Y2,,,0,12.759,clean,0,0,0.00,0,0
54,47,3,1.82,1,2.36,834525,Y4,,,0,12.540,clean,0,0,0.00,0,0
54,48,3,3.34,1,2.60,101209,Y4,0.24/noise-like,0.00/noise-like,0,12.162,hump-note,0,0,0.00,0,0
54,49,3,2.00,1,2.36,993669,Y2,,,0,11.733,clean,0,0,0.00,0,0
54,50,3,1.90,1,2.31,1119822,Y4,,,0,11.437,clean,0,0,0.00,0,0
54,51,3,1.99,1,2.64,1121074,Y4,,,0,11.120,clean,0,0,0.00,0,0
54,52,3,2.01,1,2.49,1083702,Y4,,,0,10.869,clean,0,0,0.00,0,0
54,53,3,2.05,1,2.51,92536,Y2,,,0,10.642,clean,0,0,0.00,0,0
54,54,3,2.24,1,2.47,1193583,Y4,,,0,10.321,clean,0,0,0.00,0,0
54,55,3,2.45,1,2.53,70184,Y2,,,0,9.815,clean,0,0,0.00,0,0
54,56,3,2.86,1,2.67,359416,Y4,0.00/noise-like,0.00/noise-like,0,9.188,hump-note,0,0,0.00,0,0
54,57,3,2.69,1,2.58,111669,Y2,0.00/noise-like,0.00/noise-like,0,8.513,hump-note,0,0,0.00,0,0
54,58,3,3.23,1,2.43,45240,Y4,0.24/noise-like,0.24/noise-like,0,7.934,hump-note,0,0,0.00,0,0
54,59,3,0,-1,0,0,-,,,0,7.278,QUARANTINE:dark-lane range=64 distinct=61,0,0,0.00,0,0
54,60,3,0,-1,0,0,-,,,0,6.427,QUARANTINE:dark-lane range=57 distinct=55,0,0,0.00,0,0
54,61,3,0,-1,0,0,-,,,0,5.572,QUARANTINE:dark-lane range=47 distinct=48,0,0,0.00,0,0
54,62,3,0,-1,0,0,-,,,0,4.690,QUARANTINE:dark-lane range=40 distinct=41,0,0,0.00,0,0
54,63,3,0,-1,0,0,-,,,0,3.928,QUARANTINE:dark-lane range=34 distinct=34,0,0,0.00,0,0
55,0,3,2.11,1,2.44,489771,Y2,,,0,19.621,clean,0,0,0.00,0,0
55,1,3,1.39,1398,2.38,660986,Y4,,,0,19.577,clean,0,0,0.00,0,0
55,2,3,1.44,1,2.36,1044720,Y2,,,0,19.573,clean,0,0,0.00,0,0
55,3,3,1.36,1193,2.56,471979,Y2,,,0,19.628,clean,0,0,0.00,0,0
55,4,3,1.42,1,2.47,919908,Y4,,,0,19.773,clean,0,0,0.00,0,0
55,5,3,1.43,1,2.50,692189,Y4,,,0,19.553,clean,0,0,0.00,0,0
55,6,3,1.53,1,2.38,1251251,Y2,,,0,19.291,clean,0,0,0.00,0,0
55,7,3,1.40,1048,2.51,1386434,Y2,,,0,19.090,clean,0,0,0.00,0,0
55,8,3,1.35,210,2.53,443190,Y4,,,0,18.787,clean,0,0,0.00,0,0
55,9,3,1.45,1,2.22,1240969,Y4,,,0,18.424,clean,0,0,0.00,0,0
55,10,3,1.34,642,2.47,405818,Y2,,,0,18.108,clean,0,0,0.00,0,0
55,11,3,1.69,1,2.39,872433,Y2,,,0,17.666,clean,0,0,0.00,0,0
55,12,3,1.70,1,2.68,292987,Y2,,,0,17.197,clean,0,0,0.00,0,0
55,13,3,1.41,1,2.41,1247674,Y4,,,0,16.733,clean,0,0,0.00,0,0
55,14,3,1.42,967,2.35,205815,Y4,,,0,16.421,clean,0,0,0.00,0,0
55,15,3,1.69,1,2.39,320524,Y4,,,0,16.267,clean,0,0,0.00,0,0
55,16,3,1.39,979,2.54,422627,Y2,,,0,16.286,clean,0,0,0.00,0,0
55,17,3,1.41,977,2.26,1257867,Y2,,,0,16.443,clean,0,0,0.00,0,0
55,18,3,1.57,668,2.83,548333,Y2,,,0,17.734,clean,0,0,0.00,0,0
55,19,3,1.67,1,2.40,522047,Y4,,,0,16.399,clean,0,0,0.00,0,0
55,20,3,1.72,1,2.43,810564,Y4,,,0,16.077,clean,0,0,0.00,0,0
55,21,3,1.40,1,2.43,497818,Y2,,,0,15.942,clean,0,0,0.00,0,0
55,22,3,1.51,1,2.30,1422912,Y4,,,0,15.926,clean,0,0,0.00,0,0
55,23,3,1.44,1,2.51,361562,Y4,,,0,15.918,clean,0,0,0.00,0,0
55,24,3,1.49,634,2.30,653118,Y2,,,0,15.798,clean,0,0,0.00,0,0
55,25,3,1.57,1,2.29,625759,Y4,,,0,15.412,clean,0,0,0.00,0,0
55,26,3,1.59,1,2.52,94235,Y4,,,0,14.963,clean,0,0,0.00,0,0
55,27,3,1.64,1,2.43,1163185,Y4,,,0,14.961,clean,0,0,0.00,0,0
55,28,3,1.74,1,2.19,1210660,Y2,,,0,14.560,clean,0,0,0.00,0,0
55,29,3,1.54,1,2.36,133842,Y4,,,0,14.406,clean,0,0,0.00,0,0
55,30,3,1.59,1,2.46,477433,Y4,,,0,14.166,clean,0,0,0.00,0,0
55,31,3,1.61,1,2.59,677794,Y2,,,0,13.853,clean,0,0,0.00,0,0
55,32,3,1.36,186,2.24,821561,Y2,,,0,13.619,clean,0,0,0.00,0,0
55,33,3,2.05,1,2.44,1374900,Y4,,,0,13.529,clean,0,0,0.00,0,0
55,34,3,1.77,1,2.38,1075923,Y4,,,0,13.504,clean,0,0,0.00,0,0
55,35,3,1.97,1,2.42,1014143,Y2,,,0,13.573,clean,0,0,0.00,0,0
55,36,3,1.56,1,2.23,477791,Y2,,,0,13.664,clean,0,0,0.00,0,0
55,37,3,1.75,1,2.48,1124114,Y2,,,0,13.630,clean,0,0,0.00,0,0
55,38,3,1.80,1,2.45,710338,Y2,,,0,13.492,clean,0,0,0.00,0,0
55,39,3,1.87,1,2.73,31114,Y4,,,0,13.419,clean,0,0,0.00,0,0
55,40,3,1.75,1,2.61,415742,Y4,,,0,13.411,clean,0,0,0.00,0,0
55,41,3,1.93,1,2.60,408590,Y2,,,0,13.385,clean,0,0,0.00,0,0
55,42,3,1.54,1,2.64,1250714,Y4,,,0,13.392,clean,0,0,0.00,0,0
55,43,3,2.01,1,2.27,218421,Y4,,,0,13.274,clean,0,0,0.00,0,0
55,44,3,1.76,1,2.36,476182,Y2,,,0,13.117,clean,0,0,0.00,0,0
55,45,3,1.80,1,2.46,141710,Y2,,,0,12.899,clean,0,0,0.00,0,0
55,46,3,1.63,1,2.34,105411,Y2,,,0,12.771,clean,0,0,0.00,0,0
55,47,3,1.97,1,2.31,758797,Y4,,,0,12.510,clean,0,0,0.00,0,0
55,48,3,3.22,1,2.32,1447141,Y4,0.00/noise-like,0.00/noise-like,0,12.123,hump-note,0,0,0.00,0,0
55,49,3,1.95,1,2.43,1391709,Y4,,,0,11.773,clean,0,0,0.00,0,0
55,50,3,1.93,1,2.49,1416475,Y2,,,0,11.421,clean,0,0,0.00,0,0
55,51,3,2.01,1,2.42,503540,Y4,,,0,11.097,clean,0,0,0.00,0,0
55,52,3,2.27,1,2.73,632107,Y2,,,0,10.866,clean,0,0,0.00,0,0
55,53,3,2.18,1,2.56,42558,Y2,,,0,10.654,clean,0,0,0.00,0,0
55,54,3,2.05,1,2.41,763088,Y4,,,0,10.308,clean,0,0,0.00,0,0
55,55,3,2.42,1,2.31,261784,Y2,,,0,9.823,clean,0,0,0.00,0,0
55,56,3,2.72,1,2.49,1218170,Y2,0.00/noise-like,0.00/noise-like,0,9.200,hump-note,0,0,0.00,0,0
55,57,3,2.79,1,2.53,49174,Y2,0.00/noise-like,0.24/noise-like,0,8.501,hump-note,0,0,0.00,0,0
55,58,3,3.20,1,2.62,667781,Y2,0.24/noise-like,0.00/noise-like,0,7.914,hump-note,0,0,0.00,0,0
55,59,3,0,-1,0,0,-,,,0,7.244,QUARANTINE:dark-lane range=61 distinct=62,0,0,0.00,0,0
55,60,3,0,-1,0,0,-,,,0,6.416,QUARANTINE:dark-lane range=61 distinct=58,0,0,0.00,0,0
55,61,3,0,-1,0,0,-,,,0,5.566,QUARANTINE:dark-lane range=45 distinct=46,0,0,0.00,0,0
55,62,3,0,-1,0,0,-,,,0,4.692,QUARANTINE:dark-lane range=40 distinct=41,0,0,0.00,0,0
55,63,3,0,-1,0,0,-,,,0,3.934,QUARANTINE:dark-lane range=35 distinct=36,0,0,0.00,0,0
56,0,3,2.36,1,2.24,183284,Y4,,,0,19.630,clean,0,0,0.00,0,0
56,1,3,1.38,1083,2.54,966936,Y2,,,0,19.559,clean,0,0,0.00,0,0
56,2,3,1.40,1,2.33,207961,Y2,,,0,19.538,clean,0,0,0.00,0,0
56,3,3,1.52,1,2.40,1169890,Y4,,,0,19.639,clean,0,0,0.00,0,0
56,4,3,1.32,609,2.43,394732,Y2,,,0,19.753,clean,0,0,0.00,0,0
56,5,3,1.51,1359,2.44,1446068,Y2,,,0,19.546,clean,0,0,0.00,0,0
56,6,3,1.50,1,2.44,972122,Y2,,,0,19.253,clean,0,0,0.00,0,0
56,7,3,1.34,1390,2.55,182837,Y4,,,0,19.042,clean,0,0,0.00,0,0
56,8,3,1.38,968,2.39,547707,Y2,,,0,18.814,clean,0,0,0.00,0,0
56,9,3,1.36,819,2.42,776857,Y4,,,0,18.387,clean,0,0,0.00,0,0
56,10,3,1.41,283,2.34,9567,Y2,,,0,18.069,clean,0,0,0.00,0,0
56,11,3,1.41,1341,2.53,538588,Y4,,,0,17.676,clean,0,0,0.00,0,0
56,12,3,1.52,1,2.35,570953,Y4,,,0,17.187,clean,0,0,0.00,0,0
56,13,3,1.57,1,2.74,951111,Y2,,,0,16.716,clean,0,0,0.00,0,0
56,14,3,1.40,1,2.45,1008421,Y4,,,0,16.438,clean,0,0,0.00,0,0
56,15,3,1.53,1,2.62,478864,Y2,,,0,16.243,clean,0,0,0.00,0,0
56,16,3,1.40,675,2.44,1050889,Y2,,,0,16.259,clean,0,0,0.00,0,0
56,17,3,1.35,154,2.39,1453400,Y4,,,0,16.465,clean,0,0,0.00,0,0
56,18,3,1.50,769,2.48,18865,Y2,,,0,17.741,clean,0,0,0.00,0,0
56,19,3,1.36,403,2.27,415742,Y2,,,0,16.397,clean,0,0,0.00,0,0
56,20,3,1.44,1,2.34,418425,Y2,,,0,16.075,clean,0,0,0.00,0,0
56,21,3,1.60,1,2.48,1390010,Y2,,,0,15.920,clean,0,0,0.00,0,0
56,22,3,1.52,1,2.32,316948,Y2,,,0,15.892,clean,0,0,0.00,0,0
56,23,3,1.66,1,2.44,532597,Y4,,,0,15.908,clean,0,0,0.00,0,0
56,24,3,1.76,1,2.43,1201630,Y4,,,0,15.806,clean,0,0,0.00,0,0
56,25,3,1.67,1,2.36,1442760,Y2,,,0,15.431,clean,0,0,0.00,0,0
56,26,3,1.69,1,2.45,653654,Y4,,,0,14.994,clean,0,0,0.00,0,0
56,27,3,1.62,1,2.36,140637,Y4,,,0,14.960,clean,0,0,0.00,0,0
56,28,3,1.51,1,2.74,526965,Y2,,,0,14.594,clean,0,0,0.00,0,0
56,29,3,1.62,1,2.32,631928,Y2,,,0,14.381,clean,0,0,0.00,0,0
56,30,3,2.03,1,2.40,1165956,Y4,,,0,14.143,clean,0,0,0.00,0,0
56,31,3,1.69,1,2.25,359774,Y4,,,0,13.894,clean,0,0,0.00,0,0
56,32,3,1.45,19,2.33,800371,Y4,,,0,13.639,clean,0,0,0.00,0,0
56,33,3,1.76,1,2.41,1073152,Y2,,,0,13.508,clean,0,0,0.00,0,0
56,34,3,1.62,1,2.62,973284,Y2,,,0,13.508,clean,0,0,0.00,0,0
56,35,3,2.10,1,2.65,1131177,Y2,,,0,13.574,clean,0,0,0.00,0,0
56,36,3,1.66,1,2.48,831842,Y2,,,0,13.673,clean,0,0,0.00,0,0
56,37,3,1.74,1,2.31,238895,Y2,,,0,13.612,clean,0,0,0.00,0,0
56,38,3,1.96,1,2.21,749230,Y2,,,0,13.483,clean,0,0,0.00,0,0
56,39,3,1.69,1,2.38,989378,Y2,,,0,13.461,clean,0,0,0.00,0,0
56,40,3,1.75,1,2.37,1237571,Y2,,,0,13.386,clean,0,0,0.00,0,0
56,41,3,1.66,1,2.37,138849,Y4,,,0,13.387,clean,0,0,0.00,0,0
56,42,3,1.89,1,2.48,854820,Y2,,,0,13.376,clean,0,0,0.00,0,0
56,43,3,1.81,1,2.25,459999,Y2,,,0,13.283,clean,0,0,0.00,0,0
56,44,3,2.00,1,2.36,795364,Y4,,,0,13.111,clean,0,0,0.00,0,0
56,45,3,1.65,1,2.22,1329303,Y4,,,0,12.927,clean,0,0,0.00,0,0
56,46,3,1.94,1,2.40,801623,Y4,,,0,12.771,clean,0,0,0.00,0,0
56,47,3,2.03,1,2.36,63479,Y4,,,0,12.503,clean,0,0,0.00,0,0
56,48,3,3.22,1,2.53,899524,Y4,0.00/noise-like,0.00/noise-like,0,12.127,hump-note,0,0,0.00,0,0
56,49,3,2.02,1,2.39,525087,Y2,,,0,11.721,clean,0,0,0.00,0,0
56,50,3,2.13,1,2.52,512570,Y4,,,0,11.430,clean,0,0,0.00,0,0
56,51,3,1.96,1,2.52,1062155,Y4,,,0,11.111,clean,0,0,0.00,0,0
56,52,3,2.47,1,2.42,231653,Y2,,,0,10.885,clean,0,0,0.00,0,0
56,53,3,2.23,1,2.39,341356,Y2,,,0,10.650,clean,0,0,0.00,0,0
56,54,3,2.13,1,2.38,60886,Y2,,,0,10.302,clean,0,0,0.00,0,0
56,55,3,2.33,1,2.35,1081735,Y2,,,0,9.820,clean,0,0,0.00,0,0
56,56,3,2.68,1,2.19,547618,Y2,0.00/noise-like,0.00/noise-like,0,9.191,hump-note,0,0,0.00,0,0
56,57,3,3.26,1,2.45,907928,Y2,0.00/noise-like,0.00/noise-like,0,8.494,hump-note,0,0,0.00,0,0
56,58,3,3.40,1,2.45,541091,Y2,0.24/noise-like,0.00/noise-like,0,7.905,hump-note,0,0,0.00,0,0
56,59,3,0,-1,0,0,-,,,0,7.261,QUARANTINE:dark-lane range=67 distinct=61,0,0,0.00,0,0
56,60,3,0,-1,0,0,-,,,0,6.419,QUARANTINE:dark-lane range=58 distinct=54,0,0,0.00,0,0
56,61,3,0,-1,0,0,-,,,0,5.587,QUARANTINE:dark-lane range=50 distinct=50,0,0,0.00,0,0
56,62,3,0,-1,0,0,-,,,0,4.687,QUARANTINE:dark-lane range=42 distinct=41,0,0,0.00,0,0
56,63,3,0,-1,0,0,-,,,0,3.930,QUARANTINE:dark-lane range=36 distinct=35,0,0,0.00,0,0
57,0,3,2.81,1,2.39,1439273,Y4,0.00/noise-like,0.00/noise-like,0,19.656,hump-note,0,0,0.00,0,0
57,1,3,1.44,1,2.45,513375,Y2,,,0,19.599,clean,0,0,0.00,0,0
57,2,3,1.42,1,2.36,465095,Y2,,,0,19.562,clean,0,0,0.00,0,0
57,3,3,1.48,394,2.54,562370,Y2,,,0,19.655,clean,0,0,0.00,0,0
57,4,3,1.46,1,2.38,998944,Y4,,,0,19.746,clean,0,0,0.00,0,0
57,5,3,1.35,936,2.59,297904,Y2,,,0,19.516,clean,0,0,0.00,0,0
57,6,3,1.54,1476,2.40,943244,Y2,,,0,19.268,clean,0,0,0.00,0,0
57,7,3,1.35,22,2.48,78768,Y4,,,0,19.038,clean,0,0,0.00,0,0
57,8,3,1.58,1,2.32,1226395,Y4,,,0,18.808,clean,0,0,0.00,0,0
57,9,3,1.39,1,2.27,1168996,Y2,,,0,18.393,clean,0,0,0.00,0,0
57,10,3,1.54,1,2.50,391424,Y2,,,0,18.070,clean,0,0,0.00,0,0
57,11,3,1.55,1,2.55,60886,Y2,,,0,17.679,clean,0,0,0.00,0,0
57,12,3,1.58,1,2.44,1054466,Y4,,,0,17.191,clean,0,0,0.00,0,0
57,13,3,1.86,1,2.72,1022816,Y2,,,0,16.750,clean,0,0,0.00,0,0
57,14,3,1.39,985,2.29,728935,Y4,,,0,16.436,clean,0,0,0.00,0,0
57,15,3,1.63,1,2.41,320882,Y4,,,0,16.240,clean,0,0,0.00,0,0
57,16,3,1.64,1,2.92,1346737,Y4,,,0,16.271,clean,0,0,0.00,0,0
57,17,3,1.38,1,2.38,1464754,Y4,,,0,16.445,clean,0,0,0.00,0,0
57,18,3,1.53,593,2.34,1441687,Y4,,,0,17.760,clean,0,0,0.00,0,0
57,19,3,1.50,1,2.52,957549,Y4,,,0,16.380,clean,0,0,0.00,0,0
57,20,3,1.38,1,2.28,183195,Y2,,,0,16.095,clean,0,0,0.00,0,0
57,21,3,1.72,1,2.41,1373738,Y4,,,0,15.922,clean,0,0,0.00,0,0
57,22,3,1.73,1,2.35,913382,Y4,,,0,15.929,clean,0,0,0.00,0,0
57,23,3,1.52,1,2.26,846326,Y2,,,0,15.902,clean,0,0,0.00,0,0
57,24,3,1.45,1171,2.47,1071364,Y2,,,0,15.796,clean,0,0,0.00,0,0
57,25,3,1.48,1,2.35,276804,Y2,,,0,15.396,clean,0,0,0.00,0,0
57,26,3,1.56,1,2.60,1188934,Y2,,,0,14.977,clean,0,0,0.00,0,0
57,27,3,1.65,1,2.42,608057,Y4,,,0,14.945,clean,0,0,0.00,0,0
57,28,3,1.62,1,2.52,232369,Y2,,,0,14.583,clean,0,0,0.00,0,0
57,29,3,1.58,1,2.52,1011550,Y4,,,0,14.374,clean,0,0,0.00,0,0
57,30,3,1.71,1,2.33,351369,Y2,,,0,14.158,clean,0,0,0.00,0,0
57,31,3,1.77,1,2.23,469744,Y2,,,0,13.872,clean,0,0,0.00,0,0
57,32,3,1.32,588,2.56,942349,Y4,,,0,13.621,clean,0,0,0.00,0,0
57,33,3,1.82,1,2.21,90301,Y2,,,0,13.518,clean,0,0,0.00,0,0
57,34,3,1.66,1,2.51,1173913,Y2,,,0,13.475,clean,0,0,0.00,0,0
57,35,3,1.80,1,2.24,175685,Y2,,,0,13.568,clean,0,0,0.00,0,0
57,36,3,1.63,1,2.54,1124740,Y4,,,0,13.649,clean,0,0,0.00,0,0
57,37,3,1.70,1,2.45,957549,Y2,,,0,13.604,clean,0,0,0.00,0,0
57,38,3,1.84,1,2.58,866890,Y2,,,0,13.497,clean,0,0,0.00,0,0
57,39,3,1.98,1,2.42,797600,Y2,,,0,13.435,clean,0,0,0.00,0,0
57,40,3,1.89,1,2.49,633180,Y4,,,0,13.412,clean,0,0,0.00,0,0
57,41,3,1.81,1,2.66,1448929,Y2,,,0,13.394,clean,0,0,0.00,0,0
57,42,3,1.92,1,2.42,836849,Y4,,,0,13.361,clean,0,0,0.00,0,0
57,43,3,1.74,1,2.64,218421,Y2,,,0,13.293,clean,0,0,0.00,0,0
57,44,3,1.50,1,2.22,702828,Y4,,,0,13.109,clean,0,0,0.00,0,0
57,45,3,1.85,1,2.54,750929,Y2,,,0,12.911,clean,0,0,0.00,0,0
57,46,3,1.95,1,2.35,586420,Y4,,,0,12.754,clean,0,0,0.00,0,0
57,47,3,1.87,1,2.53,348330,Y4,,,0,12.510,clean,0,0,0.00,0,0
57,48,3,3.68,1,2.77,116229,Y2,0.00/noise-like,0.24/noise-like,0,12.115,hump-note,0,0,0.00,0,0
57,49,3,2.08,1,2.58,1437843,Y4,,,0,11.739,clean,0,0,0.00,0,0
57,50,3,2.12,1,2.31,293076,Y4,,,0,11.442,clean,0,0,0.00,0,0
57,51,3,2.25,1,2.41,395983,Y2,,,0,11.124,clean,0,0,0.00,0,0
57,52,3,2.04,1,2.55,96470,Y2,,,0,10.863,clean,0,0,0.00,0,0
57,53,3,1.92,1,2.52,1186430,Y4,,,0,10.658,clean,0,0,0.00,0,0
57,54,3,2.40,1,2.28,1393676,Y2,,,0,10.304,clean,0,0,0.00,0,0
57,55,3,2.47,1,2.53,1464844,Y2,,,0,9.837,clean,0,0,0.00,0,0
57,56,3,2.56,1,2.41,42200,Y4,0.00/noise-like,0.24/noise-like,0,9.199,hump-note,0,0,0.00,0,0
57,57,3,3.33,1,2.42,20295,Y2,0.24/noise-like,0.24/noise-like,0,8.508,hump-note,0,0,0.00,0,0
57,58,3,3.25,1,2.40,258118,Y4,0.00/noise-like,0.00/noise-like,0,7.931,hump-note,0,0,0.00,0,0
57,59,3,0,-1,0,0,-,,,0,7.257,QUARANTINE:dark-lane range=63 distinct=63,0,0,0.00,0,0
57,60,3,0,-1,0,0,-,,,0,6.426,QUARANTINE:dark-lane range=60 distinct=54,0,0,0.00,0,0
57,61,3,0,-1,0,0,-,,,0,5.584,QUARANTINE:dark-lane range=49 distinct=48,0,0,0.00,0,0
57,62,3,0,-1,0,0,-,,,0,4.692,QUARANTINE:dark-lane range=40 distinct=40,0,0,0.00,0,0
57,63,3,0,-1,0,0,-,,,0,3.930,QUARANTINE:dark-lane range=36 distinct=37,0,0,0.00,0,0
58,0,3,2.58,1,2.54,880837,Y2,0.42/WATCH,0.24/noise-like,0,19.609,hump-note,0,0,0.00,0,0
58,1,3,1.50,1,2.30,462860,Y2,,,0,19.595,clean,0,0,0.00,0,0
58,2,3,1.31,1149,2.46,206351,Y2,,,0,19.515,clean,0,0,0.00,0,0
58,3,3,1.65,1,2.42,134289,Y2,,,0,19.625,clean,0,0,0.00,0,0
58,4,3,1.34,370,2.37,783294,Y4,,,0,19.761,clean,0,0,0.00,0,0
58,5,3,1.35,809,2.24,137508,Y2,,,0,19.541,clean,0,0,0.00,0,0
58,6,3,1.51,1476,2.76,636131,Y2,,,0,19.278,clean,0,0,0.00,0,0
58,7,3,1.52,1,2.39,954688,Y2,,,0,19.074,clean,0,0,0.00,0,0
58,8,3,1.43,348,2.38,356019,Y2,,,0,18.784,clean,0,0,0.00,0,0
58,9,3,1.49,1,2.39,313818,Y2,,,0,18.447,clean,0,0,0.00,0,0
58,10,3,1.43,1,2.41,1217008,Y4,,,0,18.056,clean,0,0,0.00,0,0
58,11,3,1.41,1,2.35,182569,Y2,,,0,17.668,clean,0,0,0.00,0,0
58,12,3,1.42,1,2.39,972748,Y4,,,0,17.189,clean,0,0,0.00,0,0
58,13,3,1.81,1,2.29,246048,Y4,,,0,16.698,clean,0,0,0.00,0,0
58,14,3,1.51,1,2.34,432640,Y4,,,0,16.426,clean,0,0,0.00,0,0
58,15,3,1.40,1,2.27,1281470,Y4,,,0,16.228,clean,0,0,0.00,0,0
58,16,3,1.54,1,2.42,1365513,Y4,,,0,16.323,clean,0,0,0.00,0,0
58,17,3,1.55,1,2.27,915974,Y2,,,0,16.443,clean,0,0,0.00,0,0
58,18,3,1.53,643,2.46,90927,Y4,,,0,17.742,clean,0,0,0.00,0,0
58,19,3,1.79,1,2.54,1393586,Y4,,,0,16.401,clean,0,0,0.00,0,0
58,20,3,1.61,1,2.41,928223,Y2,,,0,16.084,clean,0,0,0.00,0,0
58,21,3,1.66,1,2.38,1213431,Y2,,,0,15.935,clean,0,0,0.00,0,0
58,22,3,1.66,1,2.63,463307,Y2,,,0,15.927,clean,0,0,0.00,0,0
58,23,3,1.57,1,2.34,916511,Y4,,,0,15.918,clean,0,0,0.00,0,0
58,24,3,1.51,1,2.29,672609,Y4,,,0,15.799,clean,0,0,0.00,0,0
58,25,3,1.80,1,2.57,934929,Y2,,,0,15.421,clean,0,0,0.00,0,0
58,26,3,1.53,1,2.45,822365,Y2,,,0,15.016,clean,0,0,0.00,0,0
58,27,3,1.63,591,2.29,844270,Y2,,,0,14.946,clean,0,0,0.00,0,0
58,28,3,1.49,1,2.74,714451,Y2,,,0,14.596,clean,0,0,0.00,0,0
58,29,3,1.77,1,2.32,1120627,Y2,,,0,14.368,clean,0,0,0.00,0,0
58,30,3,1.59,1,2.55,297725,Y2,,,0,14.145,clean,0,0,0.00,0,0
58,31,3,1.63,1,2.76,44525,Y2,,,0,13.871,clean,0,0,0.00,0,0
58,32,3,1.37,342,2.42,1372039,Y4,,,0,13.643,clean,0,0,0.00,0,0
58,33,3,1.76,1,2.29,1033545,Y2,,,0,13.535,clean,0,0,0.00,0,0
58,34,3,1.77,1,2.35,1464397,Y2,,,0,13.512,clean,0,0,0.00,0,0
58,35,3,1.89,1,2.52,117928,Y2,,,0,13.566,clean,0,0,0.00,0,0
58,36,3,1.62,1,2.25,948876,Y2,,,0,13.675,clean,0,0,0.00,0,0
58,37,3,1.62,1,2.39,122309,Y4,,,0,13.638,clean,0,0,0.00,0,0
58,38,3,1.55,1,2.30,106126,Y2,,,0,13.516,clean,0,0,0.00,0,0
58,39,3,1.86,1,2.28,192225,Y2,,,0,13.435,clean,0,0,0.00,0,0
58,40,3,1.64,1,2.52,1026750,Y4,,,0,13.430,clean,0,0,0.00,0,0
58,41,3,1.66,1,2.30,511587,Y4,,,0,13.395,clean,0,0,0.00,0,0
58,42,3,1.66,1,2.40,821024,Y4,,,0,13.387,clean,0,0,0.00,0,0
58,43,3,1.66,1,2.94,37372,Y4,,,0,13.311,clean,0,0,0.00,0,0
58,44,3,1.70,1,2.52,62406,Y2,,,0,13.084,clean,0,0,0.00,0,0
58,45,3,1.51,1,2.91,201792,Y2,,,0,12.938,clean,0,0,0.00,0,0
58,46,3,1.80,1,2.34,1057774,Y2,,,0,12.743,clean,0,0,0.00,0,0
58,47,3,1.60,1,2.47,81718,Y2,,,0,12.506,clean,0,0,0.00,0,0
58,48,3,3.29,1,2.50,683606,Y2,0.00/noise-like,0.00/noise-like,0,12.141,hump-note,0,0,0.00,0,0
58,49,3,2.10,1,2.35,1324475,Y4,,,0,11.755,clean,0,0,0.00,0,0
58,50,3,2.10,1,2.43,1123667,Y4,,,0,11.424,clean,0,0,0.00,0,0
58,51,3,2.05,1,2.50,1100510,Y4,,,0,11.093,clean,0,0,0.00,0,0
58,52,3,2.11,1,2.41,1029789,Y2,,,0,10.871,clean,0,0,0.00,0,0
58,53,3,2.36,1,2.54,18060,Y2,,,0,10.654,clean,0,0,0.00,0,0
58,54,3,2.08,1,2.74,138044,Y4,,,0,10.310,clean,0,0,0.00,0,0
58,55,3,2.55,1,2.40,1278609,Y4,0.00/noise-like,0.00/noise-like,0,9.824,hump-note,0,0,0.00,0,0
58,56,3,2.45,1,2.61,1151115,Y4,,,0,9.189,clean,0,0,0.00,0,0
58,57,3,3.00,1,2.40,131607,Y2,0.00/noise-like,0.00/noise-like,0,8.506,hump-note,0,0,0.00,0,0
58,58,3,3.32,1,2.47,939846,Y2,0.24/noise-like,0.00/noise-like,0,7.920,hump-note,0,0,0.00,0,0
58,59,3,0,-1,0,0,-,,,0,7.253,QUARANTINE:dark-lane range=62 distinct=63,0,0,0.00,0,0
58,60,3,0,-1,0,0,-,,,0,6.435,QUARANTINE:dark-lane range=58 distinct=56,0,0,0.00,0,0
58,61,3,0,-1,0,0,-,,,0,5.569,QUARANTINE:dark-lane range=45 distinct=46,0,0,0.00,0,0
58,62,3,0,-1,0,0,-,,,0,4.688,QUARANTINE:dark-lane range=42 distinct=40,0,0,0.00,0,0
58,63,3,0,-1,0,0,-,,,0,3.932,QUARANTINE:dark-lane range=34 distinct=34,0,0,0.00,0,0
59,0,3,2.26,1,2.36,318825,Y2,,,0,19.608,clean,0,0,0.00,0,0
59,1,3,1.36,1,2.37,1251698,Y4,,,0,19.608,clean,0,0,0.00,0,0
59,2,3,1.61,1,2.33,1321882,Y2,,,0,19.511,clean,0,0,0.00,0,0
59,3,3,1.42,322,2.52,918657,Y2,,,0,19.630,clean,0,0,0.00,0,0
59,4,3,1.48,1,2.33,26643,Y2,,,0,19.752,clean,0,0,0.00,0,0
59,5,3,1.35,1,2.29,1428634,Y2,,,0,19.540,clean,0,0,0.00,0,0
59,6,3,1.37,1476,2.61,1386255,Y4,,,0,19.306,clean,0,0,0.00,0,0
59,7,3,1.58,1,2.61,1274765,Y4,,,0,19.056,clean,0,0,0.00,0,0
59,8,3,1.38,1,2.50,1156479,Y2,,,0,18.788,clean,0,0,0.00,0,0
59,9,3,1.56,1,2.42,971854,Y4,,,0,18.431,clean,0,0,0.00,0,0
59,10,3,1.48,1,2.34,1161933,Y4,,,0,18.078,clean,0,0,0.00,0,0
59,11,3,1.53,1,2.44,1024872,Y2,,,0,17.661,clean,0,0,0.00,0,0
59,12,3,1.74,1,2.32,1189739,Y2,,,0,17.180,clean,0,0,0.00,0,0
59,13,3,1.41,458,2.54,168443,Y4,,,0,16.748,clean,0,0,0.00,0,0
59,14,3,1.51,1,2.41,324994,Y4,,,0,16.414,clean,0,0,0.00,0,0
59,15,3,1.61,1,2.73,547349,Y4,,,0,16.245,clean,0,0,0.00,0,0
59,16,3,1.63,1,2.42,213683,Y2,,,0,16.295,clean,0,0,0.00,0,0
59,17,3,1.71,1,2.45,319988,Y4,,,0,16.471,clean,0,0,0.00,0,0
59,18,3,1.53,688,2.28,106394,Y2,,,0,17.725,clean,0,0,0.00,0,0
59,19,3,1.42,1,2.44,325441,Y2,,,0,16.420,clean,0,0,0.00,0,0
59,20,3,1.61,1,2.53,86188,Y4,,,0,16.074,clean,0,0,0.00,0,0
59,21,3,1.38,1077,2.45,1085579,Y4,,,0,15.943,clean,0,0,0.00,0,0
59,22,3,1.50,1,2.64,1127601,Y2,,,0,15.903,clean,0,0,0.00,0,0
59,23,3,1.47,1,2.35,801355,Y4,,,0,15.891,clean,0,0,0.00,0,0
59,24,3,1.51,1,2.47,265718,Y2,,,0,15.801,clean,0,0,0.00,0,0
59,25,3,1.33,1250,2.51,1042485,Y4,,,0,15.427,clean,0,0,0.00,0,0
59,26,3,1.54,1,2.53,477791,Y4,,,0,15.017,clean,0,0,0.00,0,0
59,27,3,1.55,624,2.55,1241237,Y4,,,0,14.940,clean,0,0,0.00,0,0
59,28,3,1.77,1,2.47,1178652,Y2,,,0,14.561,clean,0,0,0.00,0,0
59,29,3,1.61,1,2.39,109702,Y2,,,0,14.383,clean,0,0,0.00,0,0
59,30,3,1.60,1,2.38,555307,Y2,,,0,14.146,clean,0,0,0.00,0,0
59,31,3,1.73,1,2.63,108004,Y2,,,0,13.872,clean,0,0,0.00,0,0
59,32,3,1.35,334,2.67,193119,Y4,,,0,13.643,clean,0,0,0.00,0,0
59,33,3,1.64,1,2.43,524104,Y2,,,0,13.501,clean,0,0,0.00,0,0
59,34,3,1.39,1,2.30,1284331,Y2,,,0,13.503,clean,0,0,0.00,0,0
59,35,3,1.74,1,2.47,1349241,Y2,,,0,13.581,clean,0,0,0.00,0,0
59,36,3,1.75,1,2.55,358790,Y2,,,0,13.639,clean,0,0,0.00,0,0
59,37,3,1.95,1,2.37,1073509,Y4,,,0,13.630,clean,0,0,0.00,0,0
59,38,3,1.82,1,2.32,556201,Y4,,,0,13.471,clean,0,0,0.00,0,0
59,39,3,1.73,1,2.27,757724,Y4,,,0,13.463,clean,0,0,0.00,0,0
59,40,3,1.60,1,2.43,422895,Y2,,,0,13.406,clean,0,0,0.00,0,0
59,41,3,1.75,1,2.45,1210034,Y4,,,0,13.408,clean,0,0,0.00,0,0
59,42,3,1.69,1,2.40,966400,Y2,,,0,13.367,clean,0,0,0.00,0,0
59,43,3,1.91,1,2.37,287622,Y2,,,0,13.282,clean,0,0,0.00,0,0
59,44,3,1.79,1,2.44,1019597,Y4,,,0,13.104,clean,0,0,0.00,0,0
59,45,3,1.84,1,2.60,1462162,Y4,,,0,12.937,clean,0,0,0.00,0,0
59,46,3,1.65,1,2.65,1036495,Y4,,,0,12.779,clean,0,0,0.00,0,0
59,47,3,2.21,1,2.25,116766,Y4,,,0,12.528,clean,0,0,0.00,0,0
59,48,3,3.57,1,2.28,799477,Y4,0.00/noise-like,0.00/noise-like,0,12.145,hump-note,0,0,0.00,0,0
59,49,3,2.25,1,2.23,1359969,Y4,,,0,11.737,clean,0,0,0.00,0,0
59,50,3,2.08,1,2.40,25749,Y2,,,0,11.420,clean,0,0,0.00,0,0
59,51,3,2.02,1,2.43,410467,Y2,,,0,11.102,clean,0,0,0.00,0,0
59,52,3,2.17,1,2.41,808507,Y2,,,0,10.860,clean,0,0,0.00,0,0
59,53,3,2.02,1,2.63,86278,Y2,,,0,10.663,clean,0,0,0.00,0,0
59,54,3,1.97,1,2.45,1159698,Y4,,,0,10.305,clean,0,0,0.00,0,0
59,55,3,2.44,1,2.37,782847,Y2,,,0,9.811,clean,0,0,0.00,0,0
59,56,3,2.81,1,2.32,348061,Y2,0.00/noise-like,0.00/noise-like,0,9.175,hump-note,0,0,0.00,0,0
59,57,3,2.65,1,2.34,1093179,Y2,0.24/noise-like,0.00/noise-like,0,8.524,hump-note,0,0,0.00,0,0
59,58,3,3.39,1,2.29,270545,Y4,0.00/noise-like,0.00/noise-like,0,7.927,hump-note,0,0,0.00,0,0
59,59,3,0,-1,0,0,-,,,0,7.263,QUARANTINE:dark-lane range=63 distinct=63,0,0,0.00,0,0
59,60,3,0,-1,0,0,-,,,0,6.419,QUARANTINE:dark-lane range=58 distinct=56,0,0,0.00,0,0
59,61,3,0,-1,0,0,-,,,0,5.576,QUARANTINE:dark-lane range=51 distinct=49,0,0,0.00,0,0
59,62,3,0,-1,0,0,-,,,0,4.691,QUARANTINE:dark-lane range=42 distinct=42,0,0,0.00,0,0
59,63,3,0,-1,0,0,-,,,0,3.931,QUARANTINE:dark-lane range=32 distinct=33,0,0,0.00,0,0
60,0,3,2.42,1,2.45,1071006,Y2,,,0,19.636,clean,0,0,0.00,0,0
60,1,3,1.35,1,2.37,47743,Y2,,,0,19.566,clean,0,0,0.00,0,0
60,2,3,1.38,1,2.27,679851,Y2,,,0,19.556,clean,0,0,0.00,0,0
60,3,3,1.36,520,2.65,1032919,Y2,,,0,19.602,clean,0,0,0.00,0,0
60,4,3,1.34,1451,2.38,666261,Y2,,,0,19.758,clean,0,0,0.00,0,0
60,5,3,1.36,1,2.52,625402,Y2,,,0,19.552,clean,0,0,0.00,0,0
60,6,3,1.52,1476,2.42,181854,Y4,,,0,19.310,clean,0,0,0.00,0,0
60,7,3,1.39,1550,2.31,183195,Y2,,,0,19.090,clean,0,0,0.00,0,0
60,8,3,1.52,1,2.61,932157,Y2,,,0,18.779,clean,0,0,0.00,0,0
60,9,3,1.41,494,2.30,135005,Y4,,,0,18.400,clean,0,0,0.00,0,0
60,10,3,1.34,826,2.33,458837,Y4,,,0,18.065,clean,0,0,0.00,0,0
60,11,3,1.36,1209,2.55,109881,Y4,,,0,17.662,clean,0,0,0.00,0,0
60,12,3,1.40,1295,2.29,52571,Y2,,,0,17.173,clean,0,0,0.00,0,0
60,13,3,1.42,1,2.47,1095235,Y4,,,0,16.752,clean,0,0,0.00,0,0
60,14,3,1.67,1,2.25,429869,Y2,,,0,16.414,clean,0,0,0.00,0,0
60,15,3,1.63,1,2.39,677884,Y4,,,0,16.256,clean,0,0,0.00,0,0
60,16,3,1.50,1,2.77,1189113,Y4,,,0,16.307,clean,0,0,0.00,0,0
60,17,3,1.72,1,2.46,564694,Y2,,,0,16.451,clean,0,0,0.00,0,0
60,18,3,1.52,807,2.54,108272,Y2,,,0,17.722,clean,0,0,0.00,0,0
60,19,3,1.36,183,2.37,741541,Y4,,,0,16.395,clean,0,0,0.00,0,0
60,20,3,1.46,1,2.45,88960,Y2,,,0,16.083,clean,0,0,0.00,0,0
60,21,3,1.67,1,2.42,1355141,Y4,,,0,15.954,clean,0,0,0.00,0,0
60,22,3,1.34,346,2.54,592232,Y2,,,0,15.924,clean,0,0,0.00,0,0
60,23,3,1.60,1,2.40,856072,Y2,,,0,15.904,clean,0,0,0.00,0,0
60,24,3,1.38,1,2.54,1299441,Y4,,,0,15.811,clean,0,0,0.00,0,0
60,25,3,1.58,1,2.39,1082629,Y4,,,0,15.416,clean,0,0,0.00,0,0
60,26,3,1.59,1,2.54,1073867,Y4,,,0,14.995,clean,0,0,0.00,0,0
60,27,3,1.83,1,2.24,16809,Y4,,,0,14.946,clean,0,0,0.00,0,0
60,28,3,1.85,1,2.34,344932,Y4,,,0,14.562,clean,0,0,0.00,0,0
60,29,3,1.69,1,2.24,286549,Y2,,,0,14.380,clean,0,0,0.00,0,0
60,30,3,1.63,1,2.53,1046598,Y2,,,0,14.136,clean,0,0,0.00,0,0
60,31,3,1.79,1,2.24,787944,Y2,,,0,13.927,clean,0,0,0.00,0,0
60,32,3,1.37,426,2.29,234336,Y2,,,0,13.631,clean,0,0,0.00,0,0
60,33,3,1.98,1,2.68,213593,Y4,,,0,13.501,clean,0,0,0.00,0,0
60,34,3,1.76,1,2.51,637561,Y4,,,0,13.495,clean,0,0,0.00,0,0
60,35,3,1.61,1,2.33,134826,Y4,,,0,13.575,clean,0,0,0.00,0,0
60,36,3,1.82,1,2.35,622094,Y2,,,0,13.681,clean,0,0,0.00,0,0
60,37,3,1.97,1,2.33,1043558,Y4,,,0,13.602,clean,0,0,0.00,0,0
60,38,3,2.05,1,2.55,66966,Y2,,,0,13.486,clean,0,0,0.00,0,0
60,39,3,1.94,1,2.38,550836,Y4,,,0,13.416,clean,0,0,0.00,0,0
60,40,3,2.00,1,2.24,868499,Y2,,,0,13.437,clean,0,0,0.00,0,0
60,41,3,1.56,1,2.43,360847,Y4,,,0,13.408,clean,0,0,0.00,0,0
60,42,3,1.53,1,2.55,44256,Y2,,,0,13.377,clean,0,0,0.00,0,0
60,43,3,1.62,1,2.37,648111,Y4,,,0,13.304,clean,0,0,0.00,0,0
60,44,3,1.75,1,2.46,140458,Y2,,,0,13.087,clean,0,0,0.00,0,0
60,45,3,1.54,1,2.44,667334,Y4,,,0,12.920,clean,0,0,0.00,0,0
60,46,3,1.94,1,2.30,324637,Y2,,,0,12.764,clean,0,0,0.00,0,0
60,47,3,2.07,1,2.35,39250,Y2,,,0,12.526,clean,0,0,0.00,0,0
60,48,3,3.18,1,2.57,1266003,Y4,0.00/noise-like,0.00/noise-like,0,12.141,hump-note,0,0,0.00,0,0
60,49,3,1.84,1,2.43,630140,Y4,,,0,11.762,clean,0,0,0.00,0,0
60,50,3,2.15,1,2.45,454187,Y4,,,0,11.426,clean,0,0,0.00,0,0
60,51,3,2.08,1,2.29,651419,Y2,,,0,11.112,clean,0,0,0.00,0,0
60,52,3,2.10,1,2.36,178814,Y2,,,0,10.865,clean,0,0,0.00,0,0
60,53,3,2.26,1,2.41,1344860,Y2,,,0,10.647,clean,0,0,0.00,0,0
60,54,3,2.51,1,2.41,437826,Y2,0.00/noise-like,0.24/noise-like,0,10.299,hump-note,0,0,0.00,0,0
60,55,3,2.42,1,2.32,114977,Y4,,,0,9.822,clean,0,0,0.00,0,0
60,56,3,2.65,1,2.35,78857,Y4,0.00/noise-like,0.00/noise-like,0,9.189,hump-note,0,0,0.00,0,0
60,57,3,3.00,1,2.29,760943,Y4,0.00/noise-like,0.00/noise-like,0,8.512,hump-note,0,0,0.00,0,0
60,58,3,2.85,1,2.53,61244,Y4,0.00/noise-like,0.24/noise-like,0,7.918,hump-note,0,0,0.00,0,0
60,59,3,3.27,1,2.54,1038104,Y2,0.24/noise-like,0.00/noise-like,0,7.256,hump-note,0,0,0.00,0,0
60,60,3,0,-1,0,0,-,,,0,6.429,QUARANTINE:dark-lane range=54 distinct=55,0,0,0.00,0,0
60,61,3,0,-1,0,0,-,,,0,5.576,QUARANTINE:dark-lane range=51 distinct=50,0,0,0.00,0,0
60,62,3,0,-1,0,0,-,,,0,4.680,QUARANTINE:dark-lane range=41 distinct=41,0,0,0.00,0,0
60,63,3,0,-1,0,0,-,,,0,3.928,QUARANTINE:dark-lane range=34 distinct=34,0,0,0.00,0,0
61,0,3,2.37,1,2.42,852048,Y4,,,0,19.601,clean,0,0,0.00,0,0
61,1,3,1.45,271,2.35,1336098,Y4,,,0,19.539,clean,0,0,0.00,0,0
61,2,3,1.39,464,2.51,1081735,Y2,,,0,19.576,clean,0,0,0.00,0,0
61,3,3,1.40,617,2.52,655085,Y4,,,0,19.606,clean,0,0,0.00,0,0
61,4,3,1.42,1,2.54,128657,Y4,,,0,19.756,clean,0,0,0.00,0,0
61,5,3,1.35,181,2.44,899345,Y2,,,0,19.548,clean,0,0,0.00,0,0
61,6,3,1.65,1476,2.48,530004,Y4,,,0,19.295,clean,0,0,0.00,0,0
61,7,3,1.39,1,2.48,864476,Y2,,,0,19.088,clean,0,0,0.00,0,0
61,8,3,1.47,1,2.31,1104623,Y2,,,0,18.783,clean,0,0,0.00,0,0
61,9,3,1.54,1,2.30,1037568,Y4,,,0,18.406,clean,0,0,0.00,0,0
61,10,3,1.41,914,2.24,1229167,Y2,,,0,18.054,clean,0,0,0.00,0,0
61,11,3,1.43,304,2.36,328839,Y4,,,0,17.658,clean,0,0,0.00,0,0
61,12,3,1.39,1,2.40,1339585,Y4,,,0,17.219,clean,0,0,0.00,0,0
61,13,3,1.58,1,2.43,1017720,Y2,,,0,16.731,clean,0,0,0.00,0,0
61,14,3,1.78,1,2.52,1130551,Y4,,,0,16.446,clean,0,0,0.00,0,0
61,15,3,1.56,1,2.38,359237,Y2,,,0,16.231,clean,0,0,0.00,0,0
61,16,3,1.36,1359,2.44,1078516,Y2,,,0,16.296,clean,0,0,0.00,0,0
61,17,3,1.55,1,2.47,896394,Y2,,,0,16.448,clean,0,0,0.00,0,0
61,18,3,1.52,671,2.41,1390725,Y4,,,0,17.736,clean,0,0,0.00,0,0
61,19,3,1.50,1,2.52,293970,Y4,,,0,16.407,clean,0,0,0.00,0,0
61,20,3,1.76,1,2.41,873238,Y4,,,0,16.101,clean,0,0,0.00,0,0
61,21,3,1.67,1,2.79,716060,Y2,,,0,15.950,clean,0,0,0.00,0,0
61,22,3,1.58,1,2.60,899702,Y4,,,0,15.920,clean,0,0,0.00,0,0
61,23,3,1.53,1357,2.57,563890,Y4,,,0,15.899,clean,0,0,0.00,0,0
61,24,3,1.45,1,2.51,1458675,Y4,,,0,15.815,clean,0,0,0.00,0,0
61,25,3,1.61,1,2.33,1429349,Y2,,,0,15.406,clean,0,0,0.00,0,0
61,26,3,1.46,1,2.38,1391351,Y2,,,0,14.995,clean,0,0,0.00,0,0
61,27,3,1.59,649,2.26,53912,Y2,,,0,14.978,clean,0,0,0.00,0,0
61,28,3,1.77,1,2.35,1143783,Y4,,,0,14.588,clean,0,0,0.00,0,0
61,29,3,1.83,1,2.35,856161,Y2,,,0,14.388,clean,0,0,0.00,0,0
61,30,3,1.66,1,2.52,1249552,Y2,,,0,14.121,clean,0,0,0.00,0,0
61,31,3,1.77,1,2.67,335723,Y2,,,0,13.883,clean,0,0,0.00,0,0
61,32,3,1.37,1,2.65,488967,Y4,,,0,13.642,clean,0,0,0.00,0,0
61,33,3,1.63,1,2.26,1201451,Y2,,,0,13.559,clean,0,0,0.00,0,0
61,34,3,1.70,1,2.40,517666,Y2,,,0,13.502,clean,0,0,0.00,0,0
61,35,3,1.76,1,2.28,468582,Y4,,,0,13.569,clean,0,0,0.00,0,0
61,36,3,1.61,1,2.45,581682,Y4,,,0,13.665,clean,0,0,0.00,0,0
61,37,3,1.57,1,2.24,873506,Y4,,,0,13.605,clean,0,0,0.00,0,0
61,38,3,1.64,1,2.43,47565,Y2,,,0,13.484,clean,0,0,0.00,0,0
61,39,3,1.97,1,2.54,879318,Y2,,,0,13.449,clean,0,0,0.00,0,0
61,40,3,1.59,1,2.44,1084238,Y2,,,0,13.417,clean,0,0,0.00,0,0
61,41,3,1.63,1,2.39,912040,Y2,,,0,13.403,clean,0,0,0.00,0,0
61,42,3,1.82,1,2.43,877708,Y2,,,0,13.386,clean,0,0,0.00,0,0
61,43,3,2.08,1,2.34,807881,Y2,,,0,13.287,clean,0,0,0.00,0,0
61,44,3,1.79,1,2.58,777125,Y4,,,0,13.072,clean,0,0,0.00,0,0
61,45,3,1.68,1,2.32,958085,Y2,,,0,12.917,clean,0,0,0.00,0,0
61,46,3,1.86,1,2.56,1080573,Y2,,,0,12.774,clean,0,0,0.00,0,0
61,47,3,1.95,1,2.83,1464844,Y2,,,0,12.489,clean,0,0,0.00,0,0
61,48,3,3.32,1,2.47,497460,Y4,0.00/noise-like,0.00/noise-like,0,12.145,hump-note,0,0,0.00,0,0
61,49,3,1.92,1,2.33,1172304,Y4,,,0,11.760,clean,0,0,0.00,0,0
61,50,3,2.07,1,2.67,1282364,Y2,,,0,11.417,clean,0,0,0.00,0,0
61,51,3,2.06,1,2.43,301301,Y4,,,0,11.101,clean,0,0,0.00,0,0
61,52,3,1.98,1,2.57,1453310,Y4,,,0,10.865,clean,0,0,0.00,0,0
61,53,3,2.18,1,2.73,1185536,Y4,,,0,10.644,clean,0,0,0.00,0,0
61,54,3,2.52,1,2.56,1252770,Y4,0.00/noise-like,0.00/noise-like,0,10.304,hump-note,0,0,0.00,0,0
61,55,3,2.52,1,2.29,235587,Y2,0.00/noise-like,0.24/noise-like,0,9.825,hump-note,0,0,0.00,0,0
61,56,3,2.74,1,2.41,377744,Y2,0.24/noise-like,0.00/noise-like,0,9.190,hump-note,0,0,0.00,0,0
61,57,3,2.89,1,2.40,1003951,Y4,0.00/noise-like,0.00/noise-like,0,8.511,hump-note,0,0,0.00,0,0
61,58,3,3.60,1,2.42,757098,Y2,0.00/noise-like,0.24/noise-like,0,7.911,hump-note,0,0,0.00,0,0
61,59,3,0,-1,0,0,-,,,0,7.243,QUARANTINE:dark-lane range=64 distinct=63,0,0,0.00,0,0
61,60,3,0,-1,0,0,-,,,0,6.421,QUARANTINE:dark-lane range=57 distinct=55,0,0,0.00,0,0
61,61,3,0,-1,0,0,-,,,0,5.560,QUARANTINE:dark-lane range=51 distinct=49,0,0,0.00,0,0
61,62,3,0,-1,0,0,-,,,0,4.691,QUARANTINE:dark-lane range=40 distinct=41,0,0,0.00,0,0
61,63,3,0,-1,0,0,-,,,0,3.932,QUARANTINE:dark-lane range=35 distinct=33,0,0,0.00,0,0
62,0,3,2.65,1,2.49,775784,Y2,0.00/noise-like,0.00/noise-like,0,19.645,hump-note,0,0,0.00,0,0
62,1,3,1.59,1,2.55,1395106,Y2,,,0,19.616,clean,0,0,0.00,0,0
62,2,3,1.38,804,2.29,439167,Y4,,,0,19.564,clean,0,0,0.00,0,0
62,3,3,1.46,396,2.43,1247048,Y4,,,0,19.633,clean,0,0,0.00,0,0
62,4,3,1.39,896,2.36,936449,Y4,,,0,19.758,clean,0,0,0.00,0,0
62,5,3,1.55,1,2.43,409931,Y4,,,0,19.538,clean,0,0,0.00,0,0
62,6,3,1.38,1284,2.60,1239449,Y4,,,0,19.299,clean,0,0,0.00,0,0
62,7,3,1.36,431,2.49,528038,Y4,,,0,19.075,clean,0,0,0.00,0,0
62,8,3,1.34,1,2.47,1249999,Y4,,,0,18.747,clean,0,0,0.00,0,0
62,9,3,1.51,1,2.48,1414597,Y2,,,0,18.445,clean,0,0,0.00,0,0
62,10,3,1.37,1,2.41,421911,Y2,,,0,18.021,clean,0,0,0.00,0,0
62,11,3,1.52,1,2.20,292271,Y4,,,0,17.661,clean,0,0,0.00,0,0
62,12,3,1.56,1,2.43,1464844,Y2,,,0,17.192,clean,0,0,0.00,0,0
62,13,3,1.56,1,2.32,353783,Y4,,,0,16.773,clean,0,0,0.00,0,0
62,14,3,1.48,1299,2.39,509262,Y4,,,0,16.436,clean,0,0,0.00,0,0
62,15,3,1.68,1,2.41,1414955,Y4,,,0,16.269,clean,0,0,0.00,0,0
62,16,3,1.49,1,2.38,92447,Y4,,,0,16.318,clean,0,0,0.00,0,0
62,17,3,1.53,1,2.31,789374,Y4,,,0,16.421,clean,0,0,0.00,0,0
62,18,3,1.48,772,2.77,232995,Y4,,,0,17.731,clean,0,0,0.00,0,0
62,19,3,1.51,1,2.39,1384109,Y4,,,0,16.422,clean,0,0,0.00,0,0
62,20,3,1.43,1,2.82,185966,Y2,,,0,16.104,clean,0,0,0.00,0,0
62,21,3,1.48,1,2.50,87976,Y4,,,0,15.924,clean,0,0,0.00,0,0
62,22,3,1.46,1,2.27,1119375,Y2,,,0,15.920,clean,0,0,0.00,0,0
62,23,3,1.54,1,2.34,1105696,Y4,,,0,15.872,clean,0,0,0.00,0,0
62,24,3,1.57,1,2.20,758171,Y2,,,0,15.791,clean,0,0,0.00,0,0
62,25,3,1.54,1,2.26,748247,Y2,,,0,15.423,clean,0,0,0.00,0,0
62,26,3,1.79,1,2.64,402868,Y4,,,0,14.990,clean,0,0,0.00,0,0
62,27,3,1.69,1,2.19,185162,Y4,,,0,14.955,clean,0,0,0.00,0,0
62,28,3,1.48,1,2.40,167280,Y2,,,0,14.578,clean,0,0,0.00,0,0
62,29,3,1.69,1,2.53,1061976,Y4,,,0,14.386,clean,0,0,0.00,0,0
62,30,3,1.38,1,2.50,51230,Y2,,,0,14.119,clean,0,0,0.00,0,0
62,31,3,1.76,1,2.50,53644,Y4,,,0,13.871,clean,0,0,0.00,0,0
62,32,3,1.34,746,2.36,1130283,Y2,,,0,13.627,clean,0,0,0.00,0,0
62,33,3,1.57,1,2.32,520080,Y4,,,0,13.521,clean,0,0,0.00,0,0
62,34,3,1.79,1,2.38,896215,Y2,,,0,13.513,clean,0,0,0.00,0,0
62,35,3,1.66,1,2.32,121593,Y2,,,0,13.567,clean,0,0,0.00,0,0
62,36,3,1.74,1,2.37,136077,Y2,,,0,13.663,clean,0,0,0.00,0,0
62,37,3,1.75,1,2.37,986695,Y2,,,0,13.620,clean,0,0,0.00,0,0
62,38,3,1.62,1,2.46,359327,Y2,,,0,13.503,clean,0,0,0.00,0,0
62,39,3,1.58,1,2.41,106663,Y4,,,0,13.421,clean,0,0,0.00,0,0
62,40,3,1.73,1,2.42,1369447,Y4,,,0,13.401,clean,0,0,0.00,0,0
62,41,3,2.05,1,2.40,1011282,Y4,,,0,13.398,clean,0,0,0.00,0,0
62,42,3,1.85,1,2.50,1203865,Y2,,,0,13.382,clean,0,0,0.00,0,0
62,43,3,1.87,1,2.38,1425236,Y2,,,0,13.279,clean,0,0,0.00,0,0
62,44,3,2.14,1,2.44,700235,Y2,,,0,13.097,clean,0,0,0.00,0,0
62,45,3,1.61,1,2.31,1005739,Y2,,,0,12.924,clean,0,0,0.00,0,0
62,46,3,1.96,1,2.33,22352,Y2,,,0,12.768,clean,0,0,0.00,0,0
62,47,3,1.87,1,2.45,396520,Y2,,,0,12.522,clean,0,0,0.00,0,0
62,48,3,3.18,1,2.29,1013428,Y2,0.00/noise-like,0.00/noise-like,0,12.135,hump-note,0,0,0.00,0,0
62,49,3,2.00,1,2.31,141442,Y2,,,0,11.733,clean,0,0,0.00,0,0
62,50,3,2.18,1,2.51,394374,Y4,,,0,11.434,clean,0,0,0.00,0,0
62,51,3,2.19,1,2.27,857949,Y2,,,0,11.102,clean,0,0,0.00,0,0
62,52,3,2.18,1,2.42,164241,Y4,,,0,10.870,clean,0,0,0.00,0,0
62,53,3,2.36,1,2.55,526696,Y4,,,0,10.675,clean,0,0,0.00,0,0
62,54,3,2.23,1,2.41,1464218,Y4,,,0,10.309,clean,0,0,0.00,0,0
62,55,3,2.73,1,2.51,729471,Y4,0.00/noise-like,0.00/noise-like,0,9.820,hump-note,0,0,0.00,0,0
62,56,3,2.74,1,2.48,1436234,Y4,0.00/noise-like,0.24/noise-like,0,9.206,hump-note,0,0,0.00,0,0
62,57,3,2.95,1,2.33,1178831,Y4,0.24/noise-like,0.24/noise-like,0,8.509,hump-note,0,0,0.00,0,0
62,58,3,3.23,1,2.29,222981,Y4,0.24/noise-like,0.00/noise-like,0,7.930,hump-note,0,0,0.00,0,0
62,59,3,0,-1,0,0,-,,,0,7.255,QUARANTINE:dark-lane range=65 distinct=60,0,0,0.00,0,0
62,60,3,0,-1,0,0,-,,,0,6.414,QUARANTINE:dark-lane range=57 distinct=56,0,0,0.00,0,0
62,61,3,0,-1,0,0,-,,,0,5.565,QUARANTINE:dark-lane range=52 distinct=48,0,0,0.00,0,0
62,62,3,0,-1,0,0,-,,,0,4.688,QUARANTINE:dark-lane range=41 distinct=42,0,0,0.00,0,0
62,63,3,0,-1,0,0,-,,,0,3.925,QUARANTINE:dark-lane range=36 distinct=37,0,0,0.00,0,0
63,0,3,2.91,1,2.27,495225,Y4,0.24/noise-like,0.00/noise-like,0,19.639,hump-note,0,0,0.00,0,0
63,1,3,1.41,1,2.47,272423,Y4,,,0,19.565,clean,0,0,0.00,0,0
63,2,3,1.33,732,2.33,553161,Y4,,,0,19.561,clean,0,0,0.00,0,0
63,3,3,1.41,1,2.55,825047,Y2,,,0,19.650,clean,0,0,0.00,0,0
63,4,3,1.36,237,2.36,1168817,Y4,,,0,19.770,clean,0,0,0.00,0,0
63,5,3,1.51,1,2.33,132591,Y2,,,0,19.544,clean,0,0,0.00,0,0
63,6,3,1.63,1,2.43,1069933,Y2,,,0,19.305,clean,0,0,0.00,0,0
63,7,3,1.37,457,2.42,1285225,Y2,,,0,19.086,clean,0,0,0.00,0,0
63,8,3,1.33,891,2.31,66876,Y4,,,0,18.792,clean,0,0,0.00,0,0
63,9,3,1.54,1,2.32,1390815,Y4,,,0,18.435,clean,0,0,0.00,0,0
63,10,3,1.37,1158,2.24,1258403,Y4,,,0,18.035,clean,0,0,0.00,0,0
63,11,3,1.37,172,2.42,420570,Y2,,,0,17.658,clean,0,0,0.00,0,0
63,12,3,1.48,476,2.40,197053,Y2,,,0,17.160,clean,0,0,0.00,0,0
63,13,3,1.67,1,2.42,1069754,Y2,,,0,16.723,clean,0,0,0.00,0,0
63,14,3,1.45,1,2.52,984281,Y2,,,0,16.430,clean,0,0,0.00,0,0
63,15,3,1.31,850,2.50,1314104,Y4,,,0,16.232,clean,0,0,0.00,0,0
63,16,3,1.58,1,2.69,1520,Y4,,,0,16.314,clean,0,0,0.00,0,0
63,17,3,1.36,354,2.59,596523,Y2,,,0,16.436,clean,0,0,0.00,0,0
63,18,3,1.51,717,2.43,35852,Y2,,,0,17.706,clean,0,0,0.00,0,0
63,19,3,1.58,1,2.40,1128674,Y2,,,0,16.390,clean,0,0,0.00,0,0
63,20,3,1.53,1,2.34,100940,Y2,,,0,16.077,clean,0,0,0.00,0,0
63,21,3,1.42,1,2.37,409842,Y2,,,0,15.929,clean,0,0,0.00,0,0
63,22,3,1.78,1,2.63,1089513,Y4,,,0,15.914,clean,0,0,0.00,0,0
63,23,3,1.70,1,2.27,1397520,Y4,,,0,15.888,clean,0,0,0.00,0,0
63,24,3,1.43,1,2.34,1275480,Y2,,,0,15.810,clean,0,0,0.00,0,0
63,25,3,1.57,1,2.33,825405,Y2,,,0,15.399,clean,0,0,0.00,0,0
63,26,3,1.56,1,2.47,226110,Y4,,,0,15.009,clean,0,0,0.00,0,0
63,27,3,1.72,1,2.39,1225770,Y4,,,0,14.973,clean,0,0,0.00,0,0
63,28,3,1.59,1,2.40,1202166,Y2,,,0,14.588,clean,0,0,0.00,0,0
63,29,3,1.63,1,2.39,494331,Y4,,,0,14.382,clean,0,0,0.00,0,0
63,30,3,1.68,1,2.48,1000017,Y2,,,0,14.164,clean,0,0,0.00,0,0
63,31,3,1.72,1,2.23,38266,Y4,,,0,13.881,clean,0,0,0.00,0,0
63,32,3,1.41,132,2.25,1337081,Y2,,,0,13.626,clean,0,0,0.00,0,0
63,33,3,1.66,1,2.38,569433,Y2,,,0,13.520,clean,0,0,0.00,0,0
63,34,3,1.68,1,2.32,810295,Y4,,,0,13.492,clean,0,0,0.00,0,0
63,35,3,1.74,1,2.59,1237929,Y4,,,0,13.566,clean,0,0,0.00,0,0
63,36,3,1.83,1,2.58,60618,Y2,,,0,13.693,clean,0,0,0.00,0,0
63,37,3,1.70,1,2.53,886470,Y4,,,0,13.629,clean,0,0,0.00,0,0
63,38,3,1.90,1,2.44,813603,Y2,,,0,13.518,clean,0,0,0.00,0,0
63,39,3,1.77,1,2.32,263304,Y4,,,0,13.445,clean,0,0,0.00,0,0
63,40,3,1.62,1,2.42,878781,Y4,,,0,13.408,clean,0,0,0.00,0,0
63,41,3,1.87,1,2.46,120610,Y2,,,0,13.395,clean,0,0,0.00,0,0
63,42,3,1.88,1,2.37,184625,Y2,,,0,13.375,clean,0,0,0.00,0,0
63,43,3,1.78,1,2.48,1363635,Y4,,,0,13.274,clean,0,0,0.00,0,0
63,44,3,1.49,1,2.65,525445,Y2,,,0,13.087,clean,0,0,0.00,0,0
63,45,3,1.67,1,2.40,468224,Y4,,,0,12.904,clean,0,0,0.00,0,0
63,46,3,2.18,1,2.45,1342535,Y4,,,0,12.751,clean,0,0,0.00,0,0
63,47,3,1.88,1,2.40,745654,Y4,,,0,12.516,clean,0,0,0.00,0,0
63,48,3,3.42,1,2.45,351816,Y4,0.00/noise-like,0.00/noise-like,0,12.138,hump-note,0,0,0.00,0,0
63,49,3,1.86,1,2.51,429153,Y2,,,0,11.749,clean,0,0,0.00,0,0
63,50,3,2.08,1,2.31,163525,Y2,,,0,11.444,clean,0,0,0.00,0,0
63,51,3,2.00,1,2.85,30220,Y4,,,0,11.109,clean,0,0,0.00,0,0
63,52,3,2.22,1,2.41,607610,Y2,,,0,10.864,clean,0,0,0.00,0,0
63,53,3,2.19,1,2.35,1098007,Y4,,,0,10.643,clean,0,0,0.00,0,0
63,54,3,2.37,1,2.58,193566,Y2,,,0,10.294,clean,0,0,0.00,0,0
63,55,3,2.32,1,2.60,1359254,Y2,,,0,9.827,clean,0,0,0.00,0,0
63,56,3,2.83,1,2.33,1381963,Y4,0.00/noise-like,0.00/noise-like,0,9.203,hump-note,0,0,0.00,0,0
63,57,3,2.94,1,2.36,877708,Y2,0.00/noise-like,0.00/noise-like,0,8.505,hump-note,0,0,0.00,0,0
63,58,3,3.53,1,2.31,932604,Y4,0.00/noise-like,0.00/noise-like,0,7.921,hump-note,0,0,0.00,0,0
63,59,3,0,-1,0,0,-,,,0,7.269,QUARANTINE:dark-lane range=66 distinct=62,0,0,0.00,0,0
63,60,3,0,-1,0,0,-,,,0,6.426,QUARANTINE:dark-lane range=54 distinct=53,0,0,0.00,0,0
63,61,3,0,-1,0,0,-,,,0,5.575,QUARANTINE:dark-lane range=49 distinct=49,0,0,0.00,0,0
63,62,3,0,-1,0,0,-,,,0,4.683,QUARANTINE:dark-lane range=42 distinct=42,0,0,0.00,0,0
63,63,3,0,-1,0,0,-,,,0,3.929,QUARANTINE:dark-lane range=33 distinct=34,0,0,0.00,0,0
64,0,3,3.25,1,2.38,930101,Y2,0.00/noise-like,0.24/noise-like,0,19.646,hump-note,0,0,0.00,0,0
64,1,3,1.37,1,2.41,201613,Y2,,,0,19.568,clean,0,0,0.00,0,0
64,2,3,1.39,1303,2.44,54896,Y2,,,0,19.535,clean,0,0,0.00,0,0
64,3,3,1.47,1,2.80,994742,Y2,,,0,19.631,clean,0,0,0.00,0,0
64,4,3,1.40,211,2.42,1014590,Y2,,,0,19.779,clean,0,0,0.00,0,0
64,5,3,1.62,1,2.40,1193047,Y4,,,0,19.557,clean,0,0,0.00,0,0
64,6,3,1.40,1476,2.55,1255363,Y2,,,0,19.287,clean,0,0,0.00,0,0
64,7,3,1.42,1,2.41,507385,Y4,,,0,19.045,clean,0,0,0.00,0,0
64,8,3,1.43,1,2.28,424683,Y2,,,0,18.814,clean,0,0,0.00,0,0
64,9,3,1.45,219,2.48,1311690,Y4,,,0,18.404,clean,0,0,0.00,0,0
64,10,3,1.37,1,2.37,1295239,Y2,,,0,18.084,clean,0,0,0.00,0,0
64,11,3,1.44,1,2.32,786871,Y2,,,0,17.670,clean,0,0,0.00,0,0
64,12,3,1.39,1,2.31,29057,Y2,,,0,17.188,clean,0,0,0.00,0,0
64,13,3,1.77,1,2.72,1066715,Y4,,,0,16.737,clean,0,0,0.00,0,0
64,14,3,1.73,1,2.81,382751,Y2,,,0,16.448,clean,0,0,0.00,0,0
64,15,3,1.37,1498,2.38,640869,Y2,,,0,16.267,clean,0,0,0.00,0,0
64,16,3,1.64,1,2.43,1264483,Y4,,,0,16.286,clean,0,0,0.00,0,0
64,17,3,1.55,1,2.43,66876,Y2,,,0,16.435,clean,0,0,0.00,0,0
64,18,3,1.54,1,2.41,436395,Y2,,,0,17.712,clean,0,0,0.00,0,0
64,19,3,1.49,1098,2.91,1209587,Y2,,,0,16.382,clean,0,0,0.00,0,0
64,20,3,1.67,1,2.43,110686,Y2,,,0,16.056,clean,0,0,0.00,0,0
64,21,3,1.61,1,2.42,182301,Y2,,,0,15.948,clean,0,0,0.00,0,0
64,22,3,1.49,1,2.70,623524,Y2,,,0,15.929,clean,0,0,0.00,0,0
64,23,3,1.53,1,2.36,496924,Y2,,,0,15.891,clean,0,0,0.00,0,0
64,24,3,1.61,1,2.46,1082450,Y2,,,0,15.806,clean,0,0,0.00,0,0
64,25,3,1.57,1,2.41,304162,Y4,,,0,15.417,clean,0,0,0.00,0,0
64,26,3,1.75,1,2.40,1050264,Y2,,,0,14.991,clean,0,0,0.00,0,0
64,27,3,1.69,1,2.34,467688,Y2,,,0,14.960,clean,0,0,0.00,0,0
64,28,3,1.51,1,2.55,1354337,Y4,,,0,14.583,clean,0,0,0.00,0,0
64,29,3,1.74,1,2.32,284582,Y2,,,0,14.373,clean,0,0,0.00,0,0
64,30,3,1.98,1,2.59,1321524,Y4,,,0,14.155,clean,0,0,0.00,0,0
64,31,3,1.77,1,2.61,1204222,Y2,,,0,13.861,clean,0,0,0.00,0,0
64,32,3,1.35,1128,2.79,971586,Y2,,,0,13.636,clean,0,0,0.00,0,0
64,33,3,2.00,1,2.46,178277,Y4,,,0,13.533,clean,0,0,0.00,0,0
64,34,3,1.87,1,2.74,1351833,Y2,,,0,13.500,clean,0,0,0.00,0,0
64,35,3,1.69,1,2.47,1061529,Y4,,,0,13.594,clean,0,0,0.00,0,0
64,36,3,1.79,1,2.28,633448,Y4,,,0,13.664,clean,0,0,0.00,0,0
64,37,3,1.56,1,2.57,1426220,Y2,,,0,13.635,clean,0,0,0.00,0,0
64,38,3,1.58,1,2.48,268668,Y2,,,0,13.518,clean,0,0,0.00,0,0
64,39,3,1.74,1,2.27,213236,Y2,,,0,13.433,clean,0,0,0.00,0,0
64,40,3,1.91,1,2.25,410199,Y2,,,0,13.416,clean,0,0,0.00,0,0
64,41,3,1.57,1,2.65,210732,Y2,,,0,13.393,clean,0,0,0.00,0,0
64,42,3,2.00,1,2.41,1364172,Y2,,,0,13.380,clean,0,0,0.00,0,0
64,43,3,1.66,1,2.45,1401275,Y2,,,0,13.292,clean,0,0,0.00,0,0
64,44,3,1.58,1,2.60,1231492,Y2,,,0,13.100,clean,0,0,0.00,0,0
64,45,3,1.70,1,2.57,336260,Y2,,,0,12.916,clean,0,0,0.00,0,0
64,46,3,1.97,1,2.42,1368999,Y4,,,0,12.746,clean,0,0,0.00,0,0
64,47,3,1.86,1,2.60,37104,Y2,,,0,12.518,clean,0,0,0.00,0,0
64,48,3,3.20,1,2.40,1390278,Y2,0.00/noise-like,0.00/noise-like,0,12.163,hump-note,0,0,0.00,0,0
64,49,3,1.84,1,2.41,516325,Y4,,,0,11.757,clean,0,0,0.00,0,0
64,50,3,2.05,1,2.63,1019508,Y4,,,0,11.420,clean,0,0,0.00,0,0
64,51,3,2.33,1,2.48,26643,Y2,,,0,11.112,clean,0,0,0.00,0,0
64,52,3,2.39,1,2.38,1241505,Y4,,,0,10.890,clean,0,0,0.00,0,0
64,53,3,2.01,1,2.49,1164973,Y4,,,0,10.649,clean,0,0,0.00,0,0
64,54,3,2.19,1,2.44,1090497,Y4,,,0,10.303,clean,0,0,0.00,0,0
64,55,3,2.56,1,2.59,1080662,Y4,0.00/noise-like,0.24/noise-like,0,9.818,hump-note,0,0,0.00,0,0
64,56,3,2.84,1,2.43,1090139,Y4,0.00/noise-like,0.00/noise-like,0,9.209,hump-note,0,0,0.00,0,0
64,57,3,3.09,1,2.67,945926,Y4,0.00/noise-like,0.00/noise-like,0,8.519,hump-note,0,0,0.00,0,0
64,58,3,2.74,1,2.91,1216203,Y2,0.00/noise-like,0.24/noise-like,0,7.941,hump-note,0,0,0.00,0,0
64,59,3,0,-1,0,0,-,,,0,7.244,QUARANTINE:dark-lane range=63 distinct=61,0,0,0.00,0,0
64,60,3,0,-1,0,0,-,,,0,6.422,QUARANTINE:dark-lane range=56 distinct=55,0,0,0.00,0,0
64,61,3,0,-1,0,0,-,,,0,5.576,QUARANTINE:dark-lane range=46 distinct=47,0,0,0.00,0,0
64,62,3,0,-1,0,0,-,,,0,4.684,QUARANTINE:dark-lane range=42 distinct=42,0,0,0.00,0,0
64,63,3,0,-1,0,0,-,,,0,3.929,QUARANTINE:dark-lane range=38 distinct=35,0,0,0.00,0,0
65,0,3,2.54,1,2.51,1443744,Y4,0.00/noise-like,0.00/noise-like,0,19.649,hump-note,0,0,0.00,0,0
65,1,3,1.47,1,2.46,925541,Y4,,,0,19.558,clean,0,0,0.00,0,0
65,2,3,1.41,883,2.29,936091,Y2,,,0,19.560,clean,0,0,0.00,0,0
65,3,3,1.38,1,2.70,124365,Y4,,,0,19.656,clean,0,0,0.00,0,0
65,4,3,1.37,1,2.37,518560,Y2,,,0,19.771,clean,0,0,0.00,0,0
65,5,3,1.59,1,2.76,916600,Y4,,,0,19.540,clean,0,0,0.00,0,0
65,6,3,1.59,1476,2.28,774622,Y2,,,0,19.289,clean,0,0,0.00,0,0
65,7,3,1.41,1055,2.30,298977,Y4,,,0,19.067,clean,0,0,0.00,0,0
65,8,3,1.43,1,2.34,224859,Y2,,,0,18.806,clean,0,0,0.00,0,0
65,9,3,1.35,1,2.38,1107574,Y4,,,0,18.406,clean,0,0,0.00,0,0
65,10,3,1.52,1,2.53,877351,Y2,,,0,18.040,clean,0,0,0.00,0,0
65,11,3,1.51,1,2.60,613421,Y4,,,0,17.656,clean,0,0,0.00,0,0
65,12,3,1.35,1438,2.55,936002,Y2,,,0,17.213,clean,0,0,0.00,0,0
65,13,3,1.42,1,2.62,255972,Y2,,,0,16.735,clean,0,0,0.00,0,0
65,14,3,1.51,1,2.22,425488,Y2,,,0,16.454,clean,0,0,0.00,0,0
65,15,3,1.48,1,2.33,1332343,Y2,,,0,16.256,clean,0,0,0.00,0,0
65,16,3,1.55,1,2.53,959337,Y2,,,0,16.317,clean,0,0,0.00,0,0
65,17,3,1.47,1,2.59,1154602,Y2,,,0,16.459,clean,0,0,0.00,0,0
65,18,3,1.53,704,2.41,1175344,Y4,,,0,17.725,clean,0,0,0.00,0,0
65,19,3,1.49,1,2.18,1157999,Y4,,,0,16.399,clean,0,0,0.00,0,0
65,20,3,1.69,1,2.30,789374,Y4,,,0,16.084,clean,0,0,0.00,0,0
65,21,3,1.63,1,2.53,389457,Y4,,,0,15.950,clean,0,0,0.00,0,0
65,22,3,1.45,1,2.49,50426,Y4,,,0,15.932,clean,0,0,0.00,0,0
65,23,3,1.42,784,2.51,173897,Y4,,,0,15.888,clean,0,0,0.00,0,0
65,24,3,1.47,1,2.29,273854,Y2,,,0,15.811,clean,0,0,0.00,0,0
65,25,3,1.36,1,2.32,361919,Y4,,,0,15.417,clean,0,0,0.00,0,0
65,26,3,1.61,1,2.66,1232386,Y2,,,0,14.989,clean,0,0,0.00,0,0
65,27,3,1.63,628,2.34,32455,Y2,,,0,14.951,clean,0,0,0.00,0,0
65,28,3,2.08,1,2.34,566930,Y4,,,0,14.561,clean,0,0,0.00,0,0
65,29,3,1.66,1,2.51,1032829,Y2,,,0,14.377,clean,0,0,0.00,0,0
65,30,3,1.79,1,2.43,1132786,Y4,,,0,14.144,clean,0,0,0.00,0,0
65,31,3,1.80,1,2.51,695318,Y2,,,0,13.863,clean,0,0,0.00,0,0
65,32,3,1.33,1287,2.21,150204,Y4,,,0,13.627,clean,0,0,0.00,0,0
65,33,3,1.69,1,2.30,331342,Y4,,,0,13.511,clean,0,0,0.00,0,0
65,34,3,1.61,1,2.51,1185626,Y2,,,0,13.491,clean,0,0,0.00,0,0
65,35,3,1.85,1,2.53,1264215,Y4,,,0,13.552,clean,0,0,0.00,0,0
65,36,3,1.97,1,2.35,827104,Y2,,,0,13.654,clean,0,0,0.00,0,0
65,37,3,1.87,1,2.30,314534,Y2,,,0,13.625,clean,0,0,0.00,0,0
65,38,3,1.92,1,2.35,25123,Y2,,,0,13.499,clean,0,0,0.00,0,0
65,39,3,1.65,1,2.60,1198947,Y4,,,0,13.433,clean,0,0,0.00,0,0
65,40,3,1.88,1,2.35,12964,Y2,,,0,13.431,clean,0,0,0.00,0,0
65,41,3,1.58,1,2.31,1298815,Y4,,,0,13.389,clean,0,0,0.00,0,0
65,42,3,1.81,1,2.40,27537,Y4,,,0,13.394,clean,0,0,0.00,0,0
65,43,3,1.48,1,2.45,1092464,Y2,,,0,13.304,clean,0,0,0.00,0,0
65,44,3,1.83,1,2.35,558347,Y4,,,0,13.118,clean,0,0,0.00,0,0
65,45,3,1.87,1,2.49,1192778,Y4,,,0,12.900,clean,0,0,0.00,0,0
65,46,3,1.73,1,2.41,712037,Y2,,,0,12.740,clean,0,0,0.00,0,0
65,47,3,2.25,1,2.79,750929,Y4,,,0,12.520,clean,0,0,0.00,0,0
65,48,3,3.48,1,2.37,140816,Y2,0.00/noise-like,0.00/noise-like,0,12.145,hump-note,0,0,0.00,0,0
65,49,3,2.17,1,2.45,1427740,Y2,,,0,11.766,clean,0,0,0.00,0,0
65,50,3,1.94,1,2.65,791878,Y2,,,0,11.440,clean,0,0,0.00,0,0
65,51,3,2.28,1,2.40,344396,Y4,,,0,11.118,clean,0,0,0.00,0,0
65,52,3,2.13,1,2.35,596792,Y4,,,0,10.876,clean,0,0,0.00,0,0
65,53,3,2.20,1,2.36,1212716,Y4,,,0,10.642,clean,0,0,0.00,0,0
65,54,3,2.10,1,2.34,702739,Y2,,,0,10.294,clean,0,0,0.00,0,0
65,55,3,2.51,1,2.61,1214147,Y2,0.00/noise-like,0.00/noise-like,0,9.827,hump-note,0,0,0.00,0,0
65,56,3,2.61,1,2.29,1037657,Y2,0.24/noise-like,0.24/noise-like,0,9.199,hump-note,0,0,0.00,0,0
65,57,3,2.84,1,2.46,844985,Y2,0.00/noise-like,0.00/noise-like,0,8.522,hump-note,0,0,0.00,0,0
65,58,3,3.07,1,2.56,1302928,Y2,0.00/noise-like,0.24/noise-like,0,7.932,hump-note,0,0,0.00,0,0
65,59,3,3.30,1,2.24,1381159,Y2,0.00/noise-like,0.24/noise-like,0,7.266,hump-note,0,0,0.00,0,0
65,60,3,0,-1,0,0,-,,,0,6.422,QUARANTINE:dark-lane range=58 distinct=55,0,0,0.00,0,0
65,61,3,0,-1,0,0,-,,,0,5.574,QUARANTINE:dark-lane range=53 distinct=51,0,0,0.00,0,0
65,62,3,0,-1,0,0,-,,,0,4.680,QUARANTINE:dark-lane range=41 distinct=41,0,0,0.00,0,0
65,63,3,0,-1,0,0,-,,,0,3.924,QUARANTINE:dark-lane range=34 distinct=35,0,0,0.00,0,0
66,0,3,2.76,1,2.44,723481,Y2,0.00/noise-like,0.00/noise-like,0,19.618,hump-note,0,0,0.00,0,0
66,1,3,1.50,914,2.34,942260,Y4,,,0,19.572,clean,0,0,0.00,0,0
66,2,3,1.35,1426,2.39,298977,Y2,,,0,19.586,clean,0,0,0.00,0,0
66,3,3,1.36,1,2.64,94593,Y2,,,0,19.650,clean,0,0,0.00,0,0
66,4,3,1.44,1,2.36,975609,Y4,,,0,19.796,clean,0,0,0.00,0,0
66,5,3,1.62,1,2.50,717312,Y4,,,0,19.505,clean,0,0,0.00,0,0
66,6,3,1.54,1476,2.48,609666,Y4,,,0,19.310,clean,0,0,0.00,0,0
66,7,3,1.39,455,2.33,1363903,Y2,,,0,19.060,clean,0,0,0.00,0,0
66,8,3,1.35,964,2.40,227898,Y2,,,0,18.784,clean,0,0,0.00,0,0
66,9,3,1.52,1,2.50,160664,Y4,,,0,18.433,clean,0,0,0.00,0,0
66,10,3,1.50,1,2.57,371307,Y4,,,0,18.030,clean,0,0,0.00,0,0
66,11,3,1.59,1,2.42,634611,Y2,,,0,17.701,clean,0,0,0.00,0,0
66,12,3,1.37,819,2.64,166297,Y2,,,0,17.192,clean,0,0,0.00,0,0
66,13,3,1.51,1,2.39,950217,Y2,,,0,16.734,clean,0,0,0.00,0,0
66,14,3,1.51,1,2.42,282258,Y4,,,0,16.395,clean,0,0,0.00,0,0
66,15,3,1.58,1,2.32,554681,Y2,,,0,16.236,clean,0,0,0.00,0,0
66,16,3,1.50,1,2.28,1405746,Y2,,,0,16.305,clean,0,0,0.00,0,0
66,17,3,1.58,1,2.50,116229,Y4,,,0,16.442,clean,0,0,0.00,0,0
66,18,3,1.53,632,2.49,1075119,Y2,,,0,17.708,clean,0,0,0.00,0,0
66,19,3,1.47,1473,2.30,138581,Y4,,,0,16.417,clean,0,0,0.00,0,0
66,20,3,1.64,1,2.45,292987,Y2,,,0,16.067,clean,0,0,0.00,0,0
66,21,3,1.55,1,2.41,1111150,Y2,,,0,15.926,clean,0,0,0.00,0,0
66,22,3,1.40,1,2.35,269562,Y4,,,0,15.929,clean,0,0,0.00,0,0
66,23,3,1.39,1,2.44,938058,Y4,,,0,15.923,clean,0,0,0.00,0,0
66,24,3,1.43,1,2.38,1073599,Y2,,,0,15.786,clean,0,0,0.00,0,0
66,25,3,1.54,1,2.40,71347,Y2,,,0,15.418,clean,0,0,0.00,0,0
66,26,3,1.51,1,2.34,137955,Y2,,,0,14.993,clean,0,0,0.00,0,0
66,27,3,1.81,1,2.63,912666,Y2,,,0,14.941,clean,0,0,0.00,0,0
66,28,3,1.55,1,2.44,307739,Y4,,,0,14.576,clean,0,0,0.00,0,0
66,29,3,1.59,1,2.34,113994,Y2,,,0,14.373,clean,0,0,0.00,0,0
66,30,3,1.68,1,2.36,940114,Y2,,,0,14.124,clean,0,0,0.00,0,0
66,31,3,1.63,1,2.31,459284,Y4,,,0,13.893,clean,0,0,0.00,0,0
66,32,3,1.46,135,2.36,105947,Y2,,,0,13.644,clean,0,0,0.00,0,0
66,33,3,1.93,1,2.47,708818,Y2,,,0,13.495,clean,0,0,0.00,0,0
66,34,3,1.70,1,2.81,1032919,Y4,,,0,13.496,clean,0,0,0.00,0,0
66,35,3,1.88,1,2.27,1295507,Y2,,,0,13.572,clean,0,0,0.00,0,0
66,36,3,1.74,1,2.60,1042664,Y4,,,0,13.692,clean,0,0,0.00,0,0
66,37,3,1.64,1,2.38,1374006,Y2,,,0,13.630,clean,0,0,0.00,0,0
66,38,3,1.81,1,2.48,826120,Y2,,,0,13.497,clean,0,0,0.00,0,0
66,39,3,1.64,1,2.63,1028001,Y2,,,0,13.451,clean,0,0,0.00,0,0
66,40,3,1.98,1,2.27,85473,Y2,,,0,13.406,clean,0,0,0.00,0,0
66,41,3,1.98,1,2.74,168085,Y2,,,0,13.376,clean,0,0,0.00,0,0
66,42,3,1.70,1,2.29,1022011,Y4,,,0,13.374,clean,0,0,0.00,0,0
66,43,3,1.85,1,2.44,1288980,Y2,,,0,13.320,clean,0,0,0.00,0,0
66,44,3,1.93,1,2.47,1387238,Y2,,,0,13.081,clean,0,0,0.00,0,0
66,45,3,1.63,1,2.46,1386166,Y4,,,0,12.924,clean,0,0,0.00,0,0
66,46,3,1.98,1,2.35,1131356,Y4,,,0,12.765,clean,0,0,0.00,0,0
66,47,3,1.96,1,2.37,329286,Y2,,,0,12.527,clean,0,0,0.00,0,0
66,48,3,3.18,1,2.57,184715,Y2,0.24/noise-like,0.00/noise-like,0,12.143,hump-note,0,0,0.00,0,0
66,49,3,2.29,1,2.39,1228988,Y2,,,0,11.742,clean,0,0,0.00,0,0
66,50,3,1.98,1,2.46,459552,Y2,,,0,11.432,clean,0,0,0.00,0,0
66,51,3,2.16,1,2.39,592679,Y2,,,0,11.123,clean,0,0,0.00,0,0
66,52,3,2.31,1,2.48,240594,Y2,,,0,10.848,clean,0,0,0.00,0,0
66,53,3,2.29,1,2.39,535995,Y2,,,0,10.651,clean,0,0,0.00,0,0
66,54,3,2.19,1,2.65,1132071,Y4,,,0,10.312,clean,0,0,0.00,0,0
66,55,3,2.50,1,2.31,852585,Y2,,,0,9.820,clean,0,0,0.00,0,0
66,56,3,2.38,1,2.70,525624,Y4,,,0,9.190,clean,0,0,0.00,0,0
66,57,3,2.96,1,2.50,1440436,Y2,0.00/noise-like,0.00/noise-like,0,8.501,hump-note,0,0,0.00,0,0
66,58,3,2.89,1,2.31,704616,Y4,0.00/noise-like,0.00/noise-like,0,7.920,hump-note,0,0,0.00,0,0
66,59,3,0,-1,0,0,-,,,0,7.253,QUARANTINE:dark-lane range=62 distinct=62,0,0,0.00,0,0
66,60,3,0,-1,0,0,-,,,0,6.421,QUARANTINE:dark-lane range=55 distinct=56,0,0,0.00,0,0
66,61,3,0,-1,0,0,-,,,0,5.573,QUARANTINE:dark-lane range=48 distinct=49,0,0,0.00,0,0
66,62,3,0,-1,0,0,-,,,0,4.675,QUARANTINE:dark-lane range=41 distinct=42,0,0,0.00,0,0
66,63,3,0,-1,0,0,-,,,0,3.929,QUARANTINE:dark-lane range=33 distinct=34,0,0,0.00,0,0
67,0,3,2.87,1,2.62,1093000,Y2,0.24/noise-like,0.00/noise-like,0,19.655,hump-note,0,0,0.00,0,0
67,1,3,1.33,264,2.36,65446,Y2,,,0,19.535,clean,0,0,0.00,0,0
67,2,3,1.50,1,2.32,1137078,Y4,,,0,19.528,clean,0,0,0.00,0,0
67,3,3,1.46,1,2.26,1406819,Y4,,,0,19.682,clean,0,0,0.00,0,0
67,4,3,1.64,1,2.24,151992,Y2,,,0,19.767,clean,0,0,0.00,0,0
67,5,3,1.48,1,2.45,1188487,Y4,,,0,19.568,clean,0,0,0.00,0,0
67,6,3,1.56,1476,2.49,421554,Y4,,,0,19.293,clean,0,0,0.00,0,0
67,7,3,1.41,1,2.30,1011819,Y2,,,0,19.080,clean,0,0,0.00,0,0
67,8,3,1.45,1,2.40,388473,Y2,,,0,18.800,clean,0,0,0.00,0,0
67,9,3,1.48,1,2.52,49621,Y4,,,0,18.407,clean,0,0,0.00,0,0
67,10,3,1.41,1,2.40,1337349,Y2,,,0,18.073,clean,0,0,0.00,0,0
67,11,3,1.43,1,2.62,390977,Y4,,,0,17.681,clean,0,0,0.00,0,0
67,12,3,1.58,1,2.46,372201,Y4,,,0,17.213,clean,0,0,0.00,0,0
67,13,3,1.61,1,2.35,476629,Y4,,,0,16.732,clean,0,0,0.00,0,0
67,14,3,1.54,1,2.40,1095504,Y2,,,0,16.448,clean,0,0,0.00,0,0
67,15,3,1.58,1,2.44,1158625,Y4,,,0,16.255,clean,0,0,0.00,0,0
67,16,3,1.35,1,2.33,661254,Y4,,,0,16.290,clean,0,0,0.00,0,0
67,17,3,1.40,1,2.26,890583,Y2,,,0,16.487,clean,0,0,0.00,0,0
67,18,3,1.51,780,2.40,144839,Y2,,,0,17.729,clean,0,0,0.00,0,0
67,19,3,1.44,1,2.30,1090229,Y2,,,0,16.390,clean,0,0,0.00,0,0
67,20,3,1.44,1,2.65,1098007,Y2,,,0,16.067,clean,0,0,0.00,0,0
67,21,3,1.77,1,2.51,175685,Y4,,,0,15.931,clean,0,0,0.00,0,0
67,22,3,1.53,1,2.53,1201630,Y4,,,0,15.941,clean,0,0,0.00,0,0
67,23,3,1.90,1,2.49,1067698,Y2,,,0,15.925,clean,0,0,0.00,0,0
67,24,3,1.36,138,2.28,358164,Y4,,,0,15.805,clean,0,0,0.00,0,0
67,25,3,1.67,1,2.27,1214951,Y2,,,0,15.405,clean,0,0,0.00,0,0
67,26,3,1.39,1423,2.25,688076,Y2,,,0,15.002,clean,0,0,0.00,0,0
67,27,3,1.65,1,2.49,65804,Y2,,,0,14.957,clean,0,0,0.00,0,0
67,28,3,1.67,1,2.43,963002,Y2,,,0,14.576,clean,0,0,0.00,0,0
67,29,3,1.53,1,2.35,561565,Y2,,,0,14.405,clean,0,0,0.00,0,0
67,30,3,1.95,1,2.41,1150936,Y2,,,0,14.118,clean,0,0,0.00,0,0
67,31,3,1.39,224,2.54,701845,Y4,,,0,13.896,clean,0,0,0.00,0,0
67,32,3,1.51,1,2.43,562549,Y2,,,0,13.629,clean,0,0,0.00,0,0
67,33,3,1.81,1,2.38,868678,Y2,,,0,13.520,clean,0,0,0.00,0,0
67,34,3,1.78,1,2.53,1461267,Y4,,,0,13.507,clean,0,0,0.00,0,0
67,35,3,1.69,1,2.54,1303285,Y4,,,0,13.553,clean,0,0,0.00,0,0
67,36,3,1.85,1,2.27,676543,Y4,,,0,13.672,clean,0,0,0.00,0,0
67,37,3,1.78,1,2.41,474304,Y2,,,0,13.619,clean,0,0,0.00,0,0
67,38,3,2.02,1,2.48,98884,Y2,,,0,13.508,clean,0,0,0.00,0,0
67,39,3,1.72,1,2.29,542611,Y4,,,0,13.459,clean,0,0,0.00,0,0
67,40,3,2.06,1,2.42,168085,Y2,,,0,13.409,clean,0,0,0.00,0,0
67,41,3,1.48,1,2.35,968903,Y2,,,0,13.407,clean,0,0,0.00,0,0
67,42,3,1.97,1,2.46,780612,Y4,,,0,13.384,clean,0,0,0.00,0,0
67,43,3,1.60,1,2.68,29862,Y4,,,0,13.298,clean,0,0,0.00,0,0
67,44,3,1.83,1,2.39,230312,Y4,,,0,13.081,clean,0,0,0.00,0,0
67,45,3,1.99,1,2.39,1007438,Y2,,,0,12.928,clean,0,0,0.00,0,0
67,46,3,1.97,1,2.59,861973,Y4,,,0,12.757,clean,0,0,0.00,0,0
67,47,3,1.93,1,2.66,979722,Y4,,,0,12.532,clean,0,0,0.00,0,0
67,48,3,3.31,1,2.44,1254737,Y4,0.00/noise-like,0.00/noise-like,0,12.144,hump-note,0,0,0.00,0,0
67,49,3,1.87,1,2.74,535011,Y4,,,0,11.762,clean,0,0,0.00,0,0
67,50,3,2.01,1,2.37,152349,Y4,,,0,11.416,clean,0,0,0.00,0,0
67,51,3,1.99,1,2.43,385165,Y4,,,0,11.123,clean,0,0,0.00,0,0
67,52,3,2.48,1,2.35,141084,Y4,,,0,10.879,clean,0,0,0.00,0,0
67,53,3,2.18,1,2.45,879139,Y4,,,0,10.656,clean,0,0,0.00,0,0
67,54,3,2.03,1,2.37,491112,Y2,,,0,10.312,clean,0,0,0.00,0,0
67,55,3,2.51,1,2.41,301927,Y2,0.00/noise-like,0.24/noise-like,0,9.826,hump-note,0,0,0.00,0,0
67,56,3,2.57,1,2.23,660092,Y4,0.00/noise-like,0.00/noise-like,0,9.175,hump-note,0,0,0.00,0,0
67,57,3,3.06,1,2.64,664741,Y2,0.24/noise-like,0.00/noise-like,0,8.503,hump-note,0,0,0.00,0,0
67,58,3,3.19,1,2.21,729203,Y4,0.00/noise-like,0.00/noise-like,0,7.930,hump-note,0,0,0.00,0,0
67,59,3,0,-1,0,0,-,,,0,7.268,QUARANTINE:dark-lane range=60 distinct=61,0,0,0.00,0,0
67,60,3,0,-1,0,0,-,,,0,6.429,QUARANTINE:dark-lane range=56 distinct=56,0,0,0.00,0,0
67,61,3,0,-1,0,0,-,,,0,5.568,QUARANTINE:dark-lane range=51 distinct=49,0,0,0.00,0,0
67,62,3,0,-1,0,0,-,,,0,4.688,QUARANTINE:dark-lane range=44 distinct=43,0,0,0.00,0,0
67,63,3,0,-1,0,0,-,,,0,3.935,QUARANTINE:dark-lane range=33 distinct=34,0,0,0.00,0,0
68,0,3,2.95,1,2.41,1436591,Y2,0.00/noise-like,0.00/noise-like,0,19.631,hump-note,0,0,0.00,0,0
68,1,3,1.34,1,2.73,761926,Y4,,,0,19.592,clean,0,0,0.00,0,0
68,2,3,1.42,233,2.53,1420677,Y4,,,0,19.544,clean,0,0,0.00,0,0
68,3,3,1.53,1,2.32,422180,Y2,,,0,19.645,clean,0,0,0.00,0,0
68,4,3,1.35,830,2.53,223517,Y2,,,0,19.767,clean,0,0,0.00,0,0
68,5,3,1.41,1,2.50,1449645,Y4,,,0,19.533,clean,0,0,0.00,0,0
68,6,3,1.51,1476,2.40,1376778,Y4,,,0,19.289,clean,0,0,0.00,0,0
68,7,3,1.36,1435,2.21,297815,Y2,,,0,19.071,clean,0,0,0.00,0,0
68,8,3,1.45,1,2.41,634342,Y2,,,0,18.764,clean,0,0,0.00,0,0
68,9,3,1.37,3,2.41,3576,Y2,,,0,18.410,clean,0,0,0.00,0,0
68,10,3,1.36,1,2.52,754327,Y4,,,0,18.079,clean,0,0,0.00,0,0
68,11,3,1.61,1,2.42,329286,Y4,,,0,17.669,clean,0,0,0.00,0,0
68,12,3,1.59,1,3.01,1347810,Y4,0.00/noise-like,0.00/noise-like,0,17.181,FAM-HIT,0,0,0.00,0,0
68,13,3,1.42,1,2.38,5007,Y2,,,0,16.740,clean,0,0,0.00,0,0
68,14,3,1.54,1,2.25,837296,Y4,,,0,16.419,clean,0,0,0.00,0,0
68,15,3,1.71,1,2.45,133038,Y4,,,0,16.270,clean,0,0,0.00,0,0
68,16,3,1.53,1,2.44,904441,Y4,,,0,16.294,clean,0,0,0.00,0,0
68,17,3,1.38,308,2.32,631034,Y2,,,0,16.472,clean,0,0,0.00,0,0
68,18,3,1.64,844,2.78,1374990,Y4,,,0,17.742,clean,0,0,0.00,0,0
68,19,3,1.71,1,2.22,193119,Y2,,,0,16.416,clean,0,0,0.00,0,0
68,20,3,1.38,1022,2.25,327855,Y2,,,0,16.085,clean,0,0,0.00,0,0
68,21,3,1.41,1,2.50,1337081,Y4,,,0,15.946,clean,0,0,0.00,0,0
68,22,3,1.49,1,2.45,726253,Y2,,,0,15.922,clean,0,0,0.00,0,0
68,23,3,1.56,1,2.40,1363993,Y4,,,0,15.896,clean,0,0,0.00,0,0
68,24,3,1.45,1,2.47,1115531,Y2,,,0,15.798,clean,0,0,0.00,0,0
68,25,3,1.64,1,2.21,192940,Y2,,,0,15.394,clean,0,0,0.00,0,0
68,26,3,1.40,373,2.31,1394749,Y2,,,0,15.001,clean,0,0,0.00,0,0
68,27,3,1.63,598,2.26,411451,Y2,,,0,14.937,clean,0,0,0.00,0,0
68,28,3,1.66,1,2.41,1324296,Y2,,,0,14.575,clean,0,0,0.00,0,0
68,29,3,1.42,1,2.44,317931,Y2,,,0,14.346,clean,0,0,0.00,0,0
68,30,3,1.65,1,2.44,1202971,Y2,,,0,14.130,clean,0,0,0.00,0,0
68,31,3,1.85,1,2.29,916690,Y4,,,0,13.895,clean,0,0,0.00,0,0
68,32,3,1.40,1,2.56,1263589,Y4,,,0,13.632,clean,0,0,0.00,0,0
68,33,3,1.77,1,2.58,810564,Y4,,,0,13.514,clean,0,0,0.00,0,0
68,34,3,1.81,1,2.57,615120,Y4,,,0,13.503,clean,0,0,0.00,0,0
68,35,3,1.52,1,2.39,136882,Y4,,,0,13.556,clean,0,0,0.00,0,0
68,36,3,1.73,1,2.27,1179099,Y2,,,0,13.667,clean,0,0,0.00,0,0
68,37,3,1.60,1,2.55,1301408,Y4,,,1,13.585,clean,0,0,0.00,0,0
68,38,3,1.78,1,2.45,688612,Y2,,,0,13.495,clean,0,0,0.00,0,0
68,39,3,1.83,1,2.21,474930,Y4,,,0,13.435,clean,0,0,0.00,0,0
68,40,3,1.65,1,2.31,449717,Y2,,,0,13.420,clean,0,0,0.00,0,0
68,41,3,1.88,1,2.49,1011193,Y2,,,0,13.382,clean,0,0,0.00,0,0
68,42,3,1.49,1,2.43,160217,Y4,,,0,13.389,clean,0,0,0.00,0,0
68,43,3,1.89,1,2.33,27984,Y4,,,0,13.317,clean,0,0,0.00,0,0
68,44,3,1.92,1,2.34,1288623,Y4,,,0,13.098,clean,0,0,0.00,0,0
68,45,3,1.89,1,2.85,1015216,Y4,,,0,12.922,clean,0,0,0.00,0,0
68,46,3,2.00,1,2.48,897646,Y2,,,0,12.770,clean,0,0,0.00,0,0
68,47,3,2.19,1,2.45,885576,Y2,,,0,12.536,clean,0,0,0.00,0,0
68,48,3,3.40,1,2.31,968724,Y2,0.00/noise-like,0.24/noise-like,0,12.152,hump-note,0,0,0.00,0,0
68,49,3,2.09,1,2.49,297725,Y2,,,0,11.725,clean,0,0,0.00,0,0
68,50,3,2.14,1,2.49,1042128,Y2,,,0,11.420,clean,0,0,0.00,0,0
68,51,3,1.97,1,2.34,1252949,Y4,,,0,11.109,clean,0,0,0.00,0,0
68,52,3,2.09,1,2.84,928581,Y2,,,0,10.859,clean,0,0,0.00,0,0
68,53,3,2.09,1,2.49,1233995,Y4,,,0,10.661,clean,0,0,0.00,0,0
68,54,3,2.28,1,2.42,1319647,Y4,,,0,10.288,clean,0,0,0.00,0,0
68,55,3,2.81,1,2.45,524104,Y2,0.00/noise-like,0.00/noise-like,0,9.823,hump-note,0,0,0.00,0,0
68,56,3,2.51,1,3.19,2861,Y2,0.00/noise-like,0.24/noise-like,0,9.226,FAM-HIT,0,0,0.00,0,0
68,57,3,3.21,1,2.50,215203,Y4,0.00/noise-like,0.00/noise-like,0,8.518,hump-note,0,0,0.00,0,0
68,58,3,3.07,1,2.38,1396179,Y4,0.42/WATCH,0.00/noise-like,0,7.932,hump-note,0,0,0.00,0,0
68,59,3,0,-1,0,0,-,,,0,7.258,QUARANTINE:dark-lane range=64 distinct=61,0,0,0.00,0,0
68,60,3,0,-1,0,0,-,,,0,6.424,QUARANTINE:dark-lane range=58 distinct=56,0,0,0.00,0,0
68,61,3,0,-1,0,0,-,,,0,5.580,QUARANTINE:dark-lane range=49 distinct=49,0,0,0.00,0,0
68,62,3,0,-1,0,0,-,,,0,4.686,QUARANTINE:dark-lane range=44 distinct=44,0,0,0.00,0,0
68,63,3,0,-1,0,0,-,,,0,3.928,QUARANTINE:dark-lane range=35 distinct=35,0,0,0.00,0,0
69,0,3,2.86,1,2.49,837564,Y2,0.24/noise-like,0.24/noise-like,0,19.631,hump-note,0,0,0.00,0,0
69,1,3,1.46,1,2.44,97364,Y2,,,0,19.568,clean,0,0,0.00,0,0
69,2,3,1.47,1,2.37,170052,Y2,,,0,19.584,clean,0,0,0.00,0,0
69,3,3,1.36,584,2.36,960678,Y2,,,0,19.622,clean,0,0,0.00,0,0
69,4,3,1.40,1057,2.47,112563,Y2,,,0,19.774,clean,0,0,0.00,0,0
69,5,3,1.37,1,2.31,1427025,Y4,,,0,19.550,clean,0,0,0.00,0,0
69,6,3,1.49,1476,2.60,839442,Y2,,,0,19.289,clean,0,0,0.00,0,0
69,7,3,1.42,225,2.26,1221478,Y4,,,0,19.067,clean,0,0,0.00,0,0
69,8,3,1.50,1,2.60,586510,Y2,,,0,18.786,clean,0,0,0.00,0,0
69,9,3,1.52,1,2.33,989288,Y4,,,0,18.396,clean,0,0,0.00,0,0
69,10,3,1.64,1,2.39,520170,Y4,,,0,18.053,clean,0,0,0.00,0,0
69,11,3,1.41,1,2.43,656068,Y4,,,0,17.686,clean,0,0,0.00,0,0
69,12,3,1.59,1,2.32,166923,Y4,,,0,17.187,clean,0,0,0.00,0,0
69,13,3,1.58,1,2.48,1160145,Y4,,,0,16.746,clean,0,0,0.00,0,0
69,14,3,1.53,1,2.40,457048,Y2,,,0,16.456,clean,0,0,0.00,0,0
69,15,3,1.66,1,2.23,902116,Y4,,,0,16.253,clean,0,0,0.00,0,0
69,16,3,1.45,1074,2.30,573546,Y2,,,0,16.302,clean,0,0,0.00,0,0
69,17,3,1.48,1,2.30,1281381,Y2,,,0,16.502,clean,0,0,0.00,0,0
69,18,3,1.54,690,2.34,531256,Y2,,,0,17.733,clean,0,0,0.00,0,0
69,19,3,1.74,1,2.25,487000,Y4,,,0,16.387,clean,0,0,0.00,0,0
69,20,3,1.56,1,2.33,85294,Y4,,,0,16.109,clean,0,0,0.00,0,0
69,21,3,1.48,1,2.43,1274496,Y2,,,0,15.935,clean,0,0,0.00,0,0
69,22,3,1.88,1,2.42,26733,Y2,,,0,15.961,clean,0,0,0.00,0,0
69,23,3,1.41,1,2.29,159770,Y4,,,0,15.923,clean,0,0,0.00,0,0
69,24,3,1.43,1,2.33,257581,Y4,,,0,15.804,clean,0,0,0.00,0,0
69,25,3,1.44,449,2.23,363708,Y4,,,0,15.426,clean,0,0,0.00,0,0
69,26,3,1.60,1,2.32,991970,Y2,,,0,14.980,clean,0,0,0.00,0,0
69,27,3,1.64,650,2.38,1404226,Y4,,,0,14.949,clean,0,0,0.00,0,0
69,28,3,1.53,1,2.31,439703,Y2,,,0,14.547,clean,0,0,0.00,0,0
69,29,3,1.79,1,2.45,1004577,Y4,,,0,14.388,clean,0,0,0.00,0,0
69,30,3,1.80,1,2.68,172108,Y2,,,0,14.146,clean,0,0,0.00,0,0
69,31,3,1.80,1,2.54,550300,Y2,,,0,13.882,clean,0,0,0.00,0,0
69,32,3,1.37,286,2.49,309885,Y2,,,0,13.628,clean,0,0,0.00,0,0
69,33,3,1.73,1,2.74,1163989,Y2,,,0,13.503,clean,0,0,0.00,0,0
69,34,3,1.74,1,2.80,1446158,Y4,,,0,13.490,clean,0,0,0.00,0,0
69,35,3,1.77,1,2.49,480115,Y4,,,0,13.577,clean,0,0,0.00,0,0
69,36,3,1.78,1,2.38,1157463,Y4,,,0,13.672,clean,0,0,0.00,0,0
69,37,3,1.90,1,2.29,398844,Y2,,,0,13.634,clean,0,0,0.00,0,0
69,38,3,1.85,1,2.72,377387,Y4,,,0,13.498,clean,0,0,0.00,0,0
69,39,3,1.71,1,2.41,785083,Y2,,,0,13.431,clean,0,0,0.00,0,0
69,40,3,1.77,1,2.24,1138240,Y4,,,0,13.384,clean,0,0,0.00,0,0
69,41,3,1.49,800,2.59,837028,Y2,,,0,13.388,clean,0,0,0.00,0,0
69,42,3,1.82,1,2.27,400275,Y2,,,0,13.377,clean,0,0,0.00,0,0
69,43,3,2.02,1,2.44,1385719,Y4,,,0,13.306,clean,0,0,0.00,0,0
69,44,3,1.74,1,2.26,626,Y2,,,0,13.124,clean,0,0,0.00,0,0
69,45,3,2.06,1,2.38,308096,Y4,,,0,12.938,clean,0,0,0.00,0,0
69,46,3,1.76,1,2.40,155479,Y2,,,0,12.744,clean,0,0,0.00,0,0
69,47,3,2.05,1,2.45,1179636,Y2,,,0,12.529,clean,0,0,0.00,0,0
69,48,3,3.45,1,2.40,56505,Y2,0.24/noise-like,0.00/noise-like,0,12.162,hump-note,0,0,0.00,0,0
69,49,3,2.11,1,2.57,288695,Y4,,,0,11.769,clean,0,0,0.00,0,0
69,50,3,2.07,1,2.45,906318,Y2,,,0,11.414,clean,0,0,0.00,0,0
69,51,3,2.15,1,2.35,173628,Y2,,,0,11.110,clean,0,0,0.00,0,0
69,52,3,2.39,1,2.49,25839,Y2,,,0,10.873,clean,0,0,0.00,0,0
69,53,3,2.15,1,2.43,70632,Y2,,,0,10.630,clean,0,0,0.00,0,0
69,54,3,1.98,1,2.32,1254648,Y4,,,0,10.300,clean,0,0,0.00,0,0
69,55,3,2.95,1,2.35,545740,Y2,0.00/noise-like,0.00/noise-like,0,9.819,hump-note,0,0,0.00,0,0
69,56,3,2.56,1,2.41,1130641,Y2,0.00/noise-like,0.00/noise-like,0,9.193,hump-note,0,0,0.00,0,0
69,57,3,2.85,1,2.40,190884,Y2,0.24/noise-like,0.00/noise-like,0,8.505,hump-note,0,0,0.00,0,0
69,58,3,2.98,1,2.35,105321,Y2,0.00/noise-like,0.00/noise-like,0,7.930,hump-note,0,0,0.00,0,0
69,59,3,3.06,1,2.53,715435,Y4,0.00/noise-like,0.00/noise-like,0,7.259,hump-note,0,0,0.00,0,0
69,60,3,0,-1,0,0,-,,,0,6.424,QUARANTINE:dark-lane range=62 distinct=55,0,0,0.00,0,0
69,61,3,0,-1,0,0,-,,,0,5.572,QUARANTINE:dark-lane range=48 distinct=48,0,0,0.00,0,0
69,62,3,0,-1,0,0,-,,,0,4.685,QUARANTINE:dark-lane range=43 distinct=43,0,0,0.00,0,0
69,63,3,0,-1,0,0,-,,,0,3.926,QUARANTINE:dark-lane range=36 distinct=37,0,0,0.00,0,0
70,0,3,3.09,1,2.31,423610,Y4,0.00/noise-like,0.00/noise-like,0,19.654,hump-note,0,0,0.00,0,0
70,1,3,1.36,301,2.41,1243293,Y4,,,0,19.576,clean,0,0,0.00,0,0
70,2,3,1.35,759,2.35,972480,Y4,,,0,19.584,clean,0,0,0.00,0,0
70,3,3,1.32,623,2.44,629783,Y4,,,0,19.692,clean,0,0,0.00,0,0
70,4,3,1.51,1,2.40,682354,Y4,,,0,19.735,clean,0,0,0.00,0,0
70,5,3,1.39,111,2.40,800639,Y2,,,0,19.567,clean,0,0,0.00,0,0
70,6,3,1.43,1362,2.47,98437,Y2,,,0,19.270,clean,0,0,0.00,0,0
70,7,3,1.38,1,2.54,102282,Y4,,,0,19.086,clean,0,0,0.00,0,0
70,8,3,1.41,1,2.31,74923,Y2,,,0,18.807,clean,0,0,0.00,0,0
70,9,3,1.33,1,2.41,220835,Y2,,,0,18.409,clean,0,0,0.00,0,0
70,10,3,1.35,976,2.50,1116246,Y4,,,0,18.037,clean,0,0,0.00,0,0
70,11,3,1.45,1,2.30,879675,Y2,,,0,17.689,clean,0,0,0.00,0,0
70,12,3,1.62,1,2.46,340730,Y2,,,0,17.212,clean,0,0,0.00,0,0
70,13,3,1.45,1,2.24,852942,Y4,,,0,16.727,clean,0,0,0.00,0,0
70,14,3,1.42,1,2.40,116050,Y2,,,0,16.421,clean,0,0,0.00,0,0
70,15,3,1.39,554,2.49,1397252,Y2,,,0,16.240,clean,0,0,0.00,0,0
70,16,3,1.51,1,2.64,6348,Y2,,,0,16.312,clean,0,0,0.00,0,0
70,17,3,1.47,1,2.72,1065105,Y4,,,0,16.483,clean,0,0,0.00,0,0
70,18,3,1.75,1,2.55,134289,Y2,,,0,17.731,clean,0,0,0.00,0,0
70,19,3,1.40,1,2.45,669122,Y4,,,0,16.397,clean,0,0,0.00,0,0
70,20,3,1.48,1,2.49,615925,Y4,,,0,16.094,clean,0,0,0.00,0,0
70,21,3,1.65,1,2.36,712216,Y2,,,0,15.964,clean,0,0,0.00,0,0
70,22,3,1.40,1,2.43,718117,Y4,,,0,15.954,clean,0,0,0.00,0,0
70,23,3,1.67,1,2.30,1253933,Y2,,,0,15.908,clean,0,0,0.00,0,0
70,24,3,1.57,1,2.29,177562,Y4,,,0,15.828,clean,0,0,0.00,0,0
70,25,3,1.78,1,2.46,1464844,Y2,,,0,15.408,clean,0,0,0.00,0,0
70,26,3,1.74,1,2.43,89943,Y4,,,0,14.978,clean,0,0,0.00,0,0
70,27,3,1.70,624,2.32,237912,Y2,,,0,14.947,clean,0,0,0.00,0,0
70,28,3,1.74,1,2.51,658125,Y4,,,0,14.592,clean,0,0,0.00,0,0
70,29,3,1.87,1,2.51,958711,Y2,,,0,14.374,clean,0,0,0.00,0,0
70,30,3,1.94,1,2.45,1407981,Y2,,,0,14.131,clean,0,0,0.00,0,0
70,31,3,1.60,1,2.50,864834,Y4,,,0,13.885,clean,0,0,0.00,0,0
70,32,3,1.31,1573,2.48,773549,Y4,,,0,13.643,clean,0,0,0.00,0,0
70,33,3,1.73,1,2.41,632554,Y2,,,0,13.495,clean,0,0,0.00,0,0
70,34,3,1.70,1,2.25,1464844,Y2,,,0,13.492,clean,0,0,0.00,0,0
70,35,3,1.83,1,2.64,658751,Y4,,,0,13.564,clean,0,0,0.00,0,0
70,36,3,1.88,1,2.42,1438290,Y2,,,0,13.683,clean,0,0,0.00,0,0
70,37,3,1.66,1,2.41,562817,Y4,,,0,13.628,clean,0,0,0.00,0,0
70,38,3,1.71,1,2.31,1100689,Y2,,,0,13.525,clean,0,0,0.00,0,0
70,39,3,1.57,1,2.34,358,Y4,,,0,13.437,clean,0,0,0.00,0,0
70,40,3,1.62,1,2.48,1314014,Y2,,,0,13.419,clean,0,0,0.00,0,0
70,41,3,1.67,1,2.36,611722,Y2,,,0,13.382,clean,0,0,0.00,0,0
70,42,3,1.63,1,2.73,968456,Y2,,,0,13.389,clean,0,0,0.00,0,0
70,43,3,1.92,1,2.87,1151294,Y4,,,0,13.309,clean,0,0,0.00,0,0
70,44,3,1.76,1,2.54,1448572,Y4,,,0,13.127,clean,0,0,0.00,0,0
70,45,3,2.04,1,2.37,168800,Y4,,,0,12.918,clean,0,0,0.00,0,0
70,46,3,1.70,1,2.55,1412809,Y2,,,0,12.761,clean,0,0,0.00,0,0
70,47,3,2.01,1,2.61,52124,Y4,,,0,12.523,clean,0,0,0.00,0,0
70,48,3,3.56,1,2.39,1315713,Y2,0.00/noise-like,0.24/noise-like,0,12.125,hump-note,0,0,0.00,0,0
70,49,3,2.09,1,2.35,405550,Y2,,,0,11.752,clean,0,0,0.00,0,0
70,50,3,1.80,1,2.63,34511,Y4,,,0,11.434,clean,0,0,0.00,0,0
70,51,3,1.94,1,2.34,1066536,Y4,,,0,11.103,clean,0,0,0.00,0,0
70,52,3,2.29,1,2.42,527054,Y4,,,0,10.868,clean,0,0,0.00,0,0
70,53,3,2.01,1,2.27,883877,Y4,,,0,10.674,clean,0,0,0.00,0,0
70,54,3,2.05,1,2.36,335097,Y2,,,0,10.296,clean,0,0,0.00,0,0
70,55,3,2.52,1,2.34,919551,Y4,0.00/noise-like,0.24/noise-like,0,9.819,hump-note,0,0,0.00,0,0
70,56,3,2.29,1,2.37,525177,Y4,,,0,9.212,clean,0,0,0.00,0,0
70,57,3,2.98,1,2.34,886381,Y2,0.00/noise-like,0.00/noise-like,0,8.510,hump-note,0,0,0.00,0,0
70,58,3,2.94,1,2.39,851154,Y2,0.24/noise-like,0.00/noise-like,0,7.928,hump-note,0,0,0.00,0,0
70,59,3,0,-1,0,0,-,,,0,7.261,QUARANTINE:dark-lane range=71 distinct=63,0,0,0.00,0,0
70,60,3,0,-1,0,0,-,,,0,6.423,QUARANTINE:dark-lane range=53 distinct=54,0,0,0.00,0,0
70,61,3,0,-1,0,0,-,,,0,5.577,QUARANTINE:dark-lane range=47 distinct=46,0,0,0.00,0,0
70,62,3,0,-1,0,0,-,,,0,4.692,QUARANTINE:dark-lane range=41 distinct=41,0,0,0.00,0,0
70,63,3,0,-1,0,0,-,,,0,3.928,QUARANTINE:dark-lane range=36 distinct=37,0,0,0.00,0,0
71,0,3,3.03,1,2.25,1207620,Y4,0.00/noise-like,0.00/noise-like,0,19.651,hump-note,0,0,0.00,0,0
71,1,3,1.38,573,2.49,602603,Y4,,,0,19.555,clean,0,0,0.00,0,0
71,2,3,1.37,1083,2.62,185609,Y2,,,0,19.592,clean,0,0,0.00,0,0
71,3,3,1.49,1,2.36,673324,Y2,,,0,19.678,clean,0,0,0.00,0,0
71,4,3,1.38,587,2.39,1000285,Y4,,,0,19.740,clean,0,0,0.00,0,0
71,5,3,1.51,1,2.41,444531,Y4,,,0,19.528,clean,0,0,0.00,0,0
71,6,3,1.44,1476,2.37,406712,Y4,,,0,19.269,clean,0,0,0.00,0,0
71,7,3,1.41,1009,2.25,32097,Y4,,,0,19.087,clean,0,0,0.00,0,0
71,8,3,1.37,1,2.46,120431,Y2,,,0,18.790,clean,0,0,0.00,0,0
71,9,3,1.64,1,2.46,1133680,Y4,,,0,18.413,clean,0,0,0.00,0,0
71,10,3,1.63,1,2.56,955135,Y2,,,0,18.076,clean,0,0,0.00,0,0
71,11,3,1.60,1,2.44,214666,Y2,,,0,17.671,clean,0,0,0.00,0,0
71,12,3,1.37,1,2.50,604033,Y2,,,0,17.208,clean,0,0,0.00,0,0
71,13,3,1.35,1332,2.55,950128,Y4,,,0,16.749,clean,0,0,0.00,0,0
71,14,3,1.55,1,2.34,813335,Y2,,,0,16.443,clean,0,0,0.00,0,0
71,15,3,1.64,1,2.21,415385,Y2,,,0,16.270,clean,0,0,0.00,0,0
71,16,3,1.48,1,2.22,976235,Y2,,,0,16.281,clean,0,0,0.00,0,0
71,17,3,1.45,1355,2.46,150651,Y4,,,0,16.490,clean,0,0,0.00,0,0
71,18,3,1.52,753,2.47,34243,Y2,,,0,17.716,clean,0,0,0.00,0,0
71,19,3,1.44,1291,2.42,103980,Y4,,,0,16.405,clean,0,0,0.00,0,0
71,20,3,1.61,1,2.37,702739,Y2,,,0,16.081,clean,0,0,0.00,0,0
71,21,3,1.62,1,2.35,98884,Y2,,,0,15.917,clean,0,0,0.00,0,0
71,22,3,1.63,1,2.59,304967,Y4,,,0,15.919,clean,0,0,0.00,0,0
71,23,3,1.65,1,2.34,628084,Y4,,,0,15.924,clean,0,0,0.00,0,0
71,24,3,1.77,1,2.46,109881,Y2,,,0,15.789,clean,0,0,0.00,0,0
71,25,3,1.62,1,2.51,264913,Y2,,,0,15.428,clean,0,0,0.00,0,0
71,26,3,1.59,1,2.96,766754,Y2,,,0,14.992,clean,0,0,0.00,0,0
71,27,3,1.65,1,2.42,80109,Y2,,,0,14.982,clean,0,0,0.00,0,0
71,28,3,1.56,1,2.62,1415849,Y4,,,0,14.599,clean,0,0,0.00,0,0
71,29,3,1.80,1,2.60,556827,Y4,,,0,14.385,clean,0,0,0.00,0,0
71,30,3,1.92,1,2.45,1223624,Y2,,,0,14.129,clean,0,0,0.00,0,0
71,31,3,1.72,1,2.35,918031,Y2,,,0,13.881,clean,0,0,0.00,0,0
71,32,3,1.34,1350,2.62,65446,Y2,,,0,13.633,clean,0,0,0.00,0,0
71,33,3,1.85,1,2.43,502646,Y4,,,0,13.564,clean,0,0,0.00,0,0
71,34,3,1.92,1,2.33,931352,Y2,,,0,13.508,clean,0,0,0.00,0,0
71,35,3,1.83,1,2.56,307739,Y4,,,0,13.567,clean,0,0,0.00,0,0
71,36,3,2.09,1,2.47,766218,Y2,,,0,13.663,clean,0,0,0.00,0,0
71,37,3,1.50,1,2.49,215918,Y2,,,0,13.638,clean,0,0,0.00,0,0
71,38,3,1.76,1,2.49,574797,Y2,,,0,13.510,clean,0,0,0.00,0,0
71,39,3,1.91,1,2.31,1426488,Y2,,,0,13.458,clean,0,0,0.00,0,0
71,40,3,1.74,1,2.46,582844,Y4,,,0,13.410,clean,0,0,0.00,0,0
71,41,3,1.66,1,2.31,555754,Y2,,,0,13.403,clean,0,0,0.00,0,0
71,42,3,1.59,1,2.43,1026124,Y2,,,0,13.384,clean,0,0,0.00,0,0
71,43,3,2.12,1,2.25,1241058,Y4,,,0,13.272,clean,0,0,0.00,0,0
71,44,3,1.93,1,2.44,886023,Y4,,,0,13.110,clean,0,0,0.00,0,0
71,45,3,1.74,1,2.30,291377,Y2,,,0,12.936,clean,0,0,0.00,0,0
71,46,3,2.04,1,2.40,1027554,Y4,,,0,12.753,clean,0,0,0.00,0,0
71,47,3,1.78,1,2.77,590801,Y2,,,0,12.510,clean,0,0,0.00,0,0
71,48,3,3.37,1,2.58,1284152,Y4,0.00/noise-like,0.00/noise-like,0,12.129,hump-note,0,0,0.00,0,0
71,49,3,2.01,1,2.36,674218,Y2,,,0,11.757,clean,0,0,0.00,0,0
71,50,3,2.34,1,2.32,226468,Y4,,,0,11.401,clean,0,0,0.00,0,0
71,51,3,1.86,1,2.40,35852,Y4,,,0,11.144,clean,0,0,0.00,0,0
71,52,3,2.39,1,2.29,54538,Y4,,,0,10.856,clean,0,0,0.00,0,0
71,53,3,2.42,1,3.22,1073,Y2,0.00/noise-like,0.00/noise-like,0,10.680,FAM-HIT,0,0,0.00,0,0
71,54,3,2.25,1,2.43,1321167,Y2,,,0,10.290,clean,0,0,0.00,0,0
71,55,3,2.41,1,2.56,1348525,Y2,,,0,9.820,clean,0,0,0.00,0,0
71,56,3,2.70,1,2.74,358,Y4,0.00/noise-like,0.00/noise-like,0,9.214,hump-note,0,0,0.00,0,0
71,57,3,2.62,1,2.45,1112491,Y2,0.24/noise-like,0.00/noise-like,0,8.514,hump-note,0,0,0.00,0,0
71,58,3,2.93,1,2.49,1433372,Y2,0.00/noise-like,0.00/noise-like,0,7.928,hump-note,0,0,0.00,0,0
71,59,3,0,-1,0,0,-,,,0,7.264,QUARANTINE:dark-lane range=64 distinct=63,0,0,0.00,0,0
71,60,3,0,-1,0,0,-,,,0,6.430,QUARANTINE:dark-lane range=54 distinct=53,0,0,0.00,0,0
71,61,3,0,-1,0,0,-,,,0,5.571,QUARANTINE:dark-lane range=48 distinct=49,0,0,0.00,0,0
71,62,3,0,-1,0,0,-,,,0,4.696,QUARANTINE:dark-lane range=40 distinct=40,0,0,0.00,0,0
71,63,3,0,-1,0,0,-,,,0,3.936,QUARANTINE:dark-lane range=33 distinct=34,0,0,0.00,0,0
72,0,3,3.29,1,2.55,883967,Y4,0.00/noise-like,0.00/noise-like,0,19.667,hump-note,0,0,0.00,0,0
72,1,3,1.40,169,2.53,375777,Y4,,,0,19.586,clean,0,0,0.00,0,0
72,2,3,1.43,1,2.31,326872,Y2,,,0,19.568,clean,0,0,0.00,0,0
72,3,3,1.46,1296,2.41,389367,Y2,,,0,19.660,clean,0,0,0.00,0,0
72,4,3,1.38,548,2.37,82254,Y2,,,0,19.752,clean,0,0,0.00,0,0
72,5,3,1.36,1,2.29,1170069,Y2,,,0,19.519,clean,0,0,0.00,0,0
72,6,3,1.38,1,2.47,84311,Y2,,,0,19.298,clean,0,0,0.00,0,0
72,7,3,1.42,1,2.58,1023263,Y2,,,0,19.077,clean,0,0,0.00,0,0
72,8,3,1.34,113,2.38,801444,Y4,,,0,18.846,clean,0,0,0.00,0,0
72,9,3,1.42,1,2.28,154495,Y2,,,0,18.417,clean,0,0,0.00,0,0
72,10,3,1.73,1,2.44,639260,Y2,,,0,18.081,clean,0,0,0.00,0,0
72,11,3,1.36,277,2.26,46223,Y2,,,0,17.703,clean,0,0,0.00,0,0
72,12,3,1.59,1,2.37,313640,Y2,,,0,17.178,clean,0,0,0.00,0,0
72,13,3,1.36,1,2.69,365674,Y2,,,0,16.748,clean,0,0,0.00,0,0
72,14,3,1.64,1,2.38,364065,Y2,,,0,16.435,clean,0,0,0.00,0,0
72,15,3,1.47,1,2.62,96470,Y2,,,0,16.261,clean,0,0,0.00,0,0
72,16,3,1.36,1249,2.38,1007348,Y2,,,0,16.253,clean,0,0,0.00,0,0
72,17,3,1.57,1,2.30,27269,Y2,,,0,16.459,clean,0,0,0.00,0,0
72,18,3,1.59,1,2.45,97990,Y4,,,0,17.728,clean,0,0,0.00,0,0
72,19,3,1.62,1,2.36,1111776,Y2,,,0,16.408,clean,0,0,0.00,0,0
72,20,3,1.39,635,2.22,100046,Y4,,,0,16.063,clean,0,0,0.00,0,0
72,21,3,1.60,1,2.30,1033813,Y2,,,0,15.935,clean,0,0,0.00,0,0
72,22,3,1.64,1,2.41,236660,Y2,,,0,15.930,clean,0,0,0.00,0,0
72,23,3,1.55,1,2.40,795633,Y4,,,0,15.895,clean,0,0,0.00,0,0
72,24,3,1.46,1,2.35,1272172,Y4,,,0,15.791,clean,0,0,0.00,0,0
72,25,3,1.79,1,2.56,23872,Y2,,,0,15.392,clean,0,0,0.00,0,0
72,26,3,1.66,1,2.42,673950,Y4,,,0,15.013,clean,0,0,0.00,0,0
72,27,3,1.77,1,2.25,1086920,Y2,,,0,14.957,clean,0,0,0.00,0,0
72,28,3,1.82,1,2.27,736266,Y2,,,0,14.573,clean,0,0,0.00,0,0
72,29,3,1.74,1,2.37,457317,Y4,,,0,14.372,clean,0,0,0.00,0,0
72,30,3,1.61,1,2.58,1348883,Y4,,,0,14.144,clean,0,0,0.00,0,0
72,31,3,1.67,1,2.33,155658,Y4,,,0,13.867,clean,0,0,0.00,0,0
72,32,3,1.38,1465,2.20,503719,Y2,,,0,13.656,clean,0,0,0.00,0,0
72,33,3,1.91,1,2.79,1397252,Y4,,,0,13.522,clean,0,0,0.00,0,0
72,34,3,1.59,1,2.58,142425,Y4,,,0,13.509,clean,0,0,0.00,0,0
72,35,3,1.59,1,2.64,550389,Y2,,,0,13.560,clean,0,0,0.00,0,0
72,36,3,1.91,1,2.41,1434267,Y2,,,0,13.657,clean,0,0,0.00,0,0
72,37,3,1.81,1,2.27,1353800,Y4,,,0,13.594,clean,0,0,0.00,0,0
72,38,3,1.81,1,2.36,1239181,Y2,,,0,13.503,clean,0,0,0.00,0,0
72,39,3,1.73,1,2.39,1114905,Y4,,,0,13.451,clean,0,0,0.00,0,0
72,40,3,2.00,1,2.30,320882,Y2,,,0,13.396,clean,0,0,0.00,0,0
72,41,3,2.16,1,2.65,697106,Y4,,,0,13.404,clean,0,0,0.00,0,0
72,42,3,1.75,1,2.23,1034975,Y2,,,0,13.379,clean,0,0,0.00,0,0
72,43,3,1.75,1,2.62,675291,Y4,,,0,13.291,clean,0,0,0.00,0,0
72,44,3,1.71,1,2.43,52929,Y4,,,0,13.087,clean,0,0,0.00,0,0
72,45,3,2.12,1,2.42,359416,Y2,,,0,12.930,clean,0,0,0.00,0,0
72,46,3,1.92,1,2.45,1083970,Y2,,,0,12.775,clean,0,0,0.00,0,0
72,47,3,1.81,1,2.34,732511,Y2,,,0,12.526,clean,0,0,0.00,0,0
72,48,3,3.44,1,2.24,530452,Y2,0.00/noise-like,0.00/noise-like,0,12.161,hump-note,0,0,0.00,0,0
72,49,3,1.91,1,2.43,878334,Y4,,,0,11.761,clean,0,0,0.00,0,0
72,50,3,1.78,1,2.31,803232,Y4,,,0,11.439,clean,0,0,0.00,0,0
72,51,3,1.92,1,2.60,398576,Y2,,,0,11.109,clean,0,0,0.00,0,0
72,52,3,2.11,1,2.48,1094967,Y2,,,0,10.876,clean,0,0,0.00,0,0
72,53,3,2.22,1,2.35,561655,Y4,,,0,10.664,clean,0,0,0.00,0,0
72,54,3,2.20,1,2.61,163794,Y4,,,0,10.298,clean,0,0,0.00,0,0
72,55,3,2.23,1,2.67,1435518,Y2,,,0,9.828,clean,0,0,0.00,0,0
72,56,3,2.35,1,2.68,87798,Y2,,,0,9.191,clean,0,0,0.00,0,0
72,57,3,2.92,1,2.42,537515,Y4,0.24/noise-like,0.00/noise-like,0,8.518,hump-note,0,0,0.00,0,0
72,58,3,3.35,1,2.56,715613,Y4,0.00/noise-like,0.00/noise-like,1,7.928,hump-note,0,0,0.00,0,0
72,59,3,0,-1,0,0,-,,,0,7.254,QUARANTINE:dark-lane range=64 distinct=62,0,0,0.00,0,0
72,60,3,0,-1,0,0,-,,,0,6.420,QUARANTINE:dark-lane range=54 distinct=53,0,0,0.00,0,0
72,61,3,0,-1,0,0,-,,,0,5.581,QUARANTINE:dark-lane range=48 distinct=47,0,0,0.00,0,0
72,62,3,0,-1,0,0,-,,,0,4.692,QUARANTINE:dark-lane range=44 distinct=42,0,0,0.00,0,0
72,63,3,0,-1,0,0,-,,,0,3.929,QUARANTINE:dark-lane range=34 distinct=35,0,0,0.00,0,0
73,0,3,2.97,1,2.33,19222,Y4,0.24/noise-like,0.24/noise-like,0,19.613,hump-note,0,0,0.00,0,0
73,1,3,1.37,1,2.54,4917,Y4,,,0,19.593,clean,0,0,0.00,0,0
73,2,3,1.33,284,2.47,268936,Y4,,,0,19.547,clean,0,0,0.00,0,0
73,3,3,1.38,540,2.34,75549,Y2,,,0,19.678,clean,0,0,0.00,0,0
73,4,3,1.38,1388,2.53,1188666,Y2,,,0,19.750,clean,0,0,0.00,0,0
73,5,3,1.33,1150,2.55,604391,Y4,,,0,19.543,clean,0,0,0.00,0,0
73,6,3,1.54,1476,2.49,641316,Y2,,,1,19.276,clean,0,0,0.00,0,0
73,7,3,1.39,1,2.52,932515,Y2,,,0,19.074,clean,0,0,0.00,0,0
73,8,3,1.38,1,2.42,1348257,Y2,,,0,18.840,clean,0,0,0.00,0,0
73,9,3,1.64,1,2.30,1287192,Y2,,,0,18.459,clean,0,0,0.00,0,0
73,10,3,1.41,1,2.47,589550,Y2,,,0,18.090,clean,0,0,0.00,0,0
73,11,3,1.41,1,2.58,118643,Y4,,,0,17.671,clean,0,0,0.00,0,0
73,12,3,1.36,1,2.37,1253843,Y2,,,0,17.222,clean,0,0,0.00,0,0
73,13,3,1.55,1,2.39,593305,Y4,,,0,16.747,clean,0,0,0.00,0,0
73,14,3,1.51,1,2.30,1291126,Y2,,,0,16.455,clean,0,0,0.00,0,0
73,15,3,1.42,1,2.24,643194,Y2,,,0,16.297,clean,0,0,0.00,0,0
73,16,3,1.46,1,2.46,167906,Y4,,,0,16.303,clean,0,0,0.00,0,0
73,17,3,1.65,1,2.46,1034349,Y4,,,0,16.449,clean,0,0,0.00,0,0
73,18,3,1.64,699,2.31,482619,Y4,,,0,17.717,clean,0,0,0.00,0,0
73,19,3,1.37,1,2.50,479400,Y2,,,0,16.401,clean,0,0,0.00,0,0
73,20,3,1.49,1,2.45,927418,Y2,,,0,16.083,clean,0,0,0.00,0,0
73,21,3,1.68,1,2.37,687629,Y4,,,0,15.938,clean,0,0,0.00,0,0
73,22,3,1.61,1,2.56,1009136,Y4,,,0,15.930,clean,0,0,0.00,0,0
73,23,3,1.37,1,2.39,549048,Y4,,,0,15.918,clean,0,0,0.00,0,0
73,24,3,1.44,1,2.34,877887,Y2,,,0,15.821,clean,0,0,0.00,0,0
73,25,3,1.84,1,2.46,303715,Y4,,,0,15.415,clean,0,0,0.00,0,0
73,26,3,1.76,1,3.33,80377,Y4,0.00/noise-like,0.00/noise-like,3,14.994,FAM-HIT,0,0,0.00,0,0
73,27,3,1.88,1,2.44,92715,Y2,,,0,14.935,clean,0,0,0.00,0,0
73,28,3,1.72,1,2.34,179619,Y2,,,0,14.578,clean,0,0,0.00,0,0
73,29,3,1.73,1,2.50,185251,Y4,,,0,14.396,clean,0,0,0.00,0,0
73,30,3,1.46,1,2.28,747979,Y4,,,0,14.127,clean,0,0,0.00,0,0
73,31,3,1.89,1,2.34,957370,Y4,,,0,13.866,clean,0,0,0.00,0,0
73,32,3,1.40,1,2.43,51498,Y2,,,0,13.646,clean,0,0,0.00,0,0
73,33,3,1.76,1,2.43,52750,Y4,,,0,13.552,clean,0,0,0.00,0,0
73,34,3,1.76,1,2.38,247478,Y2,,,0,13.512,clean,0,0,0.00,0,0
73,35,3,1.72,1,2.43,1464665,Y2,,,0,13.566,clean,0,0,0.00,0,0
73,36,3,1.74,1,2.39,354141,Y2,,,0,13.666,clean,0,0,0.00,0,0
73,37,3,1.61,1,2.36,1333863,Y4,,,0,13.643,clean,0,0,0.00,0,0
73,38,3,1.80,1,2.39,1152366,Y4,,,0,13.510,clean,0,0,0.00,0,0
73,39,3,1.96,1,2.54,973642,Y2,,,0,13.471,clean,0,0,0.00,0,0
73,40,3,1.73,1,2.24,266969,Y2,,,0,13.401,clean,0,0,0.00,0,0
73,41,3,1.66,1,2.41,244439,Y4,,,0,13.420,clean,0,0,0.00,0,0
73,42,3,1.42,1,2.32,495583,Y4,,,0,13.389,clean,0,0,0.00,0,0
73,43,3,1.97,1,2.75,67860,Y2,,,0,13.289,clean,0,0,0.00,0,0
73,44,3,1.93,1,2.38,1299977,Y2,,,0,13.103,clean,0,0,0.00,0,0
73,45,3,1.59,1,2.52,175953,Y2,,,0,12.944,clean,0,0,0.00,0,0
73,46,3,1.92,1,2.39,168353,Y4,,,0,12.764,clean,0,0,0.00,0,0
73,47,3,1.85,1,2.61,1438737,Y2,,,0,12.515,clean,0,0,0.00,0,0
73,48,3,3.71,1,2.46,1147181,Y4,0.00/noise-like,0.24/noise-like,0,12.145,hump-note,0,0,0.00,0,0
73,49,3,1.96,1,2.42,93430,Y2,,,0,11.751,clean,0,0,0.00,0,0
73,50,3,1.96,1,2.43,73135,Y2,,,0,11.421,clean,0,0,0.00,0,0
73,51,3,1.94,1,2.49,1140028,Y4,,,0,11.099,clean,0,0,0.00,0,0
73,52,3,2.07,1,2.40,1425236,Y2,,,0,10.891,clean,0,0,0.00,0,0
73,53,3,1.91,1,2.31,138044,Y4,,,0,10.653,clean,0,0,0.00,0,0
73,54,3,2.48,1,2.62,858933,Y4,,,0,10.300,clean,0,0,0.00,0,0
73,55,3,2.43,1,2.38,871360,Y2,,,0,9.811,clean,0,0,0.00,0,0
73,56,3,2.48,1,2.35,166386,Y2,,,0,9.209,clean,0,0,0.00,0,0
73,57,3,2.90,1,2.66,710696,Y2,0.00/noise-like,0.24/noise-like,0,8.510,hump-note,0,0,0.00,0,0
73,58,3,2.86,1,2.63,1699,Y2,0.24/noise-like,0.00/noise-like,6,7.938,hump-note,0,0,0.00,0,0
73,59,3,0,-1,0,0,-,,,0,7.254,QUARANTINE:dark-lane range=61 distinct=61,0,0,0.00,0,0
73,60,3,0,-1,0,0,-,,,0,6.434,QUARANTINE:dark-lane range=54 distinct=53,0,0,0.00,0,0
73,61,3,0,-1,0,0,-,,,0,5.579,QUARANTINE:dark-lane range=48 distinct=47,0,0,0.00,0,0
73,62,3,0,-1,0,0,-,,,0,4.678,QUARANTINE:dark-lane range=39 distinct=40,0,0,0.00,0,0
73,63,3,0,-1,0,0,-,,,0,3.932,QUARANTINE:dark-lane range=35 distinct=36,0,0,0.00,0,0
74,0,3,3.24,1,2.45,215560,Y2,0.00/noise-like,0.00/noise-like,0,19.646,hump-note,0,0,0.00,0,0
74,1,3,1.42,1,2.28,687003,Y4,,,0,19.573,clean,0,0,0.00,0,0
74,2,3,1.51,1,2.36,166297,Y2,,,0,19.584,clean,0,0,0.00,0,0
74,3,3,1.46,1,2.37,1026213,Y4,,,0,19.650,clean,0,0,0.00,0,0
74,4,3,1.47,1,2.37,1086652,Y4,,,0,19.807,clean,0,0,0.00,0,0
74,5,3,1.35,1127,2.30,70184,Y4,,,0,19.526,clean,0,0,0.00,0,0
74,6,3,1.40,1476,2.68,357091,Y2,,,0,19.277,clean,0,0,0.00,0,0
74,7,3,1.37,260,2.43,1388669,Y4,,,0,19.060,clean,0,0,0.00,0,0
74,8,3,1.35,1273,2.42,862688,Y2,,,0,18.803,clean,0,0,0.00,0,0
74,9,3,1.42,1115,2.38,162721,Y4,,,0,18.415,clean,0,0,0.00,0,0
74,10,3,1.51,1,2.34,126690,Y2,,,0,18.067,clean,0,0,0.00,0,0
74,11,3,1.48,1,2.32,1359791,Y4,,,0,17.685,clean,0,0,0.00,0,0
74,12,3,1.50,1,2.32,364244,Y4,,,0,17.209,clean,0,0,0.00,0,0
74,13,3,1.48,1,2.44,183284,Y4,,,0,16.729,clean,0,0,0.00,0,0
74,14,3,1.82,1,2.23,612170,Y4,,,0,16.423,clean,0,0,0.00,0,0
74,15,3,1.40,785,2.25,313908,Y2,,,0,16.240,clean,0,0,0.00,0,0
74,16,3,1.63,1,2.55,1438379,Y4,,,0,16.302,clean,0,0,0.00,0,0
74,17,3,1.34,1416,2.23,789911,Y2,,,0,16.439,clean,0,0,0.00,0,0
74,18,3,1.54,742,2.46,158608,Y4,,,0,17.744,clean,0,0,0.00,0,0
74,19,3,1.89,1,2.24,509441,Y4,,,0,16.385,clean,0,0,0.00,0,0
74,20,3,1.41,1,2.47,371039,Y2,,,0,16.066,clean,0,0,0.00,0,0
74,21,3,1.55,1,2.52,1461715,Y2,,,0,15.915,clean,0,0,0.00,0,0
74,22,3,1.49,1,2.39,1308292,Y4,,,0,15.947,clean,0,0,0.00,0,0
74,23,3,1.76,1,2.45,966042,Y4,,,0,15.880,clean,0,0,0.00,0,0
74,24,3,1.60,1,2.42,1023352,Y4,,,0,15.830,clean,0,0,0.00,0,0
74,25,3,1.48,1,2.31,1388043,Y4,,,0,15.428,clean,0,0,0.00,0,0
74,26,3,1.42,1,2.65,1103908,Y4,,,0,15.002,clean,0,0,0.00,0,0
74,27,3,1.57,658,2.36,376850,Y2,,,0,14.940,clean,0,0,0.00,0,0
74,28,3,1.57,1,2.28,146806,Y4,,,0,14.563,clean,0,0,0.00,0,0
74,29,3,1.58,1,2.48,583559,Y4,,,0,14.377,clean,0,0,0.00,0,0
74,30,3,1.71,1,2.28,486642,Y4,,,0,14.147,clean,0,0,0.00,0,0
74,31,3,1.49,1,2.43,962645,Y4,,,0,13.874,clean,0,0,0.00,0,0
74,32,3,1.37,1,2.70,446320,Y4,,,0,13.638,clean,0,0,0.00,0,0
74,33,3,1.98,1,2.33,115693,Y2,,,0,13.520,clean,0,0,0.00,0,0
74,34,3,1.88,1,2.39,1077801,Y4,,,0,13.511,clean,0,0,0.00,0,0
74,35,3,1.56,1,2.32,803232,Y4,,,0,13.582,clean,0,0,0.00,0,0
74,36,3,1.65,1,2.53,54628,Y4,,,0,13.698,clean,0,0,0.00,0,0
74,37,3,1.91,1,2.32,1388043,Y4,,,0,13.609,clean,0,0,0.00,0,0
74,38,3,1.93,1,2.33,1446784,Y2,,,0,13.528,clean,0,0,0.00,0,0
74,39,3,1.74,1,2.34,1458764,Y2,,,0,13.446,clean,0,0,0.00,0,0
74,40,3,1.89,1,2.57,1291573,Y4,,,0,13.420,clean,0,0,0.00,0,0
74,41,3,1.60,1,2.43,1377225,Y2,,,0,13.380,clean,0,0,0.00,0,0
74,42,3,2.05,1,2.25,843108,Y4,,,0,13.379,clean,0,0,0.00,0,0
74,43,3,1.86,1,2.37,88602,Y2,,,0,13.293,clean,0,0,0.00,0,0
74,44,3,1.65,1,2.73,498980,Y4,,,0,13.091,clean,0,0,0.00,0,0
74,45,3,1.77,1,2.48,226825,Y4,,,0,12.920,clean,0,0,0.00,0,0
74,46,3,2.04,1,2.22,736356,Y4,,,0,12.775,clean,0,0,0.00,0,0
74,47,3,1.96,1,2.40,770062,Y4,,,0,12.504,clean,0,0,0.00,0,0
74,48,3,3.35,1,2.29,1019776,Y2,0.00/noise-like,0.00/noise-like,0,12.136,hump-note,0,0,0.00,0,0
74,49,3,2.08,1,2.40,22888,Y4,,,0,11.761,clean,0,0,0.00,0,0
74,50,3,2.15,1,2.53,243723,Y2,,,0,11.431,clean,0,0,0.00,0,0
74,51,3,2.18,1,2.39,941008,Y4,,,0,11.100,clean,0,0,0.00,0,0
74,52,3,2.22,1,2.41,1324296,Y2,,,0,10.866,clean,0,0,0.00,0,0
74,53,3,2.39,1,2.47,949591,Y4,,,0,10.656,clean,0,0,0.00,0,0
74,54,3,2.61,1,2.53,839621,Y4,0.00/noise-like,0.00/noise-like,0,10.303,hump-note,0,0,0.00,0,0
74,55,3,2.72,1,2.33,715256,Y2,0.24/noise-like,0.00/noise-like,0,9.820,hump-note,0,0,0.00,0,0
74,56,3,3.12,1,2.52,141084,Y2,0.24/noise-like,0.24/noise-like,0,9.190,hump-note,0,0,0.00,0,0
74,57,3,2.70,1,2.39,1202345,Y2,0.00/noise-like,0.24/noise-like,0,8.519,hump-note,0,0,0.00,0,0
74,58,3,3.19,1,2.56,1364440,Y4,0.00/noise-like,0.00/noise-like,0,7.925,hump-note,0,0,0.00,0,0
74,59,3,0,-1,0,0,-,,,0,7.275,QUARANTINE:dark-lane range=67 distinct=63,0,0,0.00,0,0
74,60,3,0,-1,0,0,-,,,0,6.425,QUARANTINE:dark-lane range=54 distinct=55,0,0,0.00,0,0
74,61,3,0,-1,0,0,-,,,0,5.577,QUARANTINE:dark-lane range=52 distinct=49,0,0,0.00,0,0
74,62,3,0,-1,0,0,-,,,0,4.681,QUARANTINE:dark-lane range=41 distinct=39,0,0,0.00,0,0
74,63,3,0,-1,0,0,-,,,0,3.931,QUARANTINE:dark-lane range=34 distinct=35,0,0,0.00,0,0
75,0,3,2.62,1,2.43,798315,Y2,0.00/noise-like,0.00/noise-like,0,19.609,hump-note,0,0,0.00,0,0
75,1,3,1.45,1,2.41,60797,Y2,,,0,19.611,clean,0,0,0.00,0,0
75,2,3,1.41,1,2.33,915259,Y2,,,0,19.583,clean,0,0,0.00,0,0
75,3,3,1.32,1344,2.42,346094,Y4,,,0,19.641,clean,0,0,0.00,0,0
75,4,3,1.56,1,2.25,684142,Y4,,,0,19.783,clean,0,0,0.00,0,0
75,5,3,1.37,1462,2.52,928670,Y4,,,0,19.576,clean,0,0,0.00,0,0
75,6,3,1.43,1,2.45,421196,Y4,,,0,19.279,clean,0,0,0.00,0,0
75,7,3,1.52,1,2.42,61154,Y2,,,0,19.100,clean,0,0,0.00,0,0
75,8,3,1.40,1,2.38,69737,Y2,,,0,18.832,clean,0,0,0.00,0,0
75,9,3,1.38,1,2.56,206262,Y2,,,0,18.410,clean,0,0,0.00,0,0
75,10,3,1.51,1,2.38,841856,Y2,,,0,18.069,clean,0,0,0.00,0,0
75,11,3,1.46,1,2.33,32455,Y2,,,0,17.697,clean,0,0,0.00,0,0
75,12,3,1.38,1,2.29,543237,Y2,,,0,17.190,clean,0,0,0.00,0,0
75,13,3,1.40,1076,2.45,947982,Y4,,,0,16.724,clean,0,0,0.00,0,0
75,14,3,1.51,1,2.33,987142,Y2,,,0,16.434,clean,0,0,0.00,0,0
75,15,3,1.42,1,2.42,65982,Y2,,,0,16.255,clean,0,0,0.00,0,0
75,16,3,1.39,308,2.37,245333,Y2,,,0,16.292,clean,0,0,0.00,0,0
75,17,3,1.48,1,3.00,112742,Y2,0.24/noise-like,0.00/noise-like,0,16.487,FAM-HIT,0,0,0.00,0,0
75,18,3,1.52,778,2.30,434786,Y4,,,0,17.718,clean,0,0,0.00,0,0
75,19,3,1.50,1,2.54,38892,Y4,,,0,16.382,clean,0,0,0.00,0,0
75,20,3,1.57,1,2.35,1243651,Y4,,,0,16.096,clean,0,0,0.00,0,0
75,21,3,1.63,1,2.27,177205,Y4,,,0,15.946,clean,0,0,0.00,0,0
75,22,3,1.61,1,2.47,1184553,Y4,,,0,15.927,clean,0,0,0.00,0,0
75,23,3,1.52,1,2.73,1096219,Y2,,,0,15.901,clean,0,0,0.00,0,0
75,24,3,1.39,1110,2.54,1376688,Y4,,,0,15.814,clean,0,0,0.00,0,0
75,25,3,1.70,1,2.63,1259387,Y4,,,0,15.439,clean,0,0,0.00,0,0
75,26,3,1.61,1,2.36,913739,Y2,,,0,14.990,clean,0,0,0.00,0,0
75,27,3,1.67,643,2.53,1055628,Y2,,,0,14.948,clean,0,0,0.00,0,0
75,28,3,1.75,1,2.53,159591,Y2,,,0,14.588,clean,0,0,0.00,0,0
75,29,3,1.66,1,2.45,838190,Y4,,,0,14.367,clean,0,0,0.00,0,0
75,30,3,1.85,1,2.35,170499,Y4,,,0,14.150,clean,0,0,0.00,0,0
75,31,3,1.79,1,2.39,197321,Y2,,,0,13.891,clean,0,0,0.00,0,0
75,32,3,1.33,58,2.31,1341283,Y2,,,0,13.633,clean,0,0,0.00,0,0
75,33,3,1.84,1,2.62,1245618,Y2,,,0,13.520,clean,0,0,0.00,0,0
75,34,3,1.88,1,2.53,24945,Y2,,,0,13.541,clean,0,0,0.00,0,0
75,35,3,1.70,1,2.27,2325,Y2,,,0,13.544,clean,0,0,0.00,0,0
75,36,3,1.95,1,2.56,65982,Y4,,,0,13.648,clean,0,0,0.00,0,0
75,37,3,1.96,1,2.39,1370430,Y4,,,0,13.637,clean,0,0,0.00,0,0
75,38,3,1.53,1,2.34,231832,Y2,,,0,13.488,clean,0,0,0.00,0,0
75,39,3,1.87,1,2.51,529557,Y4,,,0,13.430,clean,0,0,0.00,0,0
75,40,3,1.78,1,2.50,147343,Y4,,,0,13.425,clean,0,0,0.00,0,0
75,41,3,1.61,1,2.49,266165,Y2,,,0,13.392,clean,0,0,0.00,0,0
75,42,3,1.65,1,2.47,1002073,Y4,,,0,13.381,clean,0,0,0.00,0,0
75,43,3,1.58,1,2.27,926435,Y4,,,0,13.309,clean,0,0,0.00,0,0
75,44,3,1.53,1,2.44,821739,Y2,,,0,13.084,clean,0,0,0.00,0,0
75,45,3,1.66,1,2.41,123918,Y2,,,0,12.914,clean,0,0,0.00,0,0
75,46,3,1.97,1,2.37,97990,Y2,,,0,12.758,clean,0,0,0.00,0,0
75,47,3,1.96,1,2.36,12875,Y4,,,0,12.516,clean,0,0,0.00,0,0
75,48,3,3.58,1,2.52,1081020,Y2,0.00/noise-like,0.24/noise-like,0,12.154,hump-note,0,0,0.00,0,0
75,49,3,1.71,1,2.54,1183569,Y4,,,0,11.760,clean,0,0,0.00,0,0
75,50,3,2.20,1,2.40,961304,Y2,,,0,11.452,clean,0,0,0.00,0,0
75,51,3,2.10,1,2.38,377655,Y4,,,0,11.097,clean,0,0,0.00,0,0
75,52,3,2.23,1,2.46,550926,Y2,,,0,10.875,clean,0,0,0.00,0,0
75,53,3,2.06,1,2.19,314444,Y2,,,0,10.658,clean,0,0,0.00,0,0
75,54,3,2.58,1,2.38,737607,Y2,0.00/noise-like,0.24/noise-like,0,10.295,hump-note,0,0,0.00,0,0
75,55,3,2.45,1,2.42,799298,Y2,,,0,9.826,clean,0,0,0.00,0,0
75,56,3,2.76,1,2.38,864744,Y2,0.00/noise-like,0.00/noise-like,0,9.193,hump-note,0,0,0.00,0,0
75,57,3,3.01,1,2.31,1298636,Y2,0.00/noise-like,0.00/noise-like,0,8.509,hump-note,0,0,0.00,0,0
75,58,3,3.49,1,2.52,1253754,Y2,0.00/noise-like,0.00/noise-like,0,7.919,hump-note,0,0,0.00,0,0
75,59,3,0,-1,0,0,-,,,0,7.276,QUARANTINE:dark-lane range=59 distinct=60,0,0,0.00,0,0
75,60,3,0,-1,0,0,-,,,0,6.430,QUARANTINE:dark-lane range=56 distinct=57,0,0,0.00,0,0
75,61,3,0,-1,0,0,-,,,0,5.572,QUARANTINE:dark-lane range=48 distinct=48,0,0,0.00,0,0
75,62,3,0,-1,0,0,-,,,0,4.690,QUARANTINE:dark-lane range=41 distinct=41,0,0,0.00,0,0
75,63,3,0,-1,0,0,-,,,0,3.932,QUARANTINE:dark-lane range=35 distinct=35,0,0,0.00,0,0
76,0,3,2.36,1,2.29,1284510,Y4,,,0,19.615,clean,0,0,0.00,0,0
76,1,3,1.40,1,2.51,394821,Y4,,,0,19.614,clean,0,0,0.00,0,0
76,2,3,1.48,1,2.38,1419514,Y2,,,0,19.535,clean,0,0,0.00,0,0
76,3,3,1.39,1,2.47,251770,Y2,,,0,19.660,clean,0,0,0.00,0,0
76,4,3,1.43,1,2.42,1233459,Y2,,,0,19.749,clean,0,0,0.00,0,0
76,5,3,1.33,92,2.40,221461,Y4,,,0,19.550,clean,0,0,0.00,0,0
76,6,3,1.59,1,2.31,822723,Y2,,,0,19.322,clean,0,0,0.00,0,0
76,7,3,1.40,369,2.80,32365,Y4,,,0,19.091,clean,0,0,0.00,0,0
76,8,3,1.39,1,2.46,339478,Y2,,,0,18.771,clean,0,0,0.00,0,0
76,9,3,1.37,230,2.33,280470,Y4,,,0,18.387,clean,0,0,0.00,0,0
76,10,3,1.72,1,2.53,619501,Y2,,,0,18.063,clean,0,0,0.00,0,0
76,11,3,1.57,1,2.33,1336277,Y4,,,0,17.691,clean,0,0,0.00,0,0
76,12,3,1.37,1,2.35,899166,Y4,,,0,17.177,clean,0,0,0.00,0,0
76,13,3,1.67,1,2.38,696748,Y4,,,0,16.733,clean,0,0,0.00,0,0
76,14,3,1.35,245,2.40,864834,Y4,,,0,16.453,clean,0,0,0.00,0,0
76,15,3,1.69,1,2.31,189900,Y4,,,0,16.284,clean,0,0,0.00,0,0
76,16,3,1.55,1,2.46,42468,Y2,,,0,16.282,clean,0,0,0.00,0,0
76,17,3,1.42,1,2.34,1380354,Y2,,,0,16.468,clean,0,0,0.00,0,0
76,18,3,1.53,602,2.36,622541,Y4,,,0,17.744,clean,0,0,0.00,0,0
76,19,3,1.52,1,2.37,1199931,Y2,,,0,16.386,clean,0,0,0.00,0,0
76,20,3,1.37,987,2.52,659466,Y2,,,0,16.068,clean,0,0,0.00,0,0
76,21,3,1.55,1,2.68,209123,Y2,,,0,15.941,clean,0,0,0.00,0,0
76,22,3,1.53,1,2.82,436306,Y4,,,0,15.933,clean,0,0,0.00,0,0
76,23,3,1.46,1,2.27,1046151,Y2,,,0,15.942,clean,0,0,0.00,0,0
76,24,3,1.56,1,2.28,146538,Y4,,,0,15.773,clean,0,0,0.00,0,0
76,25,3,1.67,1,2.26,1098454,Y4,,,0,15.409,clean,0,0,0.00,0,0
76,26,3,1.53,1,2.37,432819,Y2,,,0,15.007,clean,0,0,0.00,0,0
76,27,3,1.60,670,2.40,619054,Y4,,,0,14.936,clean,0,0,0.00,0,0
76,28,3,1.73,1,2.44,692457,Y4,,,0,14.559,clean,0,0,0.00,0,0
76,29,3,1.72,1,2.52,1258492,Y2,,,0,14.402,clean,0,0,0.00,0,0
76,30,3,1.70,1,2.61,1043648,Y4,,,0,14.156,clean,0,0,0.00,0,0
76,31,3,1.61,1,2.42,78946,Y2,,,0,13.862,clean,0,0,0.00,0,0
76,32,3,1.39,1017,2.36,1024514,Y4,,,0,13.638,clean,0,0,0.00,0,0
76,33,3,1.52,1,2.37,1084685,Y4,,,0,13.533,clean,0,0,0.00,0,0
76,34,3,1.65,1,2.42,1146555,Y2,,,0,13.508,clean,0,0,0.00,0,0
76,35,3,1.75,1,2.38,1292557,Y4,,,0,13.564,clean,0,0,0.00,0,0
76,36,3,1.76,1,2.43,1232117,Y2,,,0,13.676,clean,0,0,0.00,0,0
76,37,3,1.87,1,2.45,1272798,Y2,,,0,13.610,clean,0,0,0.00,0,0
76,38,3,1.52,1,2.65,224054,Y2,,,0,13.520,clean,0,0,0.00,0,0
76,39,3,1.59,1,2.26,361204,Y2,,,0,13.415,clean,0,0,0.00,0,0
76,40,3,1.83,1,2.47,1338691,Y2,,,0,13.418,clean,0,0,0.00,0,0
76,41,3,1.95,1,2.30,693798,Y2,,,0,13.396,clean,0,0,0.00,0,0
76,42,3,1.86,1,2.47,308007,Y2,,,0,13.422,clean,0,0,0.00,0,0
76,43,3,1.75,1,2.35,1393139,Y4,,,0,13.323,clean,0,0,0.00,0,0
76,44,3,1.82,1,2.56,646770,Y2,,,0,13.095,clean,0,0,0.00,0,0
76,45,3,1.73,1,2.33,559688,Y4,,,0,12.924,clean,0,0,0.00,0,0
76,46,3,2.03,1,2.39,315607,Y4,,,0,12.769,clean,0,0,0.00,0,0
76,47,3,1.91,1,2.40,781953,Y2,,,0,12.533,clean,0,0,0.00,0,0
76,48,3,3.61,1,2.90,136077,Y4,0.00/noise-like,0.00/noise-like,0,12.144,hump-note,0,0,0.00,0,0
76,49,3,1.78,1,2.23,152081,Y4,,,0,11.759,clean,0,0,0.00,0,0
76,50,3,1.88,1,2.31,155747,Y4,,,0,11.409,clean,0,0,0.00,0,0
76,51,3,1.80,1,2.55,727236,Y4,,,0,11.135,clean,0,0,0.00,0,0
76,52,3,2.10,1,2.35,390798,Y2,,,0,10.858,clean,0,0,0.00,0,0
76,53,3,2.28,1,2.24,90301,Y2,,,0,10.651,clean,0,0,0.00,0,0
76,54,3,2.05,1,2.34,1437485,Y2,,,0,10.299,clean,0,0,0.00,0,0
76,55,3,2.45,1,2.59,299513,Y2,,,0,9.826,clean,0,0,0.00,0,0
76,56,3,2.30,1,2.65,143141,Y4,,,0,9.190,clean,0,0,0.00,0,0
76,57,3,3.07,1,2.47,902295,Y2,0.24/noise-like,0.24/noise-like,0,8.513,hump-note,0,0,0.00,0,0
76,58,3,3.25,1,2.34,1173645,Y4,0.00/noise-like,0.00/noise-like,0,7.938,hump-note,0,0,0.00,0,0
76,59,3,0,-1,0,0,-,,,0,7.270,QUARANTINE:dark-lane range=60 distinct=60,0,0,0.00,0,0
76,60,3,0,-1,0,0,-,,,0,6.424,QUARANTINE:dark-lane range=58 distinct=57,0,0,0.00,0,0
76,61,3,0,-1,0,0,-,,,0,5.573,QUARANTINE:dark-lane range=46 distinct=47,0,0,0.00,0,0
76,62,3,0,-1,0,0,-,,,0,4.685,QUARANTINE:dark-lane range=39 distinct=40,0,0,0.00,0,0
76,63,3,0,-1,0,0,-,,,0,3.934,QUARANTINE:dark-lane range=32 distinct=33,0,0,0.00,0,0
77,0,3,2.54,1,2.37,483423,Y2,0.00/noise-like,0.00/noise-like,0,19.642,hump-note,0,0,0.00,0,0
77,1,3,1.39,348,2.40,1283258,Y4,,,0,19.581,clean,0,0,0.00,0,0
77,2,3,1.46,1,2.32,474036,Y4,,,0,19.566,clean,0,0,0.00,0,0
77,3,3,1.37,1228,2.28,1154959,Y4,,,0,19.647,clean,0,0,0.00,0,0
77,4,3,1.72,1,2.59,250250,Y2,,,0,19.769,clean,0,0,0.00,0,0
77,5,3,1.39,1,2.55,28968,Y2,,,0,19.558,clean,0,0,0.00,0,0
77,6,3,1.42,79,2.34,845879,Y4,,,0,19.283,clean,0,0,0.00,0,0
77,7,3,1.35,710,2.32,927687,Y4,,,0,19.096,clean,0,0,0.00,0,0
77,8,3,1.54,1,3.01,31203,Y4,0.24/noise-like,0.24/noise-like,0,18.804,FAM-HIT,0,0,0.00,0,0
77,9,3,1.47,906,2.49,940204,Y2,,,0,18.411,clean,0,0,0.00,0,0
77,10,3,1.49,1,2.42,928670,Y2,,,0,18.049,clean,0,0,0.00,0,0
77,11,3,1.54,1,2.42,1300424,Y2,,,0,17.665,clean,0,0,0.00,0,0
77,12,3,1.60,1,2.31,200361,Y2,,,0,17.170,clean,0,0,0.00,0,0
77,13,3,1.48,1,2.42,542521,Y2,,,0,16.743,clean,0,0,0.00,0,0
77,14,3,1.64,1,2.41,312299,Y4,,,0,16.430,clean,0,0,0.00,0,0
77,15,3,1.60,1,2.30,753522,Y4,,,0,16.235,clean,0,0,0.00,0,0
77,16,3,1.38,1,2.43,69559,Y2,,,0,16.288,clean,0,0,0.00,0,0
77,17,3,1.43,1,2.44,1227379,Y4,,,0,16.454,clean,0,0,0.00,0,0
77,18,3,1.51,799,2.48,48012,Y2,,,0,17.745,clean,0,0,0.00,0,0
77,19,3,1.49,1,2.55,390351,Y2,,,0,16.396,clean,0,0,0.00,0,0
77,20,3,1.49,1,2.46,972122,Y2,,,0,16.073,clean,0,0,0.00,0,0
77,21,3,1.62,1,2.56,1280755,Y4,,,0,15.957,clean,0,0,0.00,0,0
77,22,3,1.39,1,2.51,688970,Y2,,,0,15.933,clean,0,0,0.00,0,0
77,23,3,1.38,370,2.60,367105,Y2,,,0,15.910,clean,0,0,0.00,0,0
77,24,3,1.67,1,2.26,448108,Y2,,,0,15.832,clean,0,0,0.00,0,0
77,25,3,1.62,1,2.49,801444,Y2,,,0,15.420,clean,0,0,0.00,0,0
77,26,3,1.52,1,2.36,1353085,Y2,,,0,14.982,clean,0,0,0.00,0,0
77,27,3,1.92,1,2.44,1023978,Y2,,,0,14.959,clean,0,0,0.00,0,0
77,28,3,1.64,1,2.30,1004219,Y2,,,0,14.585,clean,0,0,0.00,0,0
77,29,3,1.48,1,2.36,747174,Y2,,,0,14.384,clean,0,0,0.00,0,0
77,30,3,1.60,1,2.48,352532,Y4,,,0,14.131,clean,0,0,0.00,0,0
77,31,3,1.57,1,2.41,1458943,Y4,,,0,13.883,clean,0,0,0.00,0,0
77,32,3,1.46,652,2.33,1329839,Y4,,,0,13.642,clean,0,0,0.00,0,0
77,33,3,1.99,1,2.37,37640,Y2,,,0,13.534,clean,0,0,0.00,0,0
77,34,3,1.88,1,2.32,1106143,Y2,,,0,13.476,clean,0,0,0.00,0,0
77,35,3,1.96,1,2.46,25481,Y4,,,0,13.591,clean,0,0,0.00,0,0
77,36,3,1.88,1,2.30,548601,Y2,,,0,13.660,clean,0,0,0.00,0,0
77,37,3,2.08,1,2.38,41038,Y4,,,0,13.617,clean,0,0,0.00,0,0
77,38,3,1.97,1,2.58,123113,Y4,,,0,13.512,clean,0,0,0.00,0,0
77,39,3,1.98,1,2.49,532418,Y2,,,0,13.430,clean,0,0,0.00,0,0
77,40,3,1.84,1,2.39,1262695,Y2,,,0,13.433,clean,0,0,0.00,0,0
77,41,3,1.80,1,2.47,1303107,Y4,,,0,13.397,clean,0,0,0.00,0,0
77,42,3,1.89,1,2.50,1272708,Y2,,,0,13.400,clean,0,0,0.00,0,0
77,43,3,1.73,1,2.56,65356,Y2,,,0,13.304,clean,0,0,0.00,0,0
77,44,3,1.63,1,2.50,308275,Y4,,,0,13.111,clean,0,0,0.00,0,0
77,45,3,1.63,1,2.35,1148075,Y2,,,0,12.935,clean,0,0,0.00,0,0
77,46,3,2.10,1,2.49,592589,Y4,,,0,12.754,clean,0,0,0.00,0,0
77,47,3,1.76,1,2.46,383377,Y2,,,0,12.517,clean,0,0,0.00,0,0
77,48,3,3.22,1,2.36,106394,Y2,0.24/noise-like,0.00/noise-like,0,12.163,hump-note,0,0,0.00,0,0
77,49,3,2.01,1,2.58,1185179,Y4,,,0,11.752,clean,0,0,0.00,0,0
77,50,3,1.84,1,2.26,1008153,Y2,,,0,11.427,clean,0,0,0.00,0,0
77,51,3,2.25,1,2.51,768989,Y4,,,0,11.116,clean,0,0,0.00,0,0
77,52,3,2.27,1,2.36,138313,Y4,,,0,10.860,clean,0,0,0.00,0,0
77,53,3,2.28,1,2.43,437200,Y2,,,0,10.633,clean,0,0,0.00,0,0
77,54,3,2.24,1,2.27,990003,Y2,,,0,10.306,clean,0,0,0.00,0,0
77,55,3,2.27,1,2.39,1044989,Y2,,,0,9.823,clean,0,0,0.00,0,0
77,56,3,2.75,1,2.54,306129,Y4,0.24/noise-like,0.24/noise-like,0,9.216,hump-note,0,0,0.00,0,0
77,57,3,2.38,1,2.26,334918,Y4,,,0,8.507,clean,0,0,0.00,0,0
77,58,3,3.11,1,2.48,1010120,Y2,0.24/noise-like,0.24/noise-like,0,7.933,hump-note,0,0,0.00,0,0
77,59,3,0,-1,0,0,-,,,0,7.252,QUARANTINE:dark-lane range=64 distinct=63,0,0,0.00,0,0
77,60,3,0,-1,0,0,-,,,0,6.434,QUARANTINE:dark-lane range=56 distinct=55,0,0,0.00,0,0
77,61,3,0,-1,0,0,-,,,0,5.569,QUARANTINE:dark-lane range=45 distinct=46,0,0,0.00,0,0
77,62,3,0,-1,0,0,-,,,0,4.691,QUARANTINE:dark-lane range=41 distinct=41,0,0,0.00,0,0
77,63,3,0,-1,0,0,-,,,0,3.939,QUARANTINE:dark-lane range=34 distinct=35,0,0,0.00,0,0
78,0,3,2.85,1,2.31,24140,Y4,0.24/noise-like,0.00/noise-like,0,19.643,hump-note,0,0,0.00,0,0
78,1,3,1.42,1,2.31,284314,Y2,,,0,19.580,clean,0,0,0.00,0,0
78,2,3,1.47,1,2.25,1023173,Y2,,,0,19.565,clean,0,0,0.00,0,0
78,3,3,1.43,360,2.34,353515,Y4,,,0,19.645,clean,0,0,0.00,0,0
78,4,3,1.33,330,2.44,752896,Y2,,,0,19.751,clean,0,0,0.00,0,0
78,5,3,1.42,960,2.70,1181692,Y4,,,0,19.544,clean,0,0,0.00,0,0
78,6,3,1.38,1476,2.26,999302,Y2,,,0,19.293,clean,0,0,0.00,0,0
78,7,3,1.35,1398,2.46,1280129,Y4,,,0,19.076,clean,0,0,0.00,0,0
78,8,3,1.48,1,2.26,1158804,Y4,,,0,18.743,clean,0,0,0.00,0,0
78,9,3,1.34,186,2.35,808775,Y2,,,0,18.422,clean,0,0,0.00,0,0
78,10,3,1.36,507,2.22,1362830,Y2,,,0,18.039,clean,0,0,0.00,0,0
78,11,3,1.39,1,2.39,1030236,Y4,,,0,17.673,clean,0,0,0.00,0,0
78,12,3,1.54,1,2.55,141442,Y4,,,0,17.185,clean,0,0,0.00,0,0
78,13,3,1.48,1,2.40,353068,Y4,,,0,16.739,clean,0,0,0.00,0,0
78,14,3,1.48,1,2.32,519454,Y4,,,0,16.458,clean,0,0,0.00,0,0
78,15,3,1.62,1,2.42,655174,Y2,,,0,16.253,clean,0,0,0.00,0,0
78,16,3,1.43,1,2.68,191063,Y4,,,1,16.314,clean,0,0,0.00,0,0
78,17,3,1.44,283,2.35,982761,Y2,,,0,16.457,clean,0,0,0.00,0,0
78,18,3,1.51,660,2.35,1325727,Y2,,,0,17.744,clean,0,0,0.00,0,0
78,19,3,1.45,1,2.39,364155,Y2,,,0,16.400,clean,0,0,0.00,0,0
78,20,3,1.58,1,2.24,1060456,Y4,,,0,16.083,clean,0,0,0.00,0,0
78,21,3,1.45,1,2.51,197321,Y4,,,0,15.942,clean,0,0,0.00,0,0
78,22,3,1.39,1,2.43,442207,Y4,,,0,15.924,clean,0,0,0.00,0,0
78,23,3,1.39,1,2.52,376403,Y4,,,0,15.904,clean,0,0,0.00,0,0
78,24,3,1.55,1,2.92,1053482,Y2,,,0,15.807,clean,0,0,0.00,0,0
78,25,3,1.47,1,2.31,342518,Y4,,,0,15.440,clean,0,0,0.00,0,0
78,26,3,1.63,1,2.44,1165152,Y2,,,0,14.984,clean,0,0,0.00,0,0
78,27,3,1.57,637,2.48,172108,Y2,,,0,14.945,clean,0,0,0.00,0,0
78,28,3,1.79,1,2.49,445694,Y4,,,0,14.600,clean,0,0,0.00,0,0
78,29,3,1.60,1,2.30,1204133,Y2,,,0,14.393,clean,0,0,0.00,0,0
78,30,3,2.04,1,2.39,830144,Y2,,,0,14.150,clean,0,0,0.00,0,0
78,31,3,1.71,1,2.27,396699,Y2,,,0,13.872,clean,0,0,0.00,0,0
78,32,3,1.40,477,2.44,1137346,Y2,,,0,13.650,clean,0,0,0.00,0,0
78,33,3,1.61,1,2.67,1344413,Y2,,,0,13.507,clean,0,0,0.00,0,0
78,34,3,1.66,1,2.61,1299351,Y4,,,0,13.516,clean,0,0,0.00,0,0
78,35,3,1.88,1,2.35,24050,Y2,,,0,13.589,clean,0,0,0.00,0,0
78,36,3,1.67,1,2.41,85384,Y2,,,0,13.680,clean,0,0,0.00,0,0
78,37,3,1.83,1,2.57,52661,Y2,,,0,13.629,clean,0,0,0.00,0,0
78,38,3,1.95,1,2.40,217438,Y2,,,0,13.503,clean,0,0,0.00,0,0
78,39,3,1.93,1,2.39,1277447,Y2,,,0,13.461,clean,0,0,0.00,0,0
78,40,3,1.80,1,2.66,1094252,Y2,,,0,13.429,clean,0,0,0.00,0,0
78,41,3,1.87,1,2.28,381500,Y4,,,0,13.395,clean,0,0,0.00,0,0
78,42,3,1.72,1,2.41,946730,Y4,,,0,13.373,clean,0,0,0.00,0,0
78,43,3,1.98,1,2.40,245512,Y4,,,0,13.320,clean,0,0,0.00,0,0
78,44,3,1.85,1,2.46,1248837,Y4,,,0,13.114,clean,0,0,0.00,0,0
78,45,3,1.79,1,2.50,1022637,Y2,,,0,12.912,clean,0,0,0.00,0,0
78,46,3,2.17,1,2.42,569433,Y2,,,0,12.745,clean,0,0,0.00,0,0
78,47,3,1.76,1,2.49,949502,Y4,,,0,12.509,clean,0,0,0.00,0,0
78,48,3,3.24,1,2.51,161916,Y4,0.24/noise-like,0.00/noise-like,0,12.149,hump-note,0,0,0.00,0,0
78,49,3,2.04,1,2.32,226557,Y4,,,0,11.772,clean,0,0,0.00,0,0
78,50,3,2.16,1,2.34,777215,Y2,,,0,11.428,clean,0,0,0.00,0,0
78,51,3,2.07,1,2.27,1339406,Y4,,,0,11.104,clean,0,0,0.00,0,0
78,52,3,1.95,1,2.53,952899,Y4,,,0,10.856,clean,0,0,0.00,0,0
78,53,3,1.95,1,2.21,93967,Y2,,,0,10.665,clean,0,0,0.00,0,0
78,54,3,2.38,1,2.23,369787,Y2,,,0,10.308,clean,0,0,0.00,0,0
78,55,3,2.47,1,2.40,30488,Y4,,,0,9.819,clean,0,0,0.00,0,0
78,56,3,2.82,1,2.76,490755,Y4,0.00/noise-like,0.00/noise-like,0,9.196,hump-note,0,0,0.00,0,0
78,57,3,2.51,1,2.57,858128,Y4,0.24/noise-like,0.00/noise-like,0,8.514,hump-note,0,0,0.00,0,0
78,58,3,3.32,1,2.31,971496,Y2,0.00/noise-like,0.24/noise-like,0,7.938,hump-note,0,0,0.00,0,0
78,59,3,0,-1,0,0,-,,,0,7.270,QUARANTINE:dark-lane range=63 distinct=61,0,0,0.00,0,0
78,60,3,0,-1,0,0,-,,,0,6.422,QUARANTINE:dark-lane range=56 distinct=55,0,0,0.00,0,0
78,61,3,0,-1,0,0,-,,,0,5.573,QUARANTINE:dark-lane range=50 distinct=47,0,0,0.00,0,0
78,62,3,0,-1,0,0,-,,,0,4.687,QUARANTINE:dark-lane range=42 distinct=41,0,0,0.00,0,0
78,63,3,0,-1,0,0,-,,,0,3.933,QUARANTINE:dark-lane range=34 distinct=34,0,0,0.00,0,0
79,0,3,2.99,1,2.55,672340,Y2,0.00/noise-like,0.00/noise-like,0,19.645,hump-note,0,0,0.00,0,0
79,1,3,1.35,1,2.42,1157373,Y4,,,0,19.579,clean,0,0,0.00,0,0
79,2,3,1.56,1,2.44,740021,Y2,,,0,19.559,clean,0,0,0.00,0,0
79,3,3,1.43,1,2.77,897914,Y2,,,0,19.623,clean,0,0,0.00,0,0
79,4,3,1.40,807,2.28,777930,Y2,,,0,19.784,clean,0,0,0.00,0,0
79,5,3,1.37,1120,2.52,487983,Y4,,,0,19.539,clean,0,0,0.00,0,0
79,6,3,1.54,1476,2.43,578642,Y2,,,0,19.263,clean,0,0,0.00,0,0
79,7,3,1.37,876,2.33,1141101,Y2,,,0,19.058,clean,0,0,0.00,0,0
79,8,3,1.50,1,2.29,1291662,Y2,,,0,18.823,clean,0,0,0.00,0,0
79,9,3,1.36,1,2.65,777125,Y4,,,0,18.401,clean,0,0,0.00,0,0
79,10,3,1.34,1463,2.63,828981,Y2,,,0,18.082,clean,0,0,0.00,0,0
79,11,3,1.45,873,2.47,278860,Y2,,,0,17.672,clean,0,0,0.00,0,0
79,12,3,1.47,1,2.50,188023,Y4,,,0,17.211,clean,0,0,0.00,0,0
79,13,3,1.40,1,2.29,1191348,Y4,,,0,16.721,clean,0,0,0.00,0,0
79,14,3,1.45,1,2.40,1260370,Y2,,,0,16.431,clean,0,0,0.00,0,0
79,15,3,1.68,1,2.27,1390189,Y4,,,0,16.214,clean,0,0,0.00,0,0
79,16,3,1.33,864,2.47,931442,Y2,,,0,16.281,clean,0,0,0.00,0,0
79,17,3,1.41,1,2.52,1328856,Y4,,,0,16.457,clean,0,0,0.00,0,0
79,18,3,1.51,799,2.37,926614,Y2,,,0,17.729,clean,0,0,0.00,0,0
79,19,3,1.79,1,2.50,702828,Y4,,,0,16.399,clean,0,0,0.00,0,0
79,20,3,1.51,1,2.71,412971,Y4,,,0,16.084,clean,0,0,0.00,0,0
79,21,3,1.43,1,2.31,1440078,Y2,,,0,15.935,clean,0,0,0.00,0,0
79,22,3,1.48,1,2.57,1024336,Y4,,,0,15.926,clean,0,0,0.00,0,0
79,23,3,1.47,624,2.34,533402,Y4,,,0,15.893,clean,0,0,0.00,0,0
79,24,3,1.65,1,2.59,466526,Y4,,,0,15.802,clean,0,0,0.00,0,0
79,25,3,1.72,1,2.36,692010,Y4,,,0,15.431,clean,0,0,0.00,0,0
79,26,3,1.54,1,2.56,882179,Y4,,,0,15.007,clean,0,0,0.00,0,0
79,27,3,1.72,652,2.72,838727,Y2,,,0,14.942,clean,0,0,0.00,0,0
79,28,3,1.67,1,2.21,294149,Y2,,,0,14.560,clean,0,0,0.00,0,0
79,29,3,1.70,1,2.53,598401,Y4,,,0,14.369,clean,0,0,0.00,0,0
79,30,3,1.67,1,2.25,805646,Y2,,,0,14.137,clean,0,0,0.00,0,0
79,31,3,1.49,1,2.57,169605,Y4,,,0,13.846,clean,0,0,0.00,0,0
79,32,3,1.35,636,2.38,61423,Y4,,,0,13.617,clean,0,0,0.00,0,0
79,33,3,1.92,1,2.61,1464844,Y4,,,0,13.520,clean,0,0,0.00,0,0
79,34,3,1.79,1,2.57,1195103,Y2,,,0,13.490,clean,0,0,0.00,0,0
79,35,3,1.86,1,2.67,590712,Y4,,,0,13.581,clean,0,0,0.00,0,0
79,36,3,1.59,1,2.56,340909,Y2,,,0,13.670,clean,0,0,0.00,0,0
79,37,3,1.86,1,2.40,1020670,Y4,,,0,13.644,clean,0,0,0.00,0,0
79,38,3,1.85,1,2.41,709713,Y4,,,0,13.523,clean,0,0,0.00,0,0
79,39,3,1.67,1,2.45,489146,Y2,,,0,13.442,clean,0,0,0.00,0,0
79,40,3,2.00,1,2.44,558883,Y2,,,0,13.417,clean,0,0,0.00,0,0
79,41,3,1.86,1,2.45,592679,Y4,,,0,13.410,clean,0,0,0.00,0,0
79,42,3,1.96,1,2.35,1347989,Y4,,,0,13.369,clean,0,0,0.00,0,0
79,43,3,1.83,1,2.30,842035,Y2,,,0,13.305,clean,0,0,0.00,0,0
79,44,3,1.99,1,2.36,1165241,Y2,,,0,13.104,clean,0,0,0.00,0,0
79,45,3,2.00,1,2.41,757366,Y4,,,0,12.925,clean,0,0,0.00,0,0
79,46,3,1.67,1,2.61,1182586,Y4,,,0,12.762,clean,0,0,0.00,0,0
79,47,3,1.77,1,2.65,963539,Y2,,,0,12.526,clean,0,0,0.00,0,0
79,48,3,3.03,1,2.47,960588,Y2,0.00/noise-like,0.00/noise-like,0,12.139,hump-note,0,0,0.00,0,0
79,49,3,2.15,1,2.59,598311,Y2,,,0,11.749,clean,0,0,0.00,0,0
79,50,3,2.18,1,2.31,302374,Y2,,,0,11.423,clean,0,0,0.00,0,0
79,51,3,2.12,1,2.31,969529,Y2,,,0,11.109,clean,0,0,0.00,0,0
79,52,3,2.34,1,2.44,838190,Y4,,,0,10.882,clean,0,0,0.00,0,0
79,53,3,2.11,1,2.23,476450,Y2,,,0,10.658,clean,0,0,0.00,0,0
79,54,3,2.36,1,2.39,1186252,Y2,,,0,10.304,clean,0,0,0.00,0,0
79,55,3,2.48,1,2.33,962198,Y2,,,0,9.824,clean,0,0,0.00,0,0
79,56,3,2.74,1,2.50,1204759,Y4,0.00/noise-like,0.24/noise-like,0,9.183,hump-note,0,0,0.00,0,0
79,57,3,2.68,1,2.39,1153618,Y2,0.00/noise-like,0.00/noise-like,0,8.507,hump-note,0,0,0.00,0,0
79,58,3,3.09,1,2.60,157803,Y2,0.00/noise-like,0.00/noise-like,0,7.915,hump-note,0,0,0.00,0,0
79,59,3,0,-1,0,0,-,,,0,7.242,QUARANTINE:dark-lane range=64 distinct=63,0,0,0.00,0,0
79,60,3,0,-1,0,0,-,,,0,6.430,QUARANTINE:dark-lane range=61 distinct=55,0,0,0.00,0,0
79,61,3,0,-1,0,0,-,,,0,5.575,QUARANTINE:dark-lane range=45 distinct=46,0,0,0.00,0,0
79,62,3,0,-1,0,0,-,,,0,4.690,QUARANTINE:dark-lane range=41 distinct=41,0,0,0.00,0,0
79,63,3,0,-1,0,0,-,,,0,3.933,QUARANTINE:dark-lane range=34 distinct=35,0,0,0.00,0,0
80,0,3,2.27,1,2.46,625223,Y2,,,0,19.650,clean,0,0,0.00,0,0
80,1,3,1.37,1,2.72,701040,Y2,,,0,19.581,clean,0,0,0.00,0,0
80,2,3,1.39,91,2.61,1290143,Y2,,,0,19.526,clean,0,0,0.00,0,0
80,3,3,1.42,1,2.55,1431584,Y4,,,0,19.667,clean,0,0,0.00,0,0
80,4,3,1.39,1,2.23,783026,Y2,,,0,19.781,clean,0,0,0.00,0,0
80,5,3,1.37,515,2.18,150830,Y2,,,0,19.556,clean,0,0,0.00,0,0
80,6,3,1.49,1,2.40,719190,Y4,,,0,19.299,clean,0,0,0.00,0,0
80,7,3,1.58,1,2.62,24587,Y2,,,0,19.099,clean,0,0,0.00,0,0
80,8,3,1.40,881,2.57,1242667,Y4,,,0,18.803,clean,0,0,0.00,0,0
80,9,3,1.44,703,2.39,365049,Y2,,,0,18.419,clean,0,0,0.00,0,0
80,10,3,1.46,1,2.31,1239628,Y4,,,0,18.104,clean,0,0,0.00,0,0
80,11,3,1.38,218,2.38,243366,Y2,,,0,17.677,clean,0,0,0.00,0,0
80,12,3,1.72,1,2.34,905693,Y4,,,0,17.178,clean,0,0,0.00,0,0
80,13,3,1.43,1,2.27,56684,Y2,,,0,16.729,clean,0,0,0.00,0,0
80,14,3,1.64,1,2.38,231564,Y4,,,0,16.407,clean,0,0,0.00,0,0
80,15,3,1.37,1,2.67,23961,Y2,,,0,16.244,clean,0,0,0.00,0,0
80,16,3,1.41,1,2.45,1043826,Y2,,,0,16.294,clean,0,0,0.00,0,0
80,17,3,1.34,657,2.48,1377940,Y2,,,0,16.459,clean,0,0,0.00,0,0
80,18,3,1.54,685,2.25,457317,Y2,,,0,17.766,clean,0,0,0.00,0,0
80,19,3,1.58,1,2.45,373274,Y4,,,0,16.393,clean,0,0,0.00,0,0
80,20,3,1.40,1,2.27,1069754,Y4,,,0,16.081,clean,0,0,0.00,0,0
80,21,3,1.51,1,2.35,152260,Y2,,,0,15.956,clean,0,0,0.00,0,0
80,22,3,1.53,1,2.48,1024336,Y2,,,0,15.945,clean,0,0,0.00,0,0
80,23,3,1.61,1,2.36,1247138,Y4,,,0,15.890,clean,0,0,0.00,0,0
80,24,3,1.67,1,2.63,372738,Y2,,,0,15.812,clean,0,0,0.00,0,0
80,25,3,1.74,1,2.51,1429439,Y4,,,0,15.409,clean,0,0,0.00,0,0
80,26,3,1.65,1,2.69,256687,Y4,,,0,14.993,clean,0,0,0.00,0,0
80,27,3,1.57,607,2.59,651240,Y4,,,0,14.959,clean,0,0,0.00,0,0
80,28,3,1.84,1,2.27,1195908,Y2,,,0,14.604,clean,0,0,0.00,0,0
80,29,3,1.58,1,2.72,873417,Y4,,,0,14.404,clean,0,0,0.00,0,0
80,30,3,1.59,1,2.61,1187682,Y2,,,0,14.167,clean,0,0,0.00,0,0
80,31,3,1.61,1,2.25,141352,Y4,,,0,13.861,clean,0,0,0.00,0,0
80,32,3,1.50,1,2.28,1145393,Y2,,,0,13.632,clean,0,0,0.00,0,0
80,33,3,1.39,1,2.20,21458,Y2,,,0,13.528,clean,0,0,0.00,0,0
80,34,3,1.73,1,2.44,1009136,Y2,,,0,13.489,clean,0,0,0.00,0,0
80,35,3,1.59,1,2.40,228077,Y2,,,0,13.565,clean,0,0,0.00,0,0
80,36,3,1.70,1,2.36,996977,Y4,,,0,13.665,clean,0,0,0.00,0,0
80,37,3,1.79,1,2.35,105411,Y4,,,0,13.631,clean,0,0,0.00,0,0
80,38,3,1.54,1,2.42,140011,Y2,,,0,13.503,clean,0,0,0.00,0,0
80,39,3,1.53,1,2.37,763625,Y2,,,0,13.452,clean,0,0,0.00,0,0
80,40,3,1.74,1,2.37,216901,Y4,,,0,13.414,clean,0,0,0.00,0,0
80,41,3,1.81,1,2.18,1444101,Y4,,,0,13.394,clean,0,0,0.00,0,0
80,42,3,1.77,1,2.72,1401186,Y4,,,0,13.405,clean,0,0,0.00,0,0
80,43,3,1.88,1,2.61,880301,Y4,,,0,13.277,clean,0,0,0.00,0,0
80,44,3,1.84,1,2.53,325710,Y2,,,0,13.100,clean,0,0,0.00,0,0
80,45,3,2.12,1,2.42,190437,Y2,,,0,12.915,clean,0,0,0.00,0,0
80,46,3,1.80,1,2.57,677615,Y4,,,0,12.769,clean,0,0,0.00,0,0
80,47,3,1.66,1,2.32,1140207,Y4,,,0,12.509,clean,0,0,0.00,0,0
80,48,3,3.38,1,2.62,857055,Y4,0.24/noise-like,0.00/noise-like,0,12.143,hump-note,0,0,0.00,0,0
80,49,3,2.13,1,2.42,247926,Y2,,,0,11.736,clean,0,0,0.00,0,0
80,50,3,2.20,1,2.37,715256,Y2,,,0,11.408,clean,0,0,0.00,0,0
80,51,3,2.25,1,2.39,819594,Y2,,,0,11.120,clean,0,0,0.00,0,0
80,52,3,1.97,1,2.51,123024,Y2,,,0,10.872,clean,0,0,0.00,0,0
80,53,3,2.11,1,2.20,453115,Y2,,,0,10.663,clean,0,0,0.00,0,0
80,54,3,2.24,1,2.37,594646,Y4,,,0,10.310,clean,0,0,0.00,0,0
80,55,3,2.26,1,2.36,469834,Y4,,,0,9.798,clean,0,0,0.00,0,0
80,56,3,2.65,1,2.24,20474,Y2,0.00/noise-like,0.24/noise-like,0,9.184,hump-note,0,0,0.00,0,0
80,57,3,2.90,1,2.45,136077,Y4,0.00/noise-like,0.00/noise-like,0,8.506,hump-note,0,0,0.00,0,0
80,58,3,2.92,1,2.48,261605,Y4,0.00/noise-like,0.00/noise-like,0,7.928,hump-note,0,0,0.00,0,0
80,59,3,3.10,1,2.38,981957,Y2,0.00/noise-like,0.24/noise-like,0,7.265,hump-note,0,0,0.00,0,0
80,60,3,0,-1,0,0,-,,,0,6.428,QUARANTINE:dark-lane range=56 distinct=55,0,0,0.00,0,0
80,61,3,0,-1,0,0,-,,,0,5.577,QUARANTINE:dark-lane range=48 distinct=48,0,0,0.00,0,0
80,62,3,0,-1,0,0,-,,,0,4.696,QUARANTINE:dark-lane range=39 distinct=40,0,0,0.00,0,0
80,63,3,0,-1,0,0,-,,,0,3.929,QUARANTINE:dark-lane range=34 distinct=35,0,0,0.00,0,0
81,0,3,2.05,1,2.35,387222,Y4,,,0,19.659,clean,0,0,0.00,0,0
81,1,3,1.40,1,2.26,240684,Y4,,,0,19.582,clean,0,0,0.00,0,0
81,2,3,1.45,1,2.70,1403242,Y4,,,0,19.556,clean,0,0,0.00,0,0
81,3,3,1.43,1,2.46,1091123,Y2,,,0,19.679,clean,0,0,0.00,0,0
81,4,3,1.39,1,2.53,1436144,Y4,,,0,19.787,clean,0,0,0.00,0,0
81,5,3,1.53,1251,2.50,1134843,Y2,,,0,19.549,clean,0,0,0.00,0,0
81,6,3,1.33,1297,2.30,438452,Y2,,,0,19.273,clean,0,0,0.00,0,0
81,7,3,1.38,1,2.34,312746,Y4,,,0,19.098,clean,0,0,0.00,0,0
81,8,3,1.52,1,2.41,68218,Y4,,,0,18.822,clean,0,0,0.00,0,0
81,9,3,1.50,1,2.30,169963,Y4,,,0,18.388,clean,0,0,0.00,0,0
81,10,3,1.57,1,2.27,792235,Y2,,,0,18.093,clean,0,0,0.00,0,0
81,11,3,1.53,1,2.48,986695,Y4,,,0,17.667,clean,0,0,0.00,0,0
81,12,3,1.54,1,2.44,703365,Y2,,,0,17.187,clean,0,0,0.00,0,0
81,13,3,1.43,1,2.44,1253396,Y2,,,0,16.721,clean,0,0,0.00,0,0
81,14,3,1.35,1262,2.45,923842,Y2,,,0,16.452,clean,0,0,0.00,0,0
81,15,3,1.59,1,2.36,680476,Y2,,,0,16.249,clean,0,0,0.00,0,0
81,16,3,1.61,1,2.37,824779,Y4,,,0,16.300,clean,0,0,0.00,0,0
81,17,3,1.66,1,2.32,1233548,Y4,,,0,16.477,clean,0,0,0.00,0,0
81,18,3,1.50,780,2.37,177205,Y4,,,0,17.697,clean,0,0,0.00,0,0
81,19,3,1.34,1427,2.28,942618,Y4,,,0,16.409,clean,0,0,0.00,0,0
81,20,3,1.56,1,2.61,1312941,Y2,,,0,16.092,clean,0,0,0.00,0,0
81,21,3,1.57,1,2.31,211716,Y4,,,0,15.930,clean,0,0,0.00,0,0
81,22,3,1.66,1,2.33,1080394,Y2,,,0,15.913,clean,0,0,0.00,0,0
81,23,3,1.39,1,2.52,514895,Y2,,,0,15.919,clean,0,0,0.00,0,0
81,24,3,1.74,1,2.42,1182050,Y2,,,0,15.801,clean,0,0,0.00,0,0
81,25,3,1.62,1,2.41,1447856,Y4,,,0,15.407,clean,0,0,0.00,0,0
81,26,3,1.59,1,2.40,469834,Y4,,,0,15.008,clean,0,0,0.00,0,0
81,27,3,1.66,1,2.58,560224,Y4,,,0,14.972,clean,0,0,0.00,0,0
81,28,3,1.60,1,2.44,66876,Y2,,,0,14.558,clean,0,0,0.00,0,0
81,29,3,1.80,1,2.30,570685,Y2,,,0,14.366,clean,0,0,0.00,0,0
81,30,3,1.81,1,2.38,852138,Y2,,,0,14.153,clean,0,0,0.00,0,0
81,31,3,1.35,1,2.49,757635,Y2,,,0,13.874,clean,0,0,0.00,0,0
81,32,3,1.39,1140,2.43,86725,Y2,,,0,13.639,clean,0,0,0.00,0,0
81,33,3,1.77,1,2.50,689238,Y2,,,1,13.521,clean,0,0,0.00,0,0
81,34,3,1.75,1,2.60,596523,Y2,,,0,13.498,clean,0,0,0.00,0,0
81,35,3,1.80,1,2.47,1240522,Y2,,,0,13.577,clean,0,0,0.00,0,0
81,36,3,1.78,1,2.54,38177,Y4,,,0,13.662,clean,0,0,0.00,0,0
81,37,3,1.70,1,2.43,464380,Y2,,,0,13.628,clean,0,0,0.00,0,0
81,38,3,1.83,1,2.41,1399040,Y2,,,0,13.522,clean,0,0,0.00,0,0
81,39,3,2.00,1,2.53,21189,Y2,,,0,13.451,clean,0,0,0.00,0,0
81,40,3,1.97,1,2.24,1351833,Y4,,,0,13.414,clean,0,0,0.00,0,0
81,41,3,1.90,1,2.47,324458,Y2,,,0,13.398,clean,0,0,0.00,0,0
81,42,3,1.62,1,2.41,486642,Y2,,,0,13.409,clean,0,0,0.00,0,0
81,43,3,1.60,1,2.36,1280218,Y4,,,0,13.306,clean,0,0,0.00,0,0
81,44,3,1.87,1,2.37,1133502,Y4,,,0,13.111,clean,0,0,0.00,0,0
81,45,3,1.68,1,2.32,1343250,Y4,,,0,12.929,clean,0,0,0.00,0,0
81,46,3,1.96,1,2.26,1272351,Y2,,,0,12.757,clean,0,0,0.00,0,0
81,47,3,1.93,1,2.39,233352,Y4,,,0,12.490,clean,0,0,0.00,0,0
81,48,3,3.60,1,2.51,213414,Y4,0.24/noise-like,0.00/noise-like,0,12.143,hump-note,0,0,0.00,0,0
81,49,3,1.93,1,2.35,806898,Y2,,,0,11.764,clean,0,0,0.00,0,0
81,50,3,2.05,1,2.37,1154065,Y4,,,0,11.429,clean,0,0,0.00,0,0
81,51,3,2.20,1,2.43,1345128,Y4,,,0,11.109,clean,0,0,0.00,0,0
81,52,3,2.09,1,2.26,129461,Y4,,,0,10.882,clean,0,0,0.00,0,0
81,53,3,1.91,1,2.36,87976,Y4,,,0,10.648,clean,0,0,0.00,0,0
81,54,3,2.23,1,2.28,936002,Y2,,,0,10.302,clean,0,0,0.00,0,0
81,55,3,2.41,1,2.37,269204,Y2,,,0,9.816,clean,0,0,0.00,0,0
81,56,3,2.52,1,2.40,206977,Y2,0.00/noise-like,0.24/noise-like,0,9.213,hump-note,0,0,0.00,0,0
81,57,3,3.05,1,2.26,1224786,Y4,0.00/noise-like,0.24/noise-like,0,8.515,hump-note,0,0,0.00,0,0
81,58,3,3.23,1,2.28,1119912,Y2,0.00/noise-like,0.00/noise-like,0,7.912,hump-note,0,0,0.00,0,0
81,59,3,0,-1,0,0,-,,,0,7.252,QUARANTINE:dark-lane range=66 distinct=63,0,0,0.00,0,0
81,60,3,0,-1,0,0,-,,,0,6.425,QUARANTINE:dark-lane range=54 distinct=54,0,0,0.00,0,0
81,61,3,0,-1,0,0,-,,,0,5.575,QUARANTINE:dark-lane range=47 distinct=46,0,0,0.00,0,0
81,62,3,0,-1,0,0,-,,,0,4.691,QUARANTINE:dark-lane range=39 distinct=40,0,0,0.00,0,0
81,63,3,0,-1,0,0,-,,,0,3.935,QUARANTINE:dark-lane range=36 distinct=36,0,0,0.00,0,0
82,0,3,2.40,1,2.40,91821,Y4,,,0,19.607,clean,0,0,0.00,0,0
82,1,3,1.43,1,2.54,396430,Y4,,,0,19.576,clean,0,0,0.00,0,0
82,2,3,1.59,1,2.30,83148,Y4,,,0,19.561,clean,0,0,0.00,0,0
82,3,3,1.49,1,2.56,1356572,Y2,,,0,19.683,clean,0,0,0.00,0,0
82,4,3,1.49,1,2.62,293612,Y4,,,0,19.793,clean,0,0,0.00,0,0
82,5,3,1.50,1,2.47,983387,Y4,,,0,19.536,clean,0,0,0.00,0,0
82,6,3,1.46,1476,2.35,285745,Y2,,,0,19.295,clean,0,0,0.00,0,0
82,7,3,1.34,1097,2.32,500143,Y2,,,0,19.053,clean,0,0,0.00,0,0
82,8,3,1.35,777,2.57,179261,Y2,,,0,18.808,clean,0,0,0.00,0,0
82,9,3,1.38,1280,2.33,169158,Y4,,,0,18.411,clean,0,0,0.00,0,0
82,10,3,1.39,1102,2.77,470191,Y4,,,0,18.059,clean,0,0,0.00,0,0
82,11,3,1.35,664,2.36,635952,Y4,,,0,17.656,clean,0,0,0.00,0,0
82,12,3,1.36,1,2.42,1236320,Y4,,,0,17.227,clean,0,0,0.00,0,0
82,13,3,1.65,1,2.50,1141012,Y4,,,0,16.716,clean,0,0,0.00,0,0
82,14,3,1.54,1,2.34,714540,Y2,,,0,16.414,clean,0,0,0.00,0,0
82,15,3,1.48,1,2.38,377208,Y4,,,0,16.252,clean,0,0,0.00,0,0
82,16,3,1.37,1120,2.64,797242,Y2,,,0,16.305,clean,0,0,0.00,0,0
82,17,3,1.44,1,2.39,183731,Y4,,,0,16.494,clean,0,0,0.00,0,0
82,18,3,1.53,607,2.47,584364,Y2,,,0,17.714,clean,0,0,0.00,0,0
82,19,3,1.38,1374,2.27,141799,Y2,,,0,16.404,clean,0,0,0.00,0,0
82,20,3,1.53,1,2.81,622809,Y2,,,0,16.081,clean,0,0,0.00,0,0
82,21,3,1.55,1,2.41,1224339,Y2,,,0,15.939,clean,0,0,0.00,0,0
82,22,3,1.47,1,2.38,1346022,Y2,,,0,15.938,clean,0,0,0.00,0,0
82,23,3,1.68,1,2.25,544310,Y2,,,0,15.902,clean,0,0,0.00,0,0
82,24,3,1.69,1,2.36,405103,Y4,,,0,15.794,clean,0,0,0.00,0,0
82,25,3,1.56,1,2.34,171661,Y2,,,0,15.427,clean,0,0,0.00,0,0
82,26,3,1.64,1,2.38,1079410,Y4,,,0,14.998,clean,0,0,0.00,0,0
82,27,3,1.63,634,2.41,1219779,Y4,,,0,14.945,clean,0,0,0.00,0,0
82,28,3,1.61,1,2.33,61601,Y2,,,0,14.591,clean,0,0,0.00,0,0
82,29,3,1.51,1,2.38,741005,Y2,,,0,14.401,clean,0,0,0.00,0,0
82,30,3,1.66,1,2.29,51230,Y2,,,0,14.134,clean,0,0,0.00,0,0
82,31,3,1.54,1,2.52,811279,Y4,,,0,13.871,clean,0,0,0.00,0,0
82,32,3,1.45,1272,2.43,1382679,Y4,,,0,13.643,clean,0,0,0.00,0,0
82,33,3,1.71,1,2.68,830948,Y2,,,0,13.517,clean,0,0,0.00,0,0
82,34,3,1.79,1,2.35,300854,Y2,,,0,13.515,clean,0,0,0.00,0,0
82,35,3,2.05,1,2.29,1114458,Y4,,,0,13.574,clean,0,0,0.00,0,0
82,36,3,1.73,1,2.34,1113206,Y4,,,0,13.669,clean,0,0,0.00,0,0
82,37,3,1.79,1,2.42,1130551,Y4,,,0,13.657,clean,0,0,0.00,0,0
82,38,3,2.02,1,2.24,193387,Y4,,,0,13.502,clean,0,0,0.00,0,0
82,39,3,1.71,1,2.35,1319736,Y2,,,0,13.468,clean,0,0,0.00,0,0
82,40,3,1.74,1,2.77,733584,Y2,,,0,13.397,clean,0,0,0.00,0,0
82,41,3,2.01,1,2.23,677884,Y4,,,0,13.398,clean,0,0,0.00,0,0
82,42,3,2.04,1,2.46,1165241,Y2,,,0,13.378,clean,0,0,0.00,0,0
82,43,3,1.77,1,2.45,418961,Y2,,,0,13.313,clean,0,0,0.00,0,0
82,44,3,1.81,1,2.43,747979,Y2,,,0,13.065,clean,0,0,0.00,0,0
82,45,3,1.63,1,2.54,782669,Y2,,,0,12.955,clean,0,0,0.00,0,0
82,46,3,1.77,1,2.58,627905,Y2,,,0,12.745,clean,0,0,0.00,0,0
82,47,3,1.87,1,2.57,1441777,Y4,,,0,12.513,clean,0,0,0.00,0,0
82,48,3,3.19,1,2.45,1275212,Y4,0.24/noise-like,0.00/noise-like,0,12.141,hump-note,0,0,0.00,0,0
82,49,3,2.27,1,2.33,44346,Y2,,,0,11.761,clean,0,0,0.00,0,0
82,50,3,1.88,1,2.47,1290053,Y4,,,0,11.437,clean,0,0,0.00,0,0
82,51,3,2.11,1,2.50,283241,Y2,,,0,11.123,clean,0,0,0.00,0,0
82,52,3,1.87,1,2.58,833362,Y4,,,0,10.855,clean,0,0,0.00,0,0
82,53,3,2.14,1,2.40,687718,Y4,,,0,10.667,clean,0,0,0.00,0,0
82,54,3,2.13,1,2.43,1221478,Y2,,,0,10.300,clean,0,0,0.00,0,0
82,55,3,2.33,1,2.66,75370,Y4,,,0,9.811,clean,0,0,0.00,0,0
82,56,3,2.69,1,2.24,519186,Y2,0.00/noise-like,0.00/noise-like,0,9.189,hump-note,0,0,0.00,0,0
82,57,3,3.16,1,2.31,1139671,Y2,0.24/noise-like,0.00/noise-like,0,8.522,hump-note,0,0,0.00,0,0
82,58,3,3.03,1,2.64,1423985,Y4,0.00/noise-like,0.00/noise-like,0,7.918,hump-note,0,0,0.00,0,0
82,59,3,0,-1,0,0,-,,,0,7.279,QUARANTINE:dark-lane range=65 distinct=61,0,0,0.00,0,0
82,60,3,0,-1,0,0,-,,,0,6.435,QUARANTINE:dark-lane range=59 distinct=57,0,0,0.00,0,0
82,61,3,0,-1,0,0,-,,,0,5.575,QUARANTINE:dark-lane range=49 distinct=48,0,0,0.00,0,0
82,62,3,0,-1,0,0,-,,,0,4.690,QUARANTINE:dark-lane range=39 distinct=40,0,0,0.00,0,0
82,63,3,0,-1,0,0,-,,,0,3.931,QUARANTINE:dark-lane range=34 distinct=35,0,0,0.00,0,0
83,0,3,2.78,1,2.33,472784,Y4,0.00/noise-like,0.00/noise-like,0,19.624,hump-note,0,0,0.00,0,0
83,1,3,1.64,1,2.26,298798,Y4,,,0,19.578,clean,0,0,0.00,0,0
83,2,3,1.61,1,2.59,649452,Y2,,,0,19.532,clean,0,0,0.00,0,0
83,3,3,1.44,1,2.35,506669,Y2,,,0,19.635,clean,0,0,0.00,0,0
83,4,3,1.48,1,2.53,922948,Y4,,,0,19.771,clean,0,0,0.00,0,0
83,5,3,1.38,1188,2.55,1319557,Y2,,,0,19.547,clean,0,0,0.00,0,0
83,6,3,1.57,1476,2.39,469565,Y2,,,0,19.295,clean,0,0,0.00,0,0
83,7,3,1.43,1,2.29,1391888,Y4,,,0,19.076,clean,0,0,0.00,0,0
83,8,3,1.44,1,2.38,232726,Y4,,,0,18.800,clean,0,0,0.00,0,0
83,9,3,1.41,1,2.50,116050,Y4,,,0,18.434,clean,0,0,0.00,0,0
83,10,3,1.58,1,2.32,660449,Y2,,,0,18.066,clean,0,0,0.00,0,0
83,11,3,1.52,1,2.30,1015395,Y4,,,0,17.684,clean,0,0,0.00,0,0
83,12,3,1.61,1,2.34,54270,Y4,,,0,17.184,clean,0,0,0.00,0,0
83,13,3,1.62,1,2.30,1303464,Y4,,,0,16.720,clean,0,0,0.00,0,0
83,14,3,1.60,1,2.25,1126081,Y4,,,0,16.442,clean,0,0,0.00,0,0
83,15,3,1.46,1,2.55,1033366,Y2,,,0,16.251,clean,0,0,0.00,0,0
83,16,3,1.43,1,2.52,673682,Y4,,,0,16.288,clean,0,0,0.00,0,0
83,17,3,1.41,1,2.36,861704,Y4,,,0,16.456,clean,0,0,0.00,0,0
83,18,3,1.49,705,2.33,556558,Y4,,,0,17.702,clean,0,0,0.00,0,0
83,19,3,1.70,1,2.44,614226,Y4,,,0,16.381,clean,0,0,0.00,0,0
83,20,3,1.73,1,2.35,43094,Y4,,,0,16.090,clean,0,0,0.00,0,0
83,21,3,1.50,1,2.41,10818,Y2,,,0,15.921,clean,0,0,0.00,0,0
83,22,3,1.79,1,2.51,1233816,Y4,,,0,15.954,clean,0,0,0.00,0,0
83,23,3,1.59,1,2.30,80377,Y4,,,0,15.900,clean,0,0,0.00,0,0
83,24,3,1.47,1,2.46,66072,Y2,,,0,15.834,clean,0,0,0.00,0,0
83,25,3,1.49,1,2.43,352174,Y2,,,0,15.420,clean,0,0,0.00,0,0
83,26,3,1.80,1,2.36,633806,Y2,,,0,14.991,clean,0,0,0.00,0,0
83,27,3,1.77,1,2.60,646770,Y4,,,0,14.951,clean,0,0,0.00,0,0
83,28,3,1.60,1,2.19,487804,Y2,,,0,14.593,clean,0,0,0.00,0,0
83,29,3,1.84,1,2.23,1272261,Y4,,,0,14.392,clean,0,0,0.00,0,0
83,30,3,1.77,1,2.35,859290,Y2,,,0,14.157,clean,0,0,0.00,0,0
83,31,3,1.43,1,2.52,116855,Y2,,,0,13.882,clean,0,0,0.00,0,0
83,32,3,1.36,1040,2.39,909179,Y4,,,0,13.630,clean,0,0,0.00,0,0
83,33,3,1.70,1,2.19,514805,Y4,,,0,13.505,clean,0,0,0.00,0,0
83,34,3,2.09,1,2.42,148505,Y4,,,0,13.499,clean,0,0,0.00,0,0
83,35,3,1.92,1,2.30,960946,Y2,,,0,13.559,clean,0,0,0.00,0,0
83,36,3,1.79,1,2.54,1332611,Y4,,,0,13.683,clean,0,0,0.00,0,0
83,37,3,1.59,1,2.46,1437217,Y4,,,0,13.640,clean,0,0,0.00,0,0
83,38,3,1.95,1,2.24,513017,Y2,,,0,13.507,clean,0,0,0.00,0,0
83,39,3,1.64,1,2.24,686020,Y4,,,0,13.452,clean,0,0,0.00,0,0
83,40,3,1.96,1,2.75,545651,Y2,,,0,13.410,clean,0,0,0.00,0,0
83,41,3,1.73,1,2.25,693083,Y2,,,0,13.391,clean,0,0,0.00,0,0
83,42,3,1.76,1,2.43,572115,Y2,,,0,13.385,clean,0,0,0.00,0,0
83,43,3,1.81,1,2.47,382394,Y2,,,0,13.312,clean,0,0,0.00,0,0
83,44,3,2.15,1,2.46,475466,Y4,,,0,13.112,clean,0,0,0.00,0,0
83,45,3,1.82,1,2.64,609845,Y2,,,0,12.925,clean,0,0,0.00,0,0
83,46,3,1.72,1,2.32,1438826,Y2,,,0,12.741,clean,0,0,0.00,0,0
83,47,3,1.99,1,2.32,167191,Y2,,,0,12.495,clean,0,0,0.00,0,0
83,48,3,3.44,1,2.73,221193,Y2,0.24/noise-like,0.00/noise-like,0,12.146,hump-note,0,0,0.00,0,0
83,49,3,1.94,1,2.48,127137,Y4,,,0,11.760,clean,0,0,0.00,0,0
83,50,3,2.33,1,2.45,244439,Y2,,,0,11.440,clean,0,0,0.00,0,0
83,51,3,2.02,1,2.44,679135,Y4,,,0,11.106,clean,0,0,0.00,0,0
83,52,3,2.32,1,2.40,1206189,Y4,,,0,10.887,clean,0,0,0.00,0,0
83,53,3,2.19,1,2.60,529736,Y2,,,0,10.651,clean,0,0,0.00,0,0
83,54,3,2.35,1,2.41,1082718,Y4,,,0,10.313,clean,0,0,0.00,0,0
83,55,3,2.45,1,2.32,728667,Y4,,,0,9.822,clean,0,0,0.00,0,0
83,56,3,2.10,1,2.55,227988,Y4,,,0,9.191,clean,0,0,0.00,0,0
83,57,3,2.63,1,2.39,1309812,Y4,0.00/noise-like,0.00/noise-like,0,8.515,hump-note,0,0,0.00,0,0
83,58,3,3.20,1,2.43,600904,Y4,0.24/noise-like,0.00/noise-like,0,7.942,hump-note,0,0,0.00,0,0
83,59,3,3.71,1,2.43,422806,Y4,0.00/noise-like,0.00/noise-like,0,7.278,hump-note,0,0,0.00,0,0
83,60,3,0,-1,0,0,-,,,0,6.430,QUARANTINE:dark-lane range=53 distinct=54,0,0,0.00,0,0
83,61,3,0,-1,0,0,-,,,0,5.571,QUARANTINE:dark-lane range=47 distinct=48,0,0,0.00,0,0
83,62,3,0,-1,0,0,-,,,0,4.688,QUARANTINE:dark-lane range=41 distinct=42,0,0,0.00,0,0
83,63,3,0,-1,0,0,-,,,0,3.938,QUARANTINE:dark-lane range=35 distinct=34,0,0,0.00,0,0
84,0,3,2.53,1,2.47,324816,Y2,0.24/noise-like,0.24/noise-like,0,19.622,hump-note,0,0,0.00,0,0
84,1,3,1.45,1,2.38,1218528,Y2,,,0,19.595,clean,0,0,0.00,0,0
84,2,3,1.38,1,2.46,313550,Y4,,,0,19.553,clean,0,0,0.00,0,0
84,3,3,1.32,1292,2.23,801444,Y4,,,0,19.630,clean,0,0,0.00,0,0
84,4,3,1.40,1558,2.33,55611,Y4,,,0,19.801,clean,0,0,0.00,0,0
84,5,3,1.37,810,2.26,59634,Y2,,,0,19.512,clean,0,0,0.00,0,0
84,6,3,1.65,1476,2.50,1125276,Y2,,,0,19.280,clean,0,0,0.00,0,0
84,7,3,1.35,471,2.50,167638,Y2,,,0,19.075,clean,0,0,0.00,0,0
84,8,3,1.49,1,2.44,1339138,Y2,,,0,18.800,clean,0,0,0.00,0,0
84,9,3,1.42,1,2.50,609398,Y2,,,0,18.441,clean,0,0,0.00,0,0
84,10,3,1.37,477,2.39,521332,Y4,,,0,18.075,clean,0,0,0.00,0,0
84,11,3,1.55,1,2.73,89228,Y4,,,0,17.709,clean,0,0,0.00,0,0
84,12,3,1.41,1,2.81,921696,Y4,,,0,17.198,clean,0,0,0.00,0,0
84,13,3,1.49,1,2.32,134557,Y2,,,0,16.731,clean,0,0,0.00,0,0
84,14,3,1.74,1,2.59,300676,Y4,,,0,16.441,clean,0,0,0.00,0,0
84,15,3,1.70,1,2.50,1264304,Y4,,,0,16.252,clean,0,0,0.00,0,0
84,16,3,1.67,1,2.37,794023,Y2,,,0,16.290,clean,0,0,0.00,0,0
84,17,3,1.43,1,2.31,159681,Y4,,,0,16.468,clean,0,0,0.00,0,0
84,18,3,1.65,722,2.41,229508,Y4,,,0,17.731,clean,0,0,0.00,0,0
84,19,3,1.59,1,2.35,260979,Y4,,,0,16.413,clean,0,0,0.00,0,0
84,20,3,1.52,970,2.35,1077354,Y4,,,0,16.137,clean,0,0,0.00,0,0
84,21,3,1.74,1,2.37,1159072,Y4,,,0,15.933,clean,0,0,0.00,0,0
84,22,3,1.66,1,2.40,329465,Y4,,,0,15.921,clean,0,0,0.00,0,0
84,23,3,1.88,1,2.37,712574,Y2,,,0,15.910,clean,0,0,0.00,0,0
84,24,3,1.62,1,2.39,354767,Y4,,,0,15.821,clean,0,0,0.00,0,0
84,25,3,1.52,1,2.62,1209855,Y2,,,0,15.428,clean,0,0,0.00,0,0
84,26,3,1.61,1,2.42,94771,Y4,,,0,14.992,clean,0,0,0.00,0,0
84,27,3,1.63,646,2.51,1300782,Y2,,,0,14.967,clean,0,0,0.00,0,0
84,28,3,1.80,1,2.48,378013,Y4,,,0,14.575,clean,0,0,0.00,0,0
84,29,3,1.68,1,2.41,1004666,Y2,,,0,14.407,clean,0,0,0.00,0,0
84,30,3,1.58,1,2.47,76801,Y4,,,0,14.141,clean,0,0,0.00,0,0
84,31,3,2.00,1,2.25,483423,Y4,,,0,13.885,clean,0,0,0.00,0,0
84,32,3,1.42,1,2.48,281900,Y2,,,0,13.629,clean,0,0,0.00,0,0
84,33,3,1.81,1,2.37,1170695,Y2,,,0,13.516,clean,0,0,0.00,0,0
84,34,3,1.87,1,2.40,783294,Y4,,,0,13.517,clean,0,0,0.00,0,0
84,35,3,1.88,1,2.58,282615,Y2,,,0,13.585,clean,0,0,0.00,0,0
84,36,3,1.62,1,2.44,743151,Y2,,,0,13.680,clean,0,0,0.00,0,0
84,37,3,1.52,1,2.38,241935,Y4,,,0,13.599,clean,0,0,0.00,0,0
84,38,3,1.69,1,2.51,514090,Y4,,,0,13.498,clean,0,0,0.00,0,0
84,39,3,1.55,1,2.41,527680,Y4,,,0,13.418,clean,0,0,0.00,0,0
84,40,3,1.73,1,2.27,516146,Y4,,,0,13.386,clean,0,0,0.00,0,0
84,41,3,1.71,1,2.49,320345,Y2,,,0,13.378,clean,0,0,0.00,0,0
84,42,3,1.83,1,2.50,387579,Y2,,,0,13.363,clean,0,0,0.00,0,0
84,43,3,1.75,1,2.39,409394,Y4,,,0,13.326,clean,0,0,0.00,0,0
84,44,3,1.85,1,2.39,238895,Y4,,,0,13.083,clean,0,0,0.00,0,0
84,45,3,1.79,1,2.54,242561,Y4,,,0,12.926,clean,0,0,0.00,0,0
84,46,3,1.65,1,2.47,303447,Y4,,,0,12.733,clean,0,0,0.00,0,0
84,47,3,1.80,1,2.30,400543,Y2,,,0,12.497,clean,0,0,0.00,0,0
84,48,3,3.28,1,2.36,426203,Y2,0.00/noise-like,0.00/noise-like,0,12.151,hump-note,0,0,0.00,0,0
84,49,3,1.96,1,2.36,681728,Y4,,,0,11.752,clean,0,0,0.00,0,0
84,50,3,1.99,1,2.52,1050800,Y4,,,0,11.454,clean,0,0,0.00,0,0
84,51,3,2.35,1,2.36,1077622,Y4,,,0,11.131,clean,0,0,0.00,0,0
84,52,3,2.09,1,2.20,179887,Y2,,,0,10.860,clean,0,0,0.00,0,0
84,53,3,2.42,1,2.30,1145571,Y2,,,0,10.653,clean,0,0,0.00,0,0
84,54,3,2.44,1,2.51,431836,Y2,,,0,10.319,clean,0,0,0.00,0,0
84,55,3,2.14,1,2.42,1224518,Y4,,,0,9.818,clean,0,0,0.00,0,0
84,56,3,2.39,1,2.44,1124650,Y4,,,0,9.194,clean,0,0,0.00,0,0
84,57,3,2.89,1,2.59,1411468,Y4,0.24/noise-like,0.00/noise-like,0,8.524,hump-note,0,0,0.00,0,0
84,58,3,3.24,1,2.51,1157552,Y2,0.00/noise-like,0.24/noise-like,0,7.931,hump-note,0,0,0.00,0,0
84,59,3,0,-1,0,0,-,,,0,7.268,QUARANTINE:dark-lane range=63 distinct=61,0,0,0.00,0,0
84,60,3,0,-1,0,0,-,,,0,6.428,QUARANTINE:dark-lane range=52 distinct=53,0,0,0.00,0,0
84,61,3,0,-1,0,0,-,,,0,5.569,QUARANTINE:dark-lane range=50 distinct=47,0,0,0.00,0,0
84,62,3,0,-1,0,0,-,,,0,4.683,QUARANTINE:dark-lane range=42 distinct=42,0,0,0.00,0,0
84,63,3,0,-1,0,0,-,,,0,3.929,QUARANTINE:dark-lane range=34 distinct=35,0,0,0.00,0,0
85,0,3,2.65,1,2.29,1386344,Y2,0.00/noise-like,0.00/noise-like,0,19.622,hump-note,0,0,0.00,0,0
85,1,3,1.40,1,2.61,381857,Y2,,,0,19.563,clean,0,0,0.00,0,0
85,2,3,1.44,1076,2.38,358522,Y4,,,0,19.556,clean,0,0,0.00,0,0
85,3,3,1.48,227,2.42,1255453,Y2,,,0,19.671,clean,0,0,0.00,0,0
85,4,3,1.41,1,2.28,674397,Y4,,,0,19.797,clean,0,0,0.00,0,0
85,5,3,1.37,512,2.69,258744,Y2,,,0,19.533,clean,0,0,0.00,0,0
85,6,3,1.39,1476,2.53,1207083,Y4,,,0,19.316,clean,0,0,0.00,0,0
85,7,3,1.39,1285,2.68,665098,Y2,,,0,19.090,clean,0,0,0.00,0,0
85,8,3,1.40,1,2.23,926346,Y4,,,0,18.791,clean,0,0,0.00,0,0
85,9,3,1.51,1,2.53,359327,Y4,,,0,18.444,clean,0,0,0.00,0,0
85,10,3,1.68,1,2.40,55790,Y4,,,0,18.048,clean,0,0,0.00,0,0
85,11,3,1.60,1,2.66,265092,Y2,,,0,17.675,clean,0,0,0.00,0,0
85,12,3,1.60,1,2.31,860989,Y2,,,0,17.181,clean,0,0,0.00,0,0
85,13,3,1.55,1,2.24,1878,Y2,,,0,16.731,clean,0,0,0.00,0,0
85,14,3,1.47,1,2.35,1182050,Y4,,,0,16.436,clean,0,0,0.00,0,0
85,15,3,1.38,237,2.52,677168,Y4,,,0,16.232,clean,0,0,0.00,0,0
85,16,3,1.38,1319,2.42,1092464,Y2,,,0,16.269,clean,0,0,0.00,0,0
85,17,3,1.72,1,2.31,387579,Y4,,,0,16.485,clean,0,0,0.00,0,0
85,18,3,1.58,705,2.37,67055,Y4,,,0,17.722,clean,0,0,0.00,0,0
85,19,3,1.66,1,2.45,1252,Y4,,,0,16.381,clean,0,0,0.00,0,0
85,20,3,1.50,1,2.55,231743,Y4,,,0,16.098,clean,0,0,0.00,0,0
85,21,3,1.50,1,2.33,386775,Y4,,,0,15.927,clean,0,0,0.00,0,0
85,22,3,1.43,1,2.42,1216561,Y2,,,0,15.939,clean,0,0,0.00,0,0
85,23,3,1.63,1,2.43,1254469,Y2,,,0,15.915,clean,0,0,0.00,0,0
85,24,3,1.57,1,2.29,489503,Y2,,,0,15.817,clean,0,0,0.00,0,0
85,25,3,1.63,1,2.39,452042,Y4,,,0,15.382,clean,0,0,0.00,0,0
85,26,3,1.63,1,2.39,1185983,Y4,,,0,14.990,clean,0,0,0.00,0,0
85,27,3,1.69,1,2.43,1259655,Y2,,,0,14.962,clean,0,0,0.00,0,0
85,28,3,1.64,1,2.34,1007080,Y2,,,0,14.601,clean,0,0,0.00,0,0
85,29,3,1.48,1,2.52,569522,Y4,,,0,14.381,clean,0,0,0.00,0,0
85,30,3,1.76,1,2.95,1424253,Y2,,,0,14.136,clean,0,0,0.00,0,0
85,31,3,1.67,1,2.65,1223356,Y4,,,0,13.873,clean,0,0,0.00,0,0
85,32,3,1.36,1221,2.51,485837,Y2,,,0,13.645,clean,0,0,0.00,0,0
85,33,3,1.81,1,2.42,209749,Y2,,,0,13.500,clean,0,0,0.00,0,0
85,34,3,1.92,1,2.50,32008,Y2,,,0,13.515,clean,0,0,0.00,0,0
85,35,3,1.64,1,2.40,530720,Y4,,,0,13.557,clean,0,0,0.00,0,0
85,36,3,1.96,1,2.60,977576,Y2,,,0,13.668,clean,0,0,0.00,0,0
85,37,3,1.83,1,2.30,51141,Y2,,,0,13.612,clean,0,0,0.00,0,0
85,38,3,1.96,1,2.39,1299709,Y2,,,0,13.499,clean,0,0,0.00,0,0
85,39,3,1.75,1,2.74,834525,Y2,,,0,13.455,clean,0,0,0.00,0,0
85,40,3,1.76,1,2.50,1375347,Y4,,,0,13.406,clean,0,0,0.00,0,0
85,41,3,2.04,1,2.49,472695,Y4,,,0,13.391,clean,0,0,0.00,0,0
85,42,3,1.71,1,2.51,442564,Y4,,,0,13.374,clean,0,0,0.00,0,0
85,43,3,1.84,1,2.43,139743,Y4,,,0,13.313,clean,0,0,0.00,0,0
85,44,3,1.83,1,2.41,1192242,Y2,,,0,13.113,clean,0,0,0.00,0,0
85,45,3,1.56,1,2.25,130177,Y4,,,0,12.934,clean,0,0,0.00,0,0
85,46,3,1.64,1,2.33,1417190,Y4,,,0,12.764,clean,0,0,0.00,0,0
85,47,3,2.06,1,2.57,440955,Y2,,,0,12.523,clean,0,0,0.00,0,0
85,48,3,3.63,1,2.38,888079,Y2,0.00/noise-like,0.00/noise-like,0,12.145,hump-note,0,0,0.00,0,0
85,49,3,2.11,1,2.89,1267523,Y4,,,0,11.743,clean,0,0,0.00,0,0
85,50,3,2.24,1,2.34,375956,Y4,,,0,11.419,clean,0,0,0.00,0,0
85,51,3,2.19,1,2.40,1112044,Y2,,,0,11.096,clean,0,0,0.00,0,0
85,52,3,2.09,1,2.48,578374,Y2,,,0,10.907,clean,0,0,0.00,0,0
85,53,3,2.13,1,2.45,854909,Y2,,,0,10.664,clean,0,0,0.00,0,0
85,54,3,2.18,1,2.49,48280,Y2,,,0,10.304,clean,0,0,0.00,0,0
85,55,3,2.34,1,2.50,1143515,Y4,,,0,9.811,clean,0,0,0.00,0,0
85,56,3,2.83,1,2.27,363439,Y2,0.24/noise-like,0.24/noise-like,0,9.183,hump-note,0,0,0.00,0,0
85,57,3,2.62,1,2.37,811905,Y4,0.00/noise-like,0.00/noise-like,0,8.501,hump-note,0,0,0.00,0,0
85,58,3,2.95,1,2.41,528842,Y2,0.00/noise-like,0.00/noise-like,0,7.939,hump-note,0,0,0.00,0,0
85,59,3,0,-1,0,0,-,,,0,7.262,QUARANTINE:dark-lane range=62 distinct=62,0,0,0.00,0,0
85,60,3,0,-1,0,0,-,,,0,6.428,QUARANTINE:dark-lane range=57 distinct=56,0,0,0.00,0,0
85,61,3,0,-1,0,0,-,,,0,5.574,QUARANTINE:dark-lane range=49 distinct=50,0,0,0.00,0,0
85,62,3,0,-1,0,0,-,,,0,4.689,QUARANTINE:dark-lane range=41 distinct=42,0,0,0.00,0,0
85,63,3,0,-1,0,0,-,,,0,3.935,QUARANTINE:dark-lane range=35 distinct=34,0,0,0.00,0,0
86,0,3,2.40,1,2.25,23156,Y2,,,0,19.619,clean,0,0,0.00,0,0
86,1,3,1.50,1,2.35,2056,Y4,,,0,19.578,clean,0,0,0.00,0,0
86,2,3,1.43,336,2.37,861615,Y4,,,0,19.554,clean,0,0,0.00,0,0
86,3,3,1.34,1,2.43,284314,Y2,,,0,19.650,clean,0,0,0.00,0,0
86,4,3,1.36,698,2.53,313997,Y4,,,0,19.778,clean,0,0,0.00,0,0
86,5,3,1.47,335,2.50,1359969,Y4,,,0,19.551,clean,0,0,0.00,0,0
86,6,3,1.49,1476,2.30,447661,Y2,,,0,19.310,clean,0,0,0.00,0,0
86,7,3,1.47,1,2.44,859469,Y2,,,0,19.090,clean,0,0,0.00,0,0
86,8,3,1.48,1,2.58,709087,Y4,,,0,18.766,clean,0,0,0.00,0,0
86,9,3,1.39,1,2.27,291377,Y2,,,0,18.420,clean,0,0,0.00,0,0
86,10,3,1.51,1,2.36,423789,Y2,,,0,18.074,clean,0,0,0.00,0,0
86,11,3,1.34,599,2.29,658751,Y4,,,0,17.678,clean,0,0,0.00,0,0
86,12,3,1.36,1468,2.62,423342,Y4,,,0,17.198,clean,0,0,0.00,0,0
86,13,3,1.42,1,2.46,14216,Y2,,,0,16.747,clean,0,0,0.00,0,0
86,14,3,1.49,1,2.48,754058,Y4,,,0,16.432,clean,0,0,0.00,0,0
86,15,3,1.37,628,2.58,703901,Y2,,,0,16.257,clean,0,0,0.00,0,0
86,16,3,1.53,1,2.43,1422822,Y4,,,0,16.295,clean,0,0,0.00,0,0
86,17,3,1.52,1,2.29,197232,Y4,,,0,16.454,clean,0,0,0.00,0,0
86,18,3,1.47,618,2.42,671804,Y4,,,0,17.734,clean,0,0,0.00,0,0
86,19,3,1.63,1,2.32,574082,Y4,,,0,16.420,clean,0,0,0.00,0,0
86,20,3,1.50,1,2.25,1441956,Y2,,,0,16.094,clean,0,0,0.00,0,0
86,21,3,1.35,1445,2.35,1219958,Y4,,,0,15.945,clean,0,0,0.00,0,0
86,22,3,1.66,1,2.57,525355,Y4,,,0,15.892,clean,0,0,0.00,0,0
86,23,3,1.69,1,2.51,1429975,Y4,,,0,15.906,clean,0,0,0.00,0,0
86,24,3,1.57,1,2.49,114441,Y2,,,0,15.827,clean,0,0,0.00,0,0
86,25,3,1.50,1,2.35,679404,Y4,,,0,15.400,clean,0,0,0.00,0,0
86,26,3,1.43,1,2.46,75102,Y2,,,0,15.012,clean,0,0,0.00,0,0
86,27,3,1.70,1,2.33,1381963,Y4,,,0,14.971,clean,0,0,0.00,0,0
86,28,3,1.55,1,2.41,984371,Y2,,,0,14.575,clean,0,0,0.00,0,0
86,29,3,1.56,1,2.40,328928,Y2,,,0,14.417,clean,0,0,0.00,0,0
86,30,3,1.48,1,2.48,1381159,Y2,,,0,14.141,clean,0,0,0.00,0,0
86,31,3,1.66,1,2.48,42111,Y4,,,0,13.860,clean,0,0,0.00,0,0
86,32,3,1.38,1304,2.47,1103371,Y4,,,0,13.636,clean,0,0,0.00,0,0
86,33,3,1.75,1,2.34,750661,Y2,,,0,13.521,clean,0,0,0.00,0,0
86,34,3,1.73,1,2.49,337511,Y4,,,0,13.495,clean,0,0,0.00,0,0
86,35,3,1.91,1,2.62,47386,Y4,,,0,13.586,clean,0,0,0.00,0,0
86,36,3,2.02,1,2.25,1056433,Y4,,,0,13.654,clean,0,0,0.00,0,0
86,37,3,2.07,1,2.37,1438558,Y2,,,0,13.644,clean,0,0,0.00,0,0
86,38,3,1.86,1,2.41,330001,Y2,,,0,13.491,clean,0,0,0.00,0,0
86,39,3,1.66,1,2.25,1008332,Y4,,,0,13.440,clean,0,0,0.00,0,0
86,40,3,1.67,1,2.57,353783,Y2,,,0,13.409,clean,0,0,0.00,0,0
86,41,3,1.57,1,2.35,54896,Y2,,,0,13.409,clean,0,0,0.00,0,0
86,42,3,2.01,1,2.34,283241,Y4,,,0,13.390,clean,0,0,0.00,0,0
86,43,3,1.71,1,2.47,1298279,Y2,,,0,13.294,clean,0,0,0.00,0,0
86,44,3,1.96,1,2.33,342160,Y4,,,0,13.091,clean,0,0,0.00,0,0
86,45,3,1.71,1,2.43,919014,Y2,,,0,12.934,clean,0,0,0.00,0,0
86,46,3,1.84,1,2.54,952274,Y2,,,0,12.763,clean,0,0,0.00,0,0
86,47,3,2.03,1,2.44,1233459,Y4,,,0,12.512,clean,0,0,0.00,0,0
86,48,3,3.15,1,2.38,98884,Y2,0.00/noise-like,0.00/noise-like,0,12.151,hump-note,0,0,0.00,0,0
86,49,3,2.01,1,2.29,10550,Y4,,,0,11.751,clean,0,0,0.00,0,0
86,50,3,1.94,1,2.34,797242,Y4,,,0,11.454,clean,0,0,0.00,0,0
86,51,3,2.34,1,2.25,86278,Y4,,,0,11.109,clean,0,0,0.00,0,0
86,52,3,2.23,1,2.34,1383305,Y2,,,0,10.886,clean,0,0,0.00,0,0
86,53,3,2.23,1,2.74,357538,Y2,,,0,10.668,clean,0,0,0.00,0,0
86,54,3,2.57,1,2.55,540823,Y2,0.24/noise-like,0.00/noise-like,0,10.292,hump-note,0,0,0.00,0,0
86,55,3,2.51,1,2.38,450343,Y4,0.00/noise-like,0.00/noise-like,0,9.832,hump-note,0,0,0.00,0,0
86,56,3,2.66,1,2.54,1255900,Y2,0.24/noise-like,0.00/noise-like,0,9.191,hump-note,0,0,0.00,0,0
86,57,3,2.96,1,2.38,844091,Y4,0.00/noise-like,0.00/noise-like,0,8.512,hump-note,0,0,0.00,0,0
86,58,3,3.14,1,2.36,607699,Y2,0.00/noise-like,0.00/noise-like,0,7.917,hump-note,0,0,0.00,0,0
86,59,3,0,-1,0,0,-,,,0,7.275,QUARANTINE:dark-lane range=61 distinct=61,0,0,0.00,0,0
86,60,3,0,-1,0,0,-,,,0,6.436,QUARANTINE:dark-lane range=57 distinct=55,0,0,0.00,0,0
86,61,3,0,-1,0,0,-,,,0,5.573,QUARANTINE:dark-lane range=49 distinct=47,0,0,0.00,0,0
86,62,3,0,-1,0,0,-,,,0,4.692,QUARANTINE:dark-lane range=40 distinct=41,0,0,0.00,0,0
86,63,3,0,-1,0,0,-,,,0,3.931,QUARANTINE:dark-lane range=35 distinct=36,0,0,0.00,0,0
87,0,3,3.23,1,2.17,254989,Y2,0.24/noise-like,0.24/noise-like,0,19.620,hump-note,0,0,0.00,0,0
87,1,3,1.41,1,2.56,191420,Y2,,,0,19.586,clean,0,0,0.00,0,0
87,2,3,1.37,1101,2.50,332594,Y2,,,0,19.595,clean,0,0,0.00,0,0
87,3,3,1.42,801,2.40,423700,Y2,,,0,19.594,clean,0,0,0.00,0,0
87,4,3,1.38,1291,2.36,488877,Y2,,,0,19.784,clean,0,0,0.00,0,0
87,5,3,1.34,1,2.35,1245797,Y2,,,0,19.537,clean,0,0,0.00,0,0
87,6,3,1.44,1476,2.50,229329,Y4,,,0,19.294,clean,0,0,0.00,0,0
87,7,3,1.43,1,2.75,921428,Y2,,,0,19.080,clean,0,0,0.00,0,0
87,8,3,1.39,665,2.50,746906,Y2,,,0,18.798,clean,0,0,0.00,0,0
87,9,3,1.45,1,2.37,527412,Y4,,,0,18.410,clean,0,0,0.00,0,0
87,10,3,1.34,303,2.55,1307935,Y4,,,0,18.090,clean,0,0,0.00,0,0
87,11,3,1.41,1,2.36,223696,Y2,,,0,17.693,clean,0,0,0.00,0,0
87,12,3,1.31,804,2.32,34511,Y4,,,0,17.204,clean,0,0,0.00,0,0
87,13,3,1.57,1,2.30,526786,Y4,,,0,16.732,clean,0,0,0.00,0,0
87,14,3,1.75,1,2.31,162363,Y2,,,0,16.453,clean,0,0,0.00,0,0
87,15,3,1.49,1,2.34,365943,Y4,,,0,16.252,clean,0,0,0.00,0,0
87,16,3,1.35,559,2.44,891298,Y2,,,0,16.319,clean,0,0,0.00,0,0
87,17,3,1.66,1,2.43,919551,Y4,,,0,16.427,clean,0,0,0.00,0,0
87,18,3,1.53,590,2.48,822097,Y2,,,0,17.713,clean,0,0,0.00,0,0
87,19,3,1.64,1,2.45,1395822,Y2,,,0,16.414,clean,0,0,0.00,0,0
87,20,3,1.74,1,2.45,387222,Y4,,,0,16.097,clean,0,0,0.00,0,0
87,21,3,1.51,1,2.37,1435071,Y4,,,0,15.927,clean,0,0,0.00,0,0
87,22,3,1.32,1206,2.23,1297563,Y2,,,0,15.913,clean,0,0,0.00,0,0
87,23,3,1.63,1,2.35,340998,Y2,,,0,15.913,clean,0,0,0.00,0,0
87,24,3,1.62,1,2.49,634968,Y2,,,0,15.787,clean,0,0,0.00,0,0
87,25,3,1.73,1,2.90,650704,Y2,,,0,15.393,clean,0,0,0.00,0,0
87,26,3,1.56,1,2.57,974357,Y2,,,0,14.989,clean,0,0,0.00,0,0
87,27,3,1.70,630,2.47,331610,Y2,,,0,14.928,clean,0,0,0.00,0,0
87,28,3,1.59,1,2.44,1156300,Y2,,,0,14.590,clean,0,0,0.00,0,0
87,29,3,1.77,1,2.48,1123309,Y4,,,0,14.376,clean,0,0,0.00,0,0
87,30,3,1.67,1,2.38,940830,Y4,,,0,14.142,clean,0,0,0.00,0,0
87,31,3,1.73,1,2.38,301391,Y4,,,0,13.877,clean,0,0,0.00,0,0
87,32,3,1.34,1,2.31,259727,Y2,,,0,13.630,clean,0,0,0.00,0,0
87,33,3,1.77,1,2.46,830680,Y2,,,0,13.512,clean,0,0,0.00,0,0
87,34,3,1.68,1,2.40,126779,Y4,,,0,13.515,clean,0,0,0.00,0,0
87,35,3,1.58,1,2.30,799477,Y2,,,0,13.580,clean,0,0,0.00,0,0
87,36,3,1.90,1,2.40,291198,Y4,,,0,13.673,clean,0,0,0.00,0,0
87,37,3,1.59,1,2.27,1147717,Y4,,,0,13.636,clean,0,0,0.00,0,0
87,38,3,1.84,1,2.42,1134664,Y4,,,0,13.492,clean,0,0,0.00,0,0
87,39,3,1.76,1,2.26,406176,Y2,,,0,13.429,clean,0,0,0.00,0,0
87,40,3,1.67,1,2.33,420481,Y2,,,0,13.405,clean,0,0,0.00,0,0
87,41,3,1.99,1,2.41,356644,Y4,,,0,13.392,clean,0,0,0.00,0,0
87,42,3,1.62,1,2.55,1072347,Y4,,,0,13.396,clean,0,0,0.00,0,0
87,43,3,1.67,1,2.61,642300,Y2,,,0,13.298,clean,0,0,0.00,0,0
87,44,3,1.75,1,2.26,1003683,Y2,,,0,13.095,clean,0,0,0.00,0,0
87,45,3,1.90,1,2.27,333577,Y4,,,0,12.941,clean,0,0,0.00,0,0
87,46,3,2.04,1,2.32,1450539,Y4,,,0,12.763,clean,0,0,0.00,0,0
87,47,3,1.62,1,2.46,1225322,Y2,,,0,12.499,clean,0,0,0.00,0,0
87,48,3,3.36,1,2.30,663221,Y4,0.24/noise-like,0.00/noise-like,0,12.167,hump-note,0,0,0.00,0,0
87,49,3,1.98,1,2.25,24319,Y4,,,0,11.768,clean,0,0,0.00,0,0
87,50,3,2.05,1,2.24,144929,Y4,,,0,11.452,clean,0,0,0.00,0,0
87,51,3,2.05,1,2.47,1364261,Y2,,,0,11.086,clean,0,0,0.00,0,0
87,52,3,2.16,1,2.36,12517,Y2,,,0,10.867,clean,0,0,0.00,0,0
87,53,3,2.07,1,2.29,943333,Y4,,,0,10.648,clean,0,0,0.00,0,0
87,54,3,2.20,1,2.46,385791,Y2,,,0,10.300,clean,0,0,0.00,0,0
87,55,3,2.26,1,2.20,46045,Y4,,,0,9.815,clean,0,0,0.00,0,0
87,56,3,2.55,1,2.60,848472,Y4,0.00/noise-like,0.24/noise-like,0,9.197,hump-note,0,0,0.00,0,0
87,57,3,2.74,1,2.36,589013,Y4,0.00/noise-like,0.00/noise-like,0,8.513,hump-note,0,0,0.00,0,0
87,58,3,2.93,1,2.47,403851,Y4,0.00/noise-like,0.00/noise-like,0,7.918,hump-note,0,0,0.00,0,0
87,59,3,0,-1,0,0,-,,,0,7.253,QUARANTINE:dark-lane range=66 distinct=63,0,0,0.00,0,0
87,60,3,0,-1,0,0,-,,,0,6.417,QUARANTINE:dark-lane range=53 distinct=54,0,0,0.00,0,0
87,61,3,0,-1,0,0,-,,,0,5.580,QUARANTINE:dark-lane range=49 distinct=50,0,0,0.00,0,0
87,62,3,0,-1,0,0,-,,,0,4.683,QUARANTINE:dark-lane range=41 distinct=41,0,0,0.00,0,0
87,63,3,0,-1,0,0,-,,,0,3.932,QUARANTINE:dark-lane range=33 distinct=33,0,0,0.00,0,0
88,0,3,2.76,1,2.40,1221478,Y4,0.24/noise-like,0.24/noise-like,0,19.624,hump-note,0,0,0.00,0,0
88,1,3,1.48,1,2.36,1464844,Y4,,,0,19.581,clean,0,0,0.00,0,0
88,2,3,1.42,1,2.28,884146,Y2,,,0,19.535,clean,0,0,0.00,0,0
88,3,3,1.54,1,2.39,418872,Y2,,,0,19.600,clean,0,0,0.00,0,0
88,4,3,1.38,309,2.30,439972,Y2,,,0,19.788,clean,0,0,0.00,0,0
88,5,3,1.36,1,2.27,251502,Y4,,,0,19.540,clean,0,0,0.00,0,0
88,6,3,1.70,1476,2.37,66966,Y4,,,0,19.286,clean,0,0,0.00,0,0
88,7,3,1.47,1,2.78,16272,Y2,,,0,19.051,clean,0,0,0.00,0,0
88,8,3,1.38,1,2.57,66876,Y2,,,0,18.765,clean,0,0,0.00,0,0
88,9,3,1.44,378,2.33,576675,Y2,,,0,18.421,clean,0,0,0.00,0,0
88,10,3,1.43,1,2.32,30756,Y4,,,0,18.081,clean,0,0,0.00,0,0
88,11,3,1.45,139,2.56,107467,Y2,,,0,17.684,clean,0,0,0.00,0,0
88,12,3,1.47,1,2.24,137687,Y4,,,0,17.172,clean,0,0,0.00,0,0
88,13,3,1.34,1403,2.42,481546,Y4,,,0,16.744,clean,0,0,0.00,0,0
88,14,3,1.34,299,2.67,1109719,Y4,,,0,16.441,clean,0,0,0.00,0,0
88,15,3,1.65,1,2.27,566930,Y4,,,0,16.249,clean,0,0,0.00,0,0
88,16,3,1.54,1,2.39,23693,Y4,,,0,16.267,clean,0,0,0.00,0,0
88,17,3,1.39,1031,2.64,401169,Y2,,,0,16.455,clean,0,0,0.00,0,0
88,18,3,1.56,770,2.39,155479,Y4,,,0,17.701,clean,0,0,0.00,0,0
88,19,3,1.48,1,2.36,1300335,Y2,,,0,16.419,clean,0,0,0.00,0,0
88,20,3,1.68,1,2.37,257760,Y2,,,0,16.065,clean,0,0,0.00,0,0
88,21,3,1.86,1,2.35,1202345,Y2,,,0,15.919,clean,0,0,0.00,0,0
88,22,3,1.51,1,2.49,1010567,Y4,,,0,15.922,clean,0,0,0.00,0,0
88,23,3,1.74,1,2.34,742614,Y4,,,0,15.910,clean,0,0,0.00,0,0
88,24,3,1.66,1,2.30,1094610,Y4,,,0,15.809,clean,0,0,0.00,0,0
88,25,3,1.51,1,2.54,566930,Y4,,,0,15.400,clean,0,0,0.00,0,0
88,26,3,1.63,1,2.78,750929,Y4,,,0,14.995,clean,0,0,0.00,0,0
88,27,3,1.61,1,2.28,724465,Y2,,,0,14.935,clean,0,0,0.00,0,0
88,28,3,1.56,1,2.44,198305,Y2,,,0,14.566,clean,0,0,0.00,0,0
88,29,3,1.69,1,2.32,509262,Y4,,,0,14.361,clean,0,0,0.00,0,0
88,30,3,1.74,1,2.45,811905,Y4,,,0,14.160,clean,0,0,0.00,0,0
88,31,3,1.92,1,2.37,102371,Y4,,,0,13.892,clean,0,0,0.00,0,0
88,32,3,1.49,1,2.52,387490,Y4,,,0,13.642,clean,0,0,0.00,0,0
88,33,3,1.56,1,2.66,642747,Y4,,,0,13.514,clean,0,0,0.00,0,0
88,34,3,1.80,1,2.46,101566,Y2,,,0,13.524,clean,0,0,0.00,0,0
88,35,3,1.84,1,2.46,117123,Y4,,,0,13.556,clean,0,0,0.00,0,0
88,36,3,1.63,1,2.34,1108557,Y2,,,0,13.656,clean,0,0,0.00,0,0
88,37,3,1.85,1,2.31,870466,Y2,,,0,13.625,clean,0,0,0.00,0,0
88,38,3,1.81,1,2.28,1403511,Y2,,,0,13.474,clean,0,0,0.00,0,0
88,39,3,1.83,1,2.40,204742,Y4,,,0,13.471,clean,0,0,0.00,0,0
88,40,3,2.04,1,2.27,1210302,Y4,,,0,13.391,clean,0,0,0.00,0,0
88,41,3,1.88,1,2.34,533849,Y4,,,0,13.380,clean,0,0,0.00,0,0
88,42,3,1.70,1,2.29,1399130,Y4,,,0,13.385,clean,0,0,0.00,0,0
88,43,3,2.06,1,2.26,1142979,Y2,,,0,13.298,clean,0,0,0.00,0,0
88,44,3,1.80,1,2.31,579804,Y2,,,0,13.103,clean,0,0,0.00,0,0
88,45,3,1.84,1,2.69,1447320,Y2,,,0,12.929,clean,0,0,0.00,0,0
88,46,3,1.63,1,2.44,430137,Y4,,,0,12.755,clean,0,0,0.00,0,0
88,47,3,1.57,1,2.25,152081,Y2,,,0,12.499,clean,0,0,0.00,0,0
88,48,3,3.33,1,2.56,196427,Y2,0.00/noise-like,0.00/noise-like,0,12.145,hump-note,0,0,0.00,0,0
88,49,3,2.11,1,2.51,1447856,Y4,,,0,11.741,clean,0,0,0.00,0,0
88,50,3,1.90,1,2.42,656515,Y4,,,0,11.433,clean,0,0,0.00,0,0
88,51,3,2.08,1,2.37,877082,Y2,,,0,11.117,clean,0,0,0.00,0,0
88,52,3,2.47,1,2.45,4739,Y2,,,0,10.887,clean,0,0,0.00,0,0
88,53,3,2.37,1,2.34,1415849,Y2,,,0,10.647,clean,0,0,0.00,0,0
88,54,3,2.51,1,2.31,87887,Y2,0.00/noise-like,0.00/noise-like,0,10.304,hump-note,0,0,0.00,0,0
88,55,3,2.40,1,2.54,880927,Y4,,,0,9.829,clean,0,0,0.00,0,0
88,56,3,2.38,1,2.48,199199,Y2,,,0,9.190,clean,0,0,0.00,0,0
88,57,3,2.61,1,2.50,64820,Y2,0.00/noise-like,0.00/noise-like,0,8.525,hump-note,0,0,0.00,0,0
88,58,3,3.35,1,2.50,1143962,Y4,0.00/noise-like,0.24/noise-like,0,7.923,hump-note,0,0,0.00,0,0
88,59,3,3.86,1,2.32,1300961,Y2,0.00/noise-like,0.00/noise-like,0,7.268,hump-note,0,0,0.00,0,0
88,60,3,0,-1,0,0,-,,,0,6.419,QUARANTINE:dark-lane range=55 distinct=54,0,0,0.00,0,0
88,61,3,0,-1,0,0,-,,,0,5.581,QUARANTINE:dark-lane range=49 distinct=49,0,0,0.00,0,0
88,62,3,0,-1,0,0,-,,,0,4.682,QUARANTINE:dark-lane range=40 distinct=41,0,0,0.00,0,0
88,63,3,0,-1,0,0,-,,,0,3.935,QUARANTINE:dark-lane range=36 distinct=36,0,0,0.00,0,0
89,0,3,2.51,1,2.36,786960,Y2,0.00/noise-like,0.24/noise-like,0,19.603,hump-note,0,0,0.00,0,0
89,1,3,1.49,1,2.37,141263,Y4,,,0,19.575,clean,0,0,0.00,0,0
89,2,3,1.34,1295,2.52,16272,Y2,,,0,19.541,clean,0,0,0.00,0,0
89,3,3,1.38,454,2.52,341803,Y4,,,0,19.655,clean,0,0,0.00,0,0
89,4,3,1.40,1062,2.43,705421,Y2,,,0,19.746,clean,0,0,0.00,0,0
89,5,3,1.51,1,2.30,1022458,Y4,,,0,19.566,clean,0,0,0.00,0,0
89,6,3,1.49,399,2.50,1359791,Y2,,,0,19.299,clean,0,0,0.00,0,0
89,7,3,1.33,1184,2.52,1041144,Y4,,,0,19.105,clean,0,0,0.00,0,0
89,8,3,1.44,1,2.50,1244187,Y4,,,0,18.798,clean,0,0,0.00,0,0
89,9,3,1.45,1,2.38,101566,Y2,,,0,18.414,clean,0,0,0.00,0,0
89,10,3,1.51,1,2.21,409037,Y4,,,0,18.072,clean,0,0,0.00,0,0
89,11,3,1.47,1,2.34,454277,Y2,,,0,17.688,clean,0,0,0.00,0,0
89,12,3,1.37,593,2.49,1407355,Y4,,,0,17.195,clean,0,0,0.00,0,0
89,13,3,1.40,1,2.37,857055,Y4,,,0,16.729,clean,0,0,0.00,0,0
89,14,3,1.64,1,2.38,1189023,Y4,,,0,16.407,clean,0,0,0.00,0,0
89,15,3,1.38,832,2.47,1304001,Y2,,,0,16.238,clean,0,0,0.00,0,0
89,16,3,1.44,1,2.59,1195639,Y2,,,0,16.309,clean,0,0,0.00,0,0
89,17,3,1.51,1,2.37,626117,Y4,,,0,16.455,clean,0,0,0.00,0,0
89,18,3,1.57,740,2.25,218689,Y2,,,0,17.751,clean,0,0,0.00,0,0
89,19,3,1.51,1,2.60,247747,Y4,,,0,16.388,clean,0,0,0.00,0,0
89,20,3,1.71,1,2.70,672340,Y2,,,0,16.064,clean,0,0,0.00,0,0
89,21,3,1.94,1,2.36,509709,Y4,,,0,15.916,clean,0,0,0.00,0,0
89,22,3,1.57,1,2.23,1272172,Y2,,,0,15.929,clean,0,0,0.00,0,0
89,23,3,1.43,1,2.26,35048,Y4,,,0,15.889,clean,0,0,0.00,0,0
89,24,3,1.64,1,2.29,384182,Y2,,,0,15.803,clean,0,0,0.00,0,0
89,25,3,1.73,1,2.37,981152,Y4,,,0,15.417,clean,0,0,0.00,0,0
89,26,3,1.52,1,2.38,1406103,Y4,,,0,15.007,clean,0,0,0.00,0,0
89,27,3,1.74,1,2.50,405282,Y2,,,0,14.949,clean,0,0,0.00,0,0
89,28,3,1.54,1,2.43,513732,Y4,,,0,14.586,clean,0,0,0.00,0,0
89,29,3,1.83,1,2.44,1428187,Y4,,,0,14.375,clean,0,0,0.00,0,0
89,30,3,1.56,1,2.54,1460731,Y4,,,0,14.165,clean,0,0,0.00,0,0
89,31,3,1.89,1,2.22,1141101,Y2,,,0,13.879,clean,0,0,0.00,0,0
89,32,3,1.32,1280,2.28,642657,Y2,,,0,13.625,clean,0,0,0.00,0,0
89,33,3,1.77,1,2.50,692725,Y4,,,0,13.540,clean,0,0,0.00,0,0
89,34,3,1.66,1,2.34,857770,Y4,,,0,13.514,clean,0,0,0.00,0,0
89,35,3,1.51,1,2.52,1438022,Y4,,,0,13.585,clean,0,0,0.00,0,0
89,36,3,1.58,1,2.34,462502,Y2,,,0,13.667,clean,0,0,0.00,0,0
89,37,3,1.97,1,2.54,639796,Y4,,,0,13.622,clean,0,0,0.00,0,0
89,38,3,1.90,1,2.65,141442,Y2,,,0,13.507,clean,0,0,0.00,0,0
89,39,3,1.73,1,2.44,1149952,Y2,,,0,13.436,clean,0,0,0.00,0,0
89,40,3,1.90,1,2.27,726253,Y2,,,0,13.409,clean,0,0,0.00,0,0
89,41,3,1.84,1,2.43,915170,Y4,,,0,13.391,clean,0,0,0.00,0,0
89,42,3,1.85,1,2.44,677168,Y2,,,0,13.381,clean,0,0,0.00,0,0
89,43,3,2.09,1,2.34,90033,Y4,,,0,13.322,clean,0,0,0.00,0,0
89,44,3,1.62,1,2.44,1279414,Y4,,,0,13.089,clean,0,0,0.00,0,0
89,45,3,1.87,1,2.51,283688,Y2,,,0,12.936,clean,0,0,0.00,0,0
89,46,3,2.09,1,2.38,142783,Y2,,,0,12.759,clean,0,0,0.00,0,0
89,47,3,1.88,1,2.40,977755,Y4,,,0,12.518,clean,0,0,0.00,0,0
89,48,3,3.55,1,2.32,1218349,Y4,0.00/noise-like,0.00/noise-like,0,12.146,hump-note,0,0,0.00,0,0
89,49,3,2.18,1,2.41,913113,Y4,,,0,11.751,clean,0,0,0.00,0,0
89,50,3,1.74,1,2.66,79393,Y2,,,0,11.440,clean,0,0,0.00,0,0
89,51,3,2.05,1,2.46,1319826,Y4,,,0,11.110,clean,0,0,0.00,0,0
89,52,3,2.12,1,2.35,1363277,Y4,,,0,10.881,clean,0,0,0.00,0,0
89,53,3,2.20,1,2.41,1967,Y2,,,0,10.670,clean,0,0,0.00,0,0
89,54,3,2.21,1,2.53,552535,Y4,,,0,10.312,clean,0,0,0.00,0,0
89,55,3,2.25,1,2.44,1324922,Y4,,,0,9.835,clean,0,0,0.00,0,0
89,56,3,2.40,1,2.31,473320,Y2,,,0,9.194,clean,0,0,0.00,0,0
89,57,3,2.85,1,2.24,1446337,Y4,0.00/noise-like,0.00/noise-like,0,8.500,hump-note,0,0,0.00,0,0
89,58,3,3.16,1,2.27,1210570,Y4,0.24/noise-like,0.00/noise-like,0,7.921,hump-note,0,0,0.00,0,0
89,59,3,0,-1,0,0,-,,,0,7.267,QUARANTINE:dark-lane range=61 distinct=62,0,0,0.00,0,0
89,60,3,0,-1,0,0,-,,,0,6.421,QUARANTINE:dark-lane range=55 distinct=56,0,0,0.00,0,0
89,61,3,0,-1,0,0,-,,,0,5.576,QUARANTINE:dark-lane range=49 distinct=48,0,0,0.00,0,0
89,62,3,0,-1,0,0,-,,,0,4.689,QUARANTINE:dark-lane range=38 distinct=39,0,0,0.00,0,0
89,63,3,0,-1,0,0,-,,,0,3.927,QUARANTINE:dark-lane range=34 distinct=34,0,0,0.00,0,0
90,0,3,3.36,1,2.45,1128405,Y2,0.24/noise-like,0.00/noise-like,0,19.649,hump-note,0,0,0.00,0,0
90,1,3,1.39,1,2.47,1348078,Y4,,,0,19.615,clean,0,0,0.00,0,0
90,2,3,1.40,286,2.44,451416,Y2,,,0,19.577,clean,0,0,0.00,0,0
90,3,3,1.51,1,2.29,625759,Y2,,,0,19.610,clean,0,0,0.00,0,0
90,4,3,1.42,1,2.44,1334131,Y2,,,0,19.738,clean,0,0,0.00,0,0
90,5,3,1.54,1,2.36,1415581,Y2,,,0,19.542,clean,0,0,0.00,0,0
90,6,3,1.67,1476,2.34,1463592,Y4,,,0,19.299,clean,0,0,0.00,0,0
90,7,3,1.55,1,2.25,14216,Y2,,,0,19.078,clean,0,0,0.00,0,0
90,8,3,1.52,1,2.92,1388043,Y4,,,0,18.795,clean,0,0,0.00,0,0
90,9,3,1.57,1,2.95,330448,Y2,,,0,18.402,clean,0,0,0.00,0,0
90,10,3,1.59,1,2.88,123739,Y2,,,0,18.082,clean,0,0,0.00,0,0
90,11,3,1.59,1,2.39,768632,Y2,,,0,17.691,clean,0,0,0.00,0,0
90,12,3,1.59,1,2.33,715882,Y2,,,0,17.175,clean,0,0,0.00,0,0
90,13,3,1.53,1,2.33,188023,Y2,,,0,16.744,clean,0,0,0.00,0,0
90,14,3,1.50,1,2.32,395089,Y2,,,0,16.457,clean,0,0,0.00,0,0
90,15,3,1.59,1,2.37,345200,Y2,,,0,16.232,clean,0,0,0.00,0,0
90,16,3,1.40,203,2.55,43005,Y4,,,0,16.294,clean,0,0,0.00,0,0
90,17,3,1.41,1,2.31,905603,Y2,,,0,16.443,clean,0,0,0.00,0,0
90,18,3,1.59,1,2.39,40323,Y4,,,0,17.760,clean,0,0,0.00,0,0
90,19,3,1.45,1,2.50,324100,Y4,,,0,16.426,clean,0,0,0.00,0,0
90,20,3,1.40,1,2.58,597864,Y4,,,0,16.077,clean,0,0,0.00,0,0
90,21,3,1.66,1,2.52,574976,Y2,,,0,15.937,clean,0,0,0.00,0,0
90,22,3,1.57,1,2.35,271261,Y2,,,0,15.916,clean,0,0,0.00,0,0
90,23,3,1.61,1,2.55,530183,Y4,,,1,15.913,clean,0,0,0.00,0,0
90,24,3,1.69,1,2.38,368178,Y2,,,0,15.830,clean,0,0,0.00,0,0
90,25,3,1.88,1,2.60,1238734,Y2,,,0,15.427,clean,0,0,0.00,0,0
90,26,3,1.65,1,2.35,340104,Y2,,,0,14.994,clean,0,0,0.00,0,0
90,27,3,1.70,641,2.30,1400024,Y2,,,0,14.947,clean,0,0,0.00,0,0
90,28,3,1.54,1,2.41,943422,Y4,,,0,14.589,clean,0,0,0.00,0,0
90,29,3,1.70,1,2.18,655979,Y2,,,0,14.378,clean,0,0,0.00,0,0
90,30,3,1.87,1,2.43,1393944,Y4,,,0,14.135,clean,0,0,0.00,0,0
90,31,3,1.54,1,2.48,1013428,Y4,,,0,13.877,clean,0,0,0.00,0,0
90,32,3,1.37,564,2.32,1260281,Y2,,,0,13.623,clean,0,0,0.00,0,0
90,33,3,1.86,1,2.60,197589,Y4,,,0,13.512,clean,0,0,0.00,0,0
90,34,3,1.96,1,2.30,117749,Y4,,,0,13.496,clean,0,0,0.00,0,0
90,35,3,1.72,1,2.34,996172,Y4,,,0,13.575,clean,0,0,0.00,0,0
90,36,3,1.69,1,2.37,819504,Y4,,,0,13.671,clean,0,0,0.00,0,0
90,37,3,1.73,1,2.32,512391,Y4,,,0,13.625,clean,0,0,0.00,0,0
90,38,3,2.05,1,2.42,10908,Y2,,,0,13.512,clean,0,0,0.00,0,0
90,39,3,1.77,1,2.53,858665,Y2,,,0,13.459,clean,0,0,0.00,0,0
90,40,3,1.78,1,2.41,387043,Y4,,,0,13.399,clean,0,0,0.00,0,0
90,41,3,1.60,1,2.35,1152903,Y4,,,0,13.396,clean,0,0,0.00,0,0
90,42,3,1.85,1,2.32,1418084,Y4,,,0,13.400,clean,0,0,0.00,0,0
90,43,3,1.65,1,2.31,1312762,Y2,,,0,13.297,clean,0,0,0.00,0,0
90,44,3,1.94,1,2.35,125796,Y4,,,0,13.090,clean,0,0,0.00,0,0
90,45,3,1.94,1,2.34,118375,Y4,,,0,12.927,clean,0,0,0.00,0,0
90,46,3,1.95,1,2.25,1119196,Y2,,,0,12.742,clean,0,0,0.00,0,0
90,47,3,1.73,1,2.42,15020,Y2,,,0,12.513,clean,0,0,0.00,0,0
90,48,3,3.03,1,2.53,1098186,Y4,0.24/noise-like,0.00/noise-like,0,12.176,hump-note,0,0,0.00,0,0
90,49,3,1.76,1,2.41,910699,Y4,,,0,11.771,clean,0,0,0.00,0,0
90,50,3,1.90,1,2.39,100225,Y4,,,0,11.416,clean,0,0,0.00,0,0
90,51,3,2.00,1,2.46,157356,Y4,,,0,11.103,clean,0,0,0.00,0,0
90,52,3,2.01,1,2.47,1389831,Y2,,,0,10.860,clean,0,0,0.00,0,0
90,53,3,2.20,1,2.50,1403153,Y4,,,0,10.646,clean,0,0,0.00,0,0
90,54,3,2.14,1,2.43,1397520,Y4,,,0,10.314,clean,0,0,0.00,0,0
90,55,3,2.77,1,2.47,334024,Y2,0.00/noise-like,0.00/noise-like,1,9.824,hump-note,0,0,0.00,0,0
90,56,3,2.55,1,2.27,321776,Y2,0.00/noise-like,0.00/noise-like,0,9.203,hump-note,0,0,0.00,0,0
90,57,3,3.01,1,2.72,628620,Y2,0.00/noise-like,0.24/noise-like,0,8.498,hump-note,0,0,0.00,0,0
90,58,3,3.10,1,2.52,253111,Y4,0.24/noise-like,0.00/noise-like,0,7.922,hump-note,0,0,0.00,0,0
90,59,3,0,-1,0,0,-,,,0,7.268,QUARANTINE:dark-lane range=65 distinct=60,0,0,0.00,0,0
90,60,3,0,-1,0,0,-,,,0,6.424,QUARANTINE:dark-lane range=54 distinct=54,0,0,0.00,0,0
90,61,3,0,-1,0,0,-,,,0,5.578,QUARANTINE:dark-lane range=52 distinct=47,0,0,0.00,0,0
90,62,3,0,-1,0,0,-,,,0,4.682,QUARANTINE:dark-lane range=40 distinct=40,0,0,0.00,0,0
90,63,3,0,-1,0,0,-,,,0,3.926,QUARANTINE:dark-lane range=36 distinct=36,0,0,0.00,0,0
91,0,3,3.43,1,2.34,1130283,Y4,0.00/noise-like,0.00/noise-like,0,19.634,hump-note,0,0,0.00,0,0
91,1,3,1.31,1430,2.59,9745,Y2,,,0,19.581,clean,0,0,0.00,0,0
91,2,3,1.50,1,2.57,1247495,Y2,,,0,19.583,clean,0,0,0.00,0,0
91,3,3,1.36,1331,2.52,271976,Y4,,,0,19.670,clean,0,0,0.00,0,0
91,4,3,1.37,586,2.31,267416,Y2,,,0,19.777,clean,0,0,0.00,0,0
91,5,3,1.33,535,2.22,625581,Y2,,,0,19.551,clean,0,0,0.00,0,0
91,6,3,1.55,1476,2.37,1182944,Y2,,,0,19.305,clean,0,0,0.00,0,0
91,7,3,1.42,1,2.34,912398,Y4,,,0,19.082,clean,0,0,0.00,0,0
91,8,3,1.48,1,2.33,1362026,Y2,,,0,18.786,clean,0,0,0.00,0,0
91,9,3,1.40,1,2.53,803232,Y4,,,0,18.429,clean,0,0,0.00,0,0
91,10,3,1.47,1,2.45,505507,Y4,,,0,18.079,clean,0,0,0.00,0,0
91,11,3,1.39,559,2.46,757098,Y4,,,0,17.643,clean,0,0,0.00,0,0
91,12,3,1.41,1,2.31,1323223,Y4,,,0,17.204,clean,0,0,0.00,0,0
91,13,3,1.56,1,2.68,399023,Y2,,,0,16.761,clean,0,0,0.00,0,0
91,14,3,1.42,1,2.38,394553,Y4,,,0,16.399,clean,0,0,0.00,0,0
91,15,3,1.56,1,2.36,169337,Y2,,,0,16.252,clean,0,0,0.00,0,0
91,16,3,1.66,1,2.26,278324,Y2,,,0,16.296,clean,0,0,0.00,0,0
91,17,3,1.66,1,2.33,1358092,Y4,,,0,16.469,clean,0,0,0.00,0,0
91,18,3,1.57,611,2.30,240147,Y2,,,0,17.737,clean,0,0,0.00,0,0
91,19,3,1.37,1033,2.51,1193315,Y4,,,0,16.401,clean,0,0,0.00,0,0
91,20,3,1.62,1,2.32,572294,Y4,,,0,16.097,clean,0,0,0.00,0,0
91,21,3,1.62,1,2.33,715613,Y4,,,0,15.927,clean,0,0,0.00,0,0
91,22,3,1.35,1007,2.21,776678,Y2,,,0,15.941,clean,0,0,0.00,0,0
91,23,3,1.41,1,2.42,875473,Y4,,,0,15.924,clean,0,0,0.00,0,0
91,24,3,1.49,1,2.29,706762,Y2,,,0,15.780,clean,0,0,0.00,0,0
91,25,3,1.83,1,2.43,1253217,Y4,,,0,15.428,clean,0,0,0.00,0,0
91,26,3,1.50,1,2.28,181317,Y4,,,0,15.000,clean,0,0,0.00,0,0
91,27,3,1.65,637,2.54,930279,Y4,,,0,14.948,clean,0,0,0.00,0,0
91,28,3,1.87,1,2.38,1196086,Y4,,,0,14.577,clean,0,0,0.00,0,0
91,29,3,1.64,1,2.35,519991,Y4,,,0,14.348,clean,0,0,0.00,0,0
91,30,3,1.70,1,2.21,389725,Y2,,,0,14.133,clean,0,0,0.00,0,0
91,31,3,1.44,1,2.31,514984,Y2,,,0,13.892,clean,0,0,0.00,0,0
91,32,3,1.38,414,2.47,611365,Y2,,,0,13.635,clean,0,0,0.00,0,0
91,33,3,1.70,1,2.30,1123488,Y4,,,0,13.519,clean,0,0,0.00,0,0
91,34,3,1.60,1,2.39,180155,Y4,,,0,13.499,clean,0,0,0.00,0,0
91,35,3,1.82,1,2.49,68396,Y2,,,0,13.564,clean,0,0,0.00,0,0
91,36,3,1.64,1,2.44,1448661,Y4,,,0,13.678,clean,0,0,0.00,0,0
91,37,3,1.99,1,2.34,267863,Y4,,,0,13.636,clean,0,0,0.00,0,0
91,38,3,1.77,1,2.41,410557,Y2,,,0,13.501,clean,0,0,0.00,0,0
91,39,3,1.95,1,2.37,989109,Y4,,,0,13.453,clean,0,0,0.00,0,0
91,40,3,1.68,1,2.41,1424879,Y4,,,0,13.407,clean,0,0,0.00,0,0
91,41,3,1.51,1,2.39,64909,Y4,,,0,13.414,clean,0,0,0.00,0,0
91,42,3,1.97,1,2.39,996798,Y2,,,0,13.387,clean,0,0,0.00,0,0
91,43,3,1.90,1,2.43,831306,Y4,,,0,13.279,clean,0,0,0.00,0,0
91,44,3,1.64,1,2.28,1109719,Y2,,,0,13.095,clean,0,0,0.00,0,0
91,45,3,1.95,1,2.29,196874,Y2,,,0,12.931,clean,0,0,0.00,0,0
91,46,3,1.66,1,2.49,264466,Y2,,,0,12.756,clean,0,0,0.00,0,0
91,47,3,2.13,1,2.70,1967,Y2,,,0,12.508,clean,0,0,0.00,0,0
91,48,3,3.07,1,2.41,463843,Y4,0.00/noise-like,0.00/noise-like,0,12.153,hump-note,0,0,0.00,0,0
91,49,3,2.01,1,2.21,1093358,Y4,,,0,11.756,clean,0,0,0.00,0,0
91,50,3,1.97,1,2.35,141352,Y2,,,0,11.434,clean,0,0,0.00,0,0
91,51,3,2.07,1,2.50,1092643,Y4,,,0,11.116,clean,0,0,0.00,0,0
91,52,3,2.06,1,2.19,1203954,Y4,,,0,10.867,clean,0,0,0.00,0,0
91,53,3,1.97,1,2.46,1195282,Y4,,,0,10.650,clean,0,0,0.00,0,0
91,54,3,2.28,1,2.67,277609,Y4,,,0,10.310,clean,0,0,0.00,0,0
91,55,3,2.25,1,2.43,538945,Y2,,,0,9.832,clean,0,0,0.00,0,0
91,56,3,2.57,1,2.39,531167,Y4,0.00/noise-like,0.00/noise-like,0,9.199,hump-note,0,0,0.00,0,0
91,57,3,2.46,1,2.41,982851,Y2,,,0,8.511,clean,0,0,0.00,0,0
91,58,3,2.95,1,2.45,991523,Y2,0.24/noise-like,0.00/noise-like,0,7.920,hump-note,0,0,0.00,0,0
91,59,3,3.77,1,2.29,134200,Y2,0.24/noise-like,0.00/noise-like,0,7.252,hump-note,0,0,0.00,0,0
91,60,3,0,-1,0,0,-,,,0,6.433,QUARANTINE:dark-lane range=58 distinct=58,0,0,0.00,0,0
91,61,3,0,-1,0,0,-,,,0,5.582,QUARANTINE:dark-lane range=46 distinct=47,0,0,0.00,0,0
91,62,3,0,-1,0,0,-,,,0,4.682,QUARANTINE:dark-lane range=41 distinct=42,0,0,0.00,0,0
91,63,3,0,-1,0,0,-,,,0,3.926,QUARANTINE:dark-lane range=33 distinct=34,0,0,0.00,0,0
92,0,3,3.50,1,2.53,1242578,Y4,0.00/noise-like,0.00/noise-like,0,19.612,hump-note,0,0,0.00,0,0
92,1,3,1.46,1,2.79,1129031,Y2,,,0,19.575,clean,0,0,0.00,0,0
92,2,3,1.37,937,2.39,1464844,Y2,,,0,19.554,clean,0,0,0.00,0,0
92,3,3,1.48,1158,2.48,495404,Y4,,,0,19.662,clean,0,0,0.00,0,0
92,4,3,1.41,604,2.39,1023084,Y2,,,0,19.771,clean,0,0,0.00,0,0
92,5,3,1.49,1,2.44,1166493,Y4,,,0,19.556,clean,0,0,0.00,0,0
92,6,3,1.52,1476,2.53,596970,Y4,,,0,19.313,clean,0,0,0.00,0,0
92,7,3,1.44,1,2.46,289589,Y4,,,0,19.060,clean,0,0,0.00,0,0
92,8,3,1.41,763,2.23,26017,Y2,,,0,18.802,clean,0,0,0.00,0,0
92,9,3,1.61,1,2.58,848830,Y4,,,0,18.377,clean,0,0,0.00,0,0
92,10,3,1.46,1,2.42,559598,Y2,,,0,18.074,clean,0,0,0.00,0,0
92,11,3,1.50,1,2.61,409037,Y4,,,0,17.654,clean,0,0,0.00,0,0
92,12,3,1.39,1,2.50,288337,Y4,,,0,17.170,clean,0,0,0.00,0,0
92,13,3,1.34,540,2.21,918835,Y4,,,0,16.724,clean,0,0,0.00,0,0
92,14,3,1.46,1,2.43,526518,Y4,,,0,16.428,clean,0,0,0.00,0,0
92,15,3,1.55,1,2.43,131696,Y4,,,0,16.271,clean,0,0,0.00,0,0
92,16,3,1.65,1,2.65,1344681,Y2,,,0,16.275,clean,0,0,0.00,0,0
92,17,3,1.46,1,2.57,883162,Y2,,,0,16.473,clean,0,0,0.00,0,0
92,18,3,1.61,1,2.46,156999,Y4,,,0,17.720,clean,0,0,0.00,0,0
92,19,3,1.38,1,2.43,386864,Y2,,,0,16.380,clean,0,0,0.00,0,0
92,20,3,1.54,1,2.20,278145,Y4,,,0,16.099,clean,0,0,0.00,0,0
92,21,3,1.44,1,2.58,588387,Y2,,,0,15.949,clean,0,0,0.00,0,0
92,22,3,1.59,1,2.59,1113027,Y2,,,0,15.929,clean,0,0,0.00,0,0
92,23,3,1.52,1,2.29,848204,Y4,,,0,15.887,clean,0,0,0.00,0,0
92,24,3,1.60,1,2.35,286281,Y2,,,0,15.796,clean,0,0,0.00,0,0
92,25,3,1.63,1,2.37,487089,Y2,,,0,15.426,clean,0,0,0.00,0,0
92,26,3,1.49,1,2.53,57042,Y2,,,0,14.991,clean,0,0,0.00,0,0
92,27,3,1.62,625,2.44,252217,Y4,,,0,14.943,clean,0,0,0.00,0,0
92,28,3,1.47,1,2.38,1278251,Y4,,,0,14.579,clean,0,0,0.00,0,0
92,29,3,2.01,1,2.47,86993,Y2,,,0,14.390,clean,0,0,0.00,0,0
92,30,3,1.51,1,2.31,186503,Y4,,,0,14.145,clean,0,0,0.00,0,0
92,31,3,1.87,1,2.23,20474,Y4,,,0,13.895,clean,0,0,0.00,0,0
92,32,3,1.39,49,2.46,364870,Y4,,,0,13.612,clean,0,0,0.00,0,0
92,33,3,1.84,1,2.35,353694,Y2,,,0,13.514,clean,0,0,0.00,0,0
92,34,3,1.84,1,2.36,9209,Y2,,,0,13.496,clean,0,0,0.00,0,0
92,35,3,1.63,1,2.40,1345754,Y2,,,0,13.555,clean,0,0,0.00,0,0
92,36,3,1.78,1,2.38,1394480,Y4,,,0,13.648,clean,0,0,0.00,0,0
92,37,3,1.71,1,2.36,681818,Y4,,,0,13.616,clean,0,0,0.00,0,0
92,38,3,1.92,1,2.39,87619,Y2,,,0,13.505,clean,0,0,0.00,0,0
92,39,3,1.73,1,2.30,152171,Y4,,,0,13.462,clean,0,0,0.00,0,0
92,40,3,1.81,1,2.39,190884,Y2,,,0,13.421,clean,0,0,0.00,0,0
92,41,3,1.89,1,2.46,1403689,Y2,,,0,13.403,clean,0,0,0.00,0,0
92,42,3,2.09,1,2.37,1348168,Y4,,,0,13.384,clean,0,0,0.00,0,0
92,43,3,1.83,1,2.59,1422733,Y4,,,0,13.299,clean,0,0,0.00,0,0
92,44,3,1.49,1,2.26,928223,Y2,,,0,13.114,clean,0,0,0.00,0,0
92,45,3,1.70,1,2.54,140548,Y2,,,0,12.924,clean,0,0,0.00,0,0
92,46,3,2.07,1,2.52,520349,Y2,,,0,12.763,clean,0,0,0.00,0,0
92,47,3,1.97,1,2.63,258565,Y4,,,0,12.500,clean,0,0,0.00,0,0
92,48,3,3.00,1,2.43,980526,Y4,0.00/noise-like,0.00/noise-like,0,12.151,hump-note,0,0,0.00,0,0
92,49,3,2.13,1,2.42,157088,Y2,,,0,11.751,clean,0,0,0.00,0,0
92,50,3,2.07,1,2.51,1366675,Y4,,,0,11.441,clean,0,0,0.00,0,0
92,51,3,1.99,1,2.45,911057,Y2,,,0,11.102,clean,0,0,0.00,0,0
92,52,3,1.80,1,2.32,378907,Y2,,,0,10.859,clean,0,0,0.00,0,0
92,53,3,2.29,1,3.14,369251,Y2,0.00/noise-like,0.00/noise-like,0,10.661,FAM-HIT,0,0,0.00,0,0
92,54,3,2.36,1,2.42,802606,Y4,,,0,10.312,clean,0,0,0.00,0,0
92,55,3,2.29,1,2.62,289142,Y2,,,0,9.829,clean,0,0,0.00,0,0
92,56,3,2.48,1,2.28,818521,Y4,,,0,9.186,clean,0,0,0.00,0,0
92,57,3,2.40,1,2.35,1320094,Y2,,,0,8.506,clean,0,0,0.00,0,0
92,58,3,3.58,1,2.68,108451,Y2,0.00/noise-like,0.00/noise-like,0,7.926,hump-note,0,0,0.00,0,0
92,59,3,0,-1,0,0,-,,,0,7.257,QUARANTINE:dark-lane range=60 distinct=61,0,0,0.00,0,0
92,60,3,0,-1,0,0,-,,,0,6.431,QUARANTINE:dark-lane range=57 distinct=56,0,0,0.00,0,0
92,61,3,0,-1,0,0,-,,,0,5.570,QUARANTINE:dark-lane range=49 distinct=50,0,0,0.00,0,0
92,62,3,0,-1,0,0,-,,,0,4.680,QUARANTINE:dark-lane range=41 distinct=42,0,0,0.00,0,0
92,63,3,0,-1,0,0,-,,,0,3.928,QUARANTINE:dark-lane range=36 distinct=37,0,0,0.00,0,0
93,0,3,3.36,1,2.50,113010,Y4,0.24/noise-like,0.00/noise-like,0,19.663,hump-note,0,0,0.00,0,0
93,1,3,1.30,682,2.53,352800,Y2,,,0,19.587,clean,0,0,0.00,0,0
93,2,3,1.48,1,2.25,785530,Y2,,,0,19.540,clean,0,0,0.00,0,0
93,3,3,1.42,1,2.18,1293629,Y4,,,0,19.687,clean,0,0,0.00,0,0
93,4,3,1.35,177,2.40,1222193,Y4,,,0,19.728,clean,0,0,0.00,0,0
93,5,3,1.40,904,2.39,922590,Y4,,,0,19.520,clean,0,0,0.00,0,0
93,6,3,1.56,1476,2.45,884324,Y4,,,0,19.277,clean,0,0,0.00,0,0
93,7,3,1.47,1,2.34,375241,Y4,,,0,19.080,clean,0,0,0.00,0,0
93,8,3,1.40,734,2.62,1030862,Y4,,,0,18.745,clean,0,0,0.00,0,0
93,9,3,1.45,1,2.35,436217,Y4,,,0,18.460,clean,0,0,0.00,0,0
93,10,3,1.41,1417,2.35,956744,Y4,,,0,18.062,clean,0,0,0.00,0,0
93,11,3,1.49,1,2.54,62585,Y2,,,0,17.653,clean,0,0,0.00,0,0
93,12,3,1.57,1,2.49,295758,Y4,,,0,17.195,clean,0,0,0.00,0,0
93,13,3,1.46,1,2.38,453115,Y4,,,0,16.725,clean,0,0,0.00,0,0
93,14,3,1.38,1,2.33,910163,Y4,,,0,16.442,clean,0,0,0.00,0,0
93,15,3,1.70,1,2.50,2593,Y2,,,0,16.238,clean,0,0,0.00,0,0
93,16,3,1.36,1114,2.43,1451164,Y4,,,0,16.290,clean,0,0,0.00,0,0
93,17,3,1.71,1,2.54,477791,Y2,,,0,16.482,clean,0,0,0.00,0,0
93,18,3,1.52,717,2.43,214756,Y2,,,0,17.729,clean,0,0,0.00,0,0
93,19,3,1.72,1,2.32,1352817,Y2,,,0,16.408,clean,0,0,0.00,0,0
93,20,3,1.49,1079,2.34,396878,Y4,,,0,16.092,clean,0,0,0.00,0,0
93,21,3,1.48,1,2.30,353336,Y2,,,0,15.943,clean,0,0,0.00,0,0
93,22,3,1.63,1,2.52,874400,Y4,,,0,15.929,clean,0,0,0.00,0,0
93,23,3,1.85,1,2.33,1346648,Y4,,,0,15.901,clean,0,0,0.00,0,0
93,24,3,1.60,1,2.20,593215,Y2,,,0,15.826,clean,0,0,0.00,0,0
93,25,3,1.63,1,2.62,1217991,Y2,,,0,15.424,clean,0,0,0.00,0,0
93,26,3,1.55,1,2.31,1062512,Y2,,,0,15.013,clean,0,0,0.00,0,0
93,27,3,1.83,1,2.48,1349241,Y4,,,0,14.960,clean,0,0,0.00,0,0
93,28,3,1.72,1,2.25,770062,Y2,,,0,14.589,clean,0,0,0.00,0,0
93,29,3,1.58,1152,2.64,1418710,Y2,,,0,14.364,clean,0,0,0.00,0,0
93,30,3,1.91,1,2.34,486195,Y2,,,0,14.134,clean,0,0,0.00,0,0
93,31,3,2.09,1,2.33,863671,Y2,,,0,13.895,clean,0,0,0.00,0,0
93,32,3,1.36,864,2.73,240326,Y2,,,0,13.636,clean,0,0,0.00,0,0
93,33,3,1.52,1,2.51,487715,Y4,,,0,13.504,clean,0,0,0.00,0,0
93,34,3,1.69,1,2.23,87529,Y2,,,0,13.525,clean,0,0,0.00,0,0
93,35,3,1.80,1,2.41,1387507,Y2,,,0,13.570,clean,0,0,0.00,0,0
93,36,3,1.94,1,2.28,809938,Y4,,,0,13.657,clean,0,0,0.00,0,0
93,37,3,1.56,1,2.63,1099795,Y2,,,0,13.615,clean,0,0,0.00,0,0
93,38,3,1.68,1,2.90,168175,Y4,,,0,13.474,clean,0,0,0.00,0,0
93,39,3,1.94,1,2.32,144750,Y2,,,0,13.440,clean,0,0,0.00,0,0
93,40,3,1.65,1,2.34,875473,Y4,,,0,13.419,clean,0,0,0.00,0,0
93,41,3,1.53,1,2.59,374794,Y4,,,0,13.404,clean,0,0,0.00,0,0
93,42,3,1.87,1,2.36,119537,Y2,,,0,13.379,clean,0,0,0.00,0,0
93,43,3,2.00,1,2.51,1227379,Y4,,,0,13.280,clean,0,0,0.00,0,0
93,44,3,1.76,1,2.35,25213,Y4,,,0,13.100,clean,0,0,0.00,0,0
93,45,3,1.99,1,2.34,325263,Y2,,,0,12.930,clean,0,0,0.00,0,0
93,46,3,1.82,1,2.34,1104623,Y4,,,0,12.773,clean,0,0,0.00,0,0
93,47,3,1.85,1,2.38,909895,Y2,,,0,12.527,clean,0,0,0.00,0,0
93,48,3,3.64,1,2.45,888884,Y2,0.00/noise-like,0.00/noise-like,0,12.148,hump-note,0,0,0.00,0,0
93,49,3,1.69,1,2.45,809312,Y4,,,0,11.752,clean,0,0,0.00,0,0
93,50,3,2.07,1,2.32,1219243,Y4,,,0,11.416,clean,0,0,0.00,0,0
93,51,3,2.50,1,2.35,460804,Y2,,,0,11.114,clean,0,0,0.00,0,0
93,52,3,1.95,1,2.21,52124,Y4,,,0,10.892,clean,0,0,0.00,0,0
93,53,3,1.97,1,2.59,369877,Y4,,,0,10.655,clean,0,0,0.00,0,0
93,54,3,2.10,1,2.43,303537,Y4,,,0,10.298,clean,0,0,0.00,0,0
93,55,3,2.36,1,2.30,1437396,Y4,,,0,9.820,clean,0,0,0.00,0,0
93,56,3,2.69,1,2.37,216722,Y4,0.00/noise-like,0.00/noise-like,0,9.188,hump-note,0,0,0.00,0,0
93,57,3,3.13,1,2.39,43094,Y4,0.00/noise-like,0.00/noise-like,0,8.516,hump-note,0,0,0.00,0,0
93,58,3,3.21,1,2.49,925183,Y4,0.00/noise-like,0.00/noise-like,0,7.922,hump-note,0,0,0.00,0,0
93,59,3,0,-1,0,0,-,,,0,7.271,QUARANTINE:dark-lane range=59 distinct=60,0,0,0.00,0,0
93,60,3,0,-1,0,0,-,,,0,6.439,QUARANTINE:dark-lane range=55 distinct=55,0,0,0.00,0,0
93,61,3,0,-1,0,0,-,,,0,5.598,QUARANTINE:dark-lane range=47 distinct=47,0,0,0.00,0,0
93,62,3,0,-1,0,0,-,,,0,4.678,QUARANTINE:dark-lane range=41 distinct=41,0,0,0.00,0,0
93,63,3,0,-1,0,0,-,,,0,3.928,QUARANTINE:dark-lane range=35 distinct=34,0,0,0.00,0,0
94,0,3,3.38,1,2.23,1341015,Y2,0.24/noise-like,0.00/noise-like,0,19.585,hump-note,0,0,0.00,0,0
94,1,3,1.67,1,2.40,940919,Y2,,,0,19.570,clean,0,0,0.00,0,0
94,2,3,1.47,1,2.36,147522,Y4,,,0,19.578,clean,0,0,0.00,0,0
94,3,3,1.43,616,2.34,716865,Y4,,,0,19.662,clean,0,0,0.00,0,0
94,4,3,1.35,1,2.31,481188,Y2,,,0,19.759,clean,0,0,0.00,0,0
94,5,3,1.40,1,2.39,1313388,Y2,,,0,19.541,clean,0,0,0.00,0,0
94,6,3,1.42,1476,2.50,631928,Y2,,,0,19.295,clean,0,0,0.00,0,0
94,7,3,1.33,987,2.29,673860,Y2,,,0,19.090,clean,0,0,0.00,0,0
94,8,3,1.31,1050,2.40,1153976,Y4,,,0,18.779,clean,0,0,0.00,0,0
94,9,3,1.42,1,2.37,225216,Y2,,,0,18.400,clean,0,0,0.00,0,0
94,10,3,1.46,1,2.60,11891,Y2,,,0,18.071,clean,0,0,0.00,0,0
94,11,3,1.73,1,2.40,465989,Y2,,,0,17.658,clean,0,0,0.00,0,0
94,12,3,1.59,1,2.37,1396090,Y2,,,0,17.205,clean,0,0,0.00,0,0
94,13,3,1.65,1,2.38,1448750,Y4,,,0,16.754,clean,0,0,0.00,0,0
94,14,3,1.39,1115,2.54,246584,Y4,,,0,16.422,clean,0,0,0.00,0,0
94,15,3,1.61,1,2.36,1186520,Y2,,,0,16.247,clean,0,0,0.00,0,0
94,16,3,1.50,1,2.35,794023,Y4,,,0,16.291,clean,0,0,0.00,0,0
94,17,3,1.53,1,2.34,1097828,Y4,,,0,16.468,clean,0,0,0.00,0,0
94,18,3,1.56,706,2.39,605375,Y2,,,0,17.707,clean,0,0,0.00,0,0
94,19,3,1.41,160,2.64,354320,Y2,,,0,16.407,clean,0,0,0.00,0,0
94,20,3,1.69,1,2.43,857413,Y4,,,0,16.075,clean,0,0,0.00,0,0
94,21,3,1.58,1,2.38,931263,Y4,,,0,15.926,clean,0,0,0.00,0,0
94,22,3,1.60,1,2.70,1369894,Y4,,,0,15.903,clean,0,0,0.00,0,0
94,23,3,1.65,1,2.37,78678,Y4,,,0,15.909,clean,0,0,0.00,0,0
94,24,3,1.40,1,2.59,1046419,Y4,,,0,15.791,clean,0,0,0.00,0,0
94,25,3,1.52,1,2.36,1002520,Y2,,,0,15.425,clean,0,0,0.00,0,0
94,26,3,1.58,1,2.52,986516,Y4,,,0,14.995,clean,0,0,0.00,0,0
94,27,3,1.74,1,2.31,1251251,Y4,,,0,14.938,clean,0,0,0.00,0,0
94,28,3,1.67,1,2.55,1016468,Y4,,,0,14.549,clean,0,0,0.00,0,0
94,29,3,1.86,1,2.50,342786,Y2,,,0,14.382,clean,0,0,0.00,0,0
94,30,3,1.68,1,2.42,625312,Y4,,,0,14.137,clean,0,0,0.00,0,0
94,31,3,1.68,1,2.38,868678,Y4,,,0,13.865,clean,0,0,0.00,0,0
94,32,3,1.35,1337,2.50,1331270,Y2,,,0,13.627,clean,0,0,0.00,0,0
94,33,3,1.56,1,2.35,1457959,Y2,,,0,13.518,clean,0,0,0.00,0,0
94,34,3,1.78,1,2.44,443190,Y2,,,0,13.514,clean,0,0,0.00,0,0
94,35,3,1.93,1,2.48,194639,Y2,,,0,13.562,clean,0,0,0.00,0,0
94,36,3,1.63,1,2.79,16809,Y4,,,0,13.677,clean,0,0,0.00,0,0
94,37,3,1.67,1,2.71,584990,Y2,,,0,13.620,clean,0,0,0.00,0,0
94,38,3,1.51,1,2.48,370681,Y2,,,0,13.502,clean,0,0,0.00,0,0
94,39,3,1.63,1,2.51,658304,Y4,,,0,13.424,clean,0,0,0.00,0,0
94,40,3,2.03,1,2.58,894248,Y4,,,0,13.415,clean,0,0,0.00,0,0
94,41,3,1.63,1,3.13,1464844,Y2,0.00/noise-like,0.00/noise-like,0,13.412,FAM-HIT,0,0,0.00,0,0
94,42,3,1.71,1,2.46,456512,Y4,,,0,13.389,clean,0,0,0.00,0,0
94,43,3,1.80,1,2.45,1166046,Y2,,,0,13.316,clean,0,0,0.00,0,0
94,44,3,1.84,1,2.43,1431853,Y2,,,0,13.106,clean,0,0,0.00,0,0
94,45,3,1.72,1,2.43,118196,Y2,,,0,12.927,clean,0,0,0.00,0,0
94,46,3,1.93,1,2.36,1364797,Y2,,,0,12.773,clean,0,0,0.00,0,0
94,47,3,1.61,1,2.48,13143,Y4,,,0,12.515,clean,0,0,0.00,0,0
94,48,3,3.49,1,2.32,712037,Y2,0.00/noise-like,0.00/noise-like,0,12.142,hump-note,0,0,0.00,0,0
94,49,3,1.85,1,2.26,124544,Y4,,,0,11.747,clean,0,0,0.00,0,0
94,50,3,2.16,1,2.37,448555,Y2,,,0,11.438,clean,0,0,0.00,0,0
94,51,3,2.24,1,2.45,72777,Y4,,,0,11.097,clean,0,0,0.00,0,0
94,52,3,2.00,1,2.45,131339,Y4,,,0,10.877,clean,0,0,0.00,0,0
94,53,3,2.28,1,2.40,76085,Y4,,,0,10.649,clean,0,0,0.00,0,0
94,54,3,2.22,1,2.35,629157,Y4,,,0,10.296,clean,0,0,0.00,0,0
94,55,3,2.48,1,2.40,1126975,Y2,,,0,9.806,clean,0,0,0.00,0,0
94,56,3,2.62,1,2.68,594378,Y4,0.00/noise-like,0.00/noise-like,0,9.178,hump-note,0,0,0.00,0,0
94,57,3,3.11,1,2.44,1461536,Y4,0.00/noise-like,0.00/noise-like,0,8.512,hump-note,0,0,0.00,0,0
94,58,3,3.26,1,2.39,61423,Y2,0.24/noise-like,0.00/noise-like,0,7.930,hump-note,0,0,0.00,0,0
94,59,3,0,-1,0,0,-,,,0,7.256,QUARANTINE:dark-lane range=61 distinct=62,0,0,0.00,0,0
94,60,3,0,-1,0,0,-,,,0,6.420,QUARANTINE:dark-lane range=58 distinct=57,0,0,0.00,0,0
94,61,3,0,-1,0,0,-,,,0,5.584,QUARANTINE:dark-lane range=54 distinct=53,0,0,0.00,0,0
94,62,3,0,-1,0,0,-,,,0,4.682,QUARANTINE:dark-lane range=43 distinct=42,0,0,0.00,0,0
94,63,3,0,-1,0,0,-,,,0,3.929,QUARANTINE:dark-lane range=34 distinct=35,0,0,0.00,0,0
95,0,3,3.31,1,2.33,1317590,Y4,0.00/noise-like,0.00/noise-like,0,19.670,hump-note,0,0,0.00,0,0
95,1,3,1.35,378,2.38,1309544,Y2,,,0,19.560,clean,0,0,0.00,0,0
95,2,3,1.45,1,2.48,48101,Y4,,,0,19.541,clean,0,0,0.00,0,0
95,3,3,1.56,1,2.28,935018,Y4,,,0,19.679,clean,0,0,0.00,0,0
95,4,3,1.33,1082,2.45,1088887,Y4,,,0,19.793,clean,0,0,0.00,0,0
95,5,3,1.49,1,2.38,400186,Y4,,,0,19.522,clean,0,0,0.00,0,0
95,6,3,1.38,1,2.52,40412,Y2,,,0,19.318,clean,0,0,0.00,0,0
95,7,3,1.35,303,2.63,213325,Y2,,,0,19.080,clean,0,0,0.00,0,0
95,8,3,1.35,380,2.29,353783,Y4,,,0,18.769,clean,0,0,0.00,0,0
95,9,3,1.44,1,2.49,1132071,Y4,,,0,18.417,clean,0,0,0.00,0,0
95,10,3,1.50,1,2.54,1433104,Y4,,,0,18.048,clean,0,0,0.00,0,0
95,11,3,1.42,254,2.46,974536,Y2,,,0,17.685,clean,0,0,0.00,0,0
95,12,3,1.36,845,2.53,443906,Y4,,,0,17.204,clean,0,0,0.00,0,0
95,13,3,1.56,1,2.55,205368,Y2,,,0,16.736,clean,0,0,0.00,0,0
95,14,3,1.48,1,2.59,427812,Y4,,,0,16.430,clean,0,0,0.00,0,0
95,15,3,1.49,1,2.65,254095,Y4,,,0,16.255,clean,0,0,0.00,0,0
95,16,3,1.38,1,2.38,62406,Y2,,,0,16.300,clean,0,0,0.00,0,0
95,17,3,1.49,1,2.60,263661,Y4,,,0,16.466,clean,0,0,0.00,0,0
95,18,3,1.51,833,2.49,17703,Y4,,,0,17.720,clean,0,0,0.00,0,0
95,19,3,1.77,1,2.38,58025,Y2,,,0,16.390,clean,0,0,0.00,0,0
95,20,3,1.52,1,2.27,1099527,Y4,,,0,16.102,clean,0,0,0.00,0,0
95,21,3,1.46,1273,2.28,231743,Y2,,,0,15.950,clean,0,0,0.00,0,0
95,22,3,1.65,1,2.67,87440,Y4,,,0,15.884,clean,0,0,0.00,0,0
95,23,3,1.50,1,2.72,1264840,Y2,,,0,15.905,clean,0,0,0.00,0,0
95,24,3,1.45,1,2.27,147522,Y4,,,0,15.807,clean,0,0,0.00,0,0
95,25,3,1.48,1,2.24,1033902,Y4,,,0,15.439,clean,0,0,0.00,0,0
95,26,3,1.61,1,2.39,700951,Y2,,,0,14.987,clean,0,0,0.00,0,0
95,27,3,1.67,1,2.44,1133591,Y4,,,0,14.976,clean,0,0,0.00,0,0
95,28,3,1.68,1,2.44,1182318,Y2,,,0,14.567,clean,0,0,0.00,0,0
95,29,3,2.01,1,2.40,448287,Y2,,,0,14.386,clean,0,0,0.00,0,0
95,30,3,1.71,1,2.78,553250,Y4,,,0,14.160,clean,0,0,0.00,0,0
95,31,3,1.82,1,2.48,630230,Y4,,,0,13.863,clean,0,0,0.00,0,0
95,32,3,1.44,1028,2.44,232726,Y4,,,0,13.654,clean,0,0,0.00,0,0
95,33,3,1.82,1,2.34,355393,Y4,,,0,13.512,clean,0,0,0.00,0,0
95,34,3,1.67,1,2.53,242203,Y4,,,0,13.525,clean,0,0,0.00,0,0
95,35,3,1.71,1,2.50,1027107,Y2,,,0,13.578,clean,0,0,0.00,0,0
95,36,3,1.87,1,2.32,779450,Y2,,,0,13.654,clean,0,0,0.00,0,0
95,37,3,1.56,1,2.33,1191795,Y2,,,0,13.633,clean,0,0,0.00,0,0
95,38,3,1.60,1,2.38,1023531,Y4,,,0,13.481,clean,0,0,0.00,0,0
95,39,3,1.80,1,2.25,234246,Y4,,,0,13.453,clean,0,0,0.00,0,0
95,40,3,1.90,1,2.36,1316965,Y4,,,0,13.421,clean,0,0,0.00,0,0
95,41,3,2.07,1,2.55,261962,Y4,,,0,13.420,clean,0,0,0.00,0,0
95,42,3,1.85,1,2.49,1130909,Y2,,,0,13.418,clean,0,0,0.00,0,0
95,43,3,1.81,1,2.32,862151,Y2,,,0,13.297,clean,0,0,0.00,0,0
95,44,3,1.84,1,2.66,720531,Y4,,,0,13.105,clean,0,0,0.00,0,0
95,45,3,1.96,1,2.46,686556,Y4,,,0,12.932,clean,0,0,0.00,0,0
95,46,3,1.53,1,2.31,1318485,Y4,,,0,12.762,clean,0,0,0.00,0,0
95,47,3,1.70,1,2.28,850618,Y4,,,0,12.538,clean,0,0,0.00,0,0
95,48,3,3.27,1,2.51,1116514,Y4,0.24/noise-like,0.00/noise-like,0,12.144,hump-note,0,0,0.00,0,0
95,49,3,1.94,1,2.35,87440,Y4,,,0,11.763,clean,0,0,0.00,0,0
95,50,3,2.00,1,2.36,1288712,Y4,,,0,11.416,clean,0,0,0.00,0,0
95,51,3,2.21,1,2.47,191331,Y4,,,0,11.109,clean,0,0,0.00,0,0
95,52,3,2.03,1,2.42,803322,Y4,,,0,10.857,clean,0,0,0.00,0,0
95,53,3,2.07,1,2.24,1364529,Y2,,,0,10.675,clean,0,0,0.00,0,0
95,54,3,2.43,1,2.37,171930,Y2,,,0,10.304,clean,0,0,0.00,0,0
95,55,3,2.33,1,2.37,1185000,Y4,,,0,9.805,clean,0,0,0.00,0,0
95,56,3,2.98,1,2.63,625491,Y2,0.00/noise-like,0.00/noise-like,0,9.176,hump-note,0,0,0.00,0,0
95,57,3,2.42,1,2.39,720352,Y2,,,0,8.516,clean,0,0,0.00,0,0
95,58,3,3.48,1,2.35,422984,Y2,0.00/noise-like,0.00/noise-like,0,7.925,hump-note,0,0,0.00,0,0
95,59,3,0,-1,0,0,-,,,0,7.271,QUARANTINE:dark-lane range=62 distinct=62,0,0,0.00,0,0
95,60,3,0,-1,0,0,-,,,0,6.431,QUARANTINE:dark-lane range=56 distinct=55,0,0,0.00,0,0
95,61,3,0,-1,0,0,-,,,0,5.582,QUARANTINE:dark-lane range=56 distinct=53,0,0,0.00,0,0
95,62,3,0,-1,0,0,-,,,0,4.690,QUARANTINE:dark-lane range=39 distinct=40,0,0,0.00,0,0
95,63,3,0,-1,0,0,-,,,0,3.932,QUARANTINE:dark-lane range=33 distinct=34,0,0,0.00,0,0
96,0,3,2.89,1,2.34,1067340,Y4,0.00/noise-like,0.24/noise-like,0,19.622,hump-note,0,0,0.00,0,0
96,1,3,1.39,868,2.50,1026481,Y4,,,0,19.586,clean,0,0,0.00,0,0
96,2,3,1.35,1,2.27,335544,Y2,,,0,19.578,clean,0,0,0.00,0,0
96,3,3,1.32,614,2.38,481635,Y2,,,0,19.642,clean,0,0,0.00,0,0
96,4,3,1.36,233,2.29,950217,Y2,,,0,19.790,clean,0,0,0.00,0,0
96,5,3,1.49,645,2.63,99599,Y2,,,0,19.583,clean,0,0,0.00,0,0
96,6,3,1.62,1476,2.51,1262784,Y2,,,0,19.303,clean,0,0,0.00,0,0
96,7,3,1.60,1,2.46,362366,Y2,,,0,19.075,clean,0,0,0.00,0,0
96,8,3,1.40,282,2.27,402153,Y4,,,0,18.793,clean,0,0,0.00,0,0
96,9,3,1.37,144,2.50,116318,Y4,,,0,18.404,clean,0,0,0.00,0,0
96,10,3,1.55,1,2.47,1167119,Y4,,,0,18.046,clean,0,0,0.00,0,0
96,11,3,1.49,1,2.40,21368,Y2,,,0,17.692,clean,0,0,0.00,0,0
96,12,3,1.40,1,2.35,941545,Y4,,,0,17.174,clean,0,0,0.00,0,0
96,13,3,1.51,1,2.50,1292020,Y4,,,0,16.743,clean,0,0,0.00,0,0
96,14,3,1.53,1,2.37,27806,Y2,,,0,16.412,clean,0,0,0.00,0,0
96,15,3,1.32,443,2.44,1426578,Y2,,,0,16.253,clean,0,0,0.00,0,0
96,16,3,1.60,1,2.29,951827,Y2,,,0,16.293,clean,0,0,0.00,0,0
96,17,3,1.31,1110,2.45,126243,Y4,,,0,16.473,clean,0,0,0.00,0,0
96,18,3,1.51,798,2.41,868052,Y2,,,0,17.720,clean,0,0,0.00,0,0
96,19,3,1.49,1,2.47,1145571,Y4,,,0,16.423,clean,0,0,0.00,0,0
96,20,3,1.36,662,2.28,1464486,Y2,,,0,16.086,clean,0,0,0.00,0,0
96,21,3,1.68,1,2.47,1047045,Y2,,,0,15.941,clean,0,0,0.00,0,0
96,22,3,1.39,1,2.31,1428634,Y2,,,0,15.969,clean,0,0,0.00,0,0
96,23,3,1.37,1,2.47,1279861,Y2,,,0,15.951,clean,0,0,0.00,0,0
96,24,3,1.73,1,2.34,459373,Y2,,,0,15.842,clean,0,0,0.00,0,0
96,25,3,1.52,1,2.85,732780,Y2,,,0,15.390,clean,0,0,0.00,0,0
96,26,3,1.42,1,2.49,222713,Y4,,,0,15.002,clean,0,0,0.00,0,0
96,27,3,1.63,636,2.41,1137793,Y4,,,0,14.982,clean,0,0,0.00,0,0
96,28,3,1.81,1,2.35,1103908,Y4,,,0,14.578,clean,0,0,0.00,0,0
96,29,3,1.85,1,2.60,1247764,Y4,,,0,14.386,clean,0,0,0.00,0,0
96,30,3,1.53,1,2.50,812083,Y2,,,0,14.142,clean,0,0,0.00,0,0
96,31,3,1.65,1,2.51,9835,Y2,,,0,13.883,clean,0,0,0.00,0,0
96,32,3,1.44,1,2.39,885218,Y4,,,0,13.635,clean,0,0,0.00,0,0
96,33,3,1.97,1,2.45,1198590,Y4,,,0,13.526,clean,0,0,0.00,0,0
96,34,3,1.62,1,2.61,967205,Y2,,,0,13.497,clean,0,0,0.00,0,0
96,35,3,1.83,1,2.44,166297,Y4,,,0,13.590,clean,0,0,0.00,0,0
96,36,3,1.57,1,2.59,79840,Y2,,,0,13.660,clean,0,0,0.00,0,0
96,37,3,1.68,1,2.17,906765,Y4,,,0,13.641,clean,0,0,0.00,0,0
96,38,3,1.71,1,2.46,71257,Y4,,,0,13.484,clean,0,0,0.00,0,0
96,39,3,2.00,1,2.33,190616,Y2,,,0,13.436,clean,0,0,0.00,0,0
96,40,3,2.09,1,2.38,1258314,Y2,,,0,13.426,clean,0,0,0.00,0,0
96,41,3,2.01,1,2.70,395089,Y2,,,0,13.393,clean,0,0,0.00,0,0
96,42,3,1.82,1,2.52,1061529,Y2,,,0,13.386,clean,0,0,0.00,0,0
96,43,3,1.83,1,2.41,69737,Y4,,,0,13.284,clean,0,0,0.00,0,0
96,44,3,2.01,1,2.49,293255,Y4,,,0,13.092,clean,0,0,0.00,0,0
96,45,3,1.69,1,2.56,801980,Y2,,,0,12.921,clean,0,0,0.00,0,0
96,46,3,1.88,1,2.52,504076,Y4,,,0,12.796,clean,0,0,0.00,0,0
96,47,3,1.84,1,2.71,177205,Y4,,,0,12.491,clean,0,0,0.00,0,0
96,48,3,3.24,1,2.40,837296,Y4,0.00/noise-like,0.00/noise-like,0,12.170,hump-note,0,0,0.00,0,0
96,49,3,2.03,1,2.41,94056,Y2,,,0,11.741,clean,0,0,0.00,0,0
96,50,3,2.10,1,2.68,1023084,Y2,,,0,11.423,clean,0,0,0.00,0,0
96,51,3,2.15,1,2.51,614762,Y2,,,0,11.097,clean,0,0,0.00,0,0
96,52,3,1.93,1,2.76,54091,Y4,,,0,10.867,clean,0,0,0.00,0,0
96,53,3,2.21,1,2.68,1174808,Y4,,,0,10.653,clean,0,0,0.00,0,0
96,54,3,2.31,1,2.38,1419514,Y2,,,0,10.308,clean,0,0,0.00,0,0
96,55,3,2.47,1,2.25,170410,Y2,,,0,9.819,clean,0,0,0.00,0,0
96,56,3,2.62,1,2.34,499427,Y2,0.24/noise-like,0.00/noise-like,0,9.201,hump-note,0,0,0.00,0,0
96,57,3,3.01,1,2.45,195891,Y2,0.00/noise-like,0.00/noise-like,0,8.506,hump-note,0,0,0.00,0,0
96,58,3,3.70,1,2.42,1173288,Y2,0.24/noise-like,0.00/noise-like,0,7.928,hump-note,0,0,0.00,0,0
96,59,3,0,-1,0,0,-,,,0,7.266,QUARANTINE:dark-lane range=61 distinct=62,0,0,0.00,0,0
96,60,3,0,-1,0,0,-,,,0,6.438,QUARANTINE:dark-lane range=55 distinct=55,0,0,0.00,0,0
96,61,3,0,-1,0,0,-,,,0,5.574,QUARANTINE:dark-lane range=49 distinct=48,0,0,0.00,0,0
96,62,3,0,-1,0,0,-,,,0,4.688,QUARANTINE:dark-lane range=43 distinct=42,0,0,0.00,0,0
96,63,3,0,-1,0,0,-,,,0,3.927,QUARANTINE:dark-lane range=34 distinct=35,0,0,0.00,0,0
97,0,3,3.32,1,2.34,5007,Y4,0.00/noise-like,0.00/noise-like,0,19.620,hump-note,0,0,0.00,0,0
97,1,3,1.46,1402,2.68,647128,Y4,,,0,19.538,clean,0,0,0.00,0,0
97,2,3,1.55,1,2.34,551194,Y4,,,0,19.538,clean,0,0,0.00,0,0
97,3,3,1.39,1,2.42,352263,Y2,,,0,19.655,clean,0,0,0.00,0,0
97,4,3,1.35,1,2.39,1255631,Y4,,,0,19.782,clean,0,0,0.00,0,0
97,5,3,1.37,1,2.31,40233,Y2,,,0,19.528,clean,0,0,0.00,0,0
97,6,3,1.50,1476,2.30,931174,Y4,,,0,19.326,clean,0,0,0.00,0,0
97,7,3,1.39,1169,2.34,283241,Y4,,,0,19.076,clean,0,0,0.00,0,0
97,8,3,1.41,384,2.46,417352,Y2,,,0,18.821,clean,0,0,0.00,0,0
97,9,3,1.51,1,2.52,1442403,Y4,,,0,18.437,clean,0,0,0.00,0,0
97,10,3,1.38,1289,2.27,691384,Y2,,,0,18.069,clean,0,0,0.00,0,0
97,11,3,1.37,880,2.46,56505,Y2,,,0,17.654,clean,0,0,0.00,0,0
97,12,3,1.52,1,2.22,1011550,Y2,,,0,17.202,clean,0,0,0.00,0,0
97,13,3,1.50,1,2.59,862509,Y4,,,0,16.732,clean,0,0,0.00,0,0
97,14,3,1.44,627,2.43,217706,Y2,,,0,16.424,clean,0,0,0.00,0,0
97,15,3,1.45,1,2.50,39339,Y4,,,0,16.231,clean,0,0,0.00,0,0
97,16,3,1.47,1,2.44,1135379,Y4,,,0,16.308,clean,0,0,0.00,0,0
97,17,3,1.51,1,2.34,467956,Y4,,,0,16.486,clean,0,0,0.00,0,0
97,18,3,1.68,730,2.38,1091748,Y4,,,0,17.743,clean,0,0,0.00,0,0
97,19,3,1.52,1,2.33,268400,Y4,,,0,16.388,clean,0,0,0.00,0,0
97,20,3,1.63,1,2.37,1375437,Y4,,,0,16.087,clean,0,0,0.00,0,0
97,21,3,1.43,1,2.38,687450,Y4,,,0,15.936,clean,0,0,0.00,0,0
97,22,3,1.60,1,2.36,1421660,Y4,,,0,15.948,clean,0,0,0.00,0,0
97,23,3,1.65,1,2.44,1250356,Y4,,,0,15.910,clean,0,0,0.00,0,0
97,24,3,1.77,1,2.44,754237,Y4,,,0,15.806,clean,0,0,0.00,0,0
97,25,3,1.34,398,2.49,256330,Y2,,,0,15.386,clean,0,0,0.00,0,0
97,26,3,1.38,1,2.56,1075655,Y4,,,0,14.993,clean,0,0,0.00,0,0
97,27,3,1.62,624,2.31,146985,Y4,,,0,14.938,clean,0,0,0.00,0,0
97,28,3,1.70,1,2.52,652045,Y4,,,0,14.574,clean,0,0,0.00,0,0
97,29,3,1.74,1,2.54,1101136,Y2,,,0,14.387,clean,0,0,0.00,0,0
97,30,3,1.67,1,2.34,878066,Y4,,,0,14.116,clean,0,0,0.00,0,0
97,31,3,1.99,1,2.43,1220852,Y2,,,0,13.885,clean,0,0,0.00,0,0
97,32,3,1.44,375,2.31,1154959,Y4,,,0,13.650,clean,0,0,0.00,0,0
97,33,3,1.54,1,2.31,686646,Y4,,,0,13.513,clean,0,0,0.00,0,0
97,34,3,1.67,1,2.75,706673,Y2,,,0,13.517,clean,0,0,0.00,0,0
97,35,3,1.80,1,2.36,1369983,Y4,,,0,13.579,clean,0,0,0.00,0,0
97,36,3,1.95,1,2.42,892103,Y4,,,0,13.678,clean,0,0,0.00,0,0
97,37,3,1.81,1,2.35,426292,Y2,,,0,13.621,clean,0,0,0.00,0,0
97,38,3,1.81,1,2.28,553876,Y4,,,0,13.492,clean,0,0,0.00,0,0
97,39,3,1.72,1,2.68,1292288,Y2,,,0,13.431,clean,0,0,0.00,0,0
97,40,3,1.74,1,2.66,919193,Y2,,,0,13.409,clean,0,0,0.00,0,0
97,41,3,1.78,1,2.43,607967,Y4,,,0,13.372,clean,0,0,0.00,0,0
97,42,3,1.71,1,2.29,100940,Y2,,,0,13.406,clean,0,0,0.00,0,0
97,43,3,1.84,1,2.57,925004,Y4,,,0,13.333,clean,0,0,0.00,0,0
97,44,3,1.89,1,2.52,894606,Y2,,,0,13.114,clean,0,0,0.00,0,0
97,45,3,1.85,1,2.44,57667,Y4,,,0,12.918,clean,0,0,0.00,0,0
97,46,3,2.05,1,2.42,1220852,Y4,,,0,12.776,clean,0,0,0.00,0,0
97,47,3,1.75,1,2.39,944406,Y2,,,0,12.518,clean,0,0,0.00,0,0
97,48,3,3.24,1,2.43,775605,Y2,0.00/noise-like,0.00/noise-like,0,12.131,hump-note,0,0,0.00,0,0
97,49,3,2.09,1,2.22,893801,Y2,,,0,11.744,clean,0,0,0.00,0,0
97,50,3,1.83,1,2.34,763714,Y4,,,0,11.428,clean,0,0,0.00,0,0
97,51,3,2.10,1,2.35,223070,Y2,,,0,11.094,clean,0,0,0.00,0,0
97,52,3,2.04,1,2.98,707656,Y2,,,0,10.857,clean,0,0,0.00,0,0
97,53,3,2.06,1,2.47,346363,Y4,,,0,10.651,clean,0,0,0.00,0,0
97,54,3,2.43,1,2.39,1324743,Y2,,,0,10.300,clean,0,0,0.00,0,0
97,55,3,2.25,1,2.52,670105,Y4,,,0,9.819,clean,0,0,0.00,0,0
97,56,3,2.68,1,2.49,825047,Y4,0.00/noise-like,0.00/noise-like,0,9.195,hump-note,0,0,0.00,0,0
97,57,3,2.69,1,2.38,834614,Y4,0.00/noise-like,0.00/noise-like,0,8.519,hump-note,0,0,0.00,0,0
97,58,3,3.11,1,2.39,1348704,Y4,0.00/noise-like,0.24/noise-like,0,7.910,hump-note,0,0,0.00,0,0
97,59,3,0,-1,0,0,-,,,0,7.256,QUARANTINE:dark-lane range=60 distinct=60,0,0,0.00,0,0
97,60,3,0,-1,0,0,-,,,0,6.428,QUARANTINE:dark-lane range=56 distinct=55,0,0,0.00,0,0
97,61,3,0,-1,0,0,-,,,0,5.575,QUARANTINE:dark-lane range=51 distinct=51,0,0,0.00,0,0
97,62,3,0,-1,0,0,-,,,0,4.686,QUARANTINE:dark-lane range=46 distinct=43,0,0,0.00,0,0
97,63,3,0,-1,0,0,-,,,0,3.933,QUARANTINE:dark-lane range=34 distinct=35,0,0,0.00,0,0
98,0,3,3.64,1,2.36,927955,Y2,0.00/noise-like,0.00/noise-like,0,19.626,hump-note,0,0,0.00,0,0
98,1,3,1.35,922,2.40,63479,Y4,,,0,19.556,clean,0,0,0.00,0,0
98,2,3,1.31,305,2.38,661522,Y2,,,0,19.536,clean,0,0,0.00,0,0
98,3,3,1.36,1380,2.29,1190633,Y2,,,0,19.655,clean,0,0,0.00,0,0
98,4,3,1.36,1,2.53,1169264,Y2,,,0,19.771,clean,0,0,0.00,0,0
98,5,3,1.32,959,2.34,112653,Y4,,,0,19.536,clean,0,0,0.00,0,0
98,6,3,1.78,1476,2.49,1322865,Y4,,,0,19.293,clean,0,0,0.00,0,0
98,7,3,1.45,1,2.37,427186,Y2,,,0,19.076,clean,0,0,0.00,0,0
98,8,3,1.56,1,2.60,1609,Y4,,,0,18.825,clean,0,0,0.00,0,0
98,9,3,1.39,303,2.52,21905,Y2,,,0,18.385,clean,0,0,0.00,0,0
98,10,3,1.38,1,2.44,1343697,Y4,,,0,18.041,clean,0,0,0.00,0,0
98,11,3,1.47,1,2.43,323117,Y4,,,0,17.667,clean,0,0,0.00,0,0
98,12,3,1.37,1,2.34,347972,Y4,,,0,17.206,clean,0,0,0.00,0,0
98,13,3,1.49,1,2.42,226110,Y2,,,0,16.744,clean,0,0,0.00,0,0
98,14,3,1.51,1,2.39,1201272,Y4,,,0,16.412,clean,0,0,0.00,0,0
98,15,3,1.40,1,2.27,201076,Y2,,,0,16.251,clean,0,0,0.00,0,0
98,16,3,1.62,1,2.44,1178741,Y4,,,0,16.271,clean,0,0,0.00,0,0
98,17,3,1.51,1,2.35,583470,Y2,,,0,16.439,clean,0,0,0.00,0,0
98,18,3,1.52,688,2.37,839621,Y2,,,0,17.695,clean,0,0,0.00,0,0
98,19,3,1.51,1,2.66,1121610,Y4,,,0,16.404,clean,0,0,0.00,0,0
98,20,3,1.42,1,2.27,1157373,Y2,,,0,16.092,clean,0,0,0.00,0,0
98,21,3,1.41,1,2.42,278145,Y2,,,0,15.955,clean,0,0,0.00,0,0
98,22,3,1.39,1,2.31,75728,Y4,,,0,15.926,clean,0,0,0.00,0,0
98,23,3,1.61,1,2.46,898987,Y2,,,0,15.903,clean,0,0,0.00,0,0
98,24,3,1.40,1,2.38,688970,Y2,,,0,15.805,clean,0,0,0.00,0,0
98,25,3,1.47,1,2.51,362635,Y2,,,0,15.448,clean,0,0,0.00,0,0
98,26,3,1.70,1,2.48,414401,Y4,,,0,14.970,clean,0,0,0.00,0,0
98,27,3,1.58,649,2.53,18597,Y4,,,0,14.960,clean,0,0,0.00,0,0
98,28,3,1.73,1,2.38,706315,Y4,,,0,14.588,clean,0,0,0.00,0,0
98,29,3,1.65,1,2.46,181228,Y2,,,0,14.388,clean,0,0,0.00,0,0
98,30,3,1.74,1,2.31,85115,Y2,,,0,14.152,clean,0,0,0.00,0,0
98,31,3,1.92,1,2.51,462949,Y4,,,0,13.856,clean,0,0,0.00,0,0
98,32,3,1.35,1,2.59,853390,Y2,,,0,13.643,clean,0,0,0.00,0,0
98,33,3,1.87,1,2.57,842035,Y4,,,0,13.523,clean,0,0,0.00,0,0
98,34,3,1.74,1,2.34,698537,Y4,,,0,13.515,clean,0,0,0.00,0,0
98,35,3,2.02,1,2.54,581056,Y4,,,0,13.586,clean,0,0,0.00,0,0
98,36,3,2.10,1,2.36,293255,Y4,,,0,13.662,clean,0,0,0.00,0,0
98,37,3,1.86,1,2.44,239789,Y2,,,0,13.627,clean,0,0,0.00,0,0
98,38,3,1.64,1,2.35,594467,Y4,,,0,13.485,clean,0,0,0.00,0,0
98,39,3,1.85,1,2.24,385791,Y4,,,0,13.455,clean,0,0,0.00,0,0
98,40,3,1.46,1,2.69,461519,Y2,,,0,13.401,clean,0,0,0.00,0,0
98,41,3,1.69,1,2.45,49710,Y2,,,0,13.426,clean,0,0,0.00,0,0
98,42,3,1.48,1,3.16,60081,Y4,0.00/noise-like,0.00/noise-like,0,13.386,FAM-HIT,0,0,0.00,0,0
98,43,3,1.62,1,2.41,1364797,Y2,,,0,13.306,clean,0,0,0.00,0,0
98,44,3,1.58,1,2.48,811368,Y2,,,0,13.106,clean,0,0,0.00,0,0
98,45,3,1.86,1,2.44,202507,Y2,,,0,12.933,clean,0,0,0.00,0,0
98,46,3,1.81,1,2.53,147432,Y2,,,0,12.738,clean,0,0,0.00,0,0
98,47,3,2.14,1,2.39,699610,Y4,,,0,12.513,clean,0,0,0.00,0,0
98,48,3,3.55,1,2.30,690311,Y4,0.00/noise-like,0.00/noise-like,0,12.164,hump-note,0,0,0.00,0,0
98,49,3,2.37,1,2.24,1104712,Y2,,,0,11.755,clean,0,0,0.00,0,0
98,50,3,2.04,1,2.41,935197,Y4,,,0,11.418,clean,0,0,0.00,0,0
98,51,3,1.97,1,2.43,96202,Y4,,,0,11.110,clean,0,0,0.00,0,0
98,52,3,2.00,1,2.62,1060277,Y4,,,0,10.880,clean,0,0,0.00,0,0
98,53,3,1.95,1,2.49,1385361,Y4,,,0,10.638,clean,0,0,0.00,0,0
98,54,3,2.13,1,2.66,209570,Y4,,,0,10.295,clean,0,0,0.00,0,0
98,55,3,2.73,1,2.49,71526,Y4,0.24/noise-like,0.00/noise-like,0,9.823,hump-note,0,0,0.00,0,0
98,56,3,2.70,1,2.46,998586,Y2,0.00/noise-like,0.00/noise-like,0,9.191,hump-note,0,0,0.00,0,0
98,57,3,2.87,1,2.31,987232,Y4,0.00/noise-like,0.00/noise-like,0,8.495,hump-note,0,0,0.00,0,0
98,58,3,3.21,1,2.45,457764,Y2,0.00/noise-like,0.00/noise-like,0,7.924,hump-note,0,0,0.00,0,0
98,59,3,0,-1,0,0,-,,,0,7.254,QUARANTINE:dark-lane range=66 distinct=61,0,0,0.00,0,0
98,60,3,0,-1,0,0,-,,,0,6.432,QUARANTINE:dark-lane range=61 distinct=58,0,0,0.00,0,0
98,61,3,0,-1,0,0,-,,,0,5.574,QUARANTINE:dark-lane range=56 distinct=50,0,0,0.00,0,0
98,62,3,0,-1,0,0,-,,,0,4.685,QUARANTINE:dark-lane range=43 distinct=44,0,0,0.00,0,0
98,63,3,0,-1,0,0,-,,,0,3.931,QUARANTINE:dark-lane range=36 distinct=35,0,0,0.00,0,0
99,0,3,2.70,1,2.36,214577,Y2,0.00/noise-like,0.00/noise-like,0,19.600,hump-note,0,0,0.00,0,0
99,1,3,1.55,1,2.44,1214057,Y2,,,0,19.569,clean,0,0,0.00,0,0
99,2,3,1.44,1117,2.51,1459748,Y4,,,0,19.547,clean,0,0,0.00,0,0
99,3,3,1.43,1,2.32,55254,Y4,,,0,19.649,clean,0,0,0.00,0,0
99,4,3,1.41,1,2.75,338942,Y4,,,0,19.763,clean,0,0,0.00,0,0
99,5,3,1.79,1,2.38,1038820,Y4,,,0,19.563,clean,0,0,0.00,0,0
99,6,3,1.39,32,2.78,375509,Y4,,,0,19.298,clean,0,0,0.00,0,0
99,7,3,1.49,1,2.48,140637,Y2,,,0,19.085,clean,0,0,0.00,0,0
99,8,3,1.47,1,2.52,115782,Y2,,,0,18.818,clean,0,0,0.00,0,0
99,9,3,1.41,370,2.31,101030,Y2,,,0,18.407,clean,0,0,0.00,0,0
99,10,3,1.43,1,2.32,1365691,Y4,,,0,18.045,clean,0,0,0.00,0,0
99,11,3,1.59,1,2.61,767738,Y2,,,0,17.649,clean,0,0,0.00,0,0
99,12,3,1.42,472,2.64,471264,Y2,,,0,17.206,clean,0,0,0.00,0,0
99,13,3,1.56,1,2.33,795811,Y4,,,0,16.727,clean,0,0,0.00,0,0
99,14,3,1.52,1,2.28,127316,Y2,,,0,16.449,clean,0,0,0.00,0,0
99,15,3,1.35,581,2.57,146359,Y2,,,0,16.236,clean,0,0,0.00,0,0
99,16,3,1.54,1,2.37,763536,Y2,,,0,16.325,clean,0,0,0.00,0,0
99,17,3,1.64,1,2.57,717849,Y2,,,0,16.462,clean,0,0,0.00,0,0
99,18,3,1.48,665,2.20,171125,Y2,,,0,17.732,clean,0,0,0.00,0,0
99,19,3,1.42,1,2.58,796348,Y4,,,0,16.407,clean,0,0,0.00,0,0
99,20,3,1.63,1,2.41,138849,Y2,,,0,16.085,clean,0,0,0.00,0,0
99,21,3,1.52,1,2.22,511944,Y4,,,0,15.941,clean,0,0,0.00,0,0
99,22,3,1.44,1,2.45,8404,Y4,,,0,15.929,clean,0,0,0.00,0,0
99,23,3,1.48,1,2.44,6348,Y2,,,0,15.907,clean,0,0,0.00,0,0
99,24,3,1.58,1,2.22,1400918,Y4,,,0,15.787,clean,0,0,0.00,0,0
99,25,3,1.60,1,2.39,87798,Y4,,,0,15.453,clean,0,0,0.00,0,0
99,26,3,1.69,1,2.42,859737,Y4,,,0,14.983,clean,0,0,0.00,0,0
99,27,3,1.64,1,2.35,540912,Y4,,,0,14.962,clean,0,0,0.00,0,0
99,28,3,1.54,1,2.60,622720,Y4,,,0,14.584,clean,0,0,0.00,0,0
99,29,3,1.75,1,2.36,479937,Y2,,,0,14.383,clean,0,0,0.00,0,0
99,30,3,2.05,1,2.50,111580,Y4,,,0,14.106,clean,0,0,0.00,0,0
99,31,3,1.93,1,2.43,38087,Y2,,,0,13.880,clean,0,0,0.00,0,0
99,32,3,1.34,1,2.52,185877,Y4,,,0,13.629,clean,0,0,0.00,0,0
99,33,3,1.75,1,2.42,752002,Y4,,,0,13.539,clean,0,0,0.00,0,0
99,34,3,1.63,1,2.54,727773,Y2,,,0,13.503,clean,0,0,0.00,0,0
99,35,3,1.87,1,2.35,1204312,Y4,,,0,13.582,clean,0,0,0.00,0,0
99,36,3,1.62,1,2.30,375330,Y2,,,0,13.673,clean,0,0,0.00,0,0
99,37,3,1.74,1,2.36,139832,Y2,,,0,13.630,clean,0,0,0.00,0,0
99,38,3,1.81,1,2.47,1243919,Y4,,,0,13.495,clean,0,0,0.00,0,0
99,39,3,2.15,1,2.41,916958,Y4,,,0,13.434,clean,0,0,0.00,0,0
99,40,3,2.13,1,2.29,1429975,Y2,,,0,13.418,clean,0,0,0.00,0,0
99,41,3,1.81,1,2.45,871003,Y4,,,0,13.389,clean,0,0,0.00,0,0
99,42,3,1.86,1,2.75,55343,Y2,,,0,13.400,clean,0,0,0.00,0,0
99,43,3,1.92,1,2.68,171483,Y2,,,0,13.318,clean,0,0,0.00,0,0
99,44,3,1.77,1,2.20,24498,Y4,,,0,13.079,clean,0,0,0.00,0,0
99,45,3,1.85,1,2.67,168264,Y2,,,0,12.915,clean,0,0,0.00,0,0
99,46,3,1.80,1,2.84,1431227,Y2,,,0,12.774,clean,0,0,0.00,0,0
99,47,3,2.12,1,2.36,1281559,Y2,,,0,12.505,clean,0,0,0.00,0,0
99,48,3,3.44,1,2.39,1031578,Y2,0.00/noise-like,0.00/noise-like,0,12.150,hump-note,0,0,0.00,0,0
99,49,3,1.92,1,2.59,479758,Y2,,,0,11.758,clean,0,0,0.00,0,0
99,50,3,2.14,1,2.35,483692,Y4,,,0,11.424,clean,0,0,0.00,0,0
99,51,3,2.24,1,2.49,110418,Y4,,,0,11.105,clean,0,0,0.00,0,0
99,52,3,2.43,1,2.30,101119,Y4,,,0,10.868,clean,0,0,0.00,0,0
99,53,3,1.90,1,2.38,134915,Y2,,,0,10.638,clean,0,0,0.00,0,0
99,54,3,2.50,1,2.32,1219511,Y4,0.00/noise-like,0.00/noise-like,0,10.304,hump-note,0,0,0.00,0,0
99,55,3,2.08,1,2.31,957549,Y4,,,0,9.818,clean,0,0,0.00,0,0
99,56,3,2.43,1,2.36,431299,Y4,,,0,9.198,clean,0,0,0.00,0,0
99,57,3,3.07,1,2.46,902116,Y2,0.24/noise-like,0.00/noise-like,0,8.511,hump-note,0,0,0.00,0,0
99,58,3,2.91,1,2.27,603586,Y4,0.00/noise-like,0.00/noise-like,0,7.927,hump-note,0,0,0.00,0,0
99,59,3,0,-1,0,0,-,,,0,7.254,QUARANTINE:dark-lane range=61 distinct=62,0,0,0.00,0,0
99,60,3,0,-1,0,0,-,,,0,6.441,QUARANTINE:dark-lane range=59 distinct=58,0,0,0.00,0,0
99,61,3,0,-1,0,0,-,,,0,5.571,QUARANTINE:dark-lane range=49 distinct=49,0,0,0.00,0,0
99,62,3,0,-1,0,0,-,,,0,4.682,QUARANTINE:dark-lane range=40 distinct=40,0,0,0.00,0,0
99,63,3,0,-1,0,0,-,,,0,3.931,QUARANTINE:dark-lane range=36 distinct=36,0,0,0.00,0,0
100,0,3,2.45,1,2.45,1325548,Y2,,,0,19.609,clean,0,0,0.00,0,0
100,1,3,1.42,1324,2.49,1059651,Y2,,,0,19.567,clean,0,0,0.00,0,0
100,2,3,1.52,1,2.39,1258940,Y2,,,0,19.521,clean,0,0,0.00,0,0
100,3,3,1.36,623,2.36,804573,Y2,,,0,19.654,clean,0,0,0.00,0,0
100,4,3,1.35,873,2.47,2325,Y2,,,0,19.743,clean,0,0,0.00,0,0
100,5,3,1.37,1,2.41,1014590,Y2,,,0,19.566,clean,0,0,0.00,0,0
100,6,3,1.60,1476,2.56,853390,Y4,,,0,19.288,clean,0,0,0.00,0,0
100,7,3,1.34,1333,2.38,1317501,Y4,,,0,19.083,clean,0,0,0.00,0,0
100,8,3,1.38,1,2.48,261158,Y2,,,0,18.791,clean,0,0,0.00,0,0
100,9,3,1.69,1,2.42,159681,Y4,,,0,18.417,clean,0,0,0.00,0,0
100,10,3,1.47,1,2.20,321776,Y4,,,0,18.053,clean,0,0,0.00,0,0
100,11,3,1.53,1,2.33,750035,Y2,,,0,17.625,clean,0,0,0.00,0,0
100,12,3,1.45,1,2.51,259548,Y2,,,0,17.161,clean,0,0,0.00,0,0
100,13,3,1.53,1,2.52,960857,Y4,,,0,16.717,clean,0,0,0.00,0,0
100,14,3,1.51,1,2.53,176311,Y4,,,0,16.449,clean,0,0,0.00,0,0
100,15,3,1.92,1,2.49,1279771,Y2,,,0,16.258,clean,0,0,0.00,0,0
100,16,3,1.37,371,2.33,1399577,Y2,,,0,16.281,clean,0,0,0.00,0,0
100,17,3,1.53,1,2.59,1050711,Y4,,,0,16.459,clean,0,0,0.00,0,0
100,18,3,1.54,752,2.42,29594,Y4,,,0,17.728,clean,0,0,0.00,0,0
100,19,3,1.53,1,2.35,985712,Y2,,,0,16.405,clean,0,0,0.00,0,0
100,20,3,1.33,910,2.52,1026660,Y4,,,0,16.086,clean,0,0,0.00,0,0
100,21,3,1.42,1,2.48,1067072,Y4,,,0,15.922,clean,0,0,0.00,0,0
100,22,3,1.48,1,2.68,223249,Y2,,,0,15.940,clean,0,0,0.00,0,0
100,23,3,1.53,1,2.44,497729,Y4,,,0,15.895,clean,0,0,0.00,0,0
100,24,3,1.71,1,2.38,587493,Y2,,,0,15.805,clean,0,0,0.00,0,0
100,25,3,1.38,163,2.54,1067698,Y2,,,0,15.427,clean,0,0,0.00,0,0
100,26,3,1.82,1,2.41,881195,Y2,,,0,14.960,clean,0,0,0.00,0,0
100,27,3,1.76,637,2.33,1031041,Y4,,,0,14.937,clean,0,0,0.00,0,0
100,28,3,1.46,1,2.42,194371,Y2,,,0,14.557,clean,0,0,0.00,0,0
100,29,3,1.90,1,2.47,871271,Y4,,,0,14.369,clean,0,0,0.00,0,0
100,30,3,1.78,1,2.42,1409858,Y2,,,0,14.132,clean,0,0,0.00,0,0
100,31,3,1.65,1,2.37,511408,Y4,,,0,13.870,clean,0,0,0.00,0,0
100,32,3,1.46,627,2.50,803322,Y2,,,0,13.653,clean,0,0,0.00,0,0
100,33,3,1.83,1,2.21,1089513,Y2,,,0,13.511,clean,0,0,0.00,0,0
100,34,3,1.87,1,2.37,9120,Y4,,,0,13.515,clean,0,0,0.00,0,0
100,35,3,1.73,1,2.35,1087189,Y2,,,0,13.564,clean,0,0,0.00,0,0
100,36,3,1.82,1,2.39,558347,Y4,,,0,13.666,clean,0,0,0.00,0,0
100,37,3,1.88,1,2.27,1044810,Y4,,,0,13.636,clean,0,0,0.00,0,0
100,38,3,1.42,1,2.51,53644,Y4,,,0,13.502,clean,0,0,0.00,0,0
100,39,3,1.90,1,2.36,38713,Y2,,,0,13.447,clean,0,0,0.00,0,0
100,40,3,1.87,1,2.55,75728,Y2,,,0,13.421,clean,0,0,0.00,0,0
100,41,3,1.78,1,2.42,674218,Y4,,,0,13.398,clean,0,0,0.00,0,0
100,42,3,1.74,1,2.41,1093179,Y4,,,0,13.388,clean,0,0,0.00,0,0
100,43,3,2.01,1,2.41,1444995,Y2,,,0,13.310,clean,0,0,0.00,0,0
100,44,3,1.93,1,2.53,113815,Y4,,,0,13.085,clean,0,0,0.00,0,0
100,45,3,1.68,1,2.39,15199,Y4,,,0,12.936,clean,0,0,0.00,0,0
100,46,3,1.76,1,2.24,1250982,Y2,,,0,12.771,clean,0,0,0.00,0,0
100,47,3,1.94,1,2.27,204027,Y4,,,0,12.502,clean,0,0,0.00,0,0
100,48,3,3.61,1,2.18,91463,Y2,0.24/noise-like,0.24/noise-like,0,12.161,hump-note,0,0,0.00,0,0
100,49,3,1.96,1,2.37,339478,Y4,,,0,11.737,clean,0,0,0.00,0,0
100,50,3,2.17,1,2.24,294060,Y2,,,0,11.424,clean,0,0,0.00,0,0
100,51,3,1.83,1,2.33,1032025,Y2,,,0,11.109,clean,0,0,0.00,0,0
100,52,3,2.12,1,2.37,910163,Y2,,,0,10.872,clean,0,0,0.00,0,0
100,53,3,2.07,1,2.32,527412,Y2,,,0,10.657,clean,0,0,0.00,0,0
100,54,3,2.19,1,2.35,1400739,Y2,,,0,10.316,clean,0,0,0.00,0,0
100,55,3,2.53,1,2.41,591874,Y4,0.00/noise-like,0.24/noise-like,0,9.814,hump-note,0,0,0.00,0,0
100,56,3,2.45,1,2.67,308096,Y2,,,0,9.184,clean,0,0,0.00,0,0
100,57,3,2.77,1,2.43,359327,Y4,0.00/noise-like,0.00/noise-like,0,8.506,hump-note,0,0,0.00,0,0
100,58,3,3.39,1,2.51,913560,Y4,0.00/noise-like,0.00/noise-like,0,7.933,hump-note,0,0,0.00,0,0
100,59,3,0,-1,0,0,-,,,0,7.261,QUARANTINE:dark-lane range=60 distinct=61,0,0,0.00,0,0
100,60,3,0,-1,0,0,-,,,0,6.424,QUARANTINE:dark-lane range=56 distinct=56,0,0,0.00,0,0
100,61,3,0,-1,0,0,-,,,0,5.576,QUARANTINE:dark-lane range=48 distinct=48,0,0,0.00,0,0
100,62,3,0,-1,0,0,-,,,0,4.691,QUARANTINE:dark-lane range=45 distinct=42,0,0,0.00,0,0
100,63,3,0,-1,0,0,-,,,0,3.927,QUARANTINE:dark-lane range=35 distinct=35,0,0,0.00,0,0
101,0,3,2.97,1,2.51,776231,Y4,0.24/noise-like,0.00/noise-like,0,19.615,hump-note,0,0,0.00,0,0
101,1,3,1.36,281,2.51,1047313,Y4,,,0,19.596,clean,0,0,0.00,0,0
101,2,3,1.48,1,2.31,406981,Y2,,,0,19.559,clean,0,0,0.00,0,0
101,3,3,1.32,213,2.41,17077,Y4,,,0,19.654,clean,0,0,0.00,0,0
101,4,3,1.52,1,2.48,515610,Y4,,,0,19.782,clean,0,0,0.00,0,0
101,5,3,1.52,1,2.37,1302928,Y4,,,0,19.561,clean,0,0,0.00,0,0
101,6,3,1.51,1,2.44,683963,Y2,,,0,19.311,clean,0,0,0.00,0,0
101,7,3,1.52,1,2.21,528932,Y4,,,0,19.075,clean,0,0,0.00,0,0
101,8,3,1.43,231,2.45,1388133,Y4,,,0,18.823,clean,0,0,0.00,0,0
101,9,3,1.49,1,2.52,817984,Y4,,,0,18.428,clean,0,0,0.00,0,0
101,10,3,1.72,1,2.38,379086,Y4,,,0,18.076,clean,0,0,0.00,0,0
101,11,3,1.64,1,2.34,1398861,Y4,,,0,17.691,clean,0,0,0.00,0,0
101,12,3,1.38,1208,2.38,30130,Y2,,,0,17.210,clean,0,0,0.00,0,0
101,13,3,1.62,1,2.24,1235425,Y2,,,0,16.711,clean,0,0,0.00,0,0
101,14,3,1.37,1131,2.61,655711,Y2,,,0,16.445,clean,0,0,0.00,0,0
101,15,3,1.63,1,2.32,1286030,Y4,,,0,16.226,clean,0,0,0.00,0,0
101,16,3,1.52,1,2.50,176579,Y4,,,0,16.300,clean,0,0,0.00,0,0
101,17,3,1.68,1,2.72,1429260,Y2,,,0,16.460,clean,0,0,0.00,0,0
101,18,3,1.54,1,2.32,133842,Y2,,,0,17.739,clean,0,0,0.00,0,0
101,19,3,1.64,1,2.58,1290500,Y4,,,0,16.409,clean,0,0,0.00,0,0
101,20,3,1.64,1,2.39,1450360,Y4,,,0,16.056,clean,0,0,0.00,0,0
101,21,3,1.39,1,2.56,1029432,Y2,,,0,15.977,clean,0,0,0.00,0,0
101,22,3,1.64,1,2.34,538498,Y4,,,0,15.925,clean,0,0,0.00,0,0
101,23,3,1.54,1,2.71,57042,Y2,,,0,15.892,clean,0,0,0.00,0,0
101,24,3,1.47,1,2.47,473678,Y4,,,0,15.781,clean,0,0,0.00,0,0
101,25,3,1.83,1,2.51,102013,Y2,,,0,15.403,clean,0,0,0.00,0,0
101,26,3,1.63,1,2.48,1330107,Y4,,,0,14.988,clean,0,0,0.00,0,0
101,27,3,1.87,1,2.46,323564,Y4,,,0,14.953,clean,0,0,0.00,0,0
101,28,3,1.79,1,2.39,1095235,Y2,,,0,14.547,clean,0,0,0.00,0,0
101,29,3,1.50,1,2.40,1157820,Y2,,,0,14.381,clean,0,0,0.00,0,0
101,30,3,1.88,1,2.70,1280308,Y4,,,0,14.140,clean,0,0,0.00,0,0
101,31,3,1.86,1,2.42,93341,Y4,,,0,13.882,clean,0,0,0.00,0,0
101,32,3,1.62,1,2.50,1388758,Y4,,,0,13.649,clean,0,0,0.00,0,0
101,33,3,1.67,1,2.54,169247,Y4,,,0,13.536,clean,0,0,0.00,0,0
101,34,3,1.73,1,2.46,628442,Y2,,,0,13.502,clean,0,0,0.00,0,0
101,35,3,1.67,1,2.48,289410,Y2,,,0,13.585,clean,0,0,0.00,0,0
101,36,3,1.85,1,2.35,402063,Y4,,,0,13.678,clean,0,0,0.00,0,0
101,37,3,1.68,1,2.38,113636,Y2,,,0,13.616,clean,0,0,0.00,0,0
101,38,3,1.85,1,2.47,122041,Y4,,,0,13.501,clean,0,0,0.00,0,0
101,39,3,1.57,1,2.61,447214,Y2,,,0,13.428,clean,0,0,0.00,0,0
101,40,3,1.80,1,2.30,1144230,Y2,,,0,13.407,clean,0,0,0.00,0,0
101,41,3,1.50,1,4.04,30935,Y4,0.24/noise-like,0.00/noise-like,4,13.420,FAM-HIT,0,0,0.00,0,0
101,42,3,1.61,1,2.52,1078963,Y4,,,0,13.401,clean,0,0,0.00,0,0
101,43,3,1.77,1,2.44,1299083,Y2,,,0,13.293,clean,0,0,0.00,0,0
101,44,3,1.62,1,2.52,1103818,Y4,,,0,13.099,clean,0,0,0.00,0,0
101,45,3,1.80,1,2.49,581235,Y2,,,0,12.920,clean,0,0,0.00,0,0
101,46,3,1.73,1,2.33,840425,Y2,,,0,12.758,clean,0,0,0.00,0,0
101,47,3,2.04,1,2.38,22352,Y2,,,0,12.522,clean,0,0,0.00,0,0
101,48,3,3.37,1,2.59,451326,Y4,0.24/noise-like,0.00/noise-like,0,12.153,hump-note,0,0,0.00,0,0
101,49,3,1.89,1,2.36,969440,Y2,,,0,11.755,clean,0,0,0.00,0,0
101,50,3,1.96,1,2.40,567824,Y4,,,0,11.428,clean,0,0,0.00,0,0
101,51,3,2.11,1,2.37,58293,Y2,,,0,11.134,clean,0,0,0.00,0,0
101,52,3,1.93,1,2.33,1352549,Y4,,,0,10.874,clean,0,0,0.00,0,0
101,53,3,1.96,1,2.33,521958,Y4,,,0,10.675,clean,0,0,0.00,0,0
101,54,3,2.36,1,2.52,297368,Y2,,,0,10.302,clean,0,0,0.00,0,0
101,55,3,2.46,1,2.39,394911,Y2,,,0,9.807,clean,0,0,0.00,0,0
101,56,3,2.99,1,2.43,297189,Y4,0.00/noise-like,0.00/noise-like,0,9.199,hump-note,0,0,0.00,0,0
101,57,3,3.00,1,2.46,1065195,Y2,0.00/noise-like,0.24/noise-like,0,8.503,hump-note,0,0,0.00,0,0
101,58,3,3.05,1,2.35,606269,Y4,0.24/noise-like,0.00/noise-like,0,7.924,hump-note,0,0,0.00,0,0
101,59,3,0,-1,0,0,-,,,0,7.245,QUARANTINE:dark-lane range=66 distinct=62,0,0,0.00,0,0
101,60,3,0,-1,0,0,-,,,0,6.427,QUARANTINE:dark-lane range=54 distinct=54,0,0,0.00,0,0
101,61,3,0,-1,0,0,-,,,0,5.567,QUARANTINE:dark-lane range=52 distinct=51,0,0,0.00,0,0
101,62,3,0,-1,0,0,-,,,0,4.689,QUARANTINE:dark-lane range=45 distinct=44,0,0,0.00,0,0
101,63,3,0,-1,0,0,-,,,0,3.927,QUARANTINE:dark-lane range=32 distinct=33,0,0,0.00,0,0
102,0,3,2.95,1,2.42,30220,Y4,0.24/noise-like,0.24/noise-like,0,19.602,hump-note,0,0,0.00,0,0
102,1,3,1.55,1,2.33,1282543,Y2,,,0,19.577,clean,0,0,0.00,0,0
102,2,3,1.44,1,2.37,1148254,Y2,,,0,19.574,clean,0,0,0.00,0,0
102,3,3,1.47,1,2.58,1437575,Y2,,,0,19.652,clean,0,0,0.00,0,0
102,4,3,1.56,1,2.52,537246,Y2,,,0,19.762,clean,0,0,0.00,0,0
102,5,3,1.36,172,2.76,894070,Y2,,,0,19.589,clean,0,0,0.00,0,0
102,6,3,1.53,1476,2.24,1388758,Y2,,,0,19.277,clean,0,0,0.00,0,0
102,7,3,1.40,1,2.35,50604,Y4,,,0,19.069,clean,0,0,0.00,0,0
102,8,3,1.51,1,2.33,1097381,Y2,,,0,18.822,clean,0,0,0.00,0,0
102,9,3,1.53,1,2.41,382751,Y4,,,0,18.392,clean,0,0,0.00,0,0
102,10,3,1.61,1,2.62,815302,Y2,,,0,18.063,clean,0,0,0.00,0,0
102,11,3,1.35,1163,2.38,386596,Y2,,,0,17.673,clean,0,0,0.00,0,0
102,12,3,1.47,1,2.35,450343,Y4,,,0,17.186,clean,0,0,0.00,0,0
102,13,3,1.42,1,2.38,1071185,Y4,,,0,16.724,clean,0,0,0.00,0,0
102,14,3,1.49,1,2.44,472695,Y2,,,0,16.441,clean,0,0,0.00,0,0
102,15,3,1.52,1,2.28,31203,Y4,,,0,16.266,clean,0,0,0.00,0,0
102,16,3,1.64,1,2.52,75459,Y2,,,0,16.330,clean,0,0,0.00,0,0
102,17,3,1.45,1422,2.33,239789,Y4,,,0,16.460,clean,0,0,0.00,0,0
102,18,3,1.58,792,2.28,528932,Y4,,,0,17.748,clean,0,0,0.00,0,0
102,19,3,1.45,57,2.26,997245,Y2,,,0,16.418,clean,0,0,0.00,0,0
102,20,3,1.54,1,2.57,1255721,Y2,,,0,16.099,clean,0,0,0.00,0,0
102,21,3,1.42,1215,2.44,336260,Y4,,,0,15.932,clean,0,0,0.00,0,0
102,22,3,1.47,1,2.44,813872,Y2,,,0,15.919,clean,0,0,0.00,0,0
102,23,3,1.54,1,2.56,928491,Y2,,,0,15.900,clean,0,0,0.00,0,0
102,24,3,1.39,1,2.49,272781,Y4,,,0,15.802,clean,0,0,0.00,0,0
102,25,3,1.62,1,2.47,158608,Y2,,,0,15.425,clean,0,0,0.00,0,0
102,26,3,1.51,1,2.39,761300,Y2,,,0,14.979,clean,0,0,0.00,0,0
102,27,3,1.75,1,2.34,818968,Y2,,,0,14.968,clean,0,0,0.00,0,0
102,28,3,1.81,1,2.25,185788,Y4,,,0,14.569,clean,0,0,0.00,0,0
102,29,3,1.86,1,2.48,1436144,Y4,,,0,14.390,clean,0,0,0.00,0,0
102,30,3,1.50,1,2.45,1082271,Y2,,,0,14.151,clean,0,0,0.00,0,0
102,31,3,1.57,1,2.42,592053,Y4,,,0,13.881,clean,0,0,0.00,0,0
102,32,3,1.45,1,2.59,277340,Y2,,,0,13.619,clean,0,0,0.00,0,0
102,33,3,1.47,1,2.26,872701,Y4,,,0,13.536,clean,0,0,0.00,0,0
102,34,3,1.71,1,2.68,63300,Y2,,,0,13.505,clean,0,0,0.00,0,0
102,35,3,1.81,1,2.40,380248,Y4,,,0,13.598,clean,0,0,0.00,0,0
102,36,3,2.19,1,2.40,899702,Y4,,,0,13.676,clean,0,0,0.00,0,0
102,37,3,1.72,1,2.38,69469,Y2,,,0,13.626,clean,0,0,0.00,0,0
102,38,3,2.05,1,2.44,235230,Y4,,,0,13.512,clean,0,0,0.00,0,0
102,39,3,1.96,1,2.45,316232,Y4,,,0,13.433,clean,0,0,0.00,0,0
102,40,3,1.81,1,2.28,898898,Y4,,,0,13.426,clean,0,0,0.00,0,0
102,41,3,1.58,1,2.47,150830,Y4,,,0,13.416,clean,0,0,0.00,0,0
102,42,3,1.58,1,2.48,1107305,Y2,,,0,13.389,clean,0,0,0.00,0,0
102,43,3,1.81,1,2.43,147343,Y2,,,0,13.308,clean,0,0,0.00,0,0
102,44,3,1.94,1,2.49,1304448,Y4,,,0,13.086,clean,0,0,0.00,0,0
102,45,3,1.84,1,2.44,1017004,Y4,,,0,12.916,clean,0,0,0.00,0,0
102,46,3,1.63,1,2.32,1168102,Y2,,,0,12.771,clean,0,0,0.00,0,0
102,47,3,1.66,1,2.53,783473,Y4,,,0,12.516,clean,0,0,0.00,0,0
102,48,3,3.20,1,2.43,1369357,Y4,0.00/noise-like,0.00/noise-like,0,12.145,hump-note,0,0,0.00,0,0
102,49,3,2.14,1,2.47,80913,Y2,,,0,11.748,clean,0,0,0.00,0,0
102,50,3,1.86,1,2.48,362903,Y2,,,0,11.429,clean,0,0,0.00,0,0
102,51,3,1.94,1,2.48,174344,Y4,,,0,11.109,clean,0,0,0.00,0,0
102,52,3,2.33,1,2.63,187218,Y2,,,0,10.870,clean,0,0,0.00,0,0
102,53,3,2.07,1,2.34,911325,Y4,,,0,10.665,clean,0,0,0.00,0,0
102,54,3,2.49,1,2.45,1169890,Y2,,,0,10.296,clean,0,0,0.00,0,0
102,55,3,2.45,1,2.52,121415,Y2,,,0,9.822,clean,0,0,0.00,0,0
102,56,3,2.43,1,2.35,1188576,Y2,,,0,9.191,clean,0,0,0.00,0,0
102,57,3,2.70,1,2.55,212431,Y4,0.24/noise-like,0.00/noise-like,0,8.513,hump-note,0,0,0.00,0,0
102,58,3,3.01,1,2.35,326872,Y4,0.00/noise-like,0.24/noise-like,0,7.910,hump-note,0,0,0.00,0,0
102,59,3,0,-1,0,0,-,,,0,7.269,QUARANTINE:dark-lane range=69 distinct=62,0,0,0.00,0,0
102,60,3,0,-1,0,0,-,,,0,6.426,QUARANTINE:dark-lane range=57 distinct=57,0,0,0.00,0,0
102,61,3,0,-1,0,0,-,,,0,5.576,QUARANTINE:dark-lane range=48 distinct=49,0,0,0.00,0,0
102,62,3,0,-1,0,0,-,,,0,4.684,QUARANTINE:dark-lane range=39 distinct=39,0,0,0.00,0,0
102,63,3,0,-1,0,0,-,,,0,3.928,QUARANTINE:dark-lane range=34 distinct=35,0,0,0.00,0,0
103,0,3,2.70,1,2.32,790447,Y2,0.00/noise-like,0.00/noise-like,0,19.665,hump-note,0,0,0.00,0,0
103,1,3,1.49,1,2.35,183821,Y4,,,0,19.553,clean,0,0,0.00,0,0
103,2,3,1.38,300,2.52,1134664,Y2,,,0,19.597,clean,0,0,0.00,0,0
103,3,3,1.34,589,2.41,203222,Y2,,,0,19.622,clean,0,0,0.00,0,0
103,4,3,1.51,1,2.59,553608,Y4,,,0,19.771,clean,0,0,0.00,0,0
103,5,3,1.38,1,2.46,952721,Y4,,,0,19.574,clean,0,0,0.00,0,0
103,6,3,1.41,1083,2.24,603765,Y2,,,0,19.269,clean,0,0,0.00,0,0
103,7,3,1.37,265,2.49,343949,Y4,,,0,19.091,clean,0,0,0.00,0,0
103,8,3,1.35,1125,2.24,1137793,Y4,,,0,18.786,clean,0,0,0.00,0,0
103,9,3,1.51,1,2.39,206798,Y4,,,0,18.409,clean,0,0,0.00,0,0
103,10,3,1.58,1,2.27,1230955,Y4,,,0,18.086,clean,0,0,0.00,0,0
103,11,3,1.40,1004,2.30,559062,Y2,,,0,17.640,clean,0,0,0.00,0,0
103,12,3,1.41,1,2.57,1328945,Y4,,,0,17.206,clean,0,0,0.00,0,0
103,13,3,1.42,1,2.39,796705,Y4,,,0,16.709,clean,0,0,0.00,0,0
103,14,3,1.82,1,2.54,82344,Y2,,,0,16.402,clean,0,0,0.00,0,0
103,15,3,1.38,166,2.31,143856,Y2,,,0,16.269,clean,0,0,0.00,0,0
103,16,3,1.34,721,2.77,799477,Y4,,,0,16.299,clean,0,0,0.00,0,0
103,17,3,1.52,1,2.26,693977,Y2,,,0,16.423,clean,0,0,0.00,0,0
103,18,3,1.53,776,2.36,588745,Y4,,,0,17.729,clean,0,0,0.00,0,0
103,19,3,1.37,1,2.29,705779,Y4,,,0,16.401,clean,0,0,0.00,0,0
103,20,3,1.93,1,2.50,1283705,Y4,,,0,16.061,clean,0,0,0.00,0,0
103,21,3,1.70,1,2.28,390798,Y2,,,0,15.956,clean,0,0,0.00,0,0
103,22,3,1.56,1,2.45,3755,Y2,,,0,15.937,clean,0,0,0.00,0,0
103,23,3,1.86,1,2.40,274032,Y4,,,0,15.888,clean,0,0,0.00,0,0
103,24,3,1.46,1,2.39,113636,Y2,,,0,15.812,clean,0,0,0.00,0,0
103,25,3,1.85,1,2.55,1464844,Y2,,,0,15.414,clean,0,0,0.00,0,0
103,26,3,1.55,1,2.53,711143,Y4,,,0,14.993,clean,0,0,0.00,0,0
103,27,3,1.68,628,2.45,849456,Y2,,,0,14.946,clean,0,0,0.00,0,0
103,28,3,1.84,1,2.49,354230,Y4,,,0,14.567,clean,0,0,0.00,0,0
103,29,3,1.67,1,2.33,1230598,Y4,,,0,14.400,clean,0,0,0.00,0,0
103,30,3,1.44,1,2.40,1348346,Y2,,,0,14.163,clean,0,0,0.00,0,0
103,31,3,1.81,1,2.38,255972,Y2,,,0,13.885,clean,0,0,0.00,0,0
103,32,3,1.37,1037,2.44,390351,Y4,,,0,13.628,clean,0,0,0.00,0,0
103,33,3,1.77,1,2.51,493258,Y4,,,0,13.512,clean,0,0,0.00,0,0
103,34,3,1.96,1,2.36,1115978,Y2,,,0,13.507,clean,0,0,0.00,0,0
103,35,3,1.79,1,2.32,80645,Y2,,,0,13.583,clean,0,0,0.00,0,0
103,36,3,1.82,1,2.56,1049191,Y4,,,0,13.653,clean,0,0,0.00,0,0
103,37,3,2.03,1,2.50,205815,Y4,,,0,13.634,clean,0,0,0.00,0,0
103,38,3,1.61,1,2.31,710249,Y2,,,0,13.489,clean,0,0,0.00,0,0
103,39,3,1.79,1,2.49,365406,Y4,,,0,13.454,clean,0,0,0.00,0,0
103,40,3,1.50,1,2.53,1382142,Y4,,,0,13.433,clean,0,0,0.00,0,0
103,41,3,1.99,1,2.38,120968,Y4,,,0,13.400,clean,0,0,0.00,0,0
103,42,3,1.49,1,2.48,391692,Y4,,,0,13.359,clean,0,0,0.00,0,0
103,43,3,1.63,1,2.55,131518,Y4,,,0,13.292,clean,0,0,0.00,0,0
103,44,3,1.68,1,2.40,1064748,Y2,,,0,13.103,clean,0,0,0.00,0,0
103,45,3,1.85,1,2.37,1007259,Y2,,,0,12.933,clean,0,0,0.00,0,0
103,46,3,1.85,1,2.17,894248,Y4,,,0,12.738,clean,0,0,0.00,0,0
103,47,3,1.88,1,2.22,625134,Y4,,,0,12.540,clean,0,0,0.00,0,0
103,48,3,3.41,1,2.62,437379,Y4,0.24/noise-like,0.00/noise-like,0,12.154,hump-note,0,0,0.00,0,0
103,49,3,1.92,1,2.56,547171,Y2,,,0,11.751,clean,0,0,0.00,0,0
103,50,3,2.07,1,2.28,782311,Y2,,,0,11.424,clean,0,0,0.00,0,0
103,51,3,2.03,1,2.34,811100,Y4,,,0,11.115,clean,0,0,0.00,0,0
103,52,3,1.95,1,2.54,370502,Y2,,,0,10.888,clean,0,0,0.00,0,0
103,53,3,2.32,1,2.37,42379,Y4,,,0,10.650,clean,0,0,0.00,0,0
103,54,3,2.48,1,2.29,713021,Y4,,,0,10.301,clean,0,0,0.00,0,0
103,55,3,2.58,1,2.32,343591,Y2,0.00/noise-like,0.00/noise-like,0,9.826,hump-note,0,0,0.00,0,0
103,56,3,2.68,1,2.39,602961,Y4,0.00/noise-like,0.00/noise-like,0,9.176,hump-note,0,0,0.00,0,0
103,57,3,2.62,1,2.51,204116,Y2,0.00/noise-like,0.24/noise-like,0,8.517,hump-note,0,0,0.00,0,0
103,58,3,2.87,1,2.27,377923,Y2,0.24/noise-like,0.00/noise-like,0,7.926,hump-note,0,0,0.00,0,0
103,59,3,0,-1,0,0,-,,,0,7.273,QUARANTINE:dark-lane range=63 distinct=61,0,0,0.00,0,0
103,60,3,0,-1,0,0,-,,,0,6.427,QUARANTINE:dark-lane range=53 distinct=53,0,0,0.00,0,0
103,61,3,0,-1,0,0,-,,,0,5.584,QUARANTINE:dark-lane range=50 distinct=48,0,0,0.00,0,0
103,62,3,0,-1,0,0,-,,,0,4.681,QUARANTINE:dark-lane range=39 distinct=40,0,0,0.00,0,0
103,63,3,0,-1,0,0,-,,,0,3.931,QUARANTINE:dark-lane range=34 distinct=35,0,0,0.00,0,0
104,0,3,2.85,1,2.47,1019955,Y4,0.00/noise-like,0.00/noise-like,0,19.638,hump-note,0,0,0.00,0,0
104,1,3,1.48,365,2.58,330806,Y4,,,0,19.545,clean,0,0,0.00,0,0
104,2,3,1.40,1383,2.51,214934,Y4,,,0,19.580,clean,0,0,0.00,0,0
104,3,3,1.36,1,2.32,932604,Y4,,,0,19.626,clean,0,0,0.00,0,0
104,4,3,1.49,1,2.52,1459122,Y4,,,0,19.735,clean,0,0,0.00,0,0
104,5,3,1.45,1,2.29,788033,Y4,,,0,19.535,clean,0,0,0.00,0,0
104,6,3,1.52,1476,2.43,252217,Y2,,,0,19.301,clean,0,0,0.00,0,0
104,7,3,1.53,1,2.54,553161,Y4,,,0,19.070,clean,0,0,0.00,0,0
104,8,3,1.45,1,2.21,1369715,Y2,,,0,18.794,clean,0,0,0.00,0,0
104,9,3,1.48,1304,2.32,1373202,Y2,,,0,18.444,clean,0,0,0.00,0,0
104,10,3,1.55,1,2.31,24408,Y2,,,0,18.051,clean,0,0,0.00,0,0
104,11,3,1.43,1,2.28,218421,Y4,,,0,17.673,clean,0,0,0.00,0,0
104,12,3,1.67,1,2.58,18328,Y2,,,0,17.207,clean,0,0,0.00,0,0
104,13,3,1.64,1,2.45,894785,Y4,,,0,16.745,clean,0,0,0.00,0,0
104,14,3,1.49,1,2.32,246942,Y2,,,0,16.429,clean,0,0,0.00,0,0
104,15,3,1.55,1,2.52,594109,Y4,,,0,16.237,clean,0,0,0.00,0,0
104,16,3,1.56,1,2.35,100851,Y2,,,0,16.258,clean,0,0,0.00,0,0
104,17,3,1.46,1,2.41,620216,Y2,,,0,16.459,clean,0,0,0.00,0,0
104,18,3,1.60,886,2.55,447929,Y4,,,0,17.712,clean,0,0,0.00,0,0
104,19,3,1.66,1,2.78,848830,Y4,,,0,16.400,clean,0,0,0.00,0,0
104,20,3,1.41,1,2.42,57936,Y4,,,0,16.078,clean,0,0,0.00,0,0
104,21,3,1.41,1,2.38,343144,Y2,,,0,15.924,clean,0,0,0.00,0,0
104,22,3,1.37,975,2.33,385791,Y4,,,0,15.901,clean,0,0,0.00,0,0
104,23,3,1.57,1,2.34,94771,Y2,,,0,15.885,clean,0,0,0.00,0,0
104,24,3,1.45,1255,2.28,854909,Y4,,,0,15.828,clean,0,0,0.00,0,0
104,25,3,1.41,131,2.43,171930,Y4,,,0,15.411,clean,0,0,0.00,0,0
104,26,3,1.64,1,2.60,30130,Y4,,,0,14.992,clean,0,0,0.00,0,0
104,27,3,1.56,626,2.69,461161,Y4,,,0,14.937,clean,0,0,0.00,0,0
104,28,3,1.58,1,2.51,143319,Y4,,,0,14.576,clean,0,0,0.00,0,0
104,29,3,1.75,1,2.63,595093,Y2,,,0,14.381,clean,0,0,0.00,0,0
104,30,3,1.71,1,2.34,28700,Y2,,,0,14.149,clean,0,0,0.00,0,0
104,31,3,1.84,1,2.34,1181245,Y2,,,0,13.904,clean,0,0,0.00,0,0
104,32,3,1.45,1,2.37,546634,Y4,,,0,13.643,clean,0,0,0.00,0,0
104,33,3,1.60,1,2.36,942707,Y2,,,0,13.533,clean,0,0,0.00,0,0
104,34,3,1.66,1,2.24,1387686,Y2,,,0,13.493,clean,0,0,0.00,0,0
104,35,3,1.76,1,2.86,153154,Y4,,,0,13.596,clean,0,0,0.00,0,0
104,36,3,1.79,1,2.51,491560,Y4,,,0,13.643,clean,0,0,0.00,0,0
104,37,3,1.85,1,2.35,162810,Y4,,,0,13.625,clean,0,0,0.00,0,0
104,38,3,1.50,1,2.49,544310,Y2,,,0,13.496,clean,0,0,0.00,0,0
104,39,3,1.76,1,2.45,1193583,Y4,,,0,13.434,clean,0,0,0.00,0,0
104,40,3,1.62,1,2.47,962734,Y2,,,0,13.423,clean,0,0,0.00,0,0
104,41,3,1.80,1,2.41,590712,Y2,,,0,13.411,clean,0,0,0.00,0,0
104,42,3,1.62,1,2.27,672340,Y2,,,0,13.370,clean,0,0,0.00,0,0
104,43,3,1.89,1,2.34,1245350,Y2,,,0,13.290,clean,0,0,0.00,0,0
104,44,3,1.92,1,2.38,762552,Y4,,,0,13.113,clean,0,0,0.00,0,0
104,45,3,1.63,1,2.41,680655,Y4,,,0,12.930,clean,0,0,0.00,0,0
104,46,3,1.91,1,2.47,745744,Y2,,,0,12.754,clean,0,0,0.00,0,0
104,47,3,1.73,1,2.53,545830,Y2,,,0,12.500,clean,0,0,0.00,0,0
104,48,3,3.59,1,2.20,223339,Y4,0.00/noise-like,0.00/noise-like,0,12.140,hump-note,0,0,0.00,0,0
104,49,3,1.85,1,2.41,1241952,Y4,,,0,11.777,clean,0,0,0.00,0,0
104,50,3,1.93,1,2.33,594199,Y2,,,0,11.424,clean,0,0,0.00,0,0
104,51,3,2.03,1,2.61,565767,Y2,,,0,11.103,clean,0,0,0.00,0,0
104,52,3,1.78,1,2.36,347704,Y4,,,0,10.877,clean,0,0,0.00,0,0
104,53,3,2.37,1,2.96,765681,Y4,,,0,10.662,clean,0,0,0.00,0,0
104,54,3,2.15,1,2.38,722408,Y2,,,0,10.297,clean,0,0,0.00,0,0
104,55,3,2.25,1,3.03,63926,Y4,0.00/noise-like,0.00/noise-like,0,9.814,FAM-HIT,0,0,0.00,0,0
104,56,3,2.56,1,2.29,213683,Y2,0.00/noise-like,0.00/noise-like,0,9.206,hump-note,0,0,0.00,0,0
104,57,3,3.09,1,2.68,676185,Y2,0.00/noise-like,0.00/noise-like,0,8.487,hump-note,0,0,0.00,0,0
104,58,3,3.20,1,2.48,1440525,Y2,0.24/noise-like,0.00/noise-like,0,7.914,hump-note,0,0,0.00,0,0
104,59,3,0,-1,0,0,-,,,0,7.256,QUARANTINE:dark-lane range=62 distinct=63,0,0,0.00,0,0
104,60,3,0,-1,0,0,-,,,0,6.428,QUARANTINE:dark-lane range=55 distinct=55,0,0,0.00,0,0
104,61,3,0,-1,0,0,-,,,0,5.570,QUARANTINE:dark-lane range=50 distinct=48,0,0,0.00,0,0
104,62,3,0,-1,0,0,-,,,0,4.687,QUARANTINE:dark-lane range=40 distinct=41,0,0,0.00,0,0
104,63,3,0,-1,0,0,-,,,0,3.927,QUARANTINE:dark-lane range=32 distinct=33,0,0,0.00,0,0
105,0,3,2.31,1,2.33,451684,Y2,,,0,19.611,clean,0,0,0.00,0,0
105,1,3,1.39,599,2.73,988483,Y4,,,0,19.597,clean,0,0,0.00,0,0
105,2,3,1.42,1,2.37,663489,Y4,,,0,19.548,clean,0,0,0.00,0,0
105,3,3,1.45,1149,2.46,1040965,Y4,,,0,19.654,clean,0,0,0.00,0,0
105,4,3,1.44,947,2.31,268579,Y2,,,0,19.714,clean,0,0,0.00,0,0
105,5,3,1.38,1,2.86,1034796,Y4,,,0,19.566,clean,0,0,0.00,0,0
105,6,3,1.56,1,2.37,300676,Y2,,,0,19.314,clean,0,0,0.00,0,0
105,7,3,1.39,1,2.28,558525,Y4,,,0,19.089,clean,0,0,0.00,0,0
105,8,3,1.63,1,2.37,1334667,Y2,,,0,18.791,clean,0,0,0.00,0,0
105,9,3,1.47,265,2.38,65535,Y4,,,0,18.397,clean,0,0,0.00,0,0
105,10,3,1.58,1,2.26,423431,Y2,,,0,18.030,clean,0,0,0.00,0,0
105,11,3,1.59,1,2.49,1031578,Y4,,,0,17.678,clean,0,0,0.00,0,0
105,12,3,1.58,1,2.80,611186,Y2,,,0,17.185,clean,0,0,0.00,0,0
105,13,3,1.65,1,2.30,1193494,Y4,,,0,16.735,clean,0,0,0.00,0,0
105,14,3,1.49,1,2.55,300676,Y2,,,0,16.415,clean,0,0,0.00,0,0
105,15,3,1.57,1,2.43,1010031,Y2,,,0,16.245,clean,0,0,0.00,0,0
105,16,3,1.48,1,2.53,1319647,Y2,,,0,16.315,clean,0,0,0.00,0,0
105,17,3,1.40,469,2.45,328749,Y2,,,0,16.459,clean,0,0,0.00,0,0
105,18,3,1.56,880,2.36,120789,Y2,,,0,17.747,clean,0,0,0.00,0,0
105,19,3,1.33,865,2.43,1431137,Y2,,,0,16.408,clean,0,0,0.00,0,0
105,20,3,1.40,1,2.83,1275212,Y4,,,0,16.064,clean,0,0,0.00,0,0
105,21,3,1.50,1,2.49,713110,Y2,,,0,15.959,clean,0,0,0.00,0,0
105,22,3,1.44,1,2.46,1054108,Y2,,,0,15.903,clean,0,0,0.00,0,0
105,23,3,1.50,1,2.33,92715,Y2,,,0,15.891,clean,0,0,0.00,0,0
105,24,3,1.38,1,2.37,940382,Y4,,,0,15.817,clean,0,0,0.00,0,0
105,25,3,1.71,1,2.34,723660,Y4,,,0,15.404,clean,0,0,0.00,0,0
105,26,3,1.58,1,2.64,679672,Y2,,,0,14.961,clean,0,0,0.00,0,0
105,27,3,1.85,1,2.60,1411647,Y4,,,0,14.924,clean,0,0,0.00,0,0
105,28,3,1.59,1,2.36,3666,Y4,,,0,14.568,clean,0,0,0.00,0,0
105,29,3,1.56,1,2.53,449359,Y4,,,0,14.369,clean,0,0,0.00,0,0
105,30,3,1.73,1,2.41,21100,Y2,,,0,14.123,clean,0,0,0.00,0,0
105,31,3,1.89,1,2.41,421375,Y4,,,0,13.887,clean,0,0,0.00,0,0
105,32,3,1.50,1,2.42,1439631,Y4,,,0,13.653,clean,0,0,0.00,0,0
105,33,3,1.66,1,2.45,547975,Y2,,,0,13.519,clean,0,0,0.00,0,0
105,34,3,1.63,1,2.56,1164883,Y2,,,0,13.507,clean,0,0,0.00,0,0
105,35,3,1.74,1,2.37,451416,Y4,,,0,13.573,clean,0,0,0.00,0,0
105,36,3,1.89,1,2.69,562280,Y2,,,0,13.653,clean,0,0,0.00,0,0
105,37,3,1.63,1,2.44,78320,Y2,,,0,13.598,clean,0,0,0.00,0,0
105,38,3,1.63,1,2.41,1112580,Y2,,,0,13.507,clean,0,0,0.00,0,0
105,39,3,1.76,1,2.51,1017541,Y4,,,0,13.437,clean,0,0,0.00,0,0
105,40,3,1.92,1,2.43,1065642,Y4,,,0,13.431,clean,0,0,0.00,0,0
105,41,3,1.77,1,3.01,108629,Y4,0.00/noise-like,0.00/noise-like,0,13.390,FAM-HIT,0,0,0.00,0,0
105,42,3,1.61,1,2.47,253469,Y4,,,0,13.390,clean,0,0,0.00,0,0
105,43,3,1.89,1,2.55,627369,Y2,,,0,13.294,clean,0,0,0.00,0,0
105,44,3,1.82,1,2.50,1066089,Y2,,,0,13.075,clean,0,0,0.00,0,0
105,45,3,1.60,1,2.55,215292,Y2,,,0,12.928,clean,0,0,0.00,0,0
105,46,3,1.69,1,2.38,109613,Y2,,,0,12.772,clean,0,0,0.00,0,0
105,47,3,2.00,1,2.36,103176,Y2,,,0,12.524,clean,0,0,0.00,0,0
105,48,3,3.15,1,2.85,1464844,Y2,0.24/noise-like,0.24/noise-like,0,12.139,hump-note,0,0,0.00,0,0
105,49,3,1.94,1,2.71,1464844,Y4,,,0,11.758,clean,0,0,0.00,0,0
105,50,3,2.41,1,2.35,1138508,Y4,,,0,11.404,clean,0,0,0.00,0,0
105,51,3,2.29,1,2.36,1085132,Y4,,,0,11.111,clean,0,0,0.00,0,0
105,52,3,1.98,1,2.34,612080,Y2,,,0,10.880,clean,0,0,0.00,0,0
105,53,3,2.16,1,2.42,406265,Y4,,,0,10.648,clean,0,0,0.00,0,0
105,54,3,2.04,1,2.35,1388222,Y4,,,0,10.312,clean,0,0,0.00,0,0
105,55,3,2.47,1,2.53,1355678,Y2,,,0,9.807,clean,0,0,0.00,0,0
105,56,3,2.50,1,2.34,328392,Y4,0.00/noise-like,0.00/noise-like,0,9.207,hump-note,0,0,0.00,0,0
105,57,3,2.62,1,2.38,1069129,Y2,0.00/noise-like,0.00/noise-like,0,8.521,hump-note,0,0,0.00,0,0
105,58,3,3.30,1,2.36,510871,Y4,0.00/noise-like,0.00/noise-like,0,7.924,hump-note,0,0,0.00,0,0
105,59,3,3.86,1,2.32,982314,Y4,0.00/noise-like,0.00/noise-like,0,7.259,hump-note,0,0,0.00,0,0
105,60,3,0,-1,0,0,-,,,0,6.414,QUARANTINE:dark-lane range=52 distinct=52,0,0,0.00,0,0
105,61,3,0,-1,0,0,-,,,0,5.570,QUARANTINE:dark-lane range=50 distinct=48,0,0,0.00,0,0
105,62,3,0,-1,0,0,-,,,0,4.686,QUARANTINE:dark-lane range=41 distinct=42,0,0,0.00,0,0
105,63,3,0,-1,0,0,-,,,0,3.931,QUARANTINE:dark-lane range=32 distinct=33,0,0,0.00,0,0
106,0,3,2.86,1,2.55,753880,Y4,0.00/noise-like,0.24/noise-like,0,19.646,hump-note,0,0,0.00,0,0
106,1,3,1.36,1362,2.55,588387,Y4,,,0,19.567,clean,0,0,0.00,0,0
106,2,3,1.44,1384,2.42,932693,Y4,,,0,19.504,clean,0,0,0.00,0,0
106,3,3,1.61,1,2.48,1057863,Y4,,,0,19.669,clean,0,0,0.00,0,0
106,4,3,1.45,95,2.88,13322,Y4,,,0,19.755,clean,0,0,0.00,0,0
106,5,3,1.56,1,2.41,839263,Y4,,,0,19.526,clean,0,0,0.00,0,0
106,6,3,1.54,1,2.38,61780,Y2,,,0,19.306,clean,0,0,0.00,0,0
106,7,3,1.35,1,2.32,325263,Y4,,,0,19.098,clean,0,0,0.00,0,0
106,8,3,1.35,1,2.43,1234084,Y2,,,0,18.791,clean,0,0,0.00,0,0
106,9,3,1.51,1,2.58,571311,Y2,,,0,18.448,clean,0,0,0.00,0,0
106,10,3,1.37,367,2.29,499696,Y4,,,0,18.073,clean,0,0,0.00,0,0
106,11,3,1.39,1,2.39,1377136,Y4,,,0,17.693,clean,0,0,0.00,0,0
106,12,3,1.42,818,2.52,1141816,Y2,,,0,17.181,clean,0,0,0.00,0,0
106,13,3,1.49,1,2.83,315338,Y2,,,0,16.746,clean,0,0,0.00,0,0
106,14,3,1.49,1,2.34,826210,Y2,,,0,16.441,clean,0,0,0.00,0,0
106,15,3,1.63,1,2.47,64909,Y2,,,0,16.235,clean,0,0,0.00,0,0
106,16,3,1.61,1,2.29,552982,Y2,,,0,16.276,clean,0,0,0.00,0,0
106,17,3,1.49,1,2.55,390887,Y4,,,0,16.426,clean,0,0,0.00,0,0
106,18,3,1.51,598,2.49,332147,Y2,,,0,17.726,clean,0,0,0.00,0,0
106,19,3,1.56,1,2.29,1463145,Y2,,,0,16.389,clean,0,0,0.00,0,0
106,20,3,1.69,1,2.67,916421,Y4,,,0,16.066,clean,0,0,0.00,0,0
106,21,3,1.48,1,2.61,467330,Y4,,,0,15.932,clean,0,0,0.00,0,0
106,22,3,1.58,1,2.41,81003,Y2,,,0,15.936,clean,0,0,0.00,0,0
106,23,3,1.46,1,2.73,428081,Y2,,,0,15.905,clean,0,0,0.00,0,0
106,24,3,1.34,308,2.27,819325,Y4,,,0,15.814,clean,0,0,0.00,0,0
106,25,3,1.35,823,2.44,369608,Y2,,,0,15.391,clean,0,0,0.00,0,0
106,26,3,1.67,1,2.39,1412004,Y4,,,0,14.998,clean,0,0,0.00,0,0
106,27,3,1.74,648,2.77,944048,Y4,,,0,14.926,clean,0,0,0.00,0,0
106,28,3,1.37,1,2.59,112742,Y2,,,0,14.583,clean,0,0,0.00,0,0
106,29,3,1.51,1,2.27,872254,Y2,,,0,14.367,clean,0,0,0.00,0,0
106,30,3,1.76,1,2.31,281096,Y2,,,0,14.141,clean,0,0,0.00,0,0
106,31,3,1.92,1,2.52,1452327,Y4,,,0,13.877,clean,0,0,0.00,0,0
106,32,3,1.38,1127,2.50,191689,Y4,,,0,13.628,clean,0,0,0.00,0,0
106,33,3,1.52,1,2.37,414312,Y2,,,0,13.544,clean,0,0,0.00,0,0
106,34,3,1.78,1,2.42,676543,Y4,,,0,13.483,clean,0,0,0.00,0,0
106,35,3,1.86,1,2.52,517309,Y4,,,0,13.563,clean,0,0,0.00,0,0
106,36,3,1.80,1,2.38,386238,Y4,,,0,13.674,clean,0,0,0.00,0,0
106,37,3,1.62,1,2.43,155747,Y2,,,0,13.625,clean,0,0,0.00,0,0
106,38,3,1.60,1,2.37,979364,Y4,,,0,13.499,clean,0,0,0.00,0,0
106,39,3,1.66,1,2.28,857949,Y4,,,0,13.441,clean,0,0,0.00,0,0
106,40,3,1.89,1,2.32,995368,Y4,,,0,13.413,clean,0,0,0.00,0,0
106,41,3,1.80,1,2.64,479758,Y4,,,0,13.407,clean,0,0,0.00,0,0
106,42,3,2.12,1,2.68,220656,Y4,,,0,13.380,clean,0,0,0.00,0,0
106,43,3,1.74,1,2.53,1063496,Y4,,,0,13.284,clean,0,0,0.00,0,0
106,44,3,1.82,1,2.41,296563,Y4,,,0,13.113,clean,0,0,0.00,0,0
106,45,3,1.82,1,2.37,1167923,Y4,,,0,12.926,clean,0,0,0.00,0,0
106,46,3,1.94,1,2.32,94593,Y2,,,0,12.735,clean,0,0,0.00,0,0
106,47,3,1.88,1,2.36,798762,Y4,,,0,12.503,clean,0,0,0.00,0,0
106,48,3,3.35,1,2.30,589728,Y4,0.00/noise-like,0.00/noise-like,0,12.141,hump-note,0,0,0.00,0,0
106,49,3,2.00,1,2.34,1001984,Y2,,,0,11.741,clean,0,0,0.00,0,0
106,50,3,1.95,1,2.28,207961,Y4,,,0,11.425,clean,0,0,0.00,0,0
106,51,3,2.08,1,2.70,916690,Y4,,,0,11.112,clean,0,0,0.00,0,0
106,52,3,1.97,1,2.34,245512,Y2,,,0,10.862,clean,0,0,0.00,0,0
106,53,3,2.23,1,2.36,781864,Y4,,,0,10.653,clean,0,0,0.00,0,0
106,54,3,2.44,1,2.43,166476,Y2,,,0,10.283,clean,0,0,0.00,0,0
106,55,3,2.43,1,2.41,1329035,Y4,,,0,9.831,clean,0,0,0.00,0,0
106,56,3,2.99,1,2.23,1386702,Y2,0.42/WATCH,0.00/noise-like,0,9.201,hump-note,0,0,0.00,0,0
106,57,3,2.68,1,2.70,1140475,Y2,0.00/noise-like,0.24/noise-like,0,8.507,hump-note,0,0,0.00,0,0
106,58,3,2.74,1,2.42,1184732,Y2,0.24/noise-like,0.00/noise-like,0,7.929,hump-note,0,0,0.00,0,0
106,59,3,0,-1,0,0,-,,,0,7.261,QUARANTINE:dark-lane range=63 distinct=62,0,0,0.00,0,0
106,60,3,0,-1,0,0,-,,,0,6.411,QUARANTINE:dark-lane range=55 distinct=56,0,0,0.00,0,0
106,61,3,0,-1,0,0,-,,,0,5.572,QUARANTINE:dark-lane range=49 distinct=49,0,0,0.00,0,0
106,62,3,0,-1,0,0,-,,,0,4.686,QUARANTINE:dark-lane range=41 distinct=42,0,0,0.00,0,0
106,63,3,0,-1,0,0,-,,,0,3.930,QUARANTINE:dark-lane range=34 distinct=35,0,0,0.00,0,0
107,0,3,2.96,1,2.28,179887,Y2,0.00/noise-like,0.24/noise-like,0,19.624,hump-note,0,0,0.00,0,0
107,1,3,1.36,1,2.66,1411915,Y4,,,0,19.581,clean,0,0,0.00,0,0
107,2,3,1.43,1,2.42,1431406,Y2,,,0,19.543,clean,0,0,0.00,0,0
107,3,3,1.39,1,2.23,407517,Y2,,,0,19.646,clean,0,0,0.00,0,0
107,4,3,1.36,1396,2.48,633895,Y2,,,0,19.777,clean,0,0,0.00,0,0
107,5,3,1.38,346,2.43,643730,Y4,,,0,19.551,clean,0,0,0.00,0,0
107,6,3,1.61,1476,2.43,757098,Y2,,,0,19.285,clean,0,0,0.00,0,0
107,7,3,1.39,1,2.73,841498,Y4,,,0,19.060,clean,0,0,0.00,0,0
107,8,3,1.59,1,2.46,414491,Y4,,,0,18.819,clean,0,0,0.00,0,0
107,9,3,1.34,584,2.36,579536,Y4,,,0,18.419,clean,0,0,0.00,0,0
107,10,3,1.68,1,2.39,1447052,Y2,,,0,18.108,clean,0,0,0.00,0,0
107,11,3,1.38,1,2.38,354946,Y2,,,0,17.663,clean,0,0,0.00,0,0
107,12,3,1.72,1,2.39,901580,Y4,,,0,17.203,clean,0,0,0.00,0,0
107,13,3,1.47,1,2.60,814050,Y4,,,0,16.732,clean,0,0,0.00,0,0
107,14,3,1.54,1,2.58,199914,Y4,,,0,16.451,clean,0,0,0.00,0,0
107,15,3,1.61,1,2.22,75728,Y2,,,0,16.240,clean,0,0,0.00,0,0
107,16,3,1.49,1,2.19,236034,Y4,,,0,16.284,clean,0,0,0.00,0,0
107,17,3,1.44,1,2.38,123471,Y4,,,0,16.463,clean,0,0,0.00,0,0
107,18,3,1.52,1,2.39,1349598,Y2,,,0,17.753,clean,0,0,0.00,0,0
107,19,3,1.55,1,2.39,224411,Y4,,,0,16.402,clean,0,0,0.00,0,0
107,20,3,1.72,1,2.35,1419336,Y2,,,0,16.100,clean,0,0,0.00,0,0
107,21,3,1.65,1,2.34,1136363,Y4,,,0,15.957,clean,0,0,0.00,0,0
107,22,3,1.49,1,2.41,124454,Y2,,,0,15.956,clean,0,0,0.00,0,0
107,23,3,1.73,1,2.34,917137,Y4,,,0,15.883,clean,0,0,0.00,0,0
107,24,3,1.66,1,2.40,525177,Y4,,,0,15.816,clean,0,0,0.00,0,0
107,25,3,1.51,1,2.36,1206994,Y2,,,0,15.408,clean,0,0,0.00,0,0
107,26,3,1.69,1,2.54,1347005,Y2,,,0,14.990,clean,0,0,0.00,0,0
107,27,3,1.68,624,2.41,411808,Y2,,,0,14.951,clean,0,0,0.00,0,0
107,28,3,1.56,1,2.54,730455,Y2,,,0,14.567,clean,0,0,0.00,0,0
107,29,3,1.91,1,2.55,867069,Y2,,,0,14.381,clean,0,0,0.00,0,0
107,30,3,1.72,1,2.42,998408,Y2,,,0,14.141,clean,0,0,0.00,0,0
107,31,3,1.64,1,2.44,1056969,Y2,,,0,13.874,clean,0,0,0.00,0,0
107,32,3,1.36,1154,2.49,159949,Y2,,,0,13.627,clean,0,0,0.00,0,0
107,33,3,1.63,1,2.65,1260191,Y2,,,0,13.503,clean,0,0,0.00,0,0
107,34,3,1.40,1,2.44,638723,Y4,,,0,13.514,clean,0,0,0.00,0,0
107,35,3,1.53,1,2.38,347167,Y2,,,0,13.550,clean,0,0,0.00,0,0
107,36,3,1.82,1,2.34,121504,Y4,,,0,13.668,clean,0,0,0.00,0,0
107,37,3,1.55,1,2.39,205278,Y4,,,0,13.639,clean,0,0,0.00,0,0
107,38,3,1.90,1,2.48,143766,Y4,,,0,13.487,clean,0,0,0.00,0,0
107,39,3,1.74,1,2.33,1175433,Y2,,,0,13.446,clean,0,0,0.00,0,0
107,40,3,1.85,1,2.32,278950,Y2,,,0,13.404,clean,0,0,0.00,0,0
107,41,3,1.51,1,2.42,81182,Y4,,,0,13.399,clean,0,0,0.00,0,0
107,42,3,1.48,1,2.34,3666,Y4,,,0,13.390,clean,0,0,0.00,0,0
107,43,3,1.69,1,2.47,1046866,Y2,,,0,13.286,clean,0,0,0.00,0,0
107,44,3,1.71,1,2.46,980526,Y2,,,0,13.093,clean,0,0,0.00,0,0
107,45,3,1.81,1,2.55,76890,Y4,,,0,12.920,clean,0,0,0.00,0,0
107,46,3,1.56,1,2.54,401795,Y2,,,0,12.757,clean,0,0,0.00,0,0
107,47,3,1.67,1,2.29,1249015,Y4,,,0,12.513,clean,0,0,0.00,0,0
107,48,3,3.06,1,2.26,962824,Y2,0.00/noise-like,0.00/noise-like,0,12.153,hump-note,0,0,0.00,0,0
107,49,3,1.89,1,2.22,1408517,Y4,,,0,11.749,clean,0,0,0.00,0,0
107,50,3,2.03,1,2.46,75907,Y2,,,0,11.419,clean,0,0,0.00,0,0
107,51,3,1.99,1,2.33,6169,Y2,,,0,11.099,clean,0,0,0.00,0,0
107,52,3,1.97,1,2.45,29236,Y2,,,0,10.866,clean,0,0,0.00,0,0
107,53,3,2.07,1,2.44,817895,Y4,,,0,10.653,clean,0,0,0.00,0,0
107,54,3,2.30,1,2.30,981599,Y2,,,0,10.313,clean,0,0,0.00,0,0
107,55,3,2.16,1,2.37,1249552,Y2,,,0,9.831,clean,0,0,0.00,0,0
107,56,3,2.79,1,2.40,218689,Y2,0.00/noise-like,0.00/noise-like,0,9.196,hump-note,0,0,0.00,0,0
107,57,3,2.54,1,2.67,301838,Y2,0.00/noise-like,0.00/noise-like,0,8.514,hump-note,0,0,0.00,0,0
107,58,3,2.97,1,2.72,86814,Y2,0.00/noise-like,0.00/noise-like,0,7.926,hump-note,0,0,0.00,0,0
107,59,3,0,-1,0,0,-,,,0,7.258,QUARANTINE:dark-lane range=66 distinct=63,0,0,0.00,0,0
107,60,3,0,-1,0,0,-,,,0,6.431,QUARANTINE:dark-lane range=52 distinct=53,0,0,0.00,0,0
107,61,3,0,-1,0,0,-,,,0,5.574,QUARANTINE:dark-lane range=49 distinct=48,0,0,0.00,0,0
107,62,3,0,-1,0,0,-,,,0,4.685,QUARANTINE:dark-lane range=42 distinct=43,0,0,0.00,0,0
107,63,3,0,-1,0,0,-,,,0,3.924,QUARANTINE:dark-lane range=35 distinct=35,0,0,0.00,0,0
108,0,3,2.47,1,2.46,1155496,Y2,,,0,19.611,clean,0,0,0.00,0,0
108,1,3,1.42,261,2.28,1151741,Y4,,,0,19.586,clean,0,0,0.00,0,0
108,2,3,1.38,1206,2.67,1091927,Y4,,,0,19.626,clean,0,0,0.00,0,0
108,3,3,1.56,1,2.60,488430,Y2,,,0,19.679,clean,0,0,0.00,0,0
108,4,3,1.45,1016,2.47,115424,Y2,,,0,19.776,clean,0,0,0.00,0,0
108,5,3,1.57,1,2.36,240505,Y4,,,0,19.560,clean,0,0,0.00,0,0
108,6,3,1.56,1476,2.28,152171,Y4,,,0,19.285,clean,0,0,0.00,0,0
108,7,3,1.37,1374,2.43,1393139,Y4,,,0,19.034,clean,0,0,0.00,0,0
108,8,3,1.37,133,2.35,110418,Y4,,,0,18.779,clean,0,0,0.00,0,0
108,9,3,1.44,1,2.61,162005,Y4,,,0,18.446,clean,0,0,0.00,0,0
108,10,3,1.34,44,2.18,146896,Y2,,,0,18.039,clean,0,0,0.00,0,0
108,11,3,1.34,146,2.38,418782,Y4,,,0,17.699,clean,0,0,0.00,0,0
108,12,3,1.54,1,2.30,929743,Y4,,,0,17.212,clean,0,0,0.00,0,0
108,13,3,1.61,1,2.42,140101,Y2,,,0,16.731,clean,0,0,0.00,0,0
108,14,3,1.56,1,2.31,563532,Y4,,,0,16.431,clean,0,0,0.00,0,0
108,15,3,1.58,1,2.61,6884,Y2,,,0,16.227,clean,0,0,0.00,0,0
108,16,3,1.43,1,2.61,347257,Y2,,,0,16.316,clean,0,0,0.00,0,0
108,17,3,1.39,1,2.43,431567,Y2,,,0,16.448,clean,0,0,0.00,0,0
108,18,3,1.56,768,2.53,535995,Y2,,,0,17.716,clean,0,0,0.00,0,0
108,19,3,1.35,350,2.49,1076460,Y2,,,0,16.394,clean,0,0,0.00,0,0
108,20,3,1.77,1,2.54,994027,Y2,,,0,16.109,clean,0,0,0.00,0,0
108,21,3,1.45,1,2.25,569433,Y2,,,0,15.956,clean,0,0,0.00,0,0
108,22,3,1.42,1,2.43,136793,Y4,,,0,15.914,clean,0,0,0.00,0,0
108,23,3,1.58,1,2.36,911146,Y2,,,0,15.923,clean,0,0,0.00,0,0
108,24,3,1.41,1,2.35,41127,Y4,,,0,15.824,clean,0,0,0.00,0,0
108,25,3,1.76,1,2.40,1369178,Y4,,,0,15.387,clean,0,0,0.00,0,0
108,26,3,1.64,1,2.34,1181245,Y2,,,0,14.990,clean,0,0,0.00,0,0
108,27,3,1.87,1,2.38,1298010,Y4,,,0,14.943,clean,0,0,0.00,0,0
108,28,3,1.62,1,2.40,334650,Y2,,,0,14.579,clean,0,0,0.00,0,0
108,29,3,1.68,1,2.49,1106590,Y4,,,0,14.376,clean,0,0,0.00,0,0
108,30,3,1.66,1,2.35,1260549,Y4,,,0,14.170,clean,0,0,0.00,0,0
108,31,3,1.57,1,2.59,884861,Y4,,,0,13.898,clean,0,0,0.00,0,0
108,32,3,1.40,528,2.40,289232,Y4,,,0,13.654,clean,0,0,0.00,0,0
108,33,3,1.70,1,2.68,619590,Y4,,,0,13.520,clean,0,0,0.00,0,0
108,34,3,1.90,1,2.32,202686,Y2,,,0,13.485,clean,0,0,0.00,0,0
108,35,3,1.81,1,2.35,1058310,Y4,,,0,13.571,clean,0,0,0.00,0,0
108,36,3,1.57,1,2.30,1377225,Y2,,,0,13.659,clean,0,0,0.00,0,0
108,37,3,1.72,1,2.61,46760,Y4,,,0,13.629,clean,0,0,0.00,0,0
108,38,3,1.92,1,2.83,37372,Y4,,,0,13.497,clean,0,0,0.00,0,0
108,39,3,1.79,1,2.24,1028448,Y4,,,0,13.450,clean,0,0,0.00,0,0
108,40,3,1.86,1,2.25,83953,Y2,,,0,13.434,clean,0,0,0.00,0,0
108,41,3,1.91,1,2.56,926614,Y4,,,0,13.410,clean,0,0,0.00,0,0
108,42,3,1.75,1,2.34,1461715,Y4,,,0,13.387,clean,0,0,0.00,0,0
108,43,3,1.95,1,2.43,473231,Y4,,,0,13.319,clean,0,0,0.00,0,0
108,44,3,1.86,1,2.49,25034,Y2,,,0,13.098,clean,0,0,0.00,0,0
108,45,3,1.67,1,2.45,605643,Y4,,,0,12.901,clean,0,0,0.00,0,0
108,46,3,1.81,1,2.39,600994,Y4,,,0,12.745,clean,0,0,0.00,0,0
108,47,3,2.09,1,2.74,146985,Y2,,,0,12.531,clean,0,0,0.00,0,0
108,48,3,3.02,1,2.39,493526,Y2,0.24/noise-like,0.00/noise-like,0,12.132,hump-note,0,0,0.00,0,0
108,49,3,1.97,1,2.26,842750,Y2,,,0,11.748,clean,0,0,0.00,0,0
108,50,3,1.93,1,2.46,816733,Y4,,,0,11.443,clean,0,0,0.00,0,0
108,51,3,2.03,1,2.34,858754,Y4,,,0,11.094,clean,0,0,0.00,0,0
108,52,3,2.19,1,2.49,1025587,Y4,,,0,10.875,clean,0,0,0.00,0,0
108,53,3,2.09,1,2.32,1143515,Y2,,,0,10.646,clean,0,0,0.00,0,0
108,54,3,2.49,1,2.47,1073599,Y2,,,0,10.304,clean,0,0,0.00,0,0
108,55,3,2.20,1,2.41,1188487,Y4,,,0,9.817,clean,0,0,0.00,0,0
108,56,3,2.72,1,2.40,1137704,Y2,0.00/noise-like,0.00/noise-like,0,9.194,hump-note,0,0,0.00,0,0
108,57,3,2.84,1,2.28,1127958,Y4,0.00/noise-like,0.00/noise-like,0,8.513,hump-note,0,0,0.00,0,0
108,58,3,3.27,1,2.31,263929,Y2,0.00/noise-like,0.00/noise-like,0,7.941,hump-note,0,0,0.00,0,0
108,59,3,0,-1,0,0,-,,,0,7.251,QUARANTINE:dark-lane range=59 distinct=60,0,0,0.00,0,0
108,60,3,0,-1,0,0,-,,,0,6.427,QUARANTINE:dark-lane range=57 distinct=56,0,0,0.00,0,0
108,61,3,0,-1,0,0,-,,,0,5.576,QUARANTINE:dark-lane range=49 distinct=50,0,0,0.00,0,0
108,62,3,0,-1,0,0,-,,,0,4.688,QUARANTINE:dark-lane range=43 distinct=42,0,0,0.00,0,0
108,63,3,0,-1,0,0,-,,,0,3.931,QUARANTINE:dark-lane range=33 distinct=34,0,0,0.00,0,0
109,0,3,3.29,1,2.65,114977,Y4,0.00/noise-like,0.00/noise-like,0,19.630,hump-note,0,0,0.00,0,0
109,1,3,1.34,1,2.35,1321793,Y2,,,0,19.572,clean,0,0,0.00,0,0
109,2,3,1.51,1,2.40,1216024,Y4,,,0,19.488,clean,0,0,0.00,0,0
109,3,3,1.37,14,2.44,1154512,Y4,,,0,19.637,clean,0,0,0.00,0,0
109,4,3,1.38,526,2.32,121415,Y2,,,0,19.785,clean,0,0,0.00,0,0
109,5,3,1.43,1,2.31,193655,Y2,,,0,19.526,clean,0,0,0.00,0,0
109,6,3,1.36,1476,2.38,430942,Y4,,,0,19.311,clean,0,0,0.00,0,0
109,7,3,1.32,728,2.43,777036,Y4,,,0,19.085,clean,0,0,0.00,0,0
109,8,3,1.38,255,2.42,293076,Y2,,,0,18.815,clean,0,0,0.00,0,0
109,9,3,1.34,301,2.40,68754,Y4,,,0,18.407,clean,0,0,0.00,0,0
109,10,3,1.68,1,2.35,1374632,Y2,,,0,18.037,clean,0,0,0.00,0,0
109,11,3,1.44,1471,2.48,637025,Y2,,,0,17.668,clean,0,0,0.00,0,0
109,12,3,1.53,1,2.43,245780,Y4,,,0,17.185,clean,0,0,0.00,0,0
109,13,3,1.66,1,2.45,1251519,Y2,,,0,16.739,clean,0,0,0.00,0,0
109,14,3,1.40,512,2.42,660092,Y4,,,0,16.439,clean,0,0,0.00,0,0
109,15,3,1.35,1,2.47,1132250,Y2,,,0,16.260,clean,0,0,0.00,0,0
109,16,3,1.45,1,2.51,1262516,Y4,,,0,16.281,clean,0,0,0.00,0,0
109,17,3,1.58,1,2.51,670195,Y4,,,0,16.467,clean,0,0,0.00,0,0
109,18,3,1.58,843,2.44,549406,Y2,,,0,17.738,clean,0,0,0.00,0,0
109,19,3,1.53,1,2.31,847578,Y2,,,0,16.388,clean,0,0,0.00,0,0
109,20,3,1.64,1,2.85,1272976,Y4,,,0,16.077,clean,0,0,0.00,0,0
109,21,3,1.47,61,2.43,474662,Y2,,,0,15.951,clean,0,0,0.00,0,0
109,22,3,1.61,1,2.59,933766,Y4,,,0,15.906,clean,0,0,0.00,0,0
109,23,3,1.37,376,2.55,28074,Y4,,,0,15.903,clean,0,0,0.00,0,0
109,24,3,1.41,1046,2.30,1109093,Y2,,,0,15.830,clean,0,0,0.00,0,0
109,25,3,1.42,1,2.18,1231670,Y2,,,0,15.413,clean,0,0,0.00,0,0
109,26,3,1.77,1,2.33,861615,Y4,,,0,14.988,clean,0,0,0.00,0,0
109,27,3,1.65,630,2.53,240237,Y4,,,0,14.965,clean,0,0,0.00,0,0
109,28,3,1.59,1,2.56,351906,Y2,,,0,14.574,clean,0,0,0.00,0,0
109,29,3,1.77,1,2.23,48190,Y2,,,0,14.378,clean,0,0,0.00,0,0
109,30,3,1.58,1,2.27,903726,Y2,,,0,14.122,clean,0,0,0.00,0,0
109,31,3,1.67,1,2.51,41664,Y2,,,0,13.889,clean,0,0,0.00,0,0
109,32,3,1.34,449,2.39,907481,Y2,,,0,13.645,clean,0,0,0.00,0,0
109,33,3,1.38,1,2.35,522852,Y2,,,0,13.515,clean,0,0,0.00,0,0
109,34,3,1.87,1,2.37,1337886,Y4,,,0,13.535,clean,0,0,0.00,0,0
109,35,3,1.84,1,2.53,939220,Y2,,,0,13.579,clean,0,0,0.00,0,0
109,36,3,1.83,1,2.38,375152,Y4,,,0,13.677,clean,0,0,0.00,0,0
109,37,3,1.57,1,2.37,436306,Y4,,,0,13.628,clean,0,0,0.00,0,0
109,38,3,1.70,1,2.52,1043111,Y2,,,0,13.524,clean,0,0,0.00,0,0
109,39,3,1.78,1,2.57,829965,Y2,,,0,13.430,clean,0,0,0.00,0,0
109,40,3,1.60,1,2.80,627458,Y2,,,0,13.407,clean,0,0,0.00,0,0
109,41,3,1.70,1,2.33,843644,Y2,,,0,13.405,clean,0,0,0.00,0,0
109,42,3,1.90,1,2.48,1227379,Y4,,,0,13.383,clean,0,0,0.00,0,0
109,43,3,1.77,1,2.65,1396447,Y4,,,0,13.314,clean,0,0,0.00,0,0
109,44,3,1.82,1,2.38,1412719,Y2,,,0,13.092,clean,0,0,0.00,0,0
109,45,3,1.77,1,2.36,1045883,Y2,,,0,12.925,clean,0,0,0.00,0,0
109,46,3,1.77,1,2.37,1151383,Y4,,,0,12.737,clean,0,0,0.00,0,0
109,47,3,1.67,1,2.37,511408,Y4,,,0,12.507,clean,0,0,0.00,0,0
109,48,3,3.05,1,2.45,863492,Y4,0.24/noise-like,0.24/noise-like,0,12.150,hump-note,0,0,0.00,0,0
109,49,3,2.03,1,2.38,490218,Y2,,,0,11.748,clean,0,0,0.00,0,0
109,50,3,2.15,1,2.40,1148164,Y2,,,0,11.420,clean,0,0,0.00,0,0
109,51,3,1.93,1,2.38,267148,Y2,,,0,11.096,clean,0,0,0.00,0,0
109,52,3,1.96,1,2.46,507385,Y4,,,0,10.872,clean,0,0,0.00,0,0
109,53,3,1.78,1,2.25,604749,Y2,,,0,10.634,clean,0,0,0.00,0,0
109,54,3,2.14,1,2.40,1455992,Y2,,,0,10.315,clean,0,0,0.00,0,0
109,55,3,2.45,1,2.29,18686,Y2,,,0,9.807,clean,0,0,0.00,0,0
109,56,3,2.38,1,2.37,46134,Y4,,,0,9.203,clean,0,0,0.00,0,0
109,57,3,3.06,1,2.42,414044,Y4,0.00/noise-like,0.00/noise-like,0,8.508,hump-note,0,0,0.00,0,0
109,58,3,3.02,1,2.35,947446,Y4,0.00/noise-like,0.00/noise-like,0,7.915,hump-note,0,0,0.00,0,0
109,59,3,0,-1,0,0,-,,,0,7.258,QUARANTINE:dark-lane range=64 distinct=62,0,0,0.00,0,0
109,60,3,0,-1,0,0,-,,,0,6.428,QUARANTINE:dark-lane range=55 distinct=55,0,0,0.00,0,0
109,61,3,0,-1,0,0,-,,,0,5.579,QUARANTINE:dark-lane range=45 distinct=46,0,0,0.00,0,0
109,62,3,0,-1,0,0,-,,,0,4.690,QUARANTINE:dark-lane range=41 distinct=42,0,0,0.00,0,0
109,63,3,0,-1,0,0,-,,,0,3.928,QUARANTINE:dark-lane range=32 distinct=33,0,0,0.00,0,0
110,0,3,3.36,1,2.53,355840,Y2,0.00/noise-like,0.00/noise-like,0,19.640,hump-note,0,0,0.00,0,0
110,1,3,1.49,1,2.34,825673,Y4,,,0,19.570,clean,0,0,0.00,0,0
110,2,3,1.43,1419,2.45,1021385,Y4,,,0,19.566,clean,0,0,0.00,0,0
110,3,3,1.63,1,2.44,475019,Y4,,,0,19.673,clean,0,0,0.00,0,0
110,4,3,1.53,1,2.37,660002,Y4,,,0,19.790,clean,0,0,0.00,0,0
110,5,3,1.33,41,2.29,487536,Y4,,,0,19.540,clean,0,0,0.00,0,0
110,6,3,1.72,1476,2.46,1082182,Y2,,,0,19.305,clean,0,0,0.00,0,0
110,7,3,1.44,1,2.35,697553,Y4,,,0,19.090,clean,0,0,0.00,0,0
110,8,3,1.37,275,2.38,424415,Y4,,,0,18.775,clean,0,0,0.00,0,0
110,9,3,1.32,1445,2.39,124007,Y4,,,0,18.419,clean,0,0,0.00,0,0
110,10,3,1.57,1,2.34,799745,Y2,,,0,18.070,clean,0,0,0.00,0,0
110,11,3,1.33,1258,2.36,1300424,Y2,,,0,17.681,clean,0,0,0.00,0,0
110,12,3,1.42,1498,2.28,1400471,Y4,,,0,17.200,clean,0,0,0.00,0,0
110,13,3,1.34,1438,2.49,549585,Y2,,,0,16.724,clean,0,0,0.00,0,0
110,14,3,1.53,1,2.29,1318753,Y2,,,0,16.421,clean,0,0,0.00,0,0
110,15,3,1.38,541,2.24,841230,Y2,,,0,16.233,clean,0,0,0.00,0,0
110,16,3,1.53,1,2.35,1443207,Y2,,,0,16.291,clean,0,0,0.00,0,0
110,17,3,1.45,1,2.35,703901,Y4,,,0,16.448,clean,0,0,0.00,0,0
110,18,3,1.52,743,2.34,7600,Y2,,,0,17.733,clean,0,0,0.00,0,0
110,19,3,1.33,1544,2.21,941545,Y2,,,0,16.410,clean,0,0,0.00,0,0
110,20,3,1.77,1,2.52,646144,Y4,,,0,16.084,clean,0,0,0.00,0,0
110,21,3,1.66,1,2.46,167638,Y2,,,0,15.926,clean,0,0,0.00,0,0
110,22,3,1.65,1,2.36,1213878,Y2,,,0,15.920,clean,0,0,0.00,0,0
110,23,3,1.45,1,2.46,1334935,Y4,,,0,15.900,clean,0,0,0.00,0,0
110,24,3,1.54,1,2.30,1135379,Y2,,,0,15.809,clean,0,0,0.00,0,0
110,25,3,1.52,1,2.53,479579,Y4,,,0,15.418,clean,0,0,0.00,0,0
110,26,3,1.54,1,2.26,1301855,Y2,,,0,14.994,clean,0,0,0.00,0,0
110,27,3,1.65,646,2.34,232100,Y4,,,0,14.967,clean,0,0,0.00,0,0
110,28,3,1.68,1,2.34,15736,Y4,,,0,14.584,clean,0,0,0.00,0,0
110,29,3,1.51,1,2.58,1070112,Y2,,,0,14.378,clean,0,0,0.00,0,0
110,30,3,1.81,1,2.44,1318753,Y4,,,0,14.153,clean,0,0,0.00,0,0
110,31,3,1.62,1,2.56,1210034,Y2,,,0,13.865,clean,0,0,0.00,0,0
110,32,3,1.47,1,2.54,599831,Y4,,,0,13.647,clean,0,0,0.00,0,0
110,33,3,1.68,1,2.37,848293,Y2,,,0,13.523,clean,0,0,0.00,0,0
110,34,3,1.45,1,2.55,539124,Y4,,,0,13.501,clean,0,0,0.00,0,0
110,35,3,1.73,1,2.43,1226932,Y2,,,0,13.584,clean,0,0,0.00,0,0
110,36,3,1.87,1,2.63,493348,Y2,,,0,13.664,clean,0,0,0.00,0,0
110,37,3,1.97,1,2.34,1099080,Y4,,,0,13.641,clean,0,0,0.00,0,0
110,38,3,1.44,1,2.45,805199,Y4,,,0,13.512,clean,0,0,0.00,0,0
110,39,3,1.62,1,2.28,1452595,Y2,,,0,13.431,clean,0,0,0.00,0,0
110,40,3,1.69,1,2.49,1198143,Y4,,,0,13.386,clean,0,0,0.00,0,0
110,41,3,2.09,1,2.59,687361,Y4,,,0,13.386,clean,0,0,0.00,0,0
110,42,3,1.76,1,2.31,778466,Y4,,,0,13.384,clean,0,0,0.00,0,0
110,43,3,1.72,1,2.37,1237929,Y4,,,0,13.294,clean,0,0,0.00,0,0
110,44,3,1.77,1,2.42,637025,Y2,,,0,13.091,clean,0,0,0.00,0,0
110,45,3,2.01,1,2.66,1312673,Y4,,,0,12.931,clean,0,0,0.00,0,0
110,46,3,1.77,1,2.44,1198143,Y2,,,0,12.769,clean,0,0,0.00,0,0
110,47,3,1.97,1,2.41,475824,Y4,,,0,12.516,clean,0,0,0.00,0,0
110,48,3,3.49,1,2.40,684321,Y4,0.00/noise-like,0.00/noise-like,0,12.142,hump-note,0,0,0.00,0,0
110,49,3,2.06,1,2.29,554949,Y4,,,0,11.753,clean,0,0,0.00,0,0
110,50,3,2.23,1,2.25,561386,Y4,,,0,11.418,clean,0,0,0.00,0,0
110,51,3,2.16,1,2.52,812620,Y4,,,0,11.132,clean,0,0,0.00,0,0
110,52,3,2.29,1,2.47,347167,Y4,,,0,10.871,clean,0,0,0.00,0,0
110,53,3,2.71,1,2.52,211090,Y2,0.00/noise-like,0.24/noise-like,0,10.646,hump-note,0,0,0.00,0,0
110,54,3,2.21,1,2.36,85652,Y4,,,0,10.312,clean,0,0,0.00,0,0
110,55,3,2.39,1,2.38,109524,Y4,,,0,9.815,clean,0,0,0.00,0,0
110,56,3,2.73,1,2.35,1351476,Y4,0.00/noise-like,0.00/noise-like,0,9.197,hump-note,0,0,0.00,0,0
110,57,3,2.78,1,2.55,929028,Y2,0.00/noise-like,0.00/noise-like,0,8.506,hump-note,0,0,0.00,0,0
110,58,3,2.68,1,2.39,64284,Y4,0.00/noise-like,0.24/noise-like,0,7.936,hump-note,0,0,0.00,0,0
110,59,3,3.55,1,2.21,550300,Y4,0.00/noise-like,0.00/noise-like,0,7.257,hump-note,0,0,0.00,0,0
110,60,3,0,-1,0,0,-,,,0,6.420,QUARANTINE:dark-lane range=59 distinct=58,0,0,0.00,0,0
110,61,3,0,-1,0,0,-,,,0,5.567,QUARANTINE:dark-lane range=49 distinct=49,0,0,0.00,0,0
110,62,3,0,-1,0,0,-,,,0,4.690,QUARANTINE:dark-lane range=41 distinct=42,0,0,0.00,0,0
110,63,3,0,-1,0,0,-,,,0,3.935,QUARANTINE:dark-lane range=33 distinct=34,0,0,0.00,0,0
111,0,3,2.96,1,2.29,448555,Y2,0.00/noise-like,0.24/noise-like,0,19.623,hump-note,0,0,0.00,0,0
111,1,3,1.31,456,2.65,678331,Y2,,,0,19.595,clean,0,0,0.00,0,0
111,2,3,1.57,1,2.38,1301318,Y4,,,0,19.579,clean,0,0,0.00,0,0
111,3,3,1.34,711,2.46,1167923,Y2,,,0,19.652,clean,0,0,0.00,0,0
111,4,3,1.35,1,2.60,1347274,Y4,,,0,19.770,clean,0,0,0.00,0,0
111,5,3,1.36,984,2.58,602514,Y4,,,0,19.564,clean,0,0,0.00,0,0
111,6,3,1.62,1476,2.53,1068056,Y2,,,0,19.294,clean,0,0,0.00,0,0
111,7,3,1.37,1004,2.26,478864,Y2,,,0,19.081,clean,0,0,0.00,0,0
111,8,3,1.63,1,2.56,318825,Y4,,,0,18.786,clean,0,0,0.00,0,0
111,9,3,1.41,1,2.62,652581,Y4,,,0,18.401,clean,0,0,0.00,0,0
111,10,3,1.37,1357,2.49,6527,Y4,,,0,18.056,clean,0,0,0.00,0,0
111,11,3,1.39,629,2.46,700235,Y2,,,0,17.680,clean,0,0,0.00,0,0
111,12,3,1.57,1,2.50,293344,Y2,,,0,17.200,clean,0,0,0.00,0,0
111,13,3,1.53,1,2.58,609487,Y4,,,0,16.735,clean,0,0,0.00,0,0
111,14,3,1.49,1,2.41,807434,Y4,,,0,16.419,clean,0,0,0.00,0,0
111,15,3,1.74,1,2.25,680566,Y2,,,0,16.272,clean,0,0,0.00,0,0
111,16,3,1.48,1,2.49,987411,Y2,,,0,16.284,clean,0,0,0.00,0,0
111,17,3,1.70,1,2.54,1001805,Y4,,,0,16.487,clean,0,0,0.00,0,0
111,18,3,1.54,628,2.60,1422644,Y2,,,0,17.763,clean,0,0,0.00,0,0
111,19,3,1.50,1,2.40,1379550,Y2,,,0,16.388,clean,0,0,0.00,0,0
111,20,3,1.51,1,2.45,613064,Y4,,,0,16.105,clean,0,0,0.00,0,0
111,21,3,1.45,1,2.79,1107663,Y2,,,0,15.902,clean,0,0,0.00,0,0
111,22,3,1.60,1,2.40,119001,Y2,,,0,15.927,clean,0,0,0.00,0,0
111,23,3,1.58,1,2.33,1173735,Y2,,,0,15.863,clean,0,0,0.00,0,0
111,24,3,1.42,1,2.34,230670,Y2,,,0,15.804,clean,0,0,0.00,0,0
111,25,3,1.67,1,2.22,68843,Y2,,,0,15.423,clean,0,0,0.00,0,0
111,26,3,1.59,1,2.30,968903,Y2,,,0,14.969,clean,0,0,0.00,0,0
111,27,3,1.69,632,2.45,497639,Y2,,,0,14.948,clean,0,0,0.00,0,0
111,28,3,1.57,1,2.36,615478,Y4,,,0,14.583,clean,0,0,0.00,0,0
111,29,3,1.88,1,2.50,1096398,Y2,,,0,14.380,clean,0,0,0.00,0,0
111,30,3,1.63,1,2.46,29594,Y4,,,0,14.153,clean,0,0,0.00,0,0
111,31,3,2.01,1,2.45,1072168,Y2,,,0,13.879,clean,0,0,0.00,0,0
111,32,3,1.41,1,2.37,1087010,Y4,,,0,13.616,clean,0,0,0.00,0,0
111,33,3,1.85,1,2.51,898451,Y4,,,0,13.510,clean,0,0,0.00,0,0
111,34,3,1.72,1,2.53,144213,Y2,,,0,13.492,clean,0,0,0.00,0,0
111,35,3,1.86,1,2.42,1188576,Y2,,,0,13.588,clean,0,0,0.00,0,0
111,36,3,1.68,1,2.46,1434803,Y4,,,0,13.680,clean,0,0,0.00,0,0
111,37,3,1.66,1,2.32,918925,Y4,,,0,13.634,clean,0,0,0.00,0,0
111,38,3,1.59,1,2.23,630498,Y2,,,0,13.477,clean,0,0,0.00,0,0
111,39,3,2.04,1,2.57,781864,Y4,,,0,13.415,clean,0,0,0.00,0,0
111,40,3,1.58,1,2.34,704169,Y4,,,0,13.391,clean,0,0,0.00,0,0
111,41,3,1.68,1,7.88,123560,Y4,0.00/noise-like,0.00/noise-like,23,13.433,FAM-HIT,0,0,0.00,0,0
111,42,3,1.71,1,2.49,499517,Y4,,,0,13.400,clean,0,0,0.00,0,0
111,43,3,1.97,1,2.27,100404,Y4,,,0,13.327,clean,0,0,0.00,0,0
111,44,3,1.68,1,2.31,563443,Y2,,,0,13.096,clean,0,0,0.00,0,0
111,45,3,1.81,1,2.32,1181871,Y4,,,0,12.949,clean,0,0,0.00,0,0
111,46,3,1.82,1,2.38,976861,Y2,,,0,12.741,clean,0,0,0.00,0,0
111,47,3,1.63,1,2.72,844538,Y4,,,0,12.508,clean,0,0,0.00,0,0
111,48,3,3.14,1,2.45,1284242,Y2,0.24/noise-like,0.24/noise-like,0,12.136,hump-note,0,0,0.00,0,0
111,49,3,2.04,1,2.37,132859,Y2,,,0,11.742,clean,0,0,0.00,0,0
111,50,3,1.88,1,2.55,144213,Y2,,,0,11.441,clean,0,0,0.00,0,0
111,51,3,2.04,1,2.46,119179,Y2,,,0,11.124,clean,0,0,0.00,0,0
111,52,3,2.05,1,2.45,358254,Y2,,,0,10.874,clean,0,0,0.00,0,0
111,53,3,2.29,1,2.39,210464,Y4,,,0,10.661,clean,0,0,0.00,0,0
111,54,3,2.43,1,2.28,406623,Y4,,,0,10.313,clean,0,0,0.00,0,0
111,55,3,2.41,1,2.76,971049,Y4,,,0,9.830,clean,0,0,0.00,0,0
111,56,3,2.48,1,2.45,239700,Y2,,,0,9.204,clean,0,0,0.00,0,0
111,57,3,2.58,1,2.59,1404673,Y2,0.24/noise-like,0.00/noise-like,0,8.508,hump-note,0,0,0.00,0,0
111,58,3,3.83,1,2.34,637203,Y2,0.00/noise-like,0.00/noise-like,0,7.914,hump-note,0,0,0.00,0,0
111,59,3,3.44,1,2.46,1276284,Y4,0.24/noise-like,0.00/noise-like,0,7.255,hump-note,0,0,0.00,0,0
111,60,3,0,-1,0,0,-,,,0,6.426,QUARANTINE:dark-lane range=57 distinct=54,0,0,0.00,0,0
111,61,3,0,-1,0,0,-,,,0,5.573,QUARANTINE:dark-lane range=50 distinct=49,0,0,0.00,0,0
111,62,3,0,-1,0,0,-,,,0,4.689,QUARANTINE:dark-lane range=42 distinct=41,0,0,0.00,0,0
111,63,3,0,-1,0,0,-,,,0,3.932,QUARANTINE:dark-lane range=34 distinct=34,0,0,0.00,0,0
112,0,3,3.00,1,2.45,148505,Y2,0.24/noise-like,0.24/noise-like,0,19.619,hump-note,0,0,0.00,0,0
112,1,3,1.33,234,2.48,343680,Y4,,,0,19.594,clean,0,0,0.00,0,0
112,2,3,1.39,749,2.31,405103,Y2,,,0,19.551,clean,0,0,0.00,0,0
112,3,3,1.36,1310,2.34,387579,Y4,,,0,19.631,clean,0,0,0.00,0,0
112,4,3,1.41,1,2.35,908822,Y2,,,0,19.800,clean,0,0,0.00,0,0
112,5,3,1.60,1,2.55,947267,Y4,,,0,19.524,clean,0,0,0.00,0,0
112,6,3,1.55,1476,2.39,193119,Y4,,,0,19.285,clean,0,0,0.00,0,0
112,7,3,1.36,1,2.55,331163,Y2,,,0,19.085,clean,0,0,0.00,0,0
112,8,3,1.43,1,2.24,1071721,Y4,,,0,18.801,clean,0,0,0.00,0,0
112,9,3,1.44,1,2.26,90033,Y2,,,0,18.433,clean,0,0,0.00,0,0
112,10,3,1.47,1,2.50,414670,Y2,,,0,18.068,clean,0,0,0.00,0,0
112,11,3,1.34,26,2.45,871897,Y2,,,0,17.664,clean,0,0,0.00,0,0
112,12,3,1.35,120,2.33,455260,Y2,,,0,17.196,clean,0,0,0.00,0,0
112,13,3,1.49,315,2.35,680923,Y4,,,0,16.757,clean,0,0,0.00,0,0
112,14,3,1.56,1,2.90,1193941,Y4,,,0,16.411,clean,0,0,0.00,0,0
112,15,3,1.53,1,2.26,727683,Y2,,,0,16.252,clean,0,0,0.00,0,0
112,16,3,1.51,1,2.43,829428,Y4,,,0,16.311,clean,0,0,0.00,0,0
112,17,3,1.47,1,2.46,337154,Y2,,,0,16.472,clean,0,0,0.00,0,0
112,18,3,1.53,702,2.52,211179,Y2,,,0,17.726,clean,0,0,0.00,0,0
112,19,3,1.76,1,2.65,1285762,Y4,,,0,16.417,clean,0,0,0.00,0,0
112,20,3,1.37,1151,2.63,636578,Y2,,,0,16.109,clean,0,0,0.00,0,0
112,21,3,1.46,1,2.54,434965,Y2,,,0,15.930,clean,0,0,0.00,0,0
112,22,3,1.61,1,2.46,1061440,Y4,,,0,15.909,clean,0,0,0.00,0,0
112,23,3,1.64,1,2.45,8047,Y2,,,0,15.880,clean,0,0,0.00,0,0
112,24,3,1.61,1,2.44,522405,Y2,,,0,15.828,clean,0,0,0.00,0,0
112,25,3,1.52,1,2.62,367463,Y2,,,0,15.422,clean,0,0,0.00,0,0
112,26,3,1.80,1,2.43,364512,Y2,,,0,14.979,clean,0,0,0.00,0,0
112,27,3,1.76,1,2.42,760138,Y4,,,0,14.961,clean,0,0,0.00,0,0
112,28,3,1.72,1,2.36,908911,Y2,,,0,14.575,clean,0,0,0.00,0,0
112,29,3,1.79,1,2.58,1154602,Y4,,,0,14.385,clean,0,0,0.00,0,0
112,30,3,1.83,1,2.30,658214,Y2,,,0,14.145,clean,0,0,0.00,0,0
112,31,3,1.82,1,2.45,862062,Y4,,,0,13.897,clean,0,0,0.00,0,0
112,32,3,1.45,1116,2.25,962913,Y2,,,0,13.627,clean,0,0,0.00,0,0
112,33,3,1.78,1,2.33,214487,Y4,,,0,13.512,clean,0,0,0.00,0,0
112,34,3,1.98,1,2.41,553072,Y4,,,0,13.510,clean,0,0,0.00,0,0
112,35,3,1.55,1,2.49,878066,Y4,,,0,13.587,clean,0,0,0.00,0,0
112,36,3,1.79,1,2.32,1044273,Y2,,,0,13.673,clean,0,0,0.00,0,0
112,37,3,1.57,1,2.40,744313,Y4,,,0,13.641,clean,0,0,0.00,0,0
112,38,3,1.58,1,2.73,1433551,Y2,,,0,13.496,clean,0,0,0.00,0,0
112,39,3,1.71,1,2.39,870377,Y2,,,0,13.433,clean,0,0,0.00,0,0
112,40,3,1.69,1,2.50,519276,Y2,,,0,13.420,clean,0,0,0.00,0,0
112,41,3,1.53,1,2.53,159413,Y4,,,0,13.403,clean,0,0,0.00,0,0
112,42,3,1.77,1,2.28,1240700,Y4,,,0,13.401,clean,0,0,0.00,0,0
112,43,3,1.87,1,2.56,562727,Y4,,,0,13.280,clean,0,0,0.00,0,0
112,44,3,1.88,1,2.26,884950,Y2,,,0,13.090,clean,0,0,0.00,0,0
112,45,3,1.77,1,2.91,411361,Y2,,,0,12.938,clean,0,0,0.00,0,0
112,46,3,1.83,1,2.63,21100,Y2,,,0,12.773,clean,0,0,0.00,0,0
112,47,3,2.30,1,2.56,1003593,Y4,,,0,12.515,clean,0,0,0.00,0,0
112,48,3,3.71,1,2.62,1251251,Y2,0.24/noise-like,0.24/noise-like,0,12.157,hump-note,0,0,0.00,0,0
112,49,3,1.96,1,2.53,1227021,Y2,,,0,11.761,clean,0,0,0.00,0,0
112,50,3,2.04,1,2.32,1390278,Y4,,,0,11.438,clean,0,0,0.00,0,0
112,51,3,2.09,1,2.49,1435876,Y2,,,0,11.095,clean,0,0,0.00,0,0
112,52,3,2.33,1,2.40,951737,Y2,,,0,10.842,clean,0,0,0.00,0,0
112,53,3,2.12,1,2.34,254452,Y4,,,0,10.655,clean,0,0,0.00,0,0
112,54,3,2.29,1,2.67,49531,Y4,,,0,10.315,clean,0,0,0.00,0,0
112,55,3,2.60,1,2.24,704080,Y2,0.00/noise-like,0.00/noise-like,0,9.802,hump-note,0,0,0.00,0,0
112,56,3,2.59,1,2.43,294864,Y4,0.00/noise-like,0.00/noise-like,0,9.199,hump-note,0,0,0.00,0,0
112,57,3,2.89,1,2.46,1051784,Y2,0.00/noise-like,0.00/noise-like,0,8.511,hump-note,0,0,0.00,0,0
112,58,3,3.26,1,2.37,469655,Y2,0.00/noise-like,0.00/noise-like,0,7.912,hump-note,0,0,0.00,0,0
112,59,3,3.32,1,2.50,51767,Y2,0.00/noise-like,0.00/noise-like,0,7.257,hump-note,0,0,0.00,0,0
112,60,3,0,-1,0,0,-,,,0,6.425,QUARANTINE:dark-lane range=55 distinct=55,0,0,0.00,0,0
112,61,3,0,-1,0,0,-,,,0,5.573,QUARANTINE:dark-lane range=48 distinct=49,0,0,0.00,0,0
112,62,3,0,-1,0,0,-,,,0,4.676,QUARANTINE:dark-lane range=41 distinct=40,0,0,0.00,0,0
112,63,3,0,-1,0,0,-,,,0,3.938,QUARANTINE:dark-lane range=33 distinct=34,0,0,0.00,0,0
113,0,3,3.86,1,2.37,286013,Y4,0.00/noise-like,0.24/noise-like,0,19.615,hump-note,0,0,0.00,0,0
113,1,3,1.40,394,2.35,420123,Y4,,,0,19.581,clean,0,0,0.00,0,0
113,2,3,1.40,1385,2.33,638992,Y2,,,0,19.588,clean,0,0,0.00,0,0
113,3,3,1.32,827,2.32,1247317,Y4,,,0,19.631,clean,0,0,0.00,0,0
113,4,3,1.36,1017,2.66,118643,Y2,,,0,19.763,clean,0,0,0.00,0,0
113,5,3,1.48,1,2.44,825226,Y2,,,0,19.545,clean,0,0,0.00,0,0
113,6,3,1.37,284,2.36,29504,Y4,,,0,19.283,clean,0,0,0.00,0,0
113,7,3,1.39,183,2.47,1215488,Y4,,,0,19.079,clean,0,0,0.00,0,0
113,8,3,1.47,1,2.34,718474,Y2,,,0,18.797,clean,0,0,0.00,0,0
113,9,3,1.32,1,2.41,431299,Y4,,,0,18.419,clean,0,0,0.00,0,0
113,10,3,1.40,1491,2.41,396788,Y2,,,0,18.088,clean,0,0,0.00,0,0
113,11,3,1.50,1,2.89,274032,Y2,,,0,17.675,clean,0,0,0.00,0,0
113,12,3,1.40,1,2.68,1148254,Y2,,,0,17.211,clean,0,0,0.00,0,0
113,13,3,1.43,1,2.51,1373559,Y2,,,0,16.729,clean,0,0,0.00,0,0
113,14,3,1.87,1,2.38,684947,Y4,,,0,16.432,clean,0,0,0.00,0,0
113,15,3,1.62,1,2.29,196874,Y2,,,0,16.264,clean,0,0,0.00,0,0
113,16,3,1.64,1,2.34,1343787,Y2,,,0,16.275,clean,0,0,0.00,0,0
113,17,3,1.35,1,2.30,553608,Y2,,,0,16.447,clean,0,0,0.00,0,0
113,18,3,1.62,741,2.45,1018256,Y2,,,0,17.760,clean,0,0,0.00,0,0
113,19,3,1.55,1,2.40,591427,Y4,,,0,16.419,clean,0,0,0.00,0,0
113,20,3,1.40,1,2.41,516951,Y2,,,0,16.093,clean,0,0,0.00,0,0
113,21,3,1.60,1,2.71,213951,Y2,,,0,15.957,clean,0,0,0.00,0,0
113,22,3,1.50,1,2.60,1217902,Y4,,,0,15.972,clean,0,0,0.00,0,0
113,23,3,1.73,1,2.35,413775,Y4,,,0,15.906,clean,0,0,0.00,0,0
113,24,3,1.48,1,2.45,420749,Y2,,,0,15.829,clean,0,0,0.00,0,0
113,25,3,1.39,184,2.35,707120,Y4,,,0,15.417,clean,0,0,0.00,0,0
113,26,3,1.57,1,2.49,163615,Y2,,,0,14.974,clean,0,0,0.00,0,0
113,27,3,1.71,1,2.33,1280576,Y4,,,0,14.945,clean,0,0,0.00,0,0
113,28,3,1.67,1,2.27,98169,Y2,,,0,14.578,clean,0,0,0.00,0,0
113,29,3,1.81,1,2.44,853658,Y2,,,0,14.401,clean,0,0,0.00,0,0
113,30,3,1.50,1,2.45,455886,Y4,,,0,14.161,clean,0,0,0.00,0,0
113,31,3,1.84,1,2.41,32276,Y4,,,0,13.889,clean,0,0,0.00,0,0
113,32,3,1.39,1,2.37,460804,Y2,,,0,13.638,clean,0,0,0.00,0,0
113,33,3,1.80,1,2.54,480652,Y4,,,0,13.528,clean,0,0,0.00,0,0
113,34,3,1.66,1,2.34,1245439,Y4,,,0,13.513,clean,0,0,0.00,0,0
113,35,3,1.74,1,2.32,309616,Y4,,,0,13.555,clean,0,0,0.00,0,0
113,36,3,1.79,1,2.37,473589,Y2,,,0,13.636,clean,0,0,0.00,0,0
113,37,3,1.81,1,2.27,507116,Y4,,,0,13.631,clean,0,0,0.00,0,0
113,38,3,1.61,1,2.39,1048028,Y4,,,0,13.497,clean,0,0,0.00,0,0
113,39,3,1.56,1,2.43,1146287,Y2,,,0,13.422,clean,0,0,0.00,0,0
113,40,3,1.89,1,2.42,87887,Y2,,,0,13.420,clean,0,0,0.00,0,0
113,41,3,1.77,1,2.40,1141101,Y4,,,0,13.391,clean,0,0,0.00,0,0
113,42,3,1.88,1,2.47,49710,Y2,,,0,13.398,clean,0,0,0.00,0,0
113,43,3,2.04,1,2.52,1309633,Y2,,,0,13.291,clean,0,0,0.00,0,0
113,44,3,1.97,1,2.34,774622,Y2,,,0,13.105,clean,0,0,0.00,0,0
113,45,3,1.78,1,2.35,222892,Y2,,,0,12.925,clean,0,0,0.00,0,0
113,46,3,1.87,1,2.56,224859,Y4,,,0,12.753,clean,0,0,0.00,0,0
113,47,3,2.08,1,2.33,388116,Y2,,,0,12.522,clean,0,0,0.00,0,0
113,48,3,3.29,1,2.51,799745,Y2,0.24/noise-like,0.24/noise-like,0,12.144,hump-note,0,0,0.00,0,0
113,49,3,2.04,1,2.38,506490,Y4,,,0,11.744,clean,0,0,0.00,0,0
113,50,3,1.99,1,2.50,1315534,Y4,,,0,11.440,clean,0,0,0.00,0,0
113,51,3,1.82,1,2.55,89318,Y4,,,0,11.112,clean,0,0,0.00,0,0
113,52,3,2.31,1,2.30,1196891,Y4,,,0,10.868,clean,0,0,0.00,0,0
113,53,3,2.44,1,2.55,905335,Y4,,,0,10.665,clean,0,0,0.00,0,0
113,54,3,2.44,1,2.40,267148,Y4,,,0,10.305,clean,0,0,0.00,0,0
113,55,3,2.43,1,2.71,641406,Y4,,,0,9.803,clean,0,0,0.00,0,0
113,56,3,2.36,1,2.43,1104087,Y4,,,0,9.192,clean,0,0,0.00,0,0
113,57,3,2.82,1,2.38,260711,Y2,0.24/noise-like,0.00/noise-like,0,8.507,hump-note,0,0,0.00,0,0
113,58,3,3.28,1,2.32,335723,Y2,0.00/noise-like,0.24/noise-like,0,7.924,hump-note,0,0,0.00,0,0
113,59,3,3.50,1,2.63,1379281,Y4,0.00/noise-like,0.00/noise-like,0,7.269,hump-note,0,0,0.00,0,0
113,60,3,0,-1,0,0,-,,,0,6.418,QUARANTINE:dark-lane range=54 distinct=53,0,0,0.00,0,0
113,61,3,0,-1,0,0,-,,,0,5.576,QUARANTINE:dark-lane range=51 distinct=50,0,0,0.00,0,0
113,62,3,0,-1,0,0,-,,,0,4.688,QUARANTINE:dark-lane range=41 distinct=41,0,0,0.00,0,0
113,63,3,0,-1,0,0,-,,,0,3.928,QUARANTINE:dark-lane range=31 distinct=32,0,0,0.00,0,0
114,0,3,3.22,1,2.39,309259,Y4,0.00/noise-like,0.00/noise-like,0,19.663,hump-note,0,0,0.00,0,0
114,1,3,1.37,159,2.35,740379,Y4,,,0,19.587,clean,0,0,0.00,0,0
114,2,3,1.55,1,2.21,771135,Y2,,,0,19.544,clean,0,0,0.00,0,0
114,3,3,1.36,1181,2.64,1449108,Y2,,,0,19.646,clean,0,0,0.00,0,0
114,4,3,1.29,843,2.36,1193047,Y4,,,0,19.781,clean,0,0,0.00,0,0
114,5,3,1.49,1,2.29,698537,Y2,,,0,19.531,clean,0,0,0.00,0,0
114,6,3,1.53,1476,2.57,1443833,Y4,,,0,19.291,clean,0,0,0.00,0,0
114,7,3,1.47,1,2.52,578910,Y2,,,0,19.041,clean,0,0,0.00,0,0
114,8,3,1.36,339,2.51,1350582,Y4,,,0,18.812,clean,0,0,0.00,0,0
114,9,3,1.59,1,2.39,237018,Y4,,,0,18.404,clean,0,0,0.00,0,0
114,10,3,1.40,1,2.41,1175165,Y2,,,0,18.058,clean,0,0,0.00,0,0
114,11,3,1.39,1,2.56,1293093,Y2,,,0,17.664,clean,0,0,0.00,0,0
114,12,3,1.54,1,2.43,699341,Y4,,,0,17.224,clean,0,0,0.00,0,0
114,13,3,1.52,1,2.60,1328409,Y4,,,0,16.719,clean,0,0,0.00,0,0
114,14,3,1.45,1,2.50,136793,Y4,,,0,16.445,clean,0,0,0.00,0,0
114,15,3,1.47,1,2.48,868142,Y2,,,0,16.252,clean,0,0,0.00,0,0
114,16,3,1.43,1,2.53,960141,Y4,,,0,16.272,clean,0,0,0.00,0,0
114,17,3,1.73,1,2.35,1287907,Y4,,,0,16.459,clean,0,0,0.00,0,0
114,18,3,1.54,802,2.59,459552,Y4,,,0,17.731,clean,0,0,0.00,0,0
114,19,3,1.67,1,2.32,510156,Y4,,,0,16.372,clean,0,0,0.00,0,0
114,20,3,1.50,1,2.52,1067251,Y4,,,0,16.125,clean,0,0,0.00,0,0
114,21,3,1.48,1,2.65,183195,Y4,,,0,15.949,clean,0,0,0.00,0,0
114,22,3,1.61,1,2.42,378460,Y2,,,0,15.909,clean,0,0,0.00,0,0
114,23,3,1.74,1,2.57,497639,Y2,,,0,15.883,clean,0,0,0.00,0,0
114,24,3,1.58,1,2.38,1040518,Y4,,,0,15.812,clean,0,0,0.00,0,0
114,25,3,1.64,1,2.74,520974,Y4,,,0,15.409,clean,0,0,0.00,0,0
114,26,3,1.57,1,2.47,190705,Y2,,,0,14.982,clean,0,0,0.00,0,0
114,27,3,1.88,1,2.64,680298,Y2,,,0,14.938,clean,0,0,0.00,0,0
114,28,3,1.81,1,2.27,95576,Y4,,,0,14.557,clean,0,0,0.00,0,0
114,29,3,1.82,1,2.65,613153,Y2,,,0,14.400,clean,0,0,0.00,0,0
114,30,3,1.64,1,2.25,982225,Y2,,,0,14.165,clean,0,0,0.00,0,0
114,31,3,1.90,1,2.53,269741,Y2,,,0,13.875,clean,0,0,0.00,0,0
114,32,3,1.36,1,2.42,95308,Y4,,,0,13.626,clean,0,0,0.00,0,0
114,33,3,1.74,1,2.37,1293004,Y4,,,0,13.527,clean,0,0,0.00,0,0
114,34,3,1.67,1,2.37,1129568,Y4,,,0,13.501,clean,0,0,0.00,0,0
114,35,3,1.74,1,2.46,1367927,Y4,,,0,13.560,clean,0,0,0.00,0,0
114,36,3,1.56,1,2.41,5007,Y2,,,0,13.680,clean,0,0,0.00,0,0
114,37,3,1.96,1,2.46,1342177,Y4,,,0,13.623,clean,0,0,0.00,0,0
114,38,3,2.04,1,2.50,134021,Y4,,,0,13.505,clean,0,0,0.00,0,0
114,39,3,1.57,1,2.44,492007,Y2,,,0,13.454,clean,0,0,0.00,0,0
114,40,3,1.64,1,2.46,218868,Y4,,,0,13.416,clean,0,0,0.00,0,0
114,41,3,1.76,1,2.60,52035,Y2,,,0,13.385,clean,0,0,0.00,0,0
114,42,3,1.65,1,2.32,772297,Y4,,,0,13.385,clean,0,0,0.00,0,0
114,43,3,1.61,1,2.39,241667,Y2,,,0,13.302,clean,0,0,0.00,0,0
114,44,3,1.77,1,2.44,674486,Y2,,,0,13.097,clean,0,0,0.00,0,0
114,45,3,1.70,1,2.48,623971,Y2,,,0,12.922,clean,0,0,0.00,0,0
114,46,3,1.79,1,2.55,1130015,Y4,,,0,12.743,clean,0,0,0.00,0,0
114,47,3,1.90,1,2.47,346720,Y4,,,0,12.495,clean,0,0,0.00,0,0
114,48,3,3.10,1,2.40,335187,Y4,0.00/noise-like,0.00/noise-like,0,12.167,hump-note,0,0,0.00,0,0
114,49,3,1.99,1,2.40,203133,Y2,,,0,11.750,clean,0,0,0.00,0,0
114,50,3,2.22,1,2.81,518113,Y4,,,0,11.406,clean,0,0,0.00,0,0
114,51,3,2.03,1,2.37,656247,Y2,,,0,11.130,clean,0,0,0.00,0,0
114,52,3,2.40,1,2.57,1388937,Y2,,,0,10.874,clean,0,0,0.00,0,0
114,53,3,2.14,1,2.41,549942,Y2,,,0,10.662,clean,0,0,0.00,0,0
114,54,3,2.59,1,2.30,114530,Y2,0.24/noise-like,0.00/noise-like,0,10.306,hump-note,0,0,0.00,0,0
114,55,3,2.36,1,2.33,945032,Y4,,,0,9.816,clean,0,0,0.00,0,0
114,56,3,2.84,1,2.37,1409054,Y2,0.24/noise-like,0.00/noise-like,0,9.211,hump-note,0,0,0.00,0,0
114,57,3,2.88,1,2.43,490129,Y4,0.24/noise-like,0.24/noise-like,0,8.519,hump-note,0,0,0.00,0,0
114,58,3,2.88,1,2.22,53465,Y2,0.00/noise-like,0.00/noise-like,0,7.931,hump-note,0,0,0.00,0,0
114,59,3,0,-1,0,0,-,,,0,7.269,QUARANTINE:dark-lane range=60 distinct=61,0,0,0.00,0,0
114,60,3,0,-1,0,0,-,,,0,6.424,QUARANTINE:dark-lane range=58 distinct=57,0,0,0.00,0,0
114,61,3,0,-1,0,0,-,,,0,5.570,QUARANTINE:dark-lane range=49 distinct=49,0,0,0.00,0,0
114,62,3,0,-1,0,0,-,,,0,4.689,QUARANTINE:dark-lane range=42 distinct=41,0,0,0.00,0,0
114,63,3,0,-1,0,0,-,,,0,3.935,QUARANTINE:dark-lane range=34 distinct=34,0,0,0.00,0,0
115,0,3,3.20,1,2.28,845879,Y4,0.24/noise-like,0.00/noise-like,0,19.653,hump-note,0,0,0.00,0,0
115,1,3,1.44,1420,2.28,348151,Y4,,,0,19.586,clean,0,0,0.00,0,0
115,2,3,1.31,1281,2.62,682980,Y2,,,0,19.561,clean,0,0,0.00,0,0
115,3,3,1.46,1,2.38,500053,Y4,,,0,19.675,clean,0,0,0.00,0,0
115,4,3,1.47,1,2.45,438184,Y4,,,0,19.745,clean,0,0,0.00,0,0
115,5,3,1.45,1,2.41,873238,Y2,,,0,19.550,clean,0,0,0.00,0,0
115,6,3,1.62,1476,2.43,171125,Y2,,,0,19.310,clean,0,0,0.00,0,0
115,7,3,1.45,1,2.40,1423895,Y4,,,0,19.041,clean,0,0,0.00,0,0
115,8,3,1.41,1,2.48,135005,Y2,,,0,18.814,clean,0,0,0.00,0,0
115,9,3,1.52,1,2.25,1097292,Y2,,,0,18.404,clean,0,0,0.00,0,0
115,10,3,1.34,944,2.32,1347899,Y2,,,0,18.073,clean,0,0,0.00,0,0
115,11,3,1.44,1,2.98,1350135,Y2,,,0,17.661,clean,0,0,0.00,0,0
115,12,3,1.77,1,2.51,1106590,Y4,,,0,17.187,clean,0,0,0.00,0,0
115,13,3,1.38,1450,2.44,382036,Y2,,,0,16.733,clean,0,0,0.00,0,0
115,14,3,1.58,1,2.26,148684,Y2,,,0,16.417,clean,0,0,0.00,0,0
115,15,3,1.63,1,2.41,1431763,Y2,,,0,16.244,clean,0,0,0.00,0,0
115,16,3,1.59,1,2.63,12696,Y2,,,0,16.282,clean,0,0,0.00,0,0
115,17,3,1.55,1,2.47,670284,Y4,,,0,16.463,clean,0,0,0.00,0,0
115,18,3,1.50,720,2.49,841498,Y2,,,0,17.746,clean,0,0,0.00,0,0
115,19,3,1.37,1,2.33,360668,Y4,,,0,16.406,clean,0,0,0.00,0,0
115,20,3,1.57,1,2.37,341445,Y2,,,0,16.094,clean,0,0,0.00,0,0
115,21,3,1.77,1,2.45,1201451,Y2,,,0,15.945,clean,0,0,0.00,0,0
115,22,3,1.41,1,2.42,991434,Y2,,,0,15.930,clean,0,0,0.00,0,0
115,23,3,1.58,1,2.29,432730,Y2,,,0,15.941,clean,0,0,0.00,0,0
115,24,3,1.44,1,2.35,69290,Y4,,,0,15.824,clean,0,0,0.00,0,0
115,25,3,1.44,1,2.38,312567,Y2,,,0,15.416,clean,0,0,0.00,0,0
115,26,3,1.58,1,2.48,1169711,Y2,,,0,15.006,clean,0,0,0.00,0,0
115,27,3,1.65,1,2.35,114977,Y2,,,0,14.957,clean,0,0,0.00,0,0
115,28,3,1.48,1,2.49,464648,Y2,,,0,14.576,clean,0,0,0.00,0,0
115,29,3,1.88,1,2.41,331432,Y4,,,0,14.392,clean,0,0,0.00,0,0
115,30,3,1.68,1,2.32,1201987,Y2,,,0,14.165,clean,0,0,0.00,0,0
115,31,3,1.67,1,2.58,352532,Y2,,,0,13.892,clean,0,0,0.00,0,0
115,32,3,1.35,1240,2.53,852406,Y2,,,0,13.647,clean,0,0,0.00,0,0
115,33,3,1.89,1,2.38,1330107,Y4,,,0,13.518,clean,0,0,0.00,0,0
115,34,3,1.71,1,2.49,352263,Y2,,,0,13.494,clean,0,0,0.00,0,0
115,35,3,1.73,1,2.62,214487,Y2,,,0,13.548,clean,0,0,0.00,0,0
115,36,3,1.63,1,2.50,509173,Y2,,,0,13.656,clean,0,0,0.00,0,0
115,37,3,1.66,1,2.42,479221,Y4,,,0,13.595,clean,0,0,0.00,0,0
115,38,3,1.81,1,2.19,599116,Y4,,,0,13.505,clean,0,0,0.00,0,0
115,39,3,1.58,1,2.88,658393,Y2,,,0,13.444,clean,0,0,0.00,0,0
115,40,3,1.88,1,2.47,119895,Y4,,,0,13.415,clean,0,0,0.00,0,0
115,41,3,1.90,1,2.40,281990,Y2,,,0,13.384,clean,0,0,0.00,0,0
115,42,3,1.89,1,2.40,1352549,Y4,,,0,13.361,clean,0,0,0.00,0,0
115,43,3,1.59,1,2.50,186682,Y2,,,0,13.299,clean,0,0,0.00,0,0
115,44,3,1.73,1,2.56,578463,Y4,,,0,13.098,clean,0,0,0.00,0,0
115,45,3,1.84,1,2.45,878602,Y4,,,0,12.930,clean,0,0,0.00,0,0
115,46,3,2.02,1,2.29,194281,Y2,,,0,12.769,clean,0,0,0.00,0,0
115,47,3,1.73,1,2.49,1036316,Y4,,,0,12.519,clean,0,0,0.00,0,0
115,48,3,3.29,1,2.40,343591,Y2,0.24/noise-like,0.24/noise-like,0,12.135,hump-note,0,0,0.00,0,0
115,49,3,2.05,1,2.44,905335,Y4,,,0,11.744,clean,0,0,0.00,0,0
115,50,3,1.90,1,2.35,720263,Y2,,,0,11.442,clean,0,0,0.00,0,0
115,51,3,1.78,1,2.20,640422,Y4,,,0,11.124,clean,0,0,0.00,0,0
115,52,3,2.12,1,2.64,914901,Y2,,,0,10.889,clean,0,0,0.00,0,0
115,53,3,2.28,1,2.49,1242220,Y4,,,0,10.653,clean,0,0,0.00,0,0
115,54,3,2.34,1,2.72,496835,Y4,,,0,10.295,clean,0,0,0.00,0,0
115,55,3,2.41,1,2.45,103354,Y2,,,0,9.825,clean,0,0,0.00,0,0
115,56,3,3.00,1,2.21,264555,Y2,0.00/noise-like,0.00/noise-like,0,9.187,hump-note,0,0,0.00,0,0
115,57,3,2.85,1,2.29,466526,Y2,0.00/noise-like,0.00/noise-like,0,8.503,hump-note,0,0,0.00,0,0
115,58,3,3.20,1,2.34,1275390,Y4,0.24/noise-like,0.00/noise-like,0,7.927,hump-note,0,0,0.00,0,0
115,59,3,0,-1,0,0,-,,,0,7.264,QUARANTINE:dark-lane range=61 distinct=62,0,0,0.00,0,0
115,60,3,0,-1,0,0,-,,,0,6.423,QUARANTINE:dark-lane range=60 distinct=56,0,0,0.00,0,0
115,61,3,0,-1,0,0,-,,,0,5.576,QUARANTINE:dark-lane range=47 distinct=48,0,0,0.00,0,0
115,62,3,0,-1,0,0,-,,,0,4.693,QUARANTINE:dark-lane range=42 distinct=41,0,0,0.00,0,0
115,63,3,0,-1,0,0,-,,,0,3.933,QUARANTINE:dark-lane range=34 distinct=35,0,0,0.00,0,0
116,0,3,3.06,1,2.58,159413,Y2,0.24/noise-like,0.00/noise-like,0,19.625,hump-note,0,0,0.00,0,0
116,1,3,1.47,659,2.51,82701,Y2,,,0,19.580,clean,0,0,0.00,0,0
116,2,3,1.58,1,2.66,1224428,Y2,,,0,19.568,clean,0,0,0.00,0,0
116,3,3,1.51,1,2.28,82612,Y4,,,0,19.645,clean,0,0,0.00,0,0
116,4,3,1.38,925,2.31,64194,Y4,,,0,19.814,clean,0,0,0.00,0,0
116,5,3,1.38,701,2.50,1422733,Y2,,,0,19.573,clean,0,0,0.00,0,0
116,6,3,1.65,1476,2.31,1211375,Y2,,,0,19.312,clean,0,0,0.00,0,0
116,7,3,1.36,109,2.63,75281,Y2,,,0,19.042,clean,0,0,0.00,0,0
116,8,3,1.39,1022,2.27,1295060,Y4,,,0,18.815,clean,0,0,0.00,0,0
116,9,3,1.56,1,2.45,401258,Y4,,,0,18.408,clean,0,0,0.00,0,0
116,10,3,1.34,987,2.42,770867,Y2,,,0,18.062,clean,0,0,0.00,0,0
116,11,3,1.43,1,2.54,1314640,Y2,,,0,17.664,clean,0,0,0.00,0,0
116,12,3,1.60,1,2.31,179082,Y2,,,0,17.188,clean,0,0,0.00,0,0
116,13,3,1.35,1148,2.59,298172,Y2,,,0,16.701,clean,0,0,0.00,0,0
116,14,3,1.38,1,2.23,798404,Y4,,,0,16.422,clean,0,0,0.00,0,0
116,15,3,1.44,1,2.44,451952,Y2,,,0,16.250,clean,0,0,0.00,0,0
116,16,3,1.32,1003,2.32,868142,Y2,,,0,16.283,clean,0,0,0.00,0,0
116,17,3,1.56,1,2.58,362545,Y4,,,0,16.460,clean,0,0,0.00,0,0
116,18,3,1.63,745,2.45,227809,Y2,,,0,17.684,clean,0,0,0.00,0,0
116,19,3,1.63,1,2.44,859469,Y2,,,0,16.427,clean,0,0,0.00,0,0
116,20,3,1.47,1,2.26,456780,Y4,,,0,16.098,clean,0,0,0.00,0,0
116,21,3,1.53,1,2.29,811100,Y2,,,0,15.963,clean,0,0,0.00,0,0
116,22,3,1.65,1,2.55,2414,Y2,,,0,15.916,clean,0,0,0.00,0,0
116,23,3,1.45,1,2.40,351101,Y2,,,0,15.909,clean,0,0,0.00,0,0
116,24,3,1.77,1,2.32,1430064,Y2,,,0,15.776,clean,0,0,0.00,0,0
116,25,3,1.85,1,2.21,876188,Y4,,,0,15.428,clean,0,0,0.00,0,0
116,26,3,1.57,1,2.61,1427650,Y2,,,0,15.017,clean,0,0,0.00,0,0
116,27,3,1.67,622,2.42,710160,Y2,,,0,14.948,clean,0,0,0.00,0,0
116,28,3,1.66,1,2.50,785172,Y4,,,0,14.585,clean,0,0,0.00,0,0
116,29,3,1.72,1,2.63,699878,Y4,,,0,14.352,clean,0,0,0.00,0,0
116,30,3,1.63,1,2.37,1353800,Y2,,,0,14.152,clean,0,0,0.00,0,0
116,31,3,1.61,1,2.46,712305,Y4,,,0,13.885,clean,0,0,0.00,0,0
116,32,3,1.41,87,2.35,1114190,Y4,,,0,13.664,clean,0,0,0.00,0,0
116,33,3,1.93,1,2.29,1788,Y2,,,0,13.546,clean,0,0,0.00,0,0
116,34,3,1.79,1,2.48,503719,Y2,,,0,13.508,clean,0,0,0.00,0,0
116,35,3,1.67,1,2.55,1386523,Y4,,,0,13.569,clean,0,0,0.00,0,0
116,36,3,1.62,1,2.37,115693,Y4,,,0,13.660,clean,0,0,0.00,0,0
116,37,3,1.72,1,2.37,1289070,Y2,,,0,13.604,clean,0,0,0.00,0,0
116,38,3,1.39,1,2.38,599831,Y4,,,0,13.468,clean,0,0,0.00,0,0
116,39,3,1.64,1,2.34,47654,Y4,,,0,13.440,clean,0,0,0.00,0,0
116,40,3,1.73,1,2.35,531614,Y4,,,0,13.439,clean,0,0,0.00,0,0
116,41,3,1.82,1,2.40,108093,Y2,,,0,13.408,clean,0,0,0.00,0,0
116,42,3,1.87,1,2.37,515252,Y2,,,0,13.389,clean,0,0,0.00,0,0
116,43,3,1.68,1,2.49,386059,Y2,,,0,13.311,clean,0,0,0.00,0,0
116,44,3,1.59,1,2.23,190437,Y4,,,0,13.109,clean,0,0,0.00,0,0
116,45,3,1.91,1,2.29,505149,Y2,,,0,12.920,clean,0,0,0.00,0,0
116,46,3,1.99,1,2.34,343949,Y4,,,0,12.754,clean,0,0,0.00,0,0
116,47,3,1.62,1,2.30,569344,Y2,,,0,12.513,clean,0,0,0.00,0,0
116,48,3,3.03,1,2.37,1464397,Y4,0.24/noise-like,0.00/noise-like,0,12.157,hump-note,0,0,0.00,0,0
116,49,3,2.03,1,2.39,858575,Y4,,,0,11.754,clean,0,0,0.00,0,0
116,50,3,2.01,1,2.30,1135468,Y4,,,0,11.419,clean,0,0,0.00,0,0
116,51,3,2.29,1,2.48,280023,Y4,,,0,11.101,clean,0,0,0.00,0,0
116,52,3,2.12,1,2.55,498801,Y2,,,0,10.861,clean,0,0,0.00,0,0
116,53,3,2.10,1,2.26,927597,Y4,,,0,10.648,clean,0,0,0.00,0,0
116,54,3,2.00,1,2.35,1174450,Y4,,,0,10.307,clean,0,0,0.00,0,0
116,55,3,2.74,1,2.50,156373,Y4,0.00/noise-like,0.00/noise-like,0,9.801,hump-note,0,0,0.00,0,0
116,56,3,2.74,1,2.47,920981,Y4,0.00/noise-like,0.00/noise-like,0,9.196,hump-note,0,0,0.00,0,0
116,57,3,2.70,1,2.54,961035,Y4,0.00/noise-like,0.00/noise-like,0,8.501,hump-note,0,0,0.00,0,0
116,58,3,3.41,1,2.25,706494,Y2,0.00/noise-like,0.00/noise-like,0,7.919,hump-note,0,0,0.00,0,0
116,59,3,0,-1,0,0,-,,,0,7.267,QUARANTINE:dark-lane range=61 distinct=62,0,0,0.00,0,0
116,60,3,0,-1,0,0,-,,,0,6.422,QUARANTINE:dark-lane range=55 distinct=55,0,0,0.00,0,0
116,61,3,0,-1,0,0,-,,,0,5.577,QUARANTINE:dark-lane range=51 distinct=47,0,0,0.00,0,0
116,62,3,0,-1,0,0,-,,,0,4.691,QUARANTINE:dark-lane range=39 distinct=40,0,0,0.00,0,0
116,63,3,0,-1,0,0,-,,,0,3.932,QUARANTINE:dark-lane range=34 distinct=35,0,0,0.00,0,0
117,0,3,3.00,1,2.57,332057,Y4,0.00/noise-like,0.00/noise-like,0,19.625,hump-note,0,0,0.00,0,0
117,1,3,1.40,960,2.37,1171678,Y4,,,0,19.580,clean,0,0,0.00,0,0
117,2,3,1.37,755,2.56,146091,Y4,,,0,19.594,clean,0,0,0.00,0,0
117,3,3,1.32,974,2.41,370502,Y4,,,0,19.625,clean,0,0,0.00,0,0
117,4,3,1.45,1,2.41,186950,Y4,,,0,19.757,clean,0,0,0.00,0,0
117,5,3,1.39,1,2.42,562996,Y4,,,0,19.541,clean,0,0,0.00,0,0
117,6,3,1.58,1476,2.63,378639,Y2,,,0,19.290,clean,0,0,0.00,0,0
117,7,3,1.41,1,2.42,832200,Y2,,,0,19.082,clean,0,0,0.00,0,0
117,8,3,1.40,1,2.61,892460,Y4,,,0,18.833,clean,0,0,0.00,0,0
117,9,3,1.42,1,2.37,1169354,Y4,,,0,18.444,clean,0,0,0.00,0,0
117,10,3,1.37,555,2.55,1120716,Y4,,,0,18.054,clean,0,0,0.00,0,0
117,11,3,1.38,1311,2.42,96023,Y4,,,0,17.664,clean,0,0,0.00,0,0
117,12,3,1.43,1,2.43,448018,Y2,,,0,17.195,clean,0,0,0.00,0,0
117,13,3,1.38,1,2.50,1419425,Y2,,,0,16.737,clean,0,0,0.00,0,0
117,14,3,1.69,1,2.46,248909,Y4,,,0,16.414,clean,0,0,0.00,0,0
117,15,3,1.64,1,2.38,960767,Y2,,,0,16.251,clean,0,0,0.00,0,0
117,16,3,1.42,1,2.40,280112,Y2,,,0,16.305,clean,0,0,0.00,0,0
117,17,3,1.44,1,2.49,1144946,Y2,,,0,16.422,clean,0,0,0.00,0,0
117,18,3,1.71,1,2.37,597954,Y2,,,0,17.717,clean,0,0,0.00,0,0
117,19,3,1.50,1,2.22,1246154,Y4,,,0,16.406,clean,0,0,0.00,0,0
117,20,3,1.62,1,2.41,975519,Y2,,,0,16.083,clean,0,0,0.00,0,0
117,21,3,1.53,1,2.45,217080,Y4,,,0,15.924,clean,0,0,0.00,0,0
117,22,3,1.51,1,2.44,1406640,Y4,,,0,15.941,clean,0,0,0.00,0,0
117,23,3,1.58,1,2.64,541091,Y4,,,0,15.910,clean,0,0,0.00,0,0
117,24,3,1.50,1,2.49,48012,Y2,,,0,15.845,clean,0,0,0.00,0,0
117,25,3,1.50,1,2.38,1404315,Y4,,,0,15.444,clean,0,0,0.00,0,0
117,26,3,2.02,1,2.60,1366228,Y2,,,0,14.955,clean,0,0,0.00,0,0
117,27,3,1.65,625,2.33,98526,Y2,,,0,14.954,clean,0,0,0.00,0,0
117,28,3,1.82,1,2.58,324190,Y2,,,0,14.562,clean,0,0,0.00,0,0
117,29,3,1.50,1,2.46,1340568,Y2,,,0,14.406,clean,0,0,0.00,0,0
117,30,3,1.56,1,2.30,1455098,Y2,,,0,14.156,clean,0,0,0.00,0,0
117,31,3,1.80,1,2.52,169426,Y2,,,0,13.885,clean,0,0,0.00,0,0
117,32,3,1.49,1,2.32,464737,Y2,,,0,13.612,clean,0,0,0.00,0,0
117,33,3,1.80,1,2.33,1406461,Y4,,,0,13.540,clean,0,0,0.00,0,0
117,34,3,2.14,1,2.68,730902,Y2,,,0,13.525,clean,0,0,0.00,0,0
117,35,3,1.68,1,2.37,1117319,Y2,,,0,13.565,clean,0,0,0.00,0,0
117,36,3,1.77,1,2.44,739843,Y2,,,0,13.649,clean,0,0,0.00,0,0
117,37,3,1.86,1,2.33,29594,Y4,,,0,13.610,clean,0,0,0.00,0,0
117,38,3,1.86,1,2.20,84132,Y2,,,0,13.523,clean,0,0,0.00,0,0
117,39,3,1.68,1,2.32,1325548,Y4,,,0,13.452,clean,0,0,0.00,0,0
117,40,3,1.72,1,2.44,119805,Y2,,,0,13.424,clean,0,0,0.00,0,0
117,41,3,1.67,1,2.47,1177132,Y4,,,0,13.426,clean,0,0,0.00,0,0
117,42,3,1.78,1,2.29,761837,Y4,,,0,13.395,clean,0,0,0.00,0,0
117,43,3,1.74,1,2.42,148594,Y2,,,0,13.300,clean,0,0,0.00,0,0
117,44,3,1.46,1,2.60,159055,Y2,,,0,13.086,clean,0,0,0.00,0,0
117,45,3,1.92,1,2.37,700861,Y4,,,0,12.937,clean,0,0,0.00,0,0
117,46,3,1.73,1,2.51,162005,Y2,,,0,12.766,clean,0,0,0.00,0,0
117,47,3,2.08,1,2.49,914365,Y4,,,0,12.507,clean,0,0,0.00,0,0
117,48,3,3.13,1,2.37,440240,Y4,0.24/noise-like,0.24/noise-like,0,12.167,hump-note,0,0,0.00,0,0
117,49,3,2.18,1,2.52,1056969,Y4,,,0,11.748,clean,0,0,0.00,0,0
117,50,3,1.75,1,2.44,792146,Y2,,,0,11.437,clean,0,0,0.00,0,0
117,51,3,2.20,1,2.65,745833,Y4,,,0,11.111,clean,0,0,0.00,0,0
117,52,3,1.98,1,2.35,866622,Y4,,,0,10.866,clean,0,0,0.00,0,0
117,53,3,2.54,1,2.26,1263857,Y4,0.00/noise-like,0.00/noise-like,0,10.653,hump-note,0,0,0.00,0,0
117,54,3,2.40,1,2.39,857502,Y4,,,0,10.296,clean,0,0,0.00,0,0
117,55,3,2.31,1,2.57,1175255,Y4,,,0,9.822,clean,0,0,0.00,0,0
117,56,3,2.67,1,2.30,152171,Y4,0.00/noise-like,0.00/noise-like,0,9.195,hump-note,0,0,0.00,0,0
117,57,3,2.96,1,2.44,68665,Y2,0.00/noise-like,0.00/noise-like,0,8.513,hump-note,0,0,0.00,0,0
117,58,3,3.28,1,2.26,528574,Y4,0.24/noise-like,0.00/noise-like,0,7.931,hump-note,0,0,0.00,0,0
117,59,3,0,-1,0,0,-,,,0,7.253,QUARANTINE:dark-lane range=66 distinct=63,0,0,0.00,0,0
117,60,3,0,-1,0,0,-,,,0,6.422,QUARANTINE:dark-lane range=59 distinct=56,0,0,0.00,0,0
117,61,3,0,-1,0,0,-,,,0,5.565,QUARANTINE:dark-lane range=51 distinct=49,0,0,0.00,0,0
117,62,3,0,-1,0,0,-,,,0,4.685,QUARANTINE:dark-lane range=40 distinct=40,0,0,0.00,0,0
117,63,3,0,-1,0,0,-,,,0,3.933,QUARANTINE:dark-lane range=34 distinct=35,0,0,0.00,0,0
118,0,3,3.06,1,2.47,816107,Y2,0.00/noise-like,0.00/noise-like,0,19.666,hump-note,0,0,0.00,0,0
118,1,3,1.55,1,2.46,21189,Y4,,,0,19.544,clean,0,0,0.00,0,0
118,2,3,1.35,1032,2.40,176847,Y2,,,0,19.579,clean,0,0,0.00,0,0
118,3,3,1.52,1,2.42,223964,Y2,,,0,19.664,clean,0,0,0.00,0,0
118,4,3,1.47,1,2.44,610650,Y2,,,0,19.761,clean,0,0,0.00,0,0
118,5,3,1.36,1576,2.23,866085,Y2,,,0,19.538,clean,0,0,0.00,0,0
118,6,3,1.63,1476,2.40,144839,Y4,,,0,19.281,clean,0,0,0.00,0,0
118,7,3,1.53,1,2.49,263929,Y2,,,0,19.077,clean,0,0,0.00,0,0
118,8,3,1.54,1,2.22,1398325,Y4,,,0,18.778,clean,0,0,0.00,0,0
118,9,3,1.35,1,2.22,902116,Y4,,,0,18.435,clean,0,0,0.00,0,0
118,10,3,1.47,1,2.30,807077,Y2,,,0,18.010,clean,0,0,0.00,0,0
118,11,3,1.78,1,2.23,209659,Y2,,,0,17.671,clean,0,0,0.00,0,0
118,12,3,1.45,1349,2.31,925362,Y2,,,0,17.223,clean,0,0,0.00,0,0
118,13,3,1.39,201,2.45,179619,Y2,,,0,16.731,clean,0,0,0.00,0,0
118,14,3,1.58,1,2.40,666887,Y2,,,0,16.446,clean,0,0,0.00,0,0
118,15,3,1.41,1,2.48,20295,Y2,,,0,16.253,clean,0,0,0.00,0,0
118,16,3,1.38,1398,2.34,1084775,Y4,,,0,16.297,clean,0,0,0.00,0,0
118,17,3,1.33,318,2.52,291109,Y4,,,0,16.473,clean,0,0,0.00,0,0
118,18,3,1.53,676,2.46,359774,Y2,,,0,17.703,clean,0,0,0.00,0,0
118,19,3,1.60,1,2.32,150830,Y2,,,0,16.400,clean,0,0,0.00,0,0
118,20,3,1.79,1,2.47,573635,Y4,,,0,16.100,clean,0,0,0.00,0,0
118,21,3,1.41,184,2.31,337064,Y4,,,0,15.963,clean,0,0,0.00,0,0
118,22,3,1.46,1,2.47,1080036,Y2,,,0,15.934,clean,0,0,0.00,0,0
118,23,3,1.54,1,2.31,1067430,Y4,,,0,15.906,clean,0,0,0.00,0,0
118,24,3,1.61,1,2.54,914097,Y2,,,0,15.824,clean,0,0,0.00,0,0
118,25,3,1.51,1,2.59,475556,Y2,,,0,15.431,clean,0,0,0.00,0,0
118,26,3,1.63,1,2.66,574082,Y4,,,0,14.983,clean,0,0,0.00,0,0
118,27,3,1.81,1,2.44,784010,Y4,,,0,14.930,clean,0,0,0.00,0,0
118,28,3,1.51,1,2.47,1152992,Y2,,,0,14.573,clean,0,0,0.00,0,0
118,29,3,1.65,1,2.54,939399,Y4,,,0,14.387,clean,0,0,0.00,0,0
118,30,3,1.98,1,2.67,451148,Y2,,,0,14.150,clean,0,0,0.00,0,0
118,31,3,1.50,1,2.24,562191,Y2,,,0,13.914,clean,0,0,0.00,0,0
118,32,3,1.34,1489,2.25,1455367,Y2,,,0,13.609,clean,0,0,0.00,0,0
118,33,3,1.83,1,2.35,107914,Y4,,,0,13.540,clean,0,0,0.00,0,0
118,34,3,1.70,1,2.42,449181,Y4,,,0,13.488,clean,0,0,0.00,0,0
118,35,3,1.77,1,2.48,273585,Y4,,,0,13.555,clean,0,0,0.00,0,0
118,36,3,1.69,1,2.49,1162022,Y2,,,0,13.663,clean,0,0,0.00,0,0
118,37,3,1.86,1,2.49,162810,Y4,,,0,13.627,clean,0,0,0.00,0,0
118,38,3,1.80,1,2.52,429153,Y2,,,0,13.477,clean,0,0,0.00,0,0
118,39,3,1.78,1,2.58,437826,Y2,,,0,13.445,clean,0,0,0.00,0,0
118,40,3,1.81,1,2.58,841498,Y2,,,0,13.405,clean,0,0,0.00,0,0
118,41,3,1.63,1,2.51,845164,Y4,,,0,13.415,clean,0,0,0.00,0,0
118,42,3,1.82,1,2.32,1223356,Y4,,,0,13.381,clean,0,0,0.00,0,0
118,43,3,1.93,1,2.59,373453,Y4,,,0,13.309,clean,0,0,0.00,0,0
118,44,3,2.20,1,2.39,474125,Y2,,,0,13.101,clean,0,0,0.00,0,0
118,45,3,1.81,1,2.47,113636,Y2,,,0,12.954,clean,0,0,0.00,0,0
118,46,3,1.86,1,2.45,92626,Y4,,,0,12.763,clean,0,0,0.00,0,0
118,47,3,1.67,1,2.41,1036495,Y2,,,0,12.528,clean,0,0,0.00,0,0
118,48,3,3.13,1,2.37,109076,Y4,0.00/noise-like,0.00/noise-like,0,12.158,hump-note,0,0,0.00,0,0
118,49,3,2.21,1,2.41,348508,Y2,,,0,11.757,clean,0,0,0.00,0,0
118,50,3,1.88,1,2.40,1266539,Y4,,,0,11.425,clean,0,0,0.00,0,0
118,51,3,2.16,1,2.37,1413882,Y4,,,0,11.110,clean,0,0,0.00,0,0
118,52,3,2.08,1,2.41,582129,Y4,,,0,10.862,clean,0,0,0.00,0,0
118,53,3,1.96,1,2.54,33528,Y2,,,0,10.658,clean,0,0,0.00,0,0
118,54,3,2.03,1,2.34,342786,Y4,,,0,10.300,clean,0,0,0.00,0,0
118,55,3,2.57,1,2.60,252396,Y2,0.00/noise-like,0.00/noise-like,0,9.844,hump-note,0,0,0.00,0,0
118,56,3,2.65,1,2.38,1055807,Y4,0.24/noise-like,0.24/noise-like,0,9.200,hump-note,0,0,0.00,0,0
118,57,3,2.84,1,2.53,1164168,Y2,0.00/noise-like,0.00/noise-like,0,8.529,hump-note,0,0,0.00,0,0
118,58,3,3.25,1,2.37,142962,Y2,0.00/noise-like,0.00/noise-like,0,7.928,hump-note,0,0,0.00,0,0
118,59,3,0,-1,0,0,-,,,0,7.260,QUARANTINE:dark-lane range=65 distinct=63,0,0,0.00,0,0
118,60,3,0,-1,0,0,-,,,0,6.429,QUARANTINE:dark-lane range=56 distinct=56,0,0,0.00,0,0
118,61,3,0,-1,0,0,-,,,0,5.581,QUARANTINE:dark-lane range=45 distinct=46,0,0,0.00,0,0
118,62,3,0,-1,0,0,-,,,0,4.692,QUARANTINE:dark-lane range=40 distinct=41,0,0,0.00,0,0
118,63,3,0,-1,0,0,-,,,0,3.931,QUARANTINE:dark-lane range=33 distinct=34,0,0,0.00,0,0
119,0,3,3.18,1,2.52,256240,Y4,0.00/noise-like,0.24/noise-like,0,19.655,hump-note,0,0,0.00,0,0
119,1,3,1.33,1,2.32,911415,Y4,,,0,19.586,clean,0,0,0.00,0,0
119,2,3,1.35,367,2.49,162989,Y2,,,0,19.561,clean,0,0,0.00,0,0
119,3,3,1.47,1,2.49,1254112,Y2,,,0,19.681,clean,0,0,0.00,0,0
119,4,3,1.46,1,2.58,183284,Y2,,,0,19.783,clean,0,0,0.00,0,0
119,5,3,1.44,1,2.49,524640,Y2,,,0,19.566,clean,0,0,0.00,0,0
119,6,3,1.52,1476,2.31,656247,Y4,,,0,19.282,clean,0,0,0.00,0,0
119,7,3,1.43,1,2.54,534028,Y4,,,0,19.062,clean,0,0,0.00,0,0
119,8,3,1.44,1019,2.47,98884,Y2,,,0,18.795,clean,0,0,0.00,0,0
119,9,3,1.51,1,2.56,257492,Y2,,,0,18.442,clean,0,0,0.00,0,0
119,10,3,1.52,1,2.32,428975,Y2,,,0,18.052,clean,0,0,0.00,0,0
119,11,3,1.48,1,2.37,428796,Y4,,,0,17.696,clean,0,0,0.00,0,0
119,12,3,1.44,1,2.26,822186,Y2,,,0,17.218,clean,0,0,0.00,0,0
119,13,3,1.47,1,2.53,1235068,Y2,,,0,16.735,clean,0,0,0.00,0,0
119,14,3,1.44,1,2.60,665635,Y4,,,0,16.430,clean,0,0,0.00,0,0
119,15,3,1.68,1,2.44,1199484,Y2,,,0,16.256,clean,0,0,0.00,0,0
119,16,3,1.49,1,2.36,237823,Y2,,,0,16.288,clean,0,0,0.00,0,0
119,17,3,1.61,1,2.36,943065,Y4,,,0,16.471,clean,0,0,0.00,0,0
119,18,3,1.48,896,2.77,990003,Y4,,,0,17.762,clean,0,0,0.00,0,0
119,19,3,1.58,1,2.49,332236,Y2,,,0,16.388,clean,0,0,0.00,0,0
119,20,3,1.51,1,2.43,210106,Y2,,,0,16.102,clean,0,0,0.00,0,0
119,21,3,1.55,1,2.34,1347363,Y4,,,0,15.919,clean,0,0,0.00,0,0
119,22,3,1.74,1,2.33,186324,Y2,,,0,15.939,clean,0,0,0.00,0,0
119,23,3,1.55,1,2.29,1434445,Y4,,,0,15.913,clean,0,0,0.00,0,0
119,24,3,1.57,1,2.41,658035,Y2,,,0,15.811,clean,0,0,0.00,0,0
119,25,3,1.51,1,2.43,762820,Y2,,,0,15.405,clean,0,0,0.00,0,0
119,26,3,1.64,1,2.36,487268,Y2,,,0,14.991,clean,0,0,0.00,0,0
119,27,3,1.64,1,2.47,747442,Y2,,,0,14.989,clean,0,0,0.00,0,0
119,28,3,1.69,1,2.37,1139045,Y2,,,0,14.581,clean,0,0,0.00,0,0
119,29,3,1.34,90,2.57,1209319,Y2,,,0,14.403,clean,0,0,0.00,0,0
119,30,3,1.71,1,2.56,106573,Y2,,,0,14.141,clean,0,0,0.00,0,0
119,31,3,1.65,1,2.35,354767,Y2,,,0,13.881,clean,0,0,0.00,0,0
119,32,3,1.36,256,2.33,1433372,Y4,,,0,13.619,clean,0,0,0.00,0,0
119,33,3,1.72,1,2.45,220567,Y4,,,0,13.524,clean,0,0,0.00,0,0
119,34,3,1.98,1,2.44,638545,Y4,,,0,13.500,clean,0,0,0.00,0,0
119,35,3,1.79,1,2.49,369698,Y2,,,0,13.549,clean,0,0,0.00,0,0
119,36,3,1.78,1,2.29,1103729,Y2,,,0,13.669,clean,0,0,0.00,0,0
119,37,3,1.70,1,2.38,706494,Y2,,,0,13.630,clean,0,0,0.00,0,0
119,38,3,1.64,1,2.33,394016,Y2,,,0,13.496,clean,0,0,0.00,0,0
119,39,3,1.87,1,2.29,303179,Y2,,,0,13.450,clean,0,0,0.00,0,0
119,40,3,1.69,1,2.33,476897,Y2,,,0,13.430,clean,0,0,0.00,0,0
119,41,3,1.50,1,2.56,1223892,Y4,,,0,13.393,clean,0,0,0.00,0,0
119,42,3,1.64,1,2.26,102907,Y4,,,0,13.403,clean,0,0,0.00,0,0
119,43,3,1.55,1,2.57,3934,Y4,,,0,13.299,clean,0,0,0.00,0,0
119,44,3,1.95,1,2.35,44435,Y4,,,0,13.118,clean,0,0,0.00,0,0
119,45,3,1.69,1,2.50,466347,Y4,,,0,12.918,clean,0,0,0.00,0,0
119,46,3,1.86,1,2.61,1158983,Y2,,,0,12.763,clean,0,0,0.00,0,0
119,47,3,1.90,1,2.37,116497,Y4,,,0,12.489,clean,0,0,0.00,0,0
119,48,3,3.11,1,2.46,120163,Y4,0.24/noise-like,0.24/noise-like,0,12.153,hump-note,0,0,0.00,0,0
119,49,3,2.16,1,2.50,11534,Y2,,,0,11.749,clean,0,0,0.00,0,0
119,50,3,1.98,1,2.53,1299709,Y4,,,0,11.430,clean,0,0,0.00,0,0
119,51,3,2.18,1,2.37,1421303,Y2,,,0,11.096,clean,0,0,0.00,0,0
119,52,3,1.99,1,2.36,173897,Y2,,,0,10.864,clean,0,0,0.00,0,0
119,53,3,2.20,1,2.34,1365155,Y2,,,0,10.662,clean,0,0,0.00,0,0
119,54,3,2.52,1,2.55,413060,Y4,0.00/noise-like,0.00/noise-like,0,10.313,hump-note,0,0,0.00,0,0
119,55,3,2.41,1,2.38,620753,Y2,,,0,9.802,clean,0,0,0.00,0,0
119,56,3,2.90,1,2.51,430763,Y4,0.00/noise-like,0.00/noise-like,0,9.199,hump-note,0,0,0.00,0,0
119,57,3,2.77,1,2.41,199914,Y4,0.00/noise-like,0.00/noise-like,0,8.506,hump-note,0,0,0.00,0,0
119,58,3,3.37,1,2.46,1457065,Y4,0.24/noise-like,0.24/noise-like,0,7.917,hump-note,0,0,0.00,0,0
119,59,3,0,-1,0,0,-,,,0,7.249,QUARANTINE:dark-lane range=60 distinct=61,0,0,0.00,0,0
119,60,3,0,-1,0,0,-,,,0,6.435,QUARANTINE:dark-lane range=56 distinct=55,0,0,0.00,0,0
119,61,3,0,-1,0,0,-,,,0,5.581,QUARANTINE:dark-lane range=47 distinct=48,0,0,0.00,0,0
119,62,3,0,-1,0,0,-,,,0,4.687,QUARANTINE:dark-lane range=43 distinct=43,0,0,0.00,0,0
119,63,3,0,-1,0,0,-,,,0,3.924,QUARANTINE:dark-lane range=36 distinct=37,0,0,0.00,0,0
120,0,3,3.65,1,2.44,97632,Y4,0.24/noise-like,0.24/noise-like,0,19.630,hump-note,0,0,0.00,0,0
120,1,3,1.33,1,2.40,27984,Y2,,,0,19.568,clean,0,0,0.00,0,0
120,2,3,1.42,1,2.24,1299709,Y2,,,0,19.558,clean,0,0,0.00,0,0
120,3,3,1.43,1,2.38,1246870,Y2,,,0,19.645,clean,0,0,0.00,0,0
120,4,3,1.38,920,2.53,869125,Y2,,,0,19.742,clean,0,0,0.00,0,0
120,5,3,1.37,512,2.44,762999,Y2,,,0,19.545,clean,0,0,0.00,0,0
120,6,3,1.53,1476,2.41,868142,Y2,,,0,19.275,clean,0,0,0.00,0,0
120,7,3,1.37,925,2.40,284940,Y4,,,0,19.044,clean,0,0,0.00,0,0
120,8,3,1.45,1,2.40,432462,Y4,,,0,18.822,clean,0,0,0.00,0,0
120,9,3,1.50,1,2.31,278324,Y4,,,0,18.406,clean,0,0,0.00,0,0
120,10,3,1.59,1,2.30,206888,Y2,,,0,18.055,clean,0,0,0.00,0,0
120,11,3,1.40,1,2.62,483513,Y2,,,0,17.695,clean,0,0,0.00,0,0
120,12,3,1.57,1,2.38,204653,Y2,,,0,17.190,clean,0,0,0.00,0,0
120,13,3,1.71,1,2.31,40144,Y2,,,0,16.746,clean,0,0,0.00,0,0
120,14,3,1.40,116,2.42,690222,Y2,,,0,16.425,clean,0,0,0.00,0,0
120,15,3,1.59,1,2.67,108451,Y2,,,0,16.246,clean,0,0,0.00,0,0
120,16,3,1.53,1,2.41,1274675,Y2,,,0,16.283,clean,0,0,0.00,0,0
120,17,3,1.36,1,2.39,480741,Y2,,,0,16.444,clean,0,0,0.00,0,0
120,18,3,1.55,640,2.41,1424342,Y2,,,0,17.707,clean,0,0,0.00,0,0
120,19,3,1.45,1,2.64,653923,Y4,,,0,16.399,clean,0,0,0.00,0,0
120,20,3,1.49,1,2.36,82523,Y2,,,0,16.109,clean,0,0,0.00,0,0
120,21,3,1.54,958,2.40,1142085,Y2,,,0,15.957,clean,0,0,0.00,0,0
120,22,3,1.43,1,2.36,703275,Y4,,,0,15.913,clean,0,0,0.00,0,0
120,23,3,1.46,1,2.71,1163185,Y2,,,0,15.911,clean,0,0,0.00,0,0
120,24,3,1.45,1,2.72,854284,Y4,,,0,15.820,clean,0,0,0.00,0,0
120,25,3,1.45,1,2.52,39518,Y4,,,0,15.411,clean,0,0,0.00,0,0
120,26,3,1.56,1,2.42,1002789,Y2,,,0,15.009,clean,0,0,0.00,0,0
120,27,3,1.80,1,2.47,1346022,Y2,,,0,14.931,clean,0,0,0.00,0,0
120,28,3,1.54,1,2.55,306845,Y4,,,0,14.592,clean,0,0,0.00,0,0
120,29,3,1.66,1,2.49,894696,Y2,,,0,14.406,clean,0,0,0.00,0,0
120,30,3,1.62,1,2.37,1346022,Y2,,,0,14.159,clean,0,0,0.00,0,0
120,31,3,1.88,1,2.29,1034349,Y4,,,0,13.878,clean,0,0,0.00,0,0
120,32,3,1.39,891,2.47,1090229,Y4,,,0,13.633,clean,0,0,0.00,0,0
120,33,3,1.76,1,2.28,1016736,Y2,,,0,13.522,clean,0,0,0.00,0,0
120,34,3,1.77,1,2.42,666082,Y2,,,0,13.515,clean,0,0,0.00,0,0
120,35,3,1.68,1,2.42,1329213,Y4,,,0,13.561,clean,0,0,0.00,0,0
120,36,3,1.79,1,2.30,91106,Y2,,,0,13.664,clean,0,0,0.00,0,0
120,37,3,1.54,1,2.43,958711,Y4,,,0,13.634,clean,0,0,0.00,0,0
120,38,3,1.75,1,2.43,907481,Y2,,,0,13.503,clean,0,0,0.00,0,0
120,39,3,1.82,1,2.25,834346,Y2,,,0,13.468,clean,0,0,0.00,0,0
120,40,3,1.84,1,2.43,487715,Y2,,,0,13.409,clean,0,0,0.00,0,0
120,41,3,1.52,1,2.49,1151383,Y2,,,0,13.392,clean,0,0,0.00,0,0
120,42,3,1.75,1,2.27,1219153,Y2,,,0,13.385,clean,0,0,0.00,0,0
120,43,3,1.81,1,2.49,126421,Y2,,,0,13.308,clean,0,0,0.00,0,0
120,44,3,1.83,1,2.40,449091,Y4,,,0,13.111,clean,0,0,0.00,0,0
120,45,3,1.70,1,2.68,52035,Y4,,,0,12.927,clean,0,0,0.00,0,0
120,46,3,1.51,1,2.35,1380265,Y4,,,0,12.774,clean,0,0,0.00,0,0
120,47,3,2.04,1,2.32,126153,Y4,,,0,12.520,clean,0,0,0.00,0,0
120,48,3,3.44,1,2.61,369340,Y2,0.24/noise-like,0.24/noise-like,0,12.153,hump-note,0,0,0.00,0,0
120,49,3,2.08,1,2.61,191689,Y2,,,0,11.748,clean,0,0,0.00,0,0
120,50,3,2.02,1,2.42,663668,Y2,,,0,11.440,clean,0,0,0.00,0,0
120,51,3,2.32,1,2.20,1423180,Y2,,,0,11.115,clean,0,0,0.00,0,0
120,52,3,2.26,1,2.61,431746,Y2,,,0,10.868,clean,0,0,0.00,0,0
120,53,3,2.28,1,2.45,1101941,Y2,,,0,10.651,clean,0,0,0.00,0,0
120,54,3,2.55,1,2.36,199020,Y2,0.00/noise-like,0.00/noise-like,0,10.293,hump-note,0,0,0.00,0,0
120,55,3,2.18,1,2.56,1278698,Y2,,,0,9.833,clean,0,0,0.00,0,0
120,56,3,2.59,1,2.32,684679,Y4,0.00/noise-like,0.00/noise-like,0,9.206,hump-note,0,0,0.00,0,0
120,57,3,2.75,1,2.89,746459,Y4,0.00/noise-like,0.24/noise-like,0,8.514,hump-note,0,0,0.00,0,0
120,58,3,2.92,1,2.55,1163632,Y2,0.24/noise-like,0.00/noise-like,0,7.929,hump-note,0,0,0.00,0,0
120,59,3,0,-1,0,0,-,,,0,7.260,QUARANTINE:dark-lane range=63 distinct=62,0,0,0.00,0,0
120,60,3,0,-1,0,0,-,,,0,6.418,QUARANTINE:dark-lane range=55 distinct=55,0,0,0.00,0,0
120,61,3,0,-1,0,0,-,,,0,5.577,QUARANTINE:dark-lane range=48 distinct=49,0,0,0.00,0,0
120,62,3,0,-1,0,0,-,,,0,4.685,QUARANTINE:dark-lane range=40 distinct=41,0,0,0.00,0,0
120,63,3,0,-1,0,0,-,,,0,3.930,QUARANTINE:dark-lane range=35 distinct=36,0,0,0.00,0,0
121,0,3,3.28,1,2.72,460804,Y2,0.24/noise-like,0.00/noise-like,0,19.615,hump-note,0,0,0.00,0,0
121,1,3,1.47,1,2.46,702918,Y2,,,0,19.562,clean,0,0,0.00,0,0
121,2,3,1.46,394,2.29,1402885,Y4,,,0,19.590,clean,0,0,0.00,0,0
121,3,3,1.38,1510,2.40,1440078,Y2,,,0,19.656,clean,0,0,0.00,0,0
121,4,3,1.34,846,2.48,94593,Y2,,,0,19.766,clean,0,0,0.00,0,0
121,5,3,1.36,1,2.57,334114,Y2,,,0,19.535,clean,0,0,0.00,0,0
121,6,3,1.57,1476,2.61,991434,Y2,,,0,19.256,clean,0,0,0.00,0,0
121,7,3,1.34,1,2.59,1017451,Y4,,,0,19.070,clean,0,0,0.00,0,0
121,8,3,1.59,1,2.48,1157641,Y4,,,0,18.832,clean,0,0,0.00,0,0
121,9,3,1.57,1,2.32,229686,Y4,,,0,18.425,clean,0,0,0.00,0,0
121,10,3,1.60,1,2.42,1303107,Y2,,,0,18.081,clean,0,0,0.00,0,0
121,11,3,1.36,584,2.53,730544,Y2,,,0,17.672,clean,0,0,0.00,0,0
121,12,3,1.49,1,2.30,292629,Y2,,,0,17.231,clean,0,0,0.00,0,0
121,13,3,1.60,1,2.94,636399,Y4,,,0,16.723,clean,0,0,0.00,0,0
121,14,3,1.79,1,2.38,292450,Y4,,,0,16.441,clean,0,0,0.00,0,0
121,15,3,1.55,1,2.44,580072,Y2,,,0,16.238,clean,0,0,0.00,0,0
121,16,3,1.45,1,2.48,1454294,Y2,,,0,16.266,clean,0,0,0.00,0,0
121,17,3,1.58,1,2.32,799924,Y4,,,0,16.481,clean,0,0,0.00,0,0
121,18,3,1.61,763,2.37,143319,Y4,,,0,17.707,clean,0,0,0.00,0,0
121,19,3,1.86,1,2.60,778466,Y2,,,0,16.389,clean,0,0,0.00,0,0
121,20,3,1.43,1,2.16,538051,Y4,,,0,16.079,clean,0,0,0.00,0,0
121,21,3,1.65,1,2.52,468761,Y4,,,0,15.947,clean,0,0,0.00,0,0
121,22,3,1.45,1,2.26,1207620,Y4,,,0,15.918,clean,0,0,0.00,0,0
121,23,3,1.65,1,2.37,925809,Y2,,,0,15.911,clean,0,0,0.00,0,0
121,24,3,1.62,1,2.27,1256347,Y2,,,0,15.798,clean,0,0,0.00,0,0
121,25,3,1.78,1,2.61,1420587,Y2,,,0,15.407,clean,0,0,0.00,0,0
121,26,3,1.51,1,2.27,1433641,Y4,,,0,14.994,clean,0,0,0.00,0,0
121,27,3,1.59,630,2.42,24945,Y4,,,0,14.985,clean,0,0,0.00,0,0
121,28,3,1.87,1,2.49,352442,Y4,,,0,14.585,clean,0,0,0.00,0,0
121,29,3,1.40,1,2.43,797778,Y4,,,0,14.399,clean,0,0,0.00,0,0
121,30,3,1.98,1,2.44,803143,Y2,,,0,14.147,clean,0,0,0.00,0,0
121,31,3,1.72,1,2.39,1090229,Y4,,,0,13.868,clean,0,0,0.00,0,0
121,32,3,1.37,1427,2.33,492632,Y2,,,0,13.623,clean,0,0,0.00,0,0
121,33,3,1.85,1,2.43,19848,Y4,,,0,13.557,clean,0,0,0.00,0,0
121,34,3,1.64,1,2.36,248909,Y2,,,0,13.495,clean,0,0,0.00,0,0
121,35,3,1.63,1,2.49,556111,Y4,,,0,13.561,clean,0,0,0.00,0,0
121,36,3,1.93,1,2.37,452667,Y2,,,0,13.688,clean,0,0,0.00,0,0
121,37,3,1.66,1,2.43,161201,Y2,,,0,13.648,clean,0,0,0.00,0,0
121,38,3,1.86,1,2.56,754952,Y4,,,0,13.520,clean,0,0,0.00,0,0
121,39,3,1.92,1,2.31,580609,Y4,,,0,13.431,clean,0,0,0.00,0,0
121,40,3,1.63,1,2.46,78142,Y2,,,0,13.407,clean,0,0,0.00,0,0
121,41,3,1.94,1,2.28,1151115,Y4,,,0,13.418,clean,0,0,0.00,0,0
121,42,3,1.83,1,2.27,125527,Y2,,,0,13.407,clean,0,0,0.00,0,0
121,43,3,1.78,1,2.44,217885,Y2,,,0,13.297,clean,0,0,0.00,0,0
121,44,3,2.01,1,2.46,770152,Y4,,,0,13.105,clean,0,0,0.00,0,0
121,45,3,1.82,1,2.24,1413703,Y4,,,0,12.921,clean,0,0,0.00,0,0
121,46,3,1.92,1,2.44,492454,Y4,,,0,12.755,clean,0,0,0.00,0,0
121,47,3,1.91,1,2.36,795186,Y4,,,0,12.480,clean,0,0,0.00,0,0
121,48,3,3.61,1,2.48,800550,Y2,0.24/noise-like,0.00/noise-like,0,12.161,hump-note,0,0,0.00,0,0
121,49,3,1.86,1,2.32,190169,Y4,,,0,11.755,clean,0,0,0.00,0,0
121,50,3,1.99,1,2.54,75012,Y2,,,0,11.426,clean,0,0,0.00,0,0
121,51,3,2.14,1,2.44,345290,Y4,,,0,11.112,clean,0,0,0.00,0,0
121,52,3,2.48,1,2.32,1353353,Y4,,,0,10.874,clean,0,0,0.00,0,0
121,53,3,2.16,1,2.43,493258,Y4,,,0,10.665,clean,0,0,0.00,0,0
121,54,3,2.24,1,2.65,33796,Y4,,,0,10.309,clean,0,0,0.00,0,0
121,55,3,2.23,1,2.36,748694,Y2,,,0,9.814,clean,0,0,0.00,0,0
121,56,3,2.60,1,2.57,198126,Y2,0.24/noise-like,0.00/noise-like,0,9.210,hump-note,0,0,0.00,0,0
121,57,3,2.44,1,2.25,5901,Y2,,,0,8.508,clean,0,0,0.00,0,0
121,58,3,3.37,1,2.44,815213,Y2,0.00/noise-like,0.00/noise-like,0,7.934,hump-note,0,0,0.00,0,0
121,59,3,0,-1,0,0,-,,,0,7.242,QUARANTINE:dark-lane range=63 distinct=62,0,0,0.00,0,0
121,60,3,0,-1,0,0,-,,,0,6.418,QUARANTINE:dark-lane range=56 distinct=56,0,0,0.00,0,0
121,61,3,0,-1,0,0,-,,,0,5.580,QUARANTINE:dark-lane range=50 distinct=50,0,0,0.00,0,0
121,62,3,0,-1,0,0,-,,,0,4.685,QUARANTINE:dark-lane range=43 distinct=42,0,0,0.00,0,0
121,63,3,0,-1,0,0,-,,,0,3.930,QUARANTINE:dark-lane range=34 distinct=35,0,0,0.00,0,0
122,0,3,2.49,1,2.30,1055986,Y4,,,0,19.598,clean,0,0,0.00,0,0
122,1,3,1.41,1,2.46,981063,Y4,,,0,19.577,clean,0,0,0.00,0,0
122,2,3,1.37,1,2.34,933051,Y4,,,0,19.584,clean,0,0,0.00,0,0
122,3,3,1.33,1,2.78,1175702,Y4,,,0,19.633,clean,0,0,0.00,0,0
122,4,3,1.43,1,2.44,739753,Y2,,,0,19.773,clean,0,0,0.00,0,0
122,5,3,1.34,386,2.30,324547,Y4,,,0,19.523,clean,0,0,0.00,0,0
122,6,3,1.85,1476,2.49,915349,Y4,,,0,19.291,clean,0,0,0.00,0,0
122,7,3,1.34,1014,2.39,346273,Y4,,,0,19.067,clean,0,0,0.00,0,0
122,8,3,1.44,1367,2.46,204027,Y2,,,0,18.786,clean,0,0,0.00,0,0
122,9,3,1.49,1,2.29,1439184,Y4,,,0,18.414,clean,0,0,0.00,0,0
122,10,3,1.33,478,2.27,1241058,Y2,,,0,18.071,clean,0,0,0.00,0,0
122,11,3,1.47,1,2.79,104249,Y4,,,0,17.657,clean,0,0,0.00,0,0
122,12,3,1.52,1,2.44,11444,Y4,,,0,17.202,clean,0,0,0.00,0,0
122,13,3,1.55,1,2.40,1350671,Y4,,,0,16.720,clean,0,0,0.00,0,0
122,14,3,1.37,1412,2.55,55879,Y4,,,0,16.413,clean,0,0,0.00,0,0
122,15,3,1.57,1,2.58,820577,Y2,,,0,16.239,clean,0,0,0.00,0,0
122,16,3,1.55,1,2.31,963449,Y2,,,0,16.303,clean,0,0,0.00,0,0
122,17,3,1.37,1,2.47,1463771,Y4,,,0,16.477,clean,0,0,0.00,0,0
122,18,3,1.57,669,2.28,385702,Y4,,,0,17.714,clean,0,0,0.00,0,0
122,19,3,1.55,1,2.31,919282,Y2,,,0,16.411,clean,0,0,0.00,0,0
122,20,3,1.35,1,2.65,205725,Y2,,,0,16.098,clean,0,0,0.00,0,0
122,21,3,1.62,1,2.34,1324743,Y4,,,0,15.946,clean,0,0,0.00,0,0
122,22,3,1.39,1,2.62,1216471,Y4,,,0,15.931,clean,0,0,0.00,0,0
122,23,3,1.49,1,2.50,124991,Y4,,,0,15.891,clean,0,0,0.00,0,0
122,24,3,1.54,1,2.48,1215220,Y2,,,0,15.778,clean,0,0,0.00,0,0
122,25,3,1.43,1,2.56,713736,Y4,,,0,15.414,clean,0,0,0.00,0,0
122,26,3,1.71,1,2.22,422806,Y2,,,0,14.999,clean,0,0,0.00,0,0
122,27,3,1.59,615,2.91,850976,Y4,,,0,14.958,clean,0,0,0.00,0,0
122,28,3,1.86,1,2.36,775874,Y2,,,0,14.583,clean,0,0,0.00,0,0
122,29,3,1.74,1,2.31,93520,Y2,,,0,14.374,clean,0,0,0.00,0,0
122,30,3,1.67,1,2.40,479579,Y2,,,0,14.151,clean,0,0,0.00,0,0
122,31,3,1.64,1,2.34,69737,Y4,,,0,13.884,clean,0,0,0.00,0,0
122,32,3,1.38,962,2.20,1193225,Y4,,,0,13.628,clean,0,0,0.00,0,0
122,33,3,1.71,1,2.66,192493,Y2,,,0,13.533,clean,0,0,0.00,0,0
122,34,3,1.65,1,2.64,244975,Y2,,,0,13.499,clean,0,0,0.00,0,0
122,35,3,1.84,1,2.39,179797,Y2,,,0,13.594,clean,0,0,0.00,0,0
122,36,3,1.76,1,2.41,608414,Y2,,,0,13.661,clean,0,0,0.00,0,0
122,37,3,1.80,1,2.38,849992,Y2,,,0,13.631,clean,0,0,0.00,0,0
122,38,3,1.53,1,2.39,394464,Y4,,,0,13.486,clean,0,0,0.00,0,0
122,39,3,1.64,1,2.68,1364619,Y4,,,0,13.439,clean,0,0,0.00,0,0
122,40,3,1.93,1,2.51,306129,Y4,,,0,13.416,clean,0,0,0.00,0,0
122,41,3,1.78,1,2.82,1170963,Y4,,,0,13.400,clean,0,0,0.00,0,0
122,42,3,1.72,1,2.29,177294,Y2,,,0,13.392,clean,0,0,0.00,0,0
122,43,3,1.50,1,2.61,115424,Y2,,,0,13.299,clean,0,0,0.00,0,0
122,44,3,1.87,1,2.49,278324,Y4,,,0,13.098,clean,0,0,0.00,0,0
122,45,3,1.76,1,2.52,1435697,Y4,,,0,12.906,clean,0,0,0.00,0,0
122,46,3,1.86,1,2.56,1360506,Y4,,,0,12.753,clean,0,0,0.00,0,0
122,47,3,1.96,1,2.36,1055717,Y4,,,0,12.528,clean,0,0,0.00,0,0
122,48,3,3.63,1,2.35,720531,Y4,0.00/noise-like,0.00/noise-like,0,12.174,hump-note,0,0,0.00,0,0
122,49,3,1.89,1,2.37,487357,Y2,,,0,11.760,clean,0,0,0.00,0,0
122,50,3,2.20,1,2.59,533402,Y2,,,0,11.436,clean,0,0,0.00,0,0
122,51,3,2.07,1,2.37,24229,Y4,,,0,11.093,clean,0,0,0.00,0,0
122,52,3,2.14,1,2.33,165492,Y2,,,0,10.888,clean,0,0,0.00,0,0
122,53,3,2.06,1,2.27,863403,Y2,,,0,10.638,clean,0,0,0.00,0,0
122,54,3,2.20,1,2.51,653297,Y2,,,0,10.293,clean,0,0,0.00,0,0
122,55,3,2.16,1,2.34,810206,Y2,,,0,9.823,clean,0,0,0.00,0,0
122,56,3,2.69,1,2.51,611544,Y2,0.24/noise-like,0.00/noise-like,0,9.192,hump-note,0,0,0.00,0,0
122,57,3,2.79,1,2.17,251412,Y4,0.00/noise-like,0.24/noise-like,0,8.508,hump-note,0,0,0.00,0,0
122,58,3,3.14,1,2.25,158519,Y2,0.00/noise-like,0.00/noise-like,0,7.928,hump-note,0,0,0.00,0,0
122,59,3,0,-1,0,0,-,,,0,7.255,QUARANTINE:dark-lane range=62 distinct=63,0,0,0.00,0,0
122,60,3,0,-1,0,0,-,,,0,6.419,QUARANTINE:dark-lane range=55 distinct=55,0,0,0.00,0,0
122,61,3,0,-1,0,0,-,,,1,5.582,QUARANTINE:dark-lane range=47 distinct=48,0,0,0.00,0,0
122,62,3,0,-1,0,0,-,,,0,4.693,QUARANTINE:dark-lane range=38 distinct=39,0,0,0.00,0,0
122,63,3,0,-1,0,0,-,,,0,3.931,QUARANTINE:dark-lane range=37 distinct=36,0,0,0.00,0,0
123,0,3,3.00,1,2.45,1348883,Y4,0.24/noise-like,0.00/noise-like,0,19.637,hump-note,0,0,0.00,0,0
123,1,3,1.46,1,2.49,1075208,Y4,,,0,19.550,clean,0,0,0.00,0,0
123,2,3,1.32,228,2.50,1370788,Y2,,,0,19.561,clean,0,0,0.00,0,0
123,3,3,1.32,1585,2.54,74744,Y2,,,0,19.635,clean,0,0,0.00,0,0
123,4,3,1.50,1,2.73,106841,Y4,,,0,19.764,clean,0,0,0.00,0,0
123,5,3,1.41,1303,2.29,1113027,Y4,,,0,19.544,clean,0,0,0.00,0,0
123,6,3,1.50,1476,2.32,1361400,Y2,,,0,19.277,clean,0,0,0.00,0,0
123,7,3,1.41,1159,2.44,188738,Y4,,,0,19.062,clean,0,0,0.00,0,0
123,8,3,1.35,1,2.55,1034796,Y4,,,0,18.810,clean,0,0,0.00,0,0
123,9,3,1.48,1,2.22,638008,Y2,,,0,18.423,clean,0,0,0.00,0,0
123,10,3,1.43,471,2.30,14037,Y4,,,0,18.052,clean,0,0,0.00,0,0
123,11,3,1.66,1,2.44,1283079,Y4,,,0,17.672,clean,0,0,0.00,0,0
123,12,3,1.45,1,2.59,218689,Y4,,,0,17.198,clean,0,0,0.00,0,0
123,13,3,1.48,1,2.34,597507,Y2,,,0,16.731,clean,0,0,0.00,0,0
123,14,3,1.50,1,2.32,1183838,Y2,,,0,16.454,clean,0,0,0.00,0,0
123,15,3,1.61,1,2.32,1141280,Y2,,,0,16.250,clean,0,0,0.00,0,0
123,16,3,1.54,1,2.46,1456082,Y2,,,0,16.273,clean,0,0,0.00,0,0
123,17,3,1.70,1,2.23,149488,Y2,,,0,16.490,clean,0,0,0.00,0,0
123,18,3,1.55,723,2.39,60439,Y4,,,0,17.713,clean,0,0,0.00,0,0
123,19,3,1.69,1,2.41,742525,Y2,,,0,16.399,clean,0,0,0.00,0,0
123,20,3,1.31,986,2.54,1228452,Y2,,,0,16.090,clean,0,0,0.00,0,0
123,21,3,1.44,1,2.35,187308,Y2,,,0,15.924,clean,0,0,0.00,0,0
123,22,3,1.53,1,2.53,1106411,Y2,,,0,15.958,clean,0,0,0.00,0,0
123,23,3,1.36,923,2.41,1455098,Y2,,,0,15.910,clean,0,0,0.00,0,0
123,24,3,1.57,1,2.35,712484,Y4,,,0,15.796,clean,0,0,0.00,0,0
123,25,3,1.59,1,2.40,190884,Y2,,,0,15.417,clean,0,0,0.00,0,0
123,26,3,1.71,1,2.35,1100421,Y2,,,0,14.980,clean,0,0,0.00,0,0
123,27,3,1.68,644,2.49,427544,Y2,,,0,14.945,clean,0,0,0.00,0,0
123,28,3,1.83,1,2.31,667423,Y2,,,0,14.579,clean,0,0,0.00,0,0
123,29,3,1.50,1,2.32,804573,Y4,,,0,14.377,clean,0,0,0.00,0,0
123,30,3,1.78,1,2.50,843465,Y2,,,0,14.131,clean,0,0,0.00,0,0
123,31,3,1.57,1,2.44,207245,Y2,,,0,13.873,clean,0,0,0.00,0,0
123,32,3,1.35,1298,2.36,987947,Y2,,,0,13.623,clean,0,0,0.00,0,0
123,33,3,1.93,1,2.68,898004,Y4,,,0,13.507,clean,0,0,0.00,0,0
123,34,3,1.74,1,2.33,648111,Y2,,,0,13.493,clean,0,0,0.00,0,0
123,35,3,1.52,1,3.10,1170337,Y4,0.00/noise-like,0.00/noise-like,0,13.568,FAM-HIT,0,0,0.00,0,0
123,36,3,1.85,1,2.41,744313,Y2,,,0,13.680,clean,0,0,0.00,0,0
123,37,3,1.60,1,2.45,977308,Y2,,,0,13.624,clean,0,0,0.00,0,0
123,38,3,1.80,1,2.58,345737,Y4,,,0,13.506,clean,0,0,0.00,0,0
123,39,3,1.78,1,2.51,460535,Y2,,,0,13.452,clean,0,0,0.00,0,0
123,40,3,1.89,1,2.48,22888,Y2,,,0,13.403,clean,0,0,0.00,0,0
123,41,3,1.76,1,2.34,864118,Y2,,,0,13.390,clean,0,0,0.00,0,0
123,42,3,1.68,1,2.34,157803,Y2,,,0,13.378,clean,0,0,0.00,0,0
123,43,3,2.09,1,2.32,1026660,Y4,,,0,13.293,clean,0,0,0.00,0,0
123,44,3,1.55,1,2.56,974715,Y4,,,0,13.112,clean,0,0,0.00,0,0
123,45,3,1.89,1,2.39,438362,Y4,,,0,12.920,clean,0,0,0.00,0,0
123,46,3,1.50,1,2.39,65982,Y2,,,0,12.771,clean,0,0,0.00,0,0
123,47,3,1.86,1,2.54,537515,Y2,,,0,12.528,clean,0,0,0.00,0,0
123,48,3,3.18,1,2.45,796884,Y4,0.00/noise-like,0.00/noise-like,0,12.156,hump-note,0,0,0.00,0,0
123,49,3,2.14,1,3.20,940293,Y4,0.00/noise-like,0.00/noise-like,0,11.768,FAM-HIT,0,0,0.00,0,0
123,50,3,2.01,1,2.36,95934,Y2,,,0,11.423,clean,0,0,0.00,0,0
123,51,3,2.33,1,2.47,267327,Y2,,,0,11.116,clean,0,0,0.00,0,0
123,52,3,1.96,1,2.45,466526,Y2,,,0,10.850,clean,0,0,0.00,0,0
123,53,3,2.31,1,2.39,1229614,Y4,,,1,10.648,clean,0,0,0.00,0,0
123,54,3,2.46,1,2.40,483423,Y4,,,0,10.293,clean,0,0,0.00,0,0
123,55,3,2.54,1,2.31,317305,Y4,0.00/noise-like,0.00/noise-like,0,9.832,hump-note,0,0,0.00,0,0
123,56,3,2.48,1,2.36,106841,Y2,,,0,9.210,clean,0,0,0.00,0,0
123,57,3,2.61,1,2.43,64552,Y2,0.00/noise-like,0.00/noise-like,0,8.513,hump-note,0,0,0.00,0,0
123,58,3,3.36,1,2.44,479043,Y4,0.00/noise-like,0.00/noise-like,0,7.925,hump-note,0,0,0.00,0,0
123,59,3,0,-1,0,0,-,,,0,7.260,QUARANTINE:dark-lane range=63 distinct=63,0,0,0.00,0,0
123,60,3,0,-1,0,0,-,,,0,6.430,QUARANTINE:dark-lane range=56 distinct=56,0,0,0.00,0,0
123,61,3,0,-1,0,0,-,,,0,5.574,QUARANTINE:dark-lane range=51 distinct=48,0,0,0.00,0,0
123,62,3,0,-1,0,0,-,,,0,4.681,QUARANTINE:dark-lane range=39 distinct=40,0,0,0.00,0,0
123,63,3,0,-1,0,0,-,,,0,3.935,QUARANTINE:dark-lane range=34 distinct=35,0,0,0.00,0,0
124,0,3,2.98,1,2.43,413328,Y4,0.24/noise-like,0.00/noise-like,0,19.633,hump-note,0,0,0.00,0,0
124,1,3,1.42,1,2.57,900060,Y2,,,0,19.581,clean,0,0,0.00,0,0
124,2,3,1.40,1,2.37,1033545,Y4,,,0,19.537,clean,0,0,0.00,0,0
124,3,3,1.63,1,2.40,534654,Y2,,,0,19.663,clean,0,0,0.00,0,0
124,4,3,1.29,145,2.71,255704,Y2,,,0,19.783,clean,0,0,0.00,0,0
124,5,3,1.48,1,2.29,710160,Y2,,,0,19.530,clean,0,0,0.00,0,0
124,6,3,1.55,1476,2.63,476360,Y4,,,0,19.280,clean,0,0,0.00,0,0
124,7,3,1.35,1015,2.69,581771,Y4,,,0,19.063,clean,0,0,0.00,0,0
124,8,3,1.43,1,2.39,201523,Y2,,,0,18.774,clean,0,0,0.00,0,0
124,9,3,1.70,1,2.25,399023,Y4,,,0,18.425,clean,0,0,0.00,0,0
124,10,3,1.68,1,2.36,455171,Y2,,,0,18.052,clean,0,0,0.00,0,0
124,11,3,1.42,1259,2.38,418156,Y2,,,0,17.688,clean,0,0,0.00,0,0
124,12,3,1.69,1,2.39,1194388,Y4,,,0,17.217,clean,0,0,0.00,0,0
124,13,3,1.39,947,2.50,970244,Y2,,,0,16.724,clean,0,0,0.00,0,0
124,14,3,1.45,1,2.34,1409411,Y2,,,0,16.427,clean,0,0,0.00,0,0
124,15,3,1.50,1,2.28,846684,Y2,,,0,16.239,clean,0,0,0.00,0,0
124,16,3,1.51,1,2.50,838548,Y4,,,0,16.306,clean,0,0,0.00,0,0
124,17,3,1.61,1,2.50,244975,Y4,,,0,16.451,clean,0,0,0.00,0,0
124,18,3,1.47,787,2.45,345558,Y4,,,0,17.743,clean,0,0,0.00,0,0
124,19,3,1.40,1,2.58,1277447,Y4,,,0,16.392,clean,0,0,0.00,0,0
124,20,3,1.30,1141,2.41,466168,Y2,,,0,16.082,clean,0,0,0.00,0,0
124,21,3,1.90,1,2.49,233620,Y2,,,0,15.943,clean,0,0,0.00,0,0
124,22,3,1.65,1,2.21,682890,Y4,,,0,15.906,clean,0,0,0.00,0,0
124,23,3,1.48,1,2.24,37909,Y2,,,0,15.905,clean,0,0,0.00,0,0
124,24,3,1.64,1,2.43,1086205,Y2,,,0,15.816,clean,0,0,0.00,0,0
124,25,3,1.55,1,2.56,564158,Y2,,,0,15.432,clean,0,0,0.00,0,0
124,26,3,1.66,1,2.54,176847,Y4,,,0,14.958,clean,0,0,0.00,0,0
124,27,3,1.55,634,2.27,969082,Y4,,,0,14.936,clean,0,0,0.00,0,0
124,28,3,1.56,1,2.60,30041,Y2,,,0,14.599,clean,0,0,0.00,0,0
124,29,3,1.50,1,2.31,133574,Y4,,,0,14.406,clean,0,0,0.00,0,0
124,30,3,1.86,1,2.62,251859,Y4,,,0,14.135,clean,0,0,0.00,0,0
124,31,3,1.78,1,2.39,273407,Y2,,,0,13.872,clean,0,0,0.00,0,0
124,32,3,1.35,426,2.33,552893,Y2,,,0,13.619,clean,0,0,0.00,0,0
124,33,3,1.64,1,2.35,1148880,Y2,,,0,13.526,clean,0,0,0.00,0,0
124,34,3,1.77,1,2.38,259370,Y4,,,0,13.498,clean,0,0,0.00,0,0
124,35,3,1.68,1,2.39,116229,Y4,,,0,13.584,clean,0,0,0.00,0,0
124,36,3,1.52,1,2.48,619233,Y4,,,0,13.697,clean,0,0,0.00,0,0
124,37,3,1.90,1,2.28,1413345,Y4,,,0,13.635,clean,0,0,0.00,0,0
124,38,3,1.77,1,2.57,748962,Y4,,,0,13.504,clean,0,0,0.00,0,0
124,39,3,1.69,1,2.42,405282,Y4,,,0,13.451,clean,0,0,0.00,0,0
124,40,3,1.60,1,2.59,1003236,Y4,,,0,13.395,clean,0,0,0.00,0,0
124,41,3,1.84,1,2.30,417620,Y2,,,0,13.400,clean,0,0,0.00,0,0
124,42,3,1.51,1,2.36,40412,Y4,,,0,13.398,clean,0,0,0.00,0,0
124,43,3,1.99,1,2.35,321418,Y2,,,0,13.316,clean,0,0,0.00,0,0
124,44,3,1.70,1,2.62,1242220,Y2,,,0,13.097,clean,0,0,0.00,0,0
124,45,3,2.11,1,2.42,217706,Y2,,,0,12.918,clean,0,0,0.00,0,0
124,46,3,1.97,1,2.37,18150,Y4,,,0,12.772,clean,0,0,0.00,0,0
124,47,3,1.81,1,2.38,655442,Y4,,,0,12.524,clean,0,0,0.00,0,0
124,48,3,3.27,1,2.44,1393586,Y4,0.00/noise-like,0.00/noise-like,0,12.148,hump-note,0,0,0.00,0,0
124,49,3,2.12,1,2.46,1131982,Y2,,,0,11.737,clean,0,0,0.00,0,0
124,50,3,2.21,1,2.48,855088,Y2,,,0,11.435,clean,0,0,0.00,0,0
124,51,3,2.20,1,2.42,491649,Y2,,,0,11.106,clean,0,0,0.00,0,0
124,52,3,2.30,1,2.44,1193225,Y4,,,0,10.872,clean,0,0,0.00,0,0
124,53,3,2.51,1,2.48,293344,Y4,0.24/noise-like,0.00/noise-like,0,10.644,hump-note,0,0,0.00,0,0
124,54,3,2.50,1,2.48,1218885,Y4,,,0,10.311,clean,0,0,0.00,0,0
124,55,3,2.40,1,2.36,265002,Y2,,,0,9.809,clean,0,0,0.00,0,0
124,56,3,2.84,1,2.55,53823,Y4,0.00/noise-like,0.24/noise-like,0,9.205,hump-note,0,0,0.00,0,0
124,57,3,3.11,1,2.24,1339138,Y2,0.00/noise-like,0.00/noise-like,0,8.493,hump-note,0,0,0.00,0,0
124,58,3,3.04,1,2.29,1212627,Y4,0.00/noise-like,0.24/noise-like,0,7.932,hump-note,0,0,0.00,0,0
124,59,3,0,-1,0,0,-,,,0,7.257,QUARANTINE:dark-lane range=65 distinct=62,0,0,0.00,0,0
124,60,3,0,-1,0,0,-,,,0,6.426,QUARANTINE:dark-lane range=55 distinct=56,0,0,0.00,0,0
124,61,3,0,-1,0,0,-,,,0,5.576,QUARANTINE:dark-lane range=50 distinct=49,0,0,0.00,0,0
124,62,3,0,-1,0,0,-,,,0,4.685,QUARANTINE:dark-lane range=41 distinct=42,0,0,0.00,0,0
124,63,3,0,-1,0,0,-,,,0,3.933,QUARANTINE:dark-lane range=33 distinct=34,0,0,0.00,0,0
125,0,3,2.82,1,2.46,26464,Y2,0.00/noise-like,0.42/WATCH,0,19.671,hump-note,0,0,0.00,0,0
125,1,3,1.61,1,2.23,148773,Y2,,,0,19.556,clean,0,0,0.00,0,0
125,2,3,1.33,78,2.38,775158,Y2,,,0,19.559,clean,0,0,0.00,0,0
125,3,3,1.56,1,2.60,155121,Y4,,,0,19.647,clean,0,0,0.00,0,0
125,4,3,1.40,871,2.25,555128,Y4,,,0,19.781,clean,0,0,0.00,0,0
125,5,3,1.38,1,2.35,1280844,Y2,,,0,19.524,clean,0,0,0.00,0,0
125,6,3,1.48,1476,2.33,580519,Y2,,,0,19.275,clean,0,0,0.00,0,0
125,7,3,1.47,1,2.41,1121968,Y2,,,0,19.091,clean,0,0,0.00,0,0
125,8,3,1.55,1,2.28,852585,Y2,,,0,18.822,clean,0,0,0.00,0,0
125,9,3,1.75,1,2.48,420749,Y4,,,0,18.417,clean,0,0,0.00,0,0
125,10,3,1.36,975,2.42,1109898,Y4,,,0,18.066,clean,0,0,0.00,0,0
125,11,3,1.57,1,2.36,898898,Y4,,,0,17.707,clean,0,0,0.00,0,0
125,12,3,1.48,1,2.64,1339585,Y2,,,0,17.178,clean,0,0,0.00,0,0
125,13,3,1.40,192,2.36,341356,Y4,,,0,16.706,clean,0,0,0.00,0,0
125,14,3,1.75,1,2.50,1093805,Y2,,,0,16.433,clean,0,0,0.00,0,0
125,15,3,1.61,1,2.46,675023,Y2,,,0,16.260,clean,0,0,0.00,0,0
125,16,3,1.34,695,2.62,362903,Y4,,,0,16.302,clean,0,0,0.00,0,0
125,17,3,1.53,1,2.51,968903,Y2,,,0,16.475,clean,0,0,0.00,0,0
125,18,3,1.49,669,2.48,968009,Y2,,,0,17.752,clean,0,0,0.00,0,0
125,19,3,1.36,1481,2.31,659019,Y4,,,0,16.393,clean,0,0,0.00,0,0
125,20,3,1.45,1,2.30,262767,Y2,,,0,16.101,clean,0,0,0.00,0,0
125,21,3,1.64,1,2.46,440687,Y2,,,0,15.936,clean,0,0,0.00,0,0
125,22,3,1.68,1,2.31,374347,Y2,,,0,15.928,clean,0,0,0.00,0,0
125,23,3,1.58,1,2.41,65267,Y2,,,0,15.943,clean,0,0,0.00,0,0
125,24,3,1.43,1,2.46,346452,Y4,,,0,15.806,clean,0,0,0.00,0,0
125,25,3,1.59,1,2.30,391603,Y2,,,0,15.419,clean,0,0,0.00,0,0
125,26,3,1.68,1,2.50,143677,Y4,,,0,15.026,clean,0,0,0.00,0,0
125,27,3,1.59,595,2.64,164598,Y2,,,0,14.960,clean,0,0,0.00,0,0
125,28,3,1.91,1,2.38,1342624,Y2,,,0,14.570,clean,0,0,0.00,0,0
125,29,3,1.62,1,2.35,164956,Y2,,,0,14.381,clean,0,0,0.00,0,0
125,30,3,1.51,1,2.49,117928,Y2,,,0,14.177,clean,0,0,0.00,0,0
125,31,3,1.64,1,2.76,1144409,Y2,,,0,13.887,clean,0,0,0.00,0,0
125,32,3,1.53,1,2.30,1111329,Y4,,,0,13.615,clean,0,0,0.00,0,0
125,33,3,1.75,1,2.47,186592,Y4,,,0,13.528,clean,0,0,0.00,0,0
125,34,3,1.54,1,2.39,539213,Y2,,,0,13.495,clean,0,0,0.00,0,0
125,35,3,1.65,1,2.33,162542,Y4,,,0,13.580,clean,0,0,0.00,0,0
125,36,3,1.97,1,2.49,89407,Y4,,,0,13.659,clean,0,0,0.00,0,0
125,37,3,1.71,1,2.30,1089066,Y2,,,0,13.642,clean,0,0,0.00,0,0
125,38,3,1.70,1,2.52,1324028,Y4,,,0,13.502,clean,0,0,0.00,0,0
125,39,3,1.50,1,2.70,190169,Y2,,,0,13.441,clean,0,0,0.00,0,0
125,40,3,1.99,1,2.40,1156300,Y2,,,0,13.407,clean,0,0,0.00,0,0
125,41,3,1.70,1,2.30,148684,Y2,,,0,13.403,clean,0,0,0.00,0,0
125,42,3,1.70,1,2.65,1036763,Y4,,,0,13.405,clean,0,0,0.00,0,0
125,43,3,1.70,1,2.28,674933,Y2,,,0,13.315,clean,0,0,0.00,0,0
125,44,3,1.63,1,2.34,1091659,Y2,,,0,13.089,clean,0,0,0.00,0,0
125,45,3,1.98,1,2.38,940382,Y2,,,0,12.944,clean,0,0,0.00,0,0
125,46,3,1.93,1,2.31,984907,Y2,,,0,12.751,clean,0,0,0.00,0,0
125,47,3,1.84,1,2.58,367463,Y2,,,0,12.526,clean,0,0,0.00,0,0
125,48,3,3.41,1,2.26,969976,Y2,0.00/noise-like,0.00/noise-like,0,12.147,hump-note,0,0,0.00,0,0
125,49,3,2.08,1,2.42,864387,Y4,,,0,11.750,clean,0,0,0.00,0,0
125,50,3,1.76,1,2.42,477791,Y4,,,0,11.428,clean,0,0,0.00,0,0
125,51,3,2.02,1,2.42,308901,Y4,,,0,11.102,clean,0,0,0.00,0,0
125,52,3,1.79,1,2.44,659108,Y4,,,0,10.875,clean,0,0,0.00,0,0
125,53,3,2.39,1,2.24,142157,Y4,,,0,10.667,clean,0,0,0.00,0,0
125,54,3,2.12,1,2.40,760317,Y4,,,0,10.310,clean,0,0,0.00,0,0
125,55,3,2.08,1,2.55,381321,Y2,,,0,9.816,clean,0,0,0.00,0,0
125,56,3,2.66,1,2.26,398308,Y4,0.00/noise-like,0.00/noise-like,0,9.217,hump-note,0,0,0.00,0,0
125,57,3,2.80,1,2.28,114799,Y2,0.00/noise-like,0.00/noise-like,0,8.505,hump-note,0,0,0.00,0,0
125,58,3,3.05,1,2.43,802606,Y4,0.00/noise-like,0.24/noise-like,0,7.933,hump-note,0,0,0.00,0,0
125,59,3,3.65,1,2.54,1231313,Y4,0.00/noise-like,0.00/noise-like,0,7.251,hump-note,0,0,0.00,0,0
125,60,3,0,-1,0,0,-,,,0,6.429,QUARANTINE:dark-lane range=56 distinct=57,0,0,0.00,0,0
125,61,3,0,-1,0,0,-,,,0,5.581,QUARANTINE:dark-lane range=48 distinct=48,0,0,0.00,0,0
125,62,3,0,-1,0,0,-,,,0,4.685,QUARANTINE:dark-lane range=41 distinct=41,0,0,0.00,0,0
125,63,3,0,-1,0,0,-,,,0,3.931,QUARANTINE:dark-lane range=34 distinct=34,0,0,0.00,0,0
126,0,3,2.85,1,2.29,598043,Y2,0.00/noise-like,0.00/noise-like,0,19.644,hump-note,0,0,0.00,0,0
126,1,3,1.49,1,2.64,78052,Y4,,,0,19.578,clean,0,0,0.00,0,0
126,2,3,1.49,1,2.41,1025409,Y2,,,0,19.585,clean,0,0,0.00,0,0
126,3,3,1.43,347,2.28,291288,Y4,,,0,19.665,clean,0,0,0.00,0,0
126,4,3,1.46,1,2.40,631213,Y2,,,0,19.769,clean,0,0,0.00,0,0
126,5,3,1.52,1,2.33,334471,Y2,,,0,19.549,clean,0,0,0.00,0,0
126,6,3,1.46,1,2.47,78768,Y2,,,0,19.318,clean,0,0,0.00,0,0
126,7,3,1.39,155,2.30,924021,Y2,,,0,19.088,clean,0,0,0.00,0,0
126,8,3,1.31,219,2.44,530273,Y4,,,0,18.785,clean,0,0,0.00,0,0
126,9,3,1.38,1,2.46,368088,Y2,,,0,18.446,clean,0,0,0.00,0,0
126,10,3,1.53,1,2.70,107378,Y2,,,0,18.044,clean,0,0,0.00,0,0
126,11,3,1.46,1,2.48,29147,Y2,,,0,17.650,clean,0,0,0.00,0,0
126,12,3,1.49,1,2.36,253737,Y2,,,0,17.189,clean,0,0,0.00,0,0
126,13,3,1.56,1,2.66,720799,Y4,,,1,16.708,clean,0,0,0.00,0,0
126,14,3,1.35,990,2.60,216454,Y2,,,0,16.424,clean,0,0,0.00,0,0
126,15,3,1.47,1,2.54,625402,Y4,,,0,16.244,clean,0,0,0.00,0,0
126,16,3,1.33,510,2.39,42468,Y2,,,0,16.304,clean,0,0,0.00,0,0
126,17,3,1.34,937,2.31,1394749,Y4,,,0,16.463,clean,0,0,0.00,0,0
126,18,3,1.57,758,2.37,1154870,Y4,,,0,17.693,clean,0,0,0.00,0,0
126,19,3,1.34,1,2.51,1056075,Y2,,,0,16.405,clean,0,0,0.00,0,0
126,20,3,1.40,1,2.43,1341462,Y2,,,0,16.093,clean,0,0,0.00,0,0
126,21,3,1.78,1,2.40,1464844,Y2,,,0,15.943,clean,0,0,0.00,0,0
126,22,3,1.43,1,2.36,37998,Y2,,,0,15.932,clean,0,0,0.00,0,0
126,23,3,1.94,1,2.39,222623,Y4,,,0,15.923,clean,0,0,0.00,0,0
126,24,3,1.65,1,2.51,1192689,Y2,,,0,15.819,clean,0,0,0.00,0,0
126,25,3,1.89,1,2.46,929922,Y2,,,0,15.427,clean,0,0,0.00,0,0
126,26,3,1.62,1,2.42,1330376,Y4,,,0,15.021,clean,0,0,0.00,0,0
126,27,3,1.62,657,2.61,160754,Y2,,,0,14.953,clean,0,0,0.00,0,0
126,28,3,1.92,1,2.45,1306325,Y2,,,0,14.586,clean,0,0,0.00,0,0
126,29,3,1.52,1,2.47,126511,Y2,,,0,14.392,clean,0,0,0.00,0,0
126,30,3,1.86,1,2.32,199735,Y2,,,0,14.191,clean,0,0,0.00,0,0
126,31,3,1.87,1,2.25,1115263,Y2,,,0,13.907,clean,0,0,0.00,0,0
126,32,3,1.34,212,2.56,1034975,Y2,,,0,13.638,clean,0,0,0.00,0,0
126,33,3,1.75,1,2.47,1434803,Y2,,,0,13.540,clean,0,0,0.00,0,0
126,34,3,1.79,1,2.43,749588,Y2,,,0,13.518,clean,0,0,0.00,0,0
126,35,3,1.63,1,2.30,1133323,Y2,,,0,13.574,clean,0,0,0.00,0,0
126,36,3,1.75,1,2.35,1190722,Y4,,,0,13.649,clean,0,0,0.00,0,0
126,37,3,1.65,1,2.42,128120,Y4,,,0,13.646,clean,0,0,0.00,0,0
126,38,3,1.87,1,2.44,696301,Y2,,,0,13.505,clean,0,0,0.00,0,0
126,39,3,1.72,1,2.45,535011,Y2,,,0,13.423,clean,0,0,0.00,0,0
126,40,3,1.85,1,2.33,1126975,Y4,,,0,13.410,clean,0,0,0.00,0,0
126,41,3,1.96,1,2.35,362724,Y2,,,0,13.410,clean,0,0,0.00,0,0
126,42,3,2.12,1,2.38,794560,Y2,,,0,13.381,clean,0,0,0.00,0,0
126,43,3,1.73,1,2.28,769794,Y4,,,0,13.285,clean,0,0,0.00,0,0
126,44,3,1.93,1,2.37,637919,Y2,,,0,13.097,clean,0,0,0.00,0,0
126,45,3,1.87,1,2.50,846773,Y4,,,0,12.927,clean,0,0,0.00,0,0
126,46,3,1.94,1,2.32,1333952,Y4,,,0,12.767,clean,0,0,0.00,0,0
126,47,3,1.93,1,2.33,12964,Y4,,,0,12.515,clean,0,0,0.00,0,0
126,48,3,3.57,1,2.44,534117,Y2,0.00/noise-like,0.00/noise-like,0,12.160,hump-note,0,0,0.00,0,0
126,49,3,2.08,1,2.50,555217,Y2,,,0,11.742,clean,0,0,0.00,0,0
126,50,3,2.02,1,2.28,40412,Y2,,,0,11.425,clean,0,0,0.00,0,0
126,51,3,1.85,1,2.34,478953,Y2,,,0,11.093,clean,0,0,0.00,0,0
126,52,3,2.18,1,2.82,4023,Y2,,,0,10.878,clean,0,0,0.00,0,0
126,53,3,2.30,1,2.46,292987,Y2,,,0,10.655,clean,0,0,0.00,0,0
126,54,3,2.23,1,2.41,295669,Y2,,,0,10.298,clean,0,0,0.00,0,0
126,55,3,1.93,1,2.40,1250535,Y4,,,0,9.813,clean,0,0,0.00,0,0
126,56,3,2.40,1,2.42,160396,Y2,,,0,9.192,clean,0,0,0.00,0,0
126,57,3,2.66,1,2.35,154942,Y4,0.00/noise-like,0.00/noise-like,0,8.515,hump-note,0,0,0.00,0,0
126,58,3,2.94,1,2.27,1329213,Y4,0.24/noise-like,0.00/noise-like,0,7.913,hump-note,0,0,0.00,0,0
126,59,3,0,-1,0,0,-,,,0,7.269,QUARANTINE:dark-lane range=62 distinct=62,0,0,0.00,0,0
126,60,3,0,-1,0,0,-,,,0,6.414,QUARANTINE:dark-lane range=55 distinct=56,0,0,0.00,0,0
126,61,3,0,-1,0,0,-,,,0,5.576,QUARANTINE:dark-lane range=55 distinct=51,0,0,0.00,0,0
126,62,3,0,-1,0,0,-,,,0,4.695,QUARANTINE:dark-lane range=40 distinct=40,0,0,0.00,0,0
126,63,3,0,-1,0,0,-,,,0,3.934,QUARANTINE:dark-lane range=33 distinct=34,0,0,0.00,0,0
127,0,3,2.47,1,2.37,943780,Y2,,,0,19.643,clean,0,0,0.00,0,0
127,1,3,1.45,1,2.32,479400,Y4,,,0,19.572,clean,0,0,0.00,0,0
127,2,3,1.42,1,2.31,289947,Y2,,,0,19.539,clean,0,0,0.00,0,0
127,3,3,1.38,318,2.69,1061440,Y2,,,0,19.675,clean,0,0,0.00,0,0
127,4,3,1.43,807,2.69,54002,Y2,,,0,19.809,clean,0,0,0.00,0,0
127,5,3,1.34,671,2.38,1350224,Y4,,,0,19.564,clean,0,0,0.00,0,0
127,6,3,1.59,1476,2.60,817537,Y2,,,0,19.311,clean,0,0,0.00,0,0
127,7,3,1.37,982,2.49,865459,Y4,,,0,19.049,clean,0,0,0.00,0,0
127,8,3,1.45,1,2.40,1101136,Y4,,,0,18.836,clean,0,0,0.00,0,0
127,9,3,1.52,1,2.40,369877,Y2,,,0,18.437,clean,0,0,0.00,0,0
127,10,3,1.54,1,2.37,1229972,Y4,,,0,18.065,clean,0,0,0.00,0,0
127,11,3,1.37,238,2.40,1410574,Y4,,,0,17.666,clean,0,0,0.00,0,0
127,12,3,1.45,1036,2.52,1256883,Y2,,,0,17.192,clean,0,0,0.00,0,0
127,13,3,1.51,1,2.66,156283,Y2,,,0,16.745,clean,0,0,0.00,0,0
127,14,3,1.59,1,2.38,513375,Y4,,,0,16.410,clean,0,0,0.00,0,0
127,15,3,1.43,1,2.53,967830,Y4,,,0,16.248,clean,0,0,0.00,0,0
127,16,3,1.51,1,2.35,1440972,Y2,,,0,16.286,clean,0,0,0.00,0,0
127,17,3,1.49,1,2.77,1284778,Y4,,,0,16.469,clean,0,0,0.00,0,0
127,18,3,1.56,768,2.46,25839,Y4,,,0,17.738,clean,0,0,0.00,0,0
127,19,3,1.73,1,2.39,1144230,Y2,,,0,16.395,clean,0,0,0.00,0,0
127,20,3,1.35,1080,2.83,851333,Y2,,,0,16.104,clean,0,0,0.00,0,0
127,21,3,1.54,1,2.24,724018,Y4,,,0,15.917,clean,0,0,0.00,0,0
127,22,3,1.64,1,2.44,1176953,Y4,,,0,15.919,clean,0,0,0.00,0,0
127,23,3,1.71,1,2.31,251859,Y2,,,1,15.891,clean,0,0,0.00,0,0
127,24,3,1.42,501,2.42,655890,Y2,,,0,15.807,clean,0,0,0.00,0,0
127,25,3,1.42,1,2.41,995994,Y2,,,0,15.404,clean,0,0,0.00,0,0
127,26,3,1.54,1,2.21,1235247,Y4,,,0,14.995,clean,0,0,0.00,0,0
127,27,3,1.80,1,2.70,20564,Y4,,,0,14.970,clean,0,0,0.00,0,0
127,28,3,1.64,1,2.78,180781,Y2,,,0,14.568,clean,0,0,0.00,0,0
127,29,3,1.73,1,2.27,1189113,Y4,,,0,14.360,clean,0,0,0.00,0,0
127,30,3,1.79,1,2.37,1170427,Y4,,,0,14.125,clean,0,0,0.00,0,0
127,31,3,2.00,1,2.42,1154959,Y2,,,0,13.907,clean,0,0,0.00,0,0
127,32,3,1.34,1066,2.21,468493,Y4,,,0,13.639,clean,0,0,0.00,0,0
127,33,3,1.78,1,2.47,1464844,Y2,,,0,13.514,clean,0,0,0.00,0,0
127,34,3,1.63,1,2.47,1264483,Y4,,,0,13.487,clean,0,0,0.00,0,0
127,35,3,1.70,1,2.30,60618,Y2,,,0,13.553,clean,0,0,0.00,0,0
127,36,3,1.76,1,2.37,162810,Y2,,,0,13.670,clean,0,0,0.00,0,0
127,37,3,1.61,1,2.91,687361,Y2,,,0,13.647,clean,0,0,0.00,0,0
127,38,3,1.71,1,2.62,1237214,Y4,,,0,13.507,clean,0,0,0.00,0,0
127,39,3,1.78,1,2.56,977576,Y4,,,0,13.439,clean,0,0,0.00,0,0
127,40,3,1.75,1,2.43,304610,Y4,,,0,13.406,clean,0,0,0.00,0,0
127,41,3,1.82,1,2.45,163972,Y4,,,0,13.372,clean,0,0,0.00,0,0
127,42,3,1.67,1,2.41,1058757,Y2,,,0,13.383,clean,0,0,0.00,0,0
127,43,3,1.77,1,2.70,988930,Y4,,,0,13.299,clean,0,0,0.00,0,0
127,44,3,1.78,1,2.43,20385,Y2,,,0,13.094,clean,0,0,0.00,0,0
127,45,3,1.75,1,2.59,547886,Y4,,,0,12.921,clean,0,0,0.00,0,0
127,46,3,2.00,1,2.66,1427114,Y2,,,0,12.751,clean,0,0,0.00,0,0
127,47,3,1.95,1,2.48,677615,Y2,,,0,12.506,clean,0,0,0.00,0,0
127,48,3,3.00,1,2.71,590801,Y2,0.24/noise-like,0.00/noise-like,0,12.154,hump-note,0,0,0.00,0,0
127,49,3,2.05,1,2.42,905246,Y2,,,0,11.766,clean,0,0,0.00,0,0
127,50,3,2.14,1,2.36,884503,Y2,,,0,11.434,clean,0,0,0.00,0,0
127,51,3,2.16,1,2.47,1345843,Y4,,,0,11.116,clean,0,0,0.00,0,0
127,52,3,1.95,1,2.40,118911,Y4,,,0,10.862,clean,0,0,0.00,0,0
127,53,3,2.35,1,2.64,1081556,Y2,,,0,10.657,clean,0,0,0.00,0,0
127,54,3,2.32,1,2.34,200629,Y2,,,0,10.298,clean,0,0,0.00,0,0
127,55,3,2.38,1,2.51,769168,Y4,,,0,9.807,clean,0,0,0.00,0,0
127,56,3,2.61,1,2.33,589460,Y2,0.00/noise-like,0.00/noise-like,0,9.185,hump-note,0,0,0.00,0,0
127,57,3,2.73,1,2.33,674933,Y4,0.24/noise-like,0.24/noise-like,0,8.504,hump-note,0,0,0.00,0,0
127,58,3,3.17,1,2.31,541717,Y2,0.00/noise-like,0.24/noise-like,0,7.927,hump-note,0,0,0.00,0,0
127,59,3,0,-1,0,0,-,,,0,7.264,QUARANTINE:dark-lane range=64 distinct=62,0,0,0.00,0,0
127,60,3,0,-1,0,0,-,,,0,6.416,QUARANTINE:dark-lane range=56 distinct=56,0,0,0.00,0,0
127,61,3,0,-1,0,0,-,,,0,5.571,QUARANTINE:dark-lane range=45 distinct=46,0,0,0.00,0,0
127,62,3,0,-1,0,0,-,,,0,4.678,QUARANTINE:dark-lane range=43 distinct=41,0,0,0.00,0,0
127,63,3,0,-1,0,0,-,,,0,3.926,QUARANTINE:dark-lane range=32 distinct=33,0,0,0.00,0,0
