block,chan,pol,spec_ratio,spec_bin,fam_best,fam_hz,fam_tag,vm_sign,vm_diff,spikes,rms,verdict,comb,comb_f0,comb_score,frame,nongauss
0,0,0,1.42,1254,2.64,973284,Y2,,,0,20.687,clean,0,0,0.00,0,0
0,1,0,1.42,1,2.28,1077354,Y2,,,0,19.563,clean,0,0,0.00,0,0
0,2,0,1.34,1643,2.35,1349688,Y2,,,0,18.619,clean,0,0,0.00,0,0
0,3,0,1.50,1,2.46,1121163,Y2,,,0,17.949,clean,0,0,0.00,0,0
0,4,0,1.32,870,2.46,818431,Y4,,,0,17.856,clean,0,0,0.00,0,0
0,5,0,1.52,1,2.35,761300,Y4,,,0,18.046,clean,0,0,0.00,0,0
0,6,0,1.47,1,2.25,128478,Y2,,,0,18.000,clean,0,0,0.00,0,0
0,7,0,1.59,1,2.33,347167,Y2,,,0,17.428,clean,0,0,0.00,0,0
0,8,0,1.50,1,2.39,250340,Y2,,,0,16.739,clean,0,0,0.00,0,0
0,9,0,1.39,444,2.68,220656,Y4,,,0,16.211,clean,0,0,0.00,0,0
0,10,0,1.56,1,2.36,586510,Y2,,,0,16.251,clean,0,0,0.00,0,0
0,11,0,1.81,1,2.22,765145,Y4,,,0,16.631,clean,0,0,0.00,0,0
0,12,0,1.45,357,2.38,285208,Y4,,,0,16.865,clean,0,0,0.00,0,0
0,13,0,1.63,1,2.26,300407,Y2,,,0,16.681,clean,0,0,0.00,0,0
0,14,0,1.44,1,2.41,1365870,Y4,,,0,16.223,clean,0,0,0.00,0,0
0,15,0,1.69,1,2.52,1157552,Y2,,,0,15.879,clean,0,0,0.00,0,0
0,16,0,1.44,1,2.54,178277,Y2,,,0,16.179,clean,0,0,0.00,0,0
0,17,0,1.57,1,2.28,87976,Y2,,,0,16.877,clean,0,0,0.00,0,0
0,18,0,1.78,653,2.43,162184,Y2,,,0,19.203,clean,0,0,0.00,0,0
0,19,0,1.57,1,2.41,943691,Y4,,,0,17.226,clean,0,0,0.00,0,0
0,20,0,1.60,1,2.45,770241,Y2,,,0,16.358,clean,0,0,0.00,0,0
0,21,0,1.40,1,2.34,1144946,Y4,,,0,15.642,clean,0,0,0.00,0,0
0,22,0,1.58,1,2.54,341445,Y2,,,0,15.403,clean,0,0,0.00,0,0
0,23,0,1.37,1,2.51,429600,Y2,,,0,15.759,clean,0,0,0.00,0,0
0,24,0,1.79,1,2.47,1277357,Y2,,,0,16.109,clean,0,0,0.00,0,0
0,25,0,2.26,204,2.53,32991,Y4,,,0,16.016,clean,0,0,0.00,0,0
0,26,0,1.46,1,2.31,634879,Y4,,,0,15.409,clean,0,0,0.00,0,0
0,27,0,1.89,1,2.41,77516,Y2,,,0,14.981,clean,0,0,0.00,0,0
0,28,0,1.73,1,2.42,536352,Y2,,,0,14.444,clean,0,0,0.00,0,0
0,29,0,1.68,1,2.37,1386344,Y4,,,0,14.644,clean,0,0,0.00,0,0
0,30,0,1.70,1,2.73,651777,Y4,,,0,15.031,clean,0,0,0.00,0,0
0,31,0,1.73,1,2.39,1035154,Y4,,,0,14.983,clean,0,0,0.00,0,0
0,32,0,1.37,1000,2.59,1351297,Y4,,,0,14.400,clean,0,0,0.00,0,0
0,33,0,1.53,1,2.34,321686,Y2,,,0,13.817,clean,0,0,0.00,0,0
0,34,0,1.69,1,2.37,1228094,Y4,,,0,13.627,clean,0,0,0.00,0,0
0,35,0,1.68,1,2.27,414848,Y2,,,0,14.015,clean,0,0,0.00,0,0
0,36,0,1.73,1,2.58,742525,Y4,,,0,14.546,clean,0,0,0.00,0,0
0,37,0,1.68,1,2.60,1072973,Y2,,,0,14.687,clean,0,0,0.00,0,0
0,38,0,1.54,1,2.27,496924,Y2,,,0,14.152,clean,0,0,0.00,0,0
0,39,0,1.96,1,2.42,16183,Y2,,,0,13.492,clean,0,0,0.00,0,0
0,40,0,1.65,1,2.62,1279593,Y4,,,0,13.196,clean,0,0,0.00,0,0
0,41,0,1.70,1,2.36,1464844,Y4,,,0,13.410,clean,0,0,0.00,0,0
0,42,0,1.87,1,2.33,282705,Y2,,,0,13.889,clean,0,0,0.00,0,0
0,43,0,1.64,1,2.32,1372486,Y2,,,0,14.109,clean,0,0,0.00,0,0
0,44,0,1.95,1,2.42,1102120,Y2,,,0,13.608,clean,0,0,0.00,0,0
0,45,0,1.82,1,2.43,614583,Y4,,,0,12.803,clean,0,0,0.00,0,0
0,46,0,1.93,1,2.52,842214,Y2,,,0,12.260,clean,0,0,0.00,0,0
0,47,0,1.97,1,2.48,314087,Y2,,,0,12.138,clean,0,0,0.00,0,0
0,48,0,1.82,1,2.75,762105,Y4,,,0,12.335,clean,0,0,0.00,0,0
0,49,0,1.90,1,2.48,66966,Y4,,,0,12.418,clean,0,0,0.00,0,0
0,50,0,2.02,1,2.30,529915,Y2,,,0,11.932,clean,0,0,0.00,0,0
0,51,0,2.14,1,2.36,732869,Y4,,,0,11.084,clean,0,0,0.00,0,0
0,52,0,2.41,1,2.36,80734,Y2,,,0,10.296,clean,0,0,0.00,0,0
0,53,0,2.42,1,2.40,1105428,Y2,,,0,9.746,clean,0,0,0.00,0,0
0,54,0,2.39,1,2.51,876009,Y2,,,0,9.361,clean,0,0,0.00,0,0
0,55,0,2.46,1,2.34,809133,Y4,,,0,8.875,clean,0,0,0.00,0,0
0,56,0,3.34,1,2.21,1205832,Y4,0.00/noise-like,0.00/noise-like,0,7.948,hump-note,0,0,0.00,0,0
0,57,0,0,-1,0,0,-,,,0,6.780,QUARANTINE:dark-lane range=60 distinct=59,0,0,0.00,0,0
0,58,0,0,-1,0,0,-,,,0,5.753,QUARANTINE:dark-lane range=49 distinct=50,0,0,0.00,0,0
0,59,0,0,-1,0,0,-,,,0,4.884,QUARANTINE:dark-lane range=43 distinct=43,0,0,0.00,0,0
0,60,0,0,-1,0,0,-,,,0,4.157,QUARANTINE:dark-lane range=37 distinct=37,0,0,0.00,0,0
0,61,0,0,-1,0,0,-,,,0,3.556,QUARANTINE:dark-lane range=33 distinct=33,0,0,0.00,0,0
0,62,0,0,-1,0,0,-,,,0,2.963,QUARANTINE:dark-lane range=24 distinct=25,0,0,0.00,0,0
0,63,0,0,-1,0,0,-,,,0,2.403,QUARANTINE:dark-lane range=19 distinct=20,0,0,0.00,0,0
1,0,0,1.39,627,2.53,83148,Y2,,,0,20.710,clean,0,0,0.00,0,0
1,1,0,1.43,1113,2.71,518739,Y2,,,0,19.551,clean,0,0,0.00,0,0
1,2,0,1.47,1643,2.31,1262337,Y4,,,0,18.553,clean,0,0,0.00,0,0
1,3,0,1.37,811,2.49,220746,Y4,,,0,17.928,clean,0,0,0.00,0,0
1,4,0,1.74,1,2.68,1304448,Y4,,,0,17.864,clean,0,0,0.00,0,0
1,5,0,1.54,1,2.47,370860,Y4,,,0,18.034,clean,0,0,0.00,0,0
1,6,0,1.33,1433,2.59,780344,Y4,,,0,17.945,clean,0,0,0.00,0,0
1,7,0,1.71,1,2.62,593930,Y4,,,0,17.417,clean,0,0,0.00,0,0
1,8,0,1.33,272,2.39,1084685,Y4,,,0,16.744,clean,0,0,0.00,0,0
1,9,0,1.53,1,2.46,1409858,Y2,,,0,16.232,clean,0,0,0.00,0,0
1,10,0,1.67,1,2.33,99957,Y2,,,0,16.233,clean,0,0,0.00,0,0
1,11,0,1.40,1251,2.53,745565,Y2,,,0,16.646,clean,0,0,0.00,0,0
1,12,0,1.58,1,2.28,1395196,Y4,,,0,16.877,clean,0,0,0.00,0,0
1,13,0,1.39,1,2.76,312030,Y2,,,0,16.692,clean,0,0,0.00,0,0
1,14,0,1.65,1,2.50,80824,Y4,,,0,16.217,clean,0,0,0.00,0,0
1,15,0,1.83,1,2.46,198483,Y4,,,0,15.917,clean,0,0,0.00,0,0
1,16,0,1.43,1423,2.48,1026660,Y4,,,0,16.177,clean,0,0,0.00,0,0
1,17,0,1.49,1,2.35,1162469,Y2,,,0,16.852,clean,0,0,0.00,0,0
1,18,0,1.74,730,2.48,982851,Y4,,,0,19.137,clean,0,0,0.00,0,0
1,19,0,1.42,158,2.44,80377,Y2,,,0,17.227,clean,0,0,0.00,0,0
1,20,0,1.63,1,2.44,706851,Y2,,,0,16.332,clean,0,0,0.00,0,0
1,21,0,1.63,1,2.47,755489,Y2,,,0,15.650,clean,0,0,0.00,0,0
1,22,0,1.79,1,2.40,336528,Y4,,,0,15.406,clean,0,0,0.00,0,0
1,23,0,1.67,1,2.43,317752,Y2,,,0,15.747,clean,0,0,0.00,0,0
1,24,0,1.66,1,2.30,573277,Y4,,,0,16.136,clean,0,0,0.00,0,0
1,25,0,2.30,204,2.37,628263,Y2,,,0,15.998,clean,0,0,0.00,0,0
1,26,0,1.39,1,2.76,889510,Y2,,,0,15.398,clean,0,0,0.00,0,0
1,27,0,1.65,615,2.40,542969,Y4,,,0,14.973,clean,0,0,0.00,0,0
1,28,0,1.67,1,2.73,105590,Y4,,,0,14.445,clean,0,0,0.00,0,0
1,29,0,1.60,1,2.50,392944,Y2,,,0,14.670,clean,0,0,0.00,0,0
1,30,0,1.79,1,2.40,719905,Y2,,,0,15.034,clean,0,0,0.00,0,0
1,31,0,1.88,1,2.44,848562,Y4,,,0,14.959,clean,0,0,0.00,0,0
1,32,0,1.36,367,2.44,413775,Y4,,,0,14.411,clean,0,0,0.00,0,0
1,33,0,1.89,1,2.40,714988,Y4,,,0,13.797,clean,0,0,0.00,0,0
1,34,0,1.87,1,2.30,171840,Y2,,,0,13.636,clean,0,0,0.00,0,0
1,35,0,1.84,1,2.53,834167,Y2,,,0,13.998,clean,0,0,0.00,0,0
1,36,0,1.73,1,2.29,91642,Y2,,,0,14.539,clean,0,0,0.00,0,0
1,37,0,1.55,1,2.33,1248658,Y2,,,0,14.619,clean,0,0,0.00,0,0
1,38,0,1.86,1,2.31,196874,Y2,,,0,14.159,clean,0,0,0.00,0,0
1,39,0,1.80,1,2.69,52214,Y4,,,0,13.501,clean,0,0,0.00,0,0
1,40,0,1.77,1,2.37,758708,Y2,,,0,13.193,clean,0,0,0.00,0,0
1,41,0,1.62,1,2.36,1349419,Y4,,,0,13.408,clean,0,0,0.00,0,0
1,42,0,1.97,1,2.41,977397,Y2,,,0,13.856,clean,0,0,0.00,0,0
1,43,0,1.84,1,2.31,1260191,Y4,,,0,14.089,clean,0,0,0.00,0,0
1,44,0,1.75,1,2.40,1248837,Y4,,,0,13.622,clean,0,0,0.00,0,0
1,45,0,1.70,1,2.51,326782,Y2,,,0,12.776,clean,0,0,0.00,0,0
1,46,0,1.93,1,2.27,250518,Y2,,,0,12.267,clean,0,0,0.00,0,0
1,47,0,1.89,1,2.30,1371771,Y2,,,0,12.139,clean,0,0,0.00,0,0
1,48,0,1.78,1,2.46,1397341,Y4,,,0,12.351,clean,0,0,0.00,0,0
1,49,0,1.86,1,2.45,419855,Y2,,,0,12.392,clean,0,0,0.00,0,0
1,50,0,1.97,1,2.63,1322865,Y2,,,0,11.942,clean,0,0,0.00,0,0
1,51,0,2.09,1,2.47,214845,Y4,,,0,11.089,clean,0,0,0.00,0,0
1,52,0,2.21,1,2.29,833452,Y4,,,0,10.288,clean,0,0,0.00,0,0
1,53,0,2.34,1,2.47,944674,Y4,,,0,9.718,clean,0,0,0.00,0,0
1,54,0,2.52,1,2.30,73940,Y4,0.00/noise-like,0.00/noise-like,0,9.360,hump-note,0,0,0.00,0,0
1,55,0,2.99,1,2.25,380158,Y2,0.00/noise-like,0.00/noise-like,0,8.898,hump-note,0,0,0.00,0,0
1,56,0,3.05,1,2.35,615031,Y2,0.00/noise-like,0.24/noise-like,0,7.939,hump-note,0,0,0.00,0,0
1,57,0,0,-1,0,0,-,,,0,6.777,QUARANTINE:dark-lane range=57 distinct=58,0,0,0.00,0,0
1,58,0,0,-1,0,0,-,,,0,5.741,QUARANTINE:dark-lane range=47 distinct=48,0,0,0.00,0,0
1,59,0,0,-1,0,0,-,,,0,4.875,QUARANTINE:dark-lane range=46 distinct=44,0,0,0.00,0,0
1,60,0,0,-1,0,0,-,,,0,4.155,QUARANTINE:dark-lane range=35 distinct=36,0,0,0.00,0,0
1,61,0,0,-1,0,0,-,,,0,3.555,QUARANTINE:dark-lane range=30 distinct=31,0,0,0.00,0,0
1,62,0,0,-1,0,0,-,,,0,2.953,QUARANTINE:dark-lane range=26 distinct=27,0,0,0.00,0,0
1,63,0,0,-1,0,0,-,,,0,2.400,QUARANTINE:dark-lane range=23 distinct=23,0,0,0.00,0,0
2,0,0,1.39,750,2.33,108361,Y2,,,0,20.694,clean,0,0,0.00,0,0
2,1,0,1.42,285,2.37,292987,Y2,,,0,19.603,clean,0,0,0.00,0,0
2,2,0,1.41,981,2.36,1438737,Y4,,,0,18.581,clean,0,0,0.00,0,0
2,3,0,1.41,805,2.41,944227,Y4,,,0,17.956,clean,0,0,0.00,0,0
2,4,0,1.57,1,2.37,724375,Y2,,,0,17.793,clean,0,0,0.00,0,0
2,5,0,1.51,1,2.32,686467,Y4,,,0,18.049,clean,0,0,0.00,0,0
2,6,0,1.60,1478,2.42,161290,Y2,,,0,17.964,clean,0,0,0.00,0,0
2,7,0,1.41,1,2.40,3755,Y2,,,0,17.437,clean,0,0,0.00,0,0
2,8,0,1.42,1,2.49,846595,Y2,,,0,16.730,clean,0,0,0.00,0,0
2,9,0,1.43,1,2.33,1129478,Y4,,,0,16.236,clean,0,0,0.00,0,0
2,10,0,1.61,1,2.35,59634,Y2,,,0,16.242,clean,0,0,0.00,0,0
2,11,0,1.46,1,2.32,623971,Y4,,,0,16.657,clean,0,0,0.00,0,0
2,12,0,1.49,1,2.33,1414508,Y4,,,0,16.869,clean,0,0,0.00,0,0
2,13,0,1.38,80,2.28,971138,Y2,,,0,16.716,clean,0,0,0.00,0,0
2,14,0,1.62,1,2.43,1003414,Y4,,,0,16.192,clean,0,0,0.00,0,0
2,15,0,1.62,1,2.38,135273,Y2,,,0,15.921,clean,0,0,0.00,0,0
2,16,0,1.51,1,2.48,130713,Y2,,,0,16.193,clean,0,0,0.00,0,0
2,17,0,1.31,132,2.40,246406,Y4,,,0,16.881,clean,0,0,0.00,0,0
2,18,0,1.54,771,2.45,373453,Y4,,,0,19.190,clean,0,0,0.00,0,0
2,19,0,1.49,1,2.69,780791,Y2,,,0,17.244,clean,0,0,0.00,0,0
2,20,0,1.61,1,2.52,540644,Y4,,,0,16.330,clean,0,0,0.00,0,0
2,21,0,1.41,1189,2.57,601441,Y4,,,0,15.633,clean,0,0,0.00,0,0
2,22,0,1.63,1,2.25,430763,Y4,,,0,15.393,clean,0,0,0.00,0,0
2,23,0,1.69,1,2.56,1192421,Y4,,,0,15.744,clean,0,0,0.00,0,0
2,24,0,1.45,1,2.34,96649,Y4,,,0,16.130,clean,0,0,0.00,0,0
2,25,0,2.11,204,2.31,891566,Y2,,,0,16.007,clean,0,0,0.00,0,0
2,26,0,1.56,1,2.35,153601,Y4,,,0,15.382,clean,0,0,0.00,0,0
2,27,0,1.85,632,2.37,1184464,Y2,,,0,14.955,clean,0,0,0.00,0,0
2,28,0,1.68,1,2.32,981152,Y4,,,0,14.462,clean,0,0,0.00,0,0
2,29,0,1.66,1,2.29,888079,Y2,,,0,14.673,clean,0,0,0.00,0,0
2,30,0,1.50,1,2.32,900328,Y2,,,0,15.004,clean,0,0,0.00,0,0
2,31,0,1.62,1,2.57,23872,Y4,,,0,14.991,clean,0,0,0.00,0,0
2,32,0,1.55,291,2.37,349581,Y4,,,0,14.426,clean,0,0,0.00,0,0
2,33,0,1.73,1,2.30,492275,Y4,,,0,13.797,clean,0,0,0.00,0,0
2,34,0,1.67,1,2.36,260711,Y4,,,0,13.645,clean,0,0,0.00,0,0
2,35,0,1.88,1,2.32,563353,Y4,,,0,14.001,clean,0,0,0.00,0,0
2,36,0,1.55,1,2.25,1009852,Y2,,,0,14.558,clean,0,0,0.00,0,0
2,37,0,1.69,1,2.34,488788,Y2,,,0,14.682,clean,0,0,0.00,0,0
2,38,0,1.61,1,2.33,397593,Y2,,,0,14.195,clean,0,0,0.00,0,0
2,39,0,1.96,1,2.31,561476,Y4,,,0,13.500,clean,0,0,0.00,0,0
2,40,0,1.96,1,2.54,183821,Y4,,,0,13.171,clean,0,0,0.00,0,0
2,41,0,1.65,1,2.30,901580,Y2,,,0,13.414,clean,0,0,0.00,0,0
2,42,0,1.59,1,2.55,1364529,Y2,,,0,13.878,clean,0,0,0.00,0,0
2,43,0,1.99,1,2.21,1211643,Y4,,,0,14.090,clean,0,0,0.00,0,0
2,44,0,1.64,1,2.49,292361,Y4,,,0,13.610,clean,0,0,0.00,0,0
2,45,0,1.92,1,2.76,251949,Y2,,,0,12.805,clean,0,0,0.00,0,0
2,46,0,1.62,1,2.48,922859,Y4,,,0,12.279,clean,0,0,0.00,0,0
2,47,0,1.80,1,2.47,611186,Y2,,,0,12.143,clean,0,0,0.00,0,0
2,48,0,1.50,1,2.53,901401,Y4,,,0,12.317,clean,0,0,0.00,0,0
2,49,0,2.08,1,2.43,341356,Y2,,,0,12.395,clean,0,0,0.00,0,0
2,50,0,1.99,1,2.52,1062512,Y4,,,0,11.920,clean,0,0,0.00,0,0
2,51,0,2.10,1,2.30,189543,Y4,,,0,11.090,clean,0,0,0.00,0,0
2,52,0,2.20,1,2.20,592232,Y2,,,0,10.296,clean,0,0,0.00,0,0
2,53,0,2.24,1,2.30,1412541,Y4,,,0,9.729,clean,0,0,0.00,0,0
2,54,0,2.45,1,2.34,306398,Y2,,,0,9.367,clean,0,0,0.00,0,0
2,55,0,2.90,1,2.24,938505,Y2,0.00/noise-like,0.24/noise-like,0,8.868,hump-note,0,0,0.00,0,0
2,56,0,2.92,1,2.29,1053751,Y2,0.00/noise-like,0.24/noise-like,0,7.948,hump-note,0,0,0.00,0,0
2,57,0,0,-1,0,0,-,,,0,6.793,QUARANTINE:dark-lane range=57 distinct=57,0,0,0.00,0,0
2,58,0,0,-1,0,0,-,,,0,5.742,QUARANTINE:dark-lane range=52 distinct=48,0,0,0.00,0,0
2,59,0,0,-1,0,0,-,,,0,4.875,QUARANTINE:dark-lane range=42 distinct=43,0,0,0.00,0,0
2,60,0,0,-1,0,0,-,,,0,4.168,QUARANTINE:dark-lane range=35 distinct=36,0,0,0.00,0,0
2,61,0,0,-1,0,0,-,,,0,3.558,QUARANTINE:dark-lane range=29 distinct=30,0,0,0.00,0,0
2,62,0,0,-1,0,0,-,,,0,2.958,QUARANTINE:dark-lane range=27 distinct=27,0,0,0.00,0,0
2,63,0,0,-1,0,0,-,,,0,2.395,QUARANTINE:dark-lane range=20 distinct=21,0,0,0.00,0,0
3,0,0,1.43,555,2.41,1116693,Y2,,,0,20.685,clean,0,0,0.00,0,0
3,1,0,1.41,960,2.39,858486,Y4,,,0,19.579,clean,0,0,0.00,0,0
3,2,0,1.37,298,2.29,632644,Y2,,,0,18.559,clean,0,0,0.00,0,0
3,3,0,1.52,1,2.43,131965,Y4,,,0,17.970,clean,0,0,0.00,0,0
3,4,0,1.36,1381,2.37,850439,Y4,,,0,17.843,clean,0,0,0.00,0,0
3,5,0,1.53,1,2.52,1163363,Y4,,,0,18.020,clean,0,0,0.00,0,0
3,6,0,1.66,1,2.44,916600,Y2,,,0,17.961,clean,0,0,0.00,0,0
3,7,0,1.33,1016,2.47,777662,Y4,,,0,17.424,clean,0,0,0.00,0,0
3,8,0,1.49,1,2.37,1142800,Y4,,,0,16.775,clean,0,0,0.00,0,0
3,9,0,1.67,1,2.27,408947,Y2,,,0,16.242,clean,0,0,0.00,0,0
3,10,0,1.47,1,2.63,1017630,Y2,,,0,16.235,clean,0,0,0.00,0,0
3,11,0,1.32,1360,2.52,730097,Y4,,,0,16.639,clean,0,0,0.00,0,0
3,12,0,1.49,1,2.28,912488,Y2,,,0,16.905,clean,0,0,0.00,0,0
3,13,0,1.37,16,2.63,40501,Y4,,,0,16.704,clean,0,0,0.00,0,0
3,14,0,1.39,1371,2.27,1335025,Y4,,,0,16.213,clean,0,0,0.00,0,0
3,15,0,1.55,1,2.34,1317322,Y4,,,0,15.923,clean,0,0,0.00,0,0
3,16,0,1.53,1,2.35,1036763,Y2,,,0,16.196,clean,0,0,0.00,0,0
3,17,0,1.70,1,2.52,279129,Y4,,,0,16.873,clean,0,0,0.00,0,0
3,18,0,1.57,785,2.61,393033,Y2,,,0,19.192,clean,0,0,0.00,0,0
3,19,0,1.38,46,2.45,1391798,Y4,,,0,17.238,clean,0,0,0.00,0,0
3,20,0,1.39,1,2.53,1037121,Y2,,,0,16.376,clean,0,0,0.00,0,0
3,21,0,1.45,1370,2.49,166118,Y4,,,0,15.653,clean,0,0,0.00,0,0
3,22,0,1.74,1,2.73,519991,Y4,,,0,15.447,clean,0,0,0.00,0,0
3,23,0,1.56,1,2.63,49442,Y2,,,0,15.759,clean,0,0,0.00,0,0
3,24,0,1.52,1,2.47,1459032,Y4,,,0,16.138,clean,0,0,0.00,0,0
3,25,0,2.11,204,2.48,467598,Y4,,,0,16.007,clean,0,0,0.00,0,0
3,26,0,1.40,1,2.30,1003861,Y2,,,0,15.404,clean,0,0,0.00,0,0
3,27,0,1.81,1,2.36,1457155,Y4,,,0,14.955,clean,0,0,0.00,0,0
3,28,0,1.64,1,2.35,488251,Y4,,,0,14.422,clean,0,0,0.00,0,0
3,29,0,1.62,1,2.29,106663,Y4,,,0,14.658,clean,0,0,0.00,0,0
3,30,0,1.45,1,2.47,860542,Y2,,,0,15.031,clean,0,0,0.00,0,0
3,31,0,1.80,1,2.42,1000017,Y2,,,0,14.984,clean,0,0,0.00,0,0
3,32,0,1.35,1210,2.48,1312405,Y4,,,0,14.396,clean,0,0,0.00,0,0
3,33,0,1.65,1,2.29,17077,Y2,,,0,13.809,clean,0,0,0.00,0,0
3,34,0,1.77,1,2.32,167638,Y2,,,0,13.633,clean,0,0,0.00,0,0
3,35,0,1.82,1,2.38,429779,Y2,,,0,14.010,clean,0,0,0.00,0,0
3,36,0,1.68,1,2.49,1376778,Y4,,,0,14.564,clean,0,0,0.00,0,0
3,37,0,1.45,1,2.53,357896,Y2,,,0,14.681,clean,0,0,0.00,0,0
3,38,0,1.62,1,2.35,1146376,Y2,,,0,14.166,clean,0,0,0.00,0,0
3,39,0,1.69,1,2.54,1053661,Y2,,,0,13.491,clean,0,0,0.00,0,0
3,40,0,1.76,1,2.25,95040,Y4,,,0,13.186,clean,0,0,0.00,0,0
3,41,0,1.89,1,2.54,964522,Y4,,,0,13.388,clean,0,0,0.00,0,0
3,42,0,1.99,1,2.39,1227826,Y2,,,0,13.878,clean,0,0,0.00,0,0
3,43,0,1.69,1,2.30,101477,Y2,,,0,14.127,clean,0,0,0.00,0,0
3,44,0,1.71,1,2.40,1609,Y4,,,0,13.634,clean,0,0,0.00,0,0
3,45,0,1.80,1,2.55,1154423,Y4,,,0,12.802,clean,0,0,0.00,0,0
3,46,0,1.93,1,2.36,1027912,Y4,,,0,12.288,clean,0,0,0.00,0,0
3,47,0,1.79,1,2.47,664741,Y2,,,0,12.133,clean,0,0,0.00,0,0
3,48,0,1.88,1,2.45,28878,Y2,,,0,12.319,clean,0,0,0.00,0,0
3,49,0,1.75,1,2.66,144571,Y4,,,0,12.404,clean,0,0,0.00,0,0
3,50,0,1.79,1,2.52,936359,Y2,,,0,11.938,clean,0,0,0.00,0,0
3,51,0,2.36,1,2.40,196874,Y4,,,0,11.081,clean,0,0,0.00,0,0
3,52,0,2.16,1,2.55,201076,Y2,,,0,10.302,clean,0,0,0.00,0,0
3,53,0,2.46,1,2.32,490308,Y2,,,0,9.709,clean,0,0,0.00,0,0
3,54,0,2.35,1,2.55,26643,Y2,,,0,9.372,clean,0,0,0.00,0,0
3,55,0,2.53,1,2.31,41753,Y4,0.00/noise-like,0.24/noise-like,0,8.861,hump-note,0,0,0.00,0,0
3,56,0,3.24,1,2.45,904620,Y4,0.00/noise-like,0.00/noise-like,0,7.951,hump-note,0,0,0.00,0,0
3,57,0,0,-1,0,0,-,,,0,6.792,QUARANTINE:dark-lane range=59 distinct=60,0,0,0.00,0,0
3,58,0,0,-1,0,0,-,,,0,5.743,QUARANTINE:dark-lane range=49 distinct=50,0,0,0.00,0,0
3,59,0,0,-1,0,0,-,,,0,4.877,QUARANTINE:dark-lane range=44 distinct=44,0,0,0.00,0,0
3,60,0,0,-1,0,0,-,,,0,4.164,QUARANTINE:dark-lane range=37 distinct=37,0,0,0.00,0,0
3,61,0,0,-1,0,0,-,,,0,3.565,QUARANTINE:dark-lane range=30 distinct=31,0,0,0.00,0,0
3,62,0,0,-1,0,0,-,,,0,2.955,QUARANTINE:dark-lane range=27 distinct=28,0,0,0.00,0,0
3,63,0,0,-1,0,0,-,,,0,2.396,QUARANTINE:dark-lane range=21 distinct=22,0,0,0.00,0,0
4,0,0,1.37,1229,2.42,1165777,Y2,,,0,20.769,clean,0,0,0.00,0,0
4,1,0,1.49,1,2.35,89496,Y2,,,0,19.559,clean,0,0,0.00,0,0
4,2,0,1.48,1,2.41,477880,Y2,,,0,18.574,clean,0,0,0.00,0,0
4,3,0,1.64,1,2.45,1126885,Y2,,,0,18.011,clean,0,0,0.00,0,0
4,4,0,1.41,1,2.41,272691,Y4,,,0,17.859,clean,0,0,0.00,0,0
4,5,0,1.48,1,2.23,98437,Y2,,,0,18.029,clean,0,0,0.00,0,0
4,6,0,1.75,1478,2.28,488073,Y2,,,0,18.015,clean,0,0,0.00,0,0
4,7,0,1.50,1,2.47,335813,Y2,,,0,17.429,clean,0,0,0.00,0,0
4,8,0,1.45,1,2.29,149578,Y2,,,0,16.746,clean,0,0,0.00,0,0
4,9,0,1.58,1,2.48,865728,Y2,,,0,16.254,clean,0,0,0.00,0,0
4,10,0,1.38,1,2.29,1343340,Y2,,,0,16.239,clean,0,0,0.00,0,0
4,11,0,1.50,1,2.36,73940,Y4,,,0,16.598,clean,0,0,0.00,0,0
4,12,0,1.53,1,2.45,513643,Y4,,,0,16.861,clean,0,0,0.00,0,0
4,13,0,1.40,1,2.26,1463056,Y2,,,0,16.736,clean,0,0,0.00,0,0
4,14,0,1.61,1,2.47,381410,Y4,,,0,16.222,clean,0,0,0.00,0,0
4,15,0,1.61,1,2.28,128210,Y2,,,0,15.915,clean,0,0,0.00,0,0
4,16,0,1.63,1,2.40,345737,Y2,,,0,16.181,clean,0,0,0.00,0,0
4,17,0,1.46,1,2.31,1224875,Y2,,,0,16.861,clean,0,0,0.00,0,0
4,18,0,1.60,726,2.60,167370,Y2,,,0,19.192,clean,0,0,0.00,0,0
4,19,0,1.52,1,2.72,45508,Y2,,,0,17.230,clean,0,0,0.00,0,0
4,20,0,1.58,1,2.60,243902,Y2,,,0,16.337,clean,0,0,0.00,0,0
4,21,0,1.46,1,2.47,130355,Y2,,,0,15.632,clean,0,0,0.00,0,0
4,22,0,1.65,1,2.56,1278967,Y4,,,0,15.413,clean,0,0,0.00,0,0
4,23,0,1.64,1,2.37,635415,Y2,,,0,15.777,clean,0,0,0.00,0,0
4,24,0,1.57,1,2.40,1458675,Y2,,,0,16.153,clean,0,0,0.00,0,0
4,25,0,2.22,204,3.44,81182,Y4,0.00/noise-like,0.00/noise-like,2,16.018,FAM-HIT,0,0,0.00,0,0
4,26,0,1.66,1,2.44,115156,Y2,,,0,15.396,clean,0,0,0.00,0,0
4,27,0,1.91,1,2.23,1376152,Y2,,,0,14.964,clean,0,0,0.00,0,0
4,28,0,1.36,1,2.57,519454,Y4,,,0,14.446,clean,0,0,0.00,0,0
4,29,0,1.69,1,2.61,180066,Y4,,,0,14.657,clean,0,0,0.00,0,0
4,30,0,1.67,1,2.79,43988,Y2,,,0,15.035,clean,0,0,0.00,0,0
4,31,0,1.77,1,2.41,227720,Y4,,,0,15.008,clean,0,0,0.00,0,0
4,32,0,1.38,936,2.44,1452059,Y2,,,0,14.390,clean,0,0,0.00,0,0
4,33,0,1.77,1,2.67,1226753,Y2,,,0,13.799,clean,0,0,0.00,0,0
4,34,0,1.63,1,2.33,630051,Y2,,,0,13.649,clean,0,0,0.00,0,0
4,35,0,1.98,1,2.37,956565,Y2,,,0,13.993,clean,0,0,0.00,0,0
4,36,0,1.72,1,2.31,9477,Y2,,,0,14.538,clean,0,0,0.00,0,0
4,37,0,1.84,1,2.43,792503,Y2,,,1,14.664,clean,0,0,0.00,0,0
4,38,0,1.51,1,2.37,351459,Y4,,,0,14.189,clean,0,0,0.00,0,0
4,39,0,1.43,1,2.55,1106590,Y2,,,0,13.516,clean,0,0,0.00,0,0
4,40,0,1.80,1,2.31,275373,Y4,,,0,13.201,clean,0,0,0.00,0,0
4,41,0,1.82,1,2.31,435412,Y4,,,0,13.413,clean,0,0,0.00,0,0
4,42,0,1.87,1,2.56,1068056,Y2,,,0,13.897,clean,0,0,0.00,0,0
4,43,0,1.73,1,2.38,1277089,Y4,,,0,14.141,clean,0,0,0.00,0,0
4,44,0,1.81,1,2.58,634432,Y4,,,0,13.632,clean,0,0,0.00,0,0
4,45,0,1.91,1,2.38,196427,Y2,,,0,12.816,clean,0,0,0.00,0,0
4,46,0,2.14,1,2.38,1464844,Y4,,,0,12.241,clean,0,0,0.00,0,0
4,47,0,1.92,1,2.42,689596,Y2,,,0,12.147,clean,0,0,0.00,0,0
4,48,0,1.86,1,2.55,347793,Y4,,,0,12.330,clean,0,0,0.00,0,0
4,49,0,2.13,1,2.30,306398,Y2,,,0,12.418,clean,0,0,0.00,0,0
4,50,0,1.84,1,2.72,1354784,Y4,,,0,11.921,clean,0,0,0.00,0,0
4,51,0,1.94,1,2.39,148952,Y2,,,0,11.101,clean,0,0,0.00,0,0
4,52,0,2.70,1,2.42,1451254,Y2,0.00/noise-like,0.00/noise-like,0,10.299,hump-note,0,0,0.00,0,0
4,53,0,2.42,1,2.61,879228,Y2,,,0,9.728,clean,0,0,0.00,0,0
4,54,0,2.71,1,2.32,904262,Y2,0.00/noise-like,0.00/noise-like,0,9.365,hump-note,0,0,0.00,0,0
4,55,0,2.80,1,2.30,1237214,Y4,0.00/noise-like,0.24/noise-like,0,8.853,hump-note,0,0,0.00,0,0
4,56,0,3.17,1,2.49,1252681,Y4,0.00/noise-like,0.24/noise-like,0,7.955,hump-note,0,0,0.00,0,0
4,57,0,0,-1,0,0,-,,,11,6.825,QUARANTINE:dark-lane range=58 distinct=57,0,0,0.00,0,0
4,58,0,0,-1,0,0,-,,,0,5.747,QUARANTINE:dark-lane range=50 distinct=48,0,0,0.00,0,0
4,59,0,0,-1,0,0,-,,,0,4.898,QUARANTINE:dark-lane range=41 distinct=42,0,0,0.00,0,0
4,60,0,0,-1,0,0,-,,,0,4.164,QUARANTINE:dark-lane range=36 distinct=37,0,0,0.00,0,0
4,61,0,0,-1,0,0,-,,,0,3.559,QUARANTINE:dark-lane range=28 distinct=29,0,0,0.00,0,0
4,62,0,0,-1,0,0,-,,,0,2.961,QUARANTINE:dark-lane range=27 distinct=27,0,0,0.00,0,0
4,63,0,0,-1,0,0,-,,,0,2.399,QUARANTINE:dark-lane range=20 distinct=21,0,0,0.00,0,0
5,0,0,1.35,437,2.44,167370,Y4,,,0,20.701,clean,0,0,0.00,0,0
5,1,0,1.58,1,2.49,588477,Y2,,,0,19.626,clean,0,0,0.00,0,0
5,2,0,1.37,1643,2.31,1376599,Y4,,,0,18.590,clean,0,0,0.00,0,0
5,3,0,1.43,1,2.36,353336,Y2,,,0,17.926,clean,0,0,0.00,0,0
5,4,0,1.46,1,2.52,1252323,Y2,,,0,17.859,clean,0,0,0.00,0,0
5,5,0,1.75,1,2.29,433534,Y2,,,0,18.019,clean,0,0,0.00,0,0
5,6,0,1.59,1478,2.38,1227558,Y2,,,0,18.017,clean,0,0,0.00,0,0
5,7,0,1.48,1,2.34,267595,Y4,,,0,17.441,clean,0,0,0.00,0,0
5,8,0,1.42,1,2.29,309527,Y4,,,0,16.748,clean,0,0,0.00,0,0
5,9,0,1.37,588,2.36,241935,Y2,,,0,16.233,clean,0,0,0.00,0,0
5,10,0,1.64,1,3.09,1368999,Y4,0.00/noise-like,0.00/noise-like,0,16.207,FAM-HIT,0,0,0.00,0,0
5,11,0,1.60,1,2.52,991881,Y4,,,0,16.627,clean,0,0,0.00,0,0
5,12,0,1.35,1,2.51,800818,Y4,,,0,16.907,clean,0,0,0.00,0,0
5,13,0,1.57,1,2.29,1098275,Y4,,,0,16.663,clean,0,0,0.00,0,0
5,14,0,1.65,1,2.38,710160,Y4,,,0,16.186,clean,0,0,0.00,0,0
5,15,0,1.57,1,2.39,1015484,Y4,,,0,15.921,clean,0,0,0.00,0,0
5,16,0,1.69,1,2.56,1298904,Y4,,,0,16.187,clean,0,0,0.00,0,0
5,17,0,1.75,1,2.41,709176,Y4,,,0,16.867,clean,0,0,0.00,0,0
5,18,0,1.55,704,2.39,199020,Y2,,,0,19.209,clean,0,0,0.00,0,0
5,19,0,1.46,1,2.47,772119,Y2,,,0,17.233,clean,0,0,0.00,0,0
5,20,0,1.49,1,2.50,1372665,Y4,,,0,16.371,clean,0,0,0.00,0,0
5,21,0,1.50,1,2.34,1342356,Y4,,,0,15.625,clean,0,0,0.00,0,0
5,22,0,1.63,1,2.66,645787,Y4,,,0,15.388,clean,0,0,0.00,0,0
5,23,0,1.59,1,2.42,1120448,Y4,,,0,15.742,clean,0,0,0.00,0,0
5,24,0,1.44,1,2.41,513643,Y2,,,0,16.119,clean,0,0,0.00,0,0
5,25,0,2.23,204,8.78,1788,Y4,0.24/noise-like,0.24/noise-like,9,16.029,FAM-HIT,0,0,0.00,0,0
5,26,0,1.62,1,2.65,427902,Y2,,,0,15.378,clean,0,0,0.00,0,0
5,27,0,1.65,601,2.49,873238,Y2,,,0,14.981,clean,0,0,0.00,0,0
5,28,0,1.66,1,2.41,1120716,Y2,,,0,14.463,clean,0,0,0.00,0,0
5,29,0,1.42,1,2.41,1520,Y2,,,0,14.680,clean,0,0,0.00,0,0
5,30,0,1.61,1,2.27,730813,Y2,,,0,15.034,clean,0,0,0.00,0,0
5,31,0,1.72,1,2.52,794470,Y2,,,0,14.969,clean,0,0,0.00,0,0
5,32,0,1.33,531,2.40,620663,Y4,,,0,14.423,clean,0,0,0.00,0,0
5,33,0,1.69,1,2.40,468582,Y4,,,0,13.814,clean,0,0,0.00,0,0
5,34,0,1.79,1,2.37,1120359,Y4,,,0,13.638,clean,0,0,0.00,0,0
5,35,0,1.73,1,2.44,1345038,Y4,,,0,14.008,clean,0,0,0.00,0,0
5,36,0,1.40,1,2.50,1371145,Y4,,,0,14.538,clean,0,0,0.00,0,0
5,37,0,1.68,1,2.39,1264483,Y4,,,0,14.667,clean,0,0,0.00,0,0
5,38,0,1.66,1,2.56,118375,Y4,,,0,14.188,clean,0,0,0.00,0,0
5,39,0,2.01,1,2.16,1182675,Y2,,,0,13.523,clean,0,0,0.00,0,0
5,40,0,1.66,1,2.36,813246,Y2,,,0,13.197,clean,0,0,0.00,0,0
5,41,0,1.87,1,2.44,519186,Y2,,,0,13.427,clean,0,0,0.00,0,0
5,42,0,1.64,1,2.20,1309812,Y2,,,0,13.879,clean,0,0,0.00,0,0
5,43,0,1.86,1,2.41,902295,Y2,,,0,14.143,clean,0,0,0.00,0,0
5,44,0,1.55,1,2.62,1326978,Y4,,,0,13.621,clean,0,0,0.00,0,0
5,45,0,1.85,1,2.50,905961,Y2,,,0,12.785,clean,0,0,0.00,0,0
5,46,0,1.60,1,2.46,237912,Y4,,,0,12.253,clean,0,0,0.00,0,0
5,47,0,2.21,1,2.40,402600,Y2,,,0,12.141,clean,0,0,0.00,0,0
5,48,0,1.62,1,2.42,635505,Y4,,,0,12.347,clean,0,0,0.00,0,0
5,49,0,1.91,1,2.43,34422,Y4,,,0,12.420,clean,0,0,0.00,0,0
5,50,0,1.86,1,2.59,532418,Y2,,,0,11.930,clean,0,0,0.00,0,0
5,51,0,2.00,1,2.48,1259744,Y2,,,0,11.072,clean,0,0,0.00,0,0
5,52,0,2.00,1,2.40,950932,Y2,,,0,10.297,clean,0,0,0.00,0,0
5,53,0,2.46,1,2.33,243276,Y4,,,0,9.727,clean,0,0,0.00,0,0
5,54,0,2.45,1,2.36,308543,Y2,,,0,9.371,clean,0,0,0.00,0,0
5,55,0,2.70,1,2.42,1354694,Y4,0.00/noise-like,0.00/noise-like,0,8.878,hump-note,0,0,0.00,0,0
5,56,0,3.23,1,2.47,19222,Y4,0.00/noise-like,0.00/noise-like,0,7.951,hump-note,0,0,0.00,0,0
5,57,0,0,-1,0,0,-,,,14,6.803,QUARANTINE:dark-lane range=57 distinct=57,0,0,0.00,0,0
5,58,0,0,-1,0,0,-,,,0,5.743,QUARANTINE:dark-lane range=53 distinct=51,0,0,0.00,0,0
5,59,0,0,-1,0,0,-,,,0,4.874,QUARANTINE:dark-lane range=44 distinct=44,0,0,0.00,0,0
5,60,0,0,-1,0,0,-,,,0,4.170,QUARANTINE:dark-lane range=39 distinct=38,0,0,0.00,0,0
5,61,0,0,-1,0,0,-,,,0,3.552,QUARANTINE:dark-lane range=29 distinct=30,0,0,0.00,0,0
5,62,0,0,-1,0,0,-,,,0,2.960,QUARANTINE:dark-lane range=26 distinct=27,0,0,0.00,0,0
5,63,0,0,-1,0,0,-,,,0,2.403,QUARANTINE:dark-lane range=20 distinct=21,0,0,0.00,0,0
6,0,0,1.34,788,2.39,308812,Y4,,,0,20.718,clean,0,0,0.00,0,0
6,1,0,1.34,1,2.80,881106,Y4,,,0,19.564,clean,0,0,0.00,0,0
6,2,0,1.45,1,2.59,1411647,Y4,,,0,18.554,clean,0,0,0.00,0,0
6,3,0,1.53,1,2.29,787050,Y2,,,0,17.966,clean,0,0,0.00,0,0
6,4,0,1.48,1,2.47,1253128,Y2,,,0,17.834,clean,0,0,0.00,0,0
6,5,0,1.70,1,2.31,671178,Y4,,,0,18.014,clean,0,0,0.00,0,0
6,6,0,1.65,1,2.32,1325727,Y2,,,0,17.970,clean,0,0,0.00,0,0
6,7,0,1.34,798,2.34,607073,Y2,,,0,17.437,clean,0,0,0.00,0,0
6,8,0,1.41,1,2.68,787675,Y2,,,0,16.765,clean,0,0,0.00,0,0
6,9,0,1.50,1,2.36,103980,Y4,,,0,16.249,clean,0,0,0.00,0,0
6,10,0,1.40,1,2.59,853837,Y4,,,0,16.259,clean,0,0,0.00,0,0
6,11,0,1.35,1,2.82,378370,Y4,,,0,16.616,clean,0,0,0.00,0,0
6,12,0,1.53,1,2.42,908643,Y4,,,0,16.868,clean,0,0,0.00,0,0
6,13,0,1.53,1,2.48,1077622,Y2,,,0,16.715,clean,0,0,0.00,0,0
6,14,0,1.67,1,2.53,162274,Y2,,,0,16.215,clean,0,0,0.00,0,0
6,15,0,1.57,1,2.41,687808,Y4,,,0,15.888,clean,0,0,0.00,0,0
6,16,0,1.40,1,2.29,314444,Y4,,,0,16.187,clean,0,0,0.00,0,0
6,17,0,1.66,1,2.37,1432121,Y4,,,0,16.868,clean,0,0,0.00,0,0
6,18,0,1.57,777,2.44,30667,Y4,,,0,19.176,clean,0,0,0.00,0,0
6,19,0,1.43,1,2.58,1417637,Y4,,,0,17.263,clean,0,0,0.00,0,0
6,20,0,1.59,1,2.96,143141,Y4,,,0,16.345,clean,0,0,0.00,0,0
6,21,0,1.46,1,2.35,365496,Y2,,,0,15.656,clean,0,0,0.00,0,0
6,22,0,1.65,1,2.46,1464844,Y2,,,0,15.395,clean,0,0,0.00,0,0
6,23,0,1.57,1,2.37,717133,Y2,,,0,15.713,clean,0,0,0.00,0,0
6,24,0,1.51,1,2.33,455886,Y4,,,0,16.134,clean,0,0,0.00,0,0
6,25,0,1.70,204,3.17,79483,Y4,0.00/noise-like,0.24/noise-like,3,16.013,FAM-HIT,0,0,0.00,0,0
6,26,0,1.72,1,2.29,1229435,Y4,,,0,15.393,clean,0,0,0.00,0,0
6,27,0,1.79,1,2.34,1051247,Y4,,,0,14.939,clean,0,0,0.00,0,0
6,28,0,1.45,1,2.39,514001,Y4,,,0,14.441,clean,0,0,0.00,0,0
6,29,0,1.51,1,2.21,32276,Y4,,,0,14.680,clean,0,0,0.00,0,0
6,30,0,1.52,1,2.50,886559,Y4,,,0,15.015,clean,0,0,0.00,0,0
6,31,0,1.50,1,2.51,141978,Y4,,,0,14.954,clean,0,0,0.00,0,0
6,32,0,1.39,20,2.23,991523,Y2,,,0,14.416,clean,0,0,0.00,0,0
6,33,0,1.74,1,2.45,1241326,Y2,,,0,13.822,clean,0,0,0.00,0,0
6,34,0,1.86,1,2.48,550568,Y4,,,0,13.654,clean,0,0,0.00,0,0
6,35,0,1.67,1,2.56,736892,Y2,,,0,14.032,clean,0,0,0.00,0,0
6,36,0,1.85,1,2.47,393122,Y2,,,0,14.559,clean,0,0,0.00,0,0
6,37,0,1.64,1,2.60,316232,Y2,,,0,14.649,clean,0,0,0.00,0,0
6,38,0,1.68,1,2.37,1449287,Y4,,,0,14.184,clean,0,0,0.00,0,0
6,39,0,1.54,1,2.52,1079857,Y4,,,0,13.513,clean,0,0,0.00,0,0
6,40,0,1.72,1,2.34,576764,Y4,,,0,13.195,clean,0,0,0.00,0,0
6,41,0,1.73,1,2.35,1251966,Y4,,,0,13.409,clean,0,0,0.00,0,0
6,42,0,1.83,1,2.28,567377,Y4,,,0,13.873,clean,0,0,0.00,0,0
6,43,0,1.45,1,2.52,1276821,Y2,,,0,14.133,clean,0,0,0.00,0,0
6,44,0,1.73,1,2.46,927508,Y2,,,0,13.616,clean,0,0,0.00,0,0
6,45,0,1.78,1,2.48,969529,Y4,,,0,12.800,clean,0,0,0.00,0,0
6,46,0,1.91,1,2.44,479579,Y2,,,0,12.281,clean,0,0,0.00,0,0
6,47,0,1.98,1,2.28,1404136,Y2,,,0,12.153,clean,0,0,0.00,0,0
6,48,0,1.77,1,2.34,348687,Y2,,,0,12.351,clean,0,0,0.00,0,0
6,49,0,1.96,1,2.58,197679,Y4,,,0,12.396,clean,0,0,0.00,0,0
6,50,0,1.79,1,2.35,878781,Y4,,,0,11.919,clean,0,0,0.00,0,0
6,51,0,2.10,1,2.23,245601,Y2,,,0,11.095,clean,0,0,0.00,0,0
6,52,0,2.30,1,2.42,1286566,Y4,,,0,10.288,clean,0,0,0.00,0,0
6,53,0,2.57,1,2.37,482351,Y4,0.00/noise-like,0.00/noise-like,0,9.759,hump-note,0,0,0.00,0,0
6,54,0,2.72,1,2.54,118017,Y2,0.00/noise-like,0.24/noise-like,0,9.355,hump-note,0,0,0.00,0,0
6,55,0,2.72,1,2.50,1131982,Y2,0.00/noise-like,0.00/noise-like,0,8.861,hump-note,0,0,0.00,0,0
6,56,0,3.09,1,2.48,90301,Y2,0.00/noise-like,0.00/noise-like,0,7.943,hump-note,0,0,0.00,0,0
6,57,0,0,-1,0,0,-,,,4,6.795,QUARANTINE:dark-lane range=65 distinct=58,0,0,0.00,0,0
6,58,0,0,-1,0,0,-,,,0,5.733,QUARANTINE:dark-lane range=50 distinct=50,0,0,0.00,0,0
6,59,0,0,-1,0,0,-,,,0,4.876,QUARANTINE:dark-lane range=41 distinct=42,0,0,0.00,0,0
6,60,0,0,-1,0,0,-,,,0,4.165,QUARANTINE:dark-lane range=41 distinct=38,0,0,0.00,0,0
6,61,0,0,-1,0,0,-,,,0,3.557,QUARANTINE:dark-lane range=29 distinct=30,0,0,0.00,0,0
6,62,0,0,-1,0,0,-,,,0,2.961,QUARANTINE:dark-lane range=25 distinct=26,0,0,0.00,0,0
6,63,0,0,-1,0,0,-,,,0,2.399,QUARANTINE:dark-lane range=19 distinct=20,0,0,0.00,0,0
7,0,0,1.41,882,2.55,92715,Y4,,,0,20.708,clean,0,0,0.00,0,0
7,1,0,1.49,1,2.27,773370,Y2,,,0,19.597,clean,0,0,0.00,0,0
7,2,0,1.33,597,2.65,400364,Y2,,,0,18.543,clean,0,0,0.00,0,0
7,3,0,1.66,1,2.62,128835,Y2,,,0,17.962,clean,0,0,0.00,0,0
7,4,0,1.67,1,2.56,560582,Y2,,,0,17.857,clean,0,0,0.00,0,0
7,5,0,1.41,1393,2.26,385433,Y4,,,0,18.047,clean,0,0,0.00,0,0
7,6,0,1.58,1,2.42,938505,Y4,,,0,17.958,clean,0,0,0.00,0,0
7,7,0,1.50,1,2.41,332862,Y4,,,0,17.449,clean,0,0,0.00,0,0
7,8,0,1.54,1,2.47,570148,Y2,,,0,16.732,clean,0,0,0.00,0,0
7,9,0,1.64,1,2.54,693172,Y4,,,0,16.242,clean,0,0,0.00,0,0
7,10,0,1.41,234,2.43,1346648,Y2,,,0,16.259,clean,0,0,0.00,0,0
7,11,0,1.48,1,2.46,531077,Y2,,,0,16.598,clean,0,0,0.00,0,0
7,12,0,1.38,1,2.50,185162,Y2,,,0,16.869,clean,0,0,0.00,0,0
7,13,0,1.36,527,2.47,317395,Y4,,,0,16.674,clean,0,0,0.00,0,0
7,14,0,1.36,133,2.36,1402438,Y4,,,0,16.213,clean,0,0,0.00,0,0
7,15,0,1.59,1,2.62,760853,Y4,,,0,15.894,clean,0,0,0.00,0,0
7,16,0,1.80,1,2.27,923663,Y2,,,0,16.183,clean,0,0,0.00,0,0
7,17,0,1.53,1,2.68,698537,Y4,,,0,16.876,clean,0,0,0.00,0,0
7,18,0,1.53,768,2.38,1283169,Y4,,,0,19.182,clean,0,0,0.00,0,0
7,19,0,1.54,1,2.46,581771,Y2,,,0,17.224,clean,0,0,0.00,0,0
7,20,0,1.46,1,2.17,437379,Y2,,,0,16.356,clean,0,0,0.00,0,0
7,21,0,1.47,1,2.29,373006,Y2,,,0,15.632,clean,0,0,0.00,0,0
7,22,0,1.71,1,2.47,599205,Y4,,,0,15.410,clean,0,0,0.00,0,0
7,23,0,1.47,1,2.41,1126975,Y4,,,0,15.740,clean,0,0,0.00,0,0
7,24,0,1.43,1,2.50,36836,Y2,,,0,16.147,clean,0,0,0.00,0,0
7,25,0,1.96,204,2.32,1173198,Y4,,,0,16.030,clean,0,0,0.00,0,0
7,26,0,1.36,386,2.45,1313567,Y4,,,0,15.402,clean,0,0,0.00,0,0
7,27,0,1.79,623,2.39,1258045,Y4,,,0,14.970,clean,0,0,0.00,0,0
7,28,0,1.37,116,2.45,1407802,Y4,,,0,14.456,clean,0,0,0.00,0,0
7,29,0,1.50,1,2.36,2861,Y2,,,0,14.660,clean,0,0,0.00,0,0
7,30,0,1.69,1,2.68,1269579,Y4,,,0,15.009,clean,0,0,0.00,0,0
7,31,0,1.69,1,2.54,1176238,Y4,,,0,14.951,clean,0,0,0.00,0,0
7,32,0,1.34,1171,2.36,151813,Y4,,,0,14.426,clean,0,0,0.00,0,0
7,33,0,1.86,1,2.35,772119,Y4,,,0,13.806,clean,0,0,0.00,0,0
7,34,0,1.96,1,2.45,807613,Y4,,,0,13.645,clean,0,0,0.00,0,0
7,35,0,1.72,1,2.43,1127064,Y2,,,0,14.028,clean,0,0,0.00,0,0
7,36,0,1.59,1,2.47,886381,Y4,,,0,14.548,clean,0,0,0.00,0,0
7,37,0,1.68,1,2.57,128210,Y4,,,0,14.667,clean,0,0,0.00,0,0
7,38,0,1.88,1,2.28,918657,Y4,,,0,14.175,clean,0,0,0.00,0,0
7,39,0,1.74,1,2.90,73135,Y4,,,0,13.523,clean,0,0,0.00,0,0
7,40,0,1.84,1,2.40,659019,Y4,,,0,13.196,clean,0,0,0.00,0,0
7,41,0,1.68,1,2.45,358522,Y2,,,0,13.412,clean,0,0,0.00,0,0
7,42,0,1.81,1,2.35,215113,Y2,,,0,13.879,clean,0,0,0.00,0,0
7,43,0,1.55,1,2.34,215650,Y2,,,0,14.095,clean,0,0,0.00,0,0
7,44,0,1.52,1,2.28,15467,Y4,,,0,13.623,clean,0,0,0.00,0,0
7,45,0,1.85,1,2.40,1054555,Y4,,,0,12.799,clean,0,0,0.00,0,0
7,46,0,1.69,1,2.50,679940,Y4,,,0,12.268,clean,0,0,0.00,0,0
7,47,0,1.98,1,2.32,551194,Y2,,,0,12.131,clean,0,0,0.00,0,0
7,48,0,1.66,1,2.60,312746,Y2,,,0,12.330,clean,0,0,0.00,0,0
7,49,0,2.00,1,2.33,626296,Y2,,,0,12.397,clean,0,0,0.00,0,0
7,50,0,1.88,1,2.26,1006722,Y2,,,0,11.900,clean,0,0,0.00,0,0
7,51,0,2.05,1,2.33,520349,Y4,,,0,11.083,clean,0,0,0.00,0,0
7,52,0,2.22,1,2.66,1439273,Y4,,,0,10.290,clean,0,0,0.00,0,0
7,53,0,2.43,1,2.49,40144,Y2,,,0,9.731,clean,0,0,0.00,0,0
7,54,0,2.48,1,2.79,1327515,Y4,,,0,9.363,clean,0,0,0.00,0,0
7,55,0,2.86,1,2.83,803947,Y4,0.00/noise-like,0.24/noise-like,0,8.854,hump-note,0,0,0.00,0,0
7,56,0,3.11,1,2.62,699073,Y2,0.00/noise-like,0.00/noise-like,0,7.942,hump-note,0,0,0.00,0,0
7,57,0,0,-1,0,0,-,,,0,6.782,QUARANTINE:dark-lane range=60 distinct=58,0,0,0.00,0,0
7,58,0,0,-1,0,0,-,,,0,5.749,QUARANTINE:dark-lane range=50 distinct=50,0,0,0.00,0,0
7,59,0,0,-1,0,0,-,,,0,4.874,QUARANTINE:dark-lane range=44 distinct=44,0,0,0.00,0,0
7,60,0,0,-1,0,0,-,,,0,4.163,QUARANTINE:dark-lane range=38 distinct=39,0,0,0.00,0,0
7,61,0,0,-1,0,0,-,,,0,3.556,QUARANTINE:dark-lane range=30 distinct=31,0,0,0.00,0,0
7,62,0,0,-1,0,0,-,,,0,2.958,QUARANTINE:dark-lane range=27 distinct=28,0,0,0.00,0,0
7,63,0,0,-1,0,0,-,,,0,2.400,QUARANTINE:dark-lane range=22 distinct=23,0,0,0.00,0,0
8,0,0,1.39,962,2.36,552446,Y4,,,0,20.727,clean,0,0,0.00,0,0
8,1,0,1.49,1,2.32,154138,Y4,,,0,19.564,clean,0,0,0.00,0,0
8,2,0,1.37,1,2.55,245869,Y2,,,0,18.563,clean,0,0,0.00,0,0
8,3,0,1.48,1,2.28,195622,Y2,,,0,17.946,clean,0,0,0.00,0,0
8,4,0,1.46,1,2.47,329733,Y4,,,0,17.844,clean,0,0,0.00,0,0
8,5,0,1.55,1,2.41,160217,Y2,,,0,18.035,clean,0,0,0.00,0,0
8,6,0,1.46,1478,2.37,751734,Y2,,,0,18.008,clean,0,0,0.00,0,0
8,7,0,1.40,899,2.53,1039356,Y2,,,0,17.437,clean,0,0,0.00,0,0
8,8,0,1.65,1,2.42,1440167,Y2,,,0,16.751,clean,0,0,0.00,0,0
8,9,0,1.37,1457,2.33,1180083,Y2,,,0,16.245,clean,0,0,0.00,0,0
8,10,0,1.48,1,2.38,975251,Y2,,,0,16.250,clean,0,0,0.00,0,0
8,11,0,1.52,1,2.52,517040,Y4,,,0,16.608,clean,0,0,0.00,0,0
8,12,0,1.53,1,2.42,146270,Y4,,,0,16.826,clean,0,0,0.00,0,0
8,13,0,1.58,1,2.52,704259,Y2,,,0,16.702,clean,0,0,0.00,0,0
8,14,0,1.64,1,2.32,216544,Y2,,,0,16.199,clean,0,0,0.00,0,0
8,15,0,1.64,1,2.72,1131266,Y2,,,0,15.892,clean,0,0,0.00,0,0
8,16,0,1.49,1,2.73,836670,Y4,,,0,16.217,clean,0,0,0.00,0,0
8,17,0,1.41,1,2.59,318110,Y2,,,0,16.862,clean,0,0,0.00,0,0
8,18,0,1.61,648,2.25,300050,Y4,,,0,19.196,clean,0,0,0.00,0,0
8,19,0,1.59,1,2.51,332952,Y4,,,0,17.235,clean,0,0,0.00,0,0
8,20,0,1.58,1,2.28,270456,Y2,,,0,16.368,clean,0,0,0.00,0,0
8,21,0,1.62,1,2.43,1038283,Y4,,,0,15.626,clean,0,0,0.00,0,0
8,22,0,1.35,1,2.25,12338,Y2,,,0,15.401,clean,0,0,0.00,0,0
8,23,0,1.55,1,2.35,441223,Y2,,,0,15.749,clean,0,0,0.00,0,0
8,24,0,1.47,258,2.38,388831,Y2,,,0,16.139,clean,0,0,0.00,0,0
8,25,0,2.22,204,2.51,515699,Y4,,,0,15.998,clean,0,0,0.00,0,0
8,26,0,1.63,1,2.73,201881,Y4,,,0,15.394,clean,0,0,0.00,0,0
8,27,0,1.97,1,2.29,153154,Y4,,,0,14.977,clean,0,0,0.00,0,0
8,28,0,1.58,1,2.36,89318,Y4,,,0,14.427,clean,0,0,0.00,0,0
8,29,0,1.85,1,2.35,1110613,Y4,,,0,14.672,clean,0,0,0.00,0,0
8,30,0,1.48,1,2.51,1437843,Y2,,,0,15.026,clean,0,0,0.00,0,0
8,31,0,1.65,1,2.41,1044899,Y4,,,0,14.980,clean,0,0,0.00,0,0
8,32,0,1.43,1270,2.27,1402438,Y2,,,0,14.404,clean,0,0,0.00,0,0
8,33,0,1.56,1,2.33,999749,Y4,,,0,13.817,clean,0,0,0.00,0,0
8,34,0,2.03,1,2.34,1036316,Y4,,,0,13.660,clean,0,0,0.00,0,0
8,35,0,1.62,1,2.29,567466,Y4,,,0,13.994,clean,0,0,0.00,0,0
8,36,0,1.60,1,2.34,1385987,Y4,,,0,14.526,clean,0,0,0.00,0,0
8,37,0,1.86,1,2.49,1109988,Y2,,,0,14.659,clean,0,0,0.00,0,0
8,38,0,1.82,1,2.36,554681,Y2,,,0,14.165,clean,0,0,0.00,0,0
8,39,0,1.91,1,2.47,160843,Y4,,,0,13.521,clean,0,0,0.00,0,0
8,40,0,2.08,1,2.28,807256,Y4,,,0,13.190,clean,0,0,0.00,0,0
8,41,0,1.53,1,2.39,1317233,Y2,,,0,13.407,clean,0,0,0.00,0,0
8,42,0,1.62,1,2.42,198394,Y2,,,0,13.882,clean,0,0,0.00,0,0
8,43,0,2.04,1,2.40,325441,Y4,,,0,14.131,clean,0,0,0.00,0,0
8,44,0,1.64,1,2.44,984728,Y2,,,0,13.625,clean,0,0,0.00,0,0
8,45,0,1.73,1,2.37,901312,Y4,,,0,12.804,clean,0,0,0.00,0,0
8,46,0,1.91,1,2.40,156999,Y2,,,0,12.269,clean,0,0,0.00,0,0
8,47,0,1.80,1,2.31,59992,Y4,,,0,12.123,clean,0,0,0.00,0,0
8,48,0,1.85,1,2.22,1087099,Y2,,,0,12.320,clean,0,0,0.00,0,0
8,49,0,1.88,1,2.57,963718,Y4,,,0,12.395,clean,0,0,0.00,0,0
8,50,0,1.80,1,2.58,907034,Y4,,,0,11.943,clean,0,0,0.00,0,0
8,51,0,1.88,1,2.45,908285,Y4,,,0,11.078,clean,0,0,0.00,0,0
8,52,0,2.47,1,2.35,1016647,Y2,,,0,10.269,clean,0,0,0.00,0,0
8,53,0,2.49,1,2.33,942171,Y4,,,0,9.740,clean,0,0,0.00,0,0
8,54,0,2.62,1,2.52,470012,Y2,0.00/noise-like,0.00/noise-like,0,9.361,hump-note,0,0,0.00,0,0
8,55,0,2.59,1,2.37,49800,Y2,0.24/noise-like,0.00/noise-like,0,8.875,hump-note,0,0,0.00,0,0
8,56,0,3.25,1,2.37,819415,Y2,0.00/noise-like,0.24/noise-like,0,7.943,hump-note,0,0,0.00,0,0
8,57,0,0,-1,0,0,-,,,0,6.778,QUARANTINE:dark-lane range=58 distinct=58,0,0,0.00,0,0
8,58,0,0,-1,0,0,-,,,0,5.735,QUARANTINE:dark-lane range=50 distinct=49,0,0,0.00,0,0
8,59,0,0,-1,0,0,-,,,0,4.870,QUARANTINE:dark-lane range=42 distinct=43,0,0,0.00,0,0
8,60,0,0,-1,0,0,-,,,0,4.169,QUARANTINE:dark-lane range=36 distinct=37,0,0,0.00,0,0
8,61,0,0,-1,0,0,-,,,0,3.555,QUARANTINE:dark-lane range=30 distinct=31,0,0,0.00,0,0
8,62,0,0,-1,0,0,-,,,0,2.960,QUARANTINE:dark-lane range=25 distinct=26,0,0,0.00,0,0
8,63,0,0,-1,0,0,-,,,0,2.401,QUARANTINE:dark-lane range=20 distinct=21,0,0,0.00,0,0
9,0,0,1.36,1371,2.34,110060,Y2,,,0,20.705,clean,0,0,0.00,0,0
9,1,0,1.37,955,2.82,645876,Y2,,,0,19.591,clean,0,0,0.00,0,0
9,2,0,1.47,1,2.31,142783,Y2,,,0,18.580,clean,0,0,0.00,0,0
9,3,0,1.57,1,2.69,966489,Y2,,,0,17.941,clean,0,0,0.00,0,0
9,4,0,1.35,1544,2.27,1203597,Y2,,,0,17.835,clean,0,0,0.00,0,0
9,5,0,1.43,190,2.40,1255453,Y2,,,0,18.029,clean,0,0,0.00,0,0
9,6,0,1.77,1478,2.96,29951,Y2,,,0,17.984,clean,0,0,0.00,0,0
9,7,0,1.56,1,2.80,908196,Y4,,,2,17.425,clean,0,0,0.00,0,0
9,8,0,1.48,1,2.55,110865,Y2,,,0,16.745,clean,0,0,0.00,0,0
9,9,0,1.68,1,2.26,263482,Y2,,,0,16.257,clean,0,0,0.00,0,0
9,10,0,1.40,1317,2.51,99778,Y4,,,0,16.243,clean,0,0,0.00,0,0
9,11,0,1.52,1,2.69,564784,Y2,,,0,16.656,clean,0,0,0.00,0,0
9,12,0,1.40,1,2.35,1010746,Y4,,,0,16.866,clean,0,0,0.00,0,0
9,13,0,1.48,1,2.36,830233,Y4,,,0,16.712,clean,0,0,0.00,0,0
9,14,0,1.44,1,2.28,1212895,Y4,,,0,16.238,clean,0,0,0.00,0,0
9,15,0,1.67,1,2.32,232458,Y4,,,0,15.937,clean,0,0,0.00,0,0
9,16,0,1.47,1,2.30,1106769,Y4,,,0,16.192,clean,0,0,0.00,0,0
9,17,0,1.52,1,2.25,487894,Y2,,,0,16.888,clean,0,0,0.00,0,0
9,18,0,1.63,717,2.25,955582,Y4,,,0,19.226,clean,0,0,0.00,0,0
9,19,0,1.56,1,2.33,390172,Y4,,,0,17.274,clean,0,0,0.00,0,0
9,20,0,1.60,1,2.32,1291752,Y2,,,0,16.350,clean,0,0,0.00,0,0
9,21,0,1.66,1,2.38,372201,Y2,,,0,15.656,clean,0,0,0.00,0,0
9,22,0,1.44,1490,2.57,1396716,Y2,,,0,15.412,clean,0,0,0.00,0,0
9,23,0,1.58,1,2.41,1261443,Y4,,,0,15.774,clean,0,0,0.00,0,0
9,24,0,1.58,1,2.20,421464,Y4,,,0,16.103,clean,0,0,0.00,0,0
9,25,0,2.10,204,2.79,410378,Y4,,,1,16.038,clean,0,0,0.00,0,0
9,26,0,1.49,1,2.39,1065373,Y2,,,0,15.380,clean,0,0,0.00,0,0
9,27,0,1.58,627,2.51,653923,Y4,,,0,14.975,clean,0,0,0.00,0,0
9,28,0,1.67,1,2.54,367820,Y4,,,0,14.465,clean,0,0,0.00,0,0
9,29,0,1.71,1,2.43,588566,Y4,,,0,14.697,clean,0,0,0.00,0,0
9,30,0,1.58,1,2.60,814140,Y4,,,0,14.994,clean,0,0,0.00,0,0
9,31,0,1.68,1,2.63,61601,Y4,,,0,14.972,clean,0,0,0.00,0,0
9,32,0,1.35,723,2.51,255078,Y2,,,0,14.401,clean,0,0,0.00,0,0
9,33,0,1.68,1,2.50,482976,Y2,,,0,13.790,clean,0,0,0.00,0,0
9,34,0,1.77,1,2.42,1324922,Y2,,,0,13.642,clean,0,0,0.00,0,0
9,35,0,1.74,1,2.44,368983,Y4,,,0,14.010,clean,0,0,0.00,0,0
9,36,0,1.48,1,2.49,785619,Y4,,,0,14.506,clean,0,0,0.00,0,0
9,37,0,1.75,1,2.53,972837,Y4,,,0,14.677,clean,0,0,0.00,0,0
9,38,0,1.76,1,2.62,257492,Y4,,,0,14.166,clean,0,0,0.00,0,0
9,39,0,1.67,1,2.59,604033,Y2,,,0,13.525,clean,0,0,0.00,0,0
9,40,0,1.56,1,2.64,747889,Y4,,,0,13.193,clean,0,0,0.00,0,0
9,41,0,1.52,1,2.27,316948,Y4,,,0,13.401,clean,0,0,0.00,0,0
9,42,0,1.76,1,2.39,593841,Y2,,,0,13.884,clean,0,0,0.00,0,0
9,43,0,1.80,1,2.80,328124,Y2,,,0,14.130,clean,0,0,0.00,0,0
9,44,0,1.55,1,2.52,1330644,Y2,,,0,13.614,clean,0,0,0.00,0,0
9,45,0,1.88,1,2.32,765145,Y2,,,0,12.791,clean,0,0,0.00,0,0
9,46,0,1.67,1,2.38,1214594,Y4,,,0,12.283,clean,0,0,0.00,0,0
9,47,0,2.06,1,2.43,179350,Y2,,,0,12.114,clean,0,0,0.00,0,0
9,48,0,1.65,1,2.37,1442939,Y4,,,0,12.344,clean,0,0,0.00,0,0
9,49,0,1.98,1,2.50,995189,Y4,,,0,12.422,clean,0,0,0.00,0,0
9,50,0,1.91,1,2.42,535816,Y4,,,0,11.913,clean,0,0,0.00,0,0
9,51,0,2.30,1,2.30,1403153,Y4,,,0,11.085,clean,0,0,0.00,0,0
9,52,0,2.08,1,2.47,1181692,Y2,,,0,10.293,clean,0,0,0.00,0,0
9,53,0,2.66,1,2.31,4202,Y2,0.00/noise-like,0.00/noise-like,0,9.735,hump-note,0,0,0.00,0,0
9,54,0,2.65,1,2.34,1461446,Y4,0.00/noise-like,0.00/noise-like,0,9.367,hump-note,0,0,0.00,0,0
9,55,0,2.35,1,2.45,1284242,Y4,,,0,8.853,clean,0,0,0.00,0,0
9,56,0,3.02,1,2.51,808954,Y2,0.00/noise-like,0.00/noise-like,0,7.961,hump-note,0,0,0.00,0,0
9,57,0,0,-1,0,0,-,,,6,6.783,QUARANTINE:dark-lane range=62 distinct=61,0,0,0.00,0,0
9,58,0,0,-1,0,0,-,,,0,5.744,QUARANTINE:dark-lane range=55 distinct=52,0,0,0.00,0,0
9,59,0,0,-1,0,0,-,,,0,4.876,QUARANTINE:dark-lane range=43 distinct=43,0,0,0.00,0,0
9,60,0,0,-1,0,0,-,,,0,4.166,QUARANTINE:dark-lane range=36 distinct=37,0,0,0.00,0,0
9,61,0,0,-1,0,0,-,,,0,3.562,QUARANTINE:dark-lane range=30 distinct=31,0,0,0.00,0,0
9,62,0,0,-1,0,0,-,,,0,2.952,QUARANTINE:dark-lane range=27 distinct=27,0,0,0.00,0,0
9,63,0,0,-1,0,0,-,,,0,2.403,QUARANTINE:dark-lane range=20 distinct=21,0,0,0.00,0,0
10,0,0,1.36,22,2.98,1262784,Y2,,,0,20.705,clean,0,0,0.00,0,0
10,1,0,1.36,1539,2.51,356108,Y4,,,0,19.570,clean,0,0,0.00,0,0
10,2,0,1.39,843,2.49,1461267,Y4,,,0,18.586,clean,0,0,0.00,0,0
10,3,0,1.39,1,2.47,155032,Y4,,,0,17.970,clean,0,0,0.00,0,0
10,4,0,1.45,1,2.39,1423270,Y4,,,0,17.836,clean,0,0,0.00,0,0
10,5,0,1.52,1,2.36,938952,Y2,,,0,18.038,clean,0,0,0.00,0,0
10,6,0,1.49,1,2.28,308901,Y4,,,0,17.974,clean,0,0,0.00,0,0
10,7,0,1.48,536,2.42,556827,Y2,,,0,17.448,clean,0,0,0.00,0,0
10,8,0,1.54,1,2.47,285119,Y4,,,0,16.743,clean,0,0,0.00,0,0
10,9,0,1.43,363,2.51,1379281,Y4,,,0,16.214,clean,0,0,0.00,0,0
10,10,0,1.63,1,2.31,1062423,Y4,,,0,16.230,clean,0,0,0.00,0,0
10,11,0,1.38,423,2.38,1112491,Y2,,,0,16.626,clean,0,0,0.00,0,0
10,12,0,1.51,1,2.56,863224,Y2,,,0,16.880,clean,0,0,0.00,0,0
10,13,0,1.48,1,2.37,1196623,Y4,,,0,16.712,clean,0,0,0.00,0,0
10,14,0,1.49,1,2.22,34779,Y4,,,0,16.198,clean,0,0,0.00,0,0
10,15,0,1.46,1,2.79,1464844,Y2,,,0,15.902,clean,0,0,0.00,0,0
10,16,0,1.48,1,2.41,892192,Y4,,,0,16.182,clean,0,0,0.00,0,0
10,17,0,1.53,1,2.35,119001,Y2,,,0,16.867,clean,0,0,0.00,0,0
10,18,0,1.61,797,2.53,5275,Y4,,,0,19.136,clean,0,0,0.00,0,0
10,19,0,1.47,1,2.35,1308113,Y4,,,0,17.237,clean,0,0,0.00,0,0
10,20,0,1.48,1,2.60,425845,Y2,,,0,16.358,clean,0,0,0.00,0,0
10,21,0,1.47,1,2.70,482172,Y2,,,0,15.643,clean,0,0,0.00,0,0
10,22,0,1.75,1,2.28,618339,Y2,,,0,15.434,clean,0,0,0.00,0,0
10,23,0,1.67,1,2.60,117660,Y2,,,0,15.739,clean,0,0,0.00,0,0
10,24,0,1.47,1,2.50,1464307,Y4,,,0,16.132,clean,0,0,0.00,0,0
10,25,0,2.16,204,2.41,481546,Y4,,,1,16.023,clean,0,0,0.00,0,0
10,26,0,1.64,1,2.21,591874,Y4,,,0,15.391,clean,0,0,0.00,0,0
10,27,0,1.72,1,2.31,1026303,Y2,,,0,14.961,clean,0,0,0.00,0,0
10,28,0,1.51,1,2.63,561386,Y2,,,0,14.441,clean,0,0,0.00,0,0
10,29,0,1.58,1,2.54,118107,Y4,,,0,14.663,clean,0,0,0.00,0,0
10,30,0,2.08,1,2.38,741363,Y4,,,0,15.025,clean,0,0,0.00,0,0
10,31,0,1.62,1,2.39,532240,Y4,,,0,14.964,clean,0,0,0.00,0,0
10,32,0,1.36,815,2.61,375509,Y2,,,0,14.414,clean,0,0,0.00,0,0
10,33,0,1.62,1,2.45,588298,Y4,,,0,13.802,clean,0,0,0.00,0,0
10,34,0,1.96,1,2.65,279129,Y4,,,0,13.629,clean,0,0,0.00,0,0
10,35,0,1.75,1,2.39,799656,Y4,,,0,14.032,clean,0,0,0.00,0,0
10,36,0,1.53,1,2.40,1296580,Y2,,,0,14.546,clean,0,0,0.00,0,0
10,37,0,1.56,1,3.11,694692,Y2,0.24/noise-like,0.00/noise-like,0,14.649,FAM-HIT,0,0,0.00,0,0
10,38,0,1.79,1,2.51,174165,Y4,,,0,14.186,clean,0,0,0.00,0,0
10,39,0,1.72,1,2.24,696659,Y4,,,0,13.512,clean,0,0,0.00,0,0
10,40,0,1.93,1,2.32,43541,Y2,,,0,13.181,clean,0,0,0.00,0,0
10,41,0,1.83,1,2.33,1325816,Y4,,,0,13.427,clean,0,0,0.00,0,0
10,42,0,1.78,1,2.35,1082182,Y4,,,0,13.844,clean,0,0,0.00,0,0
10,43,0,1.45,1,2.34,43631,Y2,,,0,14.140,clean,0,0,0.00,0,0
10,44,0,1.68,1,2.33,31382,Y4,,,0,13.613,clean,0,0,0.00,0,0
10,45,0,2.16,1,2.46,1353532,Y2,,,0,12.798,clean,0,0,0.00,0,0
10,46,0,2.07,1,2.28,1315087,Y2,,,0,12.286,clean,0,0,0.00,0,0
10,47,0,1.72,1,2.65,414759,Y2,,,0,12.131,clean,0,0,0.00,0,0
10,48,0,1.83,1,2.70,404298,Y2,,,0,12.344,clean,0,0,0.00,0,0
10,49,0,1.66,1,2.55,345916,Y2,,,0,12.415,clean,0,0,0.00,0,0
10,50,0,2.27,1,2.62,1029521,Y4,,,0,11.934,clean,0,0,0.00,0,0
10,51,0,2.22,1,2.51,1352280,Y2,,,0,11.088,clean,0,0,0.00,0,0
10,52,0,2.28,1,2.34,346541,Y2,,,0,10.297,clean,0,0,0.00,0,0
10,53,0,2.33,1,2.73,179082,Y2,,,0,9.730,clean,0,0,0.00,0,0
10,54,0,2.46,1,2.30,665456,Y2,,,0,9.353,clean,0,0,0.00,0,0
10,55,0,2.66,1,2.72,1019508,Y2,0.00/noise-like,0.00/noise-like,0,8.868,hump-note,0,0,0.00,0,0
10,56,0,3.24,1,2.44,332236,Y2,0.00/noise-like,0.24/noise-like,0,7.955,hump-note,0,0,0.00,0,0
10,57,0,0,-1,0,0,-,,,3,6.795,QUARANTINE:dark-lane range=58 distinct=58,0,0,0.00,0,0
10,58,0,0,-1,0,0,-,,,0,5.746,QUARANTINE:dark-lane range=53 distinct=52,0,0,0.00,0,0
10,59,0,0,-1,0,0,-,,,0,4.880,QUARANTINE:dark-lane range=42 distinct=43,0,0,0.00,0,0
10,60,0,0,-1,0,0,-,,,0,4.162,QUARANTINE:dark-lane range=38 distinct=37,0,0,0.00,0,0
10,61,0,0,-1,0,0,-,,,0,3.563,QUARANTINE:dark-lane range=37 distinct=31,0,0,0.00,0,0
10,62,0,0,-1,0,0,-,,,0,2.959,QUARANTINE:dark-lane range=25 distinct=26,0,0,0.00,0,0
10,63,0,0,-1,0,0,-,,,0,2.400,QUARANTINE:dark-lane range=20 distinct=21,0,0,0.00,0,0
11,0,0,1.37,83,2.55,984997,Y4,,,0,20.742,clean,0,0,0.00,0,0
11,1,0,1.35,153,2.58,576764,Y4,,,0,19.555,clean,0,0,0.00,0,0
11,2,0,1.39,370,2.36,1452684,Y4,,,0,18.584,clean,0,0,0.00,0,0
11,3,0,1.58,1,2.32,608146,Y2,,,0,17.983,clean,0,0,0.00,0,0
11,4,0,1.49,1,2.46,1237124,Y4,,,0,17.856,clean,0,0,0.00,0,0
11,5,0,1.39,947,2.52,465631,Y4,,,0,18.029,clean,0,0,0.00,0,0
11,6,0,1.38,1478,2.55,1419872,Y2,,,0,18.007,clean,0,0,0.00,0,0
11,7,0,1.68,1,2.34,1115352,Y4,,,0,17.424,clean,0,0,0.00,0,0
11,8,0,1.47,1,2.69,612617,Y2,,,0,16.739,clean,0,0,0.00,0,0
11,9,0,1.59,1,2.48,39607,Y4,,,0,16.240,clean,0,0,0.00,0,0
11,10,0,1.66,1,2.31,325710,Y4,,,0,16.235,clean,0,0,0.00,0,0
11,11,0,1.56,1,2.46,772387,Y2,,,0,16.622,clean,0,0,0.00,0,0
11,12,0,1.84,1,2.40,346184,Y4,,,0,16.876,clean,0,0,0.00,0,0
11,13,0,1.34,1,2.31,1053482,Y2,,,0,16.712,clean,0,0,0.00,0,0
11,14,0,1.51,1,2.41,1232743,Y2,,,0,16.219,clean,0,0,0.00,0,0
11,15,0,1.79,1,2.44,939757,Y4,,,0,15.932,clean,0,0,0.00,0,0
11,16,0,1.49,1,2.28,321150,Y4,,,0,16.175,clean,0,0,0.00,0,0
11,17,0,1.72,1,2.56,1052588,Y2,,,0,16.866,clean,0,0,0.00,0,0
11,18,0,1.55,761,2.30,29325,Y2,,,0,19.207,clean,0,0,0.00,0,0
11,19,0,1.47,1,2.54,909716,Y4,,,0,17.245,clean,0,0,0.00,0,0
11,20,0,1.36,1390,2.38,65267,Y2,,,0,16.329,clean,0,0,0.00,0,0
11,21,0,1.39,1,2.48,670373,Y4,,,0,15.647,clean,0,0,0.00,0,0
11,22,0,1.78,1,2.44,478506,Y4,,,0,15.394,clean,0,0,0.00,0,0
11,23,0,1.58,1,2.66,230938,Y2,,,0,15.723,clean,0,0,0.00,0,0
11,24,0,1.57,1,2.42,1428276,Y2,,,0,16.095,clean,0,0,0.00,0,0
11,25,0,1.79,204,2.45,60707,Y2,,,0,15.997,clean,0,0,0.00,0,0
11,26,0,1.43,1,2.69,34779,Y4,,,0,15.388,clean,0,0,0.00,0,0
11,27,0,1.97,1,2.37,385523,Y2,,,0,14.949,clean,0,0,0.00,0,0
11,28,0,1.62,1,2.59,304878,Y4,,,0,14.449,clean,0,0,0.00,0,0
11,29,0,1.51,1,2.36,935286,Y2,,,0,14.705,clean,0,0,0.00,0,0
11,30,0,1.67,1,2.29,262320,Y2,,,0,15.024,clean,0,0,0.00,0,0
11,31,0,1.56,1,2.30,977129,Y4,,,0,14.995,clean,0,0,0.00,0,0
11,32,0,1.45,1,2.47,1023352,Y4,,,0,14.396,clean,0,0,0.00,0,0
11,33,0,1.53,1,2.44,195891,Y4,,,0,13.813,clean,0,0,0.00,0,0
11,34,0,1.69,1,2.71,487179,Y4,,,0,13.649,clean,0,0,0.00,0,0
11,35,0,1.41,1,2.34,1301676,Y2,,,0,14.003,clean,0,0,0.00,0,0
11,36,0,1.44,1,2.30,1002878,Y4,,,0,14.563,clean,0,0,0.00,0,0
11,37,0,1.52,1,2.35,889599,Y2,,,0,14.654,clean,0,0,0.00,0,0
11,38,0,1.65,1,2.49,411630,Y4,,,0,14.188,clean,0,0,0.00,0,0
11,39,0,1.82,1,2.51,5275,Y4,,,0,13.522,clean,0,0,0.00,0,0
11,40,0,1.70,1,2.42,545204,Y2,,,0,13.222,clean,0,0,0.00,0,0
11,41,0,1.50,1,2.25,289142,Y2,,,0,13.405,clean,0,0,0.00,0,0
11,42,0,1.85,1,2.47,728577,Y2,,,0,13.863,clean,0,0,0.00,0,0
11,43,0,1.51,1,2.52,280559,Y4,,,0,14.106,clean,0,0,0.00,0,0
11,44,0,1.83,1,2.56,827640,Y2,,,0,13.623,clean,0,0,0.00,0,0
11,45,0,1.89,1,2.40,1053035,Y2,,,0,12.808,clean,0,0,0.00,0,0
11,46,0,1.61,1,2.39,982493,Y4,,,0,12.265,clean,0,0,0.00,0,0
11,47,0,2.05,1,2.37,760406,Y2,,,0,12.126,clean,0,0,0.00,0,0
11,48,0,1.89,1,2.45,654459,Y2,,,0,12.326,clean,0,0,0.00,0,0
11,49,0,1.84,1,2.31,980884,Y4,,,0,12.424,clean,0,0,0.00,0,0
11,50,0,2.11,1,2.32,1361847,Y2,,,0,11.927,clean,0,0,0.00,0,0
11,51,0,1.83,1,2.37,378102,Y4,,,0,11.084,clean,0,0,0.00,0,0
11,52,0,2.17,1,2.55,93430,Y2,,,0,10.287,clean,0,0,0.00,0,0
11,53,0,2.56,1,2.38,898987,Y2,0.00/noise-like,0.00/noise-like,0,9.727,hump-note,0,0,0.00,0,0
11,54,0,2.49,1,2.48,1152456,Y4,,,0,9.361,clean,0,0,0.00,0,0
11,55,0,2.80,1,2.40,896126,Y4,0.00/noise-like,0.00/noise-like,0,8.867,hump-note,0,0,0.00,0,0
11,56,0,3.25,1,2.37,845790,Y2,0.00/noise-like,0.00/noise-like,0,7.961,hump-note,0,0,0.00,0,0
11,57,0,0,-1,0,0,-,,,0,6.778,QUARANTINE:dark-lane range=59 distinct=59,0,0,0.00,0,0
11,58,0,0,-1,0,0,-,,,0,5.745,QUARANTINE:dark-lane range=51 distinct=52,0,0,0.00,0,0
11,59,0,0,-1,0,0,-,,,0,4.870,QUARANTINE:dark-lane range=44 distinct=43,0,0,0.00,0,0
11,60,0,0,-1,0,0,-,,,0,4.158,QUARANTINE:dark-lane range=39 distinct=39,0,0,0.00,0,0
11,61,0,0,-1,0,0,-,,,0,3.560,QUARANTINE:dark-lane range=33 distinct=34,0,0,0.00,0,0
11,62,0,0,-1,0,0,-,,,0,2.963,QUARANTINE:dark-lane range=26 distinct=27,0,0,0.00,0,0
11,63,0,0,-1,0,0,-,,,0,2.401,QUARANTINE:dark-lane range=20 distinct=21,0,0,0.00,0,0
12,0,0,1.38,576,2.53,8762,Y2,,,0,20.721,clean,0,0,0.00,0,0
12,1,0,1.46,122,2.55,225395,Y2,,,0,19.582,clean,0,0,0.00,0,0
12,2,0,1.45,1,2.65,1274943,Y2,,,0,18.612,clean,0,0,0.00,0,0
12,3,0,1.40,137,2.57,754863,Y4,,,0,17.973,clean,0,0,0.00,0,0
12,4,0,1.50,1,2.44,342339,Y2,,,0,17.868,clean,0,0,0.00,0,0
12,5,0,1.44,1,2.59,1398414,Y4,,,0,18.044,clean,0,0,0.00,0,0
12,6,0,1.40,1478,2.37,218332,Y2,,,0,17.964,clean,0,0,0.00,0,0
12,7,0,1.60,1,2.65,46313,Y2,,,0,17.418,clean,0,0,0.00,0,0
12,8,0,1.43,1197,2.37,636846,Y4,,,0,16.766,clean,0,0,0.00,0,0
12,9,0,1.56,1,2.47,551105,Y2,,,0,16.212,clean,0,0,0.00,0,0
12,10,0,1.46,1,2.47,111222,Y2,,,0,16.232,clean,0,0,0.00,0,0
12,11,0,1.59,1,2.34,947624,Y4,,,0,16.642,clean,0,0,0.00,0,0
12,12,0,1.53,1,2.25,266701,Y2,,,0,16.877,clean,0,0,0.00,0,0
12,13,0,1.52,1,2.51,17524,Y2,,,0,16.705,clean,0,0,0.00,0,0
12,14,0,1.66,1,2.33,631839,Y2,,,0,16.202,clean,0,0,0.00,0,0
12,15,0,1.35,287,2.65,857949,Y2,,,0,15.904,clean,0,0,0.00,0,0
12,16,0,1.82,1,2.35,1429796,Y4,,,0,16.199,clean,0,0,0.00,0,0
12,17,0,1.40,347,2.25,769347,Y4,,,0,16.850,clean,0,0,0.00,0,0
12,18,0,1.54,704,2.40,56058,Y4,,,0,19.210,clean,0,0,0.00,0,0
12,19,0,1.36,544,2.42,71704,Y2,,,0,17.261,clean,0,0,0.00,0,0
12,20,0,1.51,1,2.50,385255,Y2,,,0,16.342,clean,0,0,0.00,0,0
12,21,0,1.48,1,2.22,1389295,Y2,,,0,15.647,clean,0,0,0.00,0,0
12,22,0,1.55,1,2.55,259817,Y2,,,0,15.383,clean,0,0,0.00,0,0
12,23,0,1.41,1,2.62,232369,Y4,,,0,15.727,clean,0,0,0.00,0,0
12,24,0,1.50,1,2.46,761837,Y4,,,0,16.137,clean,0,0,0.00,0,0
12,25,0,2.06,204,2.25,990897,Y4,,,0,16.006,clean,0,0,0.00,0,0
12,26,0,1.62,1,2.47,129819,Y4,,,0,15.383,clean,0,0,0.00,0,0
12,27,0,1.68,1,2.47,342518,Y4,,,0,14.975,clean,0,0,0.00,0,0
12,28,0,1.80,1,2.47,742346,Y2,,,0,14.418,clean,0,0,0.00,0,0
12,29,0,2.02,1,2.47,1422107,Y2,,,0,14.662,clean,0,0,0.00,0,0
12,30,0,1.53,1,2.39,213504,Y4,,,0,15.026,clean,0,0,0.00,0,0
12,31,0,1.43,1,2.47,1298815,Y2,,,0,14.998,clean,0,0,0.00,0,0
12,32,0,1.34,701,2.52,200987,Y4,,,0,14.421,clean,0,0,0.00,0,0
12,33,0,1.89,1,2.46,145286,Y4,,,0,13.825,clean,0,0,0.00,0,0
12,34,0,1.49,1,2.52,703990,Y4,,,0,13.636,clean,0,0,0.00,0,0
12,35,0,1.67,1,2.67,214398,Y2,,,0,14.005,clean,0,0,0.00,0,0
12,36,0,1.92,1,2.30,560582,Y4,,,0,14.542,clean,0,0,0.00,0,0
12,37,0,1.68,1,2.44,318289,Y2,,,0,14.663,clean,0,0,0.00,0,0
12,38,0,1.55,1,2.41,508547,Y2,,,0,14.191,clean,0,0,0.00,0,0
12,39,0,1.54,1,2.63,1100779,Y4,,,0,13.506,clean,0,0,0.00,0,0
12,40,0,1.77,1,2.57,1406372,Y2,,,0,13.202,clean,0,0,0.00,0,0
12,41,0,1.63,1,2.58,1314014,Y4,,,0,13.406,clean,0,0,0.00,0,0
12,42,0,1.66,1,2.42,126868,Y2,,,0,13.873,clean,0,0,0.00,0,0
12,43,0,1.61,1,2.42,1098365,Y4,,,0,14.120,clean,0,0,0.00,0,0
12,44,0,1.53,1,2.37,1113743,Y4,,,0,13.665,clean,0,0,0.00,0,0
12,45,0,1.83,1,2.54,1149505,Y2,,,0,12.802,clean,0,0,0.00,0,0
12,46,0,2.03,1,2.55,854105,Y2,,,0,12.268,clean,0,0,0.00,0,0
12,47,0,1.75,1,2.26,626,Y2,,,0,12.132,clean,0,0,0.00,0,0
12,48,0,1.95,1,2.51,358790,Y4,,,0,12.339,clean,0,0,0.00,0,0
12,49,0,2.08,1,2.55,541896,Y2,,,0,12.403,clean,0,0,0.00,0,0
12,50,0,1.80,1,2.36,1028717,Y2,,,0,11.917,clean,0,0,0.00,0,0
12,51,0,2.00,1,2.57,59545,Y2,,,0,11.099,clean,0,0,0.00,0,0
12,52,0,2.16,1,2.67,1382053,Y2,,,0,10.309,clean,0,0,0.00,0,0
12,53,0,2.98,1,2.32,123739,Y4,0.00/noise-like,0.00/noise-like,0,9.754,hump-note,0,0,0.00,0,0
12,54,0,2.62,1,2.32,1342714,Y2,0.24/noise-like,0.24/noise-like,0,9.351,hump-note,0,0,0.00,0,0
12,55,0,2.51,1,2.26,1175165,Y2,0.24/noise-like,0.00/noise-like,0,8.869,hump-note,0,0,0.00,0,0
12,56,0,3.24,1,2.44,1127869,Y2,0.00/noise-like,0.00/noise-like,0,7.954,hump-note,0,0,0.00,0,0
12,57,0,0,-1,0,0,-,,,0,6.772,QUARANTINE:dark-lane range=58 distinct=59,0,0,0.00,0,0
12,58,0,0,-1,0,0,-,,,0,5.737,QUARANTINE:dark-lane range=49 distinct=50,0,0,0.00,0,0
12,59,0,0,-1,0,0,-,,,0,4.878,QUARANTINE:dark-lane range=43 distinct=43,0,0,0.00,0,0
12,60,0,0,-1,0,0,-,,,0,4.160,QUARANTINE:dark-lane range=38 distinct=37,0,0,0.00,0,0
12,61,0,0,-1,0,0,-,,,0,3.563,QUARANTINE:dark-lane range=31 distinct=32,0,0,0.00,0,0
12,62,0,0,-1,0,0,-,,,0,2.958,QUARANTINE:dark-lane range=25 distinct=26,0,0,0.00,0,0
12,63,0,0,-1,0,0,-,,,0,2.400,QUARANTINE:dark-lane range=20 distinct=21,0,0,0.00,0,0
13,0,0,1.36,1036,2.38,761926,Y4,,,0,20.731,clean,0,0,0.00,0,0
13,1,0,1.42,1,2.56,294417,Y2,,,0,19.578,clean,0,0,0.00,0,0
13,2,0,1.35,1,2.50,521243,Y4,,,0,18.576,clean,0,0,0.00,0,0
13,3,0,1.32,564,2.29,1330376,Y2,,,0,18.003,clean,0,0,0.00,0,0
13,4,0,1.36,1,2.53,1069933,Y4,,,0,17.822,clean,0,0,0.00,0,0
13,5,0,1.39,769,2.23,568628,Y2,,,0,18.056,clean,0,0,0.00,0,0
13,6,0,1.62,1,2.50,672072,Y2,,,0,17.947,clean,0,0,0.00,0,0
13,7,0,1.68,1,2.32,1267791,Y4,,,0,17.451,clean,0,0,0.00,0,0
13,8,0,1.35,153,2.50,1427740,Y4,,,0,16.756,clean,0,0,0.00,0,0
13,9,0,1.52,1,2.39,1083165,Y4,,,0,16.236,clean,0,0,0.00,0,0
13,10,0,1.48,1,2.23,66966,Y2,,,0,16.264,clean,0,0,0.00,0,0
13,11,0,1.40,1,2.27,1110077,Y4,,,0,16.608,clean,0,0,0.00,0,0
13,12,0,1.47,1,2.23,355124,Y4,,,0,16.872,clean,0,0,0.00,0,0
13,13,0,1.63,1,2.53,452667,Y4,,,0,16.702,clean,0,0,0.00,0,0
13,14,0,1.45,1,2.30,1098096,Y2,,,0,16.192,clean,0,0,0.00,0,0
13,15,0,1.39,1,2.27,125080,Y2,,,0,15.933,clean,0,0,0.00,0,0
13,16,0,1.58,1,2.43,1118839,Y2,,,0,16.170,clean,0,0,0.00,0,0
13,17,0,1.64,1,2.18,860274,Y2,,,0,16.852,clean,0,0,0.00,0,0
13,18,0,1.63,751,2.40,396430,Y2,,,0,19.207,clean,0,0,0.00,0,0
13,19,0,1.47,1,2.30,338942,Y4,,,0,17.232,clean,0,0,0.00,0,0
13,20,0,1.59,1,2.44,373363,Y2,,,0,16.320,clean,0,0,0.00,0,0
13,21,0,1.38,1467,2.33,150293,Y2,,,0,15.639,clean,0,0,0.00,0,0
13,22,0,1.84,1,2.65,1345664,Y2,,,0,15.396,clean,0,0,0.00,0,0
13,23,0,1.80,1,2.46,170052,Y4,,,0,15.716,clean,0,0,0.00,0,0
13,24,0,1.44,1,2.56,465274,Y2,,,0,16.138,clean,0,0,0.00,0,0
13,25,0,2.11,204,2.32,217259,Y4,,,0,15.982,clean,0,0,0.00,0,0
13,26,0,1.50,1,2.36,1305699,Y4,,,0,15.377,clean,0,0,0.00,0,0
13,27,0,1.67,633,2.56,1021028,Y2,,,0,14.962,clean,0,0,0.00,0,0
13,28,0,1.70,1,2.39,1091391,Y2,,,0,14.446,clean,0,0,0.00,0,0
13,29,0,1.65,1,2.29,777572,Y2,,,0,14.689,clean,0,0,0.00,0,0
13,30,0,1.60,1,2.45,1104265,Y4,,,0,14.998,clean,0,0,0.00,0,0
13,31,0,1.56,1,2.23,1344949,Y2,,,0,14.968,clean,0,0,0.00,0,0
13,32,0,1.53,383,2.51,296205,Y2,,,0,14.423,clean,0,0,0.00,0,0
13,33,0,1.77,1,2.34,362456,Y2,,,0,13.838,clean,0,0,0.00,0,0
13,34,0,1.89,1,2.62,1387686,Y4,,,0,13.612,clean,0,0,0.00,0,0
13,35,0,1.65,1,2.26,1274228,Y2,,,0,14.009,clean,0,0,0.00,0,0
13,36,0,1.60,1,2.40,862420,Y4,,,0,14.527,clean,0,0,0.00,0,0
13,37,0,1.63,1,2.30,1323938,Y2,,,0,14.628,clean,0,0,0.00,0,0
13,38,0,1.79,1,2.32,1360238,Y2,,,0,14.162,clean,0,0,0.00,0,0
13,39,0,2.04,1,2.53,802159,Y2,,,0,13.522,clean,0,0,0.00,0,0
13,40,0,1.63,1,2.23,300586,Y4,,,0,13.177,clean,0,0,0.00,0,0
13,41,0,1.77,1,2.69,1169443,Y2,,,0,13.411,clean,0,0,0.00,0,0
13,42,0,1.65,1,2.38,1040339,Y2,,,0,13.883,clean,0,0,0.00,0,0
13,43,0,1.70,1,2.64,541180,Y2,,,0,14.121,clean,0,0,0.00,0,0
13,44,0,1.94,1,2.32,86904,Y2,,,0,13.623,clean,0,0,0.00,0,0
13,45,0,1.83,1,2.38,261515,Y2,,,0,12.782,clean,0,0,0.00,0,0
13,46,0,2.06,1,2.50,305504,Y4,,,0,12.250,clean,0,0,0.00,0,0
13,47,0,1.94,1,2.38,1203507,Y4,,,0,12.117,clean,0,0,0.00,0,0
13,48,0,1.73,1,2.44,367373,Y2,,,0,12.326,clean,0,0,0.00,0,0
13,49,0,2.05,1,2.59,558257,Y2,,,0,12.397,clean,0,0,0.00,0,0
13,50,0,1.85,1,2.34,836134,Y2,,,0,11.920,clean,0,0,0.00,0,0
13,51,0,2.14,1,2.46,1197606,Y4,,,0,11.071,clean,0,0,0.00,0,0
13,52,0,2.07,1,2.31,1259476,Y2,,,0,10.285,clean,0,0,0.00,0,0
13,53,0,2.22,1,2.37,311941,Y4,,,0,9.714,clean,0,0,0.00,0,0
13,54,0,2.64,1,2.32,1031756,Y2,0.00/noise-like,0.00/noise-like,0,9.366,hump-note,0,0,0.00,0,0
13,55,0,2.85,1,2.70,327945,Y2,0.00/noise-like,0.00/noise-like,0,8.854,hump-note,0,0,0.00,0,0
13,56,0,3.26,1,2.73,783205,Y4,0.24/noise-like,0.24/noise-like,0,7.947,hump-note,0,0,0.00,0,0
13,57,0,0,-1,0,0,-,,,0,6.778,QUARANTINE:dark-lane range=58 distinct=56,0,0,0.00,0,0
13,58,0,0,-1,0,0,-,,,0,5.746,QUARANTINE:dark-lane range=49 distinct=50,0,0,0.00,0,0
13,59,0,0,-1,0,0,-,,,0,4.871,QUARANTINE:dark-lane range=43 distinct=43,0,0,0.00,0,0
13,60,0,0,-1,0,0,-,,,0,4.161,QUARANTINE:dark-lane range=38 distinct=37,0,0,0.00,0,0
13,61,0,0,-1,0,0,-,,,0,3.557,QUARANTINE:dark-lane range=33 distinct=33,0,0,0.00,0,0
13,62,0,0,-1,0,0,-,,,0,2.961,QUARANTINE:dark-lane range=26 distinct=27,0,0,0.00,0,0
13,63,0,0,-1,0,0,-,,,0,2.399,QUARANTINE:dark-lane range=20 distinct=21,0,0,0.00,0,0
14,0,0,1.37,862,2.36,590891,Y2,,,0,20.726,clean,0,0,0.00,0,0
14,1,0,1.41,348,2.41,179797,Y2,,,0,19.592,clean,0,0,0.00,0,0
14,2,0,1.58,1,2.43,35137,Y2,,,0,18.547,clean,0,0,0.00,0,0
14,3,0,1.57,1,2.34,905782,Y2,,,0,17.965,clean,0,0,0.00,0,0
14,4,0,1.33,374,2.56,1018882,Y2,,,0,17.849,clean,0,0,0.00,0,0
14,5,0,1.46,1,2.56,880659,Y2,,,0,18.069,clean,0,0,0.00,0,0
14,6,0,1.45,1478,2.60,283509,Y4,,,0,17.992,clean,0,0,0.00,0,0
14,7,0,1.44,1,2.52,893801,Y4,,,0,17.383,clean,0,0,0.00,0,0
14,8,0,1.49,1,2.44,563800,Y4,,,0,16.741,clean,0,0,0.00,0,0
14,9,0,1.73,1,2.49,309438,Y4,,,0,16.215,clean,0,0,0.00,0,0
14,10,0,1.47,1,2.63,953704,Y2,,,0,16.232,clean,0,0,0.00,0,0
14,11,0,1.38,1,2.40,1317501,Y4,,,0,16.615,clean,0,0,0.00,0,0
14,12,0,1.63,1,2.36,1115263,Y2,,,0,16.863,clean,0,0,0.00,0,0
14,13,0,1.34,14,2.55,1286477,Y4,,,0,16.706,clean,0,0,0.00,0,0
14,14,0,1.42,1,2.27,1079857,Y2,,,0,16.218,clean,0,0,0.00,0,0
14,15,0,1.76,1,2.23,1042128,Y4,,,0,15.925,clean,0,0,0.00,0,0
14,16,0,1.77,1,2.44,1331538,Y2,,,0,16.176,clean,0,0,0.00,0,0
14,17,0,1.52,1,2.31,984460,Y2,,,0,16.871,clean,0,0,0.00,0,0
14,18,0,1.57,679,2.38,1046956,Y4,,,0,19.201,clean,0,0,0.00,0,0
14,19,0,1.62,1,2.30,200719,Y2,,,0,17.234,clean,0,0,0.00,0,0
14,20,0,1.66,1,2.59,910431,Y4,,,0,16.337,clean,0,0,0.00,0,0
14,21,0,1.70,1,2.34,993401,Y4,,,0,15.641,clean,0,0,0.00,0,0
14,22,0,1.52,1,2.50,1396716,Y4,,,0,15.421,clean,0,0,0.00,0,0
14,23,0,1.36,1404,2.28,30309,Y2,,,0,15.762,clean,0,0,0.00,0,0
14,24,0,1.64,1,2.38,995547,Y4,,,0,16.135,clean,0,0,0.00,0,0
14,25,0,1.91,204,2.41,7153,Y2,,,0,15.980,clean,0,0,0.00,0,0
14,26,0,1.38,1196,2.26,37283,Y2,,,1,15.396,clean,0,0,0.00,0,0
14,27,0,1.66,1,2.53,123829,Y4,,,0,14.972,clean,0,0,0.00,0,0
14,28,0,1.90,1,2.50,1415849,Y2,,,0,14.453,clean,0,0,0.00,0,0
14,29,0,1.90,1,2.74,739753,Y2,,,0,14.667,clean,0,0,0.00,0,0
14,30,0,1.81,1,2.64,791073,Y2,,,0,14.997,clean,0,0,0.00,0,0
14,31,0,1.44,1,2.33,650257,Y4,,,0,14.987,clean,0,0,0.00,0,0
14,32,0,1.32,769,2.32,713110,Y2,,,0,14.408,clean,0,0,0.00,0,0
14,33,0,1.85,1,2.72,468224,Y2,,,0,13.815,clean,0,0,0.00,0,0
14,34,0,1.74,1,2.26,1032114,Y4,,,0,13.639,clean,0,0,0.00,0,0
14,35,0,1.48,1,2.58,1171499,Y2,,,0,13.995,clean,0,0,0.00,0,0
14,36,0,1.44,1,2.26,330180,Y4,,,0,14.550,clean,0,0,0.00,0,0
14,37,0,1.81,1,2.42,516236,Y4,,,0,14.637,clean,0,0,0.00,0,0
14,38,0,1.57,1,2.49,473678,Y2,,,0,14.175,clean,0,0,0.00,0,0
14,39,0,1.89,1,2.55,754952,Y4,,,0,13.485,clean,0,0,0.00,0,0
14,40,0,1.88,1,2.67,1210570,Y4,,,0,13.193,clean,0,0,0.00,0,0
14,41,0,1.83,1,2.33,1144320,Y2,,,0,13.414,clean,0,0,0.00,0,0
14,42,0,1.59,1,2.69,697196,Y4,,,0,13.877,clean,0,0,0.00,0,0
14,43,0,1.71,1,2.30,1439542,Y2,,,0,14.078,clean,0,0,0.00,0,0
14,44,0,1.73,1,2.41,408322,Y2,,,0,13.617,clean,0,0,0.00,0,0
14,45,0,2.01,1,2.71,771224,Y2,,,0,12.793,clean,0,0,0.00,0,0
14,46,0,1.91,1,2.46,1205564,Y2,,,0,12.235,clean,0,0,0.00,0,0
14,47,0,2.10,1,2.58,1408428,Y4,,,0,12.155,clean,0,0,0.00,0,0
14,48,0,1.71,1234,2.71,238091,Y2,,,0,12.351,clean,0,0,0.00,0,0
14,49,0,1.78,1,2.31,310779,Y4,,,0,12.423,clean,0,0,0.00,0,0
14,50,0,2.03,1,2.30,424415,Y2,,,0,11.924,clean,0,0,0.00,0,0
14,51,0,1.95,1,2.44,983208,Y4,,,0,11.059,clean,0,0,0.00,0,0
14,52,0,2.45,1,2.36,936091,Y4,,,0,10.276,clean,0,0,0.00,0,0
14,53,0,2.34,1,2.37,1093268,Y2,,,0,9.728,clean,0,0,0.00,0,0
14,54,0,2.35,1,2.38,13322,Y2,,,0,9.378,clean,0,0,0.00,0,0
14,55,0,2.64,1,2.30,412703,Y2,0.24/noise-like,0.00/noise-like,0,8.861,hump-note,0,0,0.00,0,0
14,56,0,2.90,1,2.39,1200289,Y2,0.00/noise-like,0.00/noise-like,0,7.945,hump-note,0,0,0.00,0,0
14,57,0,0,-1,0,0,-,,,0,6.791,QUARANTINE:dark-lane range=61 distinct=59,0,0,0.00,0,0
14,58,0,0,-1,0,0,-,,,0,5.739,QUARANTINE:dark-lane range=48 distinct=49,0,0,0.00,0,0
14,59,0,0,-1,0,0,-,,,0,4.881,QUARANTINE:dark-lane range=41 distinct=42,0,0,0.00,0,0
14,60,0,0,-1,0,0,-,,,0,4.163,QUARANTINE:dark-lane range=37 distinct=37,0,0,0.00,0,0
14,61,0,0,-1,0,0,-,,,0,3.562,QUARANTINE:dark-lane range=31 distinct=32,0,0,0.00,0,0
14,62,0,0,-1,0,0,-,,,0,2.955,QUARANTINE:dark-lane range=26 distinct=27,0,0,0.00,0,0
14,63,0,0,-1,0,0,-,,,0,2.400,QUARANTINE:dark-lane range=20 distinct=21,0,0,0.00,0,0
15,0,0,1.36,1325,2.47,206262,Y4,,,0,20.725,clean,0,0,0.00,0,0
15,1,0,1.35,1,2.44,689685,Y2,,,0,19.576,clean,0,0,0.00,0,0
15,2,0,1.36,1643,2.30,122845,Y4,,,0,18.550,clean,0,0,0.00,0,0
15,3,0,1.44,1,2.45,148684,Y2,,,0,17.982,clean,0,0,0.00,0,0
15,4,0,1.43,1,2.49,16630,Y4,,,0,17.861,clean,0,0,0.00,0,0
15,5,0,1.41,955,2.38,1294523,Y4,,,0,18.045,clean,0,0,0.00,0,0
15,6,0,1.56,1,2.32,914097,Y2,,,0,17.925,clean,0,0,0.00,0,0
15,7,0,1.34,1049,2.26,1332164,Y4,,,0,17.477,clean,0,0,0.00,0,0
15,8,0,1.40,1,2.44,205636,Y2,,,0,16.757,clean,0,0,0.00,0,0
15,9,0,1.38,1,2.40,1412809,Y4,,,0,16.218,clean,0,0,0.00,0,0
15,10,0,1.47,1,2.62,1305610,Y2,,,0,16.239,clean,0,0,0.00,0,0
15,11,0,1.43,1523,2.54,453025,Y4,,,0,16.610,clean,0,0,0.00,0,0
15,12,0,1.64,1,2.53,66340,Y2,,,0,16.905,clean,0,0,0.00,0,0
15,13,0,1.65,1,2.50,77248,Y2,,,0,16.717,clean,0,0,0.00,0,0
15,14,0,1.41,1,2.38,1438558,Y2,,,0,16.233,clean,0,0,0.00,0,0
15,15,0,1.54,1,2.37,1384825,Y4,,,0,15.923,clean,0,0,0.00,0,0
15,16,0,1.41,1,2.55,698805,Y2,,,0,16.168,clean,0,0,0.00,0,0
15,17,0,1.35,1351,2.62,1197159,Y2,,,0,16.858,clean,0,0,0.00,0,0
15,18,0,1.51,715,2.46,466704,Y2,,,0,19.202,clean,0,0,0.00,0,0
15,19,0,1.39,544,2.55,398308,Y2,,,0,17.225,clean,0,0,0.00,0,0
15,20,0,1.50,1,2.33,396967,Y2,,,0,16.324,clean,0,0,0.00,0,0
15,21,0,1.44,1,2.42,24587,Y4,,,0,15.627,clean,0,0,0.00,0,0
15,22,0,1.59,1,2.37,1230240,Y4,,,0,15.394,clean,0,0,0.00,0,0
15,23,0,1.64,1,2.37,1402974,Y2,,,0,15.754,clean,0,0,0.00,0,0
15,24,0,1.62,1,2.32,1256347,Y2,,,0,16.116,clean,0,0,0.00,0,0
15,25,0,1.90,204,2.47,634700,Y4,,,0,16.010,clean,0,0,0.00,0,0
15,26,0,1.52,1,2.64,797063,Y2,,,0,15.394,clean,0,0,0.00,0,0
15,27,0,1.65,1,2.30,316143,Y2,,,0,14.957,clean,0,0,0.00,0,0
15,28,0,1.50,1,2.57,636935,Y2,,,0,14.424,clean,0,0,0.00,0,0
15,29,0,1.43,1,2.37,370324,Y2,,,0,14.690,clean,0,0,0.00,0,0
15,30,0,1.52,1,2.47,60976,Y2,,,0,15.012,clean,0,0,0.00,0,0
15,31,0,1.48,1,2.45,1338422,Y4,,,0,14.984,clean,0,0,0.00,0,0
15,32,0,1.29,480,2.76,1113385,Y2,,,0,14.413,clean,0,0,0.00,0,0
15,33,0,1.88,1,2.43,486106,Y4,,,0,13.799,clean,0,0,0.00,0,0
15,34,0,1.54,1,2.44,403672,Y2,,,0,13.624,clean,0,0,0.00,0,0
15,35,0,1.38,624,2.40,1185626,Y2,,,0,13.992,clean,0,0,0.00,0,0
15,36,0,1.54,1,2.59,495315,Y4,,,0,14.530,clean,0,0,0.00,0,0
15,37,0,1.62,1,2.30,355661,Y2,,,0,14.648,clean,0,0,0.00,0,0
15,38,0,1.85,1,2.23,750929,Y2,,,0,14.165,clean,0,0,0.00,0,0
15,39,0,1.81,1,2.37,883788,Y4,,,0,13.504,clean,0,0,0.00,0,0
15,40,0,1.91,1,2.63,231564,Y2,,,0,13.197,clean,0,0,0.00,0,0
15,41,0,1.64,1,2.42,804752,Y4,,,0,13.417,clean,0,0,0.00,0,0
15,42,0,1.76,1,2.30,77069,Y2,,,0,13.858,clean,0,0,0.00,0,0
15,43,0,1.69,1,2.33,1464665,Y4,,,0,14.105,clean,0,0,0.00,0,0
15,44,0,1.74,1,2.25,236571,Y4,,,0,13.644,clean,0,0,0.00,0,0
15,45,0,1.83,1,2.29,94861,Y4,,,0,12.790,clean,0,0,0.00,0,0
15,46,0,1.87,1,2.37,413150,Y4,,,0,12.242,clean,0,0,0.00,0,0
15,47,0,1.91,1,2.32,122398,Y2,,,0,12.147,clean,0,0,0.00,0,0
15,48,0,1.77,1,2.46,987232,Y4,,,0,12.324,clean,0,0,0.00,0,0
15,49,0,1.72,1,2.42,519365,Y2,,,0,12.403,clean,0,0,0.00,0,0
15,50,0,1.90,1,2.27,869215,Y4,,,0,11.907,clean,0,0,0.00,0,0
15,51,0,2.18,1,2.55,381768,Y4,,,0,11.086,clean,0,0,0.00,0,0
15,52,0,2.29,1,2.42,1202345,Y2,,,0,10.285,clean,0,0,0.00,0,0
15,53,0,2.72,1,2.61,381231,Y4,0.24/noise-like,0.00/noise-like,0,9.731,hump-note,0,0,0.00,0,0
15,54,0,2.48,1,2.31,707388,Y4,,,0,9.363,clean,0,0,0.00,0,0
15,55,0,2.54,1,2.43,48906,Y2,0.00/noise-like,0.00/noise-like,0,8.859,hump-note,0,0,0.00,0,0
15,56,0,3.57,1,2.56,610292,Y2,0.00/noise-like,0.00/noise-like,0,7.957,hump-note,0,0,0.00,0,0
15,57,0,0,-1,0,0,-,,,0,6.788,QUARANTINE:dark-lane range=58 distinct=58,0,0,0.00,0,0
15,58,0,0,-1,0,0,-,,,0,5.726,QUARANTINE:dark-lane range=49 distinct=50,0,0,0.00,0,0
15,59,0,0,-1,0,0,-,,,0,4.882,QUARANTINE:dark-lane range=41 distinct=42,0,0,0.00,0,0
15,60,0,0,-1,0,0,-,,,0,4.157,QUARANTINE:dark-lane range=35 distinct=35,0,0,0.00,0,0
15,61,0,0,-1,0,0,-,,,0,3.564,QUARANTINE:dark-lane range=33 distinct=33,0,0,0.00,0,0
15,62,0,0,-1,0,0,-,,,0,2.954,QUARANTINE:dark-lane range=26 distinct=27,0,0,0.00,0,0
15,63,0,0,-1,0,0,-,,,0,2.400,QUARANTINE:dark-lane range=21 distinct=22,0,0,0.00,0,0
16,0,0,1.38,974,2.56,480562,Y2,,,0,20.692,clean,0,0,0.00,0,0
16,1,0,1.49,1,2.31,266433,Y4,,,0,19.600,clean,0,0,0.00,0,0
16,2,0,1.37,874,2.36,1358718,Y2,,,0,18.565,clean,0,0,0.00,0,0
16,3,0,1.57,1,2.31,906050,Y2,,,0,17.949,clean,0,0,0.00,0,0
16,4,0,1.56,1,2.33,513196,Y2,,,0,17.834,clean,0,0,0.00,0,0
16,5,0,1.54,1,2.32,426561,Y4,,,0,18.052,clean,0,0,0.00,0,0
16,6,0,1.47,1478,2.68,301749,Y2,,,0,17.974,clean,0,0,0.00,0,0
16,7,0,1.44,1,2.38,926346,Y2,,,0,17.401,clean,0,0,0.00,0,0
16,8,0,1.44,780,2.69,503093,Y4,,,0,16.745,clean,0,0,0.00,0,0
16,9,0,1.52,1,2.32,423878,Y2,,,0,16.212,clean,0,0,0.00,0,0
16,10,0,1.51,1,2.72,787407,Y2,,,0,16.225,clean,0,0,0.00,0,0
16,11,0,1.38,1,2.45,967830,Y4,,,0,16.584,clean,0,0,0.00,0,0
16,12,0,1.49,1,2.23,1081377,Y2,,,0,16.877,clean,0,0,0.00,0,0
16,13,0,1.72,1,2.53,627458,Y4,,,0,16.704,clean,0,0,0.00,0,0
16,14,0,1.73,1,2.32,401348,Y2,,,0,16.213,clean,0,0,0.00,0,0
16,15,0,1.44,1,2.37,328034,Y4,,,0,15.919,clean,0,0,0.00,0,0
16,16,0,1.61,1,2.22,1182318,Y4,,,0,16.172,clean,0,0,0.00,0,0
16,17,0,1.50,1,2.36,1336813,Y2,,,0,16.879,clean,0,0,0.00,0,0
16,18,0,1.61,723,2.37,45687,Y2,,,0,19.177,clean,0,0,0.00,0,0
16,19,0,1.62,1,2.41,106305,Y2,,,0,17.254,clean,0,0,0.00,0,0
16,20,0,1.37,393,2.35,1221389,Y4,,,0,16.339,clean,0,0,0.00,0,0
16,21,0,1.77,1,2.34,1020134,Y4,,,0,15.660,clean,0,0,0.00,0,0
16,22,0,1.62,1,2.40,257760,Y2,,,0,15.392,clean,0,0,0.00,0,0
16,23,0,1.42,1,2.50,301480,Y4,,,0,15.744,clean,0,0,0.00,0,0
16,24,0,1.45,1,2.26,605106,Y4,,,0,16.129,clean,0,0,0.00,0,0
16,25,0,2.35,204,2.46,518113,Y2,,,0,16.019,clean,0,0,0.00,0,0
16,26,0,1.72,1,2.68,501484,Y2,,,0,15.424,clean,0,0,0.00,0,0
16,27,0,1.56,641,2.61,1334220,Y4,,,0,14.969,clean,0,0,0.00,0,0
16,28,0,1.75,1,2.62,885129,Y2,,,0,14.455,clean,0,0,0.00,0,0
16,29,0,1.47,1,2.60,1096576,Y2,,,0,14.673,clean,0,0,0.00,0,0
16,30,0,1.60,1,2.69,872880,Y2,,,0,15.027,clean,0,0,0.00,0,0
16,31,0,1.63,1,2.60,1307487,Y4,,,0,14.982,clean,0,0,0.00,0,0
16,32,0,1.33,294,2.34,1233995,Y2,,,0,14.396,clean,0,0,0.00,0,0
16,33,0,1.78,1,2.57,847757,Y4,,,0,13.804,clean,0,0,0.00,0,0
16,34,0,1.69,1,2.55,1032203,Y4,,,0,13.639,clean,0,0,0.00,0,0
16,35,0,1.79,1,2.72,81539,Y2,,,0,14.029,clean,0,0,0.00,0,0
16,36,0,1.85,1,2.34,362098,Y2,,,0,14.536,clean,0,0,0.00,0,0
16,37,0,1.57,1,2.92,69827,Y4,,,0,14.662,clean,0,0,0.00,0,0
16,38,0,1.65,1,2.43,849813,Y2,,,0,14.165,clean,0,0,0.00,0,0
16,39,0,1.86,1,2.33,311852,Y4,,,0,13.514,clean,0,0,0.00,0,0
16,40,0,2.02,1,2.25,1082808,Y4,,,0,13.209,clean,0,0,0.00,0,0
16,41,0,1.81,1,2.56,1331270,Y4,,,0,13.432,clean,0,0,0.00,0,0
16,42,0,1.64,1,2.56,446051,Y4,,,0,13.875,clean,0,0,0.00,0,0
16,43,0,2.12,1,2.50,175595,Y4,,,0,14.133,clean,0,0,0.00,0,0
16,44,0,1.59,1,2.24,1273602,Y2,,,0,13.640,clean,0,0,0.00,0,0
16,45,0,1.92,1,2.39,706494,Y4,,,0,12.772,clean,0,0,0.00,0,0
16,46,0,1.80,1,2.53,347346,Y2,,,0,12.286,clean,0,0,0.00,0,0
16,47,0,2.09,1,2.58,83059,Y2,,,0,12.150,clean,0,0,0.00,0,0
16,48,0,1.84,1234,2.26,1055539,Y2,,,0,12.319,clean,0,0,0.00,0,0
16,49,0,1.72,1,2.41,575870,Y4,,,0,12.395,clean,0,0,0.00,0,0
16,50,0,2.01,1,2.35,279039,Y4,,,0,11.928,clean,0,0,0.00,0,0
16,51,0,2.02,1,2.32,2682,Y2,,,0,11.089,clean,0,0,0.00,0,0
16,52,0,1.95,1,2.49,1338959,Y2,,,0,10.287,clean,0,0,0.00,0,0
16,53,0,2.45,1,2.40,37730,Y2,,,0,9.738,clean,0,0,0.00,0,0
16,54,0,2.58,1,2.35,902295,Y4,0.00/noise-like,0.24/noise-like,0,9.349,hump-note,0,0,0.00,0,0
16,55,0,2.93,1,2.41,502020,Y2,0.00/noise-like,0.00/noise-like,0,8.862,hump-note,0,0,0.00,0,0
16,56,0,3.22,1,2.32,1109809,Y4,0.24/noise-like,0.00/noise-like,0,7.955,hump-note,0,0,0.00,0,0
16,57,0,0,-1,0,0,-,,,0,6.786,QUARANTINE:dark-lane range=59 distinct=59,0,0,0.00,0,0
16,58,0,0,-1,0,0,-,,,0,5.749,QUARANTINE:dark-lane range=50 distinct=50,0,0,0.00,0,0
16,59,0,0,-1,0,0,-,,,0,4.879,QUARANTINE:dark-lane range=44 distinct=44,0,0,0.00,0,0
16,60,0,0,-1,0,0,-,,,0,4.157,QUARANTINE:dark-lane range=39 distinct=37,0,0,0.00,0,0
16,61,0,0,-1,0,0,-,,,0,3.555,QUARANTINE:dark-lane range=32 distinct=33,0,0,0.00,0,0
16,62,0,0,-1,0,0,-,,,0,2.954,QUARANTINE:dark-lane range=27 distinct=26,0,0,0.00,0,0
16,63,0,0,-1,0,0,-,,,0,2.397,QUARANTINE:dark-lane range=21 distinct=22,0,0,0.00,0,0
17,0,0,1.47,715,2.46,32902,Y4,,,0,20.683,clean,0,0,0.00,0,0
17,1,0,1.39,1369,2.77,1267165,Y4,,,0,19.553,clean,0,0,0.00,0,0
17,2,0,1.35,923,2.48,245154,Y4,,,0,18.578,clean,0,0,0.00,0,0
17,3,0,1.71,1,2.44,822991,Y2,,,0,17.942,clean,0,0,0.00,0,0
17,4,0,1.55,1,2.48,1216918,Y2,,,0,17.848,clean,0,0,0.00,0,0
17,5,0,1.46,1,2.37,76890,Y2,,,1,18.061,clean,0,0,0.00,0,0
17,6,0,1.39,1510,2.35,1447588,Y4,,,0,17.979,clean,0,0,0.00,0,0
17,7,0,1.47,1,2.35,33617,Y2,,,0,17.468,clean,0,0,0.00,0,0
17,8,0,1.51,1,2.20,583380,Y2,,,0,16.755,clean,0,0,0.00,0,0
17,9,0,1.31,339,2.74,229329,Y2,,,0,16.256,clean,0,0,0.00,0,0
17,10,0,1.38,1,2.52,507474,Y4,,,0,16.223,clean,0,0,0.00,0,0
17,11,0,1.36,720,2.41,207603,Y2,,,0,16.628,clean,0,0,0.00,0,0
17,12,0,1.37,568,2.41,209481,Y4,,,0,16.877,clean,0,0,0.00,0,0
17,13,0,1.44,1,2.43,1145393,Y4,,,0,16.706,clean,0,0,0.00,0,0
17,14,0,1.45,1,2.39,413597,Y4,,,0,16.222,clean,0,0,0.00,0,0
17,15,0,1.47,1,2.47,219047,Y2,,,0,15.929,clean,0,0,0.00,0,0
17,16,0,1.71,1,2.91,1125008,Y4,,,0,16.173,clean,0,0,0.00,0,0
17,17,0,1.44,1,2.38,32097,Y2,,,0,16.886,clean,0,0,0.00,0,0
17,18,0,1.54,676,2.37,352174,Y2,,,0,19.168,clean,0,0,0.00,0,0
17,19,0,1.41,1,2.48,717312,Y4,,,0,17.213,clean,0,0,0.00,0,0
17,20,0,1.83,1,2.37,73493,Y2,,,0,16.366,clean,0,0,0.00,0,0
17,21,0,1.71,1,2.50,51945,Y4,,,0,15.633,clean,0,0,0.00,0,0
17,22,0,1.72,1,2.68,492096,Y4,,,0,15.394,clean,0,0,0.00,0,0
17,23,0,1.47,1,2.30,609934,Y4,,,0,15.763,clean,0,0,0.00,0,0
17,24,0,1.62,1,2.48,899792,Y4,,,0,16.173,clean,0,0,0.00,0,0
17,25,0,2.15,204,3.13,7331,Y4,0.00/noise-like,0.24/noise-like,4,16.014,FAM-HIT,0,0,0.00,0,0
17,26,0,1.71,1,2.28,567377,Y4,,,0,15.380,clean,0,0,0.00,0,0
17,27,0,1.60,617,2.67,799924,Y2,,,0,14.961,clean,0,0,0.00,0,0
17,28,0,1.57,1,2.38,1432925,Y4,,,0,14.451,clean,0,0,0.00,0,0
17,29,0,1.54,1,2.44,1265377,Y2,,,0,14.677,clean,0,0,0.00,0,0
17,30,0,1.55,1,2.31,1404405,Y4,,,0,15.013,clean,0,0,0.00,0,0
17,31,0,1.57,1,2.34,452042,Y2,,,0,14.996,clean,0,0,0.00,0,0
17,32,0,1.43,765,2.47,640064,Y4,,,0,14.426,clean,0,0,0.00,0,0
17,33,0,1.96,1,2.40,367999,Y4,,,0,13.799,clean,0,0,0.00,0,0
17,34,0,1.83,1,2.48,344664,Y2,,,0,13.661,clean,0,0,0.00,0,0
17,35,0,1.84,1,2.32,153512,Y2,,,0,14.023,clean,0,0,0.00,0,0
17,36,0,1.53,1,2.41,1228362,Y4,,,0,14.539,clean,0,0,0.00,0,0
17,37,0,1.84,1,2.52,1346916,Y4,,,0,14.652,clean,0,0,0.00,0,0
17,38,0,1.90,1,2.36,1128495,Y4,,,0,14.188,clean,0,0,0.00,0,0
17,39,0,1.74,1,2.35,146985,Y2,,,1,13.489,clean,0,0,0.00,0,0
17,40,0,1.57,1,2.37,1383662,Y2,,,0,13.212,clean,0,0,0.00,0,0
17,41,0,1.60,1,2.38,304162,Y2,,,0,13.386,clean,0,0,0.00,0,0
17,42,0,1.67,1,2.44,1274854,Y2,,,0,13.906,clean,0,0,0.00,0,0
17,43,0,1.78,1,2.52,143856,Y4,,,0,14.096,clean,0,0,0.00,0,0
17,44,0,1.72,1,2.21,217527,Y4,,,0,13.648,clean,0,0,0.00,0,0
17,45,0,2.16,1,2.47,750482,Y4,,,0,12.796,clean,0,0,0.00,0,0
17,46,0,1.79,1,2.66,1385361,Y2,,,0,12.280,clean,0,0,0.00,0,0
17,47,0,1.89,1,2.36,727147,Y2,,,0,12.134,clean,0,0,0.00,0,0
17,48,0,1.91,1234,2.35,68754,Y2,,,0,12.346,clean,0,0,0.00,0,0
17,49,0,1.91,1,2.24,492275,Y4,,,0,12.405,clean,0,0,0.00,0,0
17,50,0,1.95,1,2.50,252038,Y2,,,0,11.910,clean,0,0,0.00,0,0
17,51,0,2.00,1,2.40,612617,Y4,,,0,11.090,clean,0,0,0.00,0,0
17,52,0,2.28,1,2.65,1433372,Y2,,,0,10.308,clean,0,0,0.00,0,0
17,53,0,2.21,1,2.52,331342,Y4,,,0,9.714,clean,0,0,0.00,0,0
17,54,0,2.11,1,2.58,98169,Y2,,,0,9.351,clean,0,0,0.00,0,0
17,55,0,2.56,1,2.38,1287460,Y2,0.00/noise-like,0.00/noise-like,0,8.857,hump-note,0,0,0.00,0,0
17,56,0,3.39,1,2.50,563979,Y4,0.00/noise-like,0.00/noise-like,0,7.938,hump-note,0,0,0.00,0,0
17,57,0,0,-1,0,0,-,,,17,6.804,QUARANTINE:dark-lane range=62 distinct=58,0,0,0.00,0,0
17,58,0,0,-1,0,0,-,,,0,5.746,QUARANTINE:dark-lane range=56 distinct=51,0,0,0.00,0,0
17,59,0,0,-1,0,0,-,,,0,4.888,QUARANTINE:dark-lane range=47 distinct=44,0,0,0.00,0,0
17,60,0,0,-1,0,0,-,,,0,4.161,QUARANTINE:dark-lane range=34 distinct=35,0,0,0.00,0,0
17,61,0,0,-1,0,0,-,,,0,3.560,QUARANTINE:dark-lane range=29 distinct=30,0,0,0.00,0,0
17,62,0,0,-1,0,0,-,,,0,2.957,QUARANTINE:dark-lane range=24 distinct=25,0,0,0.00,0,0
17,63,0,0,-1,0,0,-,,,0,2.395,QUARANTINE:dark-lane range=21 distinct=22,0,0,0.00,0,0
18,0,0,1.34,1052,2.48,310063,Y4,,,0,20.699,clean,0,0,0.00,0,0
18,1,0,1.40,1,2.37,817448,Y2,,,0,19.582,clean,0,0,0.00,0,0
18,2,0,1.38,415,2.40,1196265,Y2,,,0,18.571,clean,0,0,0.00,0,0
18,3,0,1.33,888,2.56,884682,Y4,,,0,17.942,clean,0,0,0.00,0,0
18,4,0,1.37,1363,2.63,439525,Y2,,,0,17.850,clean,0,0,0.00,0,0
18,5,0,1.53,1,2.48,591695,Y2,,,0,18.081,clean,0,0,0.00,0,0
18,6,0,1.54,1,2.41,243455,Y4,,,0,17.977,clean,0,0,0.00,0,0
18,7,0,1.40,568,2.30,296026,Y2,,,0,17.424,clean,0,0,0.00,0,0
18,8,0,1.40,397,2.30,352085,Y4,,,0,16.731,clean,0,0,0.00,0,0
18,9,0,1.33,1468,2.38,286907,Y4,,,0,16.232,clean,0,0,0.00,0,0
18,10,0,1.58,1,2.28,9030,Y4,,,0,16.247,clean,0,0,0.00,0,0
18,11,0,1.61,1,2.36,903815,Y4,,,0,16.604,clean,0,0,0.00,0,0
18,12,0,1.73,1,2.22,306845,Y2,,,0,16.876,clean,0,0,0.00,0,0
18,13,0,1.31,312,2.46,1132071,Y4,,,0,16.699,clean,0,0,0.00,0,0
18,14,0,1.69,1,2.70,583380,Y2,,,0,16.221,clean,0,0,0.00,0,0
18,15,0,1.72,1,2.48,283241,Y2,,,0,15.922,clean,0,0,0.00,0,0
18,16,0,1.55,1,2.42,1284242,Y4,,,0,16.206,clean,0,0,0.00,0,0
18,17,0,1.56,1,2.29,1399219,Y4,,,0,16.888,clean,0,0,0.00,0,0
18,18,0,1.61,671,2.31,1041949,Y4,,,0,19.187,clean,0,0,0.00,0,0
18,19,0,1.50,1,2.48,729203,Y2,,,0,17.231,clean,0,0,0.00,0,0
18,20,0,1.63,1,2.48,815392,Y2,,,0,16.334,clean,0,0,0.00,0,0
18,21,0,1.63,1,2.48,608414,Y4,,,0,15.628,clean,0,0,0.00,0,0
18,22,0,1.75,1,2.46,766039,Y4,,,0,15.406,clean,0,0,0.00,0,0
18,23,0,1.43,1,2.34,1425415,Y4,,,0,15.729,clean,0,0,0.00,0,0
18,24,0,1.46,1,2.41,340730,Y4,,,0,16.121,clean,0,0,0.00,0,0
18,25,0,1.98,204,2.28,149220,Y4,,,0,16.007,clean,0,0,0.00,0,0
18,26,0,1.82,1,2.41,1197428,Y4,,,0,15.391,clean,0,0,0.00,0,0
18,27,0,1.84,1,2.24,1449734,Y4,,,0,14.955,clean,0,0,0.00,0,0
18,28,0,1.38,1,2.46,411272,Y2,,,0,14.464,clean,0,0,0.00,0,0
18,29,0,1.82,1,2.60,2414,Y2,,,0,14.698,clean,0,0,0.00,0,0
18,30,0,1.75,1,2.44,335634,Y4,,,0,15.016,clean,0,0,0.00,0,0
18,31,0,1.80,1,2.26,1030415,Y4,,,0,14.974,clean,0,0,0.00,0,0
18,32,0,1.39,1064,2.34,177205,Y4,,,0,14.415,clean,0,0,0.00,0,0
18,33,0,1.70,1,2.47,734121,Y2,,,0,13.794,clean,0,0,0.00,0,0
18,34,0,1.87,1,2.34,916153,Y4,,,0,13.649,clean,0,0,0.00,0,0
18,35,0,1.65,1,2.30,914276,Y4,,,0,14.029,clean,0,0,0.00,0,0
18,36,0,1.58,1,2.58,940830,Y4,,,0,14.525,clean,0,0,0.00,0,0
18,37,0,1.64,1,2.36,455260,Y2,,,0,14.643,clean,0,0,0.00,0,0
18,38,0,1.72,1,2.71,577837,Y4,,,0,14.173,clean,0,0,0.00,0,0
18,39,0,1.74,1,2.32,27895,Y2,,,0,13.507,clean,0,0,0.00,0,0
18,40,0,2.00,1,2.20,700951,Y4,,,0,13.191,clean,0,0,0.00,0,0
18,41,0,1.76,1,2.34,123918,Y2,,,0,13.403,clean,0,0,0.00,0,0
18,42,0,1.56,1,2.34,407070,Y2,,,0,13.887,clean,0,0,0.00,0,0
18,43,0,1.63,1,2.40,1072705,Y2,,,0,14.126,clean,0,0,0.00,0,0
18,44,0,2.09,1,2.55,331610,Y4,,,0,13.649,clean,0,0,0.00,0,0
18,45,0,1.81,1,2.22,1028270,Y4,,,0,12.787,clean,0,0,0.00,0,0
18,46,0,2.11,1,2.37,251591,Y2,,,0,12.259,clean,0,0,0.00,0,0
18,47,0,1.80,1,2.33,1116961,Y2,,,0,12.141,clean,0,0,0.00,0,0
18,48,0,1.68,1,2.25,265628,Y2,,,0,12.333,clean,0,0,0.00,0,0
18,49,0,1.84,1,2.38,1384825,Y4,,,0,12.428,clean,0,0,0.00,0,0
18,50,0,1.93,1,2.50,131160,Y2,,,0,11.925,clean,0,0,0.00,0,0
18,51,0,2.26,1,2.45,857860,Y2,,,0,11.081,clean,0,0,0.00,0,0
18,52,0,2.39,1,2.57,909001,Y4,,,0,10.295,clean,0,0,0.00,0,0
18,53,0,2.59,1,2.36,379354,Y2,0.00/noise-like,0.24/noise-like,0,9.741,hump-note,0,0,0.00,0,0
18,54,0,2.44,1,2.82,965327,Y2,,,0,9.371,clean,0,0,0.00,0,0
18,55,0,2.66,1,2.36,642747,Y2,0.00/noise-like,0.00/noise-like,0,8.877,hump-note,0,0,0.00,0,0
18,56,0,3.27,1,2.51,169337,Y4,0.00/noise-like,0.24/noise-like,0,7.938,hump-note,0,0,0.00,0,0
18,57,0,0,-1,0,0,-,,,0,6.782,QUARANTINE:dark-lane range=57 distinct=56,0,0,0.00,0,0
18,58,0,0,-1,0,0,-,,,0,5.749,QUARANTINE:dark-lane range=53 distinct=50,0,0,0.00,0,0
18,59,0,0,-1,0,0,-,,,0,4.888,QUARANTINE:dark-lane range=42 distinct=41,0,0,0.00,0,0
18,60,0,0,-1,0,0,-,,,0,4.155,QUARANTINE:dark-lane range=36 distinct=37,0,0,0.00,0,0
18,61,0,0,-1,0,0,-,,,0,3.558,QUARANTINE:dark-lane range=30 distinct=31,0,0,0.00,0,0
18,62,0,0,-1,0,0,-,,,0,2.958,QUARANTINE:dark-lane range=24 distinct=25,0,0,0.00,0,0
18,63,0,0,-1,0,0,-,,,0,2.404,QUARANTINE:dark-lane range=19 distinct=20,0,0,0.00,0,0
19,0,0,1.35,358,2.22,278950,Y4,,,0,20.750,clean,0,0,0.00,0,0
19,1,0,1.39,1,2.43,139207,Y2,,,0,19.614,clean,0,0,0.00,0,0
19,2,0,1.41,1,2.86,1339316,Y2,,,0,18.561,clean,0,0,0.00,0,0
19,3,0,1.33,717,2.48,494421,Y4,,,0,17.978,clean,0,0,0.00,0,0
19,4,0,1.35,1,3.07,1464844,Y4,0.00/noise-like,0.00/noise-like,0,17.836,FAM-HIT,0,0,0.00,0,0
19,5,0,1.73,1,2.56,504524,Y2,,,0,18.043,clean,0,0,0.00,0,0
19,6,0,1.46,1478,2.41,445873,Y4,,,0,17.985,clean,0,0,0.00,0,0
19,7,0,1.45,1,2.33,572562,Y2,,,0,17.438,clean,0,0,0.00,0,0
19,8,0,1.44,1,2.45,231743,Y2,,,0,16.746,clean,0,0,0.00,0,0
19,9,0,1.41,1,2.84,931978,Y2,,,0,16.226,clean,0,0,0.00,0,0
19,10,0,1.52,1,2.45,522226,Y4,,,0,16.260,clean,0,0,0.00,0,0
19,11,0,1.40,1512,2.36,152439,Y2,,,0,16.610,clean,0,0,0.00,0,0
19,12,0,1.62,1,2.42,825405,Y4,,,0,16.868,clean,0,0,0.00,0,0
19,13,0,1.53,1,2.42,862420,Y2,,,0,16.720,clean,0,0,0.00,0,0
19,14,0,1.44,1,2.35,66787,Y4,,,0,16.223,clean,0,0,0.00,0,0
19,15,0,1.49,1,2.46,480384,Y2,,,0,15.927,clean,0,0,0.00,0,0
19,16,0,1.54,1,2.43,779182,Y4,,,0,16.152,clean,0,0,0.00,0,0
19,17,0,1.38,1,2.49,857234,Y4,,,0,16.854,clean,0,0,0.00,0,0
19,18,0,1.61,730,2.69,1108378,Y4,,,0,19.172,clean,0,0,0.00,0,0
19,19,0,1.45,1,2.38,709534,Y4,,,0,17.248,clean,0,0,0.00,0,0
19,20,0,1.54,1,2.34,923663,Y4,,,0,16.357,clean,0,0,0.00,0,0
19,21,0,1.48,1,2.29,500500,Y2,,,0,15.659,clean,0,0,0.00,0,0
19,22,0,1.65,1,2.41,902206,Y2,,,0,15.389,clean,0,0,0.00,0,0
19,23,0,1.50,1,2.50,661343,Y4,,,0,15.729,clean,0,0,0.00,0,0
19,24,0,1.71,1,2.72,297278,Y4,,,0,16.144,clean,0,0,0.00,0,0
19,25,0,1.87,204,2.27,617176,Y2,,,0,15.987,clean,0,0,0.00,0,0
19,26,0,1.57,1,2.46,1319110,Y2,,,0,15.404,clean,0,0,0.00,0,0
19,27,0,1.77,1,2.41,31471,Y4,,,0,14.958,clean,0,0,0.00,0,0
19,28,0,1.84,1,2.40,798494,Y2,,,0,14.449,clean,0,0,0.00,0,0
19,29,0,1.76,1,2.52,536889,Y2,,,0,14.669,clean,0,0,0.00,0,0
19,30,0,1.72,1,2.41,941634,Y4,,,0,15.015,clean,0,0,0.00,0,0
19,31,0,1.78,1,2.50,1394391,Y2,,,0,14.988,clean,0,0,0.00,0,0
19,32,0,1.31,353,2.47,1096398,Y4,,,0,14.409,clean,0,0,0.00,0,0
19,33,0,1.66,1,2.71,763625,Y2,,,0,13.807,clean,0,0,0.00,0,0
19,34,0,1.50,1,2.70,1173198,Y4,,,0,13.662,clean,0,0,0.00,0,0
19,35,0,1.81,1,2.56,1323938,Y4,,,0,14.032,clean,0,0,0.00,0,0
19,36,0,1.47,1,2.32,985891,Y2,,,0,14.548,clean,0,0,0.00,0,0
19,37,0,1.60,1,2.24,73045,Y2,,,0,14.684,clean,0,0,0.00,0,0
19,38,0,1.78,1,2.75,622898,Y2,,,0,14.190,clean,0,0,0.00,0,0
19,39,0,2.09,1,2.29,993222,Y4,,,0,13.508,clean,0,0,0.00,0,0
19,40,0,1.63,1,2.72,846505,Y4,,,0,13.208,clean,0,0,0.00,0,0
19,41,0,1.60,1,2.38,761122,Y2,,,0,13.407,clean,0,0,0.00,0,0
19,42,0,1.86,1,2.46,799656,Y4,,,0,13.860,clean,0,0,0.00,0,0
19,43,0,1.66,1,2.34,230759,Y2,,,0,14.107,clean,0,0,0.00,0,0
19,44,0,1.68,1,2.31,945836,Y4,,,0,13.629,clean,0,0,0.00,0,0
19,45,0,1.85,1,2.28,1183838,Y4,,,0,12.810,clean,0,0,0.00,0,0
19,46,0,1.87,1,2.34,397861,Y4,,,0,12.267,clean,0,0,0.00,0,0
19,47,0,1.81,1,2.48,565499,Y2,,,0,12.137,clean,0,0,0.00,0,0
19,48,0,1.83,1,2.33,751734,Y2,,,0,12.335,clean,0,0,0.00,0,0
19,49,0,1.91,1,2.38,187755,Y4,,,0,12.414,clean,0,0,0.00,0,0
19,50,0,1.74,1,2.41,122219,Y2,,,0,11.920,clean,0,0,0.00,0,0
19,51,0,2.16,1,2.46,1220852,Y4,,,0,11.073,clean,0,0,0.00,0,0
19,52,0,2.44,1,2.44,936359,Y2,,,0,10.307,clean,0,0,0.00,0,0
19,53,0,2.09,1,2.56,233531,Y2,,,0,9.750,clean,0,0,0.00,0,0
19,54,0,2.28,1,2.43,244886,Y2,,,0,9.371,clean,0,0,0.00,0,0
19,55,0,2.91,1,2.46,58293,Y2,0.00/noise-like,0.00/noise-like,0,8.854,hump-note,0,0,0.00,0,0
19,56,0,3.17,1,2.46,465274,Y2,0.00/noise-like,0.24/noise-like,0,7.971,hump-note,0,0,0.00,0,0
19,57,0,0,-1,0,0,-,,,0,6.779,QUARANTINE:dark-lane range=63 distinct=60,0,0,0.00,0,0
19,58,0,0,-1,0,0,-,,,0,5.729,QUARANTINE:dark-lane range=46 distinct=45,0,0,0.00,0,0
19,59,0,0,-1,0,0,-,,,0,4.879,QUARANTINE:dark-lane range=43 distinct=44,0,0,0.00,0,0
19,60,0,0,-1,0,0,-,,,0,4.161,QUARANTINE:dark-lane range=37 distinct=38,0,0,0.00,0,0
19,61,0,0,-1,0,0,-,,,0,3.558,QUARANTINE:dark-lane range=33 distinct=33,0,0,0.00,0,0
19,62,0,0,-1,0,0,-,,,0,2.954,QUARANTINE:dark-lane range=27 distinct=26,0,0,0.00,0,0
19,63,0,0,-1,0,0,-,,,0,2.401,QUARANTINE:dark-lane range=23 distinct=23,0,0,0.00,0,0
20,0,0,1.37,669,2.38,380427,Y4,,,0,20.757,clean,0,0,0.00,0,0
20,1,0,1.72,1,2.60,180513,Y2,,,0,19.628,clean,0,0,0.00,0,0
20,2,0,1.33,242,2.44,1405299,Y2,,,0,18.562,clean,0,0,0.00,0,0
20,3,0,1.46,1,2.32,198841,Y4,,,0,17.971,clean,0,0,0.00,0,0
20,4,0,1.56,1,2.37,685126,Y2,,,0,17.849,clean,0,0,0.00,0,0
20,5,0,1.46,1,2.30,70810,Y4,,,0,18.032,clean,0,0,0.00,0,0
20,6,0,1.52,1478,2.36,451952,Y4,,,0,17.990,clean,0,0,0.00,0,0
20,7,0,1.38,1010,2.37,494868,Y2,,,0,17.437,clean,0,0,0.00,0,0
20,8,0,1.56,1,2.72,890404,Y4,,,0,16.730,clean,0,0,0.00,0,0
20,9,0,1.43,1,2.47,1208782,Y2,,,0,16.225,clean,0,0,0.00,0,0
20,10,0,1.48,1,2.31,831664,Y2,,,0,16.245,clean,0,0,0.00,0,0
20,11,0,1.52,1,2.22,343591,Y4,,,0,16.604,clean,0,0,0.00,0,0
20,12,0,1.51,1,2.36,447303,Y4,,,0,16.888,clean,0,0,0.00,0,0
20,13,0,1.56,1,2.33,845164,Y4,,,0,16.707,clean,0,0,0.00,0,0
20,14,0,1.52,1,2.47,1223803,Y4,,,0,16.207,clean,0,0,0.00,0,0
20,15,0,1.40,1,2.66,401974,Y4,,,0,15.921,clean,0,0,0.00,0,0
20,16,0,1.65,1,2.32,825763,Y4,,,0,16.141,clean,0,0,0.00,0,0
20,17,0,1.56,1,2.43,103623,Y2,,,0,16.866,clean,0,0,0.00,0,0
20,18,0,1.69,747,2.25,1213968,Y4,,,0,19.207,clean,0,0,0.00,0,0
20,19,0,1.57,1,2.45,1445979,Y4,,,0,17.255,clean,0,0,0.00,0,0
20,20,0,1.41,1,2.46,685573,Y2,,,0,16.355,clean,0,0,0.00,0,0
20,21,0,1.34,1,2.63,1384288,Y2,,,0,15.626,clean,0,0,0.00,0,0
20,22,0,1.54,1,2.56,723749,Y4,,,0,15.414,clean,0,0,0.00,0,0
20,23,0,1.63,1,2.54,1105338,Y4,,,0,15.731,clean,0,0,0.00,0,0
20,24,0,1.45,1288,2.35,362813,Y4,,,0,16.109,clean,0,0,0.00,0,0
20,25,0,1.85,204,2.44,1109988,Y4,,,0,16.002,clean,0,0,0.00,0,0
20,26,0,1.78,1,2.47,1288265,Y2,,,0,15.394,clean,0,0,0.00,0,0
20,27,0,1.69,630,2.44,228614,Y4,,,0,14.958,clean,0,0,0.00,0,0
20,28,0,1.57,1,2.35,821650,Y4,,,0,14.432,clean,0,0,0.00,0,0
20,29,0,1.60,1,2.37,844181,Y4,,,0,14.687,clean,0,0,0.00,0,0
20,30,0,1.62,1,2.46,402331,Y2,,,0,15.045,clean,0,0,0.00,0,0
20,31,0,1.60,1,2.26,44346,Y4,,,0,14.997,clean,0,0,0.00,0,0
20,32,0,1.34,168,2.78,388652,Y4,,,0,14.430,clean,0,0,0.00,0,0
20,33,0,1.70,1,2.30,1417637,Y2,,,0,13.802,clean,0,0,0.00,0,0
20,34,0,1.60,1,2.44,80287,Y2,,,0,13.657,clean,0,0,0.00,0,0
20,35,0,1.73,1,2.35,12964,Y2,,,0,14.005,clean,0,0,0.00,0,0
20,36,0,1.60,1,2.42,738949,Y4,,,0,14.515,clean,0,0,0.00,0,0
20,37,0,1.72,1,2.55,735641,Y2,,,0,14.689,clean,0,0,0.00,0,0
20,38,0,1.74,1,2.80,841588,Y4,,,0,14.153,clean,0,0,0.00,0,0
20,39,0,1.74,1,2.38,191420,Y4,,,0,13.515,clean,0,0,0.00,0,0
20,40,0,1.73,1,2.41,835776,Y4,,,0,13.194,clean,0,0,0.00,0,0
20,41,0,1.66,1,2.39,857681,Y2,,,0,13.415,clean,0,0,0.00,0,0
20,42,0,1.64,1,2.36,798762,Y2,,,0,13.878,clean,0,0,0.00,0,0
20,43,0,1.73,1,2.37,202149,Y2,,,0,14.117,clean,0,0,0.00,0,0
20,44,0,1.99,1,2.47,33706,Y2,,,0,13.614,clean,0,0,0.00,0,0
20,45,0,2.20,1,2.58,839978,Y4,,,0,12.794,clean,0,0,0.00,0,0
20,46,0,1.83,1,2.42,80913,Y4,,,0,12.290,clean,0,0,0.00,0,0
20,47,0,1.86,1,2.42,251502,Y4,,,0,12.128,clean,0,0,0.00,0,0
20,48,0,2.09,1,2.41,134289,Y4,,,0,12.351,clean,0,0,0.00,0,0
20,49,0,1.65,1,2.82,386685,Y4,,,0,12.431,clean,0,0,0.00,0,0
20,50,0,2.01,1,2.27,912130,Y4,,,0,11.928,clean,0,0,0.00,0,0
20,51,0,1.92,1,2.41,95308,Y4,,,0,11.080,clean,0,0,0.00,0,0
20,52,0,2.26,1,2.32,1209408,Y2,,,0,10.302,clean,0,0,0.00,0,0
20,53,0,2.35,1,2.33,307202,Y2,,,0,9.734,clean,0,0,0.00,0,0
20,54,0,2.65,1,2.33,158250,Y2,0.00/noise-like,0.24/noise-like,0,9.352,hump-note,0,0,0.00,0,0
20,55,0,2.88,1,2.26,265449,Y4,0.00/noise-like,0.00/noise-like,0,8.889,hump-note,0,0,0.00,0,0
20,56,0,2.66,1,2.31,959426,Y4,0.24/noise-like,0.00/noise-like,0,7.946,hump-note,0,0,0.00,0,0
20,57,0,0,-1,0,0,-,,,0,6.781,QUARANTINE:dark-lane range=57 distinct=57,0,0,0.00,0,0
20,58,0,0,-1,0,0,-,,,0,5.743,QUARANTINE:dark-lane range=52 distinct=49,0,0,0.00,0,0
20,59,0,0,-1,0,0,-,,,0,4.872,QUARANTINE:dark-lane range=45 distinct=46,0,0,0.00,0,0
20,60,0,0,-1,0,0,-,,,0,4.168,QUARANTINE:dark-lane range=37 distinct=37,0,0,0.00,0,0
20,61,0,0,-1,0,0,-,,,0,3.561,QUARANTINE:dark-lane range=31 distinct=31,0,0,0.00,0,0
20,62,0,0,-1,0,0,-,,,0,2.959,QUARANTINE:dark-lane range=28 distinct=28,0,0,0.00,0,0
20,63,0,0,-1,0,0,-,,,0,2.402,QUARANTINE:dark-lane range=19 distinct=20,0,0,0.00,0,0
21,0,0,1.35,223,2.33,1275390,Y2,,,0,20.706,clean,0,0,0.00,0,0
21,1,0,1.38,1505,2.31,778109,Y2,,,0,19.579,clean,0,0,0.00,0,0
21,2,0,1.47,1643,2.29,203043,Y2,,,0,18.564,clean,0,0,0.00,0,0
21,3,0,1.36,1010,2.62,949949,Y2,,,0,17.963,clean,0,0,0.00,0,0
21,4,0,1.56,1,2.45,376493,Y2,,,0,17.858,clean,0,0,0.00,0,0
21,5,0,1.36,1303,2.44,1084596,Y4,,,0,18.087,clean,0,0,0.00,0,0
21,6,0,1.51,1,2.25,1143157,Y2,,,0,17.979,clean,0,0,0.00,0,0
21,7,0,1.51,1,2.46,142694,Y2,,,0,17.429,clean,0,0,0.00,0,0
21,8,0,1.49,1,2.50,284582,Y4,,,0,16.721,clean,0,0,0.00,0,0
21,9,0,1.41,1,2.37,805,Y2,,,0,16.237,clean,0,0,0.00,0,0
21,10,0,1.48,1,2.33,75907,Y4,,,0,16.201,clean,0,0,0.00,0,0
21,11,0,1.70,1,2.32,117749,Y2,,,0,16.633,clean,0,0,0.00,0,0
21,12,0,1.34,1,2.54,702739,Y4,,,0,16.895,clean,0,0,0.00,0,0
21,13,0,1.35,548,2.85,1205832,Y4,,,0,16.719,clean,0,0,0.00,0,0
21,14,0,1.42,1,2.40,1310080,Y2,,,0,16.226,clean,0,0,0.00,0,0
21,15,0,1.62,1,2.45,438899,Y2,,,0,15.918,clean,0,0,0.00,0,0
21,16,0,1.79,1,2.65,994921,Y4,,,0,16.167,clean,0,0,0.00,0,0
21,17,0,1.43,1,2.65,679046,Y2,,,0,16.872,clean,0,0,0.00,0,0
21,18,0,1.58,790,2.29,44793,Y2,,,0,19.177,clean,0,0,0.00,0,0
21,19,0,1.43,1099,2.31,318468,Y2,,,0,17.261,clean,0,0,0.00,0,0
21,20,0,1.60,1,2.47,1369804,Y4,,,0,16.381,clean,0,0,0.00,0,0
21,21,0,1.47,1,2.37,177294,Y4,,,0,15.656,clean,0,0,0.00,0,0
21,22,0,1.55,1,2.41,235945,Y4,,,0,15.396,clean,0,0,0.00,0,0
21,23,0,1.36,1,2.36,299066,Y2,,,0,15.739,clean,0,0,0.00,0,0
21,24,0,1.63,1,2.32,552714,Y4,,,0,16.127,clean,0,0,0.00,0,0
21,25,0,2.08,204,2.62,240147,Y2,,,0,16.011,clean,0,0,0.00,0,0
21,26,0,1.58,1,2.52,214130,Y4,,,0,15.394,clean,0,0,0.00,0,0
21,27,0,1.81,1,2.60,38624,Y4,,,0,14.969,clean,0,0,0.00,0,0
21,28,0,1.68,1,2.67,39786,Y2,,,0,14.440,clean,0,0,0.00,0,0
21,29,0,1.70,1,2.43,929564,Y2,,,0,14.678,clean,0,0,0.00,0,0
21,30,0,1.59,1,2.36,842124,Y4,,,0,15.016,clean,0,0,0.00,0,0
21,31,0,1.84,1,2.25,111759,Y4,,,0,14.985,clean,0,0,0.00,0,0
21,32,0,1.46,1185,2.84,601709,Y2,,,0,14.391,clean,0,0,0.00,0,0
21,33,0,1.55,1,2.39,664830,Y2,,,0,13.834,clean,0,0,0.00,0,0
21,34,0,1.71,1,2.24,1196176,Y2,,,0,13.639,clean,0,0,0.00,0,0
21,35,0,1.51,1,2.44,854731,Y2,,,0,14.016,clean,0,0,0.00,0,0
21,36,0,1.53,1,2.35,1177579,Y4,,,0,14.540,clean,0,0,0.00,0,0
21,37,0,1.67,1,2.38,295848,Y4,,,0,14.669,clean,0,0,0.00,0,0
21,38,0,1.74,1,2.32,626832,Y2,,,0,14.176,clean,0,0,0.00,0,0
21,39,0,1.89,1,2.42,437200,Y2,,,0,13.483,clean,0,0,0.00,0,0
21,40,0,1.81,1,2.32,99242,Y2,,,0,13.184,clean,0,0,0.00,0,0
21,41,0,1.76,1,2.42,792950,Y2,,,0,13.433,clean,0,0,0.00,0,0
21,42,0,2.16,1,2.44,785172,Y4,,,0,13.872,clean,0,0,0.00,0,0
21,43,0,1.65,1,2.42,800014,Y2,,,0,14.141,clean,0,0,0.00,0,0
21,44,0,1.92,1,2.41,1354963,Y4,,,0,13.625,clean,0,0,0.00,0,0
21,45,0,2.12,1,2.47,1270205,Y2,,,0,12.797,clean,0,0,0.00,0,0
21,46,0,1.70,1,2.45,1319021,Y4,,,0,12.267,clean,0,0,0.00,0,0
21,47,0,1.85,1,2.39,87976,Y4,,,0,12.141,clean,0,0,0.00,0,0
21,48,0,1.74,1,2.55,1250982,Y2,,,0,12.340,clean,0,0,0.00,0,0
21,49,0,1.88,1,2.53,49621,Y2,,,0,12.397,clean,0,0,0.00,0,0
21,50,0,2.18,1,2.53,400096,Y4,,,0,11.930,clean,0,0,0.00,0,0
21,51,0,2.07,1,2.43,1084954,Y2,,,0,11.085,clean,0,0,0.00,0,0
21,52,0,2.34,1,2.45,952989,Y4,,,0,10.283,clean,0,0,0.00,0,0
21,53,0,2.38,1,2.33,86814,Y2,,,0,9.742,clean,0,0,0.00,0,0
21,54,0,2.56,1,2.78,288874,Y2,0.24/noise-like,0.00/noise-like,0,9.370,hump-note,0,0,0.00,0,0
21,55,0,2.53,1,2.74,317395,Y2,0.24/noise-like,0.00/noise-like,0,8.849,hump-note,0,0,0.00,0,0
21,56,0,3.00,1,2.30,1144946,Y4,0.00/noise-like,0.00/noise-like,0,7.958,hump-note,0,0,0.00,0,0
21,57,0,0,-1,0,0,-,,,0,6.793,QUARANTINE:dark-lane range=59 distinct=57,0,0,0.00,0,0
21,58,0,0,-1,0,0,-,,,0,5.749,QUARANTINE:dark-lane range=49 distinct=49,0,0,0.00,0,0
21,59,0,0,-1,0,0,-,,,0,4.874,QUARANTINE:dark-lane range=43 distinct=43,0,0,0.00,0,0
21,60,0,0,-1,0,0,-,,,0,4.169,QUARANTINE:dark-lane range=35 distinct=36,0,0,0.00,0,0
21,61,0,0,-1,0,0,-,,,0,3.562,QUARANTINE:dark-lane range=30 distinct=31,0,0,0.00,0,0
21,62,0,0,-1,0,0,-,,,0,2.960,QUARANTINE:dark-lane range=25 distinct=26,0,0,0.00,0,0
21,63,0,0,-1,0,0,-,,,0,2.396,QUARANTINE:dark-lane range=21 distinct=22,0,0,0.00,0,0
22,0,0,1.33,591,2.52,153333,Y2,,,0,20.715,clean,0,0,0.00,0,0
22,1,0,1.37,1223,2.53,571132,Y4,,,0,19.573,clean,0,0,0.00,0,0
22,2,0,1.35,1643,2.43,780880,Y2,,,0,18.586,clean,0,0,0.00,0,0
22,3,0,1.47,896,2.39,286549,Y2,,,0,17.951,clean,0,0,0.00,0,0
22,4,0,1.37,1070,2.27,1080662,Y4,,,0,17.856,clean,0,0,0.00,0,0
22,5,0,1.57,1,2.35,36567,Y2,,,0,18.072,clean,0,0,0.00,0,0
22,6,0,1.50,1,2.49,6795,Y2,,,0,17.979,clean,0,0,0.00,0,0
22,7,0,1.54,1,2.36,1259208,Y4,,,0,17.418,clean,0,0,0.00,0,0
22,8,0,1.49,1,2.34,163704,Y4,,,0,16.735,clean,0,0,0.00,0,0
22,9,0,1.57,1,2.33,625670,Y2,,,0,16.238,clean,0,0,0.00,0,0
22,10,0,1.51,1,2.69,335455,Y2,,,0,16.240,clean,0,0,0.00,0,0
22,11,0,1.43,1124,2.64,39428,Y2,,,0,16.640,clean,0,0,0.00,0,0
22,12,0,1.58,1,2.34,303894,Y2,,,0,16.873,clean,0,0,0.00,0,0
22,13,0,1.64,1,2.28,196517,Y4,,,0,16.710,clean,0,0,0.00,0,0
22,14,0,1.33,49,2.54,317037,Y2,,,0,16.237,clean,0,0,0.00,0,0
22,15,0,1.39,976,2.34,653833,Y4,,,0,15.907,clean,0,0,0.00,0,0
22,16,0,1.38,1,2.55,1152724,Y2,,,0,16.165,clean,0,0,0.00,0,0
22,17,0,1.63,1,2.38,1315087,Y2,,,0,16.857,clean,0,0,0.00,0,0
22,18,0,1.71,772,2.43,898987,Y2,,,0,19.212,clean,0,0,0.00,0,0
22,19,0,1.49,1,2.72,1026034,Y4,,,0,17.239,clean,0,0,0.00,0,0
22,20,0,1.39,344,2.56,450253,Y4,,,0,16.372,clean,0,0,0.00,0,0
22,21,0,1.83,1,2.54,375599,Y4,,,0,15.633,clean,0,0,0.00,0,0
22,22,0,1.88,1,2.56,186950,Y4,,,0,15.396,clean,0,0,0.00,0,0
22,23,0,1.76,1,2.27,767648,Y4,,,0,15.737,clean,0,0,0.00,0,0
22,24,0,1.57,1,2.52,867426,Y4,,,0,16.143,clean,0,0,0.00,0,0
22,25,0,1.89,204,2.25,1233727,Y4,,,0,16.012,clean,0,0,0.00,0,0
22,26,0,1.69,1,2.32,1214147,Y4,,,0,15.398,clean,0,0,0.00,0,0
22,27,0,1.88,1,2.62,717402,Y2,,,0,14.945,clean,0,0,0.00,0,0
22,28,0,1.75,1,2.56,239342,Y2,,,0,14.495,clean,0,0,0.00,0,0
22,29,0,1.81,1,2.66,794023,Y4,,,0,14.675,clean,0,0,0.00,0,0
22,30,0,1.55,1,2.59,1338422,Y2,,,0,15.036,clean,0,0,0.00,0,0
22,31,0,1.35,1,2.27,890940,Y2,,,0,14.973,clean,0,0,0.00,0,0
22,32,0,1.37,1147,2.66,58025,Y2,,,0,14.420,clean,0,0,0.00,0,0
22,33,0,1.69,1,2.38,148952,Y2,,,0,13.816,clean,0,0,0.00,0,0
22,34,0,1.89,1,2.30,387222,Y4,,,0,13.672,clean,0,0,0.00,0,0
22,35,0,1.71,1,2.26,468045,Y4,,,0,14.010,clean,0,0,0.00,0,0
22,36,0,1.62,1,2.34,391066,Y4,,,0,14.562,clean,0,0,0.00,0,0
22,37,0,1.85,1,2.37,197500,Y2,,,0,14.674,clean,0,0,0.00,0,0
22,38,0,1.57,1,2.42,648201,Y2,,,0,14.184,clean,0,0,0.00,0,0
22,39,0,1.57,1,2.31,67323,Y2,,,0,13.520,clean,0,0,0.00,0,0
22,40,0,1.73,1,2.63,862598,Y2,,,0,13.190,clean,0,0,0.00,0,0
22,41,0,2.13,1,2.42,78410,Y2,,,0,13.428,clean,0,0,0.00,0,0
22,42,0,1.78,1,2.31,563264,Y2,,,0,13.882,clean,0,0,0.00,0,0
22,43,0,1.71,1,2.49,665545,Y4,,,0,14.123,clean,0,0,0.00,0,0
22,44,0,1.88,1,2.36,44435,Y2,,,0,13.621,clean,0,0,0.00,0,0
22,45,0,1.96,1,2.90,104249,Y2,,,0,12.788,clean,0,0,0.00,0,0
22,46,0,1.99,1,2.48,605196,Y4,,,0,12.274,clean,0,0,0.00,0,0
22,47,0,1.74,1,2.57,233442,Y2,,,0,12.136,clean,0,0,0.00,0,0
22,48,0,1.90,1234,2.43,576943,Y4,,,0,12.352,clean,0,0,0.00,0,0
22,49,0,1.88,1,2.34,1259834,Y2,,,0,12.439,clean,0,0,0.00,0,0
22,50,0,1.98,1,2.36,481457,Y2,,,0,11.913,clean,0,0,0.00,0,0
22,51,0,2.01,1,2.37,333756,Y2,,,0,11.092,clean,0,0,0.00,0,0
22,52,0,2.03,1,2.61,767022,Y2,,,0,10.307,clean,0,0,0.00,0,0
22,53,0,2.30,1,2.37,1077712,Y4,,,0,9.732,clean,0,0,0.00,0,0
22,54,0,2.62,1,2.56,369608,Y2,0.00/noise-like,0.24/noise-like,0,9.361,hump-note,0,0,0.00,0,0
22,55,0,3.16,1,2.33,689507,Y4,0.00/noise-like,0.00/noise-like,0,8.868,hump-note,0,0,0.00,0,0
22,56,0,3.12,1,2.27,241578,Y2,0.24/noise-like,0.24/noise-like,0,7.961,hump-note,0,0,0.00,0,0
22,57,0,0,-1,0,0,-,,,0,6.780,QUARANTINE:dark-lane range=59 distinct=59,0,0,0.00,0,0
22,58,0,0,-1,0,0,-,,,0,5.741,QUARANTINE:dark-lane range=49 distinct=49,0,0,0.00,0,0
22,59,0,0,-1,0,0,-,,,0,4.877,QUARANTINE:dark-lane range=42 distinct=43,0,0,0.00,0,0
22,60,0,0,-1,0,0,-,,,0,4.166,QUARANTINE:dark-lane range=38 distinct=37,0,0,0.00,0,0
22,61,0,0,-1,0,0,-,,,0,3.561,QUARANTINE:dark-lane range=31 distinct=31,0,0,0.00,0,0
22,62,0,0,-1,0,0,-,,,0,2.953,QUARANTINE:dark-lane range=28 distinct=27,0,0,0.00,0,0
22,63,0,0,-1,0,0,-,,,0,2.400,QUARANTINE:dark-lane range=21 distinct=22,0,0,0.00,0,0
23,0,0,1.39,1509,2.42,391155,Y2,,,0,20.703,clean,0,0,0.00,0,0
23,1,0,1.54,1,2.40,83238,Y4,,,0,19.551,clean,0,0,0.00,0,0
23,2,0,1.51,1,2.32,955582,Y2,,,0,18.554,clean,0,0,0.00,0,0
23,3,0,1.56,1,2.66,1168370,Y2,,,0,17.932,clean,0,0,0.00,0,0
23,4,0,1.36,803,2.33,374705,Y4,,,0,17.842,clean,0,0,0.00,0,0
23,5,0,1.43,1,2.38,400901,Y2,,,0,18.072,clean,0,0,0.00,0,0
23,6,0,1.31,1478,2.39,856429,Y4,,,0,17.971,clean,0,0,0.00,0,0
23,7,0,1.36,1,2.52,481367,Y4,,,0,17.471,clean,0,0,0.00,0,0
23,8,0,1.40,368,2.36,1441866,Y4,,,0,16.772,clean,0,0,0.00,0,0
23,9,0,1.47,1,2.48,1358628,Y2,,,0,16.255,clean,0,0,0.00,0,0
23,10,0,1.44,1,2.58,620216,Y4,,,0,16.223,clean,0,0,0.00,0,0
23,11,0,1.36,1,2.24,673413,Y2,,,0,16.611,clean,0,0,0.00,0,0
23,12,0,1.60,1,2.28,1272887,Y4,,,0,16.885,clean,0,0,0.00,0,0
23,13,0,1.41,1,2.48,187486,Y2,,,0,16.685,clean,0,0,0.00,0,0
23,14,0,1.54,1,2.36,644177,Y2,,,0,16.196,clean,0,0,0.00,0,0
23,15,0,1.75,1,2.31,441313,Y2,,,0,15.914,clean,0,0,0.00,0,0
23,16,0,1.80,1,2.38,284493,Y4,,,0,16.204,clean,0,0,0.00,0,0
23,17,0,1.43,1,2.81,935018,Y2,,,0,16.881,clean,0,0,0.00,0,0
23,18,0,1.61,830,2.47,6884,Y4,,,0,19.183,clean,0,0,0.00,0,0
23,19,0,1.67,1,2.31,908196,Y2,,,0,17.227,clean,0,0,0.00,0,0
23,20,0,1.46,1,2.62,358,Y2,,,0,16.354,clean,0,0,0.00,0,0
23,21,0,1.46,813,2.42,740290,Y4,,,0,15.646,clean,0,0,0.00,0,0
23,22,0,1.62,1,2.38,216901,Y2,,,0,15.413,clean,0,0,0.00,0,0
23,23,0,1.64,1,2.33,133574,Y4,,,0,15.758,clean,0,0,0.00,0,0
23,24,0,1.60,1,2.27,1087993,Y4,,,0,16.157,clean,0,0,0.00,0,0
23,25,0,1.88,204,2.40,975251,Y4,,,0,15.992,clean,0,0,0.00,0,0
23,26,0,1.48,1,2.25,1048744,Y2,,,0,15.372,clean,0,0,0.00,0,0
23,27,0,1.75,630,2.25,657678,Y2,,,0,14.972,clean,0,0,0.00,0,0
23,28,0,1.78,1,2.23,186414,Y2,,,0,14.458,clean,0,0,0.00,0,0
23,29,0,1.55,1,2.52,75728,Y2,,,0,14.662,clean,0,0,0.00,0,0
23,30,0,1.47,1,2.36,842929,Y4,,,0,15.027,clean,0,0,0.00,0,0
23,31,0,1.68,1,2.54,958443,Y2,,,0,14.970,clean,0,0,0.00,0,0
23,32,0,1.33,1557,2.37,794828,Y4,,,0,14.425,clean,0,0,0.00,0,0
23,33,0,1.81,1,2.52,302643,Y2,,,0,13.796,clean,0,0,0.00,0,0
23,34,0,2.04,1,2.44,1131982,Y2,,,0,13.649,clean,0,0,0.00,0,0
23,35,0,1.67,1,2.35,390977,Y2,,,0,14.039,clean,0,0,0.00,0,0
23,36,0,1.58,1,2.29,835240,Y2,,,0,14.553,clean,0,0,0.00,0,0
23,37,0,1.51,1,2.45,666529,Y4,,,0,14.660,clean,0,0,0.00,0,0
23,38,0,1.44,1,2.45,894517,Y2,,,0,14.163,clean,0,0,0.00,0,0
23,39,0,1.90,1,2.55,1407087,Y4,,,0,13.505,clean,0,0,0.00,0,0
23,40,0,1.72,1,2.67,1077890,Y2,,,0,13.209,clean,0,0,0.00,0,0
23,41,0,1.85,1,2.33,120431,Y2,,,0,13.426,clean,0,0,0.00,0,0
23,42,0,1.67,1,2.23,823081,Y4,,,0,13.874,clean,0,0,0.00,0,0
23,43,0,1.84,1,2.50,205815,Y4,,,0,14.115,clean,0,0,0.00,0,0
23,44,0,1.83,1,2.39,340194,Y2,,,0,13.609,clean,0,0,0.00,0,0
23,45,0,2.02,1,2.29,416100,Y2,,,0,12.776,clean,0,0,0.00,0,0
23,46,0,2.01,1,2.69,1209319,Y2,,,0,12.283,clean,0,0,0.00,0,0
23,47,0,1.84,1,2.66,392497,Y2,,,0,12.136,clean,0,0,0.00,0,0
23,48,0,1.87,1234,2.48,991523,Y2,,,0,12.349,clean,0,0,0.00,0,0
23,49,0,1.99,1,2.42,537872,Y4,,,0,12.410,clean,0,0,0.00,0,0
23,50,0,1.80,1,2.45,240862,Y4,,,0,11.908,clean,0,0,0.00,0,0
23,51,0,2.02,1,2.67,1090407,Y2,,,0,11.088,clean,0,0,0.00,0,0
23,52,0,2.34,1,2.45,144750,Y4,,,0,10.284,clean,0,0,0.00,0,0
23,53,0,2.50,1,2.47,41485,Y2,,,0,9.734,clean,0,0,0.00,0,0
23,54,0,2.50,1,2.39,18954,Y4,,,0,9.366,clean,0,0,0.00,0,0
23,55,0,2.58,1,2.73,63747,Y2,0.00/noise-like,0.24/noise-like,0,8.873,hump-note,0,0,0.00,0,0
23,56,0,3.55,1,2.45,857502,Y4,0.00/noise-like,0.24/noise-like,0,7.961,hump-note,0,0,0.00,0,0
23,57,0,0,-1,0,0,-,,,0,6.776,QUARANTINE:dark-lane range=63 distinct=58,0,0,0.00,0,0
23,58,0,0,-1,0,0,-,,,0,5.743,QUARANTINE:dark-lane range=52 distinct=51,0,0,0.00,0,0
23,59,0,0,-1,0,0,-,,,0,4.883,QUARANTINE:dark-lane range=40 distinct=41,0,0,0.00,0,0
23,60,0,0,-1,0,0,-,,,0,4.161,QUARANTINE:dark-lane range=35 distinct=36,0,0,0.00,0,0
23,61,0,0,-1,0,0,-,,,0,3.559,QUARANTINE:dark-lane range=33 distinct=32,0,0,0.00,0,0
23,62,0,0,-1,0,0,-,,,0,2.956,QUARANTINE:dark-lane range=25 distinct=26,0,0,0.00,0,0
23,63,0,0,-1,0,0,-,,,0,2.405,QUARANTINE:dark-lane range=22 distinct=23,0,0,0.00,0,0
24,0,0,1.36,371,2.62,961572,Y2,,,0,20.748,clean,0,0,0.00,0,0
24,1,0,1.36,793,2.52,162899,Y4,,,0,19.582,clean,0,0,0.00,0,0
24,2,0,1.39,1454,2.28,744492,Y4,,,0,18.567,clean,0,0,0.00,0,0
24,3,0,1.33,1050,2.48,970781,Y4,,,0,17.956,clean,0,0,0.00,0,0
24,4,0,1.36,1,2.64,220031,Y2,,,0,17.818,clean,0,0,0.00,0,0
24,5,0,1.32,559,2.43,4470,Y4,,,0,18.070,clean,0,0,0.00,0,0
24,6,0,1.38,1,2.37,99242,Y4,,,0,17.972,clean,0,0,0.00,0,0
24,7,0,1.44,1,2.63,1153618,Y4,,,0,17.460,clean,0,0,0.00,0,0
24,8,0,1.62,1,2.59,1021922,Y4,,,0,16.749,clean,0,0,0.00,0,0
24,9,0,1.50,1,2.28,1206815,Y2,,,0,16.220,clean,0,0,0.00,0,0
24,10,0,1.36,1,2.30,1069665,Y2,,,0,16.244,clean,0,0,0.00,0,0
24,11,0,1.69,1,2.34,737786,Y4,,,0,16.626,clean,0,0,0.00,0,0
24,12,0,1.62,1,2.63,1118660,Y4,,,0,16.920,clean,0,0,0.00,0,0
24,13,0,1.46,1,2.50,800371,Y2,,,0,16.698,clean,0,0,0.00,0,0
24,14,0,1.49,1,2.34,260085,Y2,,,0,16.212,clean,0,0,0.00,0,0
24,15,0,1.53,1,2.50,534385,Y2,,,0,15.913,clean,0,0,0.00,0,0
24,16,0,1.55,1,2.36,1458764,Y2,,,0,16.179,clean,0,0,0.00,0,0
24,17,0,1.63,1,2.81,1064390,Y4,,,0,16.876,clean,0,0,0.00,0,0
24,18,0,1.58,789,2.57,1262337,Y4,,,0,19.226,clean,0,0,0.00,0,0
24,19,0,1.40,1,2.48,246406,Y2,,,0,17.229,clean,0,0,0.00,0,0
24,20,0,1.38,724,2.57,184804,Y2,,,0,16.328,clean,0,0,0.00,0,0
24,21,0,1.69,1,2.36,1377493,Y4,,,0,15.640,clean,0,0,0.00,0,0
24,22,0,1.81,1,2.40,286549,Y2,,,0,15.410,clean,0,0,0.00,0,0
24,23,0,1.48,1,2.38,1189291,Y4,,,0,15.709,clean,0,0,0.00,0,0
24,24,0,1.51,1,2.31,1423359,Y2,,,0,16.114,clean,0,0,0.00,0,0
24,25,0,1.83,204,2.47,763536,Y2,,,0,16.004,clean,0,0,0.00,0,0
24,26,0,1.82,1,2.49,446767,Y4,,,0,15.400,clean,0,0,0.00,0,0
24,27,0,1.63,629,2.40,540107,Y2,,,0,14.977,clean,0,0,0.00,0,0
24,28,0,1.58,1,2.46,547349,Y4,,,0,14.461,clean,0,0,0.00,0,0
24,29,0,1.66,1,2.46,268,Y4,,,0,14.683,clean,0,0,0.00,0,0
24,30,0,1.82,1,2.36,1248121,Y2,,,0,15.014,clean,0,0,0.00,0,0
24,31,0,1.45,1,2.58,1294613,Y2,,,0,15.004,clean,0,0,0.00,0,0
24,32,0,1.36,1558,2.27,1232117,Y4,,,0,14.384,clean,0,0,0.00,0,0
24,33,0,1.82,1,2.40,255615,Y4,,,0,13.792,clean,0,0,0.00,0,0
24,34,0,2.04,1,2.41,1228005,Y2,,,0,13.658,clean,0,0,0.00,0,0
24,35,0,1.77,1,2.39,614494,Y2,,,0,14.005,clean,0,0,0.00,0,0
24,36,0,1.65,1,2.59,1184911,Y2,,,0,14.544,clean,0,0,0.00,0,0
24,37,0,1.49,1,2.55,864029,Y4,,,0,14.652,clean,0,0,0.00,0,0
24,38,0,1.72,1,2.41,355750,Y4,,,0,14.203,clean,0,0,0.00,0,0
24,39,0,1.79,1,2.16,697196,Y4,,,0,13.506,clean,0,0,0.00,0,0
24,40,0,1.76,1,2.36,611097,Y4,,,0,13.192,clean,0,0,0.00,0,0
24,41,0,1.89,1,2.59,662237,Y2,,,0,13.418,clean,0,0,0.00,0,0
24,42,0,1.85,1,2.41,1355141,Y4,,,0,13.886,clean,0,0,0.00,0,0
24,43,0,1.67,1,2.57,1452953,Y2,,,0,14.117,clean,0,0,0.00,0,0
24,44,0,1.67,1,2.43,780344,Y2,,,0,13.609,clean,0,0,0.00,0,0
24,45,0,1.96,1,2.40,890583,Y4,,,0,12.804,clean,0,0,0.00,0,0
24,46,0,1.88,1,2.50,482798,Y2,,,0,12.282,clean,0,0,0.00,0,0
24,47,0,1.70,1,3.00,985980,Y4,0.24/noise-like,0.00/noise-like,0,12.133,FAM-HIT,0,0,0.00,0,0
24,48,0,1.67,1,2.28,171840,Y4,,,0,12.348,clean,0,0,0.00,0,0
24,49,0,2.17,1,2.30,977308,Y4,,,0,12.431,clean,0,0,0.00,0,0
24,50,0,2.07,1,2.38,1218975,Y4,,,0,11.924,clean,0,0,0.00,0,0
24,51,0,2.18,1,2.95,123382,Y4,,,0,11.082,clean,0,0,0.00,0,0
24,52,0,2.24,1,2.37,8762,Y2,,,0,10.293,clean,0,0,0.00,0,0
24,53,0,2.15,1,2.41,1306415,Y4,,,0,9.729,clean,0,0,0.00,0,0
24,54,0,2.70,1,2.79,1400739,Y2,0.00/noise-like,0.00/noise-like,0,9.377,hump-note,0,0,0.00,0,0
24,55,0,2.68,1,2.35,550479,Y4,0.24/noise-like,0.24/noise-like,0,8.874,hump-note,0,0,0.00,0,0
24,56,0,3.70,1,2.39,722587,Y2,0.00/noise-like,0.00/noise-like,0,7.954,hump-note,0,0,0.00,0,0
24,57,0,0,-1,0,0,-,,,0,6.785,QUARANTINE:dark-lane range=60 distinct=59,0,0,0.00,0,0
24,58,0,0,-1,0,0,-,,,0,5.745,QUARANTINE:dark-lane range=51 distinct=51,0,0,0.00,0,0
24,59,0,0,-1,0,0,-,,,0,4.870,QUARANTINE:dark-lane range=44 distinct=43,0,0,0.00,0,0
24,60,0,0,-1,0,0,-,,,0,4.164,QUARANTINE:dark-lane range=35 distinct=35,0,0,0.00,0,0
24,61,0,0,-1,0,0,-,,,0,3.562,QUARANTINE:dark-lane range=29 distinct=30,0,0,0.00,0,0
24,62,0,0,-1,0,0,-,,,0,2.959,QUARANTINE:dark-lane range=25 distinct=26,0,0,0.00,0,0
24,63,0,0,-1,0,0,-,,,0,2.403,QUARANTINE:dark-lane range=21 distinct=22,0,0,0.00,0,0
25,0,0,1.44,589,2.41,632018,Y4,,,0,20.698,clean,0,0,0.00,0,0
25,1,0,1.44,1467,2.37,182122,Y2,,,0,19.570,clean,0,0,0.00,0,0
25,2,0,1.45,1,2.31,1420498,Y2,,,0,18.569,clean,0,0,0.00,0,0
25,3,0,1.44,1121,2.26,1134127,Y2,,,0,17.967,clean,0,0,0.00,0,0
25,4,0,1.52,1,2.42,369072,Y4,,,0,17.819,clean,0,0,0.00,0,0
25,5,0,1.46,1,2.41,899792,Y4,,,0,18.033,clean,0,0,0.00,0,0
25,6,0,1.35,1478,2.41,13500,Y4,,,0,17.964,clean,0,0,0.00,0,0
25,7,0,1.38,391,2.35,87708,Y2,,,0,17.451,clean,0,0,0.00,0,0
25,8,0,1.63,1,2.47,167012,Y4,,,0,16.747,clean,0,0,0.00,0,0
25,9,0,1.41,1,2.69,4381,Y2,,,0,16.226,clean,0,0,0.00,0,0
25,10,0,1.35,1,2.40,907481,Y4,,,0,16.275,clean,0,0,0.00,0,0
25,11,0,1.34,433,2.76,825673,Y2,,,0,16.598,clean,0,0,0.00,0,0
25,12,0,1.41,1,2.51,338495,Y2,,,0,16.890,clean,0,0,0.00,0,0
25,13,0,1.48,514,2.28,300497,Y2,,,0,16.717,clean,0,0,0.00,0,0
25,14,0,1.51,1,2.48,666440,Y4,,,0,16.210,clean,0,0,0.00,0,0
25,15,0,1.65,1,2.46,988752,Y2,,,0,15.913,clean,0,0,0.00,0,0
25,16,0,1.52,1,2.50,751555,Y4,,,0,16.194,clean,0,0,0.00,0,0
25,17,0,1.38,1,3.00,11891,Y2,0.00/noise-like,0.00/noise-like,0,16.889,FAM-HIT,0,0,0.00,0,0
25,18,0,1.66,857,2.37,715435,Y2,,,0,19.199,clean,0,0,0.00,0,0
25,19,0,1.44,1,2.35,1080841,Y2,,,0,17.228,clean,0,0,0.00,0,0
25,20,0,1.41,1,2.34,291198,Y2,,,0,16.354,clean,0,0,0.00,0,0
25,21,0,1.74,1,2.39,846952,Y4,,,0,15.628,clean,0,0,0.00,0,0
25,22,0,1.49,1,2.38,237018,Y4,,,0,15.418,clean,0,0,0.00,0,0
25,23,0,1.49,1,2.38,1023978,Y2,,,0,15.754,clean,0,0,0.00,0,0
25,24,0,1.64,1,2.27,1252,Y4,,,0,16.109,clean,0,0,0.00,0,0
25,25,0,1.98,204,2.26,1309276,Y4,,,0,15.995,clean,0,0,0.00,0,0
25,26,0,1.87,1,2.39,524819,Y2,,,0,15.409,clean,0,0,0.00,0,0
25,27,0,1.56,1,2.38,1244098,Y4,,,0,14.963,clean,0,0,0.00,0,0
25,28,0,1.68,1,2.39,1347363,Y4,,,0,14.456,clean,0,0,0.00,0,0
25,29,0,1.83,1,2.23,1190186,Y2,,,0,14.688,clean,0,0,0.00,0,0
25,30,0,1.40,1,2.33,684500,Y2,,,0,15.026,clean,0,0,0.00,0,0
25,31,0,1.69,1,2.38,98616,Y2,,,0,14.978,clean,0,0,0.00,0,0
25,32,0,1.33,446,2.64,1310527,Y2,,,0,14.414,clean,0,0,0.00,0,0
25,33,0,1.43,1,2.28,156373,Y2,,,0,13.800,clean,0,0,0.00,0,0
25,34,0,1.58,1,2.39,918031,Y2,,,0,13.619,clean,0,0,0.00,0,0
25,35,0,1.65,1,2.37,175953,Y4,,,0,13.998,clean,0,0,0.00,0,0
25,36,0,1.66,1,2.37,1202524,Y2,,,0,14.566,clean,0,0,0.00,0,0
25,37,0,1.58,1,2.41,59545,Y2,,,0,14.661,clean,0,0,0.00,0,0
25,38,0,1.56,1,2.40,436664,Y4,,,0,14.171,clean,0,0,0.00,0,0
25,39,0,1.76,1,2.63,504166,Y4,,,0,13.491,clean,0,0,0.00,0,0
25,40,0,1.74,1,2.54,73314,Y4,,,0,13.206,clean,0,0,0.00,0,0
25,41,0,1.77,1,2.26,502020,Y4,,,0,13.397,clean,0,0,0.00,0,0
25,42,0,1.80,1,2.36,56863,Y2,,,0,13.861,clean,0,0,0.00,0,0
25,43,0,1.71,1,2.34,344664,Y2,,,0,14.114,clean,0,0,0.00,0,0
25,44,0,1.72,1,2.42,874043,Y4,,,0,13.614,clean,0,0,0.00,0,0
25,45,0,1.93,1,2.38,1161307,Y4,,,0,12.783,clean,0,0,0.00,0,0
25,46,0,1.72,1,2.61,1427203,Y4,,,0,12.269,clean,0,0,0.00,0,0
25,47,0,1.74,1,2.39,1158088,Y2,,,0,12.140,clean,0,0,0.00,0,0
25,48,0,1.86,1,2.37,595003,Y2,,,0,12.311,clean,0,0,0.00,0,0
25,49,0,1.84,1,2.57,429153,Y2,,,0,12.389,clean,0,0,0.00,0,0
25,50,0,2.05,1,2.36,319183,Y2,,,0,11.929,clean,0,0,0.00,0,0
25,51,0,2.37,1,2.24,684768,Y4,,,0,11.066,clean,0,0,0.00,0,0
25,52,0,2.41,1,2.32,917137,Y2,,,0,10.283,clean,0,0,0.00,0,0
25,53,0,2.25,1,2.36,101745,Y4,,,0,9.736,clean,0,0,0.00,0,0
25,54,0,2.61,1,2.37,1375705,Y2,0.00/noise-like,0.00/noise-like,0,9.355,hump-note,0,0,0.00,0,0
25,55,0,2.89,1,2.25,613511,Y4,0.00/noise-like,0.00/noise-like,0,8.879,hump-note,0,0,0.00,0,0
25,56,0,3.44,1,2.34,366122,Y2,0.00/noise-like,0.24/noise-like,0,7.954,hump-note,0,0,0.00,0,0
25,57,0,0,-1,0,0,-,,,0,6.779,QUARANTINE:dark-lane range=58 distinct=58,0,0,0.00,0,0
25,58,0,0,-1,0,0,-,,,0,5.741,QUARANTINE:dark-lane range=50 distinct=49,0,0,0.00,0,0
25,59,0,0,-1,0,0,-,,,0,4.875,QUARANTINE:dark-lane range=42 distinct=43,0,0,0.00,0,0
25,60,0,0,-1,0,0,-,,,0,4.161,QUARANTINE:dark-lane range=36 distinct=37,0,0,0.00,0,0
25,61,0,0,-1,0,0,-,,,0,3.558,QUARANTINE:dark-lane range=31 distinct=32,0,0,0.00,0,0
25,62,0,0,-1,0,0,-,,,0,2.951,QUARANTINE:dark-lane range=25 distinct=26,0,0,0.00,0,0
25,63,0,0,-1,0,0,-,,,0,2.402,QUARANTINE:dark-lane range=21 distinct=22,0,0,0.00,0,0
26,0,0,1.31,354,2.48,1212895,Y4,,,0,20.751,clean,0,0,0.00,0,0
26,1,0,1.38,171,2.73,1221299,Y2,,,0,19.611,clean,0,0,0.00,0,0
26,2,0,1.37,1565,2.32,305057,Y4,,,0,18.538,clean,0,0,0.00,0,0
26,3,0,1.33,923,2.40,1126438,Y2,,,0,17.974,clean,0,0,0.00,0,0
26,4,0,1.38,1126,2.42,152260,Y2,,,0,17.838,clean,0,0,0.00,0,0
26,5,0,1.40,932,2.47,811189,Y2,,,0,18.052,clean,0,0,0.00,0,0
26,6,0,1.55,1,2.61,911504,Y4,,,0,17.969,clean,0,0,0.00,0,0
26,7,0,1.69,1,2.59,873774,Y2,,,0,17.474,clean,0,0,0.00,0,0
26,8,0,1.46,1,2.47,142515,Y4,,,0,16.758,clean,0,0,0.00,0,0
26,9,0,1.60,1,2.41,88871,Y2,,,0,16.236,clean,0,0,0.00,0,0
26,10,0,1.48,1,2.46,427365,Y2,,,0,16.279,clean,0,0,0.00,0,0
26,11,0,1.48,1,2.51,468045,Y4,,,0,16.624,clean,0,0,0.00,0,0
26,12,0,1.48,1,2.57,779718,Y4,,,0,16.855,clean,0,0,0.00,0,0
26,13,0,1.36,738,2.57,1169533,Y4,,,0,16.723,clean,0,0,0.00,0,0
26,14,0,1.52,1,2.42,299871,Y2,,,0,16.214,clean,0,0,0.00,0,0
26,15,0,1.50,1,2.69,1131803,Y4,,,0,15.920,clean,0,0,0.00,0,0
26,16,0,1.63,1,2.37,13590,Y4,,,0,16.205,clean,0,0,0.00,0,0
26,17,0,1.39,453,2.47,1395732,Y2,,,0,16.847,clean,0,0,0.00,0,0
26,18,0,1.59,707,2.52,697285,Y4,,,0,19.229,clean,0,0,0.00,0,0
26,19,0,1.32,1279,2.32,483334,Y4,,,0,17.254,clean,0,0,0.00,0,0
26,20,0,1.44,637,2.54,798494,Y2,,,0,16.364,clean,0,0,0.00,0,0
26,21,0,1.34,1193,2.36,184536,Y4,,,0,15.650,clean,0,0,0.00,0,0
26,22,0,1.53,1,2.42,66072,Y4,,,0,15.403,clean,0,0,0.00,0,0
26,23,0,1.39,407,2.43,321239,Y2,,,0,15.721,clean,0,0,0.00,0,0
26,24,0,1.37,1,2.43,1021832,Y2,,,0,16.108,clean,0,0,0.00,0,0
26,25,0,2.01,204,2.57,433981,Y4,,,0,16.015,clean,0,0,0.00,0,0
26,26,0,1.80,1,2.29,1285583,Y2,,,0,15.393,clean,0,0,0.00,0,0
26,27,0,1.71,1,2.28,577658,Y2,,,0,14.952,clean,0,0,0.00,0,0
26,28,0,1.75,1,2.60,1218706,Y2,,,0,14.443,clean,0,0,0.00,0,0
26,29,0,1.53,1,2.55,678688,Y4,,,0,14.688,clean,0,0,0.00,0,0
26,30,0,1.65,1,2.51,512391,Y2,,,0,15.035,clean,0,0,0.00,0,0
26,31,0,1.66,1,2.40,483960,Y2,,,0,14.967,clean,0,0,0.00,0,0
26,32,0,1.44,302,2.41,39876,Y4,,,0,14.390,clean,0,0,0.00,0,0
26,33,0,1.75,1,2.44,613958,Y4,,,0,13.795,clean,0,0,0.00,0,0
26,34,0,1.78,1,2.32,82433,Y4,,,0,13.652,clean,0,0,0.00,0,0
26,35,0,1.46,1,2.25,65088,Y2,,,0,13.991,clean,0,0,0.00,0,0
26,36,0,1.54,1,2.69,712574,Y2,,,0,14.543,clean,0,0,0.00,0,0
26,37,0,1.42,1237,2.46,1031756,Y4,,,0,14.654,clean,0,0,0.00,0,0
26,38,0,1.64,1,2.91,1095772,Y2,,,0,14.176,clean,0,0,0.00,0,0
26,39,0,1.61,1,2.34,75281,Y2,,,0,13.520,clean,0,0,0.00,0,0
26,40,0,1.76,1,2.21,612795,Y4,,,0,13.178,clean,0,0,0.00,0,0
26,41,0,1.90,1,2.58,439614,Y4,,,0,13.428,clean,0,0,0.00,0,0
26,42,0,1.74,1,2.46,1214147,Y4,,,0,13.885,clean,0,0,0.00,0,0
26,43,0,1.85,1,2.24,1206815,Y4,,,0,14.147,clean,0,0,0.00,0,0
26,44,0,1.72,1,2.51,235856,Y4,,,0,13.622,clean,0,0,0.00,0,0
26,45,0,1.78,1,2.41,760049,Y4,,,0,12.778,clean,0,0,0.00,0,0
26,46,0,1.84,1,2.37,281990,Y2,,,0,12.271,clean,0,0,0.00,0,0
26,47,0,1.84,1,2.35,566751,Y2,,,0,12.155,clean,0,0,0.00,0,0
26,48,0,1.67,1,2.39,284404,Y2,,,0,12.349,clean,0,0,0.00,0,0
26,49,0,2.15,1,2.57,412703,Y2,,,0,12.434,clean,0,0,0.00,0,0
26,50,0,1.87,1,2.40,1306862,Y4,,,0,11.905,clean,0,0,0.00,0,0
26,51,0,2.26,1,2.40,1412272,Y4,,,0,11.064,clean,0,0,0.00,0,0
26,52,0,2.21,1,2.26,879496,Y2,,,0,10.292,clean,0,0,0.00,0,0
26,53,0,2.38,1,2.32,566483,Y2,,,0,9.735,clean,0,0,0.00,0,0
26,54,0,2.54,1,2.29,220746,Y4,0.00/noise-like,0.00/noise-like,0,9.351,hump-note,0,0,0.00,0,0
26,55,0,2.85,1,2.56,1142710,Y2,0.00/noise-like,0.00/noise-like,0,8.873,hump-note,0,0,0.00,0,0
26,56,0,3.27,1,2.47,169963,Y4,0.00/noise-like,0.00/noise-like,0,7.960,hump-note,0,0,0.00,0,0
26,57,0,0,-1,0,0,-,,,0,6.780,QUARANTINE:dark-lane range=56 distinct=57,0,0,0.00,0,0
26,58,0,0,-1,0,0,-,,,0,5.743,QUARANTINE:dark-lane range=52 distinct=50,0,0,0.00,0,0
26,59,0,0,-1,0,0,-,,,0,4.881,QUARANTINE:dark-lane range=40 distinct=41,0,0,0.00,0,0
26,60,0,0,-1,0,0,-,,,0,4.166,QUARANTINE:dark-lane range=38 distinct=39,0,0,0.00,0,0
26,61,0,0,-1,0,0,-,,,0,3.558,QUARANTINE:dark-lane range=29 distinct=30,0,0,0.00,0,0
26,62,0,0,-1,0,0,-,,,0,2.959,QUARANTINE:dark-lane range=25 distinct=26,0,0,0.00,0,0
26,63,0,0,-1,0,0,-,,,0,2.399,QUARANTINE:dark-lane range=19 distinct=20,0,0,0.00,0,0
27,0,0,1.33,287,2.51,1315981,Y4,,,0,20.723,clean,0,0,0.00,0,0
27,1,0,1.33,1193,2.38,730097,Y4,,,0,19.603,clean,0,0,0.00,0,0
27,2,0,1.37,1063,2.36,458926,Y2,,,0,18.572,clean,0,0,0.00,0,0
27,3,0,1.66,1,2.34,616729,Y2,,,0,17.986,clean,0,0,0.00,0,0
27,4,0,1.61,1,2.41,260264,Y2,,,0,17.824,clean,0,0,0.00,0,0
27,5,0,1.39,180,2.63,672609,Y2,,,0,18.047,clean,0,0,0.00,0,0
27,6,0,1.59,1478,2.54,42826,Y2,,,0,17.980,clean,0,0,0.00,0,0
27,7,0,1.43,1,2.45,326872,Y4,,,0,17.415,clean,0,0,0.00,0,0
27,8,0,1.38,1,2.31,252217,Y2,,,0,16.757,clean,0,0,0.00,0,0
27,9,0,1.73,1,2.35,834167,Y4,,,0,16.251,clean,0,0,0.00,0,0
27,10,0,1.51,1,2.51,184000,Y2,,,0,16.242,clean,0,0,0.00,0,0
27,11,0,1.40,649,2.27,1061797,Y4,,,1,16.613,clean,0,0,0.00,0,0
27,12,0,1.60,1,2.30,1034081,Y2,,,0,16.876,clean,0,0,0.00,0,0
27,13,0,1.49,1,2.33,1262158,Y4,,,0,16.695,clean,0,0,0.00,0,0
27,14,0,1.58,1,2.72,1369894,Y4,,,0,16.191,clean,0,0,0.00,0,0
27,15,0,1.64,1,2.30,54359,Y4,,,0,15.905,clean,0,0,0.00,0,0
27,16,0,1.62,1,2.28,832200,Y2,,,0,16.182,clean,0,0,0.00,0,0
27,17,0,1.46,1,2.50,434428,Y2,,,0,16.889,clean,0,0,0.00,0,0
27,18,0,1.61,751,2.48,1376063,Y2,,,0,19.185,clean,0,0,0.00,0,0
27,19,0,1.61,1,2.37,56595,Y2,,,0,17.279,clean,0,0,0.00,0,0
27,20,0,1.68,1,2.27,1076728,Y4,,,0,16.366,clean,0,0,0.00,0,0
27,21,0,1.59,1,2.34,757903,Y2,,,0,15.633,clean,0,0,0.00,0,0
27,22,0,1.82,1,2.61,790626,Y4,,,0,15.417,clean,0,0,0.00,0,0
27,23,0,1.65,1,2.55,1035154,Y4,,,0,15.735,clean,0,0,0.00,0,0
27,24,0,1.46,1,2.46,1104534,Y2,,,0,16.139,clean,0,0,0.00,0,0
27,25,0,2.11,204,2.40,411719,Y4,,,0,16.012,clean,0,0,0.00,0,0
27,26,0,1.43,1,2.24,107914,Y2,,,0,15.399,clean,0,0,0.00,0,0
27,27,0,1.71,1,2.53,124276,Y4,,,0,14.946,clean,0,0,0.00,0,0
27,28,0,1.74,1,2.42,44703,Y2,,,0,14.465,clean,0,0,0.00,0,0
27,29,0,1.65,1,2.52,673503,Y4,,,0,14.684,clean,0,0,0.00,0,0
27,30,0,1.67,1,2.44,1097292,Y4,,,0,15.030,clean,0,0,0.00,0,0
27,31,0,1.70,1,2.38,422895,Y2,,,0,14.971,clean,0,0,0.00,0,0
27,32,0,1.38,383,2.86,533223,Y2,,,0,14.401,clean,0,0,0.00,0,0
27,33,0,1.75,1,2.52,1287282,Y2,,,0,13.794,clean,0,0,0.00,0,0
27,34,0,1.94,1,2.24,15736,Y4,,,0,13.622,clean,0,0,0.00,0,0
27,35,0,1.73,1,2.43,440687,Y2,,,0,14.027,clean,0,0,0.00,0,0
27,36,0,1.80,1,2.70,1403779,Y2,,,0,14.546,clean,0,0,0.00,0,0
27,37,0,1.76,1,2.38,1362920,Y2,,,0,14.661,clean,0,0,0.00,0,0
27,38,0,1.79,1,2.22,461787,Y2,,,0,14.193,clean,0,0,0.00,0,0
27,39,0,1.98,1,2.36,115961,Y4,,,0,13.527,clean,0,0,0.00,0,0
27,40,0,1.69,1,2.27,156730,Y2,,,0,13.199,clean,0,0,0.00,0,0
27,41,0,1.81,1,2.31,216633,Y2,,,0,13.411,clean,0,0,0.00,0,0
27,42,0,1.82,1,2.36,635862,Y4,,,0,13.879,clean,0,0,0.00,0,0
27,43,0,2.03,1,2.48,762910,Y4,,,0,14.113,clean,0,0,0.00,0,0
27,44,0,1.86,1,2.55,697553,Y4,,,0,13.636,clean,0,0,0.00,0,0
27,45,0,1.83,1,2.49,1027018,Y2,,,0,12.788,clean,0,0,0.00,0,0
27,46,0,1.89,1,2.42,73850,Y2,,,0,12.262,clean,0,0,0.00,0,0
27,47,0,1.75,1,2.44,225931,Y2,,,0,12.137,clean,0,0,0.00,0,0
27,48,0,1.89,1,2.33,1000822,Y2,,,0,12.315,clean,0,0,0.00,0,0
27,49,0,2.04,1,2.50,938326,Y2,,,0,12.410,clean,0,0,0.00,0,0
27,50,0,1.88,1,2.53,556737,Y2,,,0,11.943,clean,0,0,0.00,0,0
27,51,0,1.82,1,2.65,934660,Y2,,,0,11.086,clean,0,0,0.00,0,0
27,52,0,2.19,1,2.79,354141,Y2,,,0,10.305,clean,0,0,0.00,0,0
27,53,0,2.28,1,2.51,1408428,Y4,,,0,9.730,clean,0,0,0.00,0,0
27,54,0,2.18,1,2.49,1268953,Y2,,,0,9.361,clean,0,0,0.00,0,0
27,55,0,2.49,1,2.52,43631,Y2,,,0,8.865,clean,0,0,0.00,0,0
27,56,0,2.86,1,2.53,1250625,Y4,0.00/noise-like,0.00/noise-like,0,7.947,hump-note,0,0,0.00,0,0
27,57,0,0,-1,0,0,-,,,0,6.789,QUARANTINE:dark-lane range=56 distinct=56,0,0,0.00,0,0
27,58,0,0,-1,0,0,-,,,0,5.734,QUARANTINE:dark-lane range=48 distinct=49,0,0,0.00,0,0
27,59,0,0,-1,0,0,-,,,0,4.877,QUARANTINE:dark-lane range=41 distinct=42,0,0,0.00,0,0
27,60,0,0,-1,0,0,-,,,0,4.155,QUARANTINE:dark-lane range=38 distinct=38,0,0,0.00,0,0
27,61,0,0,-1,0,0,-,,,0,3.559,QUARANTINE:dark-lane range=32 distinct=33,0,0,0.00,0,0
27,62,0,0,-1,0,0,-,,,0,2.958,QUARANTINE:dark-lane range=25 distinct=26,0,0,0.00,0,0
27,63,0,0,-1,0,0,-,,,0,2.403,QUARANTINE:dark-lane range=21 distinct=22,0,0,0.00,0,0
28,0,0,1.34,307,2.37,860453,Y4,,,0,20.700,clean,0,0,0.00,0,0
28,1,0,1.44,796,2.28,80645,Y2,,,0,19.584,clean,0,0,0.00,0,0
28,2,0,1.40,429,2.34,998944,Y4,,,0,18.556,clean,0,0,0.00,0,0
28,3,0,1.42,1222,2.46,173807,Y4,,,0,17.964,clean,0,0,0.00,0,0
28,4,0,1.56,1,2.23,124991,Y2,,,0,17.852,clean,0,0,0.00,0,0
28,5,0,1.58,1,2.44,1093000,Y4,,,0,18.052,clean,0,0,0.00,0,0
28,6,0,1.63,1478,2.26,579089,Y2,,,0,17.975,clean,0,0,0.00,0,0
28,7,0,1.78,1,2.34,111848,Y4,,,0,17.443,clean,0,0,0.00,0,0
28,8,0,1.70,1,2.45,68486,Y2,,,0,16.735,clean,0,0,0.00,0,0
28,9,0,1.55,1,2.46,424325,Y2,,,0,16.243,clean,0,0,0.00,0,0
28,10,0,1.60,1,2.34,1014501,Y4,,,0,16.225,clean,0,0,0.00,0,0
28,11,0,1.36,493,2.59,1300782,Y4,,,0,16.598,clean,0,0,0.00,0,0
28,12,0,1.42,1,2.21,133485,Y2,,,0,16.860,clean,0,0,0.00,0,0
28,13,0,1.40,1,2.61,1097113,Y2,,,0,16.704,clean,0,0,0.00,0,0
28,14,0,1.48,1,2.29,649184,Y4,,,0,16.199,clean,0,0,0.00,0,0
28,15,0,1.45,1,2.74,176400,Y2,,,0,15.919,clean,0,0,0.00,0,0
28,16,0,1.35,173,2.36,630945,Y4,,,0,16.191,clean,0,0,0.00,0,0
28,17,0,1.40,1,2.51,779986,Y4,,,0,16.856,clean,0,0,0.00,0,0
28,18,0,1.61,659,2.42,34332,Y2,,,0,19.197,clean,0,0,0.00,0,0
28,19,0,1.48,1,2.29,1135200,Y4,,,0,17.256,clean,0,0,0.00,0,0
28,20,0,1.33,311,2.38,1306415,Y2,,,0,16.378,clean,0,0,0.00,0,0
28,21,0,1.72,1,2.28,890225,Y2,,,0,15.638,clean,0,0,0.00,0,0
28,22,0,1.63,1,2.78,356555,Y4,,,0,15.383,clean,0,0,0.00,0,0
28,23,0,1.35,1234,2.80,174344,Y2,,,0,15.738,clean,0,0,0.00,0,0
28,24,0,1.43,1,2.49,122398,Y4,,,0,16.139,clean,0,0,0.00,0,0
28,25,0,2.01,204,2.35,694245,Y2,,,0,16.026,clean,0,0,0.00,0,0
28,26,0,1.48,1,2.46,581592,Y2,,,0,15.411,clean,0,0,0.00,0,0
28,27,0,1.71,1,2.39,784904,Y2,,,0,14.972,clean,0,0,0.00,0,0
28,28,0,1.49,1,2.66,863850,Y2,,,0,14.426,clean,0,0,0.00,0,0
28,29,0,1.56,1,2.51,1113206,Y2,,,0,14.675,clean,0,0,0.00,0,0
28,30,0,1.88,1,2.51,924110,Y4,,,0,15.055,clean,0,0,0.00,0,0
28,31,0,1.73,1,2.40,1172125,Y2,,,0,14.981,clean,0,0,0.00,0,0
28,32,0,1.38,247,2.34,597596,Y2,,,0,14.421,clean,0,0,0.00,0,0
28,33,0,1.72,1,2.40,1457423,Y2,,,0,13.811,clean,0,0,0.00,0,0
28,34,0,1.55,1,2.54,1031578,Y4,,,0,13.638,clean,0,0,0.00,0,0
28,35,0,1.65,1,2.42,95665,Y2,,,0,14.015,clean,0,0,0.00,0,0
28,36,0,1.72,1,2.48,986069,Y4,,,0,14.550,clean,0,0,0.00,0,0
28,37,0,1.71,1,2.40,775427,Y4,,,0,14.648,clean,0,0,0.00,0,0
28,38,0,1.50,1,2.49,972211,Y4,,,0,14.184,clean,0,0,0.00,0,0
28,39,0,1.81,1,2.36,770956,Y4,,,0,13.495,clean,0,0,0.00,0,0
28,40,0,1.97,1,2.40,1026034,Y4,,,0,13.173,clean,0,0,0.00,0,0
28,41,0,1.51,1,2.42,388831,Y4,,,0,13.420,clean,0,0,0.00,0,0
28,42,0,1.65,1,2.22,279397,Y2,,,0,13.881,clean,0,0,0.00,0,0
28,43,0,2.01,1,2.35,757098,Y2,,,0,14.124,clean,0,0,0.00,0,0
28,44,0,1.88,1,2.37,672430,Y4,,,0,13.595,clean,0,0,0.00,0,0
28,45,0,1.79,1,2.42,233352,Y2,,,0,12.821,clean,0,0,0.00,0,0
28,46,0,2.00,1,2.35,1083165,Y4,,,0,12.255,clean,0,0,0.00,0,0
28,47,0,1.91,1,2.43,60439,Y2,,,0,12.134,clean,0,0,0.00,0,0
28,48,0,1.73,1,2.39,184536,Y4,,,0,12.350,clean,0,0,0.00,0,0
28,49,0,2.00,1,2.43,1073778,Y4,,,0,12.430,clean,0,0,0.00,0,0
28,50,0,2.02,1,2.96,146538,Y4,,,0,11.936,clean,0,0,0.00,0,0
28,51,0,2.10,1,2.65,846416,Y2,,,0,11.108,clean,0,0,0.00,0,0
28,52,0,2.32,1,2.69,367999,Y4,,,0,10.283,clean,0,0,0.00,0,0
28,53,0,2.79,1,2.35,74923,Y2,0.00/noise-like,0.00/noise-like,0,9.736,hump-note,0,0,0.00,0,0
28,54,0,2.34,1,2.48,878334,Y4,,,0,9.371,clean,0,0,0.00,0,0
28,55,0,2.44,1,2.43,536174,Y4,,,0,8.863,clean,0,0,0.00,0,0
28,56,0,3.22,1,2.35,1009226,Y4,0.00/noise-like,0.00/noise-like,0,7.947,hump-note,0,0,0.00,0,0
28,57,0,0,-1,0,0,-,,,0,6.784,QUARANTINE:dark-lane range=57 distinct=58,0,0,0.00,0,0
28,58,0,0,-1,0,0,-,,,0,5.729,QUARANTINE:dark-lane range=46 distinct=47,0,0,0.00,0,0
28,59,0,0,-1,0,0,-,,,0,4.870,QUARANTINE:dark-lane range=44 distinct=43,0,0,0.00,0,0
28,60,0,0,-1,0,0,-,,,0,4.166,QUARANTINE:dark-lane range=37 distinct=37,0,0,0.00,0,0
28,61,0,0,-1,0,0,-,,,0,3.564,QUARANTINE:dark-lane range=31 distinct=32,0,0,0.00,0,0
28,62,0,0,-1,0,0,-,,,0,2.961,QUARANTINE:dark-lane range=27 distinct=26,0,0,0.00,0,0
28,63,0,0,-1,0,0,-,,,0,2.399,QUARANTINE:dark-lane range=21 distinct=22,0,0,0.00,0,0
29,0,0,1.36,773,2.41,1366407,Y2,,,0,20.704,clean,0,0,0.00,0,0
29,1,0,1.39,1270,2.63,140816,Y2,,,0,19.564,clean,0,0,0.00,0,0
29,2,0,1.52,1,2.65,533849,Y4,,,0,18.534,clean,0,0,0.00,0,0
29,3,0,1.42,1,2.28,797063,Y4,,,0,17.950,clean,0,0,0.00,0,0
29,4,0,1.74,1,2.61,114888,Y4,,,0,17.843,clean,0,0,0.00,0,0
29,5,0,1.43,345,2.65,1201451,Y4,,,0,18.023,clean,0,0,0.00,0,0
29,6,0,1.39,1,2.28,221103,Y2,,,0,17.971,clean,0,0,0.00,0,0
29,7,0,1.55,1,2.28,133216,Y4,,,1,17.447,clean,0,0,0.00,0,0
29,8,0,1.61,1,2.47,1427025,Y2,,,0,16.748,clean,0,0,0.00,0,0
29,9,0,1.43,1351,2.43,958711,Y4,,,0,16.258,clean,0,0,0.00,0,0
29,10,0,1.69,1,2.46,59813,Y2,,,0,16.239,clean,0,0,0.00,0,0
29,11,0,1.61,1,2.40,1369089,Y4,,,0,16.631,clean,0,0,0.00,0,0
29,12,0,1.60,1,2.34,1113653,Y4,,,0,16.874,clean,0,0,0.00,0,0
29,13,0,1.56,1,2.28,347972,Y2,,,0,16.704,clean,0,0,0.00,0,0
29,14,0,1.46,1,2.39,562370,Y4,,,0,16.209,clean,0,0,0.00,0,0
29,15,0,1.50,1,2.42,404745,Y4,,,0,15.907,clean,0,0,0.00,0,0
29,16,0,1.55,1,2.54,162452,Y2,,,0,16.194,clean,0,0,0.00,0,0
29,17,0,1.60,1,2.74,205457,Y2,,,0,16.856,clean,0,0,0.00,0,0
29,18,0,1.60,636,2.67,928849,Y4,,,0,19.195,clean,0,0,0.00,0,0
29,19,0,1.44,295,2.41,969797,Y4,,,0,17.275,clean,0,0,0.00,0,0
29,20,0,1.36,1,2.60,1400024,Y2,,,0,16.353,clean,0,0,0.00,0,0
29,21,0,1.58,1,2.48,690579,Y2,,,0,15.663,clean,0,0,0.00,0,0
29,22,0,1.63,1,2.34,727952,Y4,,,0,15.403,clean,0,0,0.00,0,0
29,23,0,1.88,1,2.72,1417011,Y4,,,0,15.751,clean,0,0,0.00,0,0
29,24,0,1.61,1,2.21,861883,Y4,,,0,16.117,clean,0,0,0.00,0,0
29,25,0,2.17,204,3.00,73045,Y4,0.00/noise-like,0.00/noise-like,4,15.992,FAM-HIT,0,0,0.00,0,0
29,26,0,1.60,1,2.28,1177937,Y4,,,0,15.404,clean,0,0,0.00,0,0
29,27,0,1.59,610,2.31,44435,Y2,,,0,14.974,clean,0,0,0.00,0,0
29,28,0,1.65,1,2.50,610918,Y4,,,0,14.453,clean,0,0,0.00,0,0
29,29,0,1.97,1,2.48,1105160,Y4,,,0,14.671,clean,0,0,0.00,0,0
29,30,0,1.59,1,2.64,1297027,Y4,,,0,15.017,clean,0,0,0.00,0,0
29,31,0,1.54,1,2.86,446945,Y2,,,0,14.998,clean,0,0,0.00,0,0
29,32,0,1.37,257,2.57,573546,Y4,,,0,14.395,clean,0,0,0.00,0,0
29,33,0,1.61,1,2.31,38177,Y4,,,0,13.828,clean,0,0,0.00,0,0
29,34,0,1.79,1,2.44,37998,Y4,,,0,13.624,clean,0,0,0.00,0,0
29,35,0,1.66,1,2.38,906140,Y2,,,0,14.011,clean,0,0,0.00,0,0
29,36,0,1.58,1,2.44,1116514,Y2,,,0,14.551,clean,0,0,0.00,0,0
29,37,0,1.72,1,2.35,96023,Y4,,,0,14.682,clean,0,0,0.00,0,0
29,38,0,1.63,1,2.63,214666,Y4,,,0,14.193,clean,0,0,0.00,0,0
29,39,0,1.49,1,2.33,187576,Y4,,,0,13.498,clean,0,0,0.00,0,0
29,40,0,1.80,1,2.46,327408,Y2,,,0,13.209,clean,0,0,0.00,0,0
29,41,0,1.72,1,2.37,203222,Y2,,,0,13.386,clean,0,0,0.00,0,0
29,42,0,1.79,1,2.50,288874,Y2,,,0,13.883,clean,0,0,0.00,0,0
29,43,0,1.56,1,2.31,1090586,Y4,,,0,14.129,clean,0,0,0.00,0,0
29,44,0,1.59,1,2.85,796080,Y4,,,0,13.620,clean,0,0,0.00,0,0
29,45,0,1.65,1,2.36,1129657,Y2,,,0,12.812,clean,0,0,0.00,0,0
29,46,0,2.03,1,2.70,267416,Y2,,,0,12.264,clean,0,0,0.00,0,0
29,47,0,1.67,1,2.49,844717,Y4,,,0,12.138,clean,0,0,0.00,0,0
29,48,0,1.78,1,2.41,182927,Y4,,,0,12.349,clean,0,0,0.00,0,0
29,49,0,1.93,1,2.40,1000196,Y4,,,0,12.427,clean,0,0,0.00,0,0
29,50,0,1.70,1,2.29,393927,Y2,,,0,11.933,clean,0,0,0.00,0,0
29,51,0,1.87,1,2.34,234425,Y2,,,0,11.094,clean,0,0,0.00,0,0
29,52,0,2.46,1,2.47,892997,Y2,,,0,10.294,clean,0,0,0.00,0,0
29,53,0,2.36,1,2.49,543952,Y2,,,0,9.722,clean,0,0,0.00,0,0
29,54,0,2.29,1,2.76,387490,Y2,,,0,9.350,clean,0,0,0.00,0,0
29,55,0,2.81,1,2.75,124454,Y2,0.00/noise-like,0.00/noise-like,0,8.867,hump-note,0,0,0.00,0,0
29,56,0,3.28,1,2.42,1303911,Y4,0.24/noise-like,0.00/noise-like,0,7.964,hump-note,0,0,0.00,0,0
29,57,0,0,-1,0,0,-,,,4,6.802,QUARANTINE:dark-lane range=60 distinct=59,0,0,0.00,0,0
29,58,0,0,-1,0,0,-,,,0,5.739,QUARANTINE:dark-lane range=50 distinct=50,0,0,0.00,0,0
29,59,0,0,-1,0,0,-,,,0,4.889,QUARANTINE:dark-lane range=45 distinct=45,0,0,0.00,0,0
29,60,0,0,-1,0,0,-,,,0,4.167,QUARANTINE:dark-lane range=39 distinct=38,0,0,0.00,0,0
29,61,0,0,-1,0,0,-,,,0,3.563,QUARANTINE:dark-lane range=30 distinct=31,0,0,0.00,0,0
29,62,0,0,-1,0,0,-,,,0,2.956,QUARANTINE:dark-lane range=26 distinct=27,0,0,0.00,0,0
29,63,0,0,-1,0,0,-,,,0,2.396,QUARANTINE:dark-lane range=21 distinct=22,0,0,0.00,0,0
30,0,0,1.51,840,2.56,970155,Y4,,,0,20.659,clean,0,0,0.00,0,0
30,1,0,1.51,1,2.42,1150131,Y4,,,0,19.603,clean,0,0,0.00,0,0
30,2,0,1.37,92,2.50,1146823,Y2,,,0,18.566,clean,0,0,0.00,0,0
30,3,0,1.47,1,2.46,494778,Y2,,,0,17.977,clean,0,0,0.00,0,0
30,4,0,1.60,1,2.35,431836,Y4,,,0,17.846,clean,0,0,0.00,0,0
30,5,0,1.49,1,2.64,51141,Y2,,,0,18.072,clean,0,0,0.00,0,0
30,6,0,1.41,1,2.42,412434,Y4,,,0,17.971,clean,0,0,0.00,0,0
30,7,0,1.46,1,2.32,1338780,Y4,,,0,17.430,clean,0,0,0.00,0,0
30,8,0,1.36,1,2.38,85831,Y4,,,0,16.753,clean,0,0,0.00,0,0
30,9,0,1.79,1,2.22,209838,Y4,,,0,16.231,clean,0,0,0.00,0,0
30,10,0,1.69,1,2.23,353426,Y2,,,0,16.268,clean,0,0,0.00,0,0
30,11,0,1.38,1,2.55,920624,Y4,,,0,16.640,clean,0,0,0.00,0,0
30,12,0,1.45,773,2.77,1457065,Y2,,,0,16.875,clean,0,0,0.00,0,0
30,13,0,1.37,1,2.34,1280397,Y2,,,0,16.702,clean,0,0,0.00,0,0
30,14,0,1.49,1,2.27,365585,Y2,,,0,16.198,clean,0,0,0.00,0,0
30,15,0,1.51,1,2.74,336617,Y2,,,0,15.908,clean,0,0,0.00,0,0
30,16,0,1.79,1,2.65,424325,Y4,,,0,16.217,clean,0,0,0.00,0,0
30,17,0,1.40,1,2.43,308633,Y4,,,0,16.899,clean,0,0,0.00,0,0
30,18,0,1.58,736,2.34,128746,Y2,,,0,19.194,clean,0,0,0.00,0,0
30,19,0,1.44,1,2.46,219047,Y2,,,0,17.239,clean,0,0,0.00,0,0
30,20,0,1.40,1,2.52,1464844,Y2,,,0,16.336,clean,0,0,0.00,0,0
30,21,0,1.62,1,2.42,502288,Y4,,,0,15.648,clean,0,0,0.00,0,0
30,22,0,1.64,1,2.41,799388,Y4,,,0,15.430,clean,0,0,0.00,0,0
30,23,0,1.64,1,2.32,207424,Y2,,,0,15.727,clean,0,0,0.00,0,0
30,24,0,1.81,1,2.36,324100,Y2,,,0,16.163,clean,0,0,0.00,0,0
30,25,0,2.22,204,2.61,609219,Y2,,,0,16.027,clean,0,0,0.00,0,0
30,26,0,1.64,1,2.38,728130,Y2,,,0,15.377,clean,0,0,0.00,0,0
30,27,0,1.63,626,2.39,977755,Y4,,,0,14.976,clean,0,0,0.00,0,0
30,28,0,1.50,1,2.50,837564,Y4,,,0,14.439,clean,0,0,0.00,0,0
30,29,0,1.69,1,2.35,426561,Y2,,,0,14.694,clean,0,0,0.00,0,0
30,30,0,1.80,1,2.44,370771,Y4,,,0,15.005,clean,0,0,0.00,0,0
30,31,0,1.70,1,2.43,1072794,Y4,,,0,14.965,clean,0,0,0.00,0,0
30,32,0,1.41,678,2.44,17256,Y2,,,0,14.409,clean,0,0,0.00,0,0
30,33,0,1.54,1,2.55,179,Y2,,,0,13.820,clean,0,0,0.00,0,0
30,34,0,1.89,1,2.31,600904,Y4,,,0,13.648,clean,0,0,0.00,0,0
30,35,0,1.73,1,2.33,580430,Y4,,,0,14.000,clean,0,0,0.00,0,0
30,36,0,1.66,1,2.43,707656,Y4,,,0,14.513,clean,0,0,0.00,0,0
30,37,0,1.80,1,2.46,59634,Y2,,,0,14.659,clean,0,0,0.00,0,0
30,38,0,1.48,1,2.74,745296,Y4,,,0,14.158,clean,0,0,0.00,0,0
30,39,0,1.57,1,2.60,1298368,Y2,,,0,13.511,clean,0,0,0.00,0,0
30,40,0,1.74,1,2.40,218064,Y2,,,0,13.193,clean,0,0,0.00,0,0
30,41,0,2.12,1,2.33,1280755,Y4,,,0,13.427,clean,0,0,0.00,0,0
30,42,0,1.46,1,2.37,363708,Y2,,,0,13.899,clean,0,0,0.00,0,0
30,43,0,1.74,1,2.43,951827,Y4,,,0,14.119,clean,0,0,0.00,0,0
30,44,0,1.76,1,2.41,616997,Y4,,,0,13.635,clean,0,0,0.00,0,0
30,45,0,1.68,1,2.41,173628,Y4,,,0,12.778,clean,0,0,0.00,0,0
30,46,0,1.63,1,2.26,485748,Y2,,,0,12.272,clean,0,0,0.00,0,0
30,47,0,2.00,1,2.46,136167,Y4,,,0,12.121,clean,0,0,0.00,0,0
30,48,0,1.83,1234,2.34,1144499,Y2,,,0,12.321,clean,0,0,0.00,0,0
30,49,0,1.99,1,2.71,1409948,Y2,,,0,12.410,clean,0,0,0.00,0,0
30,50,0,2.03,1,2.44,269294,Y4,,,0,11.920,clean,0,0,0.00,0,0
30,51,0,1.97,1,2.55,644714,Y2,,,0,11.102,clean,0,0,0.00,0,0
30,52,0,2.23,1,2.63,106126,Y4,,,0,10.273,clean,0,0,0.00,0,0
30,53,0,2.51,1,2.39,1051158,Y4,0.24/noise-like,0.00/noise-like,0,9.722,hump-note,0,0,0.00,0,0
30,54,0,2.55,1,2.36,593036,Y4,0.00/noise-like,0.00/noise-like,0,9.371,hump-note,0,0,0.00,0,0
30,55,0,2.94,1,2.55,1113117,Y4,0.24/noise-like,0.00/noise-like,0,8.878,hump-note,0,0,0.00,0,0
30,56,0,3.04,1,2.29,106752,Y4,0.24/noise-like,0.00/noise-like,0,7.948,hump-note,0,0,0.00,0,0
30,57,0,0,-1,0,0,-,,,0,6.780,QUARANTINE:dark-lane range=61 distinct=59,0,0,0.00,0,0
30,58,0,0,-1,0,0,-,,,0,5.738,QUARANTINE:dark-lane range=48 distinct=49,0,0,0.00,0,0
30,59,0,0,-1,0,0,-,,,0,4.879,QUARANTINE:dark-lane range=44 distinct=44,0,0,0.00,0,0
30,60,0,0,-1,0,0,-,,,0,4.162,QUARANTINE:dark-lane range=36 distinct=37,0,0,0.00,0,0
30,61,0,0,-1,0,0,-,,,0,3.558,QUARANTINE:dark-lane range=33 distinct=32,0,0,0.00,0,0
30,62,0,0,-1,0,0,-,,,0,2.956,QUARANTINE:dark-lane range=29 distinct=27,0,0,0.00,0,0
30,63,0,0,-1,0,0,-,,,0,2.403,QUARANTINE:dark-lane range=21 distinct=21,0,0,0.00,0,0
31,0,0,1.32,1360,2.71,233978,Y2,,,0,20.756,clean,0,0,0.00,0,0
31,1,0,1.40,30,2.56,687718,Y2,,,0,19.592,clean,0,0,0.00,0,0
31,2,0,1.43,1,2.52,1311421,Y4,,,0,18.566,clean,0,0,0.00,0,0
31,3,0,1.50,1,2.35,84490,Y2,,,0,17.965,clean,0,0,0.00,0,0
31,4,0,1.93,1,2.37,1207083,Y2,,,0,17.879,clean,0,0,0.00,0,0
31,5,0,1.58,1,2.33,590622,Y2,,,0,18.001,clean,0,0,0.00,0,0
31,6,0,1.43,402,2.62,749052,Y4,,,0,17.948,clean,0,0,0.00,0,0
31,7,0,1.48,1,2.29,296831,Y4,,,0,17.425,clean,0,0,0.00,0,0
31,8,0,1.47,951,2.54,672162,Y4,,,0,16.745,clean,0,0,0.00,0,0
31,9,0,1.65,1,2.52,1028717,Y4,,,0,16.259,clean,0,0,0.00,0,0
31,10,0,1.38,1,2.46,520080,Y4,,,0,16.259,clean,0,0,0.00,0,0
31,11,0,1.65,1,2.46,1409054,Y2,,,0,16.595,clean,0,0,0.00,0,0
31,12,0,1.69,1,2.34,1313120,Y2,,,0,16.877,clean,0,0,0.00,0,0
31,13,0,1.60,1,2.39,1099616,Y4,,,0,16.702,clean,0,0,0.00,0,0
31,14,0,1.57,1,2.41,903815,Y4,,,0,16.216,clean,0,0,0.00,0,0
31,15,0,1.64,1,2.54,68665,Y2,,,0,15.904,clean,0,0,0.00,0,0
31,16,0,1.61,1,2.29,26554,Y4,,,0,16.162,clean,0,0,0.00,0,0
31,17,0,1.68,1,2.23,402689,Y2,,,0,16.879,clean,0,0,0.00,0,0
31,18,0,1.62,659,2.80,87261,Y4,,,0,19.215,clean,0,0,0.00,0,0
31,19,0,1.75,1,2.40,1333773,Y4,,,0,17.222,clean,0,0,0.00,0,0
31,20,0,1.45,1,2.22,884324,Y2,,,0,16.351,clean,0,0,0.00,0,0
31,21,0,1.65,1,2.47,334382,Y2,,,0,15.643,clean,0,0,0.00,0,0
31,22,0,1.45,1,2.42,1219958,Y2,,,0,15.391,clean,0,0,0.00,0,0
31,23,0,1.43,1,2.36,236660,Y4,,,0,15.711,clean,0,0,0.00,0,0
31,24,0,1.53,1,2.51,54002,Y2,,,0,16.119,clean,0,0,0.00,0,0
31,25,0,2.03,204,2.41,648737,Y2,,,0,16.011,clean,0,0,0.00,0,0
31,26,0,1.62,1,2.42,169337,Y2,,,0,15.393,clean,0,0,0.00,0,0
31,27,0,1.63,1,2.51,75549,Y4,,,0,14.955,clean,0,0,0.00,0,0
31,28,0,1.45,1,2.30,276715,Y2,,,0,14.467,clean,0,0,0.00,0,0
31,29,0,1.68,1,2.67,180155,Y2,,,0,14.693,clean,0,0,0.00,0,0
31,30,0,1.60,1,2.37,1432478,Y4,,,0,15.009,clean,0,0,0.00,0,0
31,31,0,1.60,1,2.32,907838,Y4,,,0,14.941,clean,0,0,0.00,0,0
31,32,0,1.34,394,2.40,162899,Y2,,,0,14.416,clean,0,0,0.00,0,0
31,33,0,1.64,1,2.31,663400,Y4,,,0,13.810,clean,0,0,0.00,0,0
31,34,0,1.55,1,2.38,1029879,Y2,,,0,13.655,clean,0,0,0.00,0,0
31,35,0,2.10,1,2.56,555128,Y2,,,0,14.021,clean,0,0,0.00,0,0
31,36,0,1.95,1,2.47,506312,Y2,,,0,14.547,clean,0,0,0.00,0,0
31,37,0,1.73,1,2.55,871450,Y2,,,0,14.662,clean,0,0,0.00,0,0
31,38,0,1.50,1,2.30,725716,Y4,,,0,14.177,clean,0,0,0.00,0,0
31,39,0,1.37,171,2.26,1411825,Y4,,,0,13.523,clean,0,0,0.00,0,0
31,40,0,2.13,1,2.67,108808,Y4,,,0,13.210,clean,0,0,0.00,0,0
31,41,0,1.87,1,2.54,1020581,Y4,,,0,13.403,clean,0,0,0.00,0,0
31,42,0,1.61,1,2.49,298619,Y2,,,0,13.879,clean,0,0,0.00,0,0
31,43,0,1.93,1,2.46,1159519,Y2,,,0,14.115,clean,0,0,0.00,0,0
31,44,0,1.87,1,2.48,696748,Y2,,,0,13.636,clean,0,0,0.00,0,0
31,45,0,1.67,1,2.39,1345575,Y2,,,0,12.779,clean,0,0,0.00,0,0
31,46,0,1.79,1,2.41,1094788,Y2,,,0,12.279,clean,0,0,0.00,0,0
31,47,0,1.76,1,2.45,351727,Y2,,,0,12.142,clean,0,0,0.00,0,0
31,48,0,1.78,1234,2.44,846505,Y4,,,0,12.334,clean,0,0,0.00,0,0
31,49,0,1.90,1,2.27,676543,Y2,,,0,12.424,clean,0,0,0.00,0,0
31,50,0,1.83,1,2.47,760496,Y2,,,0,11.939,clean,0,0,0.00,0,0
31,51,0,1.78,1,2.42,808686,Y2,,,0,11.089,clean,0,0,0.00,0,0
31,52,0,2.31,1,2.46,1437664,Y2,,,0,10.281,clean,0,0,0.00,0,0
31,53,0,2.79,1,2.49,982672,Y2,0.24/noise-like,0.24/noise-like,0,9.726,hump-note,0,0,0.00,0,0
31,54,0,2.66,1,2.68,734836,Y4,0.00/noise-like,0.00/noise-like,0,9.372,hump-note,0,0,0.00,0,0
31,55,0,2.54,1,2.44,1131266,Y2,0.00/noise-like,0.00/noise-like,0,8.858,hump-note,0,0,0.00,0,0
31,56,0,3.16,1,2.27,80913,Y2,0.24/noise-like,0.00/noise-like,0,7.951,hump-note,0,0,0.00,0,0
31,57,0,0,-1,0,0,-,,,0,6.791,QUARANTINE:dark-lane range=58 distinct=59,0,0,0.00,0,0
31,58,0,0,-1,0,0,-,,,0,5.736,QUARANTINE:dark-lane range=51 distinct=50,0,0,0.00,0,0
31,59,0,0,-1,0,0,-,,,0,4.885,QUARANTINE:dark-lane range=41 distinct=42,0,0,0.00,0,0
31,60,0,0,-1,0,0,-,,,0,4.171,QUARANTINE:dark-lane range=34 distinct=35,0,0,0.00,0,0
31,61,0,0,-1,0,0,-,,,0,3.562,QUARANTINE:dark-lane range=31 distinct=31,0,0,0.00,0,0
31,62,0,0,-1,0,0,-,,,0,2.959,QUARANTINE:dark-lane range=24 distinct=25,0,0,0.00,0,0
31,63,0,0,-1,0,0,-,,,0,2.400,QUARANTINE:dark-lane range=21 distinct=22,0,0,0.00,0,0
32,0,0,1.40,541,2.25,417709,Y4,,,0,20.733,clean,0,0,0.00,0,0
32,1,0,1.46,1,2.54,92804,Y2,,,0,19.579,clean,0,0,0.00,0,0
32,2,0,1.34,566,2.49,393033,Y2,,,0,18.529,clean,0,0,0.00,0,0
32,3,0,1.34,217,2.35,485122,Y4,,,0,17.969,clean,0,0,0.00,0,0
32,4,0,1.46,1,2.65,760227,Y2,,,0,17.847,clean,0,0,0.00,0,0
32,5,0,1.48,1,2.46,632912,Y2,,,0,18.042,clean,0,0,0.00,0,0
32,6,0,1.41,1,2.46,455886,Y2,,,0,17.957,clean,0,0,0.00,0,0
32,7,0,1.39,1,2.42,781864,Y2,,,1,17.448,clean,0,0,0.00,0,0
32,8,0,1.45,1,2.42,20117,Y4,,,0,16.746,clean,0,0,0.00,0,0
32,9,0,1.79,1,2.46,574797,Y4,,,0,16.238,clean,0,0,0.00,0,0
32,10,0,1.45,316,2.40,600100,Y4,,,0,16.221,clean,0,0,0.00,0,0
32,11,0,1.63,1,2.22,600368,Y4,,,0,16.650,clean,0,0,0.00,0,0
32,12,0,1.37,1,2.46,700951,Y2,,,0,16.878,clean,0,0,0.00,0,0
32,13,0,1.42,1,2.38,695229,Y4,,,0,16.698,clean,0,0,0.00,0,0
32,14,0,1.72,1,2.33,501573,Y4,,,0,16.221,clean,0,0,0.00,0,0
32,15,0,1.58,1,2.40,1382947,Y2,,,0,15.922,clean,0,0,0.00,0,0
32,16,0,1.47,1,2.38,1395017,Y4,,,0,16.222,clean,0,0,0.00,0,0
32,17,0,1.34,778,2.40,515610,Y4,,,0,16.890,clean,0,0,0.00,0,0
32,18,0,1.58,756,2.35,450969,Y2,,,0,19.218,clean,0,0,0.00,0,0
32,19,0,1.39,437,2.72,74565,Y2,,,0,17.262,clean,0,0,0.00,0,0
32,20,0,1.43,568,2.44,703722,Y4,,,0,16.364,clean,0,0,0.00,0,0
32,21,0,1.46,1,2.50,818163,Y2,,,0,15.644,clean,0,0,0.00,0,0
32,22,0,1.69,1,2.30,166118,Y2,,,0,15.382,clean,0,0,0.00,0,0
32,23,0,1.63,1,2.32,1326621,Y4,,,0,15.718,clean,0,0,0.00,0,0
32,24,0,1.41,1,2.45,526786,Y4,,,0,16.141,clean,0,0,0.00,0,0
32,25,0,2.14,204,2.99,178725,Y4,,,3,16.029,clean,0,0,0.00,0,0
32,26,0,1.46,1,2.37,1164347,Y2,,,0,15.384,clean,0,0,0.00,0,0
32,27,0,1.82,1,2.43,165403,Y2,,,0,14.950,clean,0,0,0.00,0,0
32,28,0,1.70,1,2.81,629693,Y2,,,0,14.436,clean,0,0,0.00,0,0
32,29,0,1.66,1,2.40,354141,Y2,,,0,14.692,clean,0,0,0.00,0,0
32,30,0,1.65,1,2.43,504255,Y2,,,0,15.028,clean,0,0,0.00,0,0
32,31,0,1.59,1,2.32,1021296,Y4,,,0,14.955,clean,0,0,0.00,0,0
32,32,0,1.33,1116,2.32,176579,Y2,,,0,14.418,clean,0,0,0.00,0,0
32,33,0,1.71,1,2.47,894338,Y4,,,0,13.822,clean,0,0,0.00,0,0
32,34,0,1.80,1,2.38,151455,Y2,,,0,13.651,clean,0,0,0.00,0,0
32,35,0,1.70,1,2.23,280648,Y4,,,0,14.002,clean,0,0,0.00,0,0
32,36,0,1.63,1,2.45,234783,Y4,,,0,14.551,clean,0,0,0.00,0,0
32,37,0,1.46,1,2.43,719458,Y2,,,0,14.667,clean,0,0,0.00,0,0
32,38,0,1.61,1,2.26,196069,Y4,,,0,14.171,clean,0,0,0.00,0,0
32,39,0,1.83,1,2.55,733942,Y4,,,0,13.498,clean,0,0,0.00,0,0
32,40,0,1.78,1,2.42,139117,Y4,,,0,13.235,clean,0,0,0.00,0,0
32,41,0,1.54,1,2.26,477612,Y2,,,0,13.412,clean,0,0,0.00,0,0
32,42,0,2.07,1,2.43,225484,Y2,,,0,13.895,clean,0,0,0.00,0,0
32,43,0,1.77,1,2.38,1240253,Y2,,,0,14.126,clean,0,0,0.00,0,0
32,44,0,1.88,1,2.43,129104,Y2,,,0,13.614,clean,0,0,0.00,0,0
32,45,0,1.60,1,2.31,870645,Y4,,,0,12.786,clean,0,0,0.00,0,0
32,46,0,1.60,1,2.47,554770,Y4,,,0,12.256,clean,0,0,0.00,0,0
32,47,0,2.17,1,2.72,1046240,Y2,,,0,12.135,clean,0,0,0.00,0,0
32,48,0,1.82,1,2.46,910074,Y2,,,0,12.364,clean,0,0,0.00,0,0
32,49,0,1.94,1,2.72,278234,Y2,,,0,12.433,clean,0,0,0.00,0,0
32,50,0,1.78,1,2.28,58383,Y2,,,0,11.940,clean,0,0,0.00,0,0
32,51,0,2.05,1,2.37,1060724,Y4,,,0,11.079,clean,0,0,0.00,0,0
32,52,0,1.99,1,2.44,458390,Y2,,,0,10.277,clean,0,0,0.00,0,0
32,53,0,2.05,1,2.48,124902,Y4,,,0,9.735,clean,0,0,0.00,0,0
32,54,0,2.41,1,2.34,1261175,Y2,,,0,9.366,clean,0,0,0.00,0,0
32,55,0,2.66,1,2.26,1307309,Y2,0.00/noise-like,0.00/noise-like,0,8.867,hump-note,0,0,0.00,0,0
32,56,0,2.80,1,2.36,1318485,Y2,0.00/noise-like,0.00/noise-like,0,7.952,hump-note,0,0,0.00,0,0
32,57,0,0,-1,0,0,-,,,5,6.805,QUARANTINE:dark-lane range=61 distinct=61,0,0,0.00,0,0
32,58,0,0,-1,0,0,-,,,0,5.728,QUARANTINE:dark-lane range=47 distinct=48,0,0,0.00,0,0
32,59,0,0,-1,0,0,-,,,0,4.878,QUARANTINE:dark-lane range=42 distinct=43,0,0,0.00,0,0
32,60,0,0,-1,0,0,-,,,0,4.165,QUARANTINE:dark-lane range=39 distinct=38,0,0,0.00,0,0
32,61,0,0,-1,0,0,-,,,0,3.558,QUARANTINE:dark-lane range=31 distinct=31,0,0,0.00,0,0
32,62,0,0,-1,0,0,-,,,0,2.956,QUARANTINE:dark-lane range=28 distinct=28,0,0,0.00,0,0
32,63,0,0,-1,0,0,-,,,0,2.401,QUARANTINE:dark-lane range=21 distinct=22,0,0,0.00,0,0
33,0,0,1.35,850,2.67,1455545,Y2,,,0,20.738,clean,0,0,0.00,0,0
33,1,0,1.34,990,2.53,751108,Y4,,,0,19.586,clean,0,0,0.00,0,0
33,2,0,1.40,1,2.47,279754,Y4,,,0,18.565,clean,0,0,0.00,0,0
33,3,0,1.49,1,2.62,1203775,Y4,,,0,18.006,clean,0,0,0.00,0,0
33,4,0,1.46,1,2.41,1026571,Y2,,,0,17.838,clean,0,0,0.00,0,0
33,5,0,1.40,1325,2.39,214577,Y2,,,0,18.050,clean,0,0,0.00,0,0
33,6,0,1.57,1,2.54,393838,Y2,,,0,17.958,clean,0,0,0.00,0,0
33,7,0,1.39,654,2.49,1168638,Y4,,,0,17.411,clean,0,0,0.00,0,0
33,8,0,1.61,1,2.54,548065,Y2,,,0,16.721,clean,0,0,0.00,0,0
33,9,0,1.58,1,2.38,73045,Y2,,,0,16.211,clean,0,0,0.00,0,0
33,10,0,1.39,60,2.66,122219,Y4,,,0,16.247,clean,0,0,0.00,0,0
33,11,0,1.46,1,2.49,1285225,Y4,,,0,16.636,clean,0,0,0.00,0,0
33,12,0,1.47,1,2.49,948966,Y2,,,0,16.872,clean,0,0,0.00,0,0
33,13,0,1.40,817,2.29,1093268,Y2,,,0,16.705,clean,0,0,0.00,0,0
33,14,0,1.50,1,2.35,751287,Y2,,,0,16.220,clean,0,0,0.00,0,0
33,15,0,1.46,181,2.48,1455367,Y2,,,0,15.901,clean,0,0,0.00,0,0
33,16,0,1.42,634,2.58,308722,Y4,,,0,16.212,clean,0,0,0.00,0,0
33,17,0,1.44,1,2.31,1064926,Y2,,,0,16.851,clean,0,0,0.00,0,0
33,18,0,1.54,701,2.54,556737,Y2,,,0,19.177,clean,0,0,0.00,0,0
33,19,0,1.70,1,2.38,190526,Y2,,,0,17.227,clean,0,0,0.00,0,0
33,20,0,1.41,1,2.36,198841,Y2,,,0,16.354,clean,0,0,0.00,0,0
33,21,0,1.45,1,2.32,534475,Y2,,,0,15.621,clean,0,0,0.00,0,0
33,22,0,1.54,1,2.71,13769,Y2,,,0,15.433,clean,0,0,0.00,0,0
33,23,0,1.49,1,2.23,916421,Y4,,,0,15.748,clean,0,0,0.00,0,0
33,24,0,1.61,1,2.45,1122773,Y4,,,0,16.128,clean,0,0,0.00,0,0
33,25,0,1.98,204,2.54,304341,Y4,,,0,16.022,clean,0,0,0.00,0,0
33,26,0,1.55,1,2.54,964612,Y4,,,0,15.376,clean,0,0,0.00,0,0
33,27,0,1.69,1,2.44,78768,Y2,,,0,14.977,clean,0,0,0.00,0,0
33,28,0,1.37,1,2.39,433624,Y2,,,0,14.470,clean,0,0,0.00,0,0
33,29,0,1.44,1,2.35,611186,Y4,,,0,14.678,clean,0,0,0.00,0,0
33,30,0,1.54,1,2.60,57220,Y2,,,0,15.026,clean,0,0,0.00,0,0
33,31,0,1.56,1,2.50,281721,Y4,,,0,14.960,clean,0,0,0.00,0,0
33,32,0,1.37,1462,2.46,1322150,Y2,,,0,14.391,clean,0,0,0.00,0,0
33,33,0,1.58,1,2.28,392944,Y2,,,0,13.813,clean,0,0,0.00,0,0
33,34,0,1.78,1,2.43,1426846,Y4,,,0,13.670,clean,0,0,0.00,0,0
33,35,0,1.63,1,2.44,584990,Y2,,,0,14.024,clean,0,0,0.00,0,0
33,36,0,1.49,1,2.37,877619,Y4,,,0,14.548,clean,0,0,0.00,0,0
33,37,0,1.45,1,2.74,514626,Y2,,,0,14.654,clean,0,0,0.00,0,0
33,38,0,1.65,1,2.36,166565,Y4,,,0,14.184,clean,0,0,0.00,0,0
33,39,0,1.70,1,2.56,1181424,Y2,,,0,13.510,clean,0,0,0.00,0,0
33,40,0,1.78,1,2.40,762194,Y4,,,0,13.192,clean,0,0,0.00,0,0
33,41,0,1.82,1,2.40,65088,Y4,,,0,13.422,clean,0,0,0.00,0,0
33,42,0,1.90,1,2.44,1121521,Y2,,,0,13.922,clean,0,0,0.00,0,0
33,43,0,1.73,1,2.42,346899,Y2,,,0,14.128,clean,0,0,0.00,0,0
33,44,0,1.80,1,2.55,423074,Y2,,,0,13.628,clean,0,0,0.00,0,0
33,45,0,2.02,1,2.64,1169443,Y2,,,0,12.788,clean,0,0,0.00,0,0
33,46,0,2.04,1,2.55,952899,Y4,,,0,12.272,clean,0,0,0.00,0,0
33,47,0,1.63,1,2.58,1358002,Y2,,,0,12.144,clean,0,0,0.00,0,0
33,48,0,1.72,1,2.47,741363,Y4,,,0,12.360,clean,0,0,0.00,0,0
33,49,0,2.23,1,2.30,936717,Y4,,,0,12.433,clean,0,0,0.00,0,0
33,50,0,1.96,1,2.64,1161844,Y4,,,0,11.947,clean,0,0,0.00,0,0
33,51,0,2.28,1,2.26,1120806,Y4,,,0,11.079,clean,0,0,0.00,0,0
33,52,0,2.41,1,2.36,117660,Y2,,,0,10.287,clean,0,0,0.00,0,0
33,53,0,2.25,1,2.30,1364172,Y4,,,0,9.735,clean,0,0,0.00,0,0
33,54,0,2.62,1,2.30,847131,Y2,0.00/noise-like,0.00/noise-like,0,9.357,hump-note,0,0,0.00,0,0
33,55,0,2.58,1,2.39,1038194,Y2,0.00/noise-like,0.24/noise-like,0,8.868,hump-note,0,0,0.00,0,0
33,56,0,3.51,1,2.51,407249,Y4,0.24/noise-like,0.00/noise-like,0,7.953,hump-note,0,0,0.00,0,0
33,57,0,0,-1,0,0,-,,,0,6.782,QUARANTINE:dark-lane range=61 distinct=58,0,0,0.00,0,0
33,58,0,0,-1,0,0,-,,,0,5.730,QUARANTINE:dark-lane range=47 distinct=48,0,0,0.00,0,0
33,59,0,0,-1,0,0,-,,,0,4.882,QUARANTINE:dark-lane range=40 distinct=41,0,0,0.00,0,0
33,60,0,0,-1,0,0,-,,,0,4.167,QUARANTINE:dark-lane range=36 distinct=36,0,0,0.00,0,0
33,61,0,0,-1,0,0,-,,,0,3.558,QUARANTINE:dark-lane range=30 distinct=31,0,0,0.00,0,0
33,62,0,0,-1,0,0,-,,,0,2.959,QUARANTINE:dark-lane range=27 distinct=27,0,0,0.00,0,0
33,63,0,0,-1,0,0,-,,,0,2.405,QUARANTINE:dark-lane range=21 distinct=22,0,0,0.00,0,0
34,0,0,1.35,200,2.61,590712,Y2,,,0,20.718,clean,0,0,0.00,0,0
34,1,0,1.35,1348,2.49,236481,Y4,,,0,19.587,clean,0,0,0.00,0,0
34,2,0,1.36,273,2.43,1337439,Y2,,,0,18.566,clean,0,0,0.00,0,0
34,3,0,1.36,407,2.52,471085,Y2,,,0,17.987,clean,0,0,0.00,0,0
34,4,0,1.32,1346,2.27,185698,Y4,,,0,17.844,clean,0,0,0.00,0,0
34,5,0,1.45,1,2.39,179,Y4,,,0,18.024,clean,0,0,0.00,0,0
34,6,0,1.35,872,2.75,405014,Y4,,,0,17.968,clean,0,0,0.00,0,0
34,7,0,1.54,1,2.47,10192,Y2,,,0,17.430,clean,0,0,0.00,0,0
34,8,0,1.33,1,2.45,199735,Y4,,,0,16.762,clean,0,0,0.00,0,0
34,9,0,1.36,555,2.32,252306,Y4,,,0,16.241,clean,0,0,0.00,0,0
34,10,0,1.44,1,2.38,1442134,Y4,,,0,16.216,clean,0,0,0.00,0,0
34,11,0,1.53,1,2.35,787497,Y2,,,0,16.641,clean,0,0,0.00,0,0
34,12,0,1.46,1,2.65,722587,Y4,,,0,16.890,clean,0,0,0.00,0,0
34,13,0,1.38,1,2.27,759244,Y2,,,0,16.699,clean,0,0,0.00,0,0
34,14,0,1.37,608,2.42,371486,Y2,,,0,16.237,clean,0,0,0.00,0,0
34,15,0,1.76,1,2.42,504702,Y4,,,0,15.926,clean,0,0,0.00,0,0
34,16,0,1.39,1,2.33,640422,Y2,,,0,16.182,clean,0,0,0.00,0,0
34,17,0,1.41,1459,2.61,1143426,Y2,,,0,16.846,clean,0,0,0.00,0,0
34,18,0,1.59,742,2.35,1279324,Y2,,,0,19.212,clean,0,0,0.00,0,0
34,19,0,1.47,1,2.25,209838,Y4,,,0,17.238,clean,0,0,0.00,0,0
34,20,0,1.66,1,2.47,679851,Y2,,,0,16.403,clean,0,0,0.00,0,0
34,21,0,1.59,1,2.43,131518,Y4,,,0,15.633,clean,0,0,0.00,0,0
34,22,0,1.57,1,2.46,745922,Y4,,,0,15.427,clean,0,0,0.00,0,0
34,23,0,1.57,1,2.36,1286477,Y2,,,0,15.736,clean,0,0,0.00,0,0
34,24,0,1.50,1,2.39,135273,Y2,,,0,16.144,clean,0,0,0.00,0,0
34,25,0,2.08,204,2.40,1325011,Y4,,,0,16.020,clean,0,0,0.00,0,0
34,26,0,1.76,1,2.44,123292,Y2,,,0,15.404,clean,0,0,0.00,0,0
34,27,0,1.70,1,2.38,1235157,Y4,,,0,14.983,clean,0,0,0.00,0,0
34,28,0,1.66,1,2.30,1016647,Y2,,,0,14.491,clean,0,0,0.00,0,0
34,29,0,1.51,1,2.37,1340300,Y2,,,0,14.679,clean,0,0,0.00,0,0
34,30,0,1.54,1,2.44,884503,Y2,,,0,15.040,clean,0,0,0.00,0,0
34,31,0,1.71,1,2.40,1247048,Y2,,,0,14.992,clean,0,0,0.00,0,0
34,32,0,1.35,1027,2.39,1424432,Y4,,,0,14.407,clean,0,0,0.00,0,0
34,33,0,1.79,1,2.33,38534,Y2,,,0,13.825,clean,0,0,0.00,0,0
34,34,0,1.61,1,2.53,428975,Y4,,,0,13.657,clean,0,0,0.00,0,0
34,35,0,1.94,1,2.45,1410127,Y2,,,0,14.020,clean,0,0,0.00,0,0
34,36,0,1.44,1,2.25,89049,Y2,,,0,14.538,clean,0,0,0.00,0,0
34,37,0,1.52,1,2.35,221372,Y4,,,0,14.664,clean,0,0,0.00,0,0
34,38,0,1.56,1,2.39,29594,Y2,,,0,14.189,clean,0,0,0.00,0,0
34,39,0,1.77,1,2.25,904083,Y2,,,0,13.515,clean,0,0,0.00,0,0
34,40,0,1.86,1,2.30,1181155,Y2,,,0,13.199,clean,0,0,0.00,0,0
34,41,0,1.90,1,2.33,345021,Y4,,,0,13.432,clean,0,0,0.00,0,0
34,42,0,1.49,1,2.40,705510,Y2,,,0,13.899,clean,0,0,0.00,0,0
34,43,0,1.60,1,2.30,376314,Y4,,,0,14.123,clean,0,0,0.00,0,0
34,44,0,2.08,1,2.25,1199931,Y2,,,0,13.615,clean,0,0,0.00,0,0
34,45,0,1.75,1,2.33,1081377,Y4,,,0,12.790,clean,0,0,0.00,0,0
34,46,0,1.99,1,2.35,35405,Y2,,,0,12.263,clean,0,0,0.00,0,0
34,47,0,1.87,1,2.40,736088,Y4,,,0,12.137,clean,0,0,0.00,0,0
34,48,0,1.77,1234,2.45,423610,Y2,,,0,12.334,clean,0,0,0.00,0,0
34,49,0,1.97,1,2.39,1043290,Y4,,,0,12.419,clean,0,0,0.00,0,0
34,50,0,2.07,1,2.36,240237,Y2,,,0,11.945,clean,0,0,0.00,0,0
34,51,0,2.15,1,2.52,684142,Y2,,,0,11.087,clean,0,0,0.00,0,0
34,52,0,2.28,1,2.39,608951,Y4,,,0,10.283,clean,0,0,0.00,0,0
34,53,0,2.24,1,2.63,1152903,Y4,,,0,9.728,clean,0,0,0.00,0,0
34,54,0,2.34,1,2.41,124186,Y2,,,0,9.362,clean,0,0,0.00,0,0
34,55,0,2.65,1,2.38,1062244,Y4,0.24/noise-like,0.24/noise-like,0,8.864,hump-note,0,0,0.00,0,0
34,56,0,2.98,1,2.36,1388758,Y4,0.24/noise-like,0.00/noise-like,0,7.959,hump-note,0,0,0.00,0,0
34,57,0,0,-1,0,0,-,,,0,6.799,QUARANTINE:dark-lane range=64 distinct=61,0,0,0.00,0,0
34,58,0,0,-1,0,0,-,,,0,5.739,QUARANTINE:dark-lane range=49 distinct=50,0,0,0.00,0,0
34,59,0,0,-1,0,0,-,,,0,4.875,QUARANTINE:dark-lane range=44 distinct=43,0,0,0.00,0,0
34,60,0,0,-1,0,0,-,,,0,4.162,QUARANTINE:dark-lane range=35 distinct=36,0,0,0.00,0,0
34,61,0,0,-1,0,0,-,,,0,3.566,QUARANTINE:dark-lane range=33 distinct=33,0,0,0.00,0,0
34,62,0,0,-1,0,0,-,,,0,2.954,QUARANTINE:dark-lane range=26 distinct=25,0,0,0.00,0,0
34,63,0,0,-1,0,0,-,,,0,2.400,QUARANTINE:dark-lane range=20 distinct=21,0,0,0.00,0,0
35,0,0,1.41,588,2.54,1219422,Y2,,,0,20.700,clean,0,0,0.00,0,0
35,1,0,1.40,1433,2.55,190705,Y4,,,0,19.573,clean,0,0,0.00,0,0
35,2,0,1.46,1,2.36,154585,Y4,,,0,18.594,clean,0,0,0.00,0,0
35,3,0,1.52,1,2.60,115961,Y2,,,0,17.976,clean,0,0,0.00,0,0
35,4,0,1.39,1,2.37,627995,Y4,,,0,17.877,clean,0,0,0.00,0,0
35,5,0,1.45,1,2.39,1340300,Y4,,,0,18.040,clean,0,0,0.00,0,0
35,6,0,1.45,1,2.32,1201540,Y4,,,0,18.037,clean,0,0,0.00,0,0
35,7,0,1.38,681,2.22,668943,Y2,,,0,17.420,clean,0,0,0.00,0,0
35,8,0,1.33,1126,2.52,521243,Y4,,,0,16.759,clean,0,0,0.00,0,0
35,9,0,1.57,1,2.49,691831,Y4,,,0,16.249,clean,0,0,0.00,0,0
35,10,0,1.48,1,2.24,296921,Y4,,,0,16.248,clean,0,0,0.00,0,0
35,11,0,1.51,1,2.62,28074,Y4,,,0,16.638,clean,0,0,0.00,0,0
35,12,0,1.62,1,2.36,872791,Y2,,,0,16.867,clean,0,0,0.00,0,0
35,13,0,1.59,1,2.45,157446,Y4,,,0,16.705,clean,0,0,0.00,0,0
35,14,0,1.65,1,2.72,116408,Y4,,,0,16.211,clean,0,0,0.00,0,0
35,15,0,1.59,1,2.40,1148611,Y4,,,0,15.921,clean,0,0,0.00,0,0
35,16,0,1.36,1,2.33,34422,Y2,,,0,16.185,clean,0,0,0.00,0,0
35,17,0,1.58,1,2.34,265718,Y2,,,0,16.879,clean,0,0,0.00,0,0
35,18,0,1.62,847,2.34,12070,Y4,,,0,19.198,clean,0,0,0.00,0,0
35,19,0,1.46,1,2.63,339568,Y4,,,0,17.251,clean,0,0,0.00,0,0
35,20,0,1.63,1,2.35,533938,Y4,,,0,16.346,clean,0,0,0.00,0,0
35,21,0,1.77,1,2.27,1040965,Y4,,,0,15.626,clean,0,0,0.00,0,0
35,22,0,1.37,1,2.54,1230329,Y4,,,0,15.403,clean,0,0,0.00,0,0
35,23,0,1.47,1,2.42,545919,Y2,,,0,15.753,clean,0,0,0.00,0,0
35,24,0,1.38,1,2.59,526696,Y2,,,0,16.113,clean,0,0,0.00,0,0
35,25,0,2.05,204,2.37,209570,Y4,,,0,15.978,clean,0,0,0.00,0,0
35,26,0,1.56,1,2.39,67234,Y2,,,0,15.371,clean,0,0,0.00,0,0
35,27,0,1.80,1,2.55,14484,Y2,,,0,14.954,clean,0,0,0.00,0,0
35,28,0,1.82,1,2.38,825673,Y4,,,0,14.448,clean,0,0,0.00,0,0
35,29,0,1.78,1,2.48,356019,Y4,,,0,14.672,clean,0,0,0.00,0,0
35,30,0,1.63,1,2.36,533849,Y4,,,0,15.036,clean,0,0,0.00,0,0
35,31,0,1.59,1,2.35,943601,Y2,,,0,14.946,clean,0,0,0.00,0,0
35,32,0,1.35,1274,2.47,1176059,Y4,,,0,14.407,clean,0,0,0.00,0,0
35,33,0,1.47,1011,2.52,39160,Y2,,,0,13.808,clean,0,0,0.00,0,0
35,34,0,1.94,1,2.39,900149,Y4,,,0,13.659,clean,0,0,0.00,0,0
35,35,0,1.76,1,2.29,691921,Y2,,,0,13.992,clean,0,0,0.00,0,0
35,36,0,1.57,1,2.48,1064301,Y2,,,0,14.533,clean,0,0,0.00,0,0
35,37,0,1.57,1,2.32,720710,Y2,,,0,14.657,clean,0,0,0.00,0,0
35,38,0,1.73,1,2.45,113100,Y2,,,0,14.181,clean,0,0,0.00,0,0
35,39,0,1.86,1,2.56,529557,Y4,,,0,13.504,clean,0,0,0.00,0,0
35,40,0,1.88,1,2.33,337690,Y2,,,0,13.195,clean,0,0,0.00,0,0
35,41,0,1.84,1,2.60,1092643,Y2,,,0,13.411,clean,0,0,0.00,0,0
35,42,0,1.78,1,2.47,1036853,Y4,,,0,13.884,clean,0,0,0.00,0,0
35,43,0,1.61,1,2.41,671089,Y4,,,0,14.120,clean,0,0,0.00,0,0
35,44,0,1.87,1,2.56,279129,Y2,,,0,13.648,clean,0,0,0.00,0,0
35,45,0,1.92,1,2.52,27716,Y2,,,0,12.788,clean,0,0,0.00,0,0
35,46,0,1.69,1,2.37,320882,Y2,,,0,12.267,clean,0,0,0.00,0,0
35,47,0,2.14,1,2.31,1023710,Y4,,,0,12.158,clean,0,0,0.00,0,0
35,48,0,1.81,1234,2.49,435770,Y4,,,0,12.356,clean,0,0,0.00,0,0
35,49,0,2.02,1,2.39,246137,Y2,,,0,12.445,clean,0,0,0.00,0,0
35,50,0,2.09,1,2.67,350744,Y2,,,0,11.926,clean,0,0,0.00,0,0
35,51,0,2.08,1,2.27,1152903,Y4,,,0,11.084,clean,0,0,0.00,0,0
35,52,0,2.13,1,2.41,1183569,Y4,,,0,10.320,clean,0,0,0.00,0,0
35,53,0,2.78,1,2.38,127763,Y2,0.00/noise-like,0.24/noise-like,0,9.721,hump-note,0,0,0.00,0,0
35,54,0,2.62,1,2.42,432640,Y2,0.00/noise-like,0.00/noise-like,0,9.370,hump-note,0,0,0.00,0,0
35,55,0,2.64,1,2.61,151813,Y4,0.24/noise-like,0.24/noise-like,0,8.890,hump-note,0,0,0.00,0,0
35,56,0,2.42,1,111.21,1431,Y4,0.00/noise-like,0.00/noise-like,3,8.170,FAM-HIT,0,0,0.00,0,0
35,57,0,0,-1,0,0,-,,,0,6.790,QUARANTINE:dark-lane range=59 distinct=58,0,0,0.00,0,0
35,58,0,0,-1,0,0,-,,,1,5.756,QUARANTINE:dark-lane range=48 distinct=48,0,0,0.00,0,0
35,59,0,0,-1,0,0,-,,,0,4.883,QUARANTINE:dark-lane range=48 distinct=44,0,0,0.00,0,0
35,60,0,0,-1,0,0,-,,,0,4.169,QUARANTINE:dark-lane range=40 distinct=37,0,0,0.00,0,0
35,61,0,0,-1,0,0,-,,,0,3.558,QUARANTINE:dark-lane range=30 distinct=31,0,0,0.00,0,0
35,62,0,0,-1,0,0,-,,,0,2.957,QUARANTINE:dark-lane range=24 distinct=25,0,0,0.00,0,0
35,63,0,0,-1,0,0,-,,,0,2.398,QUARANTINE:dark-lane range=20 distinct=21,0,0,0.00,0,0
36,0,0,1.34,514,2.59,367194,Y2,,,0,20.766,clean,0,0,0.00,0,0
36,1,0,1.37,1115,2.46,926346,Y4,,,0,19.590,clean,0,0,0.00,0,0
36,2,0,1.48,1,2.32,635326,Y2,,,0,18.584,clean,0,0,0.00,0,0
36,3,0,1.33,1,2.43,919193,Y2,,,0,17.960,clean,0,0,0.00,0,0
36,4,0,1.42,1,2.33,1463234,Y4,,,0,17.844,clean,0,0,0.00,0,0
36,5,0,1.45,168,2.42,296921,Y4,,,0,18.018,clean,0,0,0.00,0,0
36,6,0,1.38,1057,2.17,206441,Y4,,,0,17.953,clean,0,0,0.00,0,0
36,7,0,1.51,1,2.57,956923,Y4,,,0,17.428,clean,0,0,0.00,0,0
36,8,0,1.63,1,2.33,603497,Y2,,,0,16.717,clean,0,0,0.00,0,0
36,9,0,1.41,806,2.41,859201,Y4,,,0,16.230,clean,0,0,0.00,0,0
36,10,0,1.40,1205,2.62,455618,Y4,,,0,16.223,clean,0,0,0.00,0,0
36,11,0,1.73,1,2.42,235945,Y2,,,0,16.638,clean,0,0,0.00,0,0
36,12,0,1.54,1,2.60,1137525,Y2,,,0,16.908,clean,0,0,0.00,0,0
36,13,0,1.41,1,2.56,368625,Y4,,,0,16.729,clean,0,0,0.00,0,0
36,14,0,1.55,1,2.49,868142,Y2,,,0,16.194,clean,0,0,0.00,0,0
36,15,0,1.44,1,2.29,143498,Y2,,,0,15.886,clean,0,0,0.00,0,0
36,16,0,1.43,1,2.60,925541,Y2,,,0,16.171,clean,0,0,0.00,0,0
36,17,0,1.35,750,2.45,540197,Y4,,,0,16.889,clean,0,0,0.00,0,0
36,18,0,1.60,642,2.56,1227021,Y4,,,0,19.215,clean,0,0,0.00,0,0
36,19,0,1.57,1,2.61,947267,Y4,,,0,17.250,clean,0,0,0.00,0,0
36,20,0,1.47,1,2.40,664204,Y2,,,0,16.353,clean,0,0,0.00,0,0
36,21,0,1.52,1,2.52,995636,Y4,,,0,15.647,clean,0,0,0.00,0,0
36,22,0,1.78,1,2.42,361741,Y4,,,0,15.390,clean,0,0,0.00,0,0
36,23,0,1.60,1,2.35,435859,Y2,,,0,15.730,clean,0,0,0.00,0,0
36,24,0,1.50,1,2.52,1216918,Y2,,,0,16.132,clean,0,0,0.00,0,0
36,25,0,2.02,204,2.52,1312047,Y4,,,0,16.003,clean,0,0,0.00,0,0
36,26,0,1.66,1,2.21,210196,Y4,,,0,15.408,clean,0,0,0.00,0,0
36,27,0,1.96,1,2.78,346005,Y4,,,0,14.992,clean,0,0,0.00,0,0
36,28,0,1.65,1,2.46,510961,Y4,,,0,14.437,clean,0,0,0.00,0,0
36,29,0,1.63,1,2.61,1172572,Y4,,,0,14.684,clean,0,0,0.00,0,0
36,30,0,1.50,1,2.35,835866,Y2,,,0,15.023,clean,0,0,0.00,0,0
36,31,0,1.39,1,2.27,220835,Y4,,,0,14.986,clean,0,0,0.00,0,0
36,32,0,1.36,1445,2.61,94682,Y2,,,0,14.402,clean,0,0,0.00,0,0
36,33,0,1.64,1,2.40,1142889,Y2,,,0,13.815,clean,0,0,0.00,0,0
36,34,0,1.89,1,2.40,1248389,Y4,,,0,13.652,clean,0,0,0.00,0,0
36,35,0,1.90,1,2.53,1149774,Y4,,,0,13.986,clean,0,0,0.00,0,0
36,36,0,1.76,1,2.52,620663,Y2,,,0,14.569,clean,0,0,0.00,0,0
36,37,0,1.49,1,2.44,242472,Y4,,,0,14.669,clean,0,0,0.00,0,0
36,38,0,1.82,1,2.37,1079947,Y4,,,0,14.178,clean,0,0,0.00,0,0
36,39,0,1.63,1,2.42,133663,Y4,,,0,13.502,clean,0,0,0.00,0,0
36,40,0,2.06,1,2.24,26375,Y2,,,0,13.206,clean,0,0,0.00,0,0
36,41,0,1.65,1,2.61,542790,Y2,,,0,13.413,clean,0,0,0.00,0,0
36,42,0,1.69,1,2.56,1699,Y2,,,0,13.868,clean,0,0,0.00,0,0
36,43,0,1.68,1,2.42,4560,Y4,,,0,14.125,clean,0,0,0.00,0,0
36,44,0,1.57,1,2.45,524551,Y2,,,0,13.616,clean,0,0,0.00,0,0
36,45,0,1.83,1,2.33,1135379,Y2,,,0,12.805,clean,0,0,0.00,0,0
36,46,0,2.05,1,2.48,643998,Y4,,,0,12.253,clean,0,0,0.00,0,0
36,47,0,1.85,1,2.35,13858,Y4,,,0,12.147,clean,0,0,0.00,0,0
36,48,0,1.70,1,2.68,1078159,Y2,,,0,12.339,clean,0,0,0.00,0,0
36,49,0,2.07,1,2.66,28342,Y4,,,0,12.408,clean,0,0,0.00,0,0
36,50,0,1.76,1,2.59,887990,Y2,,,0,11.937,clean,0,0,0.00,0,0
36,51,0,2.15,1,2.48,960410,Y4,,,0,11.076,clean,0,0,0.00,0,0
36,52,0,2.33,1,2.31,907391,Y2,,,0,10.280,clean,0,0,0.00,0,0
36,53,0,2.59,1,2.41,775248,Y4,0.00/noise-like,0.00/noise-like,0,9.727,hump-note,0,0,0.00,0,0
36,54,0,2.59,1,2.40,215471,Y4,0.00/noise-like,0.00/noise-like,0,9.354,hump-note,0,0,0.00,0,0
36,55,0,2.80,1,2.27,508279,Y2,0.00/noise-like,0.24/noise-like,0,8.855,hump-note,0,0,0.00,0,0
36,56,0,3.07,1,2.53,891119,Y2,0.24/noise-like,0.00/noise-like,0,7.949,hump-note,0,0,0.00,0,0
36,57,0,0,-1,0,0,-,,,0,6.788,QUARANTINE:dark-lane range=57 distinct=57,0,0,0.00,0,0
36,58,0,0,-1,0,0,-,,,0,5.735,QUARANTINE:dark-lane range=50 distinct=49,0,0,0.00,0,0
36,59,0,0,-1,0,0,-,,,0,4.886,QUARANTINE:dark-lane range=44 distinct=43,0,0,0.00,0,0
36,60,0,0,-1,0,0,-,,,0,4.157,QUARANTINE:dark-lane range=35 distinct=36,0,0,0.00,0,0
36,61,0,0,-1,0,0,-,,,0,3.560,QUARANTINE:dark-lane range=31 distinct=32,0,0,0.00,0,0
36,62,0,0,-1,0,0,-,,,0,2.955,QUARANTINE:dark-lane range=26 distinct=27,0,0,0.00,0,0
36,63,0,0,-1,0,0,-,,,0,2.399,QUARANTINE:dark-lane range=20 distinct=21,0,0,0.00,0,0
37,0,0,1.35,331,2.68,1142979,Y2,,,0,20.725,clean,0,0,0.00,0,0
37,1,0,1.41,515,2.28,192404,Y2,,,0,19.582,clean,0,0,0.00,0,0
37,2,0,1.55,1,2.32,483602,Y4,,,0,18.596,clean,0,0,0.00,0,0
37,3,0,1.37,1,2.47,822097,Y2,,,0,18.006,clean,0,0,0.00,0,0
37,4,0,1.32,1520,2.35,360668,Y4,,,0,17.864,clean,0,0,0.00,0,0
37,5,0,1.37,1137,2.32,548601,Y2,,,0,18.029,clean,0,0,0.00,0,0
37,6,0,1.45,1250,2.57,215560,Y2,,,0,17.978,clean,0,0,0.00,0,0
37,7,0,1.65,1,2.37,433356,Y2,,,0,17.423,clean,0,0,0.00,0,0
37,8,0,1.51,1,2.23,870377,Y4,,,0,16.742,clean,0,0,0.00,0,0
37,9,0,1.57,1,2.25,929117,Y4,,,0,16.237,clean,0,0,0.00,0,0
37,10,0,1.41,1,2.31,872612,Y4,,,0,16.237,clean,0,0,0.00,0,0
37,11,0,1.49,1,2.33,455439,Y4,,,0,16.629,clean,0,0,0.00,0,0
37,12,0,1.57,1,2.52,210106,Y2,,,0,16.897,clean,0,0,0.00,0,0
37,13,0,1.60,1,2.45,696301,Y2,,,0,16.694,clean,0,0,0.00,0,0
37,14,0,1.63,1,2.83,563264,Y2,,,0,16.220,clean,0,0,0.00,0,0
37,15,0,1.66,1,2.40,231206,Y2,,,0,15.926,clean,0,0,0.00,0,0
37,16,0,1.44,1,2.46,1123488,Y2,,,0,16.176,clean,0,0,0.00,0,0
37,17,0,1.38,1,2.41,988394,Y2,,,0,16.889,clean,0,0,0.00,0,0
37,18,0,1.57,674,2.62,188291,Y2,,,0,19.219,clean,0,0,0.00,0,0
37,19,0,1.38,1,2.23,756919,Y2,,,0,17.195,clean,0,0,0.00,0,0
37,20,0,1.52,1,2.34,360489,Y2,,,0,16.377,clean,0,0,0.00,0,0
37,21,0,1.79,1,2.59,459820,Y4,,,0,15.675,clean,0,0,0.00,0,0
37,22,0,1.74,1,2.28,221193,Y2,,,0,15.410,clean,0,0,0.00,0,0
37,23,0,1.78,1,2.52,861883,Y4,,,0,15.744,clean,0,0,0.00,0,0
37,24,0,1.58,1,2.52,968993,Y4,,,0,16.142,clean,0,0,0.00,0,0
37,25,0,1.89,204,2.33,1399487,Y4,,,0,16.014,clean,0,0,0.00,0,0
37,26,0,1.39,1,2.60,800997,Y2,,,0,15.402,clean,0,0,0.00,0,0
37,27,0,1.60,628,2.57,211090,Y2,,,0,14.973,clean,0,0,0.00,0,0
37,28,0,1.49,1,2.36,826925,Y2,,,0,14.421,clean,0,0,0.00,0,0
37,29,0,1.66,1,2.28,596613,Y4,,,0,14.709,clean,0,0,0.00,0,0
37,30,0,1.63,1,2.51,720620,Y4,,,0,15.034,clean,0,0,0.00,0,0
37,31,0,1.80,1,2.25,317931,Y4,,,0,14.974,clean,0,0,0.00,0,0
37,32,0,1.36,21,2.32,201255,Y2,,,0,14.392,clean,0,0,0.00,0,0
37,33,0,1.87,1,2.56,1442581,Y4,,,0,13.816,clean,0,0,0.00,0,0
37,34,0,1.62,1,2.53,1085490,Y2,,,0,13.653,clean,0,0,0.00,0,0
37,35,0,1.63,1,2.32,805110,Y4,,,0,14.004,clean,0,0,0.00,0,0
37,36,0,1.69,1,2.34,142246,Y4,,,0,14.539,clean,0,0,0.00,0,0
37,37,0,1.52,1,2.31,10550,Y2,,,0,14.673,clean,0,0,0.00,0,0
37,38,0,1.75,1,2.54,349492,Y2,,,0,14.165,clean,0,0,0.00,0,0
37,39,0,2.01,1,2.30,887185,Y2,,,0,13.517,clean,0,0,0.00,0,0
37,40,0,1.71,1,2.38,74208,Y2,,,0,13.167,clean,0,0,0.00,0,0
37,41,0,1.69,1,2.74,536978,Y2,,,0,13.421,clean,0,0,0.00,0,0
37,42,0,1.70,1,2.38,1403064,Y2,,,0,13.882,clean,0,0,0.00,0,0
37,43,0,1.74,1,2.66,238985,Y4,,,0,14.126,clean,0,0,0.00,0,0
37,44,0,1.92,1,2.69,191063,Y2,,,0,13.620,clean,0,0,0.00,0,0
37,45,0,1.85,1,2.42,1325905,Y4,,,0,12.808,clean,0,0,0.00,0,0
37,46,0,1.83,1,2.65,847489,Y2,,,0,12.275,clean,0,0,0.00,0,0
37,47,0,1.93,1,2.37,722855,Y2,,,0,12.128,clean,0,0,0.00,0,0
37,48,0,1.55,1,2.40,1112133,Y2,,,0,12.357,clean,0,0,0.00,0,0
37,49,0,2.04,1,2.31,135362,Y4,,,0,12.439,clean,0,0,0.00,0,0
37,50,0,2.16,1,2.39,1204580,Y4,,,0,11.943,clean,0,0,0.00,0,0
37,51,0,1.82,1,2.29,14305,Y4,,,0,11.089,clean,0,0,0.00,0,0
37,52,0,2.31,1,2.34,658304,Y4,,,0,10.282,clean,0,0,0.00,0,0
37,53,0,2.43,1,2.28,1196265,Y2,,,0,9.738,clean,0,0,0.00,0,0
37,54,0,2.29,1,2.37,1254916,Y4,,,0,9.360,clean,0,0,0.00,0,0
37,55,0,2.71,1,2.46,268936,Y4,0.00/noise-like,0.00/noise-like,0,8.858,hump-note,0,0,0.00,0,0
37,56,0,2.80,1,2.45,1116067,Y4,0.00/noise-like,0.00/noise-like,0,7.943,hump-note,0,0,0.00,0,0
37,57,0,0,-1,0,0,-,,,0,6.794,QUARANTINE:dark-lane range=62 distinct=59,0,0,0.00,0,0
37,58,0,0,-1,0,0,-,,,0,5.752,QUARANTINE:dark-lane range=53 distinct=53,0,0,0.00,0,0
37,59,0,0,-1,0,0,-,,,0,4.875,QUARANTINE:dark-lane range=43 distinct=42,0,0,0.00,0,0
37,60,0,0,-1,0,0,-,,,0,4.162,QUARANTINE:dark-lane range=34 distinct=35,0,0,0.00,0,0
37,61,0,0,-1,0,0,-,,,0,3.560,QUARANTINE:dark-lane range=30 distinct=30,0,0,0.00,0,0
37,62,0,0,-1,0,0,-,,,0,2.959,QUARANTINE:dark-lane range=25 distinct=26,0,0,0.00,0,0
37,63,0,0,-1,0,0,-,,,0,2.405,QUARANTINE:dark-lane range=21 distinct=22,0,0,0.00,0,0
38,0,0,1.45,652,2.60,179797,Y4,,,0,20.710,clean,0,0,0.00,0,0
38,1,0,1.37,773,2.47,644356,Y4,,,0,19.580,clean,0,0,0.00,0,0
38,2,0,1.39,259,2.46,75191,Y2,,,0,18.559,clean,0,0,0.00,0,0
38,3,0,1.44,1,2.26,463665,Y2,,,0,17.989,clean,0,0,0.00,0,0
38,4,0,1.39,1,2.33,1224071,Y2,,,0,17.854,clean,0,0,0.00,0,0
38,5,0,1.45,1,2.62,1261890,Y2,,,0,18.024,clean,0,0,0.00,0,0
38,6,0,1.55,1,2.53,134915,Y2,,,0,18.000,clean,0,0,0.00,0,0
38,7,0,1.35,491,2.41,767827,Y4,,,0,17.457,clean,0,0,0.00,0,0
38,8,0,1.47,1,2.34,185072,Y4,,,0,16.730,clean,0,0,0.00,0,0
38,9,0,1.53,1,2.56,752896,Y2,,,0,16.260,clean,0,0,0.00,0,0
38,10,0,1.58,1,2.30,1223534,Y2,,,0,16.269,clean,0,0,0.00,0,0
38,11,0,1.37,1067,2.68,905871,Y4,,,0,16.638,clean,0,0,0.00,0,0
38,12,0,1.47,1,2.53,1118660,Y4,,,0,16.869,clean,0,0,0.00,0,0
38,13,0,1.61,1,2.52,861615,Y2,,,0,16.715,clean,0,0,0.00,0,0
38,14,0,1.38,1,2.32,288784,Y4,,,0,16.240,clean,0,0,0.00,0,0
38,15,0,1.51,1,2.42,166297,Y2,,,0,15.919,clean,0,0,0.00,0,0
38,16,0,1.75,1,2.40,408322,Y2,,,0,16.189,clean,0,0,0.00,0,0
38,17,0,1.56,1,2.34,165045,Y2,,,0,16.881,clean,0,0,0.00,0,0
38,18,0,1.55,911,2.85,277430,Y2,,,0,19.195,clean,0,0,0.00,0,0
38,19,0,1.40,1523,2.24,335544,Y4,,,0,17.201,clean,0,0,0.00,0,0
38,20,0,1.48,1,2.22,19133,Y2,,,0,16.354,clean,0,0,0.00,0,0
38,21,0,1.46,1,2.29,849277,Y4,,,0,15.643,clean,0,0,0.00,0,0
38,22,0,1.37,1,2.57,160664,Y2,,,0,15.385,clean,0,0,0.00,0,0
38,23,0,1.53,1,2.51,247478,Y2,,,0,15.731,clean,0,0,0.00,0,0
38,24,0,1.63,1,2.63,451058,Y4,,,0,16.119,clean,0,0,0.00,0,0
38,25,0,2.02,204,3.40,715,Y4,0.00/noise-like,0.00/noise-like,2,16.002,FAM-HIT,0,0,0.00,0,0
38,26,0,1.76,1,2.59,848472,Y2,,,0,15.372,clean,0,0,0.00,0,0
38,27,0,1.79,1,2.51,238895,Y2,,,0,14.935,clean,0,0,0.00,0,0
38,28,0,1.42,1,2.45,1195729,Y4,,,0,14.452,clean,0,0,0.00,0,0
38,29,0,1.64,1,2.36,1320809,Y2,,,0,14.695,clean,0,0,0.00,0,0
38,30,0,1.41,908,2.41,289768,Y2,,,0,15.032,clean,0,0,0.00,0,0
38,31,0,1.44,1,2.56,294775,Y2,,,0,14.995,clean,0,0,0.00,0,0
38,32,0,1.41,157,2.22,18775,Y2,,,0,14.414,clean,0,0,0.00,0,0
38,33,0,1.70,1,2.22,1225322,Y2,,,0,13.824,clean,0,0,0.00,0,0
38,34,0,1.88,1,2.30,237554,Y4,,,0,13.648,clean,0,0,0.00,0,0
38,35,0,1.80,1,2.71,260085,Y4,,,0,13.989,clean,0,0,0.00,0,0
38,36,0,2.22,1,2.77,239164,Y4,,,0,14.537,clean,0,0,0.00,0,0
38,37,0,1.70,1,2.24,1393050,Y4,,,0,14.673,clean,0,0,0.00,0,0
38,38,0,1.74,1,2.41,614226,Y4,,,0,14.180,clean,0,0,0.00,0,0
38,39,0,1.76,1,2.40,693172,Y4,,,0,13.501,clean,0,0,0.00,0,0
38,40,0,1.77,1,2.61,1270115,Y4,,,0,13.205,clean,0,0,0.00,0,0
38,41,0,1.71,1,2.34,1023710,Y2,,,0,13.412,clean,0,0,0.00,0,0
38,42,0,1.65,1,2.40,313550,Y4,,,0,13.876,clean,0,0,0.00,0,0
38,43,0,1.52,1,2.80,61691,Y2,,,0,14.095,clean,0,0,0.00,0,0
38,44,0,1.58,1,2.66,81271,Y2,,,0,13.605,clean,0,0,0.00,0,0
38,45,0,1.76,1,2.50,237197,Y2,,,0,12.790,clean,0,0,0.00,0,0
38,46,0,1.77,1,2.39,1120806,Y2,,,0,12.266,clean,0,0,0.00,0,0
38,47,0,1.97,1,2.41,101924,Y4,,,0,12.154,clean,0,0,0.00,0,0
38,48,0,1.71,1,2.78,1002342,Y4,,,0,12.339,clean,0,0,0.00,0,0
38,49,0,1.73,1,2.32,453651,Y2,,,0,12.406,clean,0,0,0.00,0,0
38,50,0,2.07,1,2.41,1280576,Y2,,,0,11.947,clean,0,0,0.00,0,0
38,51,0,2.20,1,2.47,324011,Y2,,,0,11.079,clean,0,0,0.00,0,0
38,52,0,2.44,1,2.43,174433,Y4,,,0,10.297,clean,0,0,0.00,0,0
38,53,0,2.40,1,2.33,863403,Y2,,,0,9.730,clean,0,0,0.00,0,0
38,54,0,2.52,1,2.23,1327515,Y2,0.24/noise-like,0.00/noise-like,0,9.363,hump-note,0,0,0.00,0,0
38,55,0,2.63,1,2.37,115246,Y4,0.24/noise-like,0.00/noise-like,0,8.870,hump-note,0,0,0.00,0,0
38,56,0,3.40,1,2.39,1306146,Y2,0.24/noise-like,0.24/noise-like,0,7.952,hump-note,0,0,0.00,0,0
38,57,0,0,-1,0,0,-,,,9,6.789,QUARANTINE:dark-lane range=68 distinct=61,0,0,0.00,0,0
38,58,0,0,-1,0,0,-,,,0,5.736,QUARANTINE:dark-lane range=49 distinct=49,0,0,0.00,0,0
38,59,0,0,-1,0,0,-,,,0,4.885,QUARANTINE:dark-lane range=43 distinct=42,0,0,0.00,0,0
38,60,0,0,-1,0,0,-,,,0,4.166,QUARANTINE:dark-lane range=37 distinct=38,0,0,0.00,0,0
38,61,0,0,-1,0,0,-,,,0,3.552,QUARANTINE:dark-lane range=34 distinct=32,0,0,0.00,0,0
38,62,0,0,-1,0,0,-,,,0,2.956,QUARANTINE:dark-lane range=27 distinct=27,0,0,0.00,0,0
38,63,0,0,-1,0,0,-,,,0,2.403,QUARANTINE:dark-lane range=19 distinct=20,0,0,0.00,0,0
39,0,0,1.34,440,2.57,1282185,Y4,,,0,20.744,clean,0,0,0.00,0,0
39,1,0,1.55,1,2.63,1459390,Y4,,,0,19.559,clean,0,0,0.00,0,0
39,2,0,1.63,1,2.47,113636,Y2,,,0,18.574,clean,0,0,0.00,0,0
39,3,0,1.52,1,2.28,1272440,Y2,,,0,17.982,clean,0,0,0.00,0,0
39,4,0,1.52,1,2.54,882179,Y4,,,0,17.852,clean,0,0,0.00,0,0
39,5,0,1.44,148,2.57,1223266,Y2,,,0,18.076,clean,0,0,0.00,0,0
39,6,0,1.37,1005,2.40,199914,Y2,,,0,17.947,clean,0,0,0.00,0,0
39,7,0,1.47,1,2.50,1454741,Y2,,,0,17.431,clean,0,0,0.00,0,0
39,8,0,1.40,131,2.25,4917,Y2,,,0,16.719,clean,0,0,0.00,0,0
39,9,0,1.76,1,2.87,162721,Y4,,,0,16.216,clean,0,0,0.00,0,0
39,10,0,1.53,1,2.54,271529,Y4,,,0,16.219,clean,0,0,0.00,0,0
39,11,0,1.67,1,2.49,253022,Y2,,,0,16.588,clean,0,0,0.00,0,0
39,12,0,1.49,1,2.44,1215667,Y4,,,0,16.863,clean,0,0,0.00,0,0
39,13,0,1.57,1,2.39,879675,Y2,,,0,16.702,clean,0,0,0.00,0,0
39,14,0,1.38,1,2.73,634253,Y4,,,0,16.241,clean,0,0,0.00,0,0
39,15,0,1.43,935,2.38,1053393,Y4,,,0,15.914,clean,0,0,0.00,0,0
39,16,0,1.55,1,2.36,1412362,Y4,,,0,16.212,clean,0,0,0.00,0,0
39,17,0,1.73,1,2.22,411004,Y4,,,0,16.848,clean,0,0,0.00,0,0
39,18,0,1.68,711,2.31,273049,Y4,,,0,19.212,clean,0,0,0.00,0,0
39,19,0,1.69,1,2.39,645876,Y4,,,0,17.216,clean,0,0,0.00,0,0
39,20,0,1.41,1,2.63,775516,Y2,,,0,16.378,clean,0,0,0.00,0,0
39,21,0,1.39,1,2.35,435054,Y4,,,0,15.644,clean,0,0,0.00,0,0
39,22,0,1.51,1,2.23,1149416,Y4,,,0,15.413,clean,0,0,0.00,0,0
39,23,0,1.37,1352,2.41,634611,Y2,,,0,15.750,clean,0,0,0.00,0,0
39,24,0,1.50,1311,2.49,1086384,Y2,,,0,16.150,clean,0,0,0.00,0,0
39,25,0,1.97,204,2.68,1205206,Y2,,,0,16.003,clean,0,0,0.00,0,0
39,26,0,1.59,1,2.51,65535,Y2,,,0,15.384,clean,0,0,0.00,0,0
39,27,0,1.59,611,2.35,1258582,Y2,,,0,14.969,clean,0,0,0.00,0,0
39,28,0,1.49,1,2.33,363976,Y4,,,0,14.431,clean,0,0,0.00,0,0
39,29,0,1.78,1,2.27,884771,Y4,,,0,14.703,clean,0,0,0.00,0,0
39,30,0,1.60,1,2.29,1061529,Y4,,,0,15.017,clean,0,0,0.00,0,0
39,31,0,1.63,1,2.42,747085,Y2,,,0,14.982,clean,0,0,0.00,0,0
39,32,0,1.34,1368,2.35,1146734,Y2,,,0,14.417,clean,0,0,0.00,0,0
39,33,0,1.70,1,2.51,432909,Y4,,,0,13.805,clean,0,0,0.00,0,0
39,34,0,1.62,1,2.25,132322,Y2,,,0,13.641,clean,0,0,0.00,0,0
39,35,0,1.63,1,2.56,430405,Y2,,,0,13.999,clean,0,0,0.00,0,0
39,36,0,1.55,1,2.39,1124471,Y2,,,0,14.560,clean,0,0,0.00,0,0
39,37,0,1.72,1,2.40,193924,Y2,,,0,14.665,clean,0,0,0.00,0,0
39,38,0,1.55,747,2.49,204831,Y4,,,0,14.166,clean,0,0,0.00,0,0
39,39,0,1.82,1,2.70,744581,Y2,,,0,13.510,clean,0,0,0.00,0,0
39,40,0,1.76,1,2.51,154853,Y4,,,0,13.215,clean,0,0,0.00,0,0
39,41,0,1.70,1,2.42,1426756,Y4,,,0,13.424,clean,0,0,0.00,0,0
39,42,0,1.80,1,2.30,107199,Y2,,,0,13.869,clean,0,0,0.00,0,0
39,43,0,1.50,1,2.29,525355,Y4,,,0,14.144,clean,0,0,0.00,0,0
39,44,0,1.92,1,2.35,1331985,Y2,,,0,13.629,clean,0,0,0.00,0,0
39,45,0,2.00,1,2.37,1284689,Y4,,,0,12.793,clean,0,0,0.00,0,0
39,46,0,1.76,1,2.49,620753,Y4,,,0,12.254,clean,0,0,0.00,0,0
39,47,0,1.89,1,2.35,846237,Y2,,,0,12.156,clean,0,0,0.00,0,0
39,48,0,1.67,1234,2.42,6258,Y2,,,0,12.356,clean,0,0,0.00,0,0
39,49,0,2.05,1,2.34,507653,Y4,,,0,12.423,clean,0,0,0.00,0,0
39,50,0,1.86,1,2.40,1394123,Y4,,,0,11.957,clean,0,0,0.00,0,0
39,51,0,2.16,1,2.54,748336,Y4,,,0,11.088,clean,0,0,0.00,0,0
39,52,0,2.23,1,2.56,430584,Y2,,,0,10.283,clean,0,0,0.00,0,0
39,53,0,2.17,1,2.52,795543,Y2,,,0,9.721,clean,0,0,0.00,0,0
39,54,0,2.24,1,2.50,742346,Y2,,,0,9.368,clean,0,0,0.00,0,0
39,55,0,2.63,1,2.28,53555,Y4,0.00/noise-like,0.00/noise-like,0,8.879,hump-note,0,0,0.00,0,0
39,56,0,3.46,1,2.52,1298726,Y2,0.00/noise-like,0.24/noise-like,0,7.951,hump-note,0,0,0.00,0,0
39,57,0,0,-1,0,0,-,,,0,6.790,QUARANTINE:dark-lane range=59 distinct=60,0,0,0.00,0,0
39,58,0,0,-1,0,0,-,,,0,5.737,QUARANTINE:dark-lane range=51 distinct=52,0,0,0.00,0,0
39,59,0,0,-1,0,0,-,,,0,4.874,QUARANTINE:dark-lane range=42 distinct=42,0,0,0.00,0,0
39,60,0,0,-1,0,0,-,,,0,4.169,QUARANTINE:dark-lane range=35 distinct=36,0,0,0.00,0,0
39,61,0,0,-1,0,0,-,,,0,3.560,QUARANTINE:dark-lane range=33 distinct=34,0,0,0.00,0,0
39,62,0,0,-1,0,0,-,,,0,2.960,QUARANTINE:dark-lane range=25 distinct=26,0,0,0.00,0,0
39,63,0,0,-1,0,0,-,,,0,2.406,QUARANTINE:dark-lane range=20 distinct=21,0,0,0.00,0,0
40,0,0,1.34,813,2.50,1382232,Y2,,,0,20.732,clean,0,0,0.00,0,0
40,1,0,1.63,1,2.38,917584,Y4,,,0,19.596,clean,0,0,0.00,0,0
40,2,0,1.63,1,2.49,1414776,Y2,,,0,18.560,clean,0,0,0.00,0,0
40,3,0,1.42,1,2.34,539571,Y2,,,0,17.949,clean,0,0,0.00,0,0
40,4,0,1.43,1,2.51,25660,Y2,,,0,17.862,clean,0,0,0.00,0,0
40,5,0,1.51,1,2.50,1128316,Y4,,,0,18.041,clean,0,0,0.00,0,0
40,6,0,1.40,1,2.21,168085,Y2,,,0,17.994,clean,0,0,0.00,0,0
40,7,0,1.38,406,2.36,282258,Y4,,,0,17.462,clean,0,0,0.00,0,0
40,8,0,1.43,1,2.35,656873,Y4,,,0,16.786,clean,0,0,0.00,0,0
40,9,0,1.52,1,2.60,174791,Y2,,,0,16.208,clean,0,0,0.00,0,0
40,10,0,1.48,1,2.61,49263,Y2,,,0,16.238,clean,0,0,0.00,0,0
40,11,0,1.43,1,2.69,130266,Y2,,,0,16.637,clean,0,0,0.00,0,0
40,12,0,1.59,1,2.50,769436,Y2,,,0,16.887,clean,0,0,0.00,0,0
40,13,0,1.36,457,2.46,663489,Y4,,,0,16.716,clean,0,0,0.00,0,0
40,14,0,1.43,1,2.44,312120,Y2,,,0,16.224,clean,0,0,0.00,0,0
40,15,0,1.76,1,2.44,482976,Y4,,,0,15.902,clean,0,0,0.00,0,0
40,16,0,1.65,1,2.56,334561,Y4,,,0,16.198,clean,0,0,0.00,0,0
40,17,0,1.59,1,2.55,807166,Y4,,,0,16.878,clean,0,0,0.00,0,0
40,18,0,1.66,869,2.53,83148,Y4,,,0,19.219,clean,0,0,0.00,0,0
40,19,0,1.41,400,2.22,223428,Y2,,,0,17.269,clean,0,0,0.00,0,0
40,20,0,1.63,1,2.31,1379460,Y2,,,0,16.390,clean,0,0,0.00,0,0
40,21,0,1.34,1,2.36,496656,Y2,,,0,15.643,clean,0,0,0.00,0,0
40,22,0,1.37,1,2.42,257224,Y2,,,0,15.396,clean,0,0,0.00,0,0
40,23,0,1.44,1,2.48,41038,Y4,,,0,15.732,clean,0,0,0.00,0,0
40,24,0,1.38,1,2.40,28878,Y4,,,0,16.128,clean,0,0,0.00,0,0
40,25,0,1.93,204,2.32,809133,Y2,,,0,15.988,clean,0,0,0.00,0,0
40,26,0,1.52,1,2.48,855982,Y2,,,0,15.381,clean,0,0,0.00,0,0
40,27,0,1.73,1,2.40,411272,Y2,,,0,14.987,clean,0,0,0.00,0,0
40,28,0,1.68,1,2.31,1218349,Y2,,,0,14.484,clean,0,0,0.00,0,0
40,29,0,1.71,1,2.57,838012,Y4,,,0,14.701,clean,0,0,0.00,0,0
40,30,0,1.49,1,2.43,1005292,Y2,,,0,15.014,clean,0,0,0.00,0,0
40,31,0,1.55,1,2.36,847042,Y2,,,0,14.989,clean,0,0,0.00,0,0
40,32,0,1.37,1254,2.45,827640,Y4,,,0,14.390,clean,0,0,0.00,0,0
40,33,0,1.50,1,2.73,825942,Y2,,,0,13.801,clean,0,0,0.00,0,0
40,34,0,1.86,1,2.30,509799,Y2,,,0,13.653,clean,0,0,0.00,0,0
40,35,0,1.82,1,2.48,211000,Y2,,,0,14.020,clean,0,0,0.00,0,0
40,36,0,1.71,1,2.39,1089960,Y2,,,0,14.558,clean,0,0,0.00,0,0
40,37,0,1.49,1,2.64,652671,Y2,,,0,14.672,clean,0,0,0.00,0,0
40,38,0,1.53,1,2.23,556022,Y2,,,0,14.187,clean,0,0,0.00,0,0
40,39,0,1.55,1,2.46,505328,Y4,,,0,13.505,clean,0,0,0.00,0,0
40,40,0,1.91,1,2.45,357628,Y4,,,0,13.208,clean,0,0,0.00,0,0
40,41,0,1.62,1,2.77,1385272,Y2,,,0,13.400,clean,0,0,0.00,0,0
40,42,0,1.79,1,2.64,1330018,Y2,,,0,13.893,clean,0,0,0.00,0,0
40,43,0,1.70,1,2.33,1270652,Y2,,,0,14.117,clean,0,0,0.00,0,0
40,44,0,1.86,1,2.32,485837,Y4,,,0,13.630,clean,0,0,0.00,0,0
40,45,0,1.86,1,2.55,184089,Y2,,,0,12.798,clean,0,0,0.00,0,0
40,46,0,1.71,1,2.19,199109,Y4,,,0,12.266,clean,0,0,0.00,0,0
40,47,0,1.72,1,2.28,815392,Y2,,,0,12.142,clean,0,0,0.00,0,0
40,48,0,1.75,1234,2.74,549853,Y2,,,0,12.347,clean,0,0,0.00,0,0
40,49,0,1.85,1,2.53,746548,Y4,,,0,12.440,clean,0,0,0.00,0,0
40,50,0,1.84,1,2.28,361025,Y4,,,0,11.918,clean,0,0,0.00,0,0
40,51,0,2.36,1,2.34,1405835,Y4,,,0,11.076,clean,0,0,0.00,0,0
40,52,0,2.27,1,2.31,465900,Y4,,,0,10.300,clean,0,0,0.00,0,0
40,53,0,2.42,1,2.59,997066,Y4,,,0,9.719,clean,0,0,0.00,0,0
40,54,0,2.45,1,2.39,1164347,Y2,,,0,9.376,clean,0,0,0.00,0,0
40,55,0,2.71,1,2.38,754148,Y4,0.00/noise-like,0.00/noise-like,0,8.886,hump-note,0,0,0.00,0,0
40,56,0,3.10,1,2.49,986516,Y2,0.00/noise-like,0.24/noise-like,0,7.953,hump-note,0,0,0.00,0,0
40,57,0,0,-1,0,0,-,,,0,6.792,QUARANTINE:dark-lane range=59 distinct=59,0,0,0.00,0,0
40,58,0,0,-1,0,0,-,,,0,5.736,QUARANTINE:dark-lane range=49 distinct=49,0,0,0.00,0,0
40,59,0,0,-1,0,0,-,,,0,4.882,QUARANTINE:dark-lane range=42 distinct=43,0,0,0.00,0,0
40,60,0,0,-1,0,0,-,,,0,4.165,QUARANTINE:dark-lane range=38 distinct=37,0,0,0.00,0,0
40,61,0,0,-1,0,0,-,,,0,3.565,QUARANTINE:dark-lane range=31 distinct=32,0,0,0.00,0,0
40,62,0,0,-1,0,0,-,,,0,2.956,QUARANTINE:dark-lane range=26 distinct=27,0,0,0.00,0,0
40,63,0,0,-1,0,0,-,,,0,2.404,QUARANTINE:dark-lane range=23 distinct=23,0,0,0.00,0,0
41,0,0,1.46,390,2.55,246495,Y2,,,0,20.706,clean,0,0,0.00,0,0
41,1,0,1.36,1284,2.48,920266,Y2,,,0,19.576,clean,0,0,0.00,0,0
41,2,0,1.40,56,2.18,765234,Y4,,,0,18.569,clean,0,0,0.00,0,0
41,3,0,1.35,644,2.26,518471,Y2,,,0,17.964,clean,0,0,0.00,0,0
41,4,0,1.37,784,2.53,339389,Y2,,,0,17.852,clean,0,0,0.00,0,0
41,5,0,1.35,1,2.47,130892,Y2,,,0,18.076,clean,0,0,0.00,0,0
41,6,0,1.55,1,2.69,905961,Y4,,,0,17.978,clean,0,0,0.00,0,0
41,7,0,1.41,1,2.32,871003,Y2,,,0,17.436,clean,0,0,0.00,0,0
41,8,0,1.63,1,2.33,800550,Y4,,,0,16.775,clean,0,0,0.00,0,0
41,9,0,1.57,1,2.47,1068771,Y4,,,0,16.241,clean,0,0,0.00,0,0
41,10,0,1.68,1,2.43,379264,Y2,,,0,16.247,clean,0,0,0.00,0,0
41,11,0,1.60,1,2.44,795454,Y4,,,0,16.632,clean,0,0,0.00,0,0
41,12,0,1.57,1,2.37,43541,Y2,,,0,16.910,clean,0,0,0.00,0,0
41,13,0,1.57,1,2.27,987232,Y2,,,0,16.720,clean,0,0,0.00,0,0
41,14,0,1.54,1,2.37,649095,Y4,,,0,16.252,clean,0,0,0.00,0,0
41,15,0,1.39,346,2.35,35942,Y2,,,0,15.934,clean,0,0,0.00,0,0
41,16,0,1.67,1,2.46,934392,Y2,,,0,16.183,clean,0,0,0.00,0,0
41,17,0,1.53,1,2.31,1215220,Y2,,,0,16.866,clean,0,0,0.00,0,0
41,18,0,1.57,793,2.47,838816,Y2,,,0,19.222,clean,0,0,0.00,0,0
41,19,0,1.46,1,2.29,71883,Y4,,,0,17.282,clean,0,0,0.00,0,0
41,20,0,1.46,1,2.40,272065,Y2,,,0,16.367,clean,0,0,0.00,0,0
41,21,0,1.73,1,2.41,509083,Y4,,,0,15.627,clean,0,0,0.00,0,0
41,22,0,1.53,1,2.33,517309,Y2,,,0,15.414,clean,0,0,0.00,0,0
41,23,0,1.55,1,2.47,174791,Y2,,,0,15.777,clean,0,0,0.00,0,0
41,24,0,1.52,1,2.66,80645,Y2,,,0,16.151,clean,0,0,0.00,0,0
41,25,0,2.26,204,7.85,536,Y4,0.24/noise-like,0.00/noise-like,10,16.020,FAM-HIT,0,0,0.00,0,0
41,26,0,1.48,1,2.44,324994,Y2,,,0,15.409,clean,0,0,0.00,0,0
41,27,0,1.62,634,2.38,1070112,Y2,,,0,14.967,clean,0,0,0.00,0,0
41,28,0,1.53,1,2.41,76890,Y4,,,0,14.456,clean,0,0,0.00,0,0
41,29,0,1.75,1,2.29,733852,Y4,,,0,14.667,clean,0,0,0.00,0,0
41,30,0,1.84,1,2.60,620842,Y4,,,0,15.036,clean,0,0,0.00,0,0
41,31,0,1.60,1,2.53,277430,Y2,,,0,14.979,clean,0,0,0.00,0,0
41,32,0,1.38,1091,2.73,198305,Y4,,,0,14.386,clean,0,0,0.00,0,0
41,33,0,1.57,1,2.40,474483,Y4,,,0,13.820,clean,0,0,0.00,0,0
41,34,0,1.70,1,2.42,1271904,Y2,,,0,13.644,clean,0,0,0.00,0,0
41,35,0,1.65,1,2.52,570416,Y2,,,0,14.024,clean,0,0,0.00,0,0
41,36,0,1.74,1,2.41,856698,Y2,,,0,14.546,clean,0,0,0.00,0,0
41,37,0,1.93,1,2.40,775427,Y4,,,0,14.678,clean,0,0,0.00,0,0
41,38,0,1.81,1,2.33,613153,Y2,,,0,14.191,clean,0,0,0.00,0,0
41,39,0,1.76,1,2.28,1450002,Y4,,,0,13.530,clean,0,0,0.00,0,0
41,40,0,1.74,1,2.48,522852,Y2,,,0,13.192,clean,0,0,0.00,0,0
41,41,0,1.66,1,2.40,577658,Y2,,,0,13.426,clean,0,0,0.00,0,0
41,42,0,1.85,1,2.51,1086473,Y2,,,0,13.897,clean,0,0,0.00,0,0
41,43,0,1.66,1,2.35,1141638,Y4,,,0,14.142,clean,0,0,0.00,0,0
41,44,0,1.56,1,2.75,416547,Y2,,,0,13.623,clean,0,0,0.00,0,0
41,45,0,1.58,1,2.55,1059115,Y2,,,0,12.784,clean,0,0,0.00,0,0
41,46,0,1.77,1,2.42,103444,Y2,,,0,12.247,clean,0,0,0.00,0,0
41,47,0,1.82,1,2.54,32634,Y2,,,0,12.140,clean,0,0,0.00,0,0
41,48,0,1.90,1,2.50,728220,Y2,,,0,12.345,clean,0,0,0.00,0,0
41,49,0,1.72,1,2.19,131696,Y2,,,0,12.438,clean,0,0,0.00,0,0
41,50,0,1.84,1,2.33,1114994,Y4,,,0,11.943,clean,0,0,0.00,0,0
41,51,0,1.88,1,2.27,1378834,Y2,,,0,11.091,clean,0,0,0.00,0,0
41,52,0,2.30,1,2.64,1011997,Y2,,,0,10.294,clean,0,0,0.00,0,0
41,53,0,2.12,1,2.26,1309901,Y4,,,0,9.730,clean,0,0,0.00,0,0
41,54,0,2.75,1,2.51,830054,Y4,0.00/noise-like,0.00/noise-like,0,9.377,hump-note,0,0,0.00,0,0
41,55,0,2.59,1,2.48,765324,Y4,0.00/noise-like,0.00/noise-like,0,8.869,hump-note,0,0,0.00,0,0
41,56,0,3.08,1,2.52,88334,Y2,0.00/noise-like,0.00/noise-like,0,7.963,hump-note,0,0,0.00,0,0
41,57,0,0,-1,0,0,-,,,22,6.813,QUARANTINE:dark-lane range=61 distinct=58,0,0,0.00,0,0
41,58,0,0,-1,0,0,-,,,0,5.738,QUARANTINE:dark-lane range=52 distinct=52,0,0,0.00,0,0
41,59,0,0,-1,0,0,-,,,0,4.882,QUARANTINE:dark-lane range=44 distinct=43,0,0,0.00,0,0
41,60,0,0,-1,0,0,-,,,0,4.167,QUARANTINE:dark-lane range=36 distinct=36,0,0,0.00,0,0
41,61,0,0,-1,0,0,-,,,0,3.564,QUARANTINE:dark-lane range=32 distinct=33,0,0,0.00,0,0
41,62,0,0,-1,0,0,-,,,0,2.961,QUARANTINE:dark-lane range=27 distinct=27,0,0,0.00,0,0
41,63,0,0,-1,0,0,-,,,0,2.401,QUARANTINE:dark-lane range=21 distinct=22,0,0,0.00,0,0
42,0,0,1.36,994,2.23,1416564,Y2,,,0,20.721,clean,0,0,0.00,0,0
42,1,0,1.35,204,2.23,1201719,Y4,,,0,19.619,clean,0,0,0.00,0,0
42,2,0,1.45,1152,2.38,182748,Y4,,,0,18.571,clean,0,0,0.00,0,0
42,3,0,1.48,1,2.32,1152545,Y2,,,0,17.984,clean,0,0,0.00,0,0
42,4,0,1.35,1353,2.66,890136,Y4,,,0,17.836,clean,0,0,0.00,0,0
42,5,0,1.55,1,2.46,1237571,Y2,,,0,18.059,clean,0,0,0.00,0,0
42,6,0,1.40,1478,2.35,1073599,Y4,,,0,17.999,clean,0,0,0.00,0,0
42,7,0,1.72,1,2.53,488073,Y4,,,0,17.452,clean,0,0,0.00,0,0
42,8,0,1.54,1,2.48,484854,Y4,,,0,16.721,clean,0,0,0.00,0,0
42,9,0,1.44,1,2.43,1445621,Y4,,,0,16.240,clean,0,0,0.00,0,0
42,10,0,1.51,1,2.79,949860,Y2,,,0,16.207,clean,0,0,0.00,0,0
42,11,0,1.45,1,2.46,706583,Y4,,,0,16.624,clean,0,0,0.00,0,0
42,12,0,1.54,1,2.32,134915,Y2,,,0,16.890,clean,0,0,0.00,0,0
42,13,0,1.74,1,2.46,581235,Y4,,,0,16.712,clean,0,0,0.00,0,0
42,14,0,1.36,1335,2.25,815392,Y2,,,0,16.192,clean,0,0,0.00,0,0
42,15,0,1.63,1,2.56,408232,Y2,,,0,15.916,clean,0,0,0.00,0,0
42,16,0,1.44,1,2.30,737697,Y4,,,0,16.169,clean,0,0,0.00,0,0
42,17,0,1.37,1342,2.39,273138,Y2,,,0,16.859,clean,0,0,0.00,0,0
42,18,0,1.59,678,2.48,521243,Y2,,,0,19.191,clean,0,0,0.00,0,0
42,19,0,1.36,510,2.57,1292109,Y2,,,0,17.259,clean,0,0,0.00,0,0
42,20,0,1.37,985,2.41,322044,Y2,,,0,16.375,clean,0,0,0.00,0,0
42,21,0,1.55,1,2.43,66698,Y2,,,0,15.656,clean,0,0,0.00,0,0
42,22,0,1.68,1,2.31,504434,Y4,,,0,15.403,clean,0,0,0.00,0,0
42,23,0,1.56,1,2.52,339836,Y4,,,0,15.761,clean,0,0,0.00,0,0
42,24,0,1.69,1,2.42,918388,Y2,,,0,16.143,clean,0,0,0.00,0,0
42,25,0,2.09,204,4.03,9924,Y4,0.00/noise-like,0.00/noise-like,6,16.034,FAM-HIT,0,0,0.00,0,0
42,26,0,1.75,1,2.33,516325,Y2,,,0,15.373,clean,0,0,0.00,0,0
42,27,0,1.55,635,2.31,1113296,Y4,,,0,14.976,clean,0,0,0.00,0,0
42,28,0,1.58,1,2.40,369698,Y2,,,0,14.430,clean,0,0,0.00,0,0
42,29,0,1.70,1,2.42,575781,Y2,,,0,14.678,clean,0,0,0.00,0,0
42,30,0,1.67,1,2.45,764251,Y2,,,0,15.046,clean,0,0,0.00,0,0
42,31,0,1.37,487,2.27,838548,Y2,,,0,14.994,clean,0,0,0.00,0,0
42,32,0,1.35,918,2.29,538945,Y4,,,0,14.395,clean,0,0,0.00,0,0
42,33,0,1.61,1,2.56,1061171,Y2,,,0,13.791,clean,0,0,0.00,0,0
42,34,0,1.92,1,2.59,791073,Y4,,,0,13.649,clean,0,0,0.00,0,0
42,35,0,1.63,1,2.82,443995,Y4,,,0,14.006,clean,0,0,0.00,0,0
42,36,0,1.55,1,2.35,327230,Y2,,,0,14.542,clean,0,0,0.00,0,0
42,37,0,1.59,1,2.50,536,Y2,,,0,14.660,clean,0,0,0.00,0,0
42,38,0,1.48,1,2.32,589639,Y2,,,0,14.169,clean,0,0,0.00,0,0
42,39,0,1.89,1,2.68,172108,Y2,,,0,13.530,clean,0,0,0.00,0,0
42,40,0,1.70,1,2.29,20027,Y2,,,0,13.207,clean,0,0,0.00,0,0
42,41,0,1.73,1,2.36,172734,Y2,,,0,13.413,clean,0,0,0.00,0,0
42,42,0,1.81,1,2.51,815392,Y2,,,0,13.890,clean,0,0,0.00,0,0
42,43,0,1.73,1,2.37,381589,Y4,,,0,14.130,clean,0,0,0.00,0,0
42,44,0,1.68,1,2.51,766218,Y2,,,0,13.641,clean,0,0,0.00,0,0
42,45,0,1.86,1,2.53,186235,Y4,,,0,12.800,clean,0,0,0.00,0,0
42,46,0,1.84,1,2.63,90033,Y4,,,0,12.279,clean,0,0,0.00,0,0
42,47,0,1.94,1,2.52,414312,Y2,,,0,12.152,clean,0,0,0.00,0,0
42,48,0,1.76,1,2.65,1027554,Y4,,,0,12.358,clean,0,0,0.00,0,0
42,49,0,1.94,1,2.34,1424074,Y2,,,0,12.427,clean,0,0,0.00,0,0
42,50,0,1.93,1,2.48,573903,Y2,,,0,11.917,clean,0,0,0.00,0,0
42,51,0,1.96,1,2.72,1008958,Y4,,,0,11.064,clean,0,0,0.00,0,0
42,52,0,2.39,1,2.50,465095,Y4,,,0,10.285,clean,0,0,0.00,0,0
42,53,0,2.55,1,2.58,121593,Y2,0.00/noise-like,0.00/noise-like,0,9.734,hump-note,0,0,0.00,0,0
42,54,0,2.40,1,2.42,527769,Y4,,,0,9.355,clean,0,0,0.00,0,0
42,55,0,3.01,1,2.37,416815,Y4,0.00/noise-like,0.24/noise-like,0,8.861,hump-note,0,0,0.00,0,0
42,56,0,3.02,1,2.35,704259,Y4,0.00/noise-like,0.00/noise-like,0,7.947,hump-note,0,0,0.00,0,0
42,57,0,0,-1,0,0,-,,,17,6.809,QUARANTINE:dark-lane range=65 distinct=61,0,0,0.00,0,0
42,58,0,0,-1,0,0,-,,,0,5.741,QUARANTINE:dark-lane range=50 distinct=50,0,0,0.00,0,0
42,59,0,0,-1,0,0,-,,,0,4.878,QUARANTINE:dark-lane range=41 distinct=42,0,0,0.00,0,0
42,60,0,0,-1,0,0,-,,,0,4.172,QUARANTINE:dark-lane range=35 distinct=36,0,0,0.00,0,0
42,61,0,0,-1,0,0,-,,,0,3.554,QUARANTINE:dark-lane range=33 distinct=32,0,0,0.00,0,0
42,62,0,0,-1,0,0,-,,,0,2.955,QUARANTINE:dark-lane range=26 distinct=27,0,0,0.00,0,0
42,63,0,0,-1,0,0,-,,,0,2.405,QUARANTINE:dark-lane range=21 distinct=22,0,0,0.00,0,0
43,0,0,1.33,4,2.42,877082,Y2,,,0,20.721,clean,0,0,0.00,0,0
43,1,0,1.38,985,2.68,984460,Y2,,,0,19.591,clean,0,0,0.00,0,0
43,2,0,1.40,780,2.41,601888,Y4,,,0,18.568,clean,0,0,0.00,0,0
43,3,0,1.47,1,2.45,725001,Y2,,,0,17.949,clean,0,0,0.00,0,0
43,4,0,1.42,1,2.41,1023889,Y4,,,0,17.859,clean,0,0,0.00,0,0
43,5,0,1.45,1,2.43,335544,Y4,,,0,18.060,clean,0,0,0.00,0,0
43,6,0,1.53,1478,2.58,300407,Y2,,,0,17.989,clean,0,0,0.00,0,0
43,7,0,1.35,692,2.30,517666,Y4,,,0,17.427,clean,0,0,0.00,0,0
43,8,0,1.59,1,2.53,142157,Y2,,,0,16.773,clean,0,0,0.00,0,0
43,9,0,1.48,1,2.35,1232654,Y4,,,0,16.242,clean,0,0,0.00,0,0
43,10,0,1.54,1,2.34,995100,Y4,,,0,16.216,clean,0,0,0.00,0,0
43,11,0,1.35,1408,2.38,112832,Y2,,,0,16.596,clean,0,0,0.00,0,0
43,12,0,1.45,1,2.54,925899,Y4,,,0,16.889,clean,0,0,0.00,0,0
43,13,0,1.60,1,2.32,192583,Y4,,,0,16.724,clean,0,0,0.00,0,0
43,14,0,1.57,1,2.58,1002252,Y2,,,0,16.242,clean,0,0,0.00,0,0
43,15,0,1.69,1,2.34,1106054,Y4,,,0,15.917,clean,0,0,0.00,0,0
43,16,0,1.46,1,2.47,1132160,Y4,,,0,16.214,clean,0,0,0.00,0,0
43,17,0,1.64,1,2.64,337332,Y4,,,0,16.880,clean,0,0,0.00,0,0
43,18,0,1.71,789,2.54,119448,Y2,,,0,19.225,clean,0,0,0.00,0,0
43,19,0,1.43,1,2.44,825495,Y4,,,0,17.285,clean,0,0,0.00,0,0
43,20,0,1.66,1,2.39,649452,Y4,,,0,16.331,clean,0,0,0.00,0,0
43,21,0,1.43,1,2.28,522941,Y2,,,0,15.638,clean,0,0,0.00,0,0
43,22,0,1.39,1,2.67,5811,Y2,,,0,15.391,clean,0,0,0.00,0,0
43,23,0,1.52,1,2.38,185877,Y2,,,0,15.741,clean,0,0,0.00,0,0
43,24,0,1.36,583,2.37,265896,Y2,,,0,16.123,clean,0,0,0.00,0,0
43,25,0,1.93,204,2.29,1202613,Y2,,,0,16.023,clean,0,0,0.00,0,0
43,26,0,1.52,1,2.31,500768,Y4,,,0,15.419,clean,0,0,0.00,0,0
43,27,0,1.64,626,2.57,305325,Y2,,,0,14.977,clean,0,0,0.00,0,0
43,28,0,1.65,1,2.64,611186,Y4,,,0,14.483,clean,0,0,0.00,0,0
43,29,0,1.39,1,2.70,1410037,Y2,,,0,14.671,clean,0,0,0.00,0,0
43,30,0,1.38,1,2.42,839442,Y2,,,0,15.001,clean,0,0,0.00,0,0
43,31,0,1.56,1,2.47,60260,Y2,,,0,14.987,clean,0,0,0.00,0,0
43,32,0,1.36,1573,2.45,593752,Y4,,,0,14.424,clean,0,0,0.00,0,0
43,33,0,1.68,1,2.68,110328,Y2,,,0,13.832,clean,0,0,0.00,0,0
43,34,0,1.40,1,2.38,858039,Y2,,,0,13.630,clean,0,0,0.00,0,0
43,35,0,1.99,1,2.38,1201630,Y4,,,0,14.017,clean,0,0,0.00,0,0
43,36,0,1.57,1,2.41,512838,Y2,,,0,14.549,clean,0,0,0.00,0,0
43,37,0,1.48,1,2.48,264376,Y4,,,0,14.690,clean,0,0,0.00,0,0
43,38,0,1.51,1,2.30,1156926,Y2,,,0,14.171,clean,0,0,0.00,0,0
43,39,0,1.69,1,2.34,1088977,Y2,,,0,13.499,clean,0,0,0.00,0,0
43,40,0,1.72,1,2.34,1336992,Y4,,,0,13.198,clean,0,0,0.00,0,0
43,41,0,1.87,1,2.26,283062,Y4,,,0,13.408,clean,0,0,0.00,0,0
43,42,0,1.62,1,2.33,455171,Y2,,,0,13.864,clean,0,0,0.00,0,0
43,43,0,1.68,1,2.45,1157820,Y2,,,0,14.118,clean,0,0,0.00,0,0
43,44,0,2.04,1,2.71,1264840,Y4,,,0,13.593,clean,0,0,0.00,0,0
43,45,0,1.84,1,2.44,926971,Y2,,,0,12.777,clean,0,0,0.00,0,0
43,46,0,1.93,1,2.68,266254,Y4,,,0,12.264,clean,0,0,0.00,0,0
43,47,0,1.88,1,2.63,469029,Y2,,,0,12.152,clean,0,0,0.00,0,0
43,48,0,1.73,1234,2.78,300318,Y4,,,0,12.351,clean,0,0,0.00,0,0
43,49,0,2.06,1,2.26,1442492,Y4,,,0,12.423,clean,0,0,0.00,0,0
43,50,0,2.06,1,2.55,618875,Y4,,,0,11.937,clean,0,0,0.00,0,0
43,51,0,2.21,1,2.52,966042,Y2,,,0,11.100,clean,0,0,0.00,0,0
43,52,0,2.28,1,2.91,117749,Y4,,,0,10.291,clean,0,0,0.00,0,0
43,53,0,2.18,1,2.55,1162291,Y2,,,0,9.739,clean,0,0,0.00,0,0
43,54,0,2.51,1,2.28,734657,Y4,0.00/noise-like,0.00/noise-like,0,9.354,hump-note,0,0,0.00,0,0
43,55,0,2.61,1,2.30,93698,Y2,0.00/noise-like,0.24/noise-like,0,8.851,hump-note,0,0,0.00,0,0
43,56,0,3.18,1,2.30,764698,Y4,0.24/noise-like,0.24/noise-like,0,7.958,hump-note,0,0,0.00,0,0
43,57,0,0,-1,0,0,-,,,0,6.786,QUARANTINE:dark-lane range=60 distinct=59,0,0,0.00,0,0
43,58,0,0,-1,0,0,-,,,0,5.746,QUARANTINE:dark-lane range=53 distinct=51,0,0,0.00,0,0
43,59,0,0,-1,0,0,-,,,0,4.881,QUARANTINE:dark-lane range=44 distinct=43,0,0,0.00,0,0
43,60,0,0,-1,0,0,-,,,0,4.160,QUARANTINE:dark-lane range=35 distinct=36,0,0,0.00,0,0
43,61,0,0,-1,0,0,-,,,0,3.555,QUARANTINE:dark-lane range=32 distinct=32,0,0,0.00,0,0
43,62,0,0,-1,0,0,-,,,0,2.960,QUARANTINE:dark-lane range=24 distinct=25,0,0,0.00,0,0
43,63,0,0,-1,0,0,-,,,0,2.418,QUARANTINE:dark-lane range=20 distinct=21,0,0,0.00,0,0
44,0,0,1.32,146,2.46,1071632,Y2,,,0,20.704,clean,0,0,0.00,0,0
44,1,0,1.34,531,2.29,21279,Y4,,,0,19.588,clean,0,0,0.00,0,0
44,2,0,1.47,1,2.41,72777,Y2,,,0,18.585,clean,0,0,0.00,0,0
44,3,0,1.46,1,2.37,961483,Y4,,,0,17.993,clean,0,0,0.00,0,0
44,4,0,1.43,1,2.27,114173,Y2,,,0,17.843,clean,0,0,0.00,0,0
44,5,0,1.48,1,2.39,394285,Y2,,,0,18.040,clean,0,0,0.00,0,0
44,6,0,1.66,1,2.32,833184,Y4,,,0,17.974,clean,0,0,0.00,0,0
44,7,0,1.33,1336,2.35,1184911,Y2,,,0,17.415,clean,0,0,0.00,0,0
44,8,0,1.58,1,2.40,281721,Y4,,,0,16.742,clean,0,0,0.00,0,0
44,9,0,1.60,1,2.27,1251966,Y2,,,0,16.241,clean,0,0,0.00,0,0
44,10,0,1.56,1,2.53,76085,Y2,,,0,16.217,clean,0,0,0.00,0,0
44,11,0,1.54,1,2.43,154138,Y4,,,0,16.632,clean,0,0,0.00,0,0
44,12,0,1.62,1,2.55,452846,Y2,,,0,16.859,clean,0,0,0.00,0,0
44,13,0,1.50,1,2.42,32276,Y2,,,0,16.708,clean,0,0,0.00,0,0
44,14,0,1.39,1,2.51,59992,Y2,,,0,16.215,clean,0,0,0.00,0,0
44,15,0,1.58,1,2.25,253826,Y2,,,0,15.886,clean,0,0,0.00,0,0
44,16,0,1.61,1,2.37,594288,Y4,,,0,16.177,clean,0,0,0.00,0,0
44,17,0,1.48,1,2.31,1304179,Y4,,,0,16.869,clean,0,0,0.00,0,0
44,18,0,1.66,790,2.60,1393408,Y2,,,0,19.193,clean,0,0,0.00,0,0
44,19,0,1.51,1,2.34,950843,Y2,,,0,17.245,clean,0,0,0.00,0,0
44,20,0,1.63,1,2.27,1329929,Y4,,,0,16.339,clean,0,0,0.00,0,0
44,21,0,1.96,1,2.31,177830,Y4,,,0,15.635,clean,0,0,0.00,0,0
44,22,0,1.52,1,2.44,223875,Y4,,,0,15.417,clean,0,0,0.00,0,0
44,23,0,1.63,1,2.29,1142442,Y2,,,0,15.726,clean,0,0,0.00,0,0
44,24,0,1.80,1,2.60,914097,Y4,,,0,16.137,clean,0,0,0.00,0,0
44,25,0,1.80,204,2.34,350654,Y4,,,0,15.982,clean,0,0,0.00,0,0
44,26,0,1.70,1,2.44,632823,Y4,,,0,15.368,clean,0,0,0.00,0,0
44,27,0,1.61,1,2.36,876456,Y2,,,0,14.955,clean,0,0,0.00,0,0
44,28,0,1.49,1,2.57,1324564,Y2,,,0,14.473,clean,0,0,0.00,0,0
44,29,0,1.75,1,2.38,276446,Y4,,,0,14.684,clean,0,0,0.00,0,0
44,30,0,1.36,352,2.64,992864,Y4,,,0,15.002,clean,0,0,0.00,0,0
44,31,0,1.87,1,2.63,155210,Y4,,,0,14.974,clean,0,0,0.00,0,0
44,32,0,1.35,619,2.45,30488,Y4,,,0,14.400,clean,0,0,0.00,0,0
44,33,0,1.82,1,2.47,845432,Y2,,,0,13.821,clean,0,0,0.00,0,0
44,34,0,1.61,1,2.66,134826,Y2,,,0,13.646,clean,0,0,0.00,0,0
44,35,0,1.94,1,2.63,426829,Y4,,,0,14.002,clean,0,0,0.00,0,0
44,36,0,1.61,1,2.21,1189291,Y2,,,0,14.526,clean,0,0,0.00,0,0
44,37,0,1.40,1070,2.30,425488,Y2,,,0,14.639,clean,0,0,0.00,0,0
44,38,0,1.61,1,2.34,608951,Y2,,,0,14.189,clean,0,0,0.00,0,0
44,39,0,1.78,1,2.38,311941,Y4,,,0,13.509,clean,0,0,0.00,0,0
44,40,0,1.69,1,2.29,1068771,Y4,,,0,13.193,clean,0,0,0.00,0,0
44,41,0,1.44,1066,2.73,814050,Y4,,,0,13.394,clean,0,0,0.00,0,0
44,42,0,1.65,1,2.34,1239538,Y2,,,0,13.868,clean,0,0,0.00,0,0
44,43,0,1.72,1,2.40,1137704,Y2,,,0,14.121,clean,0,0,0.00,0,0
44,44,0,1.87,1,2.53,264108,Y4,,,0,13.637,clean,0,0,0.00,0,0
44,45,0,1.82,1,2.27,258833,Y2,,,0,12.760,clean,0,0,0.00,0,0
44,46,0,2.08,1,2.50,439882,Y4,,,0,12.246,clean,0,0,0.00,0,0
44,47,0,2.04,1,2.40,1409590,Y4,,,0,12.139,clean,0,0,0.00,0,0
44,48,0,1.74,1,2.36,505239,Y4,,,0,12.318,clean,0,0,0.00,0,0
44,49,0,1.65,1,2.51,1182139,Y2,,,0,12.412,clean,0,0,0.00,0,0
44,50,0,1.84,1,2.54,495851,Y2,,,0,11.924,clean,0,0,0.00,0,0
44,51,0,1.81,1,2.59,322759,Y2,,,0,11.089,clean,0,0,0.00,0,0
44,52,0,2.12,1,2.47,462413,Y4,,,0,10.267,clean,0,0,0.00,0,0
44,53,0,2.24,1,2.33,909358,Y2,,,0,9.738,clean,0,0,0.00,0,0
44,54,0,2.78,1,2.22,1049012,Y2,0.00/noise-like,0.00/noise-like,0,9.353,hump-note,0,0,0.00,0,0
44,55,0,2.72,1,2.27,418603,Y2,0.00/noise-like,0.24/noise-like,0,8.869,hump-note,0,0,0.00,0,0
44,56,0,2.72,1,2.47,730455,Y4,0.24/noise-like,0.00/noise-like,0,7.956,hump-note,0,0,0.00,0,0
44,57,0,0,-1,0,0,-,,,0,6.783,QUARANTINE:dark-lane range=63 distinct=62,0,0,0.00,0,0
44,58,0,0,-1,0,0,-,,,0,5.738,QUARANTINE:dark-lane range=48 distinct=49,0,0,0.00,0,0
44,59,0,0,-1,0,0,-,,,0,4.878,QUARANTINE:dark-lane range=43 distinct=43,0,0,0.00,0,0
44,60,0,0,-1,0,0,-,,,0,4.161,QUARANTINE:dark-lane range=36 distinct=36,0,0,0.00,0,0
44,61,0,0,-1,0,0,-,,,0,3.554,QUARANTINE:dark-lane range=34 distinct=34,0,0,0.00,0,0
44,62,0,0,-1,0,0,-,,,0,2.952,QUARANTINE:dark-lane range=26 distinct=27,0,0,0.00,0,0
44,63,0,0,-1,0,0,-,,,0,2.403,QUARANTINE:dark-lane range=21 distinct=22,0,0,0.00,0,0
45,0,0,1.39,1587,2.48,491202,Y2,,,0,20.736,clean,0,0,0.00,0,0
45,1,0,1.32,966,2.46,733584,Y2,,,0,19.590,clean,0,0,0.00,0,0
45,2,0,1.45,1,2.28,1041591,Y4,,,0,18.602,clean,0,0,0.00,0,0
45,3,0,1.50,1,2.50,298083,Y4,,,0,17.976,clean,0,0,0.00,0,0
45,4,0,1.51,1,2.54,6258,Y4,,,0,17.852,clean,0,0,0.00,0,0
45,5,0,1.41,1,2.40,500947,Y2,,,0,18.069,clean,0,0,0.00,0,0
45,6,0,1.43,1,2.38,1068056,Y2,,,0,18.013,clean,0,0,0.00,0,0
45,7,0,1.43,1,2.51,77069,Y2,,,0,17.419,clean,0,0,0.00,0,0
45,8,0,1.53,1,2.71,642031,Y4,,,0,16.758,clean,0,0,0.00,0,0
45,9,0,1.48,1,2.39,263482,Y2,,,0,16.231,clean,0,0,0.00,0,0
45,10,0,1.49,1,2.31,545651,Y4,,,0,16.252,clean,0,0,0.00,0,0
45,11,0,1.59,1,2.35,63300,Y4,,,0,16.603,clean,0,0,0.00,0,0
45,12,0,1.64,1,2.31,617266,Y2,,,0,16.881,clean,0,0,0.00,0,0
45,13,0,1.72,1,2.44,1241148,Y2,,,0,16.716,clean,0,0,0.00,0,0
45,14,0,1.61,1,2.34,656426,Y4,,,0,16.216,clean,0,0,0.00,0,0
45,15,0,1.64,1,2.20,841677,Y2,,,0,15.917,clean,0,0,0.00,0,0
45,16,0,1.54,1,2.63,410467,Y2,,,0,16.168,clean,0,0,0.00,0,0
45,17,0,1.50,1,2.40,1394838,Y4,,,0,16.862,clean,0,0,0.00,0,0
45,18,0,1.57,786,2.64,236481,Y4,,,0,19.181,clean,0,0,0.00,0,0
45,19,0,1.34,1354,2.26,268668,Y2,,,0,17.244,clean,0,0,0.00,0,0
45,20,0,1.42,1,2.36,258744,Y2,,,0,16.356,clean,0,0,0.00,0,0
45,21,0,1.92,1,2.54,255883,Y2,,,0,15.631,clean,0,0,0.00,0,0
45,22,0,1.65,1,2.47,527322,Y4,,,0,15.388,clean,0,0,0.00,0,0
45,23,0,1.47,262,2.19,22531,Y2,,,0,15.738,clean,0,0,0.00,0,0
45,24,0,1.67,1,2.48,930727,Y4,,,0,16.122,clean,0,0,0.00,0,0
45,25,0,1.92,204,2.36,881016,Y2,,,0,16.028,clean,0,0,0.00,0,0
45,26,0,1.57,1,2.59,83953,Y2,,,0,15.370,clean,0,0,0.00,0,0
45,27,0,1.64,1,2.38,313640,Y2,,,0,14.967,clean,0,0,0.00,0,0
45,28,0,1.65,1,2.37,1369089,Y2,,,0,14.438,clean,0,0,0.00,0,0
45,29,0,1.80,1,2.34,988305,Y4,,,0,14.673,clean,0,0,0.00,0,0
45,30,0,1.59,1,2.31,102282,Y4,,,0,15.014,clean,0,0,0.00,0,0
45,31,0,1.74,1,2.31,1228809,Y2,,,0,14.983,clean,0,0,0.00,0,0
45,32,0,1.34,205,2.74,1459837,Y4,,,0,14.409,clean,0,0,0.00,0,0
45,33,0,1.98,1,2.27,797600,Y4,,,0,13.830,clean,0,0,0.00,0,0
45,34,0,1.77,1,2.60,1386434,Y4,,,0,13.658,clean,0,0,0.00,0,0
45,35,0,1.75,1,2.46,11981,Y2,,,0,14.022,clean,0,0,0.00,0,0
45,36,0,1.72,1,2.54,1050621,Y4,,,0,14.525,clean,0,0,0.00,0,0
45,37,0,1.54,1,2.36,1211017,Y2,,,0,14.661,clean,0,0,0.00,0,0
45,38,0,1.63,1,2.29,1221657,Y4,,,0,14.171,clean,0,0,0.00,0,0
45,39,0,1.73,1,2.65,420749,Y4,,,0,13.515,clean,0,0,0.00,0,0
45,40,0,1.90,1,2.50,357002,Y4,,,0,13.201,clean,0,0,0.00,0,0
45,41,0,1.77,1,2.37,973463,Y2,,,0,13.408,clean,0,0,0.00,0,0
45,42,0,1.99,1,2.41,1441777,Y2,,,0,13.887,clean,0,0,0.00,0,0
45,43,0,1.95,1,2.41,1002520,Y2,,,0,14.116,clean,0,0,0.00,0,0
45,44,0,1.64,1,2.37,130892,Y4,,,0,13.598,clean,0,0,0.00,0,0
45,45,0,2.15,1,2.41,264198,Y2,,,0,12.791,clean,0,0,0.00,0,0
45,46,0,2.12,1,2.36,291020,Y2,,,0,12.264,clean,0,0,0.00,0,0
45,47,0,1.89,1,2.35,432104,Y4,,,0,12.143,clean,0,0,0.00,0,0
45,48,0,1.72,1234,2.46,1375616,Y2,,,0,12.338,clean,0,0,0.00,0,0
45,49,0,1.89,1,2.29,336349,Y4,,,0,12.414,clean,0,0,0.00,0,0
45,50,0,1.86,1,2.23,66161,Y4,,,0,11.949,clean,0,0,0.00,0,0
45,51,0,2.33,1,2.27,21189,Y4,,,0,11.094,clean,0,0,0.00,0,0
45,52,0,2.00,1,2.51,872254,Y4,,,0,10.297,clean,0,0,0.00,0,0
45,53,0,2.38,1,2.27,380248,Y4,,,0,9.730,clean,0,0,0.00,0,0
45,54,0,2.57,1,2.19,230044,Y4,0.24/noise-like,0.00/noise-like,0,9.364,hump-note,0,0,0.00,0,0
45,55,0,2.89,1,2.56,1090229,Y4,0.00/noise-like,0.00/noise-like,0,8.862,hump-note,0,0,0.00,0,0
45,56,0,2.97,1,2.47,1135558,Y4,0.00/noise-like,0.00/noise-like,0,7.941,hump-note,0,0,0.00,0,0
45,57,0,0,-1,0,0,-,,,1,6.788,QUARANTINE:dark-lane range=59 distinct=58,0,0,0.00,0,0
45,58,0,0,-1,0,0,-,,,0,5.732,QUARANTINE:dark-lane range=50 distinct=49,0,0,0.00,0,0
45,59,0,0,-1,0,0,-,,,0,4.885,QUARANTINE:dark-lane range=41 distinct=42,0,0,0.00,0,0
45,60,0,0,-1,0,0,-,,,0,4.162,QUARANTINE:dark-lane range=35 distinct=36,0,0,0.00,0,0
45,61,0,0,-1,0,0,-,,,0,3.560,QUARANTINE:dark-lane range=31 distinct=32,0,0,0.00,0,0
45,62,0,0,-1,0,0,-,,,0,2.956,QUARANTINE:dark-lane range=26 distinct=27,0,0,0.00,0,0
45,63,0,0,-1,0,0,-,,,0,2.402,QUARANTINE:dark-lane range=21 distinct=22,0,0,0.00,0,0
46,0,0,1.41,129,2.64,1122773,Y4,,,0,20.683,clean,0,0,0.00,0,0
46,1,0,1.41,1,2.36,95308,Y2,,,0,19.575,clean,0,0,0.00,0,0
46,2,0,1.35,1468,2.33,911683,Y2,,,0,18.576,clean,0,0,0.00,0,0
46,3,0,1.62,1,2.24,578195,Y4,,,0,17.946,clean,0,0,0.00,0,0
46,4,0,1.41,1,2.28,1118392,Y4,,,0,17.856,clean,0,0,0.00,0,0
46,5,0,1.58,1,2.39,1201183,Y4,,,0,18.028,clean,0,0,0.00,0,0
46,6,0,1.67,1,2.40,180960,Y4,,,0,17.980,clean,0,0,0.00,0,0
46,7,0,1.57,1,2.55,1301408,Y4,,,0,17.441,clean,0,0,0.00,0,0
46,8,0,1.63,1,2.30,1229256,Y4,,,0,16.738,clean,0,0,0.00,0,0
46,9,0,1.37,684,2.41,1049012,Y4,,,0,16.220,clean,0,0,0.00,0,0
46,10,0,1.52,1,2.44,958800,Y4,,,0,16.217,clean,0,0,0.00,0,0
46,11,0,1.43,1,2.42,248909,Y2,,,0,16.631,clean,0,0,0.00,0,0
46,12,0,1.42,1,2.45,1442671,Y4,,,0,16.858,clean,0,0,0.00,0,0
46,13,0,1.39,1578,2.29,218511,Y2,,,0,16.722,clean,0,0,0.00,0,0
46,14,0,1.53,1,2.32,1464844,Y2,,,0,16.214,clean,0,0,0.00,0,0
46,15,0,1.47,1,2.28,847399,Y4,,,0,15.886,clean,0,0,0.00,0,0
46,16,0,1.63,1,2.50,259995,Y2,,,0,16.184,clean,0,0,0.00,0,0
46,17,0,1.41,1,2.51,1417100,Y2,,,0,16.858,clean,0,0,0.00,0,0
46,18,0,1.69,662,2.71,47565,Y2,,,0,19.192,clean,0,0,0.00,0,0
46,19,0,1.52,1,2.53,224054,Y4,,,0,17.224,clean,0,0,0.00,0,0
46,20,0,1.54,1,2.37,699788,Y4,,,0,16.343,clean,0,0,0.00,0,0
46,21,0,1.46,1,2.25,912040,Y4,,,0,15.637,clean,0,0,0.00,0,0
46,22,0,1.55,1,2.58,1177758,Y4,,,0,15.397,clean,0,0,0.00,0,0
46,23,0,1.58,1,2.30,1031846,Y4,,,0,15.717,clean,0,0,0.00,0,0
46,24,0,1.36,220,2.45,226736,Y2,,,0,16.145,clean,0,0,0.00,0,0
46,25,0,1.82,204,4.27,983,Y4,0.00/noise-like,0.00/noise-like,4,16.018,FAM-HIT,0,0,0.00,0,0
46,26,0,1.47,382,2.44,66608,Y2,,,0,15.398,clean,0,0,0.00,0,0
46,27,0,1.67,615,2.82,1168370,Y4,,,0,14.985,clean,0,0,0.00,0,0
46,28,0,1.61,1,2.52,725895,Y4,,,0,14.453,clean,0,0,0.00,0,0
46,29,0,1.63,1,2.28,668317,Y4,,,0,14.691,clean,0,0,0.00,0,0
46,30,0,1.59,1,2.42,347793,Y2,,,0,15.019,clean,0,0,0.00,0,0
46,31,0,1.49,1,2.53,230491,Y4,,,0,14.977,clean,0,0,0.00,0,0
46,32,0,1.42,1263,2.31,1197964,Y4,,,0,14.382,clean,0,0,0.00,0,0
46,33,0,1.84,1,2.79,957280,Y4,,,0,13.779,clean,0,0,0.00,0,0
46,34,0,1.46,1,2.40,867784,Y2,,,0,13.624,clean,0,0,0.00,0,0
46,35,0,1.46,1,2.37,191689,Y2,,,0,14.026,clean,0,0,0.00,0,0
46,36,0,1.44,1,2.53,249535,Y4,,,0,14.563,clean,0,0,0.00,0,0
46,37,0,1.59,1,2.42,226647,Y2,,,0,14.651,clean,0,0,0.00,0,0
46,38,0,1.73,1,2.41,380427,Y2,,,0,14.161,clean,0,0,0.00,0,0
46,39,0,1.96,1,2.45,136524,Y2,,,0,13.545,clean,0,0,0.00,0,0
46,40,0,1.78,1,2.48,1051515,Y4,,,0,13.215,clean,0,0,0.00,0,0
46,41,0,1.65,1,2.45,335813,Y4,,,0,13.413,clean,0,0,0.00,0,0
46,42,0,1.79,1,2.19,1044989,Y4,,,0,13.870,clean,0,0,0.00,0,0
46,43,0,1.78,1,2.43,436395,Y2,,,0,14.137,clean,0,0,0.00,0,0
46,44,0,1.71,1,2.48,800282,Y4,,,0,13.605,clean,0,0,0.00,0,0
46,45,0,1.84,1,2.46,1412809,Y4,,,0,12.775,clean,0,0,0.00,0,0
46,46,0,1.92,1,2.34,1084417,Y4,,,0,12.266,clean,0,0,0.00,0,0
46,47,0,1.95,1,2.72,113010,Y2,,,0,12.146,clean,0,0,0.00,0,0
46,48,0,1.83,1,2.30,193924,Y4,,,0,12.350,clean,0,0,0.00,0,0
46,49,0,1.91,1,2.46,114530,Y4,,,0,12.434,clean,0,0,0.00,0,0
46,50,0,1.90,1,2.29,977755,Y2,,,0,11.941,clean,0,0,0.00,0,0
46,51,0,2.03,1,2.72,1324922,Y2,,,0,11.082,clean,0,0,0.00,0,0
46,52,0,2.28,1,2.36,1434177,Y4,,,0,10.302,clean,0,0,0.00,0,0
46,53,0,2.32,1,2.50,1275748,Y2,,,0,9.730,clean,0,0,0.00,0,0
46,54,0,2.87,1,2.44,1370162,Y2,0.00/noise-like,0.00/noise-like,0,9.355,hump-note,0,0,0.00,0,0
46,55,0,2.71,1,2.36,203758,Y4,0.00/noise-like,0.00/noise-like,0,8.863,hump-note,0,0,0.00,0,0
46,56,0,2.83,1,2.18,1223087,Y2,0.24/noise-like,0.24/noise-like,0,7.936,hump-note,0,0,0.00,0,0
46,57,0,0,-1,0,0,-,,,5,6.788,QUARANTINE:dark-lane range=58 distinct=58,0,0,0.00,0,0
46,58,0,0,-1,0,0,-,,,0,5.733,QUARANTINE:dark-lane range=47 distinct=48,0,0,0.00,0,0
46,59,0,0,-1,0,0,-,,,0,4.880,QUARANTINE:dark-lane range=41 distinct=42,0,0,0.00,0,0
46,60,0,0,-1,0,0,-,,,0,4.167,QUARANTINE:dark-lane range=35 distinct=36,0,0,0.00,0,0
46,61,0,0,-1,0,0,-,,,0,3.561,QUARANTINE:dark-lane range=31 distinct=32,0,0,0.00,0,0
46,62,0,0,-1,0,0,-,,,0,2.954,QUARANTINE:dark-lane range=25 distinct=26,0,0,0.00,0,0
46,63,0,0,-1,0,0,-,,,0,2.401,QUARANTINE:dark-lane range=22 distinct=23,0,0,0.00,0,0
47,0,0,1.34,547,2.39,682980,Y4,,,0,20.735,clean,0,0,0.00,0,0
47,1,0,1.34,999,2.44,115514,Y2,,,0,19.611,clean,0,0,0.00,0,0
47,2,0,1.50,1643,2.42,1407087,Y4,,,0,18.564,clean,0,0,0.00,0,0
47,3,0,1.33,332,2.36,1116157,Y4,,,0,17.957,clean,0,0,0.00,0,0
47,4,0,1.47,1,2.36,1013964,Y2,,,0,17.830,clean,0,0,0.00,0,0
47,5,0,1.49,1,2.28,388294,Y4,,,0,18.030,clean,0,0,0.00,0,0
47,6,0,1.43,1478,2.29,969887,Y4,,,0,17.983,clean,0,0,0.00,0,0
47,7,0,1.43,1,2.34,245243,Y4,,,0,17.444,clean,0,0,0.00,0,0
47,8,0,1.46,1,2.70,990629,Y2,,,0,16.743,clean,0,0,0.00,0,0
47,9,0,1.53,1,2.44,737071,Y4,,,0,16.230,clean,0,0,0.00,0,0
47,10,0,1.43,1,2.58,1403332,Y4,,,0,16.224,clean,0,0,0.00,0,0
47,11,0,1.63,1,2.61,1127332,Y4,,,0,16.622,clean,0,0,0.00,0,0
47,12,0,1.49,1,2.42,239968,Y4,,,0,16.901,clean,0,0,0.00,0,0
47,13,0,1.63,1,2.34,1120716,Y2,,,0,16.713,clean,0,0,0.00,0,0
47,14,0,1.40,1,2.43,784010,Y2,,,0,16.179,clean,0,0,0.00,0,0
47,15,0,1.51,1,2.36,398666,Y2,,,0,15.933,clean,0,0,0.00,0,0
47,16,0,1.43,114,2.30,824600,Y4,,,0,16.169,clean,0,0,0.00,0,0
47,17,0,1.61,1,2.56,550926,Y2,,,0,16.875,clean,0,0,0.00,0,0
47,18,0,1.60,655,2.46,37462,Y4,,,0,19.210,clean,0,0,0.00,0,0
47,19,0,1.58,1,2.33,1050085,Y2,,,0,17.230,clean,0,0,0.00,0,0
47,20,0,1.64,1,2.40,840873,Y2,,,0,16.343,clean,0,0,0.00,0,0
47,21,0,1.65,1,2.33,39160,Y2,,,0,15.629,clean,0,0,0.00,0,0
47,22,0,1.48,1,2.50,512660,Y4,,,0,15.398,clean,0,0,0.00,0,0
47,23,0,1.91,1,2.42,1384825,Y4,,,0,15.720,clean,0,0,0.00,0,0
47,24,0,1.62,1,2.45,339121,Y2,,,0,16.113,clean,0,0,0.00,0,0
47,25,0,2.11,204,2.27,370592,Y2,,,0,16.002,clean,0,0,0.00,0,0
47,26,0,1.61,1,2.30,169337,Y4,,,0,15.403,clean,0,0,0.00,0,0
47,27,0,1.74,619,2.34,306129,Y2,,,0,14.971,clean,0,0,0.00,0,0
47,28,0,1.63,1,2.37,827372,Y4,,,0,14.455,clean,0,0,0.00,0,0
47,29,0,1.75,1,2.30,520349,Y4,,,0,14.671,clean,0,0,0.00,0,0
47,30,0,1.36,1,2.41,1191795,Y4,,,0,15.009,clean,0,0,0.00,0,0
47,31,0,1.71,1,2.39,996619,Y2,,,0,15.008,clean,0,0,0.00,0,0
47,32,0,1.42,268,2.40,942081,Y2,,,0,14.393,clean,0,0,0.00,0,0
47,33,0,1.45,1,2.53,73850,Y2,,,0,13.792,clean,0,0,0.00,0,0
47,34,0,1.93,1,2.55,770777,Y2,,,0,13.656,clean,0,0,0.00,0,0
47,35,0,1.99,1,2.21,328124,Y2,,,0,13.989,clean,0,0,0.00,0,0
47,36,0,1.60,1,2.55,226200,Y2,,,0,14.542,clean,0,0,0.00,0,0
47,37,0,1.72,1,2.47,774890,Y4,,,0,14.648,clean,0,0,0.00,0,0
47,38,0,1.52,1,2.27,1096845,Y4,,,0,14.139,clean,0,0,0.00,0,0
47,39,0,1.84,1,2.36,773460,Y4,,,0,13.467,clean,0,0,0.00,0,0
47,40,0,1.74,1,2.64,90480,Y4,,,0,13.207,clean,0,0,0.00,0,0
47,41,0,1.88,1,2.37,1342803,Y2,,,0,13.403,clean,0,0,0.00,0,0
47,42,0,1.73,1,2.46,778019,Y4,,,0,13.901,clean,0,0,0.00,0,0
47,43,0,1.64,1,2.34,1398236,Y2,,,0,14.127,clean,0,0,0.00,0,0
47,44,0,1.58,1,2.55,1197338,Y2,,,0,13.627,clean,0,0,0.00,0,0
47,45,0,1.98,1,2.38,1115441,Y2,,,0,12.792,clean,0,0,0.00,0,0
47,46,0,1.84,1,2.33,805736,Y2,,,0,12.269,clean,0,0,0.00,0,0
47,47,0,2.25,1,2.37,1294881,Y2,,,0,12.138,clean,0,0,0.00,0,0
47,48,0,1.62,1,2.21,955492,Y4,,,0,12.347,clean,0,0,0.00,0,0
47,49,0,1.65,1,2.33,140458,Y4,,,0,12.427,clean,0,0,0.00,0,0
47,50,0,2.30,1,2.56,707388,Y4,,,0,11.949,clean,0,0,0.00,0,0
47,51,0,2.21,1,2.45,1255274,Y2,,,0,11.082,clean,0,0,0.00,0,0
47,52,0,2.34,1,2.33,104874,Y4,,,0,10.267,clean,0,0,0.00,0,0
47,53,0,2.27,1,2.55,1443565,Y2,,,0,9.729,clean,0,0,0.00,0,0
47,54,0,2.60,1,2.26,191063,Y2,0.00/noise-like,0.00/noise-like,0,9.353,hump-note,0,0,0.00,0,0
47,55,0,2.63,1,2.44,1024425,Y2,0.00/noise-like,0.24/noise-like,0,8.860,hump-note,0,0,0.00,0,0
47,56,0,2.85,1,2.28,629604,Y4,0.00/noise-like,0.00/noise-like,0,7.947,hump-note,0,0,0.00,0,0
47,57,0,0,-1,0,0,-,,,0,6.794,QUARANTINE:dark-lane range=60 distinct=60,0,0,0.00,0,0
47,58,0,0,-1,0,0,-,,,0,5.737,QUARANTINE:dark-lane range=47 distinct=48,0,0,0.00,0,0
47,59,0,0,-1,0,0,-,,,0,4.886,QUARANTINE:dark-lane range=43 distinct=43,0,0,0.00,0,0
47,60,0,0,-1,0,0,-,,,0,4.155,QUARANTINE:dark-lane range=35 distinct=36,0,0,0.00,0,0
47,61,0,0,-1,0,0,-,,,0,3.568,QUARANTINE:dark-lane range=31 distinct=32,0,0,0.00,0,0
47,62,0,0,-1,0,0,-,,,0,2.956,QUARANTINE:dark-lane range=26 distinct=27,0,0,0.00,0,0
47,63,0,0,-1,0,0,-,,,0,2.402,QUARANTINE:dark-lane range=21 distinct=22,0,0,0.00,0,0
48,0,0,1.37,325,2.46,912845,Y4,,,0,20.717,clean,0,0,0.00,0,0
48,1,0,1.33,1,2.76,861078,Y4,,,0,19.601,clean,0,0,0.00,0,0
48,2,0,1.46,1,2.36,360578,Y2,,,0,18.568,clean,0,0,0.00,0,0
48,3,0,1.48,1,2.24,111759,Y4,,,0,17.968,clean,0,0,0.00,0,0
48,4,0,1.52,1,2.43,1141280,Y4,,,0,17.898,clean,0,0,0.00,0,0
48,5,0,1.38,1,2.33,48190,Y2,,,0,18.026,clean,0,0,0.00,0,0
48,6,0,1.63,1,2.63,1220673,Y2,,,0,17.993,clean,0,0,0.00,0,0
48,7,0,1.40,1,2.40,889510,Y4,,,0,17.426,clean,0,0,0.00,0,0
48,8,0,1.43,1,2.65,291646,Y4,,,0,16.760,clean,0,0,0.00,0,0
48,9,0,1.43,1,2.24,892013,Y4,,,0,16.204,clean,0,0,0.00,0,0
48,10,0,1.41,1,2.49,580251,Y2,,,0,16.244,clean,0,0,0.00,0,0
48,11,0,1.51,1,2.66,371575,Y4,,,0,16.614,clean,0,0,0.00,0,0
48,12,0,1.56,1,3.27,892729,Y4,0.00/noise-like,0.24/noise-like,0,16.877,FAM-HIT,0,0,0.00,0,0
48,13,0,1.45,1,2.43,1141816,Y4,,,0,16.707,clean,0,0,0.00,0,0
48,14,0,1.39,1,2.41,146985,Y4,,,0,16.221,clean,0,0,0.00,0,0
48,15,0,1.53,1,2.33,1089245,Y4,,,0,15.911,clean,0,0,0.00,0,0
48,16,0,1.39,1,2.38,761211,Y4,,,0,16.194,clean,0,0,0.00,0,0
48,17,0,1.41,1,2.24,704974,Y4,,,0,16.846,clean,0,0,0.00,0,0
48,18,0,1.64,798,2.56,470281,Y2,,,0,19.199,clean,0,0,0.00,0,0
48,19,0,1.50,1,2.57,446588,Y4,,,0,17.243,clean,0,0,0.00,0,0
48,20,0,1.59,1,2.41,1343697,Y2,,,0,16.357,clean,0,0,0.00,0,0
48,21,0,1.70,1,2.48,896752,Y2,,,0,15.629,clean,0,0,0.00,0,0
48,22,0,1.54,1,2.26,580341,Y2,,,0,15.387,clean,0,0,0.00,0,0
48,23,0,1.51,1,2.51,885576,Y2,,,0,15.737,clean,0,0,0.00,0,0
48,24,0,1.30,254,2.62,579715,Y2,,,0,16.109,clean,0,0,0.00,0,0
48,25,0,2.07,204,2.38,1055896,Y2,,,0,16.008,clean,0,0,0.00,0,0
48,26,0,1.57,1,2.53,1257688,Y2,,,0,15.417,clean,0,0,0.00,0,0
48,27,0,1.87,1,2.48,1177311,Y4,,,0,14.978,clean,0,0,0.00,0,0
48,28,0,1.83,1,2.38,351548,Y2,,,0,14.439,clean,0,0,0.00,0,0
48,29,0,1.56,1,2.58,976145,Y2,,,0,14.667,clean,0,0,0.00,0,0
48,30,0,1.60,1,2.75,1208246,Y4,,,0,15.016,clean,0,0,0.00,0,0
48,31,0,1.57,1,2.31,117749,Y2,,,0,14.994,clean,0,0,0.00,0,0
48,32,0,1.44,983,2.39,287890,Y4,,,0,14.445,clean,0,0,0.00,0,0
48,33,0,1.51,1,2.39,1280040,Y4,,,0,13.795,clean,0,0,0.00,0,0
48,34,0,1.55,1,2.36,1295149,Y4,,,0,13.646,clean,0,0,0.00,0,0
48,35,0,1.72,1,2.47,528127,Y2,,,0,14.002,clean,0,0,0.00,0,0
48,36,0,1.81,1,2.40,785708,Y4,,,0,14.573,clean,0,0,0.00,0,0
48,37,0,1.92,1,2.82,1378834,Y2,,,0,14.656,clean,0,0,0.00,0,0
48,38,0,1.56,1,2.51,144660,Y2,,,0,14.164,clean,0,0,0.00,0,0
48,39,0,1.85,1,2.66,487089,Y2,,,0,13.487,clean,0,0,0.00,0,0
48,40,0,1.65,1,2.36,135005,Y2,,,0,13.203,clean,0,0,0.00,0,0
48,41,0,2.15,1,2.34,1422286,Y2,,,0,13.415,clean,0,0,0.00,0,0
48,42,0,1.88,1,2.32,212699,Y4,,,0,13.875,clean,0,0,0.00,0,0
48,43,0,1.43,1,2.60,1153708,Y4,,,0,14.115,clean,0,0,0.00,0,0
48,44,0,1.75,1,2.42,287443,Y2,,,0,13.604,clean,0,0,0.00,0,0
48,45,0,1.97,1,2.53,1216114,Y4,,,0,12.801,clean,0,0,0.00,0,0
48,46,0,1.84,1,2.40,121593,Y4,,,0,12.286,clean,0,0,0.00,0,0
48,47,0,1.80,1,2.37,108182,Y2,,,0,12.115,clean,0,0,0.00,0,0
48,48,0,1.69,1,2.33,66340,Y2,,,0,12.321,clean,0,0,0.00,0,0
48,49,0,1.75,1,2.26,1247942,Y4,,,0,12.418,clean,0,0,0.00,0,0
48,50,0,1.97,1,2.44,655890,Y2,,,0,11.956,clean,0,0,0.00,0,0
48,51,0,2.19,1,2.21,150830,Y2,,,0,11.092,clean,0,0,0.00,0,0
48,52,0,2.17,1,2.35,1271814,Y2,,,0,10.312,clean,0,0,0.00,0,0
48,53,0,2.31,1,2.29,854909,Y4,,,0,9.717,clean,0,0,0.00,0,0
48,54,0,2.73,1,2.26,582665,Y4,0.00/noise-like,0.00/noise-like,0,9.365,hump-note,0,0,0.00,0,0
48,55,0,2.91,1,2.28,1345843,Y2,0.00/noise-like,0.24/noise-like,0,8.883,hump-note,0,0,0.00,0,0
48,56,0,3.24,1,2.28,800550,Y4,0.00/noise-like,0.00/noise-like,0,7.950,hump-note,0,0,0.00,0,0
48,57,0,0,-1,0,0,-,,,0,6.792,QUARANTINE:dark-lane range=59 distinct=59,0,0,0.00,0,0
48,58,0,0,-1,0,0,-,,,0,5.746,QUARANTINE:dark-lane range=50 distinct=51,0,0,0.00,0,0
48,59,0,0,-1,0,0,-,,,0,4.878,QUARANTINE:dark-lane range=43 distinct=42,0,0,0.00,0,0
48,60,0,0,-1,0,0,-,,,0,4.170,QUARANTINE:dark-lane range=34 distinct=35,0,0,0.00,0,0
48,61,0,0,-1,0,0,-,,,0,3.558,QUARANTINE:dark-lane range=31 distinct=32,0,0,0.00,0,0
48,62,0,0,-1,0,0,-,,,0,2.952,QUARANTINE:dark-lane range=27 distinct=28,0,0,0.00,0,0
48,63,0,0,-1,0,0,-,,,0,2.406,QUARANTINE:dark-lane range=21 distinct=22,0,0,0.00,0,0
49,0,0,1.41,396,2.85,1343161,Y4,,,0,20.709,clean,0,0,0.00,0,0
49,1,0,1.43,1307,2.30,409663,Y4,,,0,19.570,clean,0,0,0.00,0,0
49,2,0,1.57,1,2.41,1115978,Y2,,,0,18.571,clean,0,0,0.00,0,0
49,3,0,1.50,1,2.29,367552,Y2,,,0,17.974,clean,0,0,0.00,0,0
49,4,0,1.39,1400,2.62,537872,Y2,,,0,17.869,clean,0,0,0.00,0,0
49,5,0,1.73,1,2.30,193387,Y2,,,0,18.082,clean,0,0,0.00,0,0
49,6,0,1.61,1,2.71,1281649,Y4,,,0,17.983,clean,0,0,0.00,0,0
49,7,0,1.58,1,2.34,975072,Y4,,,0,17.417,clean,0,0,0.00,0,0
49,8,0,1.47,1,2.30,519276,Y4,,,0,16.750,clean,0,0,0.00,0,0
49,9,0,1.45,1414,2.24,1296222,Y4,,,0,16.220,clean,0,0,0.00,0,0
49,10,0,1.64,1,2.59,671089,Y2,,,0,16.233,clean,0,0,0.00,0,0
49,11,0,1.36,854,2.28,1212537,Y4,,,0,16.620,clean,0,0,0.00,0,0
49,12,0,1.68,1,2.34,795096,Y2,,,0,16.893,clean,0,0,0.00,0,0
49,13,0,1.50,1,2.41,626653,Y4,,,0,16.701,clean,0,0,0.00,0,0
49,14,0,1.41,1,2.29,301212,Y2,,,0,16.233,clean,0,0,0.00,0,0
49,15,0,1.69,1,2.52,1068950,Y4,,,0,15.899,clean,0,0,0.00,0,0
49,16,0,1.68,1,2.43,152797,Y2,,,0,16.174,clean,0,0,0.00,0,0
49,17,0,1.45,1,2.46,493973,Y2,,,0,16.874,clean,0,0,0.00,0,0
49,18,0,1.64,707,2.41,15467,Y2,,,0,19.199,clean,0,0,0.00,0,0
49,19,0,1.35,884,2.41,30667,Y2,,,0,17.271,clean,0,0,0.00,0,0
49,20,0,1.50,1,2.69,449896,Y2,,,0,16.333,clean,0,0,0.00,0,0
49,21,0,1.36,1,2.34,52661,Y4,,,0,15.639,clean,0,0,0.00,0,0
49,22,0,1.50,1,2.47,20027,Y4,,,0,15.396,clean,0,0,0.00,0,0
49,23,0,1.40,1,2.53,1113385,Y2,,,0,15.728,clean,0,0,0.00,0,0
49,24,0,1.83,1,2.36,409126,Y2,,,0,16.140,clean,0,0,0.00,0,0
49,25,0,1.59,1,2.46,1217544,Y4,,,0,16.006,clean,0,0,0.00,0,0
49,26,0,1.89,1,2.39,513017,Y2,,,0,15.406,clean,0,0,0.00,0,0
49,27,0,1.67,1,2.39,20474,Y2,,,0,14.958,clean,0,0,0.00,0,0
49,28,0,1.63,1,2.36,1360148,Y4,,,0,14.436,clean,0,0,0.00,0,0
49,29,0,1.50,1,2.85,582308,Y2,,,0,14.681,clean,0,0,0.00,0,0
49,30,0,1.40,1,2.56,1004756,Y2,,,0,15.037,clean,0,0,0.00,0,0
49,31,0,1.62,1,2.37,955939,Y4,,,0,14.979,clean,0,0,0.00,0,0
49,32,0,1.33,1536,2.79,626832,Y4,,,0,14.391,clean,0,0,0.00,0,0
49,33,0,1.73,1,2.46,770777,Y4,,,0,13.810,clean,0,0,0.00,0,0
49,34,0,1.78,1,2.68,592053,Y2,,,0,13.647,clean,0,0,0.00,0,0
49,35,0,1.57,1,2.34,885934,Y2,,,0,14.015,clean,0,0,0.00,0,0
49,36,0,2.14,1,2.43,361115,Y2,,,0,14.550,clean,0,0,0.00,0,0
49,37,0,1.69,1,2.53,1209676,Y2,,,0,14.647,clean,0,0,0.00,0,0
49,38,0,1.92,1,2.50,293344,Y2,,,0,14.175,clean,0,0,0.00,0,0
49,39,0,2.00,1,2.66,1117408,Y4,,,0,13.520,clean,0,0,0.00,0,0
49,40,0,1.85,1,2.48,818074,Y4,,,0,13.219,clean,0,0,0.00,0,0
49,41,0,1.72,1,2.31,273764,Y2,,,0,13.413,clean,0,0,0.00,0,0
49,42,0,1.76,1,2.35,1163095,Y2,,,0,13.869,clean,0,0,0.00,0,0
49,43,0,1.75,1,2.30,662059,Y2,,,0,14.116,clean,0,0,0.00,0,0
49,44,0,1.75,1,2.37,207871,Y2,,,0,13.627,clean,0,0,0.00,0,0
49,45,0,1.84,1,2.57,1369625,Y4,,,0,12.799,clean,0,0,0.00,0,0
49,46,0,1.87,1,2.71,583917,Y4,,,0,12.263,clean,0,0,0.00,0,0
49,47,0,1.82,1,2.68,837386,Y2,,,0,12.145,clean,0,0,0.00,0,0
49,48,0,1.92,1234,2.39,305325,Y4,,,0,12.338,clean,0,0,0.00,0,0
49,49,0,1.55,1,2.35,680655,Y4,,,0,12.442,clean,0,0,0.00,0,0
49,50,0,1.85,1,2.31,978380,Y4,,,0,11.932,clean,0,0,0.00,0,0
49,51,0,2.26,1,2.44,205010,Y4,,,0,11.093,clean,0,0,0.00,0,0
49,52,0,2.22,1,2.26,773281,Y2,,,0,10.279,clean,0,0,0.00,0,0
49,53,0,2.33,1,2.68,951916,Y4,,,0,9.731,clean,0,0,0.00,0,0
49,54,0,2.69,1,2.22,436306,Y4,0.00/noise-like,0.24/noise-like,0,9.350,hump-note,0,0,0.00,0,0
49,55,0,2.56,1,2.36,1136273,Y2,0.00/noise-like,0.00/noise-like,0,8.852,hump-note,0,0,0.00,0,0
49,56,0,3.31,1,2.50,928670,Y2,0.00/noise-like,0.24/noise-like,0,7.958,hump-note,0,0,0.00,0,0
49,57,0,0,-1,0,0,-,,,0,6.791,QUARANTINE:dark-lane range=64 distinct=59,0,0,0.00,0,0
49,58,0,0,-1,0,0,-,,,0,5.738,QUARANTINE:dark-lane range=48 distinct=48,0,0,0.00,0,0
49,59,0,0,-1,0,0,-,,,0,4.883,QUARANTINE:dark-lane range=41 distinct=42,0,0,0.00,0,0
49,60,0,0,-1,0,0,-,,,0,4.164,QUARANTINE:dark-lane range=34 distinct=35,0,0,0.00,0,0
49,61,0,0,-1,0,0,-,,,0,3.560,QUARANTINE:dark-lane range=29 distinct=30,0,0,0.00,0,0
49,62,0,0,-1,0,0,-,,,0,2.951,QUARANTINE:dark-lane range=26 distinct=27,0,0,0.00,0,0
49,63,0,0,-1,0,0,-,,,0,2.401,QUARANTINE:dark-lane range=20 distinct=21,0,0,0.00,0,0
50,0,0,1.36,135,2.31,394195,Y4,,,0,20.691,clean,0,0,0.00,0,0
50,1,0,1.33,1,2.53,25660,Y2,,,0,19.547,clean,0,0,0.00,0,0
50,2,0,1.42,1643,2.35,301391,Y4,,,0,18.548,clean,0,0,0.00,0,0
50,3,0,1.73,1,2.50,238627,Y2,,,0,17.981,clean,0,0,0.00,0,0
50,4,0,1.55,1,2.31,1309007,Y2,,,0,17.824,clean,0,0,0.00,0,0
50,5,0,1.47,1,2.34,456601,Y2,,,0,18.022,clean,0,0,0.00,0,0
50,6,0,1.39,157,2.27,305593,Y4,,,0,17.955,clean,0,0,0.00,0,0
50,7,0,1.43,1,2.34,472784,Y2,,,0,17.431,clean,0,0,0.00,0,0
50,8,0,1.35,1160,2.65,995904,Y2,,,0,16.728,clean,0,0,0.00,0,0
50,9,0,1.48,1,2.66,849545,Y4,,,0,16.200,clean,0,0,0.00,0,0
50,10,0,1.71,1,2.44,275373,Y4,,,0,16.229,clean,0,0,0.00,0,0
50,11,0,1.66,1,2.39,1219869,Y2,,,0,16.613,clean,0,0,0.00,0,0
50,12,0,1.38,161,2.44,853747,Y2,,,0,16.889,clean,0,0,0.00,0,0
50,13,0,1.47,1,2.68,969976,Y4,,,0,16.701,clean,0,0,0.00,0,0
50,14,0,1.48,1,2.33,953615,Y2,,,0,16.174,clean,0,0,0.00,0,0
50,15,0,1.49,1,2.47,391960,Y4,,,0,15.901,clean,0,0,0.00,0,0
50,16,0,1.57,1,2.40,1208156,Y2,,,0,16.203,clean,0,0,0.00,0,0
50,17,0,1.41,1030,2.37,668854,Y4,,,0,16.879,clean,0,0,0.00,0,0
50,18,0,1.53,596,2.61,491202,Y2,,,0,19.211,clean,0,0,0.00,0,0
50,19,0,1.34,1649,2.87,203848,Y4,,,0,17.251,clean,0,0,0.00,0,0
50,20,0,1.56,1,2.57,1248568,Y4,,,0,16.365,clean,0,0,0.00,0,0
50,21,0,1.49,1,2.35,1432300,Y2,,,0,15.623,clean,0,0,0.00,0,0
50,22,0,1.55,1,2.23,391960,Y2,,,0,15.407,clean,0,0,0.00,0,0
50,23,0,1.55,1,2.31,1308739,Y2,,,0,15.734,clean,0,0,0.00,0,0
50,24,0,1.59,1,2.32,70363,Y4,,,0,16.069,clean,0,0,0.00,0,0
50,25,0,2.16,204,2.48,1012802,Y4,,,0,16.021,clean,0,0,0.00,0,0
50,26,0,1.58,1,2.35,303447,Y2,,,0,15.424,clean,0,0,0.00,0,0
50,27,0,1.74,1,2.42,436753,Y2,,,0,14.949,clean,0,0,0.00,0,0
50,28,0,1.72,1,2.37,1139671,Y2,,,0,14.479,clean,0,0,0.00,0,0
50,29,0,1.41,214,2.55,100046,Y4,,,0,14.685,clean,0,0,0.00,0,0
50,30,0,1.53,1,2.68,841588,Y4,,,0,15.029,clean,0,0,0.00,0,0
50,31,0,1.61,1,2.38,688881,Y4,,,0,14.991,clean,0,0,0.00,0,0
50,32,0,1.37,415,2.23,1093090,Y4,,,0,14.413,clean,0,0,0.00,0,0
50,33,0,1.90,1,2.31,589371,Y4,,,0,13.807,clean,0,0,0.00,0,0
50,34,0,1.68,1,2.29,35852,Y2,,,0,13.639,clean,0,0,0.00,0,0
50,35,0,1.66,1,2.41,267953,Y2,,,0,14.005,clean,0,0,0.00,0,0
50,36,0,1.48,1,2.38,464380,Y2,,,0,14.552,clean,0,0,0.00,0,0
50,37,0,1.63,1,2.40,317395,Y2,,,0,14.656,clean,0,0,0.00,0,0
50,38,0,1.73,1,2.66,56773,Y2,,,0,14.177,clean,0,0,0.00,0,0
50,39,0,1.79,1,2.56,356913,Y4,,,0,13.514,clean,0,0,0.00,0,0
50,40,0,1.71,1,2.33,979453,Y2,,,0,13.201,clean,0,0,0.00,0,0
50,41,0,1.74,1,2.38,226557,Y4,,,0,13.418,clean,0,0,0.00,0,0
50,42,0,1.77,1,2.42,446856,Y2,,,0,13.886,clean,0,0,0.00,0,0
50,43,0,1.93,1,2.54,280023,Y4,,,0,14.107,clean,0,0,0.00,0,0
50,44,0,1.89,1,2.61,295132,Y2,,,0,13.664,clean,0,0,0.00,0,0
50,45,0,1.69,1,2.68,136435,Y2,,,0,12.798,clean,0,0,0.00,0,0
50,46,0,1.70,1,2.32,896752,Y2,,,0,12.260,clean,0,0,0.00,0,0
50,47,0,1.71,1,2.47,469029,Y2,,,0,12.135,clean,0,0,0.00,0,0
50,48,0,1.85,1,2.39,55254,Y4,,,0,12.322,clean,0,0,0.00,0,0
50,49,0,2.25,1,2.52,741720,Y4,,,0,12.399,clean,0,0,0.00,0,0
50,50,0,2.23,1,2.48,64999,Y4,,,0,11.937,clean,0,0,0.00,0,0
50,51,0,2.14,1,2.29,843197,Y4,,,0,11.092,clean,0,0,0.00,0,0
50,52,0,2.28,1,2.77,1136273,Y4,,,0,10.303,clean,0,0,0.00,0,0
50,53,0,2.64,1,2.56,743061,Y4,0.00/noise-like,0.00/noise-like,0,9.734,hump-note,0,0,0.00,0,0
50,54,0,2.27,1,2.37,1463234,Y4,,,0,9.357,clean,0,0,0.00,0,0
50,55,0,2.81,1,2.39,1051337,Y2,0.00/noise-like,0.00/noise-like,0,8.851,hump-note,0,0,0.00,0,0
50,56,0,3.04,1,2.47,629514,Y2,0.24/noise-like,0.00/noise-like,0,7.953,hump-note,0,0,0.00,0,0
50,57,0,0,-1,0,0,-,,,0,6.773,QUARANTINE:dark-lane range=60 distinct=60,0,0,0.00,0,0
50,58,0,0,-1,0,0,-,,,0,5.743,QUARANTINE:dark-lane range=53 distinct=51,0,0,0.00,0,0
50,59,0,0,-1,0,0,-,,,0,4.888,QUARANTINE:dark-lane range=42 distinct=43,0,0,0.00,0,0
50,60,0,0,-1,0,0,-,,,0,4.170,QUARANTINE:dark-lane range=36 distinct=37,0,0,0.00,0,0
50,61,0,0,-1,0,0,-,,,0,3.559,QUARANTINE:dark-lane range=33 distinct=33,0,0,0.00,0,0
50,62,0,0,-1,0,0,-,,,0,2.952,QUARANTINE:dark-lane range=25 distinct=26,0,0,0.00,0,0
50,63,0,0,-1,0,0,-,,,0,2.400,QUARANTINE:dark-lane range=21 distinct=22,0,0,0.00,0,0
51,0,0,1.43,38,2.43,775605,Y2,,,0,20.711,clean,0,0,0.00,0,0
51,1,0,1.49,1,2.38,1347095,Y4,,,0,19.584,clean,0,0,0.00,0,0
51,2,0,1.51,1,2.31,555575,Y4,,,0,18.574,clean,0,0,0.00,0,0
51,3,0,1.34,1148,2.71,1198679,Y4,,,0,17.979,clean,0,0,0.00,0,0
51,4,0,1.46,73,2.53,961930,Y2,,,0,17.874,clean,0,0,0.00,0,0
51,5,0,1.62,1,2.41,412613,Y4,,,0,18.056,clean,0,0,0.00,0,0
51,6,0,1.54,1478,2.58,1411200,Y2,,,0,17.985,clean,0,0,0.00,0,0
51,7,0,1.41,1344,2.24,174791,Y2,,,0,17.412,clean,0,0,0.00,0,0
51,8,0,1.65,1,2.47,148773,Y2,,,0,16.738,clean,0,0,0.00,0,0
51,9,0,1.43,1,2.35,225484,Y4,,,0,16.231,clean,0,0,0.00,0,0
51,10,0,1.47,1,2.30,602245,Y4,,,0,16.213,clean,0,0,0.00,0,0
51,11,0,1.48,613,2.43,1315624,Y4,,,0,16.614,clean,0,0,0.00,0,0
51,12,0,1.51,1,2.51,59098,Y4,,,0,16.872,clean,0,0,0.00,0,0
51,13,0,1.43,1,2.41,1292288,Y2,,,0,16.711,clean,0,0,0.00,0,0
51,14,0,1.52,1,2.68,420928,Y4,,,0,16.231,clean,0,0,0.00,0,0
51,15,0,1.45,1,2.33,167727,Y4,,,0,15.908,clean,0,0,0.00,0,0
51,16,0,1.33,1,2.54,222981,Y4,,,0,16.169,clean,0,0,0.00,0,0
51,17,0,1.59,1,2.54,1430333,Y4,,,0,16.887,clean,0,0,0.00,0,0
51,18,0,1.72,719,2.28,1220584,Y2,,,0,19.172,clean,0,0,0.00,0,0
51,19,0,1.49,1,2.33,1289696,Y4,,,0,17.239,clean,0,0,0.00,0,0
51,20,0,1.60,1,2.25,182301,Y2,,,0,16.366,clean,0,0,0.00,0,0
51,21,0,1.73,1,2.25,9835,Y4,,,0,15.621,clean,0,0,0.00,0,0
51,22,0,1.55,1,2.30,1049459,Y2,,,0,15.404,clean,0,0,0.00,0,0
51,23,0,1.63,1,2.30,591964,Y4,,,0,15.726,clean,0,0,0.00,0,0
51,24,0,1.49,1,2.34,204027,Y4,,,0,16.153,clean,0,0,0.00,0,0
51,25,0,2.09,204,3.16,88155,Y4,0.00/noise-like,0.00/noise-like,2,15.990,FAM-HIT,0,0,0.00,0,0
51,26,0,1.63,1,2.43,1392603,Y2,,,0,15.363,clean,0,0,0.00,0,0
51,27,0,1.66,1,2.26,931621,Y4,,,0,14.949,clean,0,0,0.00,0,0
51,28,0,1.64,1,2.40,67145,Y2,,,0,14.431,clean,0,0,0.00,0,0
51,29,0,1.75,1,2.36,1217365,Y2,,,0,14.666,clean,0,0,0.00,0,0
51,30,0,1.48,1,2.45,509173,Y4,,,0,15.017,clean,0,0,0.00,0,0
51,31,0,1.78,1,2.67,952810,Y4,,,0,14.980,clean,0,0,0.00,0,0
51,32,0,1.32,29,2.29,1458675,Y2,,,0,14.387,clean,0,0,0.00,0,0
51,33,0,1.49,1,2.48,256777,Y2,,,0,13.798,clean,0,0,0.00,0,0
51,34,0,1.84,1,2.40,929296,Y2,,,1,13.630,clean,0,0,0.00,0,0
51,35,0,1.67,1,2.49,966310,Y4,,,0,13.988,clean,0,0,0.00,0,0
51,36,0,1.46,1,2.66,580072,Y2,,,0,14.555,clean,0,0,0.00,0,0
51,37,0,1.71,1,2.46,1288176,Y2,,,0,14.686,clean,0,0,0.00,0,0
51,38,0,1.80,1,2.50,1062155,Y4,,,0,14.187,clean,0,0,0.00,0,0
51,39,0,1.85,1,2.30,49442,Y4,,,1,13.498,clean,0,0,0.00,0,0
51,40,0,1.84,1,2.64,260174,Y2,,,0,13.226,clean,0,0,0.00,0,0
51,41,0,2.15,1,2.53,1373202,Y2,,,0,13.402,clean,0,0,0.00,0,0
51,42,0,1.84,1,2.41,465631,Y4,,,0,13.877,clean,0,0,0.00,0,0
51,43,0,1.56,1,2.28,736713,Y2,,,0,14.118,clean,0,0,0.00,0,0
51,44,0,1.79,1,2.58,190973,Y2,,,0,13.603,clean,0,0,0.00,0,0
51,45,0,1.98,1,2.36,280827,Y4,,,0,12.765,clean,0,0,0.00,0,0
51,46,0,1.90,1,2.37,1106501,Y2,,,0,12.242,clean,0,0,0.00,0,0
51,47,0,2.06,1,2.64,679851,Y4,,,0,12.140,clean,0,0,0.00,0,0
51,48,0,1.86,1,2.42,224054,Y4,,,0,12.336,clean,0,0,0.00,0,0
51,49,0,1.80,1,2.25,700414,Y2,,,0,12.439,clean,0,0,0.00,0,0
51,50,0,2.12,1,2.62,889510,Y2,,,0,11.952,clean,0,0,0.00,0,0
51,51,0,2.25,1,2.47,1196444,Y2,,,0,11.092,clean,0,0,0.00,0,0
51,52,0,2.47,1,2.47,871181,Y2,,,0,10.295,clean,0,0,0.00,0,0
51,53,0,2.34,1,2.50,1022905,Y2,,,0,9.731,clean,0,0,0.00,0,0
51,54,0,2.59,1,2.74,523210,Y2,0.00/noise-like,0.00/noise-like,0,9.349,hump-note,0,0,0.00,0,0
51,55,0,2.86,1,2.19,622451,Y2,0.00/noise-like,0.00/noise-like,0,8.854,hump-note,0,0,0.00,0,0
51,56,0,3.17,1,2.40,125527,Y2,0.00/noise-like,0.00/noise-like,0,7.941,hump-note,0,0,0.00,0,0
51,57,0,0,-1,0,0,-,,,7,6.788,QUARANTINE:dark-lane range=59 distinct=56,0,0,0.00,0,0
51,58,0,0,-1,0,0,-,,,0,5.734,QUARANTINE:dark-lane range=49 distinct=49,0,0,0.00,0,0
51,59,0,0,-1,0,0,-,,,0,4.888,QUARANTINE:dark-lane range=53 distinct=44,0,0,0.00,0,0
51,60,0,0,-1,0,0,-,,,0,4.170,QUARANTINE:dark-lane range=35 distinct=36,0,0,0.00,0,0
51,61,0,0,-1,0,0,-,,,0,3.558,QUARANTINE:dark-lane range=30 distinct=31,0,0,0.00,0,0
51,62,0,0,-1,0,0,-,,,0,2.963,QUARANTINE:dark-lane range=25 distinct=26,0,0,0.00,0,0
51,63,0,0,-1,0,0,-,,,0,2.408,QUARANTINE:dark-lane range=22 distinct=23,0,0,0.00,0,0
52,0,0,1.39,14,2.29,224769,Y4,,,0,20.713,clean,0,0,0.00,0,0
52,1,0,1.33,1184,2.35,1403689,Y2,,,0,19.589,clean,0,0,0.00,0,0
52,2,0,1.53,1,2.57,308096,Y2,,,0,18.575,clean,0,0,0.00,0,0
52,3,0,1.51,1,2.67,167638,Y2,,,0,17.977,clean,0,0,0.00,0,0
52,4,0,1.44,1,2.47,590444,Y2,,,0,17.849,clean,0,0,0.00,0,0
52,5,0,1.35,1,2.39,1018703,Y2,,,0,18.052,clean,0,0,0.00,0,0
52,6,0,1.50,1478,2.52,128299,Y2,,,0,17.988,clean,0,0,0.00,0,0
52,7,0,1.47,1,2.37,1346648,Y4,,,0,17.449,clean,0,0,0.00,0,0
52,8,0,1.56,1,2.40,130624,Y4,,,0,16.745,clean,0,0,0.00,0,0
52,9,0,1.42,1,2.47,1266718,Y2,,,0,16.225,clean,0,0,0.00,0,0
52,10,0,1.36,1199,2.32,280738,Y4,,,0,16.208,clean,0,0,0.00,0,0
52,11,0,1.49,1,2.43,112832,Y2,,,0,16.614,clean,0,0,0.00,0,0
52,12,0,1.52,1,2.47,656694,Y2,,,0,16.847,clean,0,0,0.00,0,0
52,13,0,1.50,1,2.37,894874,Y4,,,0,16.701,clean,0,0,0.00,0,0
52,14,0,1.52,1,2.49,562191,Y4,,,0,16.190,clean,0,0,0.00,0,0
52,15,0,1.53,1,2.31,470191,Y4,,,0,15.897,clean,0,0,0.00,0,0
52,16,0,1.55,1,2.34,185788,Y2,,,0,16.182,clean,0,0,0.00,0,0
52,17,0,1.64,1,2.48,468224,Y2,,,0,16.879,clean,0,0,0.00,0,0
52,18,0,1.61,654,2.47,262320,Y2,,,0,19.207,clean,0,0,0.00,0,0
52,19,0,1.44,564,2.42,1397431,Y2,,,0,17.203,clean,0,0,0.00,0,0
52,20,0,1.62,1,2.33,998050,Y4,,,0,16.318,clean,0,0,0.00,0,0
52,21,0,1.62,1,2.45,368804,Y2,,,0,15.622,clean,0,0,0.00,0,0
52,22,0,1.48,1,2.55,1432031,Y2,,,0,15.409,clean,0,0,0.00,0,0
52,23,0,1.55,1,2.37,1422018,Y4,,,0,15.755,clean,0,0,0.00,0,0
52,24,0,1.49,1,2.43,69737,Y4,,,0,16.142,clean,0,0,0.00,0,0
52,25,0,1.99,204,3.06,978827,Y4,0.00/noise-like,0.00/noise-like,1,16.012,FAM-HIT,0,0,0.00,0,0
52,26,0,1.65,1,2.25,1324385,Y4,,,0,15.374,clean,0,0,0.00,0,0
52,27,0,1.61,630,2.48,1015663,Y4,,,0,14.964,clean,0,0,0.00,0,0
52,28,0,1.42,1453,2.63,263572,Y2,,,0,14.452,clean,0,0,0.00,0,0
52,29,0,1.51,1,2.39,44793,Y2,,,0,14.683,clean,0,0,0.00,0,0
52,30,0,1.84,1,2.29,1445174,Y4,,,0,15.019,clean,0,0,0.00,0,0
52,31,0,1.69,1,2.37,67949,Y2,,,0,14.968,clean,0,0,0.00,0,0
52,32,0,1.33,636,2.24,1172304,Y4,,,0,14.387,clean,0,0,0.00,0,0
52,33,0,1.93,1,2.40,685841,Y4,,,0,13.811,clean,0,0,0.00,0,0
52,34,0,1.78,1,2.34,1299262,Y2,,,0,13.623,clean,0,0,0.00,0,0
52,35,0,1.72,1,2.69,734210,Y2,,,0,14.031,clean,0,0,0.00,0,0
52,36,0,1.81,1,2.39,1391977,Y2,,,0,14.551,clean,0,0,0.00,0,0
52,37,0,1.85,1,2.47,1270741,Y2,,,0,14.642,clean,0,0,0.00,0,0
52,38,0,1.62,1,2.36,1412094,Y2,,,0,14.186,clean,0,0,0.00,0,0
52,39,0,1.67,1,2.48,781059,Y2,,,0,13.519,clean,0,0,0.00,0,0
52,40,0,1.98,1,2.90,204116,Y4,,,0,13.189,clean,0,0,0.00,0,0
52,41,0,1.63,1,2.39,1157910,Y2,,,0,13.392,clean,0,0,0.00,0,0
52,42,0,1.58,1,2.37,943959,Y4,,,0,13.881,clean,0,0,0.00,0,0
52,43,0,1.69,1,2.45,1221746,Y2,,,0,14.117,clean,0,0,0.00,0,0
52,44,0,1.74,1,2.46,109434,Y2,,,0,13.585,clean,0,0,0.00,0,0
52,45,0,1.87,1,2.23,985265,Y2,,,0,12.772,clean,0,0,0.00,0,0
52,46,0,1.97,1,2.36,1109809,Y4,,,0,12.247,clean,0,0,0.00,0,0
52,47,0,2.35,1,2.43,115871,Y4,,,0,12.127,clean,0,0,0.00,0,0
52,48,0,1.88,1,2.28,81897,Y2,,,0,12.338,clean,0,0,0.00,0,0
52,49,0,1.85,1,2.43,253737,Y4,,,0,12.421,clean,0,0,0.00,0,0
52,50,0,1.92,1,2.33,751466,Y2,,,0,11.950,clean,0,0,0.00,0,0
52,51,0,2.32,1,2.44,1275659,Y4,,,0,11.090,clean,0,0,0.00,0,0
52,52,0,2.43,1,2.56,1103193,Y2,,,0,10.290,clean,0,0,0.00,0,0
52,53,0,2.30,1,2.30,149935,Y2,,,0,9.713,clean,0,0,0.00,0,0
52,54,0,2.34,1,2.48,171661,Y4,,,0,9.367,clean,0,0,0.00,0,0
52,55,0,2.72,1,2.45,331968,Y4,0.24/noise-like,0.00/noise-like,0,8.862,hump-note,0,0,0.00,0,0
52,56,0,2.94,1,2.24,875562,Y2,0.00/noise-like,0.00/noise-like,0,7.962,hump-note,0,0,0.00,0,0
52,57,0,0,-1,0,0,-,,,4,6.778,QUARANTINE:dark-lane range=62 distinct=56,0,0,0.00,0,0
52,58,0,0,-1,0,0,-,,,0,5.728,QUARANTINE:dark-lane range=54 distinct=52,0,0,0.00,0,0
52,59,0,0,-1,0,0,-,,,0,4.881,QUARANTINE:dark-lane range=42 distinct=42,0,0,0.00,0,0
52,60,0,0,-1,0,0,-,,,0,4.176,QUARANTINE:dark-lane range=36 distinct=36,0,0,0.00,0,0
52,61,0,0,-1,0,0,-,,,0,3.566,QUARANTINE:dark-lane range=32 distinct=32,0,0,0.00,0,0
52,62,0,0,-1,0,0,-,,,0,2.956,QUARANTINE:dark-lane range=27 distinct=27,0,0,0.00,0,0
52,63,0,0,-1,0,0,-,,,0,2.402,QUARANTINE:dark-lane range=20 distinct=21,0,0,0.00,0,0
53,0,0,1.38,1134,2.52,806808,Y2,,,0,20.693,clean,0,0,0.00,0,0
53,1,0,1.44,1032,2.29,151187,Y2,,,0,19.609,clean,0,0,0.00,0,0
53,2,0,1.45,1643,2.34,1086831,Y2,,,0,18.571,clean,0,0,0.00,0,0
53,3,0,1.37,251,2.53,712305,Y4,,,0,17.955,clean,0,0,0.00,0,0
53,4,0,1.72,1,2.38,605196,Y4,,,0,17.853,clean,0,0,0.00,0,0
53,5,0,1.50,1,2.34,1161933,Y4,,,0,18.018,clean,0,0,0.00,0,0
53,6,0,1.41,1478,2.65,269562,Y4,,,0,17.980,clean,0,0,0.00,0,0
53,7,0,1.48,1,2.42,1113296,Y2,,,0,17.454,clean,0,0,0.00,0,0
53,8,0,1.63,1,2.51,1248479,Y4,,,0,16.709,clean,0,0,0.00,0,0
53,9,0,1.63,1,2.34,481457,Y4,,,0,16.241,clean,0,0,0.00,0,0
53,10,0,1.49,1,2.48,514269,Y2,,,0,16.244,clean,0,0,0.00,0,0
53,11,0,1.39,1343,2.31,207782,Y2,,,0,16.601,clean,0,0,0.00,0,0
53,12,0,1.50,1,2.41,101924,Y4,,,0,16.885,clean,0,0,0.00,0,0
53,13,0,1.56,1,2.49,1122326,Y2,,,0,16.710,clean,0,0,0.00,0,0
53,14,0,1.71,1,2.34,1031220,Y2,,,0,16.228,clean,0,0,0.00,0,0
53,15,0,1.42,1,2.59,992686,Y2,,,0,15.907,clean,0,0,0.00,0,0
53,16,0,1.44,1,2.65,1342982,Y2,,,0,16.214,clean,0,0,0.00,0,0
53,17,0,1.39,167,2.88,1394570,Y4,,,0,16.882,clean,0,0,0.00,0,0
53,18,0,1.58,758,2.30,277966,Y2,,,0,19.215,clean,0,0,0.00,0,0
53,19,0,1.48,1,2.40,181049,Y2,,,0,17.229,clean,0,0,0.00,0,0
53,20,0,1.65,1,2.60,1091748,Y4,,,0,16.357,clean,0,0,0.00,0,0
53,21,0,1.82,1,2.26,804663,Y4,,,0,15.636,clean,0,0,0.00,0,0
53,22,0,1.61,1,2.47,1255274,Y4,,,0,15.406,clean,0,0,0.00,0,0
53,23,0,1.35,1,2.30,672519,Y4,,,0,15.740,clean,0,0,0.00,0,0
53,24,0,1.48,1,2.64,285119,Y4,,,0,16.155,clean,0,0,0.00,0,0
53,25,0,1.67,1,2.28,836223,Y4,,,0,15.982,clean,0,0,0.00,0,0
53,26,0,1.57,1,2.40,335366,Y2,,,0,15.370,clean,0,0,0.00,0,0
53,27,0,1.80,1,2.45,224859,Y4,,,0,14.937,clean,0,0,0.00,0,0
53,28,0,1.86,1,2.33,1227111,Y4,,,0,14.469,clean,0,0,0.00,0,0
53,29,0,1.84,1,2.24,717759,Y2,,,0,14.684,clean,0,0,0.00,0,0
53,30,0,1.63,1,2.51,74029,Y4,,,0,15.043,clean,0,0,0.00,0,0
53,31,0,1.84,1,2.42,996083,Y2,,,0,14.974,clean,0,0,0.00,0,0
53,32,0,1.40,231,2.41,93520,Y4,,,0,14.399,clean,0,0,0.00,0,0
53,33,0,1.77,1,2.45,103801,Y4,,,0,13.799,clean,0,0,0.00,0,0
53,34,0,1.77,1,2.22,793040,Y4,,,0,13.640,clean,0,0,0.00,0,0
53,35,0,1.88,1,2.43,1073867,Y2,,,0,14.020,clean,0,0,0.00,0,0
53,36,0,1.68,1,2.35,296563,Y2,,,0,14.526,clean,0,0,0.00,0,0
53,37,0,1.92,1,2.32,922859,Y4,,,0,14.637,clean,0,0,0.00,0,0
53,38,0,1.71,1,2.41,1080662,Y4,,,0,14.155,clean,0,0,0.00,0,0
53,39,0,1.68,1,2.84,92089,Y2,,,0,13.490,clean,0,0,0.00,0,0
53,40,0,1.73,1,2.85,159860,Y4,,,0,13.190,clean,0,0,0.00,0,0
53,41,0,1.93,1,2.37,975966,Y4,,,0,13.406,clean,0,0,0.00,0,0
53,42,0,1.97,1,2.46,1266718,Y4,,,0,13.887,clean,0,0,0.00,0,0
53,43,0,1.66,1,2.66,966847,Y4,,,0,14.109,clean,0,0,0.00,0,0
53,44,0,1.87,1,2.35,468045,Y2,,,0,13.631,clean,0,0,0.00,0,0
53,45,0,1.74,1,2.38,1385897,Y2,,,0,12.798,clean,0,0,0.00,0,0
53,46,0,2.07,1,2.45,314444,Y4,,,0,12.267,clean,0,0,0.00,0,0
53,47,0,2.01,1,2.41,1430422,Y2,,,0,12.141,clean,0,0,0.00,0,0
53,48,0,1.64,1,2.52,40144,Y2,,,0,12.340,clean,0,0,0.00,0,0
53,49,0,1.99,1,2.45,533313,Y2,,,0,12.401,clean,0,0,0.00,0,0
53,50,0,2.20,1,2.39,1074582,Y4,,,0,11.956,clean,0,0,0.00,0,0
53,51,0,2.12,1,2.49,1027465,Y2,,,0,11.087,clean,0,0,0.00,0,0
53,52,0,2.25,1,2.79,276804,Y2,,,0,10.294,clean,0,0,0.00,0,0
53,53,0,2.80,1,2.49,352174,Y4,0.24/noise-like,0.00/noise-like,0,9.736,hump-note,0,0,0.00,0,0
53,54,0,2.57,1,2.39,169158,Y2,0.00/noise-like,0.00/noise-like,0,9.351,hump-note,0,0,0.00,0,0
53,55,0,2.64,1,2.24,29236,Y4,0.24/noise-like,0.00/noise-like,0,8.867,hump-note,0,0,0.00,0,0
53,56,0,2.93,1,2.24,299692,Y4,0.00/noise-like,0.24/noise-like,0,7.950,hump-note,0,0,0.00,0,0
53,57,0,0,-1,0,0,-,,,0,6.774,QUARANTINE:dark-lane range=59 distinct=58,0,0,0.00,0,0
53,58,0,0,-1,0,0,-,,,0,5.737,QUARANTINE:dark-lane range=50 distinct=49,0,0,0.00,0,0
53,59,0,0,-1,0,0,-,,,0,4.879,QUARANTINE:dark-lane range=43 distinct=43,0,0,0.00,0,0
53,60,0,0,-1,0,0,-,,,0,4.166,QUARANTINE:dark-lane range=38 distinct=37,0,0,0.00,0,0
53,61,0,0,-1,0,0,-,,,0,3.559,QUARANTINE:dark-lane range=31 distinct=32,0,0,0.00,0,0
53,62,0,0,-1,0,0,-,,,0,2.952,QUARANTINE:dark-lane range=25 distinct=26,0,0,0.00,0,0
53,63,0,0,-1,0,0,-,,,0,2.401,QUARANTINE:dark-lane range=22 distinct=23,0,0,0.00,0,0
54,0,0,1.38,1285,2.43,529021,Y2,,,0,20.702,clean,0,0,0.00,0,0
54,1,0,1.42,1,2.26,885755,Y4,,,0,19.580,clean,0,0,0.00,0,0
54,2,0,1.36,349,2.42,322938,Y4,,,0,18.576,clean,0,0,0.00,0,0
54,3,0,1.55,1,2.29,1176059,Y2,,,0,17.944,clean,0,0,0.00,0,0
54,4,0,1.41,1240,2.47,508100,Y4,,,0,17.866,clean,0,0,0.00,0,0
54,5,0,1.67,1,2.34,727594,Y4,,,0,18.035,clean,0,0,0.00,0,0
54,6,0,1.57,1478,2.41,11355,Y2,,,0,17.998,clean,0,0,0.00,0,0
54,7,0,1.35,1405,2.45,1243830,Y2,,,0,17.441,clean,0,0,0.00,0,0
54,8,0,1.47,1,2.52,77784,Y2,,,0,16.726,clean,0,0,0.00,0,0
54,9,0,1.41,992,2.48,663579,Y4,,,0,16.260,clean,0,0,0.00,0,0
54,10,0,1.61,1,2.43,700682,Y2,,,0,16.234,clean,0,0,0.00,0,0
54,11,0,1.60,1,2.24,1353979,Y4,,,0,16.621,clean,0,0,0.00,0,0
54,12,0,1.36,777,2.38,1344502,Y2,,,0,16.876,clean,0,0,0.00,0,0
54,13,0,1.44,1062,2.28,822544,Y4,,,0,16.701,clean,0,0,0.00,0,0
54,14,0,1.37,1,2.57,646859,Y4,,,0,16.206,clean,0,0,0.00,0,0
54,15,0,1.57,1,2.35,955492,Y2,,,0,15.950,clean,0,0,0.00,0,0
54,16,0,1.62,1,2.52,314623,Y4,,,0,16.189,clean,0,0,0.00,0,0
54,17,0,1.58,1,2.47,193834,Y4,,,0,16.890,clean,0,0,0.00,0,0
54,18,0,1.73,678,2.32,193477,Y2,,,0,19.171,clean,0,0,0.00,0,0
54,19,0,1.57,1,2.66,1050711,Y2,,,0,17.250,clean,0,0,0.00,0,0
54,20,0,1.53,1,2.24,1389563,Y4,,,0,16.372,clean,0,0,0.00,0,0
54,21,0,1.39,583,2.56,1286924,Y4,,,0,15.676,clean,0,0,0.00,0,0
54,22,0,1.61,1,2.56,166297,Y2,,,0,15.400,clean,0,0,0.00,0,0
54,23,0,1.44,1,2.65,297457,Y4,,,0,15.727,clean,0,0,0.00,0,0
54,24,0,1.65,1,2.49,69112,Y2,,,0,16.134,clean,0,0,0.00,0,0
54,25,0,1.77,204,2.46,782758,Y2,,,0,15.988,clean,0,0,0.00,0,0
54,26,0,1.45,1,2.51,960857,Y4,,,0,15.383,clean,0,0,0.00,0,0
54,27,0,1.52,643,2.56,96649,Y4,,,0,14.970,clean,0,0,0.00,0,0
54,28,0,1.87,1,2.28,475109,Y2,,,0,14.460,clean,0,0,0.00,0,0
54,29,0,1.63,1,2.32,1008779,Y4,,,0,14.669,clean,0,0,0.00,0,0
54,30,0,1.61,1,2.63,114083,Y2,,,0,15.039,clean,0,0,0.00,0,0
54,31,0,1.62,1,2.43,629425,Y2,,,0,14.968,clean,0,0,0.00,0,0
54,32,0,1.35,1330,2.36,210106,Y4,,,0,14.423,clean,0,0,0.00,0,0
54,33,0,1.84,1,2.44,171572,Y2,,,0,13.807,clean,0,0,0.00,0,0
54,34,0,1.94,1,2.22,254005,Y2,,,0,13.641,clean,0,0,0.00,0,0
54,35,0,1.64,1,2.51,1189202,Y4,,,0,13.997,clean,0,0,0.00,0,0
54,36,0,1.68,1,2.48,1121342,Y2,,,0,14.540,clean,0,0,0.00,0,0
54,37,0,1.72,1,2.46,1226217,Y2,,,0,14.682,clean,0,0,0.00,0,0
54,38,0,1.65,1,2.58,1418084,Y2,,,0,14.179,clean,0,0,0.00,0,0
54,39,0,1.72,1,2.59,1464844,Y2,,,0,13.491,clean,0,0,0.00,0,0
54,40,0,2.03,1,2.47,1280755,Y2,,,0,13.214,clean,0,0,0.00,0,0
54,41,0,1.45,1,2.46,1256078,Y2,,,0,13.411,clean,0,0,0.00,0,0
54,42,0,1.61,1,2.50,376225,Y4,,,0,13.877,clean,0,0,0.00,0,0
54,43,0,1.58,1,2.31,1242131,Y2,,,0,14.124,clean,0,0,0.00,0,0
54,44,0,1.93,1,2.44,101298,Y2,,,0,13.640,clean,0,0,0.00,0,0
54,45,0,1.95,1,2.43,903100,Y4,,,0,12.782,clean,0,0,0.00,0,0
54,46,0,2.15,1,2.43,15736,Y2,,,0,12.285,clean,0,0,0.00,0,0
54,47,0,1.98,1,2.23,774622,Y4,,,0,12.139,clean,0,0,0.00,0,0
54,48,0,1.78,1,2.33,1232564,Y2,,,0,12.336,clean,0,0,0.00,0,0
54,49,0,2.16,1,2.59,635058,Y4,,,0,12.414,clean,0,0,0.00,0,0
54,50,0,1.90,1,2.50,1355857,Y2,,,0,11.906,clean,0,0,0.00,0,0
54,51,0,2.43,1,2.33,485927,Y2,,,0,11.096,clean,0,0,0.00,0,0
54,52,0,2.18,1,2.36,97543,Y2,,,0,10.294,clean,0,0,0.00,0,0
54,53,0,2.41,1,2.41,867873,Y2,,,0,9.739,clean,0,0,0.00,0,0
54,54,0,2.38,1,2.56,193298,Y4,,,0,9.365,clean,0,0,0.00,0,0
54,55,0,2.57,1,2.68,267059,Y4,0.00/noise-like,0.24/noise-like,0,8.864,hump-note,0,0,0.00,0,0
54,56,0,3.28,1,2.32,1406908,Y2,0.24/noise-like,0.00/noise-like,0,7.970,hump-note,0,0,0.00,0,0
54,57,0,0,-1,0,0,-,,,0,6.793,QUARANTINE:dark-lane range=60 distinct=60,0,0,0.00,0,0
54,58,0,0,-1,0,0,-,,,0,5.750,QUARANTINE:dark-lane range=46 distinct=47,0,0,0.00,0,0
54,59,0,0,-1,0,0,-,,,0,4.888,QUARANTINE:dark-lane range=45 distinct=45,0,0,0.00,0,0
54,60,0,0,-1,0,0,-,,,0,4.162,QUARANTINE:dark-lane range=41 distinct=40,0,0,0.00,0,0
54,61,0,0,-1,0,0,-,,,0,3.563,QUARANTINE:dark-lane range=31 distinct=32,0,0,0.00,0,0
54,62,0,0,-1,0,0,-,,,0,2.961,QUARANTINE:dark-lane range=28 distinct=28,0,0,0.00,0,0
54,63,0,0,-1,0,0,-,,,0,2.399,QUARANTINE:dark-lane range=23 distinct=23,0,0,0.00,0,0
55,0,0,1.34,272,2.69,398129,Y2,,,0,20.744,clean,0,0,0.00,0,0
55,1,0,1.33,228,2.48,148505,Y4,,,0,19.583,clean,0,0,0.00,0,0
55,2,0,1.61,1,2.47,437021,Y2,,,0,18.537,clean,0,0,0.00,0,0
55,3,0,1.41,1,2.42,352263,Y4,,,0,17.970,clean,0,0,0.00,0,0
55,4,0,1.34,517,2.29,89228,Y2,,,0,17.855,clean,0,0,0.00,0,0
55,5,0,1.41,153,2.48,1364261,Y4,,,0,18.075,clean,0,0,0.00,0,0
55,6,0,1.42,1478,2.35,963718,Y4,,,0,17.996,clean,0,0,0.00,0,0
55,7,0,1.44,1,2.47,996619,Y2,,,0,17.424,clean,0,0,0.00,0,0
55,8,0,1.87,1,2.51,564069,Y2,,,0,16.748,clean,0,0,0.00,0,0
55,9,0,1.41,1,2.30,256062,Y2,,,0,16.259,clean,0,0,0.00,0,0
55,10,0,1.71,1,2.33,805467,Y2,,,0,16.225,clean,0,0,0.00,0,0
55,11,0,1.64,1,2.24,167280,Y2,,,0,16.635,clean,0,0,0.00,0,0
55,12,0,1.35,1491,2.44,423253,Y2,,,0,16.887,clean,0,0,0.00,0,0
55,13,0,1.44,1146,2.33,251859,Y2,,,0,16.756,clean,0,0,0.00,0,0
55,14,0,1.67,1,2.38,302106,Y4,,,0,16.223,clean,0,0,0.00,0,0
55,15,0,1.48,1,2.39,43899,Y2,,,0,15.926,clean,0,0,0.00,0,0
55,16,0,1.73,1,2.35,173986,Y2,,,0,16.179,clean,0,0,0.00,0,0
55,17,0,1.50,442,2.23,136256,Y2,,,0,16.907,clean,0,0,0.00,0,0
55,18,0,1.62,801,2.60,444263,Y2,,,0,19.225,clean,0,0,0.00,0,0
55,19,0,1.50,1,2.43,301212,Y4,,,0,17.247,clean,0,0,0.00,0,0
55,20,0,1.42,1,2.34,487000,Y4,,,0,16.372,clean,0,0,0.00,0,0
55,21,0,1.46,1,2.59,509530,Y2,,,0,15.660,clean,0,0,0.00,0,0
55,22,0,1.40,1,2.61,293165,Y4,,,0,15.404,clean,0,0,0.00,0,0
55,23,0,1.40,1,2.34,296563,Y2,,,0,15.731,clean,0,0,0.00,0,0
55,24,0,1.61,1,2.35,1252413,Y2,,,0,16.137,clean,0,0,0.00,0,0
55,25,0,1.96,204,2.55,170231,Y4,,,0,15.993,clean,0,0,0.00,0,0
55,26,0,1.56,1,2.50,1448750,Y4,,,0,15.389,clean,0,0,0.00,0,0
55,27,0,1.62,628,2.41,706851,Y4,,,0,14.977,clean,0,0,0.00,0,0
55,28,0,1.43,1,2.35,213861,Y4,,,0,14.474,clean,0,0,0.00,0,0
55,29,0,1.58,1,2.43,1044363,Y4,,,0,14.658,clean,0,0,0.00,0,0
55,30,0,1.38,1,2.34,1347005,Y2,,,0,14.992,clean,0,0,0.00,0,0
55,31,0,1.94,1,2.64,1103014,Y4,,,0,14.993,clean,0,0,0.00,0,0
55,32,0,1.34,1436,2.39,447840,Y2,,,1,14.387,clean,0,0,0.00,0,0
55,33,0,1.74,1,2.35,240237,Y2,,,0,13.829,clean,0,0,0.00,0,0
55,34,0,1.66,1,2.58,726700,Y4,,,0,13.636,clean,0,0,0.00,0,0
55,35,0,1.36,1319,2.60,31650,Y4,,,0,14.001,clean,0,0,0.00,0,0
55,36,0,1.44,1,2.22,531346,Y4,,,0,14.566,clean,0,0,0.00,0,0
55,37,0,1.84,1,2.51,113010,Y4,,,0,14.649,clean,0,0,0.00,0,0
55,38,0,1.80,1,2.60,519812,Y4,,,0,14.162,clean,0,0,0.00,0,0
55,39,0,1.93,1,2.55,24140,Y4,,,0,13.515,clean,0,0,0.00,0,0
55,40,0,2.01,1,2.51,9924,Y4,,,0,13.188,clean,0,0,0.00,0,0
55,41,0,1.55,1,2.31,793755,Y2,,,0,13.415,clean,0,0,0.00,0,0
55,42,0,1.73,1,2.37,564337,Y4,,,0,13.887,clean,0,0,0.00,0,0
55,43,0,1.73,1,2.52,38534,Y4,,,0,14.113,clean,0,0,0.00,0,0
55,44,0,1.94,1,2.45,287265,Y4,,,0,13.615,clean,0,0,0.00,0,0
55,45,0,1.98,1,2.50,490934,Y2,,,0,12.775,clean,0,0,0.00,0,0
55,46,0,1.78,1,2.56,420749,Y2,,,0,12.271,clean,0,0,0.00,0,0
55,47,0,1.70,1,2.42,532061,Y2,,,0,12.144,clean,0,0,0.00,0,0
55,48,0,1.84,1,2.48,688970,Y4,,,0,12.332,clean,0,0,0.00,0,0
55,49,0,1.99,1,2.55,295758,Y2,,,0,12.422,clean,0,0,0.00,0,0
55,50,0,1.80,1,2.33,1254022,Y4,,,0,11.925,clean,0,0,0.00,0,0
55,51,0,1.86,1,2.32,1306683,Y2,,,0,11.121,clean,0,0,0.00,0,0
55,52,0,2.17,1,41.00,626,Y4,0.00/noise-like,0.00/noise-like,0,10.455,FAM-HIT,0,0,0.00,0,0
55,53,0,2.61,1,2.60,859559,Y4,0.24/noise-like,0.00/noise-like,0,9.737,hump-note,0,0,0.00,0,0
55,54,0,2.14,1,27.84,2861,Y4,0.00/noise-like,0.24/noise-like,13,9.403,FAM-HIT,0,0,0.00,0,0
55,55,0,2.89,1,2.32,518203,Y2,0.00/noise-like,0.00/noise-like,0,8.878,hump-note,0,0,0.00,0,0
55,56,0,3.18,1,2.31,595808,Y2,0.00/noise-like,0.00/noise-like,0,7.941,hump-note,0,0,0.00,0,0
55,57,0,0,-1,0,0,-,,,0,6.792,QUARANTINE:dark-lane range=59 distinct=58,0,0,0.00,0,0
55,58,0,0,-1,0,0,-,,,0,5.728,QUARANTINE:dark-lane range=49 distinct=50,0,0,0.00,0,0
55,59,0,0,-1,0,0,-,,,0,4.885,QUARANTINE:dark-lane range=42 distinct=43,0,0,0.00,0,0
55,60,0,0,-1,0,0,-,,,0,4.164,QUARANTINE:dark-lane range=36 distinct=37,0,0,0.00,0,0
55,61,0,0,-1,0,0,-,,,0,3.559,QUARANTINE:dark-lane range=30 distinct=31,0,0,0.00,0,0
55,62,0,0,-1,0,0,-,,,0,2.959,QUARANTINE:dark-lane range=26 distinct=27,0,0,0.00,0,0
55,63,0,0,-1,0,0,-,,,0,2.404,QUARANTINE:dark-lane range=20 distinct=21,0,0,0.00,0,0
56,0,0,1.33,1280,2.63,1223445,Y2,,,0,20.756,clean,0,0,0.00,0,0
56,1,0,1.45,1,2.45,1309097,Y2,,,0,19.578,clean,0,0,0.00,0,0
56,2,0,1.47,1,2.29,163972,Y2,,,0,18.592,clean,0,0,0.00,0,0
56,3,0,1.40,1,2.46,1450896,Y2,,,0,17.978,clean,0,0,0.00,0,0
56,4,0,1.46,1,2.31,1143783,Y2,,,0,17.858,clean,0,0,0.00,0,0
56,5,0,1.36,1,2.53,617087,Y4,,,0,18.064,clean,0,0,0.00,0,0
56,6,0,1.49,1,2.42,1214057,Y4,,,0,18.012,clean,0,0,0.00,0,0
56,7,0,1.44,1,2.39,77069,Y2,,,0,17.427,clean,0,0,0.00,0,0
56,8,0,1.47,224,2.54,898987,Y4,,,0,16.759,clean,0,0,0.00,0,0
56,9,0,1.54,1,2.60,109434,Y2,,,0,16.205,clean,0,0,0.00,0,0
56,10,0,1.52,1,2.55,29683,Y2,,,0,16.241,clean,0,0,0.00,0,0
56,11,0,1.45,1,2.42,461340,Y2,,,0,16.616,clean,0,0,0.00,0,0
56,12,0,1.70,1,2.37,575691,Y2,,,0,16.886,clean,0,0,0.00,0,0
56,13,0,1.38,331,2.43,197053,Y4,,,0,16.707,clean,0,0,0.00,0,0
56,14,0,1.55,1,2.46,818342,Y4,,,0,16.229,clean,0,0,0.00,0,0
56,15,0,1.50,1,2.30,853390,Y2,,,0,15.909,clean,0,0,0.00,0,0
56,16,0,1.81,1,2.65,86904,Y2,,,0,16.178,clean,0,0,0.00,0,0
56,17,0,1.34,332,2.47,1408070,Y2,,,0,16.866,clean,0,0,0.00,0,0
56,18,0,1.58,665,2.46,31203,Y2,,,0,19.200,clean,0,0,0.00,0,0
56,19,0,1.57,1,2.31,169337,Y2,,,0,17.231,clean,0,0,0.00,0,0
56,20,0,1.39,1,2.55,1271904,Y4,,,0,16.367,clean,0,0,0.00,0,0
56,21,0,1.48,1,2.43,4292,Y4,,,0,15.646,clean,0,0,0.00,0,0
56,22,0,1.52,1,2.39,985444,Y2,,,0,15.383,clean,0,0,0.00,0,0
56,23,0,1.48,1,2.85,595987,Y4,,,0,15.760,clean,0,0,0.00,0,0
56,24,0,1.38,1137,2.48,1452148,Y4,,,0,16.134,clean,0,0,0.00,0,0
56,25,0,1.71,204,9.29,2325,Y4,0.00/noise-like,0.24/noise-like,13,16.024,FAM-HIT,0,0,0.00,0,0
56,26,0,1.45,1420,2.46,1100600,Y4,,,0,15.386,clean,0,0,0.00,0,0
56,27,0,1.69,1,2.40,264376,Y2,,,0,14.976,clean,0,0,0.00,0,0
56,28,0,1.47,1,2.36,414133,Y2,,,0,14.429,clean,0,0,0.00,0,0
56,29,0,1.53,1,2.56,728935,Y4,,,0,14.681,clean,0,0,0.00,0,0
56,30,0,1.66,1,2.52,772297,Y2,,,0,15.022,clean,0,0,0.00,0,0
56,31,0,1.62,1,2.56,1179636,Y4,,,0,14.985,clean,0,0,0.00,0,0
56,32,0,1.38,1,2.25,322938,Y2,,,0,14.423,clean,0,0,0.00,0,0
56,33,0,1.56,1,2.43,136614,Y4,,,0,13.828,clean,0,0,0.00,0,0
56,34,0,1.74,1,2.41,175864,Y2,,,0,13.654,clean,0,0,0.00,0,0
56,35,0,1.81,1,2.58,523299,Y2,,,0,13.973,clean,0,0,0.00,0,0
56,36,0,1.64,1,2.45,406533,Y4,,,0,14.540,clean,0,0,0.00,0,0
56,37,0,1.89,1,2.35,536710,Y2,,,0,14.682,clean,0,0,0.00,0,0
56,38,0,1.60,1,2.37,458032,Y2,,,0,14.180,clean,0,0,0.00,0,0
56,39,0,1.76,1,2.45,486284,Y4,,,1,13.518,clean,0,0,0.00,0,0
56,40,0,2.02,1,2.44,239074,Y4,,,0,13.186,clean,0,0,0.00,0,0
56,41,0,1.56,1,2.23,155479,Y2,,,0,13.400,clean,0,0,0.00,0,0
56,42,0,1.83,1,2.52,596613,Y2,,,0,13.883,clean,0,0,0.00,0,0
56,43,0,1.87,1,2.47,1075298,Y2,,,0,14.133,clean,0,0,0.00,0,0
56,44,0,1.63,1,2.41,1040965,Y2,,,0,13.624,clean,0,0,0.00,0,0
56,45,0,2.01,1,2.37,93073,Y4,,,0,12.785,clean,0,0,0.00,0,0
56,46,0,1.86,1,2.39,731170,Y4,,,0,12.281,clean,0,0,0.00,0,0
56,47,0,1.99,1,2.34,1162,Y4,,,0,12.135,clean,0,0,0.00,0,0
56,48,0,2.11,1,2.51,1186520,Y4,,,0,12.341,clean,0,0,0.00,0,0
56,49,0,1.99,1,2.50,457048,Y2,,,0,12.423,clean,0,0,0.00,0,0
56,50,0,2.15,1,2.53,274658,Y4,,,0,11.913,clean,0,0,0.00,0,0
56,51,0,2.17,1,2.42,508904,Y4,,,0,11.084,clean,0,0,0.00,0,0
56,52,0,2.37,1,2.64,542432,Y2,,,0,10.285,clean,0,0,0.00,0,0
56,53,0,2.46,1,2.50,957906,Y2,,,0,9.726,clean,0,0,0.00,0,0
56,54,0,2.45,1,2.50,911593,Y2,,,0,9.358,clean,0,0,0.00,0,0
56,55,0,2.76,1,2.33,306576,Y4,0.24/noise-like,0.00/noise-like,0,8.853,hump-note,0,0,0.00,0,0
56,56,0,3.10,1,2.52,52482,Y2,0.00/noise-like,0.24/noise-like,0,7.958,hump-note,0,0,0.00,0,0
56,57,0,0,-1,0,0,-,,,23,6.805,QUARANTINE:dark-lane range=61 distinct=58,0,0,0.00,0,0
56,58,0,0,-1,0,0,-,,,0,5.735,QUARANTINE:dark-lane range=53 distinct=51,0,0,0.00,0,0
56,59,0,0,-1,0,0,-,,,0,4.883,QUARANTINE:dark-lane range=41 distinct=42,0,0,0.00,0,0
56,60,0,0,-1,0,0,-,,,0,4.173,QUARANTINE:dark-lane range=38 distinct=38,0,0,0.00,0,0
56,61,0,0,-1,0,0,-,,,0,3.560,QUARANTINE:dark-lane range=31 distinct=31,0,0,0.00,0,0
56,62,0,0,-1,0,0,-,,,0,2.959,QUARANTINE:dark-lane range=26 distinct=27,0,0,0.00,0,0
56,63,0,0,-1,0,0,-,,,0,2.407,QUARANTINE:dark-lane range=19 distinct=20,0,0,0.00,0,0
57,0,0,1.35,162,2.41,612438,Y4,,,0,20.720,clean,0,0,0.00,0,0
57,1,0,1.45,356,2.35,380069,Y4,,,0,19.615,clean,0,0,0.00,0,0
57,2,0,1.34,675,2.45,29594,Y2,,,0,18.579,clean,0,0,0.00,0,0
57,3,0,1.64,1,2.33,111490,Y4,,,0,17.970,clean,0,0,0.00,0,0
57,4,0,1.37,1433,2.42,366479,Y2,,,0,17.865,clean,0,0,0.00,0,0
57,5,0,1.45,1,2.41,473678,Y2,,,0,18.060,clean,0,0,0.00,0,0
57,6,0,1.54,1477,2.33,539392,Y2,,,0,18.019,clean,0,0,0.00,0,0
57,7,0,1.50,1,2.35,341892,Y4,,,0,17.436,clean,0,0,0.00,0,0
57,8,0,1.49,1,2.20,81897,Y4,,,0,16.793,clean,0,0,0.00,0,0
57,9,0,1.72,1,2.33,597686,Y4,,,0,16.239,clean,0,0,0.00,0,0
57,10,0,1.70,1,2.62,746727,Y2,,,0,16.284,clean,0,0,0.00,0,0
57,11,0,1.62,1,2.34,143856,Y2,,,0,16.595,clean,0,0,0.00,0,0
57,12,0,1.45,1,2.37,1396537,Y4,,,0,16.870,clean,0,0,0.00,0,0
57,13,0,1.42,1,2.56,934213,Y4,,,0,16.717,clean,0,0,0.00,0,0
57,14,0,1.61,1,2.25,1443744,Y4,,,0,16.214,clean,0,0,0.00,0,0
57,15,0,1.56,1,2.41,957459,Y2,,,0,15.924,clean,0,0,0.00,0,0
57,16,0,1.66,1,2.40,235587,Y4,,,0,16.208,clean,0,0,0.00,0,0
57,17,0,1.51,1,2.38,305414,Y4,,,0,16.903,clean,0,0,0.00,0,0
57,18,0,1.62,744,2.31,1205474,Y2,,,0,19.170,clean,0,0,0.00,0,0
57,19,0,1.51,1,2.22,851423,Y4,,,0,17.239,clean,0,0,0.00,0,0
57,20,0,1.36,1,2.42,140458,Y2,,,0,16.380,clean,0,0,0.00,0,0
57,21,0,1.68,1,2.30,522673,Y2,,,0,15.647,clean,0,0,0.00,0,0
57,22,0,1.69,1,2.27,220209,Y4,,,0,15.428,clean,0,0,0.00,0,0
57,23,0,1.45,1,2.44,607073,Y4,,,0,15.773,clean,0,0,0.00,0,0
57,24,0,1.79,1,2.57,219941,Y4,,,0,16.140,clean,0,0,0.00,0,0
57,25,0,1.89,204,4.61,1073,Y4,0.00/noise-like,0.00/noise-like,11,16.011,FAM-HIT,0,0,0.00,0,0
57,26,0,1.69,1,2.31,1175076,Y2,,,0,15.397,clean,0,0,0.00,0,0
57,27,0,1.80,628,2.37,2861,Y4,,,0,14.987,clean,0,0,0.00,0,0
57,28,0,1.83,1,2.57,4292,Y2,,,0,14.444,clean,0,0,0.00,0,0
57,29,0,1.59,1,2.39,803769,Y2,,,0,14.684,clean,0,0,0.00,0,0
57,30,0,1.61,1,2.61,1078874,Y4,,,0,15.033,clean,0,0,0.00,0,0
57,31,0,1.72,1,2.47,847489,Y4,,,0,14.984,clean,0,0,0.00,0,0
57,32,0,1.36,211,2.32,498265,Y2,,,0,14.404,clean,0,0,0.00,0,0
57,33,0,1.80,1,2.77,291735,Y4,,,0,13.820,clean,0,0,0.00,0,0
57,34,0,1.54,1,2.44,652134,Y2,,,0,13.662,clean,0,0,0.00,0,0
57,35,0,1.41,1,2.29,1272351,Y4,,,0,14.027,clean,0,0,0.00,0,0
57,36,0,1.50,1,2.49,847310,Y4,,,0,14.540,clean,0,0,0.00,0,0
57,37,0,1.74,1,2.41,1464844,Y2,,,0,14.653,clean,0,0,0.00,0,0
57,38,0,1.63,1,2.32,145286,Y2,,,0,14.157,clean,0,0,0.00,0,0
57,39,0,1.82,1,2.40,445604,Y2,,,0,13.523,clean,0,0,0.00,0,0
57,40,0,1.63,1,2.36,883788,Y2,,,0,13.184,clean,0,0,0.00,0,0
57,41,0,1.52,1,2.21,545651,Y4,,,0,13.413,clean,0,0,0.00,0,0
57,42,0,1.79,1,2.34,58383,Y4,,,0,13.899,clean,0,0,0.00,0,0
57,43,0,1.47,1,2.66,1269221,Y4,,,0,14.125,clean,0,0,0.00,0,0
57,44,0,1.85,1,2.60,1202524,Y4,,,0,13.622,clean,0,0,0.00,0,0
57,45,0,1.77,1,2.32,290662,Y4,,,0,12.824,clean,0,0,0.00,0,0
57,46,0,2.06,1,2.40,155479,Y4,,,0,12.248,clean,0,0,0.00,0,0
57,47,0,1.64,1,2.54,36657,Y4,,,0,12.152,clean,0,0,0.00,0,0
57,48,0,1.61,1234,2.57,82254,Y4,,,0,12.346,clean,0,0,0.00,0,0
57,49,0,2.19,1,2.28,249714,Y2,,,0,12.406,clean,0,0,0.00,0,0
57,50,0,1.64,1,2.38,1300782,Y4,,,0,11.950,clean,0,0,0.00,0,0
57,51,0,1.88,1,2.54,883877,Y2,,,0,11.095,clean,0,0,0.00,0,0
57,52,0,2.13,1,2.36,788569,Y2,,,0,10.295,clean,0,0,0.00,0,0
57,53,0,2.20,1,2.40,85115,Y4,,,0,9.729,clean,0,0,0.00,0,0
57,54,0,2.53,1,2.32,398576,Y2,0.00/noise-like,0.00/noise-like,0,9.368,hump-note,0,0,0.00,0,0
57,55,0,2.59,1,2.25,590354,Y2,0.24/noise-like,0.00/noise-like,0,8.873,hump-note,0,0,0.00,0,0
57,56,0,2.83,1,2.65,396162,Y2,0.24/noise-like,0.24/noise-like,0,7.961,hump-note,0,0,0.00,0,0
57,57,0,4.31,1,4.46,4292,Y2,0.24/noise-like,0.00/noise-like,25,6.808,FAM-HIT,0,0,0.00,0,0
57,58,0,0,-1,0,0,-,,,0,5.748,QUARANTINE:dark-lane range=49 distinct=49,0,0,0.00,0,0
57,59,0,0,-1,0,0,-,,,0,4.876,QUARANTINE:dark-lane range=45 distinct=44,0,0,0.00,0,0
57,60,0,0,-1,0,0,-,,,0,4.168,QUARANTINE:dark-lane range=35 distinct=36,0,0,0.00,0,0
57,61,0,0,-1,0,0,-,,,0,3.561,QUARANTINE:dark-lane range=31 distinct=32,0,0,0.00,0,0
57,62,0,0,-1,0,0,-,,,0,2.956,QUARANTINE:dark-lane range=27 distinct=28,0,0,0.00,0,0
57,63,0,0,-1,0,0,-,,,0,2.402,QUARANTINE:dark-lane range=23 distinct=23,0,0,0.00,0,0
58,0,0,1.32,1393,2.60,431836,Y4,,,0,20.705,clean,0,0,0.00,0,0
58,1,0,1.51,1,2.71,668138,Y2,,,0,19.602,clean,0,0,0.00,0,0
58,2,0,1.44,1277,2.49,697464,Y4,,,0,18.569,clean,0,0,0.00,0,0
58,3,0,1.65,1,2.34,910163,Y4,,,0,17.946,clean,0,0,0.00,0,0
58,4,0,1.42,1110,2.36,751197,Y4,,,0,17.847,clean,0,0,0.00,0,0
58,5,0,1.39,1,2.39,1072794,Y2,,,0,18.064,clean,0,0,0.00,0,0
58,6,0,1.36,1478,2.56,1441509,Y2,,,0,18.018,clean,0,0,0.00,0,0
58,7,0,1.36,433,2.43,113994,Y4,,,0,17.398,clean,0,0,0.00,0,0
58,8,0,1.35,371,2.35,18328,Y4,,,0,16.747,clean,0,0,0.00,0,0
58,9,0,1.65,1,2.28,34332,Y4,,,0,16.230,clean,0,0,0.00,0,0
58,10,0,1.57,1,2.30,1030147,Y4,,,0,16.250,clean,0,0,0.00,0,0
58,11,0,1.76,1,2.35,811905,Y2,,,0,16.594,clean,0,0,0.00,0,0
58,12,0,1.38,1458,2.48,1146197,Y2,,,0,16.886,clean,0,0,0.00,0,0
58,13,0,1.36,1,2.41,324637,Y4,,,0,16.708,clean,0,0,0.00,0,0
58,14,0,1.35,1,2.36,875831,Y4,,,0,16.251,clean,0,0,0.00,0,0
58,15,0,1.50,1,2.40,411004,Y2,,,0,15.901,clean,0,0,0.00,0,0
58,16,0,1.51,1,2.52,829518,Y2,,,0,16.184,clean,0,0,0.00,0,0
58,17,0,1.46,1,2.34,453025,Y2,,,0,16.831,clean,0,0,0.00,0,0
58,18,0,1.54,845,2.60,892192,Y2,,,0,19.203,clean,0,0,0.00,0,0
58,19,0,1.52,1,2.44,218868,Y4,,,0,17.235,clean,0,0,0.00,0,0
58,20,0,1.51,1,2.42,229955,Y2,,,0,16.353,clean,0,0,0.00,0,0
58,21,0,1.67,1,2.32,670552,Y2,,,0,15.646,clean,0,0,0.00,0,0
58,22,0,1.42,1,2.47,1052499,Y2,,,0,15.420,clean,0,0,0.00,0,0
58,23,0,1.48,1,2.24,300050,Y4,,,0,15.744,clean,0,0,0.00,0,0
58,24,0,1.37,962,2.71,1078874,Y2,,,0,16.120,clean,0,0,0.00,0,0
58,25,0,1.94,204,2.38,679493,Y4,,,0,16.021,clean,0,0,0.00,0,0
58,26,0,1.38,1,2.59,579625,Y4,,,0,15.378,clean,0,0,0.00,0,0
58,27,0,1.72,622,2.56,525266,Y2,,,0,14.983,clean,0,0,0.00,0,0
58,28,0,1.47,1,2.40,459105,Y2,,,0,14.429,clean,0,0,0.00,0,0
58,29,0,1.64,1,2.65,1216382,Y2,,,0,14.681,clean,0,0,0.00,0,0
58,30,0,1.68,1,2.52,751913,Y2,,,0,15.000,clean,0,0,0.00,0,0
58,31,0,1.63,1,2.24,70632,Y2,,,0,14.972,clean,0,0,0.00,0,0
58,32,0,1.34,262,2.29,46760,Y2,,,0,14.443,clean,0,0,0.00,0,0
58,33,0,1.76,1,2.76,358,Y4,,,0,13.804,clean,0,0,0.00,0,0
58,34,0,1.73,1,2.36,550121,Y2,,,0,13.649,clean,0,0,0.00,0,0
58,35,0,1.86,1,2.36,615031,Y2,,,0,13.989,clean,0,0,0.00,0,0
58,36,0,1.92,1,2.38,958890,Y2,,,0,14.547,clean,0,0,0.00,0,0
58,37,0,1.79,1,2.47,787407,Y4,,,0,14.618,clean,0,0,0.00,0,0
58,38,0,1.74,1,2.43,194371,Y2,,,0,14.173,clean,0,0,0.00,0,0
58,39,0,1.65,1,2.33,408858,Y2,,,0,13.516,clean,0,0,0.00,0,0
58,40,0,1.57,1,2.42,183284,Y2,,,0,13.201,clean,0,0,0.00,0,0
58,41,0,1.63,1,2.54,253201,Y4,,,0,13.390,clean,0,0,0.00,0,0
58,42,0,1.84,1,2.51,271261,Y4,,,0,13.876,clean,0,0,0.00,0,0
58,43,0,1.66,1,2.51,1074940,Y4,,,0,14.126,clean,0,0,0.00,0,0
58,44,0,1.73,1,2.60,1088262,Y4,,,0,13.622,clean,0,0,0.00,0,0
58,45,0,1.65,1,2.37,278056,Y2,,,0,12.794,clean,0,0,0.00,0,0
58,46,0,2.01,1,2.27,172824,Y2,,,0,12.283,clean,0,0,0.00,0,0
58,47,0,1.94,1,2.19,554860,Y2,,,0,12.124,clean,0,0,0.00,0,0
58,48,0,1.76,1234,2.51,332236,Y4,,,0,12.338,clean,0,0,0.00,0,0
58,49,0,1.91,1,2.29,703812,Y2,,,0,12.423,clean,0,0,0.00,0,0
58,50,0,2.18,1,2.20,1425326,Y4,,,0,11.927,clean,0,0,0.00,0,0
58,51,0,2.11,1,2.58,238270,Y2,,,0,11.089,clean,0,0,0.00,0,0
58,52,0,2.21,1,2.38,1272351,Y2,,,0,10.292,clean,0,0,0.00,0,0
58,53,0,2.43,1,2.52,81807,Y2,,,0,9.726,clean,0,0,0.00,0,0
58,54,0,2.53,1,2.36,613689,Y4,0.00/noise-like,0.00/noise-like,0,9.367,hump-note,0,0,0.00,0,0
58,55,0,2.47,1,2.41,1175433,Y4,,,0,8.859,clean,0,0,0.00,0,0
58,56,0,3.26,1,2.65,203401,Y4,0.24/noise-like,0.00/noise-like,0,7.961,hump-note,0,0,0.00,0,0
58,57,0,0,-1,0,0,-,,,0,6.779,QUARANTINE:dark-lane range=60 distinct=59,0,0,0.00,0,0
58,58,0,0,-1,0,0,-,,,0,5.736,QUARANTINE:dark-lane range=51 distinct=51,0,0,0.00,0,0
58,59,0,0,-1,0,0,-,,,0,4.888,QUARANTINE:dark-lane range=42 distinct=43,0,0,0.00,0,0
58,60,0,0,-1,0,0,-,,,0,4.165,QUARANTINE:dark-lane range=36 distinct=37,0,0,0.00,0,0
58,61,0,0,-1,0,0,-,,,0,3.562,QUARANTINE:dark-lane range=30 distinct=31,0,0,0.00,0,0
58,62,0,0,-1,0,0,-,,,0,2.960,QUARANTINE:dark-lane range=26 distinct=27,0,0,0.00,0,0
58,63,0,0,-1,0,0,-,,,0,2.399,QUARANTINE:dark-lane range=21 distinct=22,0,0,0.00,0,0
59,0,0,1.33,911,2.51,889957,Y4,,,0,20.704,clean,0,0,0.00,0,0
59,1,0,1.55,1,2.73,79751,Y4,,,0,19.594,clean,0,0,0.00,0,0
59,2,0,1.49,1643,2.51,140905,Y2,,,0,18.532,clean,0,0,0.00,0,0
59,3,0,1.43,1392,2.25,805110,Y2,,,0,17.995,clean,0,0,0.00,0,0
59,4,0,1.49,1,2.28,639886,Y4,,,0,17.850,clean,0,0,0.00,0,0
59,5,0,1.37,1218,2.25,41753,Y2,,,0,18.063,clean,0,0,0.00,0,0
59,6,0,1.53,1478,2.32,193924,Y2,,,0,17.971,clean,0,0,0.00,0,0
59,7,0,1.36,1,2.19,1322150,Y2,,,0,17.432,clean,0,0,0.00,0,0
59,8,0,1.37,1167,2.45,1267165,Y4,,,0,16.763,clean,0,0,0.00,0,0
59,9,0,1.66,1,2.38,8762,Y2,,,0,16.269,clean,0,0,0.00,0,0
59,10,0,1.62,1,2.58,850350,Y4,,,0,16.235,clean,0,0,0.00,0,0
59,11,0,1.39,1252,2.31,1019955,Y4,,,0,16.607,clean,0,0,0.00,0,0
59,12,0,1.59,1,2.64,920087,Y4,,,0,16.885,clean,0,0,0.00,0,0
59,13,0,1.69,1,2.26,893444,Y4,,,0,16.728,clean,0,0,0.00,0,0
59,14,0,1.52,1,2.50,1177222,Y4,,,0,16.228,clean,0,0,0.00,0,0
59,15,0,1.39,868,2.36,523478,Y4,,,0,15.904,clean,0,0,0.00,0,0
59,16,0,1.60,1,2.45,1267880,Y4,,,0,16.210,clean,0,0,0.00,0,0
59,17,0,1.60,1,2.45,39518,Y4,,,0,16.869,clean,0,0,0.00,0,0
59,18,0,1.52,563,2.47,114620,Y2,,,0,19.232,clean,0,0,0.00,0,0
59,19,0,1.51,1,2.29,669658,Y2,,,0,17.260,clean,0,0,0.00,0,0
59,20,0,1.41,1,2.61,846237,Y2,,,0,16.347,clean,0,0,0.00,0,0
59,21,0,1.38,383,2.47,1174450,Y4,,,0,15.634,clean,0,0,0.00,0,0
59,22,0,1.55,1,2.40,249088,Y4,,,0,15.407,clean,0,0,0.00,0,0
59,23,0,1.55,1,2.48,294060,Y2,,,0,15.748,clean,0,0,0.00,0,0
59,24,0,1.57,1,2.65,919104,Y2,,,0,16.153,clean,0,0,0.00,0,0
59,25,0,2.27,204,2.33,238627,Y4,,,0,16.018,clean,0,0,0.00,0,0
59,26,0,1.65,1,2.31,1063317,Y4,,,0,15.417,clean,0,0,0.00,0,0
59,27,0,1.77,1,2.40,124186,Y2,,,0,14.952,clean,0,0,0.00,0,0
59,28,0,1.58,1,2.44,53823,Y2,,,0,14.439,clean,0,0,0.00,0,0
59,29,0,1.42,1,2.39,329822,Y2,,,0,14.670,clean,0,0,0.00,0,0
59,30,0,1.71,1,2.39,1125991,Y2,,,0,15.030,clean,0,0,0.00,0,0
59,31,0,1.84,1,2.36,26375,Y4,,,0,14.989,clean,0,0,0.00,0,0
59,32,0,1.40,1214,2.65,1221120,Y2,,,0,14.426,clean,0,0,0.00,0,0
59,33,0,1.79,1,2.43,277877,Y2,,,0,13.804,clean,0,0,0.00,0,0
59,34,0,1.97,1,2.38,27537,Y2,,,0,13.662,clean,0,0,0.00,0,0
59,35,0,1.53,1,2.40,949055,Y4,,,0,14.000,clean,0,0,0.00,0,0
59,36,0,1.83,1,2.47,1095951,Y2,,,0,14.536,clean,0,0,0.00,0,0
59,37,0,1.83,1,2.32,33170,Y4,,,0,14.668,clean,0,0,0.00,0,0
59,38,0,1.90,1,2.30,71347,Y4,,,0,14.184,clean,0,0,0.00,0,0
59,39,0,1.58,1,2.64,88066,Y2,,,0,13.524,clean,0,0,0.00,0,0
59,40,0,1.69,1,2.53,1132160,Y4,,,0,13.189,clean,0,0,0.00,0,0
59,41,0,1.75,1,2.53,365674,Y2,,,0,13.435,clean,0,0,0.00,0,0
59,42,0,1.59,1,2.40,1280308,Y2,,,0,13.891,clean,0,0,0.00,0,0
59,43,0,1.39,298,2.29,1129925,Y4,,,0,14.102,clean,0,0,0.00,0,0
59,44,0,1.59,1,2.55,1433462,Y4,,,0,13.618,clean,0,0,0.00,0,0
59,45,0,2.23,1,2.40,185788,Y2,,,0,12.798,clean,0,0,0.00,0,0
59,46,0,2.08,1,2.43,126421,Y2,,,0,12.281,clean,0,0,0.00,0,0
59,47,0,2.02,1,2.54,1433820,Y2,,,0,12.124,clean,0,0,0.00,0,0
59,48,0,1.89,1,2.30,629246,Y4,,,0,12.337,clean,0,0,0.00,0,0
59,49,0,1.94,1,2.47,262678,Y4,,,0,12.412,clean,0,0,0.00,0,0
59,50,0,1.99,1,2.49,1055539,Y4,,,0,11.923,clean,0,0,0.00,0,0
59,51,0,2.02,1,2.31,384361,Y4,,,0,11.079,clean,0,0,0.00,0,0
59,52,0,2.25,1,2.38,50962,Y2,,,0,10.292,clean,0,0,0.00,0,0
59,53,0,2.54,1,2.56,274301,Y4,0.24/noise-like,0.24/noise-like,0,9.741,hump-note,0,0,0.00,0,0
59,54,0,2.79,1,2.30,878245,Y2,0.00/noise-like,0.00/noise-like,0,9.365,hump-note,0,0,0.00,0,0
59,55,0,3.06,1,2.42,909984,Y2,0.00/noise-like,0.00/noise-like,0,8.877,hump-note,0,0,0.00,0,0
59,56,0,2.94,1,2.41,1219690,Y4,0.24/noise-like,0.00/noise-like,0,7.953,hump-note,0,0,0.00,0,0
59,57,0,0,-1,0,0,-,,,0,6.792,QUARANTINE:dark-lane range=59 distinct=59,0,0,0.00,0,0
59,58,0,0,-1,0,0,-,,,0,5.743,QUARANTINE:dark-lane range=50 distinct=48,0,0,0.00,0,0
59,59,0,0,-1,0,0,-,,,0,4.883,QUARANTINE:dark-lane range=44 distinct=44,0,0,0.00,0,0
59,60,0,0,-1,0,0,-,,,0,4.171,QUARANTINE:dark-lane range=36 distinct=37,0,0,0.00,0,0
59,61,0,0,-1,0,0,-,,,0,3.562,QUARANTINE:dark-lane range=32 distinct=32,0,0,0.00,0,0
59,62,0,0,-1,0,0,-,,,0,2.954,QUARANTINE:dark-lane range=24 distinct=25,0,0,0.00,0,0
59,63,0,0,-1,0,0,-,,,0,2.398,QUARANTINE:dark-lane range=21 distinct=22,0,0,0.00,0,0
60,0,0,1.34,1432,2.41,1231134,Y4,,,0,20.722,clean,0,0,0.00,0,0
60,1,0,1.35,1252,2.43,954241,Y2,,,0,19.593,clean,0,0,0.00,0,0
60,2,0,1.49,1,2.37,1002699,Y2,,,0,18.591,clean,0,0,0.00,0,0
60,3,0,1.58,1,2.82,203580,Y2,,,0,17.973,clean,0,0,0.00,0,0
60,4,0,1.45,1,2.41,1015842,Y2,,,0,17.838,clean,0,0,0.00,0,0
60,5,0,1.37,1,2.48,942171,Y4,,,0,18.041,clean,0,0,0.00,0,0
60,6,0,1.42,1478,2.35,150830,Y4,,,0,17.999,clean,0,0,0.00,0,0
60,7,0,1.59,1,2.41,549495,Y4,,,0,17.426,clean,0,0,0.00,0,0
60,8,0,1.41,1,2.28,279129,Y2,,,0,16.769,clean,0,0,0.00,0,0
60,9,0,1.57,1,2.40,113368,Y2,,,0,16.227,clean,0,0,0.00,0,0
60,10,0,1.60,1,2.47,868410,Y2,,,0,16.228,clean,0,0,0.00,0,0
60,11,0,1.54,1,2.34,202596,Y4,,,0,16.643,clean,0,0,0.00,0,0
60,12,0,1.47,1,2.65,86099,Y2,,,0,16.886,clean,0,0,0.00,0,0
60,13,0,1.34,1,2.29,264287,Y4,,,0,16.696,clean,0,0,0.00,0,0
60,14,0,1.43,1457,2.32,627279,Y2,,,0,16.213,clean,0,0,0.00,0,0
60,15,0,1.47,1,2.33,1132786,Y4,,,0,15.934,clean,0,0,0.00,0,0
60,16,0,1.55,1,2.35,374973,Y2,,,0,16.180,clean,0,0,0.00,0,0
60,17,0,1.38,91,2.50,866711,Y4,,,0,16.899,clean,0,0,0.00,0,0
60,18,0,1.56,752,2.36,1414686,Y2,,,0,19.198,clean,0,0,0.00,0,0
60,19,0,1.65,1,2.48,69827,Y2,,,0,17.278,clean,0,0,0.00,0,0
60,20,0,1.53,1,2.49,1092196,Y4,,,0,16.360,clean,0,0,0.00,0,0
60,21,0,1.74,1,2.26,1236230,Y4,,,0,15.640,clean,0,0,0.00,0,0
60,22,0,1.43,1,2.30,1046598,Y4,,,0,15.405,clean,0,0,0.00,0,0
60,23,0,1.51,1,2.37,436127,Y4,,,0,15.739,clean,0,0,0.00,0,0
60,24,0,1.35,1496,2.50,256062,Y2,,,0,16.130,clean,0,0,0.00,0,0
60,25,0,1.85,204,2.38,1351744,Y4,,,0,16.003,clean,0,0,0.00,0,0
60,26,0,1.40,1,2.54,1239985,Y2,,,0,15.367,clean,0,0,0.00,0,0
60,27,0,1.64,624,2.55,47386,Y2,,,0,14.975,clean,0,0,0.00,0,0
60,28,0,1.65,1,2.45,1137078,Y2,,,0,14.452,clean,0,0,0.00,0,0
60,29,0,1.41,1,2.44,1040161,Y2,,,0,14.680,clean,0,0,0.00,0,0
60,30,0,1.39,468,2.48,1401007,Y4,,,0,15.010,clean,0,0,0.00,0,0
60,31,0,1.47,1,2.58,4917,Y2,,,0,14.969,clean,0,0,0.00,0,0
60,32,0,1.37,1408,2.43,1416832,Y2,,,0,14.402,clean,0,0,0.00,0,0
60,33,0,1.74,1,2.37,235230,Y2,,,0,13.778,clean,0,0,0.00,0,0
60,34,0,1.67,1,2.54,118822,Y4,,,0,13.654,clean,0,0,0.00,0,0
60,35,0,1.70,1,2.34,1356304,Y4,,,0,14.017,clean,0,0,0.00,0,0
60,36,0,1.98,1,2.50,1208246,Y4,,,0,14.548,clean,0,0,0.00,0,0
60,37,0,1.67,1,2.39,1283258,Y2,,,0,14.675,clean,0,0,0.00,0,0
60,38,0,1.76,1,2.31,695318,Y4,,,0,14.178,clean,0,0,0.00,0,0
60,39,0,1.74,1,2.60,430673,Y4,,,0,13.504,clean,0,0,0.00,0,0
60,40,0,1.87,1,2.36,1414686,Y4,,,0,13.185,clean,0,0,0.00,0,0
60,41,0,1.64,1,2.47,934482,Y2,,,0,13.408,clean,0,0,0.00,0,0
60,42,0,1.90,1,2.25,949591,Y2,,,0,13.876,clean,0,0,0.00,0,0
60,43,0,1.73,1,2.32,164330,Y2,,,0,14.121,clean,0,0,0.00,0,0
60,44,0,1.79,1,2.24,978380,Y2,,,0,13.604,clean,0,0,0.00,0,0
60,45,0,1.86,1,2.37,708371,Y2,,,0,12.800,clean,0,0,0.00,0,0
60,46,0,1.93,1,2.31,460088,Y2,,,0,12.278,clean,0,0,0.00,0,0
60,47,0,1.59,1,2.69,1385540,Y2,,,0,12.153,clean,0,0,0.00,0,0
60,48,0,1.89,1,2.31,656962,Y2,,,0,12.348,clean,0,0,0.00,0,0
60,49,0,2.16,1,2.61,88960,Y4,,,0,12.412,clean,0,0,0.00,0,0
60,50,0,1.88,1,2.48,1260906,Y4,,,0,11.907,clean,0,0,0.00,0,0
60,51,0,2.11,1,2.38,878602,Y2,,,0,11.089,clean,0,0,0.00,0,0
60,52,0,2.31,1,2.35,491649,Y2,,,0,10.312,clean,0,0,0.00,0,0
60,53,0,2.62,1,2.44,990361,Y4,0.00/noise-like,0.00/noise-like,0,9.732,hump-note,0,0,0.00,0,0
60,54,0,2.51,1,2.54,837296,Y4,0.00/noise-like,0.00/noise-like,0,9.352,hump-note,0,0,0.00,0,0
60,55,0,2.70,1,2.44,196695,Y2,0.00/noise-like,0.00/noise-like,0,8.864,hump-note,0,0,0.00,0,0
60,56,0,3.18,1,2.37,230223,Y2,0.00/noise-like,0.00/noise-like,0,7.941,hump-note,0,0,0.00,0,0
60,57,0,0,-1,0,0,-,,,0,6.782,QUARANTINE:dark-lane range=65 distinct=60,0,0,0.00,0,0
60,58,0,0,-1,0,0,-,,,0,5.741,QUARANTINE:dark-lane range=51 distinct=50,0,0,0.00,0,0
60,59,0,0,-1,0,0,-,,,0,4.875,QUARANTINE:dark-lane range=46 distinct=46,0,0,0.00,0,0
60,60,0,0,-1,0,0,-,,,0,4.166,QUARANTINE:dark-lane range=39 distinct=39,0,0,0.00,0,0
60,61,0,0,-1,0,0,-,,,0,3.569,QUARANTINE:dark-lane range=31 distinct=31,0,0,0.00,0,0
60,62,0,0,-1,0,0,-,,,0,2.960,QUARANTINE:dark-lane range=28 distinct=27,0,0,0.00,0,0
60,63,0,0,-1,0,0,-,,,0,2.406,QUARANTINE:dark-lane range=21 distinct=22,0,0,0.00,0,0
61,0,0,1.39,1377,2.55,316232,Y2,,,0,20.710,clean,0,0,0.00,0,0
61,1,0,1.44,1,2.29,764698,Y4,,,0,19.574,clean,0,0,0.00,0,0
61,2,0,1.39,1,2.54,1367569,Y2,,,0,18.569,clean,0,0,0.00,0,0
61,3,0,1.61,1,2.25,159413,Y2,,,0,17.959,clean,0,0,0.00,0,0
61,4,0,1.62,1,2.41,200540,Y4,,,0,17.852,clean,0,0,0.00,0,0
61,5,0,1.43,214,2.30,516236,Y2,,,0,18.046,clean,0,0,0.00,0,0
61,6,0,1.41,1478,2.54,827193,Y4,,,0,17.980,clean,0,0,0.00,0,0
61,7,0,1.39,1,2.25,1252592,Y4,,,1,17.460,clean,0,0,0.00,0,0
61,8,0,1.46,1,2.50,731796,Y4,,,0,16.742,clean,0,0,0.00,0,0
61,9,0,1.39,33,2.47,805378,Y4,,,0,16.208,clean,0,0,0.00,0,0
61,10,0,1.53,1,2.23,800908,Y4,,,0,16.263,clean,0,0,0.00,0,0
61,11,0,1.49,1,2.36,470906,Y4,,,0,16.620,clean,0,0,0.00,0,0
61,12,0,1.35,745,2.29,1282543,Y4,,,0,16.911,clean,0,0,0.00,0,0
61,13,0,1.54,1,2.22,1044095,Y2,,,0,16.710,clean,0,0,0.00,0,0
61,14,0,1.51,1,2.45,647575,Y2,,,0,16.203,clean,0,0,0.00,0,0
61,15,0,1.87,1,2.27,1426935,Y2,,,0,15.923,clean,0,0,0.00,0,0
61,16,0,1.59,1,2.23,444084,Y4,,,0,16.201,clean,0,0,0.00,0,0
61,17,0,1.46,1,2.39,751108,Y2,,,0,16.877,clean,0,0,0.00,0,0
61,18,0,1.59,805,2.50,197589,Y4,,,0,19.227,clean,0,0,0.00,0,0
61,19,0,1.60,1,2.60,104338,Y2,,,0,17.257,clean,0,0,0.00,0,0
61,20,0,1.38,1,2.57,440061,Y2,,,0,16.349,clean,0,0,0.00,0,0
61,21,0,1.52,1,2.43,646234,Y2,,,0,15.645,clean,0,0,0.00,0,0
61,22,0,1.51,1,2.39,481546,Y2,,,0,15.405,clean,0,0,0.00,0,0
61,23,0,1.57,1,2.43,1001894,Y2,,,0,15.713,clean,0,0,0.00,0,0
61,24,0,1.45,1,2.47,91463,Y2,,,0,16.166,clean,0,0,0.00,0,0
61,25,0,1.97,204,2.49,130087,Y4,,,1,16.012,clean,0,0,0.00,0,0
61,26,0,1.51,1,2.43,1274496,Y4,,,0,15.409,clean,0,0,0.00,0,0
61,27,0,1.83,1,2.39,389457,Y4,,,0,14.983,clean,0,0,0.00,0,0
61,28,0,1.75,1,2.54,359684,Y2,,,0,14.461,clean,0,0,0.00,0,0
61,29,0,1.60,1,2.38,1197696,Y4,,,0,14.673,clean,0,0,0.00,0,0
61,30,0,1.65,1,2.36,1011461,Y4,,,0,15.026,clean,0,0,0.00,0,0
61,31,0,1.66,1,2.51,980973,Y4,,,0,15.032,clean,0,0,0.00,0,0
61,32,0,1.45,464,2.44,1087636,Y2,,,0,14.425,clean,0,0,0.00,0,0
61,33,0,1.69,1,2.37,1144409,Y2,,,0,13.809,clean,0,0,0.00,0,0
61,34,0,1.92,1,2.42,1010925,Y2,,,0,13.640,clean,0,0,0.00,0,0
61,35,0,1.55,1,2.53,1209050,Y2,,,0,14.036,clean,0,0,0.00,0,0
61,36,0,1.70,1,2.57,221014,Y4,,,0,14.530,clean,0,0,0.00,0,0
61,37,0,1.72,1,2.50,754595,Y2,,,0,14.677,clean,0,0,0.00,0,0
61,38,0,1.65,1,2.30,615567,Y4,,,0,14.194,clean,0,0,0.00,0,0
61,39,0,1.86,1,2.42,943691,Y4,,,0,13.514,clean,0,0,0.00,0,0
61,40,0,1.38,1514,2.54,1032114,Y2,,,0,13.188,clean,0,0,0.00,0,0
61,41,0,1.94,1,2.38,70989,Y2,,,0,13.413,clean,0,0,0.00,0,0
61,42,0,1.73,1,2.57,235856,Y4,,,0,13.898,clean,0,0,0.00,0,0
61,43,0,1.54,1,2.52,254989,Y2,,,0,14.124,clean,0,0,0.00,0,0
61,44,0,1.62,1,2.41,1041770,Y2,,,0,13.608,clean,0,0,0.00,0,0
61,45,0,1.66,1,2.46,1065463,Y2,,,0,12.793,clean,0,0,0.00,0,0
61,46,0,1.78,1,2.46,478238,Y2,,,0,12.275,clean,0,0,0.00,0,0
61,47,0,1.91,1,2.42,935018,Y4,,,0,12.147,clean,0,0,0.00,0,0
61,48,0,1.78,1,2.46,200987,Y4,,,0,12.361,clean,0,0,0.00,0,0
61,49,0,1.83,1,2.37,70721,Y2,,,0,12.442,clean,0,0,0.00,0,0
61,50,0,1.76,1,2.35,287712,Y4,,,0,11.930,clean,0,0,0.00,0,0
61,51,0,1.97,1,2.49,317037,Y4,,,0,11.083,clean,0,0,0.00,0,0
61,52,0,2.27,1,2.39,962019,Y2,,,0,10.293,clean,0,0,0.00,0,0
61,53,0,2.51,1,2.68,248909,Y2,0.00/noise-like,0.00/noise-like,0,9.732,hump-note,0,0,0.00,0,0
61,54,0,2.49,1,2.46,131071,Y2,,,0,9.354,clean,0,0,0.00,0,0
61,55,0,2.71,1,2.30,547349,Y4,0.24/noise-like,0.00/noise-like,0,8.869,hump-note,0,0,0.00,0,0
61,56,0,2.68,1,2.66,21279,Y4,0.00/noise-like,0.00/noise-like,0,7.945,hump-note,0,0,0.00,0,0
61,57,0,0,-1,0,0,-,,,7,6.795,QUARANTINE:dark-lane range=55 distinct=56,0,0,0.00,0,0
61,58,0,0,-1,0,0,-,,,0,5.744,QUARANTINE:dark-lane range=52 distinct=53,0,0,0.00,0,0
61,59,0,0,-1,0,0,-,,,0,4.870,QUARANTINE:dark-lane range=40 distinct=41,0,0,0.00,0,0
61,60,0,0,-1,0,0,-,,,0,4.164,QUARANTINE:dark-lane range=40 distinct=37,0,0,0.00,0,0
61,61,0,0,-1,0,0,-,,,0,3.573,QUARANTINE:dark-lane range=33 distinct=32,0,0,0.00,0,0
61,62,0,0,-1,0,0,-,,,0,2.962,QUARANTINE:dark-lane range=29 distinct=28,0,0,0.00,0,0
61,63,0,0,-1,0,0,-,,,0,2.409,QUARANTINE:dark-lane range=21 distinct=21,0,0,0.00,0,0
62,0,0,1.35,234,2.43,712931,Y2,,,0,20.726,clean,0,0,0.00,0,0
62,1,0,1.44,1,2.51,174344,Y2,,,0,19.589,clean,0,0,0.00,0,0
62,2,0,1.47,1643,2.41,306487,Y4,,,0,18.582,clean,0,0,0.00,0,0
62,3,0,1.46,1,2.22,811100,Y4,,,0,17.967,clean,0,0,0.00,0,0
62,4,0,1.60,1,2.29,1069486,Y2,,,0,17.829,clean,0,0,0.00,0,0
62,5,0,1.38,67,2.42,70095,Y2,,,0,18.053,clean,0,0,0.00,0,0
62,6,0,1.53,1478,2.36,655174,Y4,,,0,17.998,clean,0,0,0.00,0,0
62,7,0,1.46,1,2.82,336349,Y2,,,0,17.446,clean,0,0,0.00,0,0
62,8,0,1.41,1,2.58,620574,Y2,,,0,16.740,clean,0,0,0.00,0,0
62,9,0,1.39,1,2.48,421554,Y4,,,0,16.232,clean,0,0,0.00,0,0
62,10,0,1.37,462,2.45,1130551,Y2,,,0,16.254,clean,0,0,0.00,0,0
62,11,0,1.64,1,2.24,1050979,Y4,,,0,16.631,clean,0,0,0.00,0,0
62,12,0,1.58,1,2.53,517398,Y4,,,0,16.867,clean,0,0,0.00,0,0
62,13,0,1.61,1,2.32,220656,Y4,,,0,16.711,clean,0,0,0.00,0,0
62,14,0,1.52,1,2.32,236750,Y2,,,0,16.205,clean,0,0,0.00,0,0
62,15,0,1.59,1,2.36,862330,Y4,,,0,15.918,clean,0,0,0.00,0,0
62,16,0,1.52,1,2.34,1186788,Y4,,,0,16.218,clean,0,0,0.00,0,0
62,17,0,1.51,1,2.31,617355,Y2,,,0,16.892,clean,0,0,0.00,0,0
62,18,0,1.55,628,2.74,169605,Y2,,,0,19.221,clean,0,0,0.00,0,0
62,19,0,1.45,1,2.37,1152188,Y2,,,0,17.262,clean,0,0,0.00,0,0
62,20,0,1.62,549,2.36,795722,Y4,,,0,16.388,clean,0,0,0.00,0,0
62,21,0,1.33,513,2.34,1181424,Y2,,,0,15.665,clean,0,0,0.00,0,0
62,22,0,1.53,1,2.23,1125813,Y2,,,0,15.390,clean,0,0,0.00,0,0
62,23,0,1.58,1,2.55,412703,Y2,,,0,15.734,clean,0,0,0.00,0,0
62,24,0,1.56,1,2.35,1136988,Y4,,,0,16.153,clean,0,0,0.00,0,0
62,25,0,1.73,204,9.15,4202,Y4,0.24/noise-like,0.24/noise-like,12,16.036,FAM-HIT,0,0,0.00,0,0
62,26,0,1.65,1,2.49,445873,Y2,,,0,15.424,clean,0,0,0.00,0,0
62,27,0,1.66,629,2.49,810921,Y2,,,0,14.981,clean,0,0,0.00,0,0
62,28,0,1.74,1,2.44,139654,Y2,,,0,14.457,clean,0,0,0.00,0,0
62,29,0,1.61,1,2.57,1265109,Y2,,,0,14.661,clean,0,0,0.00,0,0
62,30,0,1.44,524,2.51,1406372,Y2,,,0,15.002,clean,0,0,0.00,0,0
62,31,0,1.68,1,2.43,969350,Y4,,,0,14.989,clean,0,0,0.00,0,0
62,32,0,1.40,676,2.48,1118571,Y2,,,0,14.414,clean,0,0,0.00,0,0
62,33,0,1.76,1,2.41,257581,Y2,,,0,13.847,clean,0,0,0.00,0,0
62,34,0,1.68,1,2.66,1286387,Y2,,,0,13.658,clean,0,0,0.00,0,0
62,35,0,1.87,1,2.35,700235,Y4,,,0,14.014,clean,0,0,0.00,0,0
62,36,0,1.57,1,2.32,775605,Y2,,,0,14.567,clean,0,0,0.00,0,0
62,37,0,1.60,1,2.34,434697,Y4,,,0,14.678,clean,0,0,0.00,0,0
62,38,0,1.71,1,2.39,1263767,Y2,,,0,14.198,clean,0,0,0.00,0,0
62,39,0,1.66,1,2.57,1403242,Y2,,,0,13.504,clean,0,0,0.00,0,0
62,40,0,2.01,1,2.40,1028717,Y2,,,0,13.187,clean,0,0,0.00,0,0
62,41,0,1.43,1178,2.48,628978,Y4,,,0,13.387,clean,0,0,0.00,0,0
62,42,0,1.60,1,2.47,1198947,Y2,,,0,13.868,clean,0,0,0.00,0,0
62,43,0,1.47,1,2.32,108898,Y2,,,0,14.143,clean,0,0,0.00,0,0
62,44,0,1.64,1,2.41,899166,Y4,,,0,13.622,clean,0,0,0.00,0,0
62,45,0,1.75,1,2.49,555933,Y4,,,0,12.786,clean,0,0,0.00,0,0
62,46,0,1.98,1,2.32,311673,Y4,,,0,12.268,clean,0,0,0.00,0,0
62,47,0,1.74,1,2.39,1175344,Y4,,,0,12.145,clean,0,0,0.00,0,0
62,48,0,1.80,1,2.44,141174,Y2,,,0,12.345,clean,0,0,0.00,0,0
62,49,0,1.67,1,2.71,82612,Y4,,,0,12.426,clean,0,0,0.00,0,0
62,50,0,2.31,1,2.43,364691,Y2,,,0,11.953,clean,0,0,0.00,0,0
62,51,0,2.23,1,2.51,721067,Y2,,,0,11.076,clean,0,0,0.00,0,0
62,52,0,2.11,1,2.34,1395106,Y2,,,0,10.286,clean,0,0,0.00,0,0
62,53,0,2.42,1,2.37,689864,Y2,,,0,9.738,clean,0,0,0.00,0,0
62,54,0,2.91,1,2.59,1464844,Y2,0.00/noise-like,0.00/noise-like,0,9.371,hump-note,0,0,0.00,0,0
62,55,0,2.65,1,2.57,1270294,Y4,0.24/noise-like,0.00/noise-like,0,8.873,hump-note,0,0,0.00,0,0
62,56,0,2.67,1,2.49,905514,Y2,0.24/noise-like,0.24/noise-like,0,7.952,hump-note,0,0,0.00,0,0
62,57,0,0,-1,0,0,-,,,20,6.816,QUARANTINE:dark-lane range=56 distinct=57,0,0,0.00,0,0
62,58,0,0,-1,0,0,-,,,0,5.743,QUARANTINE:dark-lane range=48 distinct=49,0,0,0.00,0,0
62,59,0,0,-1,0,0,-,,,0,4.881,QUARANTINE:dark-lane range=41 distinct=42,0,0,0.00,0,0
62,60,0,0,-1,0,0,-,,,0,4.166,QUARANTINE:dark-lane range=33 distinct=34,0,0,0.00,0,0
62,61,0,0,-1,0,0,-,,,0,3.558,QUARANTINE:dark-lane range=30 distinct=30,0,0,0.00,0,0
62,62,0,0,-1,0,0,-,,,0,2.961,QUARANTINE:dark-lane range=26 distinct=27,0,0,0.00,0,0
62,63,0,0,-1,0,0,-,,,0,2.404,QUARANTINE:dark-lane range=20 distinct=21,0,0,0.00,0,0
63,0,0,1.43,112,2.39,124007,Y4,,,0,20.729,clean,0,0,0.00,0,0
63,1,0,1.37,1361,2.44,954688,Y4,,,0,19.636,clean,0,0,0.00,0,0
63,2,0,1.56,1643,2.66,189722,Y2,,,0,18.588,clean,0,0,0.00,0,0
63,3,0,1.43,1,2.36,178635,Y2,,,0,17.979,clean,0,0,0.00,0,0
63,4,0,1.54,1,2.34,748605,Y4,,,0,17.855,clean,0,0,0.00,0,0
63,5,0,1.52,1,2.34,245243,Y4,,,0,18.046,clean,0,0,0.00,0,0
63,6,0,1.54,1,2.39,209838,Y4,,,0,17.992,clean,0,0,0.00,0,0
63,7,0,1.44,1,2.29,1018435,Y4,,,0,17.421,clean,0,0,0.00,0,0
63,8,0,1.61,1,2.26,894,Y4,,,0,16.748,clean,0,0,0.00,0,0
63,9,0,1.45,1,2.47,308007,Y4,,,0,16.201,clean,0,0,0.00,0,0
63,10,0,1.50,1,2.36,50873,Y4,,,0,16.244,clean,0,0,0.00,0,0
63,11,0,1.59,1,2.51,150740,Y2,,,0,16.639,clean,0,0,0.00,0,0
63,12,0,1.58,1,2.45,245869,Y2,,,0,16.870,clean,0,0,0.00,0,0
63,13,0,1.60,1,2.38,416905,Y4,,,0,16.717,clean,0,0,0.00,0,0
63,14,0,1.48,1,2.50,32723,Y2,,,0,16.240,clean,0,0,0.00,0,0
63,15,0,1.62,1,2.41,1128405,Y4,,,0,15.887,clean,0,0,0.00,0,0
63,16,0,1.44,1,2.44,921428,Y2,,,0,16.196,clean,0,0,0.00,0,0
63,17,0,1.45,1,2.47,328302,Y2,,,0,16.867,clean,0,0,0.00,0,0
63,18,0,1.52,810,2.57,231475,Y4,,,0,19.194,clean,0,0,0.00,0,0
63,19,0,1.46,1,2.43,607789,Y4,,,0,17.253,clean,0,0,0.00,0,0
63,20,0,1.60,1,2.39,1333058,Y2,,,0,16.384,clean,0,0,0.00,0,0
63,21,0,1.50,1,2.50,716239,Y4,,,0,15.648,clean,0,0,0.00,0,0
63,22,0,1.33,1035,3.11,77069,Y2,0.24/noise-like,0.00/noise-like,0,15.410,FAM-HIT,0,0,0.00,0,0
63,23,0,1.61,1,2.57,729740,Y2,,,0,15.745,clean,0,0,0.00,0,0
63,24,0,1.81,1,2.32,222802,Y2,,,0,16.121,clean,0,0,0.00,0,0
63,25,0,1.86,1,2.91,159234,Y4,,,1,16.014,clean,0,0,0.00,0,0
63,26,0,1.62,1,2.41,165224,Y4,,,0,15.431,clean,0,0,0.00,0,0
63,27,0,1.90,1,2.27,360936,Y4,,,0,14.987,clean,0,0,0.00,0,0
63,28,0,1.69,1,2.35,455528,Y4,,,0,14.443,clean,0,0,0.00,0,0
63,29,0,1.53,1,2.36,490129,Y2,,,0,14.719,clean,0,0,0.00,0,0
63,30,0,1.42,1,2.41,396430,Y2,,,0,15.007,clean,0,0,0.00,0,0
63,31,0,1.70,1,2.38,472873,Y4,,,0,14.978,clean,0,0,0.00,0,0
63,32,0,1.38,1318,2.43,45955,Y2,,,0,14.414,clean,0,0,0.00,0,0
63,33,0,1.72,1,2.38,375420,Y2,,,0,13.827,clean,0,0,0.00,0,0
63,34,0,1.82,1,2.42,16719,Y4,,,0,13.648,clean,0,0,0.00,0,0
63,35,0,1.68,1,2.32,530183,Y2,,,0,14.010,clean,0,0,0.00,0,0
63,36,0,1.59,1,2.48,397593,Y4,,,0,14.551,clean,0,0,0.00,0,0
63,37,0,1.75,1,2.42,192940,Y4,,,0,14.660,clean,0,0,0.00,0,0
63,38,0,1.65,1,2.51,216097,Y2,,,0,14.172,clean,0,0,0.00,0,0
63,39,0,1.86,1,2.61,971764,Y4,,,0,13.548,clean,0,0,0.00,0,0
63,40,0,1.63,1,2.33,536263,Y4,,,0,13.186,clean,0,0,0.00,0,0
63,41,0,1.82,1,2.55,874311,Y4,,,0,13.425,clean,0,0,0.00,0,0
63,42,0,1.61,1,2.42,802249,Y4,,,0,13.914,clean,0,0,0.00,0,0
63,43,0,1.78,1,2.54,707924,Y2,,,0,14.127,clean,0,0,0.00,0,0
63,44,0,1.94,1,2.33,657052,Y2,,,0,13.629,clean,0,0,0.00,0,0
63,45,0,1.94,1,2.43,596166,Y4,,,0,12.799,clean,0,0,0.00,0,0
63,46,0,2.28,1,2.34,1050889,Y4,,,0,12.273,clean,0,0,0.00,0,0
63,47,0,2.02,1,2.38,685126,Y4,,,0,12.142,clean,0,0,0.00,0,0
63,48,0,1.85,1,2.40,171125,Y4,,,0,12.361,clean,0,0,0.00,0,0
63,49,0,2.01,1,2.26,1445621,Y4,,,0,12.413,clean,0,0,0.00,0,0
63,50,0,1.81,1,2.33,1426399,Y2,,,0,11.948,clean,0,0,0.00,0,0
63,51,0,2.07,1,2.30,1420408,Y4,,,0,11.091,clean,0,0,0.00,0,0
63,52,0,2.32,1,2.28,1195639,Y2,,,0,10.287,clean,0,0,0.00,0,0
63,53,0,2.21,1,2.33,699967,Y4,,,0,9.751,clean,0,0,0.00,0,0
63,54,0,2.58,1,2.41,1124918,Y2,0.00/noise-like,0.24/noise-like,0,9.372,hump-note,0,0,0.00,0,0
63,55,0,2.77,1,2.34,1352996,Y2,0.00/noise-like,0.00/noise-like,0,8.869,hump-note,0,0,0.00,0,0
63,56,0,2.95,1,2.34,1447856,Y4,0.00/noise-like,0.00/noise-like,0,7.959,hump-note,0,0,0.00,0,0
63,57,0,0,-1,0,0,-,,,4,6.806,QUARANTINE:dark-lane range=58 distinct=58,0,0,0.00,0,0
63,58,0,0,-1,0,0,-,,,0,5.747,QUARANTINE:dark-lane range=47 distinct=48,0,0,0.00,0,0
63,59,0,0,-1,0,0,-,,,0,4.872,QUARANTINE:dark-lane range=41 distinct=42,0,0,0.00,0,0
63,60,0,0,-1,0,0,-,,,0,4.173,QUARANTINE:dark-lane range=34 distinct=35,0,0,0.00,0,0
63,61,0,0,-1,0,0,-,,,0,3.565,QUARANTINE:dark-lane range=31 distinct=32,0,0,0.00,0,0
63,62,0,0,-1,0,0,-,,,0,2.958,QUARANTINE:dark-lane range=24 distinct=25,0,0,0.00,0,0
63,63,0,0,-1,0,0,-,,,0,2.401,QUARANTINE:dark-lane range=19 distinct=20,0,0,0.00,0,0
64,0,0,1.34,1218,2.25,938952,Y2,,,0,20.720,clean,0,0,0.00,0,0
64,1,0,1.36,956,2.21,664651,Y2,,,0,19.599,clean,0,0,0.00,0,0
64,2,0,1.40,414,2.39,13947,Y4,,,0,18.619,clean,0,0,0.00,0,0
64,3,0,1.65,1,2.47,161737,Y2,,,0,17.982,clean,0,0,0.00,0,0
64,4,0,1.53,1,2.44,225931,Y2,,,0,17.835,clean,0,0,0.00,0,0
64,5,0,1.38,486,2.31,208229,Y4,,,0,18.072,clean,0,0,0.00,0,0
64,6,0,1.44,1478,2.57,1157552,Y4,,,0,17.983,clean,0,0,0.00,0,0
64,7,0,1.38,590,2.42,1382053,Y2,,,0,17.430,clean,0,0,0.00,0,0
64,8,0,1.45,1,2.63,967115,Y2,,,0,16.748,clean,0,0,0.00,0,0
64,9,0,1.50,1,2.42,104159,Y2,,,0,16.229,clean,0,0,0.00,0,0
64,10,0,1.42,1,2.49,489414,Y2,,,0,16.245,clean,0,0,0.00,0,0
64,11,0,1.64,1,2.49,1334131,Y4,,,0,16.649,clean,0,0,0.00,0,0
64,12,0,1.37,239,2.59,113100,Y2,,,0,16.879,clean,0,0,0.00,0,0
64,13,0,1.43,1,2.41,850171,Y4,,,0,16.700,clean,0,0,0.00,0,0
64,14,0,1.55,1,2.56,668406,Y4,,,0,16.199,clean,0,0,0.00,0,0
64,15,0,1.48,1,2.47,1059830,Y4,,,0,15.936,clean,0,0,0.00,0,0
64,16,0,1.46,1,2.26,101835,Y2,,,0,16.215,clean,0,0,0.00,0,0
64,17,0,1.35,660,2.54,830680,Y4,,,0,16.904,clean,0,0,0.00,0,0
64,18,0,1.65,730,2.38,1010031,Y4,,,0,19.194,clean,0,0,0.00,0,0
64,19,0,1.44,867,2.44,894159,Y2,,,0,17.250,clean,0,0,0.00,0,0
64,20,0,1.56,1,2.44,627816,Y4,,,0,16.375,clean,0,0,0.00,0,0
64,21,0,1.60,1,2.28,1021296,Y2,,,0,15.645,clean,0,0,0.00,0,0
64,22,0,1.60,1,2.42,654191,Y2,,,0,15.409,clean,0,0,0.00,0,0
64,23,0,1.47,1,2.36,696212,Y2,,,0,15.744,clean,0,0,0.00,0,0
64,24,0,1.44,1,2.42,998944,Y4,,,0,16.143,clean,0,0,0.00,0,0
64,25,0,1.73,204,2.63,230491,Y2,,,0,16.002,clean,0,0,0.00,0,0
64,26,0,1.65,1,2.36,1408875,Y4,,,0,15.388,clean,0,0,0.00,0,0
64,27,0,1.59,1,2.35,804037,Y2,,,0,14.981,clean,0,0,0.00,0,0
64,28,0,1.50,1,2.53,946552,Y4,,,0,14.472,clean,0,0,0.00,0,0
64,29,0,1.77,1,2.54,947982,Y4,,,0,14.687,clean,0,0,0.00,0,0
64,30,0,1.60,1,2.55,429064,Y4,,,0,15.021,clean,0,0,0.00,0,0
64,31,0,1.96,1,2.34,230134,Y2,,,0,14.963,clean,0,0,0.00,0,0
64,32,0,1.40,1214,2.37,697553,Y4,,,0,14.398,clean,0,0,0.00,0,0
64,33,0,1.54,1,2.37,385165,Y4,,,0,13.822,clean,0,0,0.00,0,0
64,34,0,1.90,1,2.25,649005,Y2,,,0,13.656,clean,0,0,0.00,0,0
64,35,0,1.69,1,2.40,346720,Y2,,,0,14.001,clean,0,0,0.00,0,0
64,36,0,1.58,1,2.55,423253,Y4,,,0,14.564,clean,0,0,0.00,0,0
64,37,0,1.66,1,2.48,526071,Y2,,,0,14.642,clean,0,0,0.00,0,0
64,38,0,1.62,1,2.43,195175,Y4,,,0,14.195,clean,0,0,0.00,0,0
64,39,0,1.54,1,2.47,238895,Y4,,,0,13.525,clean,0,0,0.00,0,0
64,40,0,1.72,1,2.30,928402,Y2,,,0,13.180,clean,0,0,0.00,0,0
64,41,0,1.77,1,2.53,157446,Y2,,,0,13.396,clean,0,0,0.00,0,0
64,42,0,1.56,1,2.50,616729,Y2,,,0,13.874,clean,0,0,0.00,0,0
64,43,0,1.64,1,2.32,436485,Y4,,,0,14.114,clean,0,0,0.00,0,0
64,44,0,1.65,1,2.23,28521,Y4,,,0,13.605,clean,0,0,0.00,0,0
64,45,0,1.84,1,2.39,333399,Y4,,,0,12.790,clean,0,0,0.00,0,0
64,46,0,1.89,1,2.54,1267165,Y4,,,0,12.250,clean,0,0,0.00,0,0
64,47,0,1.94,1,2.47,1207173,Y2,,,0,12.153,clean,0,0,0.00,0,0
64,48,0,1.92,1,2.37,865191,Y2,,,0,12.346,clean,0,0,0.00,0,0
64,49,0,2.11,1,2.30,992328,Y2,,,0,12.424,clean,0,0,0.00,0,0
64,50,0,1.66,1,2.50,902832,Y2,,,0,11.968,clean,0,0,0.00,0,0
64,51,0,2.30,1,2.32,208497,Y4,,,0,11.096,clean,0,0,0.00,0,0
64,52,0,2.40,1,2.43,175595,Y4,,,0,10.309,clean,0,0,0.00,0,0
64,53,0,2.43,1,2.22,14663,Y2,,,0,9.712,clean,0,0,0.00,0,0
64,54,0,2.56,1,2.32,422001,Y4,0.00/noise-like,0.00/noise-like,0,9.359,hump-note,0,0,0.00,0,0
64,55,0,2.85,1,2.44,108987,Y4,0.24/noise-like,0.00/noise-like,0,8.861,hump-note,0,0,0.00,0,0
64,56,0,3.25,1,2.41,643909,Y4,0.00/noise-like,0.24/noise-like,0,7.958,hump-note,0,0,0.00,0,0
64,57,0,0,-1,0,0,-,,,0,6.784,QUARANTINE:dark-lane range=59 distinct=58,0,0,0.00,0,0
64,58,0,0,-1,0,0,-,,,0,5.742,QUARANTINE:dark-lane range=47 distinct=48,0,0,0.00,0,0
64,59,0,0,-1,0,0,-,,,0,4.884,QUARANTINE:dark-lane range=43 distinct=44,0,0,0.00,0,0
64,60,0,0,-1,0,0,-,,,0,4.166,QUARANTINE:dark-lane range=37 distinct=37,0,0,0.00,0,0
64,61,0,0,-1,0,0,-,,,0,3.564,QUARANTINE:dark-lane range=31 distinct=32,0,0,0.00,0,0
64,62,0,0,-1,0,0,-,,,0,2.960,QUARANTINE:dark-lane range=25 distinct=26,0,0,0.00,0,0
64,63,0,0,-1,0,0,-,,,0,2.403,QUARANTINE:dark-lane range=21 distinct=22,0,0,0.00,0,0
65,0,0,1.38,1196,2.39,1098722,Y2,,,0,20.758,clean,0,0,0.00,0,0
65,1,0,1.54,1,2.48,372201,Y4,,,0,19.602,clean,0,0,0.00,0,0
65,2,0,1.42,1643,2.39,5543,Y4,,,0,18.578,clean,0,0,0.00,0,0
65,3,0,1.50,1,2.46,815749,Y4,,,0,17.980,clean,0,0,0.00,0,0
65,4,0,1.38,891,2.29,1251429,Y4,,,0,17.873,clean,0,0,0.00,0,0
65,5,0,1.40,1461,2.40,599921,Y2,,,0,18.075,clean,0,0,0.00,0,0
65,6,0,1.45,1,2.41,126868,Y4,,,0,17.955,clean,0,0,0.00,0,0
65,7,0,1.33,1337,2.52,895411,Y2,,,1,17.433,clean,0,0,0.00,0,0
65,8,0,1.60,1,2.40,723302,Y4,,,0,16.773,clean,0,0,0.00,0,0
65,9,0,1.59,1,2.55,898719,Y2,,,0,16.251,clean,0,0,0.00,0,0
65,10,0,1.50,1,2.38,1428723,Y4,,,0,16.232,clean,0,0,0.00,0,0
65,11,0,1.47,1,2.34,615388,Y2,,,0,16.626,clean,0,0,0.00,0,0
65,12,0,1.75,1,2.48,1083434,Y4,,,0,16.879,clean,0,0,0.00,0,0
65,13,0,1.70,1,2.46,746459,Y4,,,0,16.711,clean,0,0,0.00,0,0
65,14,0,1.58,1,2.26,940293,Y2,,,0,16.211,clean,0,0,0.00,0,0
65,15,0,1.55,1,2.41,1241773,Y4,,,0,15.925,clean,0,0,0.00,0,0
65,16,0,1.42,407,2.40,1428813,Y2,,,0,16.167,clean,0,0,0.00,0,0
65,17,0,1.53,1,2.44,981510,Y2,,,0,16.883,clean,0,0,0.00,0,0
65,18,0,1.55,742,2.35,127137,Y2,,,0,19.200,clean,0,0,0.00,0,0
65,19,0,1.46,1,2.34,567108,Y2,,,0,17.240,clean,0,0,0.00,0,0
65,20,0,1.50,1,2.30,772834,Y4,,,0,16.389,clean,0,0,0.00,0,0
65,21,0,1.50,1,2.38,571042,Y4,,,0,15.635,clean,0,0,0.00,0,0
65,22,0,1.47,1,2.86,1062691,Y4,,,0,15.403,clean,0,0,0.00,0,0
65,23,0,1.41,1,2.43,565141,Y4,,,0,15.749,clean,0,0,0.00,0,0
65,24,0,1.64,1,2.36,654191,Y4,,,0,16.138,clean,0,0,0.00,0,0
65,25,0,2.13,204,2.43,593930,Y2,,,2,16.007,clean,0,0,0.00,0,0
65,26,0,1.47,1,2.66,347346,Y4,,,0,15.397,clean,0,0,0.00,0,0
65,27,0,1.58,614,2.60,412256,Y4,,,0,14.972,clean,0,0,0.00,0,0
65,28,0,1.48,1,2.53,113636,Y4,,,0,14.445,clean,0,0,0.00,0,0
65,29,0,1.80,1,2.32,636309,Y2,,,0,14.696,clean,0,0,0.00,0,0
65,30,0,1.68,1,2.56,82612,Y4,,,0,15.004,clean,0,0,0.00,0,0
65,31,0,1.54,1,2.37,518650,Y4,,,0,14.979,clean,0,0,0.00,0,0
65,32,0,1.34,285,2.56,1338065,Y4,,,0,14.421,clean,0,0,0.00,0,0
65,33,0,1.85,1,2.20,1360953,Y2,,,0,13.796,clean,0,0,0.00,0,0
65,34,0,1.71,1,2.62,1326621,Y2,,,0,13.634,clean,0,0,0.00,0,0
65,35,0,1.85,1,2.66,215471,Y2,,,0,14.014,clean,0,0,0.00,0,0
65,36,0,1.34,615,2.30,157356,Y4,,,0,14.535,clean,0,0,0.00,0,0
65,37,0,1.66,1,2.45,1228809,Y2,,,0,14.659,clean,0,0,0.00,0,0
65,38,0,1.82,1,2.53,83685,Y2,,,0,14.194,clean,0,0,0.00,0,0
65,39,0,1.68,1,2.72,113815,Y4,,,0,13.476,clean,0,0,0.00,0,0
65,40,0,1.80,1,2.41,113636,Y4,,,0,13.193,clean,0,0,0.00,0,0
65,41,0,1.76,1,2.30,331521,Y4,,,0,13.410,clean,0,0,0.00,0,0
65,42,0,1.81,1,2.30,235409,Y4,,,0,13.892,clean,0,0,0.00,0,0
65,43,0,1.73,1,2.53,84758,Y2,,,0,14.113,clean,0,0,0.00,0,0
65,44,0,1.74,1,2.44,333756,Y2,,,0,13.615,clean,0,0,0.00,0,0
65,45,0,1.87,1,2.40,1218528,Y4,,,0,12.823,clean,0,0,0.00,0,0
65,46,0,2.01,1,2.29,977665,Y2,,,0,12.285,clean,0,0,0.00,0,0
65,47,0,1.96,1,2.43,1427919,Y2,,,0,12.141,clean,0,0,0.00,0,0
65,48,0,1.59,1,2.34,524819,Y4,,,0,12.334,clean,0,0,0.00,0,0
65,49,0,1.54,1,2.44,888884,Y2,,,0,12.429,clean,0,0,0.00,0,0
65,50,0,2.27,1,2.25,1382500,Y4,,,0,11.941,clean,0,0,0.00,0,0
65,51,0,2.13,1,2.39,49800,Y4,,,0,11.107,clean,0,0,0.00,0,0
65,52,0,2.00,1,2.36,696033,Y2,,,0,10.302,clean,0,0,0.00,0,0
65,53,0,2.49,1,2.55,163525,Y2,,,0,9.747,clean,0,0,0.00,0,0
65,54,0,2.61,1,2.36,980973,Y2,0.24/noise-like,0.24/noise-like,0,9.376,hump-note,0,0,0.00,0,0
65,55,0,2.77,1,2.48,837922,Y2,0.00/noise-like,0.00/noise-like,0,8.853,hump-note,0,0,0.00,0,0
65,56,0,3.16,1,2.51,287354,Y2,0.00/noise-like,0.00/noise-like,0,7.966,hump-note,0,0,0.00,0,0
65,57,0,0,-1,0,0,-,,,6,6.794,QUARANTINE:dark-lane range=60 distinct=58,0,0,0.00,0,0
65,58,0,0,-1,0,0,-,,,0,5.741,QUARANTINE:dark-lane range=48 distinct=49,0,0,0.00,0,0
65,59,0,0,-1,0,0,-,,,0,4.879,QUARANTINE:dark-lane range=40 distinct=40,0,0,0.00,0,0
65,60,0,0,-1,0,0,-,,,0,4.162,QUARANTINE:dark-lane range=36 distinct=37,0,0,0.00,0,0
65,61,0,0,-1,0,0,-,,,0,3.559,QUARANTINE:dark-lane range=34 distinct=32,0,0,0.00,0,0
65,62,0,0,-1,0,0,-,,,0,2.957,QUARANTINE:dark-lane range=27 distinct=28,0,0,0.00,0,0
65,63,0,0,-1,0,0,-,,,0,2.403,QUARANTINE:dark-lane range=22 distinct=23,0,0,0.00,0,0
66,0,0,1.39,438,2.42,402510,Y2,,,0,20.705,clean,0,0,0.00,0,0
66,1,0,1.47,1,2.39,772476,Y2,,,0,19.600,clean,0,0,0.00,0,0
66,2,0,1.46,1,2.33,530362,Y4,,,0,18.589,clean,0,0,0.00,0,0
66,3,0,1.44,1,2.18,148684,Y4,,,0,17.927,clean,0,0,0.00,0,0
66,4,0,1.34,1035,2.51,950128,Y2,,,0,17.846,clean,0,0,0.00,0,0
66,5,0,1.41,425,2.26,1443833,Y2,,,0,18.085,clean,0,0,0.00,0,0
66,6,0,1.40,1478,2.46,347793,Y2,,,0,17.990,clean,0,0,0.00,0,0
66,7,0,1.50,1,2.57,1432925,Y4,,,0,17.443,clean,0,0,0.00,0,0
66,8,0,1.42,1,2.48,991344,Y2,,,0,16.737,clean,0,0,0.00,0,0
66,9,0,1.36,1,2.45,337690,Y4,,,0,16.217,clean,0,0,0.00,0,0
66,10,0,1.53,1,2.45,658661,Y2,,,0,16.232,clean,0,0,0.00,0,0
66,11,0,1.79,1,2.41,373632,Y2,,,0,16.626,clean,0,0,0.00,0,0
66,12,0,1.43,1,2.36,272959,Y2,,,0,16.867,clean,0,0,0.00,0,0
66,13,0,1.63,1,2.72,633806,Y2,,,0,16.728,clean,0,0,0.00,0,0
66,14,0,1.38,1500,2.28,986606,Y2,,,0,16.217,clean,0,0,0.00,0,0
66,15,0,1.47,1,2.74,977039,Y4,,,0,15.916,clean,0,0,0.00,0,0
66,16,0,1.72,1,2.32,507742,Y4,,,0,16.191,clean,0,0,0.00,0,0
66,17,0,1.39,1,2.50,1386255,Y4,,,0,16.867,clean,0,0,0.00,0,0
66,18,0,1.73,755,2.36,70900,Y2,,,0,19.210,clean,0,0,0.00,0,0
66,19,0,1.65,1,2.59,947535,Y4,,,0,17.256,clean,0,0,0.00,0,0
66,20,0,1.51,1,2.44,423074,Y4,,,0,16.346,clean,0,0,0.00,0,0
66,21,0,1.66,1,2.51,1141816,Y4,,,0,15.646,clean,0,0,0.00,0,0
66,22,0,1.67,1,2.76,522673,Y2,,,0,15.385,clean,0,0,0.00,0,0
66,23,0,1.62,1,2.26,866979,Y4,,,0,15.729,clean,0,0,0.00,0,0
66,24,0,1.49,1,2.52,1276284,Y4,,,0,16.147,clean,0,0,0.00,0,0
66,25,0,1.81,204,6.88,1699,Y4,0.24/noise-like,0.00/noise-like,13,16.028,FAM-HIT,0,0,0.00,0,0
66,26,0,1.79,1,2.29,744939,Y4,,,0,15.378,clean,0,0,0.00,0,0
66,27,0,1.71,1,2.53,444889,Y2,,,0,14.982,clean,0,0,0.00,0,0
66,28,0,1.56,1,2.28,308543,Y4,,,0,14.468,clean,0,0,0.00,0,0
66,29,0,1.58,1,2.71,1393765,Y4,,,0,14.669,clean,0,0,0.00,0,0
66,30,0,1.54,1,2.22,159502,Y4,,,0,15.012,clean,0,0,0.00,0,0
66,31,0,1.83,1,2.30,41038,Y2,,,0,14.977,clean,0,0,0.00,0,0
66,32,0,1.36,634,2.19,211537,Y4,,,0,14.421,clean,0,0,0.00,0,0
66,33,0,1.61,1,2.43,970691,Y4,,,0,13.804,clean,0,0,0.00,0,0
66,34,0,1.94,1,2.35,70006,Y2,,,0,13.662,clean,0,0,0.00,0,0
66,35,0,1.60,1,2.59,1074672,Y2,,,0,14.010,clean,0,0,0.00,0,0
66,36,0,1.89,1,2.24,194550,Y2,,,0,14.540,clean,0,0,0.00,0,0
66,37,0,1.53,1,2.57,220478,Y2,,,0,14.670,clean,0,0,0.00,0,0
66,38,0,1.76,1,2.68,87351,Y2,,,0,14.170,clean,0,0,0.00,0,0
66,39,0,1.64,1,2.30,927240,Y2,,,0,13.497,clean,0,0,0.00,0,0
66,40,0,1.67,1,2.36,1322418,Y2,,,0,13.222,clean,0,0,0.00,0,0
66,41,0,1.76,1,2.26,1448035,Y2,,,0,13.415,clean,0,0,0.00,0,0
66,42,0,1.56,1,2.40,109434,Y2,,,0,13.863,clean,0,0,0.00,0,0
66,43,0,1.61,1,2.26,518829,Y2,,,0,14.121,clean,0,0,0.00,0,0
66,44,0,1.85,1,2.25,281543,Y4,,,0,13.616,clean,0,0,0.00,0,0
66,45,0,2.13,1,2.41,809401,Y4,,,0,12.793,clean,0,0,0.00,0,0
66,46,0,1.86,1,2.36,172913,Y2,,,0,12.272,clean,0,0,0.00,0,0
66,47,0,1.85,1,2.52,492811,Y4,,,0,12.172,clean,0,0,0.00,0,0
66,48,0,1.76,1,2.55,1097381,Y4,,,0,12.343,clean,0,0,0.00,0,0
66,49,0,1.85,1,2.29,424504,Y2,,,0,12.432,clean,0,0,0.00,0,0
66,50,0,2.01,1,2.40,377566,Y4,,,0,11.941,clean,0,0,0.00,0,0
66,51,0,2.43,1,2.40,1157284,Y4,,,0,11.067,clean,0,0,0.00,0,0
66,52,0,2.21,1,2.48,1094967,Y4,,,0,10.295,clean,0,0,0.00,0,0
66,53,0,2.25,1,2.36,586778,Y4,,,0,9.734,clean,0,0,0.00,0,0
66,54,0,2.55,1,2.51,258297,Y4,0.00/noise-like,0.00/noise-like,0,9.353,hump-note,0,0,0.00,0,0
66,55,0,2.39,1,2.24,437379,Y2,,,0,8.858,clean,0,0,0.00,0,0
66,56,0,3.00,1,2.40,39428,Y2,0.24/noise-like,0.00/noise-like,0,7.959,hump-note,0,0,0.00,0,0
66,57,0,4.31,1,6.52,715,Y4,0.24/noise-like,0.00/noise-like,24,6.824,FAM-HIT,0,0,0.00,0,0
66,58,0,0,-1,0,0,-,,,0,5.740,QUARANTINE:dark-lane range=51 distinct=49,0,0,0.00,0,0
66,59,0,0,-1,0,0,-,,,0,4.884,QUARANTINE:dark-lane range=42 distinct=41,0,0,0.00,0,0
66,60,0,0,-1,0,0,-,,,0,4.171,QUARANTINE:dark-lane range=35 distinct=36,0,0,0.00,0,0
66,61,0,0,-1,0,0,-,,,0,3.559,QUARANTINE:dark-lane range=30 distinct=31,0,0,0.00,0,0
66,62,0,0,-1,0,0,-,,,0,2.958,QUARANTINE:dark-lane range=28 distinct=28,0,0,0.00,0,0
66,63,0,0,-1,0,0,-,,,0,2.405,QUARANTINE:dark-lane range=21 distinct=22,0,0,0.00,0,0
67,0,0,1.48,164,2.55,1200825,Y2,,,0,20.703,clean,0,0,0.00,0,0
67,1,0,1.44,1438,2.28,714004,Y4,,,0,19.569,clean,0,0,0.00,0,0
67,2,0,1.47,1643,2.23,560403,Y2,,,0,18.580,clean,0,0,0.00,0,0
67,3,0,1.71,1,2.55,1015842,Y2,,,0,17.968,clean,0,0,0.00,0,0
67,4,0,1.35,888,2.32,607878,Y4,,,0,17.825,clean,0,0,0.00,0,0
67,5,0,1.48,1,2.47,1464844,Y2,,,0,18.048,clean,0,0,0.00,0,0
67,6,0,1.46,1478,2.64,821829,Y2,,,0,17.979,clean,0,0,0.00,0,0
67,7,0,1.30,872,2.55,316232,Y4,,,0,17.405,clean,0,0,0.00,0,0
67,8,0,1.47,1,2.46,149041,Y4,,,0,16.757,clean,0,0,0.00,0,0
67,9,0,1.34,1,2.45,401437,Y2,,,0,16.225,clean,0,0,0.00,0,0
67,10,0,1.47,1,2.48,570416,Y4,,,0,16.256,clean,0,0,0.00,0,0
67,11,0,1.35,1,2.35,562370,Y2,,,0,16.643,clean,0,0,0.00,0,0
67,12,0,1.46,604,2.37,1198411,Y4,,,0,16.884,clean,0,0,0.00,0,0
67,13,0,1.78,1,2.62,1269042,Y2,,,0,16.691,clean,0,0,0.00,0,0
67,14,0,1.74,1,2.31,257045,Y2,,,0,16.213,clean,0,0,0.00,0,0
67,15,0,1.51,1,2.57,268042,Y4,,,0,15.929,clean,0,0,0.00,0,0
67,16,0,1.56,1,2.43,543773,Y2,,,0,16.189,clean,0,0,0.00,0,0
67,17,0,1.40,1067,2.63,524908,Y2,,,0,16.852,clean,0,0,0.00,0,0
67,18,0,1.60,625,2.33,1114100,Y2,,,0,19.213,clean,0,0,0.00,0,0
67,19,0,1.54,1,2.23,6884,Y2,,,0,17.242,clean,0,0,0.00,0,0
67,20,0,1.51,1,2.22,881642,Y2,,,0,16.341,clean,0,0,0.00,0,0
67,21,0,1.49,1,2.50,1059383,Y4,,,0,15.615,clean,0,0,0.00,0,0
67,22,0,1.53,1,2.44,332952,Y2,,,0,15.393,clean,0,0,0.00,0,0
67,23,0,1.45,1319,2.67,170410,Y2,,,0,15.725,clean,0,0,0.00,0,0
67,24,0,1.39,1,2.30,48548,Y2,,,0,16.120,clean,0,0,0.00,0,0
67,25,0,1.86,204,2.38,1070023,Y2,,,0,15.994,clean,0,0,0.00,0,0
67,26,0,1.61,1,2.30,597686,Y4,,,0,15.403,clean,0,0,0.00,0,0
67,27,0,1.64,1,2.47,394106,Y2,,,0,14.960,clean,0,0,0.00,0,0
67,28,0,1.81,1,2.22,542521,Y4,,,0,14.434,clean,0,0,0.00,0,0
67,29,0,1.76,1,2.34,247478,Y2,,,0,14.678,clean,0,0,0.00,0,0
67,30,0,1.55,1,2.42,701576,Y2,,,0,15.034,clean,0,0,0.00,0,0
67,31,0,1.80,1,2.28,885755,Y4,,,0,14.946,clean,0,0,0.00,0,0
67,32,0,1.36,1,2.36,1346022,Y4,,,0,14.422,clean,0,0,0.00,0,0
67,33,0,1.94,1,2.45,378191,Y2,,,0,13.798,clean,0,0,0.00,0,0
67,34,0,1.67,1,2.73,170231,Y2,,,0,13.629,clean,0,0,0.00,0,0
67,35,0,1.88,1,2.42,1052409,Y2,,,0,14.023,clean,0,0,0.00,0,0
67,36,0,1.65,1,2.27,1183838,Y4,,,0,14.575,clean,0,0,0.00,0,0
67,37,0,1.63,1,2.29,287265,Y4,,,0,14.656,clean,0,0,0.00,0,0
67,38,0,1.79,1,2.33,1324743,Y4,,,0,14.164,clean,0,0,0.00,0,0
67,39,0,1.63,1,2.54,657856,Y4,,,0,13.477,clean,0,0,0.00,0,0
67,40,0,1.80,1,2.45,942796,Y2,,,0,13.210,clean,0,0,0.00,0,0
67,41,0,1.79,1,2.88,1164883,Y2,,,0,13.418,clean,0,0,0.00,0,0
67,42,0,1.56,1,2.32,437826,Y4,,,0,13.880,clean,0,0,0.00,0,0
67,43,0,1.61,1,2.45,979811,Y4,,,0,14.124,clean,0,0,0.00,0,0
67,44,0,1.79,1,2.38,911862,Y4,,,0,13.593,clean,0,0,0.00,0,0
67,45,0,1.51,1,2.31,1121163,Y4,,,0,12.790,clean,0,0,0.00,0,0
67,46,0,2.01,1,2.24,749767,Y4,,,0,12.256,clean,0,0,0.00,0,0
67,47,0,1.87,1,2.24,260711,Y2,,,0,12.148,clean,0,0,0.00,0,0
67,48,0,1.73,1234,2.85,401616,Y4,,,0,12.329,clean,0,0,0.00,0,0
67,49,0,2.11,1,2.25,171483,Y4,,,0,12.421,clean,0,0,0.00,0,0
67,50,0,2.05,1,2.41,287443,Y4,,,0,11.907,clean,0,0,0.00,0,0
67,51,0,2.68,1,2.74,195533,Y2,0.00/noise-like,0.24/noise-like,0,11.072,hump-note,0,0,0.00,0,0
67,52,0,2.46,1,2.29,254542,Y2,,,0,10.272,clean,0,0,0.00,0,0
67,53,0,2.43,1,2.33,763178,Y2,,,0,9.731,clean,0,0,0.00,0,0
67,54,0,2.74,1,2.40,75549,Y2,0.00/noise-like,0.00/noise-like,0,9.356,hump-note,0,0,0.00,0,0
67,55,0,2.77,1,2.36,1430601,Y2,0.42/WATCH,0.24/noise-like,0,8.863,hump-note,0,0,0.00,0,0
67,56,0,3.15,1,2.51,500500,Y2,0.00/noise-like,0.00/noise-like,0,7.951,hump-note,0,0,0.00,0,0
67,57,0,0,-1,0,0,-,,,0,6.788,QUARANTINE:dark-lane range=57 distinct=57,0,0,0.00,0,0
67,58,0,0,-1,0,0,-,,,0,5.741,QUARANTINE:dark-lane range=52 distinct=49,0,0,0.00,0,0
67,59,0,0,-1,0,0,-,,,0,4.885,QUARANTINE:dark-lane range=44 distinct=44,0,0,0.00,0,0
67,60,0,0,-1,0,0,-,,,0,4.166,QUARANTINE:dark-lane range=37 distinct=38,0,0,0.00,0,0
67,61,0,0,-1,0,0,-,,,0,3.560,QUARANTINE:dark-lane range=31 distinct=32,0,0,0.00,0,0
67,62,0,0,-1,0,0,-,,,0,2.957,QUARANTINE:dark-lane range=24 distinct=25,0,0,0.00,0,0
67,63,0,0,-1,0,0,-,,,0,2.403,QUARANTINE:dark-lane range=21 distinct=22,0,0,0.00,0,0
68,0,0,1.37,1082,2.29,248283,Y2,,,0,20.727,clean,0,0,0.00,0,0
68,1,0,1.46,1,2.43,256419,Y4,,,0,19.614,clean,0,0,0.00,0,0
68,2,0,1.45,1,2.43,1275480,Y2,,,0,18.556,clean,0,0,0.00,0,0
68,3,0,1.35,452,2.79,1256704,Y4,,,0,17.956,clean,0,0,0.00,0,0
68,4,0,1.59,1,2.34,22084,Y2,,,0,17.843,clean,0,0,0.00,0,0
68,5,0,1.48,1,2.63,30130,Y2,,,0,18.041,clean,0,0,0.00,0,0
68,6,0,1.71,1,2.39,1048654,Y2,,,0,17.984,clean,0,0,0.00,0,0
68,7,0,1.49,1,2.48,157982,Y2,,,0,17.428,clean,0,0,0.00,0,0
68,8,0,1.33,771,2.17,127941,Y2,,,1,16.757,clean,0,0,0.00,0,0
68,9,0,1.77,1,2.33,772566,Y4,,,0,16.228,clean,0,0,0.00,0,0
68,10,0,1.63,1,2.52,294238,Y4,,,0,16.222,clean,0,0,0.00,0,0
68,11,0,1.38,769,2.50,311673,Y4,,,0,16.636,clean,0,0,0.00,0,0
68,12,0,1.54,1,2.92,703722,Y4,,,0,16.896,clean,0,0,0.00,0,0
68,13,0,1.48,1,2.42,542879,Y2,,,0,16.728,clean,0,0,0.00,0,0
68,14,0,1.60,1,2.50,449806,Y2,,,0,16.192,clean,0,0,0.00,0,0
68,15,0,1.53,1,2.39,82791,Y4,,,0,15.908,clean,0,0,0.00,0,0
68,16,0,1.51,1,2.36,144124,Y4,,,0,16.191,clean,0,0,0.00,0,0
68,17,0,1.67,1,2.41,1330465,Y4,,,0,16.873,clean,0,0,0.00,0,0
68,18,0,1.64,683,2.47,39607,Y2,,,0,19.201,clean,0,0,0.00,0,0
68,19,0,1.50,1,2.32,899434,Y2,,,0,17.225,clean,0,0,0.00,0,0
68,20,0,1.53,1,2.28,665456,Y2,,,0,16.363,clean,0,0,0.00,0,0
68,21,0,1.63,1,2.45,337064,Y4,,,0,15.622,clean,0,0,0.00,0,0
68,22,0,1.36,1,2.28,1329571,Y2,,,0,15.375,clean,0,0,0.00,0,0
68,23,0,1.38,1276,2.39,1170963,Y4,,,0,15.742,clean,0,0,0.00,0,0
68,24,0,1.48,1,2.37,45866,Y2,,,0,16.130,clean,0,0,0.00,0,0
68,25,0,1.77,204,2.28,54091,Y4,,,0,16.028,clean,0,0,0.00,0,0
68,26,0,1.54,1,2.29,28342,Y4,,,0,15.365,clean,0,0,0.00,0,0
68,27,0,1.65,1,2.46,212163,Y4,,,0,14.974,clean,0,0,0.00,0,0
68,28,0,1.90,1,2.42,869840,Y4,,,0,14.460,clean,0,0,0.00,0,0
68,29,0,1.69,1,2.40,617534,Y2,,,0,14.688,clean,0,0,0.00,0,0
68,30,0,1.62,1,2.39,1066089,Y4,,,0,15.018,clean,0,0,0.00,0,0
68,31,0,1.85,1,2.54,350118,Y2,,,0,14.977,clean,0,0,0.00,0,0
68,32,0,1.33,276,2.46,704527,Y2,,,0,14.438,clean,0,0,0.00,0,0
68,33,0,1.60,1,2.45,1079053,Y4,,,0,13.818,clean,0,0,0.00,0,0
68,34,0,1.74,1,2.57,809759,Y2,,,0,13.618,clean,0,0,0.00,0,0
68,35,0,1.68,1,2.64,747889,Y2,,,0,14.007,clean,0,0,0.00,0,0
68,36,0,1.63,1,2.32,638723,Y2,,,0,14.562,clean,0,0,0.00,0,0
68,37,0,1.78,1,2.27,554234,Y2,,,0,14.661,clean,0,0,0.00,0,0
68,38,0,1.91,1,2.54,618786,Y4,,,0,14.178,clean,0,0,0.00,0,0
68,39,0,1.91,1,2.42,803143,Y2,,,0,13.520,clean,0,0,0.00,0,0
68,40,0,1.77,1,2.39,1057953,Y2,,,0,13.184,clean,0,0,0.00,0,0
68,41,0,1.83,1,2.35,1089156,Y4,,,0,13.405,clean,0,0,0.00,0,0
68,42,0,1.63,1,2.71,735462,Y4,,,0,13.885,clean,0,0,0.00,0,0
68,43,0,1.55,1,2.44,320435,Y2,,,0,14.093,clean,0,0,0.00,0,0
68,44,0,1.75,1,2.31,1194030,Y4,,,0,13.616,clean,0,0,0.00,0,0
68,45,0,1.94,1,2.43,1311868,Y4,,,0,12.815,clean,0,0,0.00,0,0
68,46,0,2.10,1,2.53,449359,Y2,,,0,12.262,clean,0,0,0.00,0,0
68,47,0,1.99,1,2.55,275910,Y4,,,0,12.150,clean,0,0,0.00,0,0
68,48,0,1.72,1,2.43,1077354,Y4,,,0,12.332,clean,0,0,0.00,0,0
68,49,0,1.84,1,2.39,277698,Y2,,,0,12.413,clean,0,0,0.00,0,0
68,50,0,1.93,1,2.53,116676,Y2,,,0,11.931,clean,0,0,0.00,0,0
68,51,0,2.17,1,2.47,35942,Y4,,,0,11.099,clean,0,0,0.00,0,0
68,52,0,2.13,1,2.35,521690,Y4,,,0,10.286,clean,0,0,0.00,0,0
68,53,0,2.42,1,2.51,120699,Y2,,,0,9.734,clean,0,0,0.00,0,0
68,54,0,2.42,1,2.37,278860,Y4,,,0,9.359,clean,0,0,0.00,0,0
68,55,0,2.55,1,2.59,1388490,Y4,0.00/noise-like,0.00/noise-like,0,8.864,hump-note,0,0,0.00,0,0
68,56,0,2.69,1,2.54,587672,Y4,0.00/noise-like,0.00/noise-like,0,7.940,hump-note,0,0,0.00,0,0
68,57,0,0,-1,0,0,-,,,0,6.784,QUARANTINE:dark-lane range=60 distinct=57,0,0,0.00,0,0
68,58,0,0,-1,0,0,-,,,0,5.744,QUARANTINE:dark-lane range=47 distinct=48,0,0,0.00,0,0
68,59,0,0,-1,0,0,-,,,0,4.883,QUARANTINE:dark-lane range=42 distinct=42,0,0,0.00,0,0
68,60,0,0,-1,0,0,-,,,0,4.172,QUARANTINE:dark-lane range=38 distinct=37,0,0,0.00,0,0
68,61,0,0,-1,0,0,-,,,0,3.562,QUARANTINE:dark-lane range=29 distinct=30,0,0,0.00,0,0
68,62,0,0,-1,0,0,-,,,0,2.958,QUARANTINE:dark-lane range=26 distinct=27,0,0,0.00,0,0
68,63,0,0,-1,0,0,-,,,0,2.402,QUARANTINE:dark-lane range=19 distinct=20,0,0,0.00,0,0
69,0,0,1.39,28,2.34,424683,Y2,,,0,20.695,clean,0,0,0.00,0,0
69,1,0,1.37,1,2.37,371218,Y2,,,0,19.606,clean,0,0,0.00,0,0
69,2,0,1.62,1,2.28,1084596,Y4,,,0,18.587,clean,0,0,0.00,0,0
69,3,0,1.35,305,2.51,790894,Y4,,,0,17.977,clean,0,0,0.00,0,0
69,4,0,1.42,1,2.33,18418,Y2,,,0,17.876,clean,0,0,0.00,0,0
69,5,0,1.52,1,2.33,1464844,Y4,,,0,18.052,clean,0,0,0.00,0,0
69,6,0,1.46,1,2.44,1265556,Y4,,,0,17.959,clean,0,0,0.00,0,0
69,7,0,1.37,244,2.44,1464844,Y4,,,0,17.429,clean,0,0,0.00,0,0
69,8,0,1.46,987,2.61,630766,Y4,,,0,16.766,clean,0,0,0.00,0,0
69,9,0,1.78,1,2.33,1389921,Y4,,,0,16.261,clean,0,0,0.00,0,0
69,10,0,1.51,1,2.50,344574,Y2,,,0,16.225,clean,0,0,0.00,0,0
69,11,0,1.73,1,2.52,267148,Y2,,,0,16.612,clean,0,0,0.00,0,0
69,12,0,1.46,1,2.34,1316071,Y4,,,0,16.866,clean,0,0,0.00,0,0
69,13,0,1.57,1,2.36,643998,Y4,,,0,16.737,clean,0,0,0.00,0,0
69,14,0,1.45,247,2.57,1334220,Y4,,,0,16.224,clean,0,0,0.00,0,0
69,15,0,1.51,1,2.34,757009,Y4,,,0,15.934,clean,0,0,0.00,0,0
69,16,0,1.62,1,2.52,895143,Y2,,,0,16.207,clean,0,0,0.00,0,0
69,17,0,1.46,744,2.33,1443565,Y4,,,0,16.879,clean,0,0,0.00,0,0
69,18,0,1.59,791,2.37,273854,Y4,,,0,19.200,clean,0,0,0.00,0,0
69,19,0,1.45,1,2.45,1044005,Y4,,,0,17.276,clean,0,0,0.00,0,0
69,20,0,1.44,1,2.36,311047,Y2,,,0,16.357,clean,0,0,0.00,0,0
69,21,0,1.47,1,2.39,1090407,Y4,,,0,15.652,clean,0,0,0.00,0,0
69,22,0,1.88,1,2.65,253022,Y4,,,0,15.397,clean,0,0,0.00,0,0
69,23,0,1.44,1,2.22,1417100,Y2,,,0,15.740,clean,0,0,0.00,0,0
69,24,0,1.75,1,2.33,1173198,Y2,,,0,16.098,clean,0,0,0.00,0,0
69,25,0,2.05,204,3.55,1699,Y4,0.00/noise-like,0.24/noise-like,3,16.011,FAM-HIT,0,0,0.00,0,0
69,26,0,1.42,1,2.26,56952,Y2,,,0,15.404,clean,0,0,0.00,0,0
69,27,0,1.56,630,2.29,27716,Y2,,,0,14.980,clean,0,0,0.00,0,0
69,28,0,1.80,1,2.37,1017362,Y4,,,0,14.469,clean,0,0,0.00,0,0
69,29,0,1.36,900,2.32,99778,Y4,,,0,14.698,clean,0,0,0.00,0,0
69,30,0,1.76,1,2.42,783026,Y4,,,0,15.028,clean,0,0,0.00,0,0
69,31,0,1.75,1,2.25,334203,Y4,,,0,14.979,clean,0,0,0.00,0,0
69,32,0,1.38,1063,2.40,155389,Y4,,,0,14.415,clean,0,0,0.00,0,0
69,33,0,1.66,1,2.63,212610,Y2,,,0,13.795,clean,0,0,0.00,0,0
69,34,0,1.59,1,2.25,189722,Y2,,,0,13.636,clean,0,0,0.00,0,0
69,35,0,1.65,1,2.51,828087,Y4,,,0,14.006,clean,0,0,0.00,0,0
69,36,0,1.72,1,2.59,554055,Y4,,,0,14.556,clean,0,0,0.00,0,0
69,37,0,1.54,1,2.31,544935,Y2,,,0,14.667,clean,0,0,0.00,0,0
69,38,0,2.01,1,2.50,217617,Y2,,,0,14.165,clean,0,0,0.00,0,0
69,39,0,1.75,1,2.28,232279,Y2,,,0,13.524,clean,0,0,0.00,0,0
69,40,0,1.75,1,2.71,1010656,Y2,,,0,13.181,clean,0,0,0.00,0,0
69,41,0,1.64,1,2.31,546187,Y2,,,0,13.428,clean,0,0,0.00,0,0
69,42,0,1.95,1,2.35,479668,Y4,,,0,13.915,clean,0,0,0.00,0,0
69,43,0,1.73,1,2.43,707030,Y4,,,0,14.106,clean,0,0,0.00,0,0
69,44,0,1.78,1,2.37,1135111,Y2,,,0,13.619,clean,0,0,0.00,0,0
69,45,0,1.57,1,2.23,434518,Y2,,,0,12.805,clean,0,0,0.00,0,0
69,46,0,2.12,1,2.42,527591,Y2,,,0,12.258,clean,0,0,0.00,0,0
69,47,0,2.17,1,2.54,860363,Y4,,,0,12.133,clean,0,0,0.00,0,0
69,48,0,1.95,1,2.68,94682,Y2,,,0,12.350,clean,0,0,0.00,0,0
69,49,0,1.71,1,2.38,1231939,Y4,,,0,12.440,clean,0,0,0.00,0,0
69,50,0,2.07,1,2.29,1101941,Y4,,,0,11.925,clean,0,0,0.00,0,0
69,51,0,2.21,1,2.39,440419,Y2,,,0,11.090,clean,0,0,0.00,0,0
69,52,0,2.47,1,2.59,475734,Y4,,,0,10.284,clean,0,0,0.00,0,0
69,53,0,2.40,1,2.59,1340479,Y4,,,0,9.739,clean,0,0,0.00,0,0
69,54,0,2.58,1,2.38,1267880,Y4,0.00/noise-like,0.00/noise-like,0,9.378,hump-note,0,0,0.00,0,0
69,55,0,2.46,1,2.37,670820,Y2,,,0,8.867,clean,0,0,0.00,0,0
69,56,0,2.69,1,2.42,103712,Y2,0.24/noise-like,0.24/noise-like,0,7.968,hump-note,0,0,0.00,0,0
69,57,0,0,-1,0,0,-,,,14,6.811,QUARANTINE:dark-lane range=57 distinct=56,0,0,0.00,0,0
69,58,0,0,-1,0,0,-,,,0,5.735,QUARANTINE:dark-lane range=51 distinct=50,0,0,0.00,0,0
69,59,0,0,-1,0,0,-,,,0,4.880,QUARANTINE:dark-lane range=41 distinct=42,0,0,0.00,0,0
69,60,0,0,-1,0,0,-,,,0,4.162,QUARANTINE:dark-lane range=40 distinct=38,0,0,0.00,0,0
69,61,0,0,-1,0,0,-,,,0,3.561,QUARANTINE:dark-lane range=30 distinct=31,0,0,0.00,0,0
69,62,0,0,-1,0,0,-,,,0,2.958,QUARANTINE:dark-lane range=26 distinct=27,0,0,0.00,0,0
69,63,0,0,-1,0,0,-,,,0,2.403,QUARANTINE:dark-lane range=22 distinct=23,0,0,0.00,0,0
70,0,0,1.31,865,2.33,713468,Y4,,,0,20.732,clean,0,0,0.00,0,0
70,1,0,1.35,890,2.37,989020,Y2,,,0,19.586,clean,0,0,0.00,0,0
70,2,0,1.54,1,2.60,617087,Y2,,,0,18.573,clean,0,0,0.00,0,0
70,3,0,1.47,1,2.44,161201,Y2,,,0,17.989,clean,0,0,0.00,0,0
70,4,0,1.67,1,2.43,675201,Y2,,,0,17.851,clean,0,0,0.00,0,0
70,5,0,1.49,1,2.53,953615,Y4,,,0,18.046,clean,0,0,0.00,0,0
70,6,0,1.44,1,2.39,639796,Y2,,,0,17.975,clean,0,0,0.00,0,0
70,7,0,1.47,1,2.31,954866,Y2,,,0,17.421,clean,0,0,0.00,0,0
70,8,0,1.37,865,2.41,1085937,Y4,,,0,16.748,clean,0,0,0.00,0,0
70,9,0,1.48,1,2.48,383198,Y4,,,0,16.217,clean,0,0,0.00,0,0
70,10,0,1.58,1,2.54,858486,Y4,,,0,16.210,clean,0,0,0.00,0,0
70,11,0,1.53,1,2.52,2146,Y2,,,0,16.628,clean,0,0,0.00,0,0
70,12,0,1.49,1,2.56,1291931,Y2,,,0,16.865,clean,0,0,0.00,0,0
70,13,0,1.50,1,2.30,1141995,Y2,,,0,16.721,clean,0,0,0.00,0,0
70,14,0,1.47,1,2.36,239521,Y2,,,0,16.248,clean,0,0,0.00,0,0
70,15,0,1.53,1,2.49,711143,Y4,,,0,15.939,clean,0,0,0.00,0,0
70,16,0,1.66,1,2.48,446856,Y2,,,0,16.202,clean,0,0,0.00,0,0
70,17,0,1.60,1,2.54,440598,Y2,,,0,16.892,clean,0,0,0.00,0,0
70,18,0,1.56,669,2.37,670463,Y4,,,0,19.212,clean,0,0,0.00,0,0
70,19,0,1.59,1,2.34,948876,Y4,,,0,17.277,clean,0,0,0.00,0,0
70,20,0,1.63,1,2.48,467867,Y2,,,0,16.381,clean,0,0,0.00,0,0
70,21,0,1.36,614,2.48,1132250,Y4,,,0,15.666,clean,0,0,0.00,0,0
70,22,0,1.62,1,2.35,155210,Y2,,,0,15.431,clean,0,0,0.00,0,0
70,23,0,1.55,1,2.35,929028,Y2,,,0,15.744,clean,0,0,0.00,0,0
70,24,0,1.44,1,2.56,756562,Y4,,,0,16.157,clean,0,0,0.00,0,0
70,25,0,2.06,204,4.10,81450,Y4,0.00/noise-like,0.00/noise-like,3,16.023,FAM-HIT,0,0,0.00,0,0
70,26,0,1.53,1,2.54,625312,Y4,,,0,15.388,clean,0,0,0.00,0,0
70,27,0,1.57,641,2.33,1375616,Y4,,,0,14.964,clean,0,0,0.00,0,0
70,28,0,1.47,1,2.35,429779,Y4,,,0,14.446,clean,0,0,0.00,0,0
70,29,0,1.62,1,2.55,525266,Y2,,,0,14.677,clean,0,0,0.00,0,0
70,30,0,1.76,1,2.48,1448035,Y2,,,0,15.028,clean,0,0,0.00,0,0
70,31,0,1.78,1,2.36,1170516,Y2,,,0,14.990,clean,0,0,0.00,0,0
70,32,0,1.37,1362,2.37,609398,Y4,,,0,14.404,clean,0,0,0.00,0,0
70,33,0,1.64,1,2.65,476182,Y2,,,0,13.806,clean,0,0,0.00,0,0
70,34,0,1.76,1,2.29,1347542,Y4,,,0,13.662,clean,0,0,0.00,0,0
70,35,0,1.91,1,2.55,574887,Y4,,,0,14.025,clean,0,0,0.00,0,0
70,36,0,1.63,1,2.28,991791,Y2,,,0,14.543,clean,0,0,0.00,0,0
70,37,0,1.66,1,2.58,51230,Y4,,,0,14.666,clean,0,0,0.00,0,0
70,38,0,1.80,1,2.84,1206726,Y4,,,0,14.185,clean,0,0,0.00,0,0
70,39,0,1.55,1,2.47,978649,Y2,,,0,13.514,clean,0,0,0.00,0,0
70,40,0,1.81,1,2.53,313729,Y4,,,0,13.191,clean,0,0,0.00,0,0
70,41,0,1.70,1,2.34,395447,Y4,,,0,13.449,clean,0,0,0.00,0,0
70,42,0,1.67,1,2.42,1374364,Y4,,,0,13.890,clean,0,0,0.00,0,0
70,43,0,1.98,1,2.40,90927,Y2,,,0,14.104,clean,0,0,0.00,0,0
70,44,0,1.92,1,2.53,1032203,Y4,,,0,13.609,clean,0,0,0.00,0,0
70,45,0,2.15,1,2.53,178814,Y2,,,0,12.808,clean,0,0,0.00,0,0
70,46,0,1.83,1,2.52,217170,Y2,,,0,12.274,clean,0,0,0.00,0,0
70,47,0,1.68,1,2.40,164062,Y2,,,0,12.140,clean,0,0,0.00,0,0
70,48,0,1.76,1234,2.40,884414,Y4,,,0,12.346,clean,0,0,0.00,0,0
70,49,0,1.77,1,2.55,1023173,Y4,,,0,12.412,clean,0,0,0.00,0,0
70,50,0,1.84,1,2.28,1069397,Y2,,,0,11.925,clean,0,0,0.00,0,0
70,51,0,2.21,1,2.39,924200,Y4,,,0,11.078,clean,0,0,0.00,0,0
70,52,0,2.47,1,2.28,182033,Y2,,,0,10.293,clean,0,0,0.00,0,0
70,53,0,2.32,1,2.22,178367,Y4,,,0,9.725,clean,0,0,0.00,0,0
70,54,0,2.44,1,2.41,174165,Y4,,,0,9.351,clean,0,0,0.00,0,0
70,55,0,2.61,1,2.38,1159787,Y4,0.00/noise-like,0.24/noise-like,0,8.866,hump-note,0,0,0.00,0,0
70,56,0,2.91,1,2.37,915796,Y2,0.24/noise-like,0.00/noise-like,0,7.970,hump-note,0,0,0.00,0,0
70,57,0,0,-1,0,0,-,,,8,6.791,QUARANTINE:dark-lane range=58 distinct=58,0,0,0.00,0,0
70,58,0,0,-1,0,0,-,,,0,5.742,QUARANTINE:dark-lane range=48 distinct=49,0,0,0.00,0,0
70,59,0,0,-1,0,0,-,,,0,4.896,QUARANTINE:dark-lane range=40 distinct=41,0,0,0.00,0,0
70,60,0,0,-1,0,0,-,,,0,4.154,QUARANTINE:dark-lane range=36 distinct=37,0,0,0.00,0,0
70,61,0,0,-1,0,0,-,,,0,3.555,QUARANTINE:dark-lane range=32 distinct=33,0,0,0.00,0,0
70,62,0,0,-1,0,0,-,,,0,2.957,QUARANTINE:dark-lane range=26 distinct=27,0,0,0.00,0,0
70,63,0,0,-1,0,0,-,,,0,2.400,QUARANTINE:dark-lane range=21 distinct=22,0,0,0.00,0,0
71,0,0,1.39,723,2.38,308275,Y4,,,0,20.709,clean,0,0,0.00,0,0
71,1,0,1.41,1472,2.29,1233995,Y2,,,0,19.604,clean,0,0,0.00,0,0
71,2,0,1.38,1643,2.40,1076549,Y4,,,0,18.605,clean,0,0,0.00,0,0
71,3,0,1.40,38,2.50,989825,Y4,,,0,17.988,clean,0,0,0.00,0,0
71,4,0,1.55,1,2.38,612259,Y2,,,0,17.808,clean,0,0,0.00,0,0
71,5,0,1.47,1,2.34,212342,Y4,,,0,18.068,clean,0,0,0.00,0,0
71,6,0,1.30,5,2.75,365227,Y4,,,0,17.998,clean,0,0,0.00,0,0
71,7,0,1.54,1,2.30,1096666,Y4,,,0,17.424,clean,0,0,0.00,0,0
71,8,0,1.39,1,2.47,1099885,Y4,,,0,16.761,clean,0,0,0.00,0,0
71,9,0,1.42,1099,2.31,789553,Y2,,,0,16.243,clean,0,0,0.00,0,0
71,10,0,1.71,1,2.38,143945,Y4,,,0,16.213,clean,0,0,0.00,0,0
71,11,0,1.40,391,2.40,1260370,Y4,,,0,16.637,clean,0,0,0.00,0,0
71,12,0,1.76,1,2.40,159144,Y2,,,0,16.877,clean,0,0,0.00,0,0
71,13,0,1.44,1,2.43,959337,Y2,,,0,16.713,clean,0,0,0.00,0,0
71,14,0,1.48,1,2.35,477433,Y2,,,0,16.193,clean,0,0,0.00,0,0
71,15,0,1.53,1,2.32,1098543,Y4,,,0,15.911,clean,0,0,0.00,0,0
71,16,0,1.52,1,2.37,709444,Y4,,,0,16.182,clean,0,0,0.00,0,0
71,17,0,1.43,1,2.47,909448,Y2,,,0,16.866,clean,0,0,0.00,0,0
71,18,0,1.74,788,2.89,1286924,Y2,,,0,19.228,clean,0,0,0.00,0,0
71,19,0,1.47,1,2.72,1067340,Y4,,,0,17.235,clean,0,0,0.00,0,0
71,20,0,1.59,1,2.24,1250982,Y4,,,0,16.363,clean,0,0,0.00,0,0
71,21,0,1.84,1,2.48,653833,Y2,,,0,15.653,clean,0,0,0.00,0,0
71,22,0,1.37,109,2.35,229150,Y2,,,0,15.429,clean,0,0,0.00,0,0
71,23,0,1.55,1,2.58,1310527,Y2,,,0,15.733,clean,0,0,0.00,0,0
71,24,0,1.39,1,2.42,1044363,Y2,,,0,16.138,clean,0,0,0.00,0,0
71,25,0,2.13,204,2.96,268,Y4,,,1,16.017,clean,0,0,0.00,0,0
71,26,0,1.66,1,2.40,414938,Y4,,,0,15.402,clean,0,0,0.00,0,0
71,27,0,1.78,623,2.37,1167476,Y4,,,0,14.994,clean,0,0,0.00,0,0
71,28,0,1.55,1,2.40,633627,Y4,,,0,14.428,clean,0,0,0.00,0,0
71,29,0,1.74,1,2.46,923842,Y2,,,0,14.683,clean,0,0,0.00,0,0
71,30,0,1.80,1,2.32,470817,Y4,,,0,15.034,clean,0,0,0.00,0,0
71,31,0,1.47,1,2.48,896841,Y4,,,0,15.004,clean,0,0,0.00,0,0
71,32,0,1.34,893,2.34,684410,Y2,,,0,14.397,clean,0,0,0.00,0,0
71,33,0,1.64,1,2.26,1407623,Y2,,,0,13.784,clean,0,0,0.00,0,0
71,34,0,1.85,1,2.44,298083,Y2,,,0,13.640,clean,0,0,0.00,0,0
71,35,0,1.91,1,2.30,809401,Y2,,,0,14.036,clean,0,0,0.00,0,0
71,36,0,1.60,1,2.46,39607,Y2,,,0,14.562,clean,0,0,0.00,0,0
71,37,0,1.68,1,2.36,1457691,Y4,,,0,14.691,clean,0,0,0.00,0,0
71,38,0,1.76,1,2.54,1319915,Y2,,,0,14.175,clean,0,0,0.00,0,0
71,39,0,1.91,1,2.33,503451,Y2,,,0,13.504,clean,0,0,0.00,0,0
71,40,0,1.72,1,2.36,78678,Y2,,,0,13.206,clean,0,0,0.00,0,0
71,41,0,1.83,1,2.51,851065,Y4,,,0,13.414,clean,0,0,0.00,0,0
71,42,0,1.86,1,2.51,952899,Y2,,,0,13.904,clean,0,0,0.00,0,0
71,43,0,1.61,1,2.41,34332,Y2,,,0,14.132,clean,0,0,0.00,0,0
71,44,0,1.76,1,2.41,39965,Y2,,,0,13.611,clean,0,0,0.00,0,0
71,45,0,2.19,1,2.45,765592,Y4,,,0,12.789,clean,0,0,0.00,0,0
71,46,0,1.75,1,2.48,1109183,Y4,,,0,12.284,clean,0,0,0.00,0,0
71,47,0,1.84,1,2.68,790447,Y4,,,0,12.151,clean,0,0,0.00,0,0
71,48,0,1.80,1234,2.52,419319,Y2,,,0,12.359,clean,0,0,0.00,0,0
71,49,0,1.97,1,2.38,812620,Y4,,,0,12.422,clean,0,0,0.00,0,0
71,50,0,2.07,1,2.41,1232028,Y2,,,0,11.926,clean,0,0,0.00,0,0
71,51,0,1.75,1,2.79,192940,Y2,,,0,11.099,clean,0,0,0.00,0,0
71,52,0,2.27,1,2.56,1175344,Y2,,,0,10.287,clean,0,0,0.00,0,0
71,53,0,2.44,1,2.25,378728,Y2,,,0,9.730,clean,0,0,0.00,0,0
71,54,0,2.43,1,2.42,982672,Y4,,,0,9.354,clean,0,0,0.00,0,0
71,55,0,2.97,1,2.34,1448929,Y2,0.00/noise-like,0.00/noise-like,0,8.871,hump-note,0,0,0.00,0,0
71,56,0,2.96,1,2.32,194371,Y4,0.00/noise-like,0.24/noise-like,0,7.961,hump-note,0,0,0.00,0,0
71,57,0,0,-1,0,0,-,,,6,6.813,QUARANTINE:dark-lane range=60 distinct=59,0,0,0.00,0,0
71,58,0,0,-1,0,0,-,,,0,5.744,QUARANTINE:dark-lane range=49 distinct=50,0,0,0.00,0,0
71,59,0,0,-1,0,0,-,,,0,4.888,QUARANTINE:dark-lane range=42 distinct=43,0,0,0.00,0,0
71,60,0,0,-1,0,0,-,,,0,4.171,QUARANTINE:dark-lane range=38 distinct=38,0,0,0.00,0,0
71,61,0,0,-1,0,0,-,,,0,3.558,QUARANTINE:dark-lane range=30 distinct=31,0,0,0.00,0,0
71,62,0,0,-1,0,0,-,,,0,2.959,QUARANTINE:dark-lane range=25 distinct=26,0,0,0.00,0,0
71,63,0,0,-1,0,0,-,,,0,2.399,QUARANTINE:dark-lane range=19 distinct=20,0,0,0.00,0,0
72,0,0,1.43,108,2.25,1446337,Y4,,,0,20.743,clean,0,0,0.00,0,0
72,1,0,1.47,1,2.42,303000,Y2,,,0,19.606,clean,0,0,0.00,0,0
72,2,0,1.47,1643,2.38,973195,Y4,,,0,18.538,clean,0,0,0.00,0,0
72,3,0,1.39,51,2.41,1464128,Y4,,,0,18.002,clean,0,0,0.00,0,0
72,4,0,1.47,1,2.27,1182497,Y4,,,0,17.858,clean,0,0,0.00,0,0
72,5,0,1.35,683,2.36,844896,Y2,,,0,18.063,clean,0,0,0.00,0,0
72,6,0,1.43,1,2.38,56952,Y4,,,0,18.012,clean,0,0,0.00,0,0
72,7,0,1.51,1,2.32,112206,Y4,,,0,17.458,clean,0,0,0.00,0,0
72,8,0,1.53,1,2.57,63479,Y2,,,0,16.775,clean,0,0,0.00,0,0
72,9,0,1.35,578,2.39,752807,Y4,,,0,16.222,clean,0,0,0.00,0,0
72,10,0,1.40,1,2.32,1082003,Y2,,,0,16.229,clean,0,0,0.00,0,0
72,11,0,1.66,1,2.70,1416922,Y4,,,0,16.652,clean,0,0,0.00,0,0
72,12,0,1.43,609,2.30,839084,Y2,,,0,16.868,clean,0,0,0.00,0,0
72,13,0,1.34,1,2.33,621736,Y2,,,0,16.686,clean,0,0,0.00,0,0
72,14,0,1.53,1,2.42,653118,Y4,,,0,16.216,clean,0,0,0.00,0,0
72,15,0,1.34,297,2.36,266433,Y4,,,0,15.903,clean,0,0,0.00,0,0
72,16,0,1.61,1,2.27,1370698,Y4,,,0,16.195,clean,0,0,0.00,0,0
72,17,0,1.50,1,2.20,790358,Y2,,,0,16.851,clean,0,0,0.00,0,0
72,18,0,1.60,724,2.35,1125902,Y4,,,0,19.202,clean,0,0,0.00,0,0
72,19,0,1.63,1,2.45,1331180,Y4,,,0,17.246,clean,0,0,0.00,0,0
72,20,0,1.40,1,2.43,14126,Y2,,,0,16.365,clean,0,0,0.00,0,0
72,21,0,1.37,310,2.46,595003,Y2,,,0,15.623,clean,0,0,0.00,0,0
72,22,0,1.69,1,2.60,851512,Y2,,,0,15.414,clean,0,0,0.00,0,0
72,23,0,1.99,1,2.32,292629,Y2,,,0,15.734,clean,0,0,0.00,0,0
72,24,0,1.48,1,2.28,1269042,Y2,,,0,16.123,clean,0,0,0.00,0,0
72,25,0,1.84,204,2.39,499785,Y2,,,0,16.015,clean,0,0,0.00,0,0
72,26,0,1.71,1,2.34,139385,Y2,,,0,15.375,clean,0,0,0.00,0,0
72,27,0,1.68,612,2.52,920802,Y4,,,0,14.978,clean,0,0,0.00,0,0
72,28,0,1.68,1,2.73,489056,Y2,,,0,14.442,clean,0,0,0.00,0,0
72,29,0,1.76,1,2.74,1031756,Y2,,,0,14.693,clean,0,0,0.00,0,0
72,30,0,1.82,1,2.63,896305,Y2,,,0,15.024,clean,0,0,0.00,0,0
72,31,0,1.61,1,2.23,625938,Y2,,,0,14.981,clean,0,0,0.00,0,0
72,32,0,1.36,471,2.40,1158804,Y4,,,0,14.398,clean,0,0,0.00,0,0
72,33,0,1.73,1,2.79,1014143,Y4,,,0,13.799,clean,0,0,0.00,0,0
72,34,0,1.79,1,2.57,638276,Y4,,,0,13.654,clean,0,0,0.00,0,0
72,35,0,1.87,1,2.49,563979,Y4,,,0,14.007,clean,0,0,0.00,0,0
72,36,0,1.64,1,2.44,758350,Y2,,,0,14.559,clean,0,0,0.00,0,0
72,37,0,1.55,1,2.39,964433,Y2,,,0,14.648,clean,0,0,0.00,0,0
72,38,0,1.81,1,2.35,345558,Y2,,,0,14.188,clean,0,0,0.00,0,0
72,39,0,1.82,1,2.27,930190,Y2,,,0,13.510,clean,0,0,0.00,0,0
72,40,0,1.88,1,2.24,1286566,Y4,,,0,13.186,clean,0,0,0.00,0,0
72,41,0,1.56,1,2.25,563532,Y2,,,0,13.431,clean,0,0,0.00,0,0
72,42,0,1.99,1,2.39,50157,Y4,,,0,13.862,clean,0,0,0.00,0,0
72,43,0,1.62,1,2.29,379086,Y4,,,0,14.158,clean,0,0,0.00,0,0
72,44,0,1.55,1,2.32,800997,Y4,,,0,13.643,clean,0,0,0.00,0,0
72,45,0,1.80,1,2.44,15289,Y2,,,0,12.805,clean,0,0,0.00,0,0
72,46,0,1.84,1,2.34,46223,Y4,,,0,12.284,clean,0,0,0.00,0,0
72,47,0,2.22,1,2.37,1058221,Y4,,,0,12.141,clean,0,0,0.00,0,0
72,48,0,1.77,1234,2.32,668406,Y4,,,0,12.343,clean,0,0,0.00,0,0
72,49,0,1.98,1,2.55,1063496,Y2,,,0,12.422,clean,0,0,0.00,0,0
72,50,0,1.62,1,2.45,925183,Y2,,,0,11.942,clean,0,0,0.00,0,0
72,51,0,2.25,1,2.72,327051,Y2,,,0,11.086,clean,0,0,0.00,0,0
72,52,0,2.04,1,2.39,981957,Y4,,,0,10.292,clean,0,0,0.00,0,0
72,53,0,2.35,1,2.66,973821,Y4,,,0,9.720,clean,0,0,0.00,0,0
72,54,0,2.69,1,2.46,1072794,Y2,0.00/noise-like,0.00/noise-like,0,9.364,hump-note,0,0,0.00,0,0
72,55,0,2.88,1,2.32,160128,Y4,0.24/noise-like,0.00/noise-like,0,8.853,hump-note,0,0,0.00,0,0
72,56,0,3.13,1,2.50,825316,Y2,0.24/noise-like,0.00/noise-like,0,7.941,hump-note,0,0,0.00,0,0
72,57,0,0,-1,0,0,-,,,0,6.795,QUARANTINE:dark-lane range=61 distinct=59,0,0,0.00,0,0
72,58,0,0,-1,0,0,-,,,0,5.749,QUARANTINE:dark-lane range=51 distinct=51,0,0,0.00,0,0
72,59,0,0,-1,0,0,-,,,0,4.877,QUARANTINE:dark-lane range=42 distinct=42,0,0,0.00,0,0
72,60,0,0,-1,0,0,-,,,0,4.165,QUARANTINE:dark-lane range=36 distinct=37,0,0,0.00,0,0
72,61,0,0,-1,0,0,-,,,0,3.562,QUARANTINE:dark-lane range=30 distinct=30,0,0,0.00,0,0
72,62,0,0,-1,0,0,-,,,0,2.957,QUARANTINE:dark-lane range=26 distinct=26,0,0,0.00,0,0
72,63,0,0,-1,0,0,-,,,0,2.399,QUARANTINE:dark-lane range=22 distinct=23,0,0,0.00,0,0
73,0,0,1.30,398,2.47,175774,Y2,,,0,20.739,clean,0,0,0.00,0,0
73,1,0,1.37,1019,2.37,596792,Y4,,,0,19.594,clean,0,0,0.00,0,0
73,2,0,1.35,1,2.35,348240,Y2,,,0,18.596,clean,0,0,0.00,0,0
73,3,0,1.45,1,2.43,1145482,Y4,,,0,17.941,clean,0,0,0.00,0,0
73,4,0,1.55,1,2.32,298083,Y2,,,0,17.826,clean,0,0,0.00,0,0
73,5,0,1.45,1,2.59,292271,Y4,,,0,18.069,clean,0,0,0.00,0,0
73,6,0,1.36,913,2.60,950575,Y2,,,0,18.030,clean,0,0,0.00,0,0
73,7,0,1.44,1,2.43,32812,Y4,,,0,17.424,clean,0,0,0.00,0,0
73,8,0,1.69,1,2.57,376761,Y2,,,0,16.755,clean,0,0,0.00,0,0
73,9,0,1.42,1,2.50,1373112,Y4,,,0,16.229,clean,0,0,0.00,0,0
73,10,0,1.50,1,2.40,1025051,Y2,,,0,16.244,clean,0,0,0.00,0,0
73,11,0,1.68,1,2.31,453740,Y2,,,0,16.634,clean,0,0,0.00,0,0
73,12,0,1.64,1,2.41,519633,Y2,,,0,16.894,clean,0,0,0.00,0,0
73,13,0,1.51,1,2.25,368893,Y4,,,0,16.716,clean,0,0,0.00,0,0
73,14,0,1.53,1,2.34,1071274,Y4,,,0,16.223,clean,0,0,0.00,0,0
73,15,0,1.62,1,2.39,386328,Y4,,,0,15.900,clean,0,0,0.00,0,0
73,16,0,1.45,1,2.37,1206726,Y2,,,0,16.183,clean,0,0,0.00,0,0
73,17,0,1.55,1,2.31,576586,Y2,,,0,16.892,clean,0,0,0.00,0,0
73,18,0,1.56,773,2.36,397503,Y2,,,0,19.180,clean,0,0,0.00,0,0
73,19,0,1.59,1,2.42,74923,Y4,,,0,17.246,clean,0,0,0.00,0,0
73,20,0,1.48,1,2.81,1464844,Y4,,,0,16.390,clean,0,0,0.00,0,0
73,21,0,1.76,1,2.54,819504,Y4,,,0,15.640,clean,0,0,0.00,0,0
73,22,0,1.64,1,2.57,891119,Y2,,,0,15.392,clean,0,0,0.00,0,0
73,23,0,1.71,1,2.84,835419,Y2,,,0,15.730,clean,0,0,0.00,0,0
73,24,0,1.53,1,2.66,402778,Y2,,,0,16.121,clean,0,0,0.00,0,0
73,25,0,2.18,204,2.33,776142,Y4,,,0,15.997,clean,0,0,0.00,0,0
73,26,0,1.64,1,2.52,1007885,Y2,,,0,15.391,clean,0,0,0.00,0,0
73,27,0,1.54,614,2.74,78231,Y2,,,0,14.955,clean,0,0,0.00,0,0
73,28,0,1.54,1,2.56,185788,Y4,,,0,14.460,clean,0,0,0.00,0,0
73,29,0,1.60,1,2.40,899434,Y2,,,0,14.686,clean,0,0,0.00,0,0
73,30,0,1.41,1,2.46,520974,Y2,,,0,15.018,clean,0,0,0.00,0,0
73,31,0,1.62,1,2.40,1148880,Y2,,,0,15.000,clean,0,0,0.00,0,0
73,32,0,1.36,740,2.31,820935,Y4,,,0,14.421,clean,0,0,0.00,0,0
73,33,0,1.46,1,2.84,365496,Y4,,,0,13.801,clean,0,0,0.00,0,0
73,34,0,1.80,1,2.47,614673,Y4,,,0,13.647,clean,0,0,0.00,0,0
73,35,0,1.41,1,2.62,239342,Y4,,,0,14.025,clean,0,0,0.00,0,0
73,36,0,1.95,1,2.37,891209,Y4,,,0,14.563,clean,0,0,0.00,0,0
73,37,0,1.46,1,2.34,918925,Y2,,,0,14.676,clean,0,0,0.00,0,0
73,38,0,1.81,1,2.68,1340032,Y4,,,0,14.195,clean,0,0,0.00,0,0
73,39,0,1.87,1,2.34,800997,Y2,,,0,13.499,clean,0,0,0.00,0,0
73,40,0,1.99,1,2.32,1288891,Y2,,,0,13.207,clean,0,0,0.00,0,0
73,41,0,1.84,1,2.54,1222193,Y2,,,0,13.415,clean,0,0,0.00,0,0
73,42,0,1.80,1,2.59,1239628,Y2,,,0,13.900,clean,0,0,0.00,0,0
73,43,0,1.85,1,2.48,888348,Y4,,,0,14.137,clean,0,0,0.00,0,0
73,44,0,1.67,1,2.43,505418,Y2,,,0,13.629,clean,0,0,0.00,0,0
73,45,0,1.87,1,2.41,1281828,Y2,,,0,12.823,clean,0,0,0.00,0,0
73,46,0,1.78,1,2.48,230312,Y2,,,0,12.257,clean,0,0,0.00,0,0
73,47,0,1.89,1,2.42,169694,Y2,,,0,12.161,clean,0,0,0.00,0,0
73,48,0,1.84,1,2.31,482887,Y4,,,0,12.324,clean,0,0,0.00,0,0
73,49,0,1.76,1,2.39,247568,Y2,,,0,12.420,clean,0,0,0.00,0,0
73,50,0,2.22,1,2.27,1148254,Y2,,,0,11.939,clean,0,0,0.00,0,0
73,51,0,2.17,1,2.66,835150,Y4,,,0,11.099,clean,0,0,0.00,0,0
73,52,0,2.16,1,2.62,691652,Y4,,,0,10.275,clean,0,0,0.00,0,0
73,53,0,2.48,1,2.28,123471,Y2,,,0,9.753,clean,0,0,0.00,0,0
73,54,0,2.46,1,2.42,1167834,Y4,,,0,9.377,clean,0,0,0.00,0,0
73,55,0,2.83,1,2.58,688702,Y2,0.00/noise-like,0.24/noise-like,0,8.874,hump-note,0,0,0.00,0,0
73,56,0,3.06,1,2.33,1033634,Y4,0.24/noise-like,0.24/noise-like,0,7.953,hump-note,0,0,0.00,0,0
73,57,0,0,-1,0,0,-,,,0,6.787,QUARANTINE:dark-lane range=56 distinct=57,0,0,0.00,0,0
73,58,0,0,-1,0,0,-,,,0,5.743,QUARANTINE:dark-lane range=50 distinct=49,0,0,0.00,0,0
73,59,0,0,-1,0,0,-,,,0,4.883,QUARANTINE:dark-lane range=44 distinct=43,0,0,0.00,0,0
73,60,0,0,-1,0,0,-,,,0,4.168,QUARANTINE:dark-lane range=36 distinct=37,0,0,0.00,0,0
73,61,0,0,-1,0,0,-,,,0,3.556,QUARANTINE:dark-lane range=30 distinct=31,0,0,0.00,0,0
73,62,0,0,-1,0,0,-,,,0,2.967,QUARANTINE:dark-lane range=26 distinct=26,0,0,0.00,0,0
73,63,0,0,-1,0,0,-,,,0,2.396,QUARANTINE:dark-lane range=23 distinct=24,0,0,0.00,0,0
74,0,0,1.37,456,2.33,373989,Y2,,,0,20.716,clean,0,0,0.00,0,0
74,1,0,1.36,600,2.37,1395822,Y4,,,0,19.602,clean,0,0,0.00,0,0
74,2,0,1.42,1,2.40,23425,Y2,,,0,18.571,clean,0,0,0.00,0,0
74,3,0,1.54,1,2.52,323474,Y4,,,0,17.970,clean,0,0,0.00,0,0
74,4,0,1.60,1,2.49,930727,Y4,,,0,17.856,clean,0,0,0.00,0,0
74,5,0,1.42,1,2.28,490576,Y2,,,0,18.075,clean,0,0,0.00,0,0
74,6,0,1.49,1,2.42,963539,Y4,,,0,18.008,clean,0,0,0.00,0,0
74,7,0,1.47,1,2.43,1150668,Y2,,,0,17.411,clean,0,0,0.00,0,0
74,8,0,1.45,1,2.35,822097,Y2,,,0,16.735,clean,0,0,0.00,0,0
74,9,0,1.51,1,2.52,407159,Y2,,,0,16.240,clean,0,0,0.00,0,0
74,10,0,1.41,1,2.32,964344,Y4,,,0,16.235,clean,0,0,0.00,0,0
74,11,0,1.57,1,2.26,1387596,Y4,,,0,16.648,clean,0,0,0.00,0,0
74,12,0,1.67,1,2.49,1111597,Y4,,,0,16.894,clean,0,0,0.00,0,0
74,13,0,1.37,1423,2.34,674218,Y4,,,0,16.714,clean,0,0,0.00,0,0
74,14,0,1.49,478,2.26,174791,Y4,,,0,16.206,clean,0,0,0.00,0,0
74,15,0,1.37,1,2.33,1345754,Y2,,,0,15.931,clean,0,0,0.00,0,0
74,16,0,1.54,1,2.28,95129,Y2,,,0,16.184,clean,0,0,0.00,0,0
74,17,0,1.50,1,2.40,781685,Y2,,,0,16.874,clean,0,0,0.00,0,0
74,18,0,1.79,651,2.62,453651,Y2,,,0,19.208,clean,0,0,0.00,0,0
74,19,0,1.57,1,2.40,241935,Y4,,,0,17.234,clean,0,0,0.00,0,0
74,20,0,1.59,1,2.21,909448,Y4,,,0,16.356,clean,0,0,0.00,0,0
74,21,0,1.73,1,2.52,774711,Y4,,,0,15.637,clean,0,0,0.00,0,0
74,22,0,1.62,1,2.43,246137,Y2,,,0,15.374,clean,0,0,0.00,0,0
74,23,0,1.49,1,2.41,48548,Y4,,,0,15.737,clean,0,0,0.00,0,0
74,24,0,1.54,1,2.33,594556,Y4,,,0,16.143,clean,0,0,0.00,0,0
74,25,0,1.85,204,2.39,1292020,Y4,,,0,16.032,clean,0,0,0.00,0,0
74,26,0,1.81,1,2.38,576675,Y4,,,0,15.394,clean,0,0,0.00,0,0
74,27,0,1.70,630,2.40,971675,Y2,,,0,14.948,clean,0,0,0.00,0,0
74,28,0,1.63,1,2.30,260532,Y2,,,0,14.462,clean,0,0,0.00,0,0
74,29,0,1.64,1,2.83,282079,Y4,,,0,14.681,clean,0,0,0.00,0,0
74,30,0,1.62,1,2.32,457227,Y4,,,0,15.027,clean,0,0,0.00,0,0
74,31,0,1.47,1,2.23,991076,Y4,,,0,14.972,clean,0,0,0.00,0,0
74,32,0,1.35,570,2.44,1247317,Y4,,,0,14.426,clean,0,0,0.00,0,0
74,33,0,1.57,1,2.81,474036,Y4,,,0,13.824,clean,0,0,0.00,0,0
74,34,0,1.57,1,2.31,354409,Y4,,,0,13.664,clean,0,0,0.00,0,0
74,35,0,1.87,1,2.39,592142,Y4,,,0,14.015,clean,0,0,0.00,0,0
74,36,0,1.61,1,2.42,407338,Y2,,,0,14.564,clean,0,0,0.00,0,0
74,37,0,1.62,1,2.68,1394928,Y2,,,0,14.654,clean,0,0,0.00,0,0
74,38,0,1.69,1,2.21,924200,Y2,,,0,14.194,clean,0,0,0.00,0,0
74,39,0,1.74,1,2.33,791878,Y4,,,0,13.534,clean,0,0,0.00,0,0
74,40,0,1.45,1,2.42,919908,Y4,,,0,13.201,clean,0,0,0.00,0,0
74,41,0,1.61,1,3.07,553697,Y2,0.00/noise-like,0.00/noise-like,0,13.415,FAM-HIT,0,0,0.00,0,0
74,42,0,1.68,1,2.59,371575,Y2,,,0,13.880,clean,0,0,0.00,0,0
74,43,0,1.67,1,2.51,951111,Y2,,,0,14.116,clean,0,0,0.00,0,0
74,44,0,1.98,1,2.44,446051,Y2,,,0,13.620,clean,0,0,0.00,0,0
74,45,0,2.09,1,2.57,1362920,Y2,,,0,12.785,clean,0,0,0.00,0,0
74,46,0,1.93,1,2.52,1068503,Y4,,,0,12.255,clean,0,0,0.00,0,0
74,47,0,1.92,1,2.29,664473,Y4,,,0,12.157,clean,0,0,0.00,0,0
74,48,0,1.81,1,2.48,244617,Y4,,,0,12.339,clean,0,0,0.00,0,0
74,49,0,1.93,1,2.49,10192,Y2,,,0,12.413,clean,0,0,0.00,0,0
74,50,0,2.00,1,2.36,356734,Y2,,,0,11.938,clean,0,0,0.00,0,0
74,51,0,2.15,1,2.39,1387864,Y2,,,0,11.101,clean,0,0,0.00,0,0
74,52,0,2.37,1,2.92,156999,Y2,,,0,10.270,clean,0,0,0.00,0,0
74,53,0,2.48,1,2.68,865370,Y2,,,0,9.734,clean,0,0,0.00,0,0
74,54,0,2.44,1,2.34,777483,Y2,,,0,9.355,clean,0,0,0.00,0,0
74,55,0,2.89,1,2.67,27001,Y4,0.00/noise-like,0.24/noise-like,0,8.862,hump-note,0,0,0.00,0,0
74,56,0,3.30,1,2.49,1147896,Y2,0.00/noise-like,0.24/noise-like,0,7.951,hump-note,0,0,0.00,0,0
74,57,0,0,-1,0,0,-,,,0,6.773,QUARANTINE:dark-lane range=59 distinct=57,0,0,0.00,0,0
74,58,0,0,-1,0,0,-,,,0,5.738,QUARANTINE:dark-lane range=48 distinct=49,0,0,0.00,0,0
74,59,0,0,-1,0,0,-,,,0,4.871,QUARANTINE:dark-lane range=42 distinct=43,0,0,0.00,0,0
74,60,0,0,-1,0,0,-,,,0,4.170,QUARANTINE:dark-lane range=36 distinct=37,0,0,0.00,0,0
74,61,0,0,-1,0,0,-,,,0,3.559,QUARANTINE:dark-lane range=28 distinct=29,0,0,0.00,0,0
74,62,0,0,-1,0,0,-,,,0,2.958,QUARANTINE:dark-lane range=27 distinct=27,0,0,0.00,0,0
74,63,0,0,-1,0,0,-,,,0,2.400,QUARANTINE:dark-lane range=20 distinct=21,0,0,0.00,0,0
75,0,0,1.36,27,2.24,1356483,Y4,,,0,20.730,clean,0,0,0.00,0,0
75,1,0,1.44,1,2.29,359327,Y4,,,0,19.564,clean,0,0,0.00,0,0
75,2,0,1.44,1,2.45,1050532,Y4,,,0,18.560,clean,0,0,0.00,0,0
75,3,0,1.42,1,2.51,387669,Y2,,,0,17.937,clean,0,0,0.00,0,0
75,4,0,1.38,492,2.29,261337,Y2,,,0,17.865,clean,0,0,0.00,0,0
75,5,0,1.55,1,2.36,359505,Y4,,,0,18.043,clean,0,0,0.00,0,0
75,6,0,1.34,1478,2.50,1409858,Y2,,,0,17.986,clean,0,0,0.00,0,0
75,7,0,1.60,1,2.69,46492,Y2,,,0,17.435,clean,0,0,0.00,0,0
75,8,0,1.47,1,2.30,1274586,Y4,,,0,16.774,clean,0,0,0.00,0,0
75,9,0,1.35,1,2.42,26196,Y2,,,0,16.226,clean,0,0,0.00,0,0
75,10,0,1.49,1,2.32,63747,Y4,,,0,16.251,clean,0,0,0.00,0,0
75,11,0,1.43,1,2.41,1087457,Y2,,,0,16.610,clean,0,0,0.00,0,0
75,12,0,1.38,111,2.35,1275480,Y4,,,0,16.885,clean,0,0,0.00,0,0
75,13,0,1.54,1,2.51,1245707,Y4,,,0,16.722,clean,0,0,0.00,0,0
75,14,0,1.43,1,2.47,856966,Y4,,,0,16.215,clean,0,0,0.00,0,0
75,15,0,1.39,1,2.59,1101047,Y4,,,0,15.909,clean,0,0,0.00,0,0
75,16,0,1.34,64,2.40,823796,Y4,,,0,16.189,clean,0,0,0.00,0,0
75,17,0,1.38,369,2.40,1447588,Y4,,,0,16.859,clean,0,0,0.00,0,0
75,18,0,1.54,750,2.43,52303,Y4,,,0,19.192,clean,0,0,0.00,0,0
75,19,0,1.45,382,2.31,1098007,Y4,,,0,17.257,clean,0,0,0.00,0,0
75,20,0,1.49,1,2.55,561565,Y4,,,0,16.341,clean,0,0,0.00,0,0
75,21,0,1.67,1,2.44,57936,Y4,,,0,15.634,clean,0,0,0.00,0,0
75,22,0,1.65,1,2.56,177473,Y4,,,0,15.397,clean,0,0,0.00,0,0
75,23,0,1.68,1,2.44,7689,Y4,,,0,15.750,clean,0,0,0.00,0,0
75,24,0,1.55,1,2.75,173181,Y4,,,0,16.120,clean,0,0,0.00,0,0
75,25,0,2.17,204,2.60,363618,Y4,,,0,16.033,clean,0,0,0.00,0,0
75,26,0,1.89,1,2.38,631839,Y2,,,0,15.404,clean,0,0,0.00,0,0
75,27,0,1.73,615,2.44,179619,Y2,,,0,14.949,clean,0,0,0.00,0,0
75,28,0,1.88,1,2.57,31739,Y2,,,0,14.425,clean,0,0,0.00,0,0
75,29,0,1.53,1,2.42,1326174,Y4,,,0,14.678,clean,0,0,0.00,0,0
75,30,0,1.44,1,2.31,410914,Y2,,,0,15.019,clean,0,0,0.00,0,0
75,31,0,1.56,1,2.42,26912,Y4,,,0,14.988,clean,0,0,0.00,0,0
75,32,0,1.36,779,2.33,52124,Y2,,,0,14.429,clean,0,0,0.00,0,0
75,33,0,1.67,1,2.34,401258,Y2,,,0,13.786,clean,0,0,0.00,0,0
75,34,0,1.81,1,2.39,251681,Y2,,,0,13.636,clean,0,0,0.00,0,0
75,35,0,1.77,1,2.60,1127601,Y2,,,0,14.021,clean,0,0,0.00,0,0
75,36,0,1.52,1,2.41,1386970,Y4,,,0,14.553,clean,0,0,0.00,0,0
75,37,0,1.87,1,2.45,148416,Y2,,,0,14.646,clean,0,0,0.00,0,0
75,38,0,1.43,1,2.42,267953,Y4,,,0,14.182,clean,0,0,0.00,0,0
75,39,0,1.79,1,2.27,1002610,Y4,,,0,13.493,clean,0,0,0.00,0,0
75,40,0,1.68,1,2.42,1116425,Y4,,,0,13.190,clean,0,0,0.00,0,0
75,41,0,1.89,1,2.50,786334,Y2,,,0,13.408,clean,0,0,0.00,0,0
75,42,0,1.62,1,2.49,222087,Y2,,,0,13.914,clean,0,0,0.00,0,0
75,43,0,1.78,1,2.25,824332,Y2,,,0,14.106,clean,0,0,0.00,0,0
75,44,0,1.62,1,2.29,1068234,Y4,,,0,13.618,clean,0,0,0.00,0,0
75,45,0,1.84,1,2.27,740379,Y2,,,0,12.787,clean,0,0,0.00,0,0
75,46,0,1.89,1,2.48,107646,Y4,,,0,12.266,clean,0,0,0.00,0,0
75,47,0,1.91,1,2.36,1340121,Y2,,,0,12.134,clean,0,0,0.00,0,0
75,48,0,1.88,1,2.38,1110703,Y2,,,0,12.339,clean,0,0,0.00,0,0
75,49,0,1.84,1,2.39,573099,Y2,,,0,12.445,clean,0,0,0.00,0,0
75,50,0,1.92,1,2.39,486463,Y4,,,0,11.936,clean,0,0,0.00,0,0
75,51,0,2.40,1,2.40,282615,Y2,,,0,11.113,clean,0,0,0.00,0,0
75,52,0,2.53,1,2.38,831664,Y4,0.00/noise-like,0.00/noise-like,0,10.290,hump-note,0,0,0.00,0,0
75,53,0,2.74,1,2.27,332773,Y2,0.00/noise-like,0.00/noise-like,0,9.734,hump-note,0,0,0.00,0,0
75,54,0,2.45,1,2.40,128031,Y2,,,0,9.366,clean,0,0,0.00,0,0
75,55,0,2.66,1,2.51,906676,Y4,0.24/noise-like,0.00/noise-like,0,8.869,hump-note,0,0,0.00,0,0
75,56,0,2.88,1,2.30,1237929,Y4,0.00/noise-like,0.00/noise-like,0,7.957,hump-note,0,0,0.00,0,0
75,57,0,0,-1,0,0,-,,,0,6.781,QUARANTINE:dark-lane range=57 distinct=56,0,0,0.00,0,0
75,58,0,0,-1,0,0,-,,,0,5.736,QUARANTINE:dark-lane range=49 distinct=49,0,0,0.00,0,0
75,59,0,0,-1,0,0,-,,,0,4.881,QUARANTINE:dark-lane range=44 distinct=43,0,0,0.00,0,0
75,60,0,0,-1,0,0,-,,,0,4.165,QUARANTINE:dark-lane range=38 distinct=37,0,0,0.00,0,0
75,61,0,0,-1,0,0,-,,,0,3.552,QUARANTINE:dark-lane range=32 distinct=32,0,0,0.00,0,0
75,62,0,0,-1,0,0,-,,,0,2.962,QUARANTINE:dark-lane range=27 distinct=27,0,0,0.00,0,0
75,63,0,0,-1,0,0,-,,,0,2.403,QUARANTINE:dark-lane range=21 distinct=22,0,0,0.00,0,0
76,0,0,1.34,690,2.29,55969,Y2,,,0,20.682,clean,0,0,0.00,0,0
76,1,0,1.50,1,2.40,400633,Y2,,,0,19.556,clean,0,0,0.00,0,0
76,2,0,1.49,1,2.50,115156,Y4,,,0,18.540,clean,0,0,0.00,0,0
76,3,0,1.48,1,2.62,293791,Y2,,,0,17.944,clean,0,0,0.00,0,0
76,4,0,1.43,1,2.26,412792,Y2,,,0,17.867,clean,0,0,0.00,0,0
76,5,0,1.36,104,2.39,416011,Y4,,,0,18.060,clean,0,0,0.00,0,0
76,6,0,1.35,1,2.26,510335,Y4,,,0,17.974,clean,0,0,0.00,0,0
76,7,0,1.45,1,2.46,519365,Y4,,,0,17.437,clean,0,0,0.00,0,0
76,8,0,1.70,1,2.38,933588,Y2,,,0,16.743,clean,0,0,0.00,0,0
76,9,0,1.60,1,2.30,557452,Y2,,,0,16.241,clean,0,0,0.00,0,0
76,10,0,1.80,1,2.43,412077,Y4,,,0,16.253,clean,0,0,0.00,0,0
76,11,0,1.66,1,2.49,210017,Y2,,,0,16.635,clean,0,0,0.00,0,0
76,12,0,1.50,1,2.55,232905,Y4,,,0,16.878,clean,0,0,0.00,0,0
76,13,0,1.51,1,2.21,5007,Y2,,,0,16.700,clean,0,0,0.00,0,0
76,14,0,1.64,1,2.51,1019955,Y4,,,0,16.206,clean,0,0,0.00,0,0
76,15,0,1.52,1,2.29,1078874,Y4,,,0,15.890,clean,0,0,0.00,0,0
76,16,0,1.47,1,2.36,1319647,Y4,,,0,16.194,clean,0,0,0.00,0,0
76,17,0,1.42,1103,2.41,1342177,Y2,,,0,16.867,clean,0,0,0.00,0,0
76,18,0,1.69,763,2.36,1385361,Y2,,,0,19.198,clean,0,0,0.00,0,0
76,19,0,1.37,1,2.36,331968,Y4,,,0,17.260,clean,0,0,0.00,0,0
76,20,0,1.62,1,2.46,106931,Y4,,,0,16.342,clean,0,0,0.00,0,0
76,21,0,1.42,1,2.50,1218170,Y4,,,0,15.628,clean,0,0,0.00,0,0
76,22,0,1.59,1,2.50,747174,Y2,,,0,15.396,clean,0,0,0.00,0,0
76,23,0,1.47,1,2.45,1166135,Y4,,,0,15.750,clean,0,0,0.00,0,0
76,24,0,1.54,1,2.13,511676,Y2,,,0,16.104,clean,0,0,0.00,0,0
76,25,0,2.12,204,2.53,657231,Y4,,,2,16.010,clean,0,0,0.00,0,0
76,26,0,1.40,1499,2.56,337511,Y2,,,0,15.376,clean,0,0,0.00,0,0
76,27,0,1.71,1,2.35,186861,Y2,,,0,14.975,clean,0,0,0.00,0,0
76,28,0,1.56,1,2.45,1225591,Y2,,,0,14.407,clean,0,0,0.00,0,0
76,29,0,1.65,1,2.52,1405478,Y4,,,0,14.679,clean,0,0,0.00,0,0
76,30,0,1.51,1,2.31,1362741,Y2,,,0,15.020,clean,0,0,0.00,0,0
76,31,0,1.82,1,2.35,536799,Y2,,,0,14.986,clean,0,0,0.00,0,0
76,32,0,1.33,168,2.32,938237,Y2,,,0,14.423,clean,0,0,0.00,0,0
76,33,0,1.60,1,2.71,15914,Y2,,,0,13.811,clean,0,0,0.00,0,0
76,34,0,1.86,1,2.43,531346,Y2,,,0,13.664,clean,0,0,0.00,0,0
76,35,0,1.87,1,2.29,1391798,Y2,,,0,14.020,clean,0,0,0.00,0,0
76,36,0,1.57,1,2.51,1326174,Y2,,,0,14.551,clean,0,0,0.00,0,0
76,37,0,1.68,1,2.31,939578,Y4,,,0,14.655,clean,0,0,0.00,0,0
76,38,0,1.68,1,2.54,767648,Y4,,,0,14.206,clean,0,0,0.00,0,0
76,39,0,1.83,1,2.25,869751,Y2,,,0,13.510,clean,0,0,0.00,0,0
76,40,0,1.71,1,2.28,265092,Y2,,,0,13.185,clean,0,0,0.00,0,0
76,41,0,1.76,1,2.37,72598,Y2,,,0,13.436,clean,0,0,0.00,0,0
76,42,0,1.83,1,2.51,1161575,Y2,,,0,13.856,clean,0,0,0.00,0,0
76,43,0,1.73,1,2.35,609040,Y4,,,0,14.135,clean,0,0,0.00,0,0
76,44,0,1.85,1,2.48,631928,Y4,,,0,13.629,clean,0,0,0.00,0,0
76,45,0,1.95,1,2.41,25034,Y2,,,0,12.781,clean,0,0,0.00,0,0
76,46,0,2.06,1,2.40,1053214,Y4,,,0,12.270,clean,0,0,0.00,0,0
76,47,0,1.65,1,2.55,67502,Y2,,,0,12.145,clean,0,0,0.00,0,0
76,48,0,1.71,1,2.45,1273870,Y2,,,0,12.348,clean,0,0,0.00,0,0
76,49,0,1.95,1,2.49,952989,Y2,,,0,12.408,clean,0,0,0.00,0,0
76,50,0,2.07,1,2.42,1019329,Y2,,,0,11.932,clean,0,0,0.00,0,0
76,51,0,1.95,1,2.56,295222,Y2,,,0,11.089,clean,0,0,0.00,0,0
76,52,0,2.25,1,2.27,849456,Y4,,,0,10.272,clean,0,0,0.00,0,0
76,53,0,2.18,1,2.53,81360,Y4,,,0,9.731,clean,0,0,0.00,0,0
76,54,0,2.53,1,2.44,1080573,Y2,0.00/noise-like,0.24/noise-like,0,9.373,hump-note,0,0,0.00,0,0
76,55,0,2.64,1,2.35,229508,Y2,0.00/noise-like,0.24/noise-like,0,8.866,hump-note,0,0,0.00,0,0
76,56,0,3.26,1,2.54,1878,Y4,0.00/noise-like,0.00/noise-like,0,7.960,hump-note,0,0,0.00,0,0
76,57,0,0,-1,0,0,-,,,3,6.782,QUARANTINE:dark-lane range=61 distinct=60,0,0,0.00,0,0
76,58,0,0,-1,0,0,-,,,1,5.727,QUARANTINE:dark-lane range=50 distinct=50,0,0,0.00,0,0
76,59,0,0,-1,0,0,-,,,0,4.875,QUARANTINE:dark-lane range=43 distinct=43,0,0,0.00,0,0
76,60,0,0,-1,0,0,-,,,0,4.173,QUARANTINE:dark-lane range=39 distinct=36,0,0,0.00,0,0
76,61,0,0,-1,0,0,-,,,0,3.561,QUARANTINE:dark-lane range=31 distinct=32,0,0,0.00,0,0
76,62,0,0,-1,0,0,-,,,0,2.960,QUARANTINE:dark-lane range=25 distinct=26,0,0,0.00,0,0
76,63,0,0,-1,0,0,-,,,0,2.402,QUARANTINE:dark-lane range=22 distinct=23,0,0,0.00,0,0
77,0,0,1.32,478,2.40,367999,Y2,,,0,20.719,clean,0,0,0.00,0,0
77,1,0,1.44,1,2.22,126600,Y4,,,0,19.588,clean,0,0,0.00,0,0
77,2,0,1.38,680,2.33,1120806,Y4,,,0,18.609,clean,0,0,0.00,0,0
77,3,0,1.58,1,2.44,395626,Y4,,,0,17.988,clean,0,0,0.00,0,0
77,4,0,1.43,1,2.40,752091,Y2,,,0,17.820,clean,0,0,0.00,0,0
77,5,0,1.37,545,2.35,251859,Y2,,,0,18.050,clean,0,0,0.00,0,0
77,6,0,1.54,1478,2.43,419945,Y2,,,0,17.976,clean,0,0,0.00,0,0
77,7,0,1.46,1,2.44,258923,Y4,,,0,17.426,clean,0,0,0.00,0,0
77,8,0,1.70,1,2.67,378013,Y2,,,0,16.753,clean,0,0,0.00,0,0
77,9,0,1.49,1,2.48,982940,Y4,,,0,16.230,clean,0,0,0.00,0,0
77,10,0,1.62,1,2.34,870019,Y4,,,0,16.240,clean,0,0,0.00,0,0
77,11,0,1.40,1,2.36,766307,Y2,,,0,16.622,clean,0,0,0.00,0,0
77,12,0,1.60,1,2.30,1100421,Y4,,,0,16.873,clean,0,0,0.00,0,0
77,13,0,1.62,1,2.41,214666,Y4,,,0,16.691,clean,0,0,0.00,0,0
77,14,0,1.39,1,2.53,114262,Y4,,,0,16.235,clean,0,0,0.00,0,0
77,15,0,1.62,1,2.65,1408875,Y4,,,0,15.951,clean,0,0,0.00,0,0
77,16,0,1.51,1,2.42,669301,Y2,,,0,16.176,clean,0,0,0.00,0,0
77,17,0,1.60,1,2.47,132054,Y2,,,0,16.858,clean,0,0,0.00,0,0
77,18,0,1.59,647,2.39,495046,Y2,,,0,19.177,clean,0,0,0.00,0,0
77,19,0,1.59,1,2.34,1086205,Y4,,,0,17.245,clean,0,0,0.00,0,0
77,20,0,1.68,1,2.28,172108,Y4,,,0,16.357,clean,0,0,0.00,0,0
77,21,0,1.44,1,2.55,682890,Y2,,,0,15.627,clean,0,0,0.00,0,0
77,22,0,1.66,1,2.40,1363635,Y4,,,0,15.403,clean,0,0,0.00,0,0
77,23,0,1.50,1,2.29,44882,Y2,,,0,15.741,clean,0,0,0.00,0,0
77,24,0,1.39,1,2.49,1134038,Y2,,,0,16.129,clean,0,0,0.00,0,0
77,25,0,2.01,204,3.04,2772,Y4,0.00/noise-like,0.00/noise-like,2,16.020,FAM-HIT,0,0,0.00,0,0
77,26,0,1.57,1,2.64,183284,Y4,,,0,15.403,clean,0,0,0.00,0,0
77,27,0,1.67,639,2.25,760853,Y4,,,0,14.965,clean,0,0,0.00,0,0
77,28,0,1.75,1,2.35,864118,Y4,,,0,14.453,clean,0,0,0.00,0,0
77,29,0,1.57,1,2.34,891834,Y4,,,0,14.658,clean,0,0,0.00,0,0
77,30,0,1.64,1,2.57,241935,Y4,,,0,15.036,clean,0,0,0.00,0,0
77,31,0,1.53,1,2.40,1075923,Y2,,,0,14.991,clean,0,0,0.00,0,0
77,32,0,1.33,824,2.50,931352,Y4,,,0,14.416,clean,0,0,0.00,0,0
77,33,0,1.95,1,2.41,473589,Y2,,,0,13.816,clean,0,0,0.00,0,0
77,34,0,1.87,1,2.71,662506,Y4,,,0,13.628,clean,0,0,0.00,0,0
77,35,0,1.67,1,2.54,347525,Y2,,,0,14.014,clean,0,0,0.00,0,0
77,36,0,1.56,1,2.28,573456,Y2,,,0,14.531,clean,0,0,0.00,0,0
77,37,0,1.53,1,2.68,942528,Y2,,,0,14.686,clean,0,0,0.00,0,0
77,38,0,1.61,1,2.45,306487,Y4,,,0,14.167,clean,0,0,0.00,0,0
77,39,0,1.73,1,2.26,240326,Y4,,,0,13.491,clean,0,0,0.00,0,0
77,40,0,1.86,1,2.43,883788,Y4,,,0,13.211,clean,0,0,0.00,0,0
77,41,0,1.39,1,2.40,764966,Y4,,,0,13.401,clean,0,0,0.00,0,0
77,42,0,1.73,1,2.64,1294345,Y4,,,0,13.889,clean,0,0,0.00,0,0
77,43,0,1.69,1,2.38,905246,Y2,,,0,14.119,clean,0,0,0.00,0,0
77,44,0,1.75,1,2.45,781327,Y4,,,0,13.609,clean,0,0,0.00,0,0
77,45,0,1.62,1,2.44,443459,Y4,,,0,12.798,clean,0,0,0.00,0,0
77,46,0,1.93,1,2.55,1343250,Y4,,,0,12.267,clean,0,0,0.00,0,0
77,47,0,1.87,1,2.51,258386,Y4,,,0,12.157,clean,0,0,0.00,0,0
77,48,0,1.71,1234,2.42,1373559,Y2,,,0,12.336,clean,0,0,0.00,0,0
77,49,0,2.02,1,2.42,1328677,Y4,,,0,12.436,clean,0,0,0.00,0,0
77,50,0,1.97,1,2.40,1407623,Y2,,,0,11.941,clean,0,0,0.00,0,0
77,51,0,1.97,1,2.45,146538,Y2,,,0,11.089,clean,0,0,0.00,0,0
77,52,0,2.26,1,2.61,1079768,Y4,,,0,10.274,clean,0,0,0.00,0,0
77,53,0,2.51,1,2.23,139207,Y2,0.24/noise-like,0.00/noise-like,0,9.740,hump-note,0,0,0.00,0,0
77,54,0,2.42,1,2.42,720352,Y4,,,0,9.357,clean,0,0,0.00,0,0
77,55,0,2.75,1,2.45,436842,Y4,0.24/noise-like,0.00/noise-like,0,8.867,hump-note,0,0,0.00,0,0
77,56,0,3.30,1,2.42,1319736,Y2,0.00/noise-like,0.00/noise-like,0,7.957,hump-note,0,0,0.00,0,0
77,57,0,0,-1,0,0,-,,,8,6.800,QUARANTINE:dark-lane range=57 distinct=57,0,0,0.00,0,0
77,58,0,0,-1,0,0,-,,,0,5.738,QUARANTINE:dark-lane range=56 distinct=51,0,0,0.00,0,0
77,59,0,0,-1,0,0,-,,,0,4.873,QUARANTINE:dark-lane range=40 distinct=41,0,0,0.00,0,0
77,60,0,0,-1,0,0,-,,,0,4.164,QUARANTINE:dark-lane range=38 distinct=37,0,0,0.00,0,0
77,61,0,0,-1,0,0,-,,,0,3.556,QUARANTINE:dark-lane range=32 distinct=32,0,0,0.00,0,0
77,62,0,0,-1,0,0,-,,,0,2.966,QUARANTINE:dark-lane range=27 distinct=27,0,0,0.00,0,0
77,63,0,0,-1,0,0,-,,,0,2.403,QUARANTINE:dark-lane range=21 distinct=22,0,0,0.00,0,0
78,0,0,1.33,20,2.37,1339406,Y4,,,0,20.727,clean,0,0,0.00,0,0
78,1,0,1.42,1232,2.49,1257598,Y2,,,0,19.587,clean,0,0,0.00,0,0
78,2,0,1.40,1190,2.45,1449376,Y2,,,0,18.578,clean,0,0,0.00,0,0
78,3,0,1.61,1,2.60,884682,Y2,,,0,17.953,clean,0,0,0.00,0,0
78,4,0,1.47,1,2.36,983834,Y2,,,0,17.856,clean,0,0,0.00,0,0
78,5,0,1.36,1,2.38,999659,Y2,,,0,18.061,clean,0,0,0.00,0,0
78,6,0,1.44,1478,2.53,810474,Y4,,,0,17.980,clean,0,0,0.00,0,0
78,7,0,1.47,1,2.27,42737,Y2,,,0,17.409,clean,0,0,0.00,0,0
78,8,0,1.40,1,2.34,676095,Y2,,,0,16.746,clean,0,0,0.00,0,0
78,9,0,1.74,1,2.51,1451075,Y2,,,0,16.268,clean,0,0,0.00,0,0
78,10,0,1.50,1,2.33,701219,Y2,,,0,16.220,clean,0,0,0.00,0,0
78,11,0,1.43,1,2.31,1050979,Y2,,,0,16.633,clean,0,0,0.00,0,0
78,12,0,1.48,1,2.30,779897,Y2,,,0,16.889,clean,0,0,0.00,0,0
78,13,0,1.42,1,2.60,1104176,Y4,,,0,16.706,clean,0,0,0.00,0,0
78,14,0,1.38,1500,2.51,1415044,Y2,,,0,16.218,clean,0,0,0.00,0,0
78,15,0,1.58,1,2.21,208139,Y4,,,0,15.949,clean,0,0,0.00,0,0
78,16,0,1.56,1,2.44,101388,Y4,,,0,16.191,clean,0,0,0.00,0,0
78,17,0,1.32,1,2.42,1026750,Y2,,,0,16.857,clean,0,0,0.00,0,0
78,18,0,1.60,722,2.34,134468,Y4,,,0,19.246,clean,0,0,0.00,0,0
78,19,0,1.51,1,2.52,1247227,Y4,,,0,17.207,clean,0,0,0.00,0,0
78,20,0,1.66,1,2.71,537336,Y4,,,0,16.360,clean,0,0,0.00,0,0
78,21,0,1.74,1,2.61,1091927,Y2,,,0,15.638,clean,0,0,0.00,0,0
78,22,0,1.82,1,2.49,287533,Y4,,,0,15.424,clean,0,0,0.00,0,0
78,23,0,1.46,1,2.25,503182,Y2,,,0,15.736,clean,0,0,0.00,0,0
78,24,0,1.46,1,2.67,988126,Y4,,,0,16.132,clean,0,0,0.00,0,0
78,25,0,2.02,204,2.45,491291,Y4,,,0,15.997,clean,0,0,0.00,0,0
78,26,0,1.65,1,2.65,1028001,Y4,,,0,15.407,clean,0,0,0.00,0,0
78,27,0,1.55,1,2.36,1404405,Y2,,,0,14.989,clean,0,0,0.00,0,0
78,28,0,1.67,1,2.28,30667,Y2,,,0,14.428,clean,0,0,0.00,0,0
78,29,0,1.50,279,2.74,497460,Y4,,,0,14.678,clean,0,0,0.00,0,0
78,30,0,1.83,1,2.49,719726,Y4,,,0,15.030,clean,0,0,0.00,0,0
78,31,0,1.69,1,2.35,241578,Y4,,,0,14.979,clean,0,0,0.00,0,0
78,32,0,1.35,1127,2.45,477165,Y2,,,0,14.402,clean,0,0,0.00,0,0
78,33,0,1.68,1,2.32,944763,Y2,,,0,13.830,clean,0,0,0.00,0,0
78,34,0,1.74,1,2.32,1099080,Y2,,,0,13.629,clean,0,0,0.00,0,0
78,35,0,1.81,1,2.83,1099706,Y2,,,0,14.002,clean,0,0,0.00,0,0
78,36,0,1.57,1,2.54,245959,Y4,,,0,14.555,clean,0,0,0.00,0,0
78,37,0,1.76,1,2.26,88155,Y2,,,0,14.633,clean,0,0,0.00,0,0
78,38,0,1.92,1,2.53,733048,Y2,,,0,14.175,clean,0,0,0.00,0,0
78,39,0,1.87,1,2.47,687629,Y4,,,0,13.500,clean,0,0,0.00,0,0
78,40,0,1.63,1,2.25,360131,Y4,,,0,13.195,clean,0,0,0.00,0,0
78,41,0,1.65,1,2.36,440329,Y4,,,0,13.425,clean,0,0,0.00,0,0
78,42,0,1.56,1,2.46,661790,Y4,,,0,13.859,clean,0,0,0.00,0,0
78,43,0,1.72,1,2.36,74834,Y2,,,0,14.112,clean,0,0,0.00,0,0
78,44,0,1.88,1,2.50,868410,Y4,,,0,13.622,clean,0,0,0.00,0,0
78,45,0,1.92,1,2.51,1246333,Y4,,,0,12.788,clean,0,0,0.00,0,0
78,46,0,1.97,1,2.37,930905,Y2,,,0,12.259,clean,0,0,0.00,0,0
78,47,0,1.91,1,2.47,42915,Y4,,,0,12.141,clean,0,0,0.00,0,0
78,48,0,1.74,1,2.38,168532,Y2,,,0,12.323,clean,0,0,0.00,0,0
78,49,0,2.02,1,2.26,625491,Y2,,,0,12.421,clean,0,0,0.00,0,0
78,50,0,2.18,1,2.48,1431048,Y4,,,0,11.938,clean,0,0,0.00,0,0
78,51,0,1.96,1,2.29,222445,Y2,,,0,11.072,clean,0,0,0.00,0,0
78,52,0,2.38,1,2.52,56416,Y2,,,0,10.288,clean,0,0,0.00,0,0
78,53,0,2.44,1,2.60,184715,Y4,,,0,9.754,clean,0,0,0.00,0,0
78,54,0,2.41,1,2.39,164419,Y4,,,0,9.359,clean,0,0,0.00,0,0
78,55,0,3.11,1,2.29,544488,Y4,0.00/noise-like,0.00/noise-like,0,8.865,hump-note,0,0,0.00,0,0
78,56,0,2.57,1,2.50,566661,Y4,0.00/noise-like,0.00/noise-like,0,7.949,hump-note,0,0,0.00,0,0
78,57,0,0,-1,0,0,-,,,0,6.781,QUARANTINE:dark-lane range=57 distinct=58,0,0,0.00,0,0
78,58,0,0,-1,0,0,-,,,0,5.729,QUARANTINE:dark-lane range=51 distinct=51,0,0,0.00,0,0
78,59,0,0,-1,0,0,-,,,0,4.879,QUARANTINE:dark-lane range=41 distinct=42,0,0,0.00,0,0
78,60,0,0,-1,0,0,-,,,0,4.160,QUARANTINE:dark-lane range=36 distinct=36,0,0,0.00,0,0
78,61,0,0,-1,0,0,-,,,0,3.561,QUARANTINE:dark-lane range=29 distinct=30,0,0,0.00,0,0
78,62,0,0,-1,0,0,-,,,0,2.954,QUARANTINE:dark-lane range=24 distinct=25,0,0,0.00,0,0
78,63,0,0,-1,0,0,-,,,0,2.402,QUARANTINE:dark-lane range=21 distinct=22,0,0,0.00,0,0
79,0,0,1.37,264,2.49,81450,Y4,,,0,20.735,clean,0,0,0.00,0,0
79,1,0,1.64,1,2.45,1006901,Y2,,,0,19.584,clean,0,0,0.00,0,0
79,2,0,1.48,1,2.40,352174,Y2,,,0,18.603,clean,0,0,0.00,0,0
79,3,0,1.56,1,2.36,197411,Y2,,,0,17.975,clean,0,0,0.00,0,0
79,4,0,1.44,441,2.41,165761,Y4,,,0,17.862,clean,0,0,0.00,0,0
79,5,0,1.32,1046,2.28,1245081,Y4,,,0,18.032,clean,0,0,0.00,0,0
79,6,0,1.41,1,2.47,105411,Y2,,,0,18.016,clean,0,0,0.00,0,0
79,7,0,1.37,1,2.34,394553,Y4,,,0,17.457,clean,0,0,0.00,0,0
79,8,0,1.36,579,2.38,309527,Y2,,,0,16.760,clean,0,0,0.00,0,0
79,9,0,1.60,1,2.48,530899,Y4,,,0,16.209,clean,0,0,0.00,0,0
79,10,0,1.59,1,2.48,509262,Y2,,,0,16.227,clean,0,0,0.00,0,0
79,11,0,1.49,1,2.63,229776,Y2,,,0,16.639,clean,0,0,0.00,0,0
79,12,0,1.50,1,2.42,1125723,Y4,,,0,16.847,clean,0,0,0.00,0,0
79,13,0,1.68,1,2.45,46402,Y4,,,0,16.729,clean,0,0,0.00,0,0
79,14,0,1.55,1,2.56,1374006,Y4,,,0,16.213,clean,0,0,0.00,0,0
79,15,0,1.39,1589,2.68,1209766,Y4,,,0,15.926,clean,0,0,0.00,0,0
79,16,0,1.52,1,2.36,939667,Y2,,,0,16.218,clean,0,0,0.00,0,0
79,17,0,1.47,1,2.55,642478,Y4,,,0,16.846,clean,0,0,0.00,0,0
79,18,0,1.52,636,2.51,427365,Y2,,,0,19.224,clean,0,0,0.00,0,0
79,19,0,1.49,1,2.58,127673,Y2,,,0,17.243,clean,0,0,0.00,0,0
79,20,0,1.56,1,2.36,846773,Y2,,,0,16.337,clean,0,0,0.00,0,0
79,21,0,1.43,195,2.40,1018167,Y2,,,0,15.616,clean,0,0,0.00,0,0
79,22,0,1.71,1,2.38,41574,Y4,,,0,15.409,clean,0,0,0.00,0,0
79,23,0,1.59,1,2.67,112921,Y4,,,0,15.736,clean,0,0,0.00,0,0
79,24,0,1.49,1,2.32,1053661,Y2,,,0,16.148,clean,0,0,0.00,0,0
79,25,0,1.84,204,2.97,894,Y4,,,2,15.987,clean,0,0,0.00,0,0
79,26,0,1.57,1,2.54,1323849,Y2,,,0,15.408,clean,0,0,0.00,0,0
79,27,0,1.53,611,2.45,629336,Y2,,,0,14.954,clean,0,0,0.00,0,0
79,28,0,1.51,1,2.62,84579,Y4,,,0,14.455,clean,0,0,0.00,0,0
79,29,0,1.53,1,2.43,544041,Y2,,,0,14.662,clean,0,0,0.00,0,0
79,30,0,1.38,1,2.31,1289427,Y2,,,0,15.028,clean,0,0,0.00,0,0
79,31,0,1.63,1,2.35,1336366,Y4,,,0,14.984,clean,0,0,0.00,0,0
79,32,0,1.40,1095,2.51,183374,Y2,,,0,14.393,clean,0,0,0.00,0,0
79,33,0,1.60,1,2.37,1191437,Y2,,,0,13.831,clean,0,0,0.00,0,0
79,34,0,1.88,1,2.43,1395285,Y2,,,0,13.653,clean,0,0,0.00,0,0
79,35,0,1.79,1,2.50,1165688,Y4,,,0,13.988,clean,0,0,0.00,0,0
79,36,0,1.57,1,2.41,1087546,Y4,,,0,14.537,clean,0,0,0.00,0,0
79,37,0,1.59,1,2.30,152260,Y4,,,0,14.677,clean,0,0,0.00,0,0
79,38,0,1.67,1,2.41,462681,Y4,,,0,14.208,clean,0,0,0.00,0,0
79,39,0,1.80,1,2.79,242829,Y2,,,0,13.523,clean,0,0,0.00,0,0
79,40,0,1.81,1,2.32,1395553,Y2,,,0,13.204,clean,0,0,0.00,0,0
79,41,0,1.68,1,2.31,986069,Y4,,,0,13.398,clean,0,0,0.00,0,0
79,42,0,1.61,1,2.44,530809,Y4,,,0,13.895,clean,0,0,0.00,0,0
79,43,0,1.55,1,2.37,1341999,Y2,,,0,14.128,clean,0,0,0.00,0,0
79,44,0,1.87,1,2.55,1401544,Y4,,,0,13.602,clean,0,0,0.00,0,0
79,45,0,1.77,1,2.46,1314461,Y4,,,0,12.801,clean,0,0,0.00,0,0
79,46,0,1.78,1,2.50,97990,Y2,,,0,12.268,clean,0,0,0.00,0,0
79,47,0,1.90,1,2.34,474304,Y4,,,0,12.142,clean,0,0,0.00,0,0
79,48,0,1.70,1,2.41,386506,Y4,,,0,12.337,clean,0,0,0.00,0,0
79,49,0,1.79,1,2.21,103354,Y2,,,0,12.411,clean,0,0,0.00,0,0
79,50,0,1.77,1,2.46,1419783,Y2,,,0,11.916,clean,0,0,0.00,0,0
79,51,0,2.25,1,2.55,586510,Y2,,,0,11.075,clean,0,0,0.00,0,0
79,52,0,2.17,1,2.37,796974,Y4,,,0,10.281,clean,0,0,0.00,0,0
79,53,0,2.55,1,2.51,1085490,Y4,0.24/noise-like,0.00/noise-like,0,9.729,hump-note,0,0,0.00,0,0
79,54,0,2.30,1,3.13,255525,Y4,0.00/noise-like,0.00/noise-like,0,9.364,FAM-HIT,0,0,0.00,0,0
79,55,0,3.10,1,2.38,279218,Y4,0.00/noise-like,0.00/noise-like,0,8.859,hump-note,0,0,0.00,0,0
79,56,0,3.20,1,2.55,107378,Y2,0.00/noise-like,0.00/noise-like,0,7.950,hump-note,0,0,0.00,0,0
79,57,0,0,-1,0,0,-,,,10,6.791,QUARANTINE:dark-lane range=57 distinct=56,0,0,0.00,0,0
79,58,0,0,-1,0,0,-,,,0,5.739,QUARANTINE:dark-lane range=53 distinct=50,0,0,0.00,0,0
79,59,0,0,-1,0,0,-,,,0,4.879,QUARANTINE:dark-lane range=41 distinct=42,0,0,0.00,0,0
79,60,0,0,-1,0,0,-,,,0,4.164,QUARANTINE:dark-lane range=38 distinct=37,0,0,0.00,0,0
79,61,0,0,-1,0,0,-,,,0,3.565,QUARANTINE:dark-lane range=32 distinct=32,0,0,0.00,0,0
79,62,0,0,-1,0,0,-,,,0,2.957,QUARANTINE:dark-lane range=26 distinct=27,0,0,0.00,0,0
79,63,0,0,-1,0,0,-,,,0,2.401,QUARANTINE:dark-lane range=22 distinct=22,0,0,0.00,0,0
80,0,0,1.32,386,2.40,383735,Y2,,,0,20.737,clean,0,0,0.00,0,0
80,1,0,1.45,1476,2.50,907034,Y4,,,0,19.609,clean,0,0,0.00,0,0
80,2,0,1.64,1,2.82,124991,Y4,,,0,18.583,clean,0,0,0.00,0,0
80,3,0,1.44,1,2.55,394285,Y4,,,0,17.986,clean,0,0,0.00,0,0
80,4,0,1.58,1,2.39,723839,Y4,,,0,17.844,clean,0,0,0.00,0,0
80,5,0,1.39,1055,2.32,875294,Y2,,,0,18.099,clean,0,0,0.00,0,0
80,6,0,1.40,1,2.46,1094073,Y2,,,0,17.983,clean,0,0,0.00,0,0
80,7,0,1.42,145,2.31,1202703,Y4,,,0,17.446,clean,0,0,0.00,0,0
80,8,0,1.42,1,2.61,199109,Y4,,,0,16.726,clean,0,0,0.00,0,0
80,9,0,1.69,1,2.30,212520,Y4,,,0,16.233,clean,0,0,0.00,0,0
80,10,0,1.51,1,2.55,1272708,Y4,,,0,16.251,clean,0,0,0.00,0,0
80,11,0,1.62,1,2.32,280470,Y4,,,0,16.621,clean,0,0,0.00,0,0
80,12,0,1.39,1,2.34,486106,Y2,,,0,16.891,clean,0,0,0.00,0,0
80,13,0,1.47,1,2.68,838548,Y4,,,0,16.711,clean,0,0,0.00,0,0
80,14,0,1.42,303,2.43,404924,Y4,,,0,16.196,clean,0,0,0.00,0,0
80,15,0,1.71,1,2.36,501662,Y4,,,0,15.889,clean,0,0,0.00,0,0
80,16,0,1.47,1,2.34,1143605,Y4,,,0,16.215,clean,0,0,0.00,0,0
80,17,0,1.50,1,2.42,387043,Y2,,,0,16.871,clean,0,0,0.00,0,0
80,18,0,1.59,714,2.29,1246870,Y2,,,0,19.186,clean,0,0,0.00,0,0
80,19,0,1.62,1,2.36,413150,Y4,,,0,17.251,clean,0,0,0.00,0,0
80,20,0,1.41,950,2.31,87976,Y2,,,0,16.386,clean,0,0,0.00,0,0
80,21,0,1.59,1,2.45,1333505,Y4,,,0,15.639,clean,0,0,0.00,0,0
80,22,0,1.88,1,2.46,1110524,Y2,,,0,15.401,clean,0,0,0.00,0,0
80,23,0,1.73,1,2.40,175595,Y4,,,0,15.711,clean,0,0,0.00,0,0
80,24,0,1.40,854,2.35,543952,Y2,,,0,16.136,clean,0,0,0.00,0,0
80,25,0,2.05,204,4.61,83774,Y4,0.00/noise-like,0.00/noise-like,4,16.031,FAM-HIT,0,0,0.00,0,0
80,26,0,1.52,1,2.20,579178,Y2,,,0,15.379,clean,0,0,0.00,0,0
80,27,0,1.92,1,2.35,1388133,Y4,,,0,14.975,clean,0,0,0.00,0,0
80,28,0,1.52,1,2.64,678509,Y4,,,0,14.463,clean,0,0,0.00,0,0
80,29,0,1.66,1,2.26,197321,Y2,,,0,14.669,clean,0,0,0.00,0,0
80,30,0,1.43,982,2.37,335723,Y2,,,0,15.031,clean,0,0,0.00,0,0
80,31,0,1.40,1,2.37,169516,Y4,,,0,14.979,clean,0,0,0.00,0,0
80,32,0,1.36,330,2.42,824511,Y2,,,0,14.405,clean,0,0,0.00,0,0
80,33,0,1.72,1,2.42,1106411,Y4,,,0,13.811,clean,0,0,0.00,0,0
80,34,0,1.63,1,2.44,320077,Y4,,,0,13.644,clean,0,0,0.00,0,0
80,35,0,1.54,1,2.38,42379,Y2,,,0,14.031,clean,0,0,0.00,0,0
80,36,0,1.50,1,2.59,145018,Y2,,,0,14.557,clean,0,0,0.00,0,0
80,37,0,1.70,1,2.35,325531,Y2,,,0,14.668,clean,0,0,0.00,0,0
80,38,0,1.74,1,2.34,158340,Y2,,,0,14.177,clean,0,0,0.00,0,0
80,39,0,1.60,1,2.42,489146,Y2,,,0,13.523,clean,0,0,0.00,0,0
80,40,0,1.75,1,2.76,720173,Y4,,,0,13.200,clean,0,0,0.00,0,0
80,41,0,1.69,1,2.49,1311153,Y2,,,0,13.417,clean,0,0,0.00,0,0
80,42,0,1.61,1,2.93,506401,Y2,,,0,13.921,clean,0,0,0.00,0,0
80,43,0,1.51,1,2.73,1116246,Y2,,,0,14.104,clean,0,0,0.00,0,0
80,44,0,1.67,1,2.39,769883,Y4,,,0,13.628,clean,0,0,0.00,0,0
80,45,0,1.72,1,2.39,609130,Y2,,,0,12.799,clean,0,0,0.00,0,0
80,46,0,1.75,1,2.28,46760,Y2,,,0,12.266,clean,0,0,0.00,0,0
80,47,0,1.88,1,2.53,112563,Y4,,,0,12.146,clean,0,0,0.00,0,0
80,48,0,1.74,1,2.59,871807,Y4,,,0,12.342,clean,0,0,0.00,0,0
80,49,0,2.05,1,2.38,319451,Y2,,,0,12.435,clean,0,0,0.00,0,0
80,50,0,1.91,1,2.52,1087368,Y4,,,0,11.964,clean,0,0,0.00,0,0
80,51,0,2.18,1,2.25,917852,Y2,,,0,11.092,clean,0,0,0.00,0,0
80,52,0,2.25,1,2.43,580788,Y4,,,0,10.289,clean,0,0,0.00,0,0
80,53,0,2.83,1,2.43,621468,Y4,0.00/noise-like,0.24/noise-like,0,9.744,hump-note,0,0,0.00,0,0
80,54,0,2.48,1,2.45,1458496,Y2,,,0,9.350,clean,0,0,0.00,0,0
80,55,0,2.19,1,2.39,36031,Y2,,,0,8.855,clean,0,0,0.00,0,0
80,56,0,3.15,1,2.29,1181424,Y2,0.00/noise-like,0.00/noise-like,0,7.948,hump-note,0,0,0.00,0,0
80,57,0,0,-1,0,0,-,,,13,6.794,QUARANTINE:dark-lane range=56 distinct=57,0,0,0.00,0,0
80,58,0,0,-1,0,0,-,,,0,5.729,QUARANTINE:dark-lane range=48 distinct=49,0,0,0.00,0,0
80,59,0,0,-1,0,0,-,,,0,4.876,QUARANTINE:dark-lane range=46 distinct=45,0,0,0.00,0,0
80,60,0,0,-1,0,0,-,,,0,4.160,QUARANTINE:dark-lane range=37 distinct=36,0,0,0.00,0,0
80,61,0,0,-1,0,0,-,,,0,3.557,QUARANTINE:dark-lane range=34 distinct=32,0,0,0.00,0,0
80,62,0,0,-1,0,0,-,,,0,2.960,QUARANTINE:dark-lane range=27 distinct=27,0,0,0.00,0,0
80,63,0,0,-1,0,0,-,,,0,2.402,QUARANTINE:dark-lane range=20 distinct=21,0,0,0.00,0,0
81,0,0,1.36,470,2.44,797063,Y4,,,0,20.730,clean,0,0,0.00,0,0
81,1,0,1.48,1,2.41,2503,Y4,,,0,19.605,clean,0,0,0.00,0,0
81,2,0,1.37,1326,2.60,646949,Y2,,,0,18.610,clean,0,0,0.00,0,0
81,3,0,1.30,466,2.51,888079,Y2,,,0,17.973,clean,0,0,0.00,0,0
81,4,0,1.69,1,2.26,49531,Y4,,,0,17.839,clean,0,0,0.00,0,0
81,5,0,1.65,1,2.35,399917,Y4,,,0,18.053,clean,0,0,0.00,0,0
81,6,0,1.43,864,2.28,232279,Y4,,,0,18.017,clean,0,0,0.00,0,0
81,7,0,1.49,1,2.49,76443,Y4,,,1,17.453,clean,0,0,0.00,0,0
81,8,0,1.35,1526,2.37,200003,Y4,,,0,16.726,clean,0,0,0.00,0,0
81,9,0,1.67,1,2.57,337422,Y2,,,0,16.249,clean,0,0,0.00,0,0
81,10,0,1.54,1,2.41,86546,Y2,,,0,16.260,clean,0,0,0.00,0,0
81,11,0,1.54,1,2.34,1216382,Y4,,,0,16.651,clean,0,0,0.00,0,0
81,12,0,1.38,392,2.40,1105160,Y2,,,0,16.883,clean,0,0,0.00,0,0
81,13,0,1.42,1,2.69,70006,Y4,,,0,16.722,clean,0,0,0.00,0,0
81,14,0,1.43,1,2.29,490218,Y2,,,0,16.233,clean,0,0,0.00,0,0
81,15,0,1.39,816,2.36,90659,Y4,,,0,15.914,clean,0,0,0.00,0,0
81,16,0,1.45,1,2.49,174969,Y2,,,0,16.229,clean,0,0,0.00,0,0
81,17,0,1.37,258,2.68,543684,Y2,,,0,16.851,clean,0,0,0.00,0,0
81,18,0,1.59,736,2.35,461161,Y4,,,0,19.224,clean,0,0,0.00,0,0
81,19,0,1.52,1,2.58,17434,Y2,,,0,17.262,clean,0,0,0.00,0,0
81,20,0,1.41,1,2.47,360936,Y4,,,0,16.373,clean,0,0,0.00,0,0
81,21,0,1.65,1,2.31,508100,Y2,,,0,15.651,clean,0,0,0.00,0,0
81,22,0,1.47,1,2.73,463933,Y4,,,0,15.417,clean,0,0,0.00,0,0
81,23,0,1.55,1,2.28,1312137,Y2,,,0,15.739,clean,0,0,0.00,0,0
81,24,0,1.45,744,2.42,7153,Y4,,,0,16.121,clean,0,0,0.00,0,0
81,25,0,2.06,204,7.17,3487,Y4,0.00/noise-like,0.00/noise-like,18,16.059,FAM-HIT,0,0,0.00,0,0
81,26,0,1.64,1,2.41,1421303,Y4,,,0,15.405,clean,0,0,0.00,0,0
81,27,0,1.69,1,2.25,1341,Y2,,,0,14.952,clean,0,0,0.00,0,0
81,28,0,1.84,1,2.44,618070,Y2,,,0,14.460,clean,0,0,0.00,0,0
81,29,0,1.48,1,2.73,342160,Y2,,,0,14.677,clean,0,0,0.00,0,0
81,30,0,1.69,1,2.42,402510,Y4,,,0,15.020,clean,0,0,0.00,0,0
81,31,0,1.83,1,2.37,865281,Y2,,,0,14.990,clean,0,0,0.00,0,0
81,32,0,1.36,192,2.61,681818,Y4,,,0,14.397,clean,0,0,0.00,0,0
81,33,0,1.58,1,2.36,347435,Y4,,,0,13.823,clean,0,0,0.00,0,0
81,34,0,1.60,1,2.34,761747,Y2,,,0,13.676,clean,0,0,0.00,0,0
81,35,0,1.90,1,2.20,1055539,Y2,,,0,14.028,clean,0,0,0.00,0,0
81,36,0,1.66,1,2.51,660539,Y2,,,0,14.562,clean,0,0,0.00,0,0
81,37,0,1.49,1,2.53,596255,Y2,,,0,14.675,clean,0,0,0.00,0,0
81,38,0,1.51,1,2.33,36925,Y2,,,0,14.188,clean,0,0,0.00,0,0
81,39,0,1.98,1,2.43,329375,Y2,,,0,13.516,clean,0,0,0.00,0,0
81,40,0,1.47,1,2.42,734478,Y2,,,0,13.182,clean,0,0,0.00,0,0
81,41,0,1.91,1,2.34,628889,Y4,,,0,13.414,clean,0,0,0.00,0,0
81,42,0,1.70,1,2.42,95040,Y4,,,0,13.875,clean,0,0,0.00,0,0
81,43,0,1.82,1,2.38,346810,Y4,,,0,14.136,clean,0,0,0.00,0,0
81,44,0,1.71,1,2.44,443906,Y2,,,0,13.621,clean,0,0,0.00,0,0
81,45,0,1.96,1,2.36,790179,Y2,,,0,12.791,clean,0,0,0.00,0,0
81,46,0,1.78,1,2.41,419766,Y2,,,0,12.254,clean,0,0,0.00,0,0
81,47,0,2.10,1,2.30,1068681,Y4,,,0,12.154,clean,0,0,0.00,0,0
81,48,0,1.90,1,2.69,437200,Y2,,,0,12.322,clean,0,0,0.00,0,0
81,49,0,1.91,1,2.36,203043,Y4,,,0,12.416,clean,0,0,0.00,0,0
81,50,0,2.14,1,2.77,796616,Y4,,,0,11.926,clean,0,0,0.00,0,0
81,51,0,2.10,1,2.46,1081288,Y4,,,0,11.073,clean,0,0,0.00,0,0
81,52,0,2.06,1,2.54,660360,Y2,,,0,10.296,clean,0,0,0.00,0,0
81,53,0,2.64,1,2.31,1074314,Y4,0.00/noise-like,0.24/noise-like,0,9.739,hump-note,0,0,0.00,0,0
81,54,0,2.39,1,2.53,442475,Y2,,,0,9.369,clean,0,0,0.00,0,0
81,55,0,2.72,1,3.21,693262,Y4,0.00/noise-like,0.00/noise-like,0,8.877,FAM-HIT,0,0,0.00,0,0
81,56,0,3.10,1,2.52,1288712,Y2,0.00/noise-like,0.24/noise-like,0,7.956,hump-note,0,0,0.00,0,0
81,57,0,0,-1,0,0,-,,,36,6.825,QUARANTINE:dark-lane range=62 distinct=58,0,0,0.00,0,0
81,58,0,0,-1,0,0,-,,,0,5.750,QUARANTINE:dark-lane range=48 distinct=49,0,0,0.00,0,0
81,59,0,0,-1,0,0,-,,,0,4.879,QUARANTINE:dark-lane range=39 distinct=40,0,0,0.00,0,0
81,60,0,0,-1,0,0,-,,,0,4.173,QUARANTINE:dark-lane range=34 distinct=35,0,0,0.00,0,0
81,61,0,0,-1,0,0,-,,,0,3.563,QUARANTINE:dark-lane range=31 distinct=32,0,0,0.00,0,0
81,62,0,0,-1,0,0,-,,,0,2.960,QUARANTINE:dark-lane range=28 distinct=28,0,0,0.00,0,0
81,63,0,0,-1,0,0,-,,,0,2.403,QUARANTINE:dark-lane range=20 distinct=21,0,0,0.00,0,0
82,0,0,1.42,1,2.41,450701,Y4,,,0,20.753,clean,0,0,0.00,0,0
82,1,0,1.40,1,2.40,1008153,Y4,,,0,19.624,clean,0,0,0.00,0,0
82,2,0,1.49,1,2.70,651509,Y4,,,0,18.547,clean,0,0,0.00,0,0
82,3,0,1.76,1,2.41,1457423,Y2,,,0,17.997,clean,0,0,0.00,0,0
82,4,0,1.51,1,2.54,536978,Y4,,,0,17.834,clean,0,0,0.00,0,0
82,5,0,1.45,1,2.32,1154870,Y2,,,0,18.080,clean,0,0,0.00,0,0
82,6,0,1.66,1,2.48,24766,Y2,,,0,17.988,clean,0,0,0.00,0,0
82,7,0,1.63,1,2.72,343591,Y4,,,0,17.403,clean,0,0,0.00,0,0
82,8,0,1.57,1,2.52,673950,Y2,,,0,16.719,clean,0,0,0.00,0,0
82,9,0,1.51,1,2.36,1134932,Y2,,,0,16.258,clean,0,0,0.00,0,0
82,10,0,1.38,1,2.67,692278,Y2,,,0,16.247,clean,0,0,0.00,0,0
82,11,0,1.47,1,2.35,725180,Y4,,,0,16.627,clean,0,0,0.00,0,0
82,12,0,1.59,1,2.39,677973,Y2,,,0,16.859,clean,0,0,0.00,0,0
82,13,0,1.57,1,2.35,233710,Y4,,,0,16.703,clean,0,0,0.00,0,0
82,14,0,1.81,1,2.39,320792,Y4,,,0,16.177,clean,0,0,0.00,0,0
82,15,0,1.62,1,2.44,696123,Y2,,,0,15.934,clean,0,0,0.00,0,0
82,16,0,1.34,1,2.39,763357,Y4,,,0,16.220,clean,0,0,0.00,0,0
82,17,0,1.65,1,2.27,1325101,Y2,,,0,16.864,clean,0,0,0.00,0,0
82,18,0,1.54,1,2.58,1355231,Y4,,,0,19.204,clean,0,0,0.00,0,0
82,19,0,1.42,1,2.33,747085,Y4,,,0,17.221,clean,0,0,0.00,0,0
82,20,0,1.68,1,2.57,339478,Y2,,,0,16.341,clean,0,0,0.00,0,0
82,21,0,1.55,1,2.37,318378,Y4,,,0,15.612,clean,0,0,0.00,0,0
82,22,0,1.49,1,2.42,121325,Y4,,,0,15.421,clean,0,0,0.00,0,0
82,23,0,1.69,1,2.43,1221836,Y2,,,0,15.748,clean,0,0,0.00,0,0
82,24,0,1.52,1,2.46,351369,Y4,,,0,16.114,clean,0,0,0.00,0,0
82,25,0,1.94,204,2.55,81271,Y2,,,0,15.993,clean,0,0,0.00,0,0
82,26,0,1.82,1,2.37,15378,Y2,,,0,15.401,clean,0,0,0.00,0,0
82,27,0,1.57,627,2.58,30756,Y2,,,0,14.984,clean,0,0,0.00,0,0
82,28,0,1.59,1,2.39,321865,Y4,,,0,14.475,clean,0,0,0.00,0,0
82,29,0,1.50,1,2.28,854284,Y4,,,0,14.672,clean,0,0,0.00,0,0
82,30,0,1.81,1,2.58,403941,Y4,,,0,15.054,clean,0,0,0.00,0,0
82,31,0,1.73,1,2.40,108361,Y4,,,0,14.969,clean,0,0,0.00,0,0
82,32,0,1.35,1195,2.52,1013249,Y2,,,0,14.426,clean,0,0,0.00,0,0
82,33,0,1.62,1,2.47,650793,Y2,,,0,13.826,clean,0,0,0.00,0,0
82,34,0,1.68,1,2.55,718921,Y2,,,0,13.659,clean,0,0,0.00,0,0
82,35,0,1.49,1,2.47,672251,Y2,,,0,14.015,clean,0,0,0.00,0,0
82,36,0,1.53,1,2.37,263751,Y4,,,0,14.535,clean,0,0,0.00,0,0
82,37,0,1.65,1,2.25,769794,Y2,,,0,14.666,clean,0,0,0.00,0,0
82,38,0,1.49,1,2.50,565499,Y2,,,0,14.172,clean,0,0,0.00,0,0
82,39,0,1.83,1,2.76,1453668,Y2,,,0,13.519,clean,0,0,0.00,0,0
82,40,0,1.68,1,2.34,383466,Y4,,,0,13.205,clean,0,0,0.00,0,0
82,41,0,1.79,1,2.64,1284152,Y4,,,0,13.422,clean,0,0,0.00,0,0
82,42,0,1.60,1,2.34,1132965,Y2,,,0,13.870,clean,0,0,0.00,0,0
82,43,0,1.73,1,2.32,542432,Y2,,,0,14.099,clean,0,0,0.00,0,0
82,44,0,1.65,1,2.38,164866,Y2,,,0,13.619,clean,0,0,0.00,0,0
82,45,0,1.75,1,2.54,199378,Y2,,,0,12.791,clean,0,0,0.00,0,0
82,46,0,1.47,1,2.20,166833,Y2,,,0,12.273,clean,0,0,0.00,0,0
82,47,0,1.73,1,2.25,271529,Y4,,,0,12.150,clean,0,0,0.00,0,0
82,48,0,1.84,1,2.46,1245528,Y4,,,0,12.316,clean,0,0,0.00,0,0
82,49,0,2.08,1,2.46,736088,Y4,,,0,12.411,clean,0,0,0.00,0,0
82,50,0,1.89,1,2.43,160664,Y4,,,0,11.939,clean,0,0,0.00,0,0
82,51,0,2.34,1,2.26,116676,Y2,,,0,11.072,clean,0,0,0.00,0,0
82,52,0,2.31,1,2.38,1358002,Y2,,,0,10.294,clean,0,0,0.00,0,0
82,53,0,2.45,1,2.33,1255900,Y2,,,0,9.737,clean,0,0,0.00,0,0
82,54,0,2.39,1,2.31,157982,Y4,,,0,9.367,clean,0,0,0.00,0,0
82,55,0,2.67,1,2.49,536978,Y2,0.00/noise-like,0.24/noise-like,0,8.865,hump-note,0,0,0.00,0,0
82,56,0,3.18,1,2.59,1349866,Y4,0.00/noise-like,0.00/noise-like,0,7.952,hump-note,0,0,0.00,0,0
82,57,0,0,-1,0,0,-,,,0,6.785,QUARANTINE:dark-lane range=55 distinct=56,0,0,0.00,0,0
82,58,0,0,-1,0,0,-,,,0,5.747,QUARANTINE:dark-lane range=53 distinct=52,0,0,0.00,0,0
82,59,0,0,-1,0,0,-,,,0,4.886,QUARANTINE:dark-lane range=42 distinct=42,0,0,0.00,0,0
82,60,0,0,-1,0,0,-,,,0,4.168,QUARANTINE:dark-lane range=35 distinct=36,0,0,0.00,0,0
82,61,0,0,-1,0,0,-,,,0,3.560,QUARANTINE:dark-lane range=32 distinct=32,0,0,0.00,0,0
82,62,0,0,-1,0,0,-,,,0,2.956,QUARANTINE:dark-lane range=26 distinct=27,0,0,0.00,0,0
82,63,0,0,-1,0,0,-,,,0,2.397,QUARANTINE:dark-lane range=20 distinct=21,0,0,0.00,0,0
83,0,0,1.64,1,2.37,1350403,Y4,,,0,20.740,clean,0,0,0.00,0,0
83,1,0,1.47,1,2.31,383824,Y2,,,0,19.589,clean,0,0,0.00,0,0
83,2,0,1.75,1,2.43,622183,Y4,,,0,18.543,clean,0,0,0.00,0,0
83,3,0,1.39,1,2.52,1060367,Y4,,,0,17.963,clean,0,0,0.00,0,0
83,4,0,1.48,1,2.59,1007169,Y4,,,0,17.848,clean,0,0,0.00,0,0
83,5,0,1.47,1,2.36,320524,Y2,,,0,18.054,clean,0,0,0.00,0,0
83,6,0,1.62,1,2.43,688165,Y4,,,0,17.979,clean,0,0,0.00,0,0
83,7,0,1.44,1,2.36,1431137,Y2,,,0,17.416,clean,0,0,0.00,0,0
83,8,0,1.59,1,2.27,37104,Y4,,,0,16.758,clean,0,0,0.00,0,0
83,9,0,1.59,1,2.26,671625,Y2,,,0,16.224,clean,0,0,0.00,0,0
83,10,0,1.40,435,2.33,1021296,Y2,,,0,16.246,clean,0,0,0.00,0,0
83,11,0,1.65,1,2.47,908732,Y2,,,0,16.641,clean,0,0,0.00,0,0
83,12,0,1.64,1,2.51,1415402,Y4,,,0,16.880,clean,0,0,0.00,0,0
83,13,0,1.45,1,2.80,591874,Y2,,,0,16.678,clean,0,0,0.00,0,0
83,14,0,1.46,1,2.38,1334846,Y2,,,0,16.209,clean,0,0,0.00,0,0
83,15,0,1.39,1,2.40,19401,Y2,,,0,15.896,clean,0,0,0.00,0,0
83,16,0,1.67,1,2.33,848204,Y4,,,0,16.209,clean,0,0,0.00,0,0
83,17,0,1.39,1,2.51,1036227,Y4,,,0,16.857,clean,0,0,0.00,0,0
83,18,0,1.65,746,2.73,127673,Y4,,,0,19.212,clean,0,0,0.00,0,0
83,19,0,1.46,1,2.23,932246,Y2,,,0,17.269,clean,0,0,0.00,0,0
83,20,0,1.56,1,2.68,585884,Y4,,,0,16.350,clean,0,0,0.00,0,0
83,21,0,1.34,1057,2.38,741720,Y4,,,0,15.610,clean,0,0,0.00,0,0
83,22,0,1.57,1,2.46,134647,Y4,,,0,15.389,clean,0,0,0.00,0,0
83,23,0,1.62,1,2.41,1273155,Y2,,,0,15.750,clean,0,0,0.00,0,0
83,24,0,1.72,1,2.37,188023,Y4,,,0,16.137,clean,0,0,0.00,0,0
83,25,0,2.30,204,2.46,281096,Y2,,,0,16.005,clean,0,0,0.00,0,0
83,26,0,1.43,1,2.38,699073,Y4,,,0,15.411,clean,0,0,0.00,0,0
83,27,0,1.68,622,2.57,504166,Y4,,,0,14.966,clean,0,0,0.00,0,0
83,28,0,1.62,1,2.35,265002,Y4,,,0,14.458,clean,0,0,0.00,0,0
83,29,0,1.67,1,2.51,591248,Y2,,,0,14.674,clean,0,0,0.00,0,0
83,30,0,1.42,1,2.70,1180172,Y4,,,0,15.001,clean,0,0,0.00,0,0
83,31,0,1.56,1,2.48,490040,Y4,,,0,14.994,clean,0,0,0.00,0,0
83,32,0,1.40,1115,2.45,1046419,Y4,,,0,14.424,clean,0,0,0.00,0,0
83,33,0,1.99,1,2.34,951558,Y2,,,0,13.790,clean,0,0,0.00,0,0
83,34,0,1.66,1,2.62,314891,Y4,,,0,13.631,clean,0,0,0.00,0,0
83,35,0,1.87,1,2.21,1233280,Y2,,,0,14.035,clean,0,0,0.00,0,0
83,36,0,1.63,1,2.35,754327,Y4,,,0,14.562,clean,0,0,0.00,0,0
83,37,0,1.70,1,2.22,541270,Y2,,,0,14.642,clean,0,0,0.00,0,0
83,38,0,1.63,1,2.37,47565,Y2,,,0,14.200,clean,0,0,0.00,0,0
83,39,0,1.61,1,2.56,247121,Y2,,,0,13.539,clean,0,0,0.00,0,0
83,40,0,1.88,1,2.35,856966,Y4,,,0,13.202,clean,0,0,0.00,0,0
83,41,0,1.78,1,2.37,647932,Y2,,,0,13.390,clean,0,0,0.00,0,0
83,42,0,1.83,1,2.46,798494,Y4,,,0,13.879,clean,0,0,0.00,0,0
83,43,0,1.76,1,2.91,761211,Y4,,,0,14.113,clean,0,0,0.00,0,0
83,44,0,1.79,1,2.65,1180619,Y2,,,0,13.624,clean,0,0,0.00,0,0
83,45,0,1.84,1,2.34,785261,Y4,,,0,12.784,clean,0,0,0.00,0,0
83,46,0,1.84,1,2.43,1396984,Y2,,,0,12.256,clean,0,0,0.00,0,0
83,47,0,1.89,1,2.48,1436323,Y4,,,0,12.124,clean,0,0,0.00,0,0
83,48,0,2.02,1,2.64,275105,Y4,,,0,12.333,clean,0,0,0.00,0,0
83,49,0,1.99,1,2.41,817001,Y4,,,0,12.416,clean,0,0,0.00,0,0
83,50,0,2.30,1,2.44,1425147,Y4,,,0,11.932,clean,0,0,0.00,0,0
83,51,0,2.38,1,2.54,1344860,Y4,,,0,11.084,clean,0,0,0.00,0,0
83,52,0,2.54,1,2.43,54538,Y2,0.00/noise-like,0.00/noise-like,0,10.275,hump-note,0,0,0.00,0,0
83,53,0,2.39,1,2.57,189632,Y2,,,0,9.735,clean,0,0,0.00,0,0
83,54,0,2.56,1,2.32,653654,Y2,0.00/noise-like,0.00/noise-like,0,9.373,hump-note,0,0,0.00,0,0
83,55,0,2.70,1,2.32,82880,Y4,0.00/noise-like,0.00/noise-like,0,8.874,hump-note,0,0,0.00,0,0
83,56,0,2.99,1,2.34,95665,Y2,0.24/noise-like,0.00/noise-like,0,7.955,hump-note,0,0,0.00,0,0
83,57,0,0,-1,0,0,-,,,0,6.781,QUARANTINE:dark-lane range=59 distinct=57,0,0,0.00,0,0
83,58,0,0,-1,0,0,-,,,0,5.740,QUARANTINE:dark-lane range=50 distinct=49,0,0,0.00,0,0
83,59,0,0,-1,0,0,-,,,0,4.882,QUARANTINE:dark-lane range=45 distinct=44,0,0,0.00,0,0
83,60,0,0,-1,0,0,-,,,0,4.158,QUARANTINE:dark-lane range=36 distinct=37,0,0,0.00,0,0
83,61,0,0,-1,0,0,-,,,0,3.556,QUARANTINE:dark-lane range=29 distinct=30,0,0,0.00,0,0
83,62,0,0,-1,0,0,-,,,0,2.952,QUARANTINE:dark-lane range=25 distinct=26,0,0,0.00,0,0
83,63,0,0,-1,0,0,-,,,0,2.399,QUARANTINE:dark-lane range=21 distinct=22,0,0,0.00,0,0
84,0,0,1.74,1,2.32,951469,Y4,,,0,20.715,clean,0,0,0.00,0,0
84,1,0,1.40,1545,2.58,644177,Y2,,,0,19.584,clean,0,0,0.00,0,0
84,2,0,1.53,1,2.28,1387864,Y4,,,0,18.594,clean,0,0,0.00,0,0
84,3,0,1.61,1,2.54,1346111,Y4,,,0,17.961,clean,0,0,0.00,0,0
84,4,0,1.56,1,2.51,432909,Y2,,,0,17.835,clean,0,0,0.00,0,0
84,5,0,1.36,717,2.53,441760,Y4,,,0,18.040,clean,0,0,0.00,0,0
84,6,0,1.60,1478,2.31,87351,Y2,,,0,17.980,clean,0,0,0.00,0,0
84,7,0,1.51,1,2.48,527680,Y4,,,0,17.439,clean,0,0,0.00,0,0
84,8,0,1.48,1,2.41,1044720,Y2,,,0,16.766,clean,0,0,0.00,0,0
84,9,0,1.41,1,2.45,881374,Y4,,,0,16.217,clean,0,0,0.00,0,0
84,10,0,1.57,1,2.45,875920,Y2,,,0,16.263,clean,0,0,0.00,0,0
84,11,0,1.42,1318,2.36,1135111,Y2,,,0,16.650,clean,0,0,0.00,0,0
84,12,0,1.47,1,2.33,1264304,Y4,,,0,16.889,clean,0,0,0.00,0,0
84,13,0,1.55,1,2.34,399202,Y2,,,0,16.711,clean,0,0,0.00,0,0
84,14,0,1.53,1,2.49,818878,Y4,,,0,16.210,clean,0,0,0.00,0,0
84,15,0,1.40,1,2.53,1225501,Y4,,,0,15.906,clean,0,0,0.00,0,0
84,16,0,2.06,1,2.42,884593,Y4,,,0,16.204,clean,0,0,0.00,0,0
84,17,0,1.58,1,2.40,120163,Y4,,,0,16.877,clean,0,0,0.00,0,0
84,18,0,1.62,871,2.30,140727,Y2,,,0,19.206,clean,0,0,0.00,0,0
84,19,0,1.48,1,2.57,937343,Y2,,,0,17.268,clean,0,0,0.00,0,0
84,20,0,1.53,1,2.70,73850,Y4,,,0,16.363,clean,0,0,0.00,0,0
84,21,0,1.58,1,2.98,863403,Y2,,,0,15.627,clean,0,0,0.00,0,0
84,22,0,1.68,1,2.38,638008,Y4,,,0,15.391,clean,0,0,0.00,0,0
84,23,0,1.74,1,2.40,301123,Y2,,,0,15.739,clean,0,0,0.00,0,0
84,24,0,1.57,1,2.35,122309,Y4,,,0,16.111,clean,0,0,0.00,0,0
84,25,0,2.22,204,5.27,6706,Y4,0.00/noise-like,0.00/noise-like,6,16.009,FAM-HIT,0,0,0.00,0,0
84,26,0,1.44,1,2.32,1277000,Y2,,,0,15.385,clean,0,0,0.00,0,0
84,27,0,1.63,613,2.54,559777,Y2,,,0,14.967,clean,0,0,0.00,0,0
84,28,0,1.56,1,2.60,298172,Y2,,,0,14.423,clean,0,0,0.00,0,0
84,29,0,1.76,1,2.68,28163,Y2,,,0,14.679,clean,0,0,0.00,0,0
84,30,0,1.41,1,2.49,172734,Y4,,,0,15.039,clean,0,0,0.00,0,0
84,31,0,1.71,1,2.18,481457,Y2,,,0,14.977,clean,0,0,0.00,0,0
84,32,0,1.32,1502,2.55,757277,Y4,,,0,14.408,clean,0,0,0.00,0,0
84,33,0,1.69,1,2.32,283509,Y4,,,0,13.798,clean,0,0,0.00,0,0
84,34,0,1.55,1,2.28,1245797,Y4,,,0,13.642,clean,0,0,0.00,0,0
84,35,0,1.89,1,2.37,97901,Y2,,,0,14.030,clean,0,0,0.00,0,0
84,36,0,1.79,1,2.32,994384,Y4,,,0,14.555,clean,0,0,0.00,0,0
84,37,0,1.47,1,2.42,310957,Y2,,,0,14.651,clean,0,0,0.00,0,0
84,38,0,1.79,1,2.53,119627,Y2,,,0,14.179,clean,0,0,0.00,0,0
84,39,0,1.98,1,2.40,228435,Y2,,,0,13.512,clean,0,0,0.00,0,0
84,40,0,1.78,1,2.50,1392245,Y4,,,0,13.225,clean,0,0,0.00,0,0
84,41,0,1.68,1,2.49,279397,Y4,,,0,13.427,clean,0,0,0.00,0,0
84,42,0,1.45,474,2.40,165939,Y2,,,0,13.887,clean,0,0,0.00,0,0
84,43,0,1.59,1,2.40,1408875,Y2,,,0,14.133,clean,0,0,0.00,0,0
84,44,0,1.66,1,2.31,1410216,Y2,,,0,13.595,clean,0,0,0.00,0,0
84,45,0,2.09,1,2.55,5275,Y2,,,0,12.802,clean,0,0,0.00,0,0
84,46,0,2.01,1,2.30,1311958,Y2,,,0,12.286,clean,0,0,0.00,0,0
84,47,0,1.76,1,2.38,425667,Y4,,,0,12.134,clean,0,0,0.00,0,0
84,48,0,1.85,1,2.33,796884,Y2,,,0,12.351,clean,0,0,0.00,0,0
84,49,0,2.33,1,2.52,359863,Y2,,,0,12.420,clean,0,0,0.00,0,0
84,50,0,2.12,1,2.32,1058221,Y4,,,0,11.938,clean,0,0,0.00,0,0
84,51,0,2.13,1,2.54,1041502,Y2,,,0,11.087,clean,0,0,0.00,0,0
84,52,0,2.07,1,2.32,1228273,Y4,,,0,10.288,clean,0,0,0.00,0,0
84,53,0,2.38,1,2.48,741988,Y2,,,0,9.728,clean,0,0,0.00,0,0
84,54,0,2.46,1,2.36,283152,Y2,,,0,9.352,clean,0,0,0.00,0,0
84,55,0,3.05,1,2.30,1362562,Y2,0.00/noise-like,0.24/noise-like,0,8.867,hump-note,0,0,0.00,0,0
84,56,0,3.12,1,2.35,973910,Y4,0.00/noise-like,0.24/noise-like,0,7.947,hump-note,0,0,0.00,0,0
84,57,0,0,-1,0,0,-,,,17,6.814,QUARANTINE:dark-lane range=55 distinct=56,0,0,0.00,0,0
84,58,0,0,-1,0,0,-,,,0,5.749,QUARANTINE:dark-lane range=49 distinct=50,0,0,0.00,0,0
84,59,0,0,-1,0,0,-,,,0,4.892,QUARANTINE:dark-lane range=42 distinct=42,0,0,0.00,0,0
84,60,0,0,-1,0,0,-,,,0,4.167,QUARANTINE:dark-lane range=35 distinct=36,0,0,0.00,0,0
84,61,0,0,-1,0,0,-,,,0,3.563,QUARANTINE:dark-lane range=32 distinct=32,0,0,0.00,0,0
84,62,0,0,-1,0,0,-,,,0,2.952,QUARANTINE:dark-lane range=26 distinct=27,0,0,0.00,0,0
84,63,0,0,-1,0,0,-,,,0,2.400,QUARANTINE:dark-lane range=20 distinct=21,0,0,0.00,0,0
85,0,0,1.43,515,2.36,277698,Y4,,,0,20.724,clean,0,0,0.00,0,0
85,1,0,1.33,736,2.45,1457781,Y4,,,0,19.582,clean,0,0,0.00,0,0
85,2,0,1.50,1,2.35,903189,Y2,,,0,18.596,clean,0,0,0.00,0,0
85,3,0,1.52,1,2.40,204384,Y2,,,0,17.975,clean,0,0,0.00,0,0
85,4,0,1.65,1,2.38,383109,Y4,,,0,17.864,clean,0,0,0.00,0,0
85,5,0,1.68,1,2.52,21011,Y2,,,0,18.085,clean,0,0,0.00,0,0
85,6,0,1.43,1,2.31,152618,Y4,,,0,17.976,clean,0,0,0.00,0,0
85,7,0,1.38,1,2.40,235766,Y2,,,0,17.451,clean,0,0,0.00,0,0
85,8,0,1.40,1,2.25,137866,Y4,,,0,16.744,clean,0,0,0.00,0,0
85,9,0,1.46,1,2.45,955313,Y4,,,0,16.220,clean,0,0,0.00,0,0
85,10,0,1.45,1,2.56,419319,Y2,,,0,16.268,clean,0,0,0.00,0,0
85,11,0,1.51,1,2.63,359863,Y2,,,0,16.590,clean,0,0,0.00,0,0
85,12,0,1.46,1,2.38,256687,Y2,,,0,16.855,clean,0,0,0.00,0,0
85,13,0,1.53,1,2.61,504792,Y4,,,0,16.716,clean,0,0,0.00,0,0
85,14,0,1.49,1,2.30,1015574,Y4,,,0,16.215,clean,0,0,0.00,0,0
85,15,0,1.64,1,2.38,751376,Y4,,,0,15.890,clean,0,0,0.00,0,0
85,16,0,1.68,1,2.36,767291,Y2,,,0,16.206,clean,0,0,0.00,0,0
85,17,0,1.43,1,2.49,787139,Y4,,,0,16.886,clean,0,0,0.00,0,0
85,18,0,1.58,751,2.42,107020,Y4,,,0,19.192,clean,0,0,0.00,0,0
85,19,0,1.50,1,2.31,876278,Y2,,,0,17.234,clean,0,0,0.00,0,0
85,20,0,1.49,1,2.38,109702,Y2,,,0,16.371,clean,0,0,0.00,0,0
85,21,0,1.51,1,2.48,267059,Y2,,,0,15.639,clean,0,0,0.00,0,0
85,22,0,1.76,1,2.50,814140,Y4,,,0,15.365,clean,0,0,0.00,0,0
85,23,0,1.50,1,2.39,807256,Y4,,,0,15.716,clean,0,0,0.00,0,0
85,24,0,1.68,1,2.29,890672,Y2,,,0,16.119,clean,0,0,0.00,0,0
85,25,0,1.88,204,4.38,5901,Y4,0.24/noise-like,0.00/noise-like,2,15.997,FAM-HIT,0,0,0.00,0,0
85,26,0,1.65,1,2.46,242919,Y2,,,0,15.409,clean,0,0,0.00,0,0
85,27,0,1.68,1,2.48,324547,Y2,,,0,14.956,clean,0,0,0.00,0,0
85,28,0,1.52,1,2.48,1423448,Y4,,,0,14.464,clean,0,0,0.00,0,0
85,29,0,1.60,1,2.34,837743,Y2,,,0,14.706,clean,0,0,0.00,0,0
85,30,0,1.82,1,2.54,21011,Y4,,,0,15.049,clean,0,0,0.00,0,0
85,31,0,1.54,1,2.44,1045614,Y2,,,0,14.972,clean,0,0,0.00,0,0
85,32,0,1.38,808,2.46,1454294,Y4,,,0,14.426,clean,0,0,0.00,0,0
85,33,0,1.48,1,2.48,1280040,Y4,,,0,13.793,clean,0,0,0.00,0,0
85,34,0,1.34,21,2.60,554860,Y4,,,0,13.653,clean,0,0,0.00,0,0
85,35,0,1.58,1,2.42,887632,Y2,,,0,14.016,clean,0,0,0.00,0,0
85,36,0,1.44,1,2.43,198841,Y4,,,0,14.554,clean,0,0,0.00,0,0
85,37,0,1.69,1,2.63,1026213,Y4,,,0,14.658,clean,0,0,0.00,0,0
85,38,0,1.54,1,2.43,1310885,Y4,,,0,14.192,clean,0,0,0.00,0,0
85,39,0,1.57,1,2.52,195265,Y4,,,0,13.502,clean,0,0,0.00,0,0
85,40,0,1.72,1,2.32,945836,Y4,,,0,13.212,clean,0,0,0.00,0,0
85,41,0,1.64,1,2.33,959158,Y2,,,0,13.404,clean,0,0,0.00,0,0
85,42,0,1.83,1,2.69,1219064,Y4,,,0,13.885,clean,0,0,0.00,0,0
85,43,0,1.74,1,2.44,527948,Y4,,,0,14.130,clean,0,0,0.00,0,0
85,44,0,1.60,1,2.40,1210570,Y4,,,0,13.620,clean,0,0,0.00,0,0
85,45,0,1.80,1,2.34,502557,Y2,,,0,12.792,clean,0,0,0.00,0,0
85,46,0,1.99,1,2.36,1238197,Y4,,,0,12.270,clean,0,0,0.00,0,0
85,47,0,2.13,1,2.49,223517,Y2,,,0,12.117,clean,0,0,0.00,0,0
85,48,0,1.73,1,2.97,188470,Y2,,,0,12.338,clean,0,0,0.00,0,0
85,49,0,1.89,1,2.33,1444012,Y2,,,0,12.414,clean,0,0,0.00,0,0
85,50,0,2.20,1,2.48,14037,Y4,,,0,11.919,clean,0,0,0.00,0,0
85,51,0,1.89,1,2.38,968993,Y2,,,0,11.097,clean,0,0,0.00,0,0
85,52,0,2.54,1,2.50,1168549,Y2,0.00/noise-like,0.00/noise-like,0,10.284,hump-note,0,0,0.00,0,0
85,53,0,2.28,1,2.49,1285851,Y4,,,0,9.746,clean,0,0,0.00,0,0
85,54,0,2.54,1,2.29,696391,Y2,0.00/noise-like,0.24/noise-like,0,9.370,hump-note,0,0,0.00,0,0
85,55,0,3.33,1,2.27,1048386,Y4,0.00/noise-like,0.00/noise-like,0,8.870,hump-note,0,0,0.00,0,0
85,56,0,3.46,1,2.58,112563,Y2,0.24/noise-like,0.00/noise-like,0,7.966,hump-note,0,0,0.00,0,0
85,57,0,0,-1,0,0,-,,,12,6.817,QUARANTINE:dark-lane range=61 distinct=60,0,0,0.00,0,0
85,58,0,0,-1,0,0,-,,,0,5.731,QUARANTINE:dark-lane range=49 distinct=50,0,0,0.00,0,0
85,59,0,0,-1,0,0,-,,,0,4.880,QUARANTINE:dark-lane range=46 distinct=45,0,0,0.00,0,0
85,60,0,0,-1,0,0,-,,,0,4.166,QUARANTINE:dark-lane range=39 distinct=38,0,0,0.00,0,0
85,61,0,0,-1,0,0,-,,,0,3.557,QUARANTINE:dark-lane range=31 distinct=32,0,0,0.00,0,0
85,62,0,0,-1,0,0,-,,,0,2.955,QUARANTINE:dark-lane range=28 distinct=29,0,0,0.00,0,0
85,63,0,0,-1,0,0,-,,,0,2.406,QUARANTINE:dark-lane range=21 distinct=22,0,0,0.00,0,0
86,0,0,1.40,1,2.55,680476,Y2,,,0,20.737,clean,0,0,0.00,0,0
86,1,0,1.39,1,2.54,1163274,Y4,,,0,19.571,clean,0,0,0.00,0,0
86,2,0,1.45,1643,2.49,589371,Y4,,,0,18.566,clean,0,0,0.00,0,0
86,3,0,1.58,1,2.39,713646,Y2,,,0,17.955,clean,0,0,0.00,0,0
86,4,0,1.42,1,2.32,1082808,Y2,,,0,17.898,clean,0,0,0.00,0,0
86,5,0,1.38,1347,2.31,160754,Y2,,,0,18.058,clean,0,0,0.00,0,0
86,6,0,1.62,1,2.41,120968,Y2,,,0,18.006,clean,0,0,0.00,0,0
86,7,0,1.33,316,2.42,1006633,Y2,,,0,17.445,clean,0,0,0.00,0,0
86,8,0,1.51,1,2.58,77158,Y4,,,0,16.744,clean,0,0,0.00,0,0
86,9,0,1.42,1,2.27,264198,Y4,,,0,16.255,clean,0,0,0.00,0,0
86,10,0,1.44,1,2.37,550389,Y4,,,0,16.239,clean,0,0,0.00,0,0
86,11,0,1.39,1,2.24,290573,Y2,,,0,16.604,clean,0,0,0.00,0,0
86,12,0,1.50,1,2.32,353158,Y2,,,0,16.935,clean,0,0,0.00,0,0
86,13,0,1.46,1337,2.32,165045,Y4,,,0,16.715,clean,0,0,0.00,0,0
86,14,0,1.56,1,2.39,1011372,Y2,,,0,16.213,clean,0,0,0.00,0,0
86,15,0,1.61,1,2.33,37551,Y4,,,0,15.922,clean,0,0,0.00,0,0
86,16,0,1.52,1,2.31,1171857,Y2,,,0,16.201,clean,0,0,0.00,0,0
86,17,0,1.58,1,2.41,824958,Y2,,,0,16.909,clean,0,0,0.00,0,0
86,18,0,1.63,755,2.65,968814,Y2,,,0,19.198,clean,0,0,0.00,0,0
86,19,0,1.46,1,2.49,871539,Y4,,,0,17.276,clean,0,0,0.00,0,0
86,20,0,1.39,439,2.60,237823,Y4,,,0,16.364,clean,0,0,0.00,0,0
86,21,0,1.72,1,2.32,439793,Y2,,,0,15.635,clean,0,0,0.00,0,0
86,22,0,1.50,1,2.28,141263,Y2,,,0,15.393,clean,0,0,0.00,0,0
86,23,0,1.59,1,2.34,987411,Y2,,,0,15.756,clean,0,0,0.00,0,0
86,24,0,1.46,1,2.35,278503,Y4,,,0,16.143,clean,0,0,0.00,0,0
86,25,0,2.16,204,6.75,6169,Y4,0.00/noise-like,0.00/noise-like,5,16.036,FAM-HIT,0,0,0.00,0,0
86,26,0,1.44,1,2.44,978112,Y4,,,0,15.406,clean,0,0,0.00,0,0
86,27,0,1.68,624,2.53,1018345,Y2,,,0,14.978,clean,0,0,0.00,0,0
86,28,0,1.54,1,2.38,932425,Y4,,,0,14.447,clean,0,0,0.00,0,0
86,29,0,1.80,1,2.36,1305431,Y2,,,0,14.705,clean,0,0,0.00,0,0
86,30,0,1.55,1,2.70,950307,Y4,,,0,15.028,clean,0,0,0.00,0,0
86,31,0,1.54,1,2.47,992239,Y4,,,0,14.949,clean,0,0,0.00,0,0
86,32,0,1.31,420,2.38,942796,Y4,,,0,14.425,clean,0,0,0.00,0,0
86,33,0,1.63,1,2.33,1280129,Y2,,,0,13.822,clean,0,0,0.00,0,0
86,34,0,1.79,1,2.46,1328409,Y4,,,0,13.648,clean,0,0,0.00,0,0
86,35,0,1.87,1,2.35,493348,Y2,,,0,14.006,clean,0,0,0.00,0,0
86,36,0,1.81,1,2.47,729114,Y4,,,0,14.553,clean,0,0,0.00,0,0
86,37,0,1.73,1,2.34,247031,Y4,,,0,14.670,clean,0,0,0.00,0,0
86,38,0,1.72,1,2.42,1371950,Y4,,,0,14.175,clean,0,0,0.00,0,0
86,39,0,1.90,1,2.43,628531,Y2,,,0,13.512,clean,0,0,0.00,0,0
86,40,0,1.90,1,2.39,1381785,Y2,,,0,13.182,clean,0,0,0.00,0,0
86,41,0,1.78,1,2.27,360399,Y2,,,0,13.421,clean,0,0,0.00,0,0
86,42,0,1.76,1,2.29,646681,Y4,,,0,13.894,clean,0,0,0.00,0,0
86,43,0,1.76,1,2.52,325441,Y4,,,0,14.124,clean,0,0,0.00,0,0
86,44,0,1.55,1,2.32,680119,Y4,,,0,13.612,clean,0,0,0.00,0,0
86,45,0,1.89,1,2.33,207424,Y2,,,0,12.796,clean,0,0,0.00,0,0
86,46,0,1.77,1,2.60,711948,Y4,,,0,12.271,clean,0,0,0.00,0,0
86,47,0,2.06,1,2.43,273228,Y4,,,0,12.150,clean,0,0,0.00,0,0
86,48,0,1.58,1234,2.37,199109,Y4,,,0,12.352,clean,0,0,0.00,0,0
86,49,0,1.99,1,2.35,85562,Y4,,,0,12.408,clean,0,0,0.00,0,0
86,50,0,2.08,1,2.30,1305699,Y2,,,0,11.940,clean,0,0,0.00,0,0
86,51,0,1.80,1,2.38,86635,Y2,,,0,11.076,clean,0,0,0.00,0,0
86,52,0,1.96,1,2.35,548601,Y4,,,0,10.300,clean,0,0,0.00,0,0
86,53,0,2.59,1,2.30,962019,Y2,0.00/noise-like,0.00/noise-like,0,9.730,hump-note,0,0,0.00,0,0
86,54,0,2.58,1,2.35,612527,Y2,0.00/noise-like,0.00/noise-like,0,9.379,hump-note,0,0,0.00,0,0
86,55,0,2.85,1,2.39,1423806,Y2,0.00/noise-like,0.00/noise-like,0,8.877,hump-note,0,0,0.00,0,0
86,56,0,2.81,1,2.39,1125902,Y4,0.00/noise-like,0.24/noise-like,0,7.963,hump-note,0,0,0.00,0,0
86,57,0,0,-1,0,0,-,,,27,6.826,QUARANTINE:dark-lane range=59 distinct=57,0,0,0.00,0,0
86,58,0,0,-1,0,0,-,,,0,5.728,QUARANTINE:dark-lane range=50 distinct=49,0,0,0.00,0,0
86,59,0,0,-1,0,0,-,,,0,4.882,QUARANTINE:dark-lane range=42 distinct=42,0,0,0.00,0,0
86,60,0,0,-1,0,0,-,,,0,4.166,QUARANTINE:dark-lane range=35 distinct=36,0,0,0.00,0,0
86,61,0,0,-1,0,0,-,,,0,3.563,QUARANTINE:dark-lane range=31 distinct=31,0,0,0.00,0,0
86,62,0,0,-1,0,0,-,,,0,2.963,QUARANTINE:dark-lane range=27 distinct=26,0,0,0.00,0,0
86,63,0,0,-1,0,0,-,,,0,2.405,QUARANTINE:dark-lane range=19 distinct=20,0,0,0.00,0,0
87,0,0,1.35,209,2.53,210911,Y2,,,0,20.737,clean,0,0,0.00,0,0
87,1,0,1.46,1,2.47,807345,Y4,,,0,19.602,clean,0,0,0.00,0,0
87,2,0,1.60,1,2.37,1012534,Y2,,,0,18.585,clean,0,0,0.00,0,0
87,3,0,1.48,1,2.36,1096576,Y2,,,0,17.987,clean,0,0,0.00,0,0
87,4,0,1.42,48,2.55,1344234,Y2,,,0,17.889,clean,0,0,0.00,0,0
87,5,0,1.41,885,2.49,791430,Y4,,,0,18.029,clean,0,0,0.00,0,0
87,6,0,1.48,1,2.36,316322,Y4,,,0,17.967,clean,0,0,0.00,0,0
87,7,0,1.39,1,2.54,976861,Y2,,,0,17.421,clean,0,0,0.00,0,0
87,8,0,1.69,1,2.47,810742,Y4,,,0,16.735,clean,0,0,0.00,0,0
87,9,0,1.37,1,2.40,1391619,Y4,,,0,16.258,clean,0,0,0.00,0,0
87,10,0,1.60,1,2.51,1006454,Y4,,,0,16.232,clean,0,0,0.00,0,0
87,11,0,1.45,1,2.41,350744,Y2,,,0,16.616,clean,0,0,0.00,0,0
87,12,0,1.57,1,2.36,413775,Y2,,,0,16.838,clean,0,0,0.00,0,0
87,13,0,1.46,1,2.64,557274,Y2,,,0,16.710,clean,0,0,0.00,0,0
87,14,0,1.39,454,2.34,686735,Y2,,,0,16.224,clean,0,0,0.00,0,0
87,15,0,1.49,1,2.33,283062,Y4,,,0,15.900,clean,0,0,0.00,0,0
87,16,0,1.47,1,2.37,238001,Y4,,,0,16.215,clean,0,0,0.00,0,0
87,17,0,1.48,1,2.58,534564,Y2,,,0,16.892,clean,0,0,0.00,0,0
87,18,0,1.70,739,2.37,87708,Y2,,,0,19.200,clean,0,0,0.00,0,0
87,19,0,1.58,1,2.45,458032,Y2,,,0,17.243,clean,0,0,0.00,0,0
87,20,0,1.48,1,2.73,1068145,Y4,,,0,16.397,clean,0,0,0.00,0,0
87,21,0,1.50,1,2.40,385880,Y2,,,0,15.660,clean,0,0,0.00,0,0
87,22,0,1.74,1,2.40,901222,Y2,,,0,15.406,clean,0,0,0.00,0,0
87,23,0,1.50,1,2.37,387311,Y2,,,0,15.728,clean,0,0,0.00,0,0
87,24,0,1.38,1270,2.31,738859,Y4,,,0,16.108,clean,0,0,0.00,0,0
87,25,0,1.69,204,2.81,761479,Y4,,,2,16.029,clean,0,0,0.00,0,0
87,26,0,1.46,1,2.62,727147,Y2,,,0,15.397,clean,0,0,0.00,0,0
87,27,0,1.69,1,2.48,754595,Y4,,,0,14.996,clean,0,0,0.00,0,0
87,28,0,1.69,1,2.37,130087,Y2,,,0,14.472,clean,0,0,0.00,0,0
87,29,0,1.71,1,2.64,1175076,Y4,,,0,14.692,clean,0,0,0.00,0,0
87,30,0,1.58,1,2.48,829786,Y4,,,0,15.023,clean,0,0,0.00,0,0
87,31,0,1.78,1,2.33,986159,Y2,,,0,14.967,clean,0,0,0.00,0,0
87,32,0,1.32,1521,2.24,1203150,Y2,,,0,14.414,clean,0,0,0.00,0,0
87,33,0,1.51,1,2.49,251055,Y2,,,0,13.803,clean,0,0,0.00,0,0
87,34,0,1.73,1,2.35,7957,Y4,,,0,13.686,clean,0,0,0.00,0,0
87,35,0,1.76,1,2.36,472516,Y4,,,0,14.029,clean,0,0,0.00,0,0
87,36,0,1.45,1,2.54,907481,Y4,,,0,14.541,clean,0,0,0.00,0,0
87,37,0,1.76,1,2.42,1005739,Y2,,,0,14.664,clean,0,0,0.00,0,0
87,38,0,1.79,1,2.39,655085,Y2,,,0,14.186,clean,0,0,0.00,0,0
87,39,0,1.67,1,2.56,174165,Y4,,,0,13.504,clean,0,0,0.00,0,0
87,40,0,1.57,1,2.31,1219243,Y2,,,0,13.198,clean,0,0,0.00,0,0
87,41,0,1.72,1,2.61,1094520,Y4,,,0,13.397,clean,0,0,0.00,0,0
87,42,0,1.75,1,2.49,1123935,Y2,,,0,13.896,clean,0,0,0.00,0,0
87,43,0,1.97,1,2.78,476182,Y4,,,0,14.101,clean,0,0,0.00,0,0
87,44,0,1.88,1,2.32,31739,Y4,,,0,13.628,clean,0,0,0.00,0,0
87,45,0,1.92,1,2.29,815481,Y4,,,0,12.774,clean,0,0,0.00,0,0
87,46,0,2.21,1,2.67,1186162,Y4,,,0,12.291,clean,0,0,0.00,0,0
87,47,0,1.96,1,2.64,1012266,Y4,,,0,12.162,clean,0,0,0.00,0,0
87,48,0,1.87,1,2.44,46313,Y2,,,0,12.319,clean,0,0,0.00,0,0
87,49,0,1.79,1,2.41,1087993,Y4,,,0,12.427,clean,0,0,0.00,0,0
87,50,0,1.91,1,2.56,38445,Y4,,,0,11.958,clean,0,0,0.00,0,0
87,51,0,2.15,1,2.24,377923,Y2,,,0,11.090,clean,0,0,0.00,0,0
87,52,0,2.55,1,2.28,606537,Y2,0.00/noise-like,0.00/noise-like,0,10.299,hump-note,0,0,0.00,0,0
87,53,0,2.60,1,2.51,205368,Y4,0.00/noise-like,0.00/noise-like,0,9.731,hump-note,0,0,0.00,0,0
87,54,0,2.70,1,2.53,1409590,Y2,0.00/noise-like,0.00/noise-like,0,9.360,hump-note,0,0,0.00,0,0
87,55,0,2.77,1,2.30,43720,Y4,0.00/noise-like,0.00/noise-like,0,8.866,hump-note,0,0,0.00,0,0
87,56,0,2.94,1,2.50,433892,Y2,0.00/noise-like,0.00/noise-like,0,7.956,hump-note,0,0,0.00,0,0
87,57,0,0,-1,0,0,-,,,9,6.797,QUARANTINE:dark-lane range=58 distinct=57,0,0,0.00,0,0
87,58,0,0,-1,0,0,-,,,0,5.737,QUARANTINE:dark-lane range=47 distinct=48,0,0,0.00,0,0
87,59,0,0,-1,0,0,-,,,0,4.886,QUARANTINE:dark-lane range=43 distinct=41,0,0,0.00,0,0
87,60,0,0,-1,0,0,-,,,0,4.171,QUARANTINE:dark-lane range=35 distinct=36,0,0,0.00,0,0
87,61,0,0,-1,0,0,-,,,0,3.560,QUARANTINE:dark-lane range=32 distinct=32,0,0,0.00,0,0
87,62,0,0,-1,0,0,-,,,0,2.959,QUARANTINE:dark-lane range=29 distinct=29,0,0,0.00,0,0
87,63,0,0,-1,0,0,-,,,0,2.403,QUARANTINE:dark-lane range=22 distinct=23,0,0,0.00,0,0
88,0,0,1.51,1,2.44,1351118,Y2,,,0,20.735,clean,0,0,0.00,0,0
88,1,0,1.46,1018,2.45,488788,Y2,,,0,19.573,clean,0,0,0.00,0,0
88,2,0,1.47,1643,2.45,1293093,Y4,,,0,18.561,clean,0,0,0.00,0,0
88,3,0,1.45,1,2.74,1321256,Y4,,,0,17.977,clean,0,0,0.00,0,0
88,4,0,1.60,1,2.40,14126,Y2,,,0,17.881,clean,0,0,0.00,0,0
88,5,0,1.60,1,2.48,465095,Y4,,,0,18.044,clean,0,0,0.00,0,0
88,6,0,1.37,1477,2.20,307113,Y4,,,0,17.976,clean,0,0,0.00,0,0
88,7,0,1.40,1409,2.52,543416,Y4,,,0,17.420,clean,0,0,0.00,0,0
88,8,0,1.48,1,2.39,93162,Y2,,,0,16.726,clean,0,0,0.00,0,0
88,9,0,1.50,1,2.46,1157194,Y4,,,0,16.257,clean,0,0,0.00,0,0
88,10,0,1.56,1,2.31,104427,Y4,,,0,16.249,clean,0,0,0.00,0,0
88,11,0,1.54,1,2.46,32276,Y2,,,0,16.620,clean,0,0,0.00,0,0
88,12,0,1.58,1,2.41,698358,Y2,,,0,16.882,clean,0,0,0.00,0,0
88,13,0,1.47,1,2.58,1171499,Y2,,,0,16.712,clean,0,0,0.00,0,0
88,14,0,1.57,1,2.34,238895,Y2,,,0,16.207,clean,0,0,0.00,0,0
88,15,0,1.45,1,2.36,60439,Y4,,,0,15.894,clean,0,0,0.00,0,0
88,16,0,1.42,1136,2.46,463575,Y2,,,0,16.209,clean,0,0,0.00,0,0
88,17,0,1.45,1083,2.35,428170,Y2,,,0,16.895,clean,0,0,0.00,0,0
88,18,0,1.65,802,2.65,385165,Y2,,,0,19.228,clean,0,0,0.00,0,0
88,19,0,1.50,1,2.33,58472,Y2,,,0,17.242,clean,0,0,0.00,0,0
88,20,0,1.52,1,2.36,1010746,Y4,,,0,16.340,clean,0,0,0.00,0,0
88,21,0,1.66,1,2.37,197232,Y2,,,0,15.630,clean,0,0,0.00,0,0
88,22,0,1.39,390,2.61,1460195,Y4,,,0,15.411,clean,0,0,0.00,0,0
88,23,0,1.72,1,2.24,48369,Y2,,,0,15.732,clean,0,0,0.00,0,0
88,24,0,1.49,453,2.28,42200,Y4,,,0,16.137,clean,0,0,0.00,0,0
88,25,0,2.11,204,3.76,398487,Y4,0.00/noise-like,0.24/noise-like,3,16.038,FAM-HIT,0,0,0.00,0,0
88,26,0,1.62,1,2.32,1140922,Y4,,,0,15.406,clean,0,0,0.00,0,0
88,27,0,1.62,615,2.26,658393,Y4,,,0,14.958,clean,0,0,0.00,0,0
88,28,0,1.86,1,2.20,1225054,Y2,,,0,14.463,clean,0,0,0.00,0,0
88,29,0,1.65,1,2.44,1464844,Y4,,,0,14.689,clean,0,0,0.00,0,0
88,30,0,1.49,1,2.36,402421,Y2,,,0,15.047,clean,0,0,0.00,0,0
88,31,0,1.89,1,2.25,810117,Y2,,,0,14.962,clean,0,0,0.00,0,0
88,32,0,1.44,906,2.67,745654,Y2,,,0,14.423,clean,0,0,0.00,0,0
88,33,0,1.85,1,2.41,1161665,Y2,,,0,13.796,clean,0,0,0.00,0,0
88,34,0,1.84,1,2.26,782758,Y2,,,0,13.649,clean,0,0,0.00,0,0
88,35,0,1.92,1,2.47,774980,Y2,,,0,14.026,clean,0,0,0.00,0,0
88,36,0,1.66,1,2.49,1138866,Y2,,,0,14.554,clean,0,0,0.00,0,0
88,37,0,1.58,1,2.91,1162648,Y4,,,0,14.691,clean,0,0,0.00,0,0
88,38,0,1.80,1,2.30,1337528,Y4,,,0,14.188,clean,0,0,0.00,0,0
88,39,0,1.69,1,2.42,513643,Y4,,,0,13.507,clean,0,0,0.00,0,0
88,40,0,1.75,1,2.60,313371,Y2,,,0,13.177,clean,0,0,0.00,0,0
88,41,0,1.69,1,2.58,84937,Y4,,,0,13.417,clean,0,0,0.00,0,0
88,42,0,1.57,1,2.35,286281,Y2,,,0,13.869,clean,0,0,0.00,0,0
88,43,0,1.46,1,2.25,1001179,Y4,,,0,14.128,clean,0,0,0.00,0,0
88,44,0,1.86,1,2.48,97185,Y2,,,0,13.596,clean,0,0,0.00,0,0
88,45,0,1.69,1,2.42,701308,Y4,,,0,12.782,clean,0,0,0.00,0,0
88,46,0,1.96,1,2.88,12875,Y4,,,0,12.276,clean,0,0,0.00,0,0
88,47,0,1.91,1,2.48,219941,Y2,,,0,12.157,clean,0,0,0.00,0,0
88,48,0,1.59,1,2.58,196338,Y2,,,0,12.352,clean,0,0,0.00,0,0
88,49,0,2.04,1,2.52,50873,Y4,,,0,12.398,clean,0,0,0.00,0,0
88,50,0,1.74,1,2.30,783741,Y4,,,0,11.945,clean,0,0,0.00,0,0
88,51,0,2.02,1,2.56,1353621,Y4,,,0,11.080,clean,0,0,0.00,0,0
88,52,0,2.25,1,2.40,1134217,Y4,,,0,10.293,clean,0,0,0.00,0,0
88,53,0,2.48,1,2.28,89675,Y4,,,0,9.732,clean,0,0,0.00,0,0
88,54,0,2.88,1,2.37,536,Y2,0.24/noise-like,0.00/noise-like,0,9.350,hump-note,0,0,0.00,0,0
88,55,0,2.83,1,2.48,1031041,Y4,0.00/noise-like,0.24/noise-like,0,8.877,hump-note,0,0,0.00,0,0
88,56,0,3.21,1,2.42,644892,Y2,0.00/noise-like,0.24/noise-like,0,7.935,hump-note,0,0,0.00,0,0
88,57,0,0,-1,0,0,-,,,3,6.795,QUARANTINE:dark-lane range=61 distinct=59,0,0,0.00,0,0
88,58,0,0,-1,0,0,-,,,0,5.733,QUARANTINE:dark-lane range=53 distinct=51,0,0,0.00,0,0
88,59,0,0,-1,0,0,-,,,0,4.882,QUARANTINE:dark-lane range=43 distinct=44,0,0,0.00,0,0
88,60,0,0,-1,0,0,-,,,0,4.169,QUARANTINE:dark-lane range=39 distinct=40,0,0,0.00,0,0
88,61,0,0,-1,0,0,-,,,0,3.563,QUARANTINE:dark-lane range=34 distinct=33,0,0,0.00,0,0
88,62,0,0,-1,0,0,-,,,0,2.957,QUARANTINE:dark-lane range=27 distinct=28,0,0,0.00,0,0
88,63,0,0,-1,0,0,-,,,0,2.405,QUARANTINE:dark-lane range=23 distinct=23,0,0,0.00,0,0
89,0,0,1.42,1,2.36,926256,Y2,,,0,20.706,clean,0,0,0.00,0,0
89,1,0,1.37,183,2.38,242919,Y2,,,0,19.610,clean,0,0,0.00,0,0
89,2,0,1.42,1280,2.35,1401722,Y4,,,0,18.568,clean,0,0,0.00,0,0
89,3,0,1.46,1,2.38,1078516,Y2,,,0,17.998,clean,0,0,0.00,0,0
89,4,0,1.74,1,2.30,1024604,Y2,,,0,17.852,clean,0,0,0.00,0,0
89,5,0,1.46,1,2.40,481814,Y4,,,0,18.054,clean,0,0,0.00,0,0
89,6,0,1.43,1,2.41,1463503,Y2,,,0,17.993,clean,0,0,0.00,0,0
89,7,0,1.39,1,2.45,1071274,Y2,,,0,17.440,clean,0,0,0.00,0,0
89,8,0,1.61,1,2.56,742435,Y4,,,0,16.752,clean,0,0,0.00,0,0
89,9,0,1.69,1,2.45,1009673,Y2,,,0,16.248,clean,0,0,0.00,0,0
89,10,0,1.57,1,2.37,1377583,Y4,,,0,16.256,clean,0,0,0.00,0,0
89,11,0,1.41,395,2.41,548869,Y4,,,0,16.639,clean,0,0,0.00,0,0
89,12,0,1.47,1,2.47,1129746,Y4,,,0,16.903,clean,0,0,0.00,0,0
89,13,0,1.44,1,2.49,496477,Y4,,,0,16.686,clean,0,0,0.00,0,0
89,14,0,1.48,1,2.22,495046,Y2,,,0,16.240,clean,0,0,0.00,0,0
89,15,0,1.62,1,2.32,37014,Y4,,,0,15.908,clean,0,0,0.00,0,0
89,16,0,1.65,1,2.32,888526,Y4,,,0,16.206,clean,0,0,0.00,0,0
89,17,0,1.69,1,2.54,375330,Y2,,,0,16.861,clean,0,0,0.00,0,0
89,18,0,1.58,687,2.44,1286387,Y2,,,0,19.223,clean,0,0,0.00,0,0
89,19,0,1.41,1,2.32,494689,Y4,,,0,17.269,clean,0,0,0.00,0,0
89,20,0,1.66,1,2.32,193566,Y2,,,0,16.359,clean,0,0,0.00,0,0
89,21,0,1.45,1,2.71,297099,Y4,,,0,15.636,clean,0,0,0.00,0,0
89,22,0,1.83,1,2.30,1298726,Y2,,,0,15.415,clean,0,0,0.00,0,0
89,23,0,1.50,1,2.53,509977,Y4,,,0,15.756,clean,0,0,0.00,0,0
89,24,0,1.52,1,2.33,932783,Y2,,,0,16.134,clean,0,0,0.00,0,0
89,25,0,2.23,204,4.15,78946,Y4,0.00/noise-like,0.24/noise-like,4,16.030,FAM-HIT,0,0,0.00,0,0
89,26,0,1.67,1,2.43,64641,Y4,,,0,15.363,clean,0,0,0.00,0,0
89,27,0,1.66,614,2.35,973016,Y2,,,0,14.949,clean,0,0,0.00,0,0
89,28,0,1.68,1,2.46,196159,Y2,,,0,14.449,clean,0,0,0.00,0,0
89,29,0,1.74,1,2.43,459462,Y4,,,0,14.695,clean,0,0,0.00,0,0
89,30,0,1.65,1,2.49,21815,Y2,,,0,15.035,clean,0,0,0.00,0,0
89,31,0,1.79,1,2.30,938058,Y2,,,0,14.968,clean,0,0,0.00,0,0
89,32,0,1.35,1422,2.49,922680,Y4,,,0,14.401,clean,0,0,0.00,0,0
89,33,0,1.58,1,2.31,1019418,Y4,,,0,13.813,clean,0,0,0.00,0,0
89,34,0,1.91,1,2.41,647932,Y2,,,0,13.643,clean,0,0,0.00,0,0
89,35,0,1.75,1,2.42,33885,Y4,,,0,14.021,clean,0,0,0.00,0,0
89,36,0,1.84,1,2.38,1176238,Y4,,,0,14.565,clean,0,0,0.00,0,0
89,37,0,1.49,1,2.34,931352,Y2,,,0,14.687,clean,0,0,0.00,0,0
89,38,0,1.78,1,2.69,1085311,Y4,,,0,14.176,clean,0,0,0.00,0,0
89,39,0,1.83,1,2.40,82433,Y4,,,1,13.506,clean,0,0,0.00,0,0
89,40,0,1.79,1,2.51,426650,Y2,,,0,13.204,clean,0,0,0.00,0,0
89,41,0,2.05,1,2.58,436574,Y2,,,0,13.422,clean,0,0,0.00,0,0
89,42,0,1.79,1,2.20,1421124,Y4,,,0,13.890,clean,0,0,0.00,0,0
89,43,0,1.66,1,2.31,1098543,Y2,,,0,14.118,clean,0,0,0.00,0,0
89,44,0,1.42,1,2.31,929117,Y2,,,0,13.583,clean,0,0,0.00,0,0
89,45,0,1.84,1,2.48,833094,Y4,,,0,12.818,clean,0,0,0.00,0,0
89,46,0,2.05,1,2.45,1328498,Y2,,,0,12.269,clean,0,0,0.00,0,0
89,47,0,2.03,1,2.35,776857,Y2,,,0,12.149,clean,0,0,0.00,0,0
89,48,0,1.60,1,2.45,506222,Y4,,,0,12.357,clean,0,0,0.00,0,0
89,49,0,2.01,1,2.38,793844,Y2,,,0,12.429,clean,0,0,0.00,0,0
89,50,0,1.55,1,2.29,1152903,Y2,,,0,11.928,clean,0,0,0.00,0,0
89,51,0,2.07,1,2.27,1182497,Y2,,,0,11.090,clean,0,0,0.00,0,0
89,52,0,2.17,1,2.46,1412988,Y2,,,0,10.283,clean,0,0,0.00,0,0
89,53,0,2.61,1,2.35,1368552,Y4,0.00/noise-like,0.00/noise-like,0,9.731,hump-note,0,0,0.00,0,0
89,54,0,2.48,1,2.36,838995,Y2,,,0,9.368,clean,0,0,0.00,0,0
89,55,0,2.98,1,2.50,550836,Y2,0.00/noise-like,0.00/noise-like,0,8.873,hump-note,0,0,0.00,0,0
89,56,0,3.09,1,2.31,1066983,Y4,0.24/noise-like,0.24/noise-like,0,7.949,hump-note,0,0,0.00,0,0
89,57,0,0,-1,0,0,-,,,11,6.802,QUARANTINE:dark-lane range=60 distinct=60,0,0,0.00,0,0
89,58,0,0,-1,0,0,-,,,0,5.732,QUARANTINE:dark-lane range=50 distinct=49,0,0,0.00,0,0
89,59,0,0,-1,0,0,-,,,0,4.881,QUARANTINE:dark-lane range=41 distinct=42,0,0,0.00,0,0
89,60,0,0,-1,0,0,-,,,0,4.163,QUARANTINE:dark-lane range=38 distinct=38,0,0,0.00,0,0
89,61,0,0,-1,0,0,-,,,0,3.566,QUARANTINE:dark-lane range=32 distinct=32,0,0,0.00,0,0
89,62,0,0,-1,0,0,-,,,0,2.958,QUARANTINE:dark-lane range=26 distinct=27,0,0,0.00,0,0
89,63,0,0,-1,0,0,-,,,0,2.404,QUARANTINE:dark-lane range=20 distinct=21,0,0,0.00,0,0
90,0,0,1.38,929,2.22,1128942,Y2,,,0,20.751,clean,0,0,0.00,0,0
90,1,0,1.36,488,2.45,1180440,Y4,,,0,19.557,clean,0,0,0.00,0,0
90,2,0,1.37,1387,2.36,562817,Y4,,,0,18.566,clean,0,0,0.00,0,0
90,3,0,1.59,1,2.42,611722,Y4,,,0,17.962,clean,0,0,0.00,0,0
90,4,0,1.45,1,2.28,492364,Y4,,,0,17.814,clean,0,0,0.00,0,0
90,5,0,1.41,1,2.37,1319826,Y2,,,0,18.081,clean,0,0,0.00,0,0
90,6,0,1.62,1,2.29,777394,Y4,,,0,18.006,clean,0,0,0.00,0,0
90,7,0,1.35,1219,2.45,1004040,Y4,,,0,17.421,clean,0,0,0.00,0,0
90,8,0,1.41,1028,2.63,351995,Y2,,,0,16.740,clean,0,0,0.00,0,0
90,9,0,1.81,1,2.52,536978,Y2,,,0,16.232,clean,0,0,0.00,0,0
90,10,0,1.41,1,2.30,1146019,Y2,,,0,16.261,clean,0,0,0.00,0,0
90,11,0,1.42,1,2.29,634164,Y2,,,0,16.645,clean,0,0,0.00,0,0
90,12,0,1.48,1,2.45,137419,Y2,,,0,16.873,clean,0,0,0.00,0,0
90,13,0,1.55,1,2.56,686556,Y2,,,0,16.721,clean,0,0,0.00,0,0
90,14,0,1.62,1,2.41,257760,Y2,,,0,16.206,clean,0,0,0.00,0,0
90,15,0,1.56,1,2.21,504971,Y4,,,0,15.913,clean,0,0,0.00,0,0
90,16,0,1.72,1,2.54,896752,Y2,,,0,16.190,clean,0,0,0.00,0,0
90,17,0,1.44,1,2.55,128388,Y2,,,0,16.847,clean,0,0,0.00,0,0
90,18,0,1.65,847,2.47,1222730,Y2,,,0,19.237,clean,0,0,0.00,0,0
90,19,0,1.56,1,2.35,1048476,Y4,,,0,17.251,clean,0,0,0.00,0,0
90,20,0,1.41,1226,2.82,194192,Y2,,,0,16.365,clean,0,0,0.00,0,0
90,21,0,1.59,1,2.51,108182,Y2,,,0,15.658,clean,0,0,0.00,0,0
90,22,0,1.52,1,2.38,230491,Y4,,,0,15.403,clean,0,0,0.00,0,0
90,23,0,1.84,1,2.37,1225322,Y2,,,0,15.720,clean,0,0,0.00,0,0
90,24,0,1.72,1,2.39,584275,Y2,,,0,16.116,clean,0,0,0.00,0,0
90,25,0,1.84,204,5.72,3666,Y4,0.00/noise-like,0.24/noise-like,8,16.025,FAM-HIT,0,0,0.00,0,0
90,26,0,1.73,1,2.45,560492,Y2,,,0,15.382,clean,0,0,0.00,0,0
90,27,0,1.61,1,2.52,235766,Y4,,,0,14.977,clean,0,0,0.00,0,0
90,28,0,1.70,1,2.35,93967,Y4,,,0,14.465,clean,0,0,0.00,0,0
90,29,0,1.66,1,2.24,535548,Y4,,,0,14.681,clean,0,0,0.00,0,0
90,30,0,1.42,1,2.52,117391,Y2,,,0,15.061,clean,0,0,0.00,0,0
90,31,0,1.73,1,2.81,1411378,Y2,,,0,14.992,clean,0,0,0.00,0,0
90,32,0,1.32,295,2.25,1050621,Y2,,,0,14.402,clean,0,0,0.00,0,0
90,33,0,1.91,1,2.41,982225,Y2,,,0,13.822,clean,0,0,0.00,0,0
90,34,0,1.74,1,2.36,1422197,Y2,,,0,13.651,clean,0,0,0.00,0,0
90,35,0,1.65,1,2.37,967920,Y2,,,0,14.020,clean,0,0,0.00,0,0
90,36,0,1.81,1,2.31,1310080,Y4,,,0,14.554,clean,0,0,0.00,0,0
90,37,0,1.46,1,2.39,197679,Y4,,,0,14.643,clean,0,0,0.00,0,0
90,38,0,1.73,1,2.39,1124114,Y2,,,0,14.177,clean,0,0,0.00,0,0
90,39,0,1.77,1,2.41,239879,Y4,,,0,13.507,clean,0,0,0.00,0,0
90,40,0,1.82,1,2.48,471443,Y4,,,0,13.207,clean,0,0,0.00,0,0
90,41,0,1.80,1,2.49,1030505,Y2,,,0,13.437,clean,0,0,0.00,0,0
90,42,0,1.73,1,2.38,625223,Y2,,,0,13.891,clean,0,0,0.00,0,0
90,43,0,1.64,1,2.23,1318038,Y2,,,0,14.142,clean,0,0,0.00,0,0
90,44,0,1.88,1,2.32,354230,Y4,,,0,13.616,clean,0,0,0.00,0,0
90,45,0,2.13,1,2.43,516057,Y4,,,0,12.779,clean,0,0,0.00,0,0
90,46,0,1.99,1,2.40,1175612,Y4,,,0,12.268,clean,0,0,0.00,0,0
90,47,0,1.78,1,2.22,224143,Y2,,,0,12.133,clean,0,0,0.00,0,0
90,48,0,1.78,1,2.35,988305,Y4,,,0,12.349,clean,0,0,0.00,0,0
90,49,0,1.70,1,2.62,465095,Y4,,,0,12.415,clean,0,0,0.00,0,0
90,50,0,1.73,1,2.62,1280308,Y2,,,0,11.954,clean,0,0,0.00,0,0
90,51,0,1.98,1,2.39,1403511,Y2,,,0,11.101,clean,0,0,0.00,0,0
90,52,0,2.41,1,2.40,716418,Y2,,,0,10.290,clean,0,0,0.00,0,0
90,53,0,2.42,1,2.49,747353,Y4,,,0,9.738,clean,0,0,0.00,0,0
90,54,0,2.38,1,2.33,110507,Y2,,,0,9.357,clean,0,0,0.00,0,0
90,55,0,2.85,1,2.56,317663,Y4,0.24/noise-like,0.00/noise-like,0,8.872,hump-note,0,0,0.00,0,0
90,56,0,3.33,1,2.53,517130,Y2,0.00/noise-like,0.24/noise-like,0,7.970,hump-note,0,0,0.00,0,0
90,57,0,0,-1,0,0,-,,,28,6.816,QUARANTINE:dark-lane range=60 distinct=59,0,0,0.00,0,0
90,58,0,0,-1,0,0,-,,,0,5.738,QUARANTINE:dark-lane range=50 distinct=50,0,0,0.00,0,0
90,59,0,0,-1,0,0,-,,,0,4.882,QUARANTINE:dark-lane range=41 distinct=42,0,0,0.00,0,0
90,60,0,0,-1,0,0,-,,,0,4.167,QUARANTINE:dark-lane range=37 distinct=38,0,0,0.00,0,0
90,61,0,0,-1,0,0,-,,,0,3.560,QUARANTINE:dark-lane range=31 distinct=32,0,0,0.00,0,0
90,62,0,0,-1,0,0,-,,,0,2.962,QUARANTINE:dark-lane range=26 distinct=27,0,0,0.00,0,0
90,63,0,0,-1,0,0,-,,,0,2.406,QUARANTINE:dark-lane range=21 distinct=22,0,0,0.00,0,0
91,0,0,1.37,544,2.30,760943,Y2,,,0,20.726,clean,0,0,0.00,0,0
91,1,0,1.37,1,2.30,99063,Y2,,,0,19.564,clean,0,0,0.00,0,0
91,2,0,1.62,1643,2.46,1087099,Y4,,,0,18.557,clean,0,0,0.00,0,0
91,3,0,1.34,917,2.57,375867,Y4,,,0,17.961,clean,0,0,0.00,0,0
91,4,0,1.43,1,2.47,608057,Y4,,,0,17.855,clean,0,0,0.00,0,0
91,5,0,1.41,1,2.35,628442,Y4,,,0,18.087,clean,0,0,0.00,0,0
91,6,0,1.44,1,2.48,1321167,Y2,,,0,17.961,clean,0,0,0.00,0,0
91,7,0,1.48,1,2.35,1438916,Y2,,,0,17.418,clean,0,0,0.00,0,0
91,8,0,1.40,224,2.40,57131,Y2,,,0,16.758,clean,0,0,0.00,0,0
91,9,0,1.43,1,2.50,392407,Y4,,,0,16.267,clean,0,0,0.00,0,0
91,10,0,1.50,1,2.21,82880,Y4,,,0,16.242,clean,0,0,0.00,0,0
91,11,0,1.40,1,2.40,1203328,Y4,,,0,16.633,clean,0,0,0.00,0,0
91,12,0,1.38,1,2.42,189543,Y4,,,0,16.863,clean,0,0,0.00,0,0
91,13,0,1.45,1,2.33,951290,Y2,,,0,16.704,clean,0,0,0.00,0,0
91,14,0,1.45,1,2.48,395447,Y4,,,0,16.236,clean,0,0,0.00,0,0
91,15,0,1.40,187,2.41,234246,Y2,,,0,15.914,clean,0,0,0.00,0,0
91,16,0,1.53,1,2.33,1429886,Y2,,,0,16.200,clean,0,0,0.00,0,0
91,17,0,1.37,1152,2.37,41574,Y2,,,0,16.900,clean,0,0,0.00,0,0
91,18,0,1.60,696,2.38,91821,Y2,,,0,19.211,clean,0,0,0.00,0,0
91,19,0,1.57,1,2.36,175506,Y2,,,0,17.278,clean,0,0,0.00,0,0
91,20,0,1.47,1,2.63,1209229,Y2,,,0,16.362,clean,0,0,0.00,0,0
91,21,0,1.64,1,2.55,916332,Y2,,,0,15.609,clean,0,0,0.00,0,0
91,22,0,1.63,1,2.50,534028,Y2,,,0,15.415,clean,0,0,0.00,0,0
91,23,0,1.58,1,2.71,1384020,Y2,,,0,15.737,clean,0,0,0.00,0,0
91,24,0,1.52,1,2.59,367641,Y4,,,0,16.143,clean,0,0,0.00,0,0
91,25,0,2.11,204,2.31,662774,Y2,,,0,16.033,clean,0,0,0.00,0,0
91,26,0,1.56,1,2.46,161916,Y4,,,0,15.398,clean,0,0,0.00,0,0
91,27,0,1.60,624,2.32,260264,Y4,,,0,14.953,clean,0,0,0.00,0,0
91,28,0,1.74,1,2.45,1398861,Y2,,,0,14.461,clean,0,0,0.00,0,0
91,29,0,1.46,1457,2.37,1352280,Y4,,,0,14.660,clean,0,0,0.00,0,0
91,30,0,1.41,1,2.51,798762,Y4,,,0,15.046,clean,0,0,0.00,0,0
91,31,0,1.49,1,2.24,883251,Y4,,,0,15.017,clean,0,0,0.00,0,0
91,32,0,1.37,589,2.40,11176,Y2,,,0,14.426,clean,0,0,0.00,0,0
91,33,0,1.61,1,2.43,1235157,Y2,,,0,13.822,clean,0,0,0.00,0,0
91,34,0,1.53,1,2.48,924200,Y4,,,0,13.653,clean,0,0,0.00,0,0
91,35,0,1.81,1,2.34,107110,Y4,,,0,14.006,clean,0,0,0.00,0,0
91,36,0,1.76,1,2.39,1011461,Y4,,,0,14.532,clean,0,0,0.00,0,0
91,37,0,2.05,1,2.67,1373649,Y4,,,0,14.678,clean,0,0,0.00,0,0
91,38,0,1.78,1,2.35,11086,Y2,,,0,14.191,clean,0,0,0.00,0,0
91,39,0,1.80,1,2.55,927597,Y2,,,0,13.506,clean,0,0,0.00,0,0
91,40,0,1.78,1,2.44,1332432,Y2,,,0,13.196,clean,0,0,0.00,0,0
91,41,0,1.88,1,2.31,807345,Y2,,,0,13.406,clean,0,0,0.00,0,0
91,42,0,1.80,1,2.37,733584,Y2,,,0,13.871,clean,0,0,0.00,0,0
91,43,0,1.57,1,2.33,267953,Y2,,,0,14.125,clean,0,0,0.00,0,0
91,44,0,1.67,1,2.32,810206,Y2,,,0,13.624,clean,0,0,0.00,0,0
91,45,0,1.64,1,2.39,515699,Y2,,,0,12.774,clean,0,0,0.00,0,0
91,46,0,2.00,1,2.40,362366,Y2,,,0,12.270,clean,0,0,0.00,0,0
91,47,0,1.82,1,2.31,757456,Y2,,,0,12.135,clean,0,0,0.00,0,0
91,48,0,1.66,1234,2.62,735819,Y2,,,0,12.354,clean,0,0,0.00,0,0
91,49,0,2.18,1,2.39,876904,Y4,,,0,12.434,clean,0,0,0.00,0,0
91,50,0,1.88,1,2.66,153154,Y4,,,0,11.928,clean,0,0,0.00,0,0
91,51,0,2.30,1,2.29,793576,Y2,,,0,11.091,clean,0,0,0.00,0,0
91,52,0,2.10,1,2.37,177294,Y2,,,0,10.288,clean,0,0,0.00,0,0
91,53,0,2.18,1,2.43,84937,Y2,,,0,9.732,clean,0,0,0.00,0,0
91,54,0,2.60,1,2.52,1140118,Y2,0.24/noise-like,0.00/noise-like,0,9.364,hump-note,0,0,0.00,0,0
91,55,0,2.49,1,2.30,19401,Y2,,,0,8.869,clean,0,0,0.00,0,0
91,56,0,3.32,1,2.40,1448572,Y4,0.24/noise-like,0.24/noise-like,0,7.970,hump-note,0,0,0.00,0,0
91,57,0,0,-1,0,0,-,,,0,6.779,QUARANTINE:dark-lane range=59 distinct=59,0,0,0.00,0,0
91,58,0,0,-1,0,0,-,,,0,5.724,QUARANTINE:dark-lane range=50 distinct=51,0,0,0.00,0,0
91,59,0,0,-1,0,0,-,,,0,4.885,QUARANTINE:dark-lane range=43 distinct=43,0,0,0.00,0,0
91,60,0,0,-1,0,0,-,,,0,4.168,QUARANTINE:dark-lane range=34 distinct=35,0,0,0.00,0,0
91,61,0,0,-1,0,0,-,,,0,3.561,QUARANTINE:dark-lane range=30 distinct=31,0,0,0.00,0,0
91,62,0,0,-1,0,0,-,,,0,2.959,QUARANTINE:dark-lane range=24 distinct=25,0,0,0.00,0,0
91,63,0,0,-1,0,0,-,,,0,2.402,QUARANTINE:dark-lane range=20 distinct=21,0,0,0.00,0,0
92,0,0,1.38,1146,2.39,1282990,Y2,,,0,20.754,clean,0,0,0.00,0,0
92,1,0,1.34,1,2.38,713289,Y2,,,0,19.587,clean,0,0,0.00,0,0
92,2,0,1.34,559,2.34,703454,Y2,,,0,18.578,clean,0,0,0.00,0,0
92,3,0,1.44,1,2.51,634700,Y4,,,0,17.982,clean,0,0,0.00,0,0
92,4,0,1.42,1,2.52,1058221,Y4,,,0,17.874,clean,0,0,0.00,0,0
92,5,0,1.36,956,2.41,548422,Y4,,,0,18.052,clean,0,0,0.00,0,0
92,6,0,1.37,1,2.20,35763,Y2,,,0,18.000,clean,0,0,0.00,0,0
92,7,0,1.50,1,2.97,156909,Y4,,,1,17.427,clean,0,0,0.00,0,0
92,8,0,1.70,1,2.48,284046,Y2,,,0,16.757,clean,0,0,0.00,0,0
92,9,0,1.67,1,2.61,184089,Y2,,,0,16.246,clean,0,0,0.00,0,0
92,10,0,1.44,1,2.30,1172304,Y2,,,0,16.242,clean,0,0,0.00,0,0
92,11,0,1.48,1,2.39,185430,Y4,,,0,16.633,clean,0,0,0.00,0,0
92,12,0,1.43,1,2.40,190973,Y2,,,0,16.897,clean,0,0,0.00,0,0
92,13,0,1.43,1,2.51,920266,Y4,,,0,16.717,clean,0,0,0.00,0,0
92,14,0,1.50,1,2.42,1430869,Y4,,,0,16.230,clean,0,0,0.00,0,0
92,15,0,1.63,1,2.46,675201,Y4,,,0,15.913,clean,0,0,0.00,0,0
92,16,0,1.56,1,2.48,1255900,Y4,,,0,16.192,clean,0,0,0.00,0,0
92,17,0,1.39,1558,2.42,728220,Y4,,,0,16.849,clean,0,0,0.00,0,0
92,18,0,1.59,695,2.51,1309544,Y4,,,0,19.205,clean,0,0,0.00,0,0
92,19,0,1.35,1263,2.50,1216203,Y4,,,0,17.251,clean,0,0,0.00,0,0
92,20,0,1.45,1,2.36,960410,Y2,,,0,16.377,clean,0,0,0.00,0,0
92,21,0,1.53,1,2.42,469029,Y2,,,0,15.667,clean,0,0,0.00,0,0
92,22,0,1.49,1,2.39,589728,Y4,,,0,15.392,clean,0,0,0.00,0,0
92,23,0,1.50,1,2.59,311226,Y4,,,0,15.751,clean,0,0,0.00,0,0
92,24,0,1.51,1,2.37,303000,Y2,,,0,16.118,clean,0,0,0.00,0,0
92,25,0,1.90,204,5.51,8136,Y4,0.00/noise-like,0.00/noise-like,4,16.022,FAM-HIT,0,0,0.00,0,0
92,26,0,1.41,50,2.35,910610,Y2,,,0,15.402,clean,0,0,0.00,0,0
92,27,0,1.73,1,2.59,91821,Y4,,,0,14.959,clean,0,0,0.00,0,0
92,28,0,1.87,1,2.28,620127,Y2,,,0,14.477,clean,0,0,0.00,0,0
92,29,0,1.53,1,2.43,840247,Y2,,,0,14.689,clean,0,0,0.00,0,0
92,30,0,1.40,1,2.28,367731,Y2,,,0,15.007,clean,0,0,0.00,0,0
92,31,0,1.54,1,2.51,898272,Y2,,,0,14.973,clean,0,0,0.00,0,0
92,32,0,1.31,1394,2.53,999480,Y4,,,0,14.429,clean,0,0,0.00,0,0
92,33,0,1.84,1,2.54,1107305,Y2,,,0,13.813,clean,0,0,0.00,0,0
92,34,0,1.66,1,2.33,792325,Y2,,,0,13.624,clean,0,0,0.00,0,0
92,35,0,1.84,1,2.75,1172036,Y2,,,0,14.009,clean,0,0,0.00,0,0
92,36,0,1.56,1,2.32,416905,Y4,,,0,14.569,clean,0,0,0.00,0,0
92,37,0,1.55,1,2.61,167280,Y2,,,0,14.664,clean,0,0,0.00,0,0
92,38,0,1.65,1,2.38,950575,Y2,,,0,14.164,clean,0,0,0.00,0,0
92,39,0,1.76,1,2.47,797421,Y2,,,0,13.488,clean,0,0,0.00,0,0
92,40,0,1.69,1,2.35,204206,Y4,,,0,13.216,clean,0,0,0.00,0,0
92,41,0,1.82,1,2.45,63121,Y2,,,0,13.414,clean,0,0,0.00,0,0
92,42,0,1.88,1,2.22,311404,Y2,,,0,13.872,clean,0,0,0.00,0,0
92,43,0,1.72,1,2.37,620931,Y4,,,0,14.121,clean,0,0,0.00,0,0
92,44,0,2.03,1,2.52,777930,Y2,,,0,13.613,clean,0,0,0.00,0,0
92,45,0,1.75,1,2.32,136793,Y2,,,0,12.769,clean,0,0,0.00,0,0
92,46,0,1.89,1,2.42,1152992,Y4,,,0,12.253,clean,0,0,0.00,0,0
92,47,0,1.78,1,2.32,1435429,Y2,,,0,12.118,clean,0,0,0.00,0,0
92,48,0,1.72,1,2.59,552893,Y4,,,0,12.342,clean,0,0,0.00,0,0
92,49,0,2.18,1,2.37,693262,Y2,,,0,12.428,clean,0,0,0.00,0,0
92,50,0,1.92,1,2.28,1366764,Y4,,,0,11.949,clean,0,0,0.00,0,0
92,51,0,1.73,1,2.85,334203,Y2,,,0,11.094,clean,0,0,0.00,0,0
92,52,0,2.11,1,2.59,841588,Y4,,,0,10.307,clean,0,0,0.00,0,0
92,53,0,2.09,1,2.49,668585,Y4,,,0,9.722,clean,0,0,0.00,0,0
92,54,0,2.34,1,2.53,348330,Y4,,,0,9.365,clean,0,0,0.00,0,0
92,55,0,2.84,1,2.35,38803,Y2,0.00/noise-like,0.00/noise-like,0,8.860,hump-note,0,0,0.00,0,0
92,56,0,3.42,1,2.49,73850,Y2,0.24/noise-like,0.00/noise-like,0,7.949,hump-note,0,0,0.00,0,0
92,57,0,0,-1,0,0,-,,,10,6.790,QUARANTINE:dark-lane range=59 distinct=57,0,0,0.00,0,0
92,58,0,0,-1,0,0,-,,,0,5.733,QUARANTINE:dark-lane range=52 distinct=50,0,0,0.00,0,0
92,59,0,0,-1,0,0,-,,,0,4.872,QUARANTINE:dark-lane range=42 distinct=43,0,0,0.00,0,0
92,60,0,0,-1,0,0,-,,,0,4.164,QUARANTINE:dark-lane range=38 distinct=37,0,0,0.00,0,0
92,61,0,0,-1,0,0,-,,,0,3.562,QUARANTINE:dark-lane range=32 distinct=32,0,0,0.00,0,0
92,62,0,0,-1,0,0,-,,,0,2.957,QUARANTINE:dark-lane range=27 distinct=28,0,0,0.00,0,0
92,63,0,0,-1,0,0,-,,,0,2.406,QUARANTINE:dark-lane range=20 distinct=21,0,0,0.00,0,0
93,0,0,1.37,695,2.25,347704,Y2,,,0,20.792,clean,0,0,0.00,0,0
93,1,0,1.38,1,2.40,67323,Y4,,,0,19.586,clean,0,0,0.00,0,0
93,2,0,1.55,1,2.32,513911,Y2,,,0,18.583,clean,0,0,0.00,0,0
93,3,0,1.46,1,2.41,102997,Y2,,,0,17.973,clean,0,0,0.00,0,0
93,4,0,1.60,1,2.32,385880,Y4,,,0,17.862,clean,0,0,0.00,0,0
93,5,0,1.46,1,2.50,1176149,Y4,,,0,18.016,clean,0,0,0.00,0,0
93,6,0,1.49,1,2.37,67770,Y2,,,0,17.983,clean,0,0,0.00,0,0
93,7,0,1.54,1393,2.35,3576,Y2,,,1,17.457,clean,0,0,0.00,0,0
93,8,0,1.33,1195,2.47,514090,Y2,,,0,16.750,clean,0,0,0.00,0,0
93,9,0,1.57,1,2.53,65982,Y4,,,0,16.238,clean,0,0,0.00,0,0
93,10,0,1.41,1301,2.42,359416,Y4,,,0,16.225,clean,0,0,0.00,0,0
93,11,0,1.54,1,2.40,600725,Y4,,,0,16.632,clean,0,0,0.00,0,0
93,12,0,1.52,1,2.45,492275,Y2,,,0,16.904,clean,0,0,0.00,0,0
93,13,0,1.39,1179,2.50,1336813,Y2,,,0,16.715,clean,0,0,0.00,0,0
93,14,0,1.44,672,2.39,1024783,Y4,,,0,16.236,clean,0,0,0.00,0,0
93,15,0,1.37,456,2.37,319540,Y4,,,0,15.944,clean,0,0,0.00,0,0
93,16,0,1.34,224,2.51,513554,Y2,,,0,16.192,clean,0,0,0.00,0,0
93,17,0,1.76,1,2.34,1363993,Y4,,,0,16.883,clean,0,0,0.00,0,0
93,18,0,1.60,681,2.57,343859,Y2,,,0,19.226,clean,0,0,0.00,0,0
93,19,0,1.67,1,2.34,218958,Y4,,,0,17.259,clean,0,0,0.00,0,0
93,20,0,1.67,1,2.35,1314193,Y2,,,0,16.365,clean,0,0,0.00,0,0
93,21,0,1.52,1,2.38,302821,Y4,,,0,15.652,clean,0,0,0.00,0,0
93,22,0,1.71,1,2.24,197679,Y2,,,0,15.413,clean,0,0,0.00,0,0
93,23,0,1.61,1,2.64,698090,Y4,,,0,15.734,clean,0,0,0.00,0,0
93,24,0,1.64,1,2.62,661612,Y2,,,0,16.147,clean,0,0,0.00,0,0
93,25,0,2.36,204,6.31,358,Y4,0.24/noise-like,0.00/noise-like,14,16.031,FAM-HIT,0,0,0.00,0,0
93,26,0,1.47,1,2.38,867337,Y4,,,0,15.402,clean,0,0,0.00,0,0
93,27,0,1.59,1,2.42,1056254,Y2,,,0,14.964,clean,0,0,0.00,0,0
93,28,0,1.60,1,2.60,1449555,Y2,,,0,14.482,clean,0,0,0.00,0,0
93,29,0,1.64,1,2.28,1244813,Y4,,,0,14.723,clean,0,0,0.00,0,0
93,30,0,1.43,709,2.48,442833,Y4,,,0,15.036,clean,0,0,0.00,0,0
93,31,0,1.51,1,2.35,345558,Y4,,,0,14.990,clean,0,0,0.00,0,0
93,32,0,1.46,1066,2.40,1392692,Y2,,,0,14.416,clean,0,0,0.00,0,0
93,33,0,1.67,1,2.55,1002967,Y4,,,0,13.822,clean,0,0,0.00,0,0
93,34,0,1.77,1,2.41,891030,Y2,,,0,13.659,clean,0,0,0.00,0,0
93,35,0,1.55,1,2.34,391781,Y4,,,0,14.029,clean,0,0,0.00,0,0
93,36,0,1.39,1,2.18,346184,Y4,,,0,14.542,clean,0,0,0.00,0,0
93,37,0,1.58,1,2.80,994474,Y4,,,0,14.691,clean,0,0,0.00,0,0
93,38,0,2.00,1,2.47,1026392,Y4,,,0,14.175,clean,0,0,0.00,0,0
93,39,0,1.66,1,2.40,30220,Y2,,,0,13.522,clean,0,0,0.00,0,0
93,40,0,1.60,1,2.29,5990,Y2,,,0,13.227,clean,0,0,0.00,0,0
93,41,0,1.83,1,2.32,469029,Y2,,,0,13.415,clean,0,0,0.00,0,0
93,42,0,1.68,1,2.65,349760,Y4,,,0,13.911,clean,0,0,0.00,0,0
93,43,0,1.39,1,2.47,127852,Y2,,,0,14.135,clean,0,0,0.00,0,0
93,44,0,1.63,1,2.41,1182586,Y4,,,0,13.615,clean,0,0,0.00,0,0
93,45,0,1.78,1,2.43,1293272,Y4,,,0,12.814,clean,0,0,0.00,0,0
93,46,0,2.03,1,2.39,1015216,Y4,,,0,12.271,clean,0,0,0.00,0,0
93,47,0,1.81,1,2.37,482887,Y4,,,0,12.140,clean,0,0,0.00,0,0
93,48,0,1.64,1,2.25,676900,Y2,,,0,12.328,clean,0,0,0.00,0,0
93,49,0,1.93,1,2.53,1150846,Y4,,,0,12.458,clean,0,0,0.00,0,0
93,50,0,1.91,1,2.37,852942,Y2,,,0,11.966,clean,0,0,0.00,0,0
93,51,0,2.13,1,2.29,20474,Y2,,,0,11.115,clean,0,0,0.00,0,0
93,52,0,2.57,1,2.69,435859,Y2,0.24/noise-like,0.00/noise-like,0,10.290,hump-note,0,0,0.00,0,0
93,53,0,2.74,1,2.27,240952,Y4,0.24/noise-like,0.00/noise-like,0,9.745,hump-note,0,0,0.00,0,0
93,54,0,2.76,1,2.40,206530,Y4,0.00/noise-like,0.00/noise-like,0,9.370,hump-note,0,0,0.00,0,0
93,55,0,2.77,1,2.47,204027,Y2,0.00/noise-like,0.00/noise-like,0,8.854,hump-note,0,0,0.00,0,0
93,56,0,3.19,1,2.36,1057237,Y2,0.00/noise-like,0.00/noise-like,0,7.957,hump-note,0,0,0.00,0,0
93,57,0,0,-1,0,0,-,,,40,6.839,QUARANTINE:sparkle n=40,0,0,0.00,0,0
93,58,0,0,-1,0,0,-,,,0,5.740,QUARANTINE:dark-lane range=57 distinct=52,0,0,0.00,0,0
93,59,0,0,-1,0,0,-,,,0,4.890,QUARANTINE:dark-lane range=44 distinct=43,0,0,0.00,0,0
93,60,0,0,-1,0,0,-,,,0,4.171,QUARANTINE:dark-lane range=35 distinct=36,0,0,0.00,0,0
93,61,0,0,-1,0,0,-,,,0,3.559,QUARANTINE:dark-lane range=30 distinct=31,0,0,0.00,0,0
93,62,0,0,-1,0,0,-,,,0,2.958,QUARANTINE:dark-lane range=29 distinct=28,0,0,0.00,0,0
93,63,0,0,-1,0,0,-,,,0,2.405,QUARANTINE:dark-lane range=21 distinct=22,0,0,0.00,0,0
94,0,0,1.36,741,2.45,150114,Y2,,,0,20.729,clean,0,0,0.00,0,0
94,1,0,1.36,1321,2.15,1292020,Y4,,,0,19.591,clean,0,0,0.00,0,0
94,2,0,1.61,1,2.37,173181,Y2,,,0,18.590,clean,0,0,0.00,0,0
94,3,0,1.42,1,2.47,794470,Y4,,,0,17.974,clean,0,0,0.00,0,0
94,4,0,1.35,1109,2.40,116676,Y2,,,0,17.855,clean,0,0,0.00,0,0
94,5,0,1.36,1420,2.40,1156479,Y2,,,0,18.062,clean,0,0,0.00,0,0
94,6,0,1.45,1478,2.40,1160234,Y4,,,0,17.974,clean,0,0,0.00,0,0
94,7,0,1.72,1,2.57,1326084,Y4,,,0,17.441,clean,0,0,0.00,0,0
94,8,0,1.37,1,2.45,714898,Y2,,,0,16.775,clean,0,0,0.00,0,0
94,9,0,1.54,1,2.59,228703,Y4,,,0,16.245,clean,0,0,0.00,0,0
94,10,0,1.36,715,2.68,1154691,Y4,,,0,16.249,clean,0,0,0.00,0,0
94,11,0,1.51,1,2.38,709981,Y4,,,0,16.614,clean,0,0,0.00,0,0
94,12,0,1.40,1409,2.60,1301497,Y4,,,0,16.872,clean,0,0,0.00,0,0
94,13,0,1.39,1,2.42,70363,Y4,,,0,16.710,clean,0,0,0.00,0,0
94,14,0,1.36,1,2.31,1334041,Y4,,,0,16.253,clean,0,0,0.00,0,0
94,15,0,1.41,1286,2.37,968456,Y2,,,0,15.912,clean,0,0,0.00,0,0
94,16,0,1.58,1,2.41,205189,Y4,,,0,16.205,clean,0,0,0.00,0,0
94,17,0,1.54,1,2.34,986338,Y2,,,0,16.901,clean,0,0,0.00,0,0
94,18,0,1.61,860,2.52,179172,Y2,,,0,19.183,clean,0,0,0.00,0,0
94,19,0,1.64,1,2.78,144839,Y4,,,0,17.243,clean,0,0,0.00,0,0
94,20,0,1.55,1,2.69,1100689,Y2,,,0,16.348,clean,0,0,0.00,0,0
94,21,0,1.49,1,2.82,408143,Y4,,,0,15.641,clean,0,0,0.00,0,0
94,22,0,1.64,1,2.41,303894,Y4,,,0,15.426,clean,0,0,0.00,0,0
94,23,0,1.60,1,2.48,671983,Y2,,,0,15.734,clean,0,0,0.00,0,0
94,24,0,1.37,441,2.33,191420,Y4,,,0,16.133,clean,0,0,0.00,0,0
94,25,0,2.08,204,5.66,4381,Y4,0.00/noise-like,0.24/noise-like,4,16.029,FAM-HIT,0,0,0.00,0,0
94,26,0,1.35,1,2.34,1094341,Y4,,,0,15.391,clean,0,0,0.00,0,0
94,27,0,1.94,1,2.23,187218,Y4,,,0,14.985,clean,0,0,0.00,0,0
94,28,0,1.70,1,2.50,944763,Y4,,,0,14.467,clean,0,0,0.00,0,0
94,29,0,1.60,1,2.47,292629,Y2,,,0,14.685,clean,0,0,0.00,0,0
94,30,0,1.50,1,2.37,251412,Y2,,,0,15.033,clean,0,0,0.00,0,0
94,31,0,1.47,1,2.39,543952,Y4,,,0,14.975,clean,0,0,0.00,0,0
94,32,0,1.31,1474,2.48,854105,Y2,,,0,14.429,clean,0,0,0.00,0,0
94,33,0,1.49,1,2.69,73761,Y4,,,0,13.810,clean,0,0,0.00,0,0
94,34,0,1.49,1,2.33,982136,Y2,,,0,13.655,clean,0,0,0.00,0,0
94,35,0,1.56,1,2.40,63390,Y2,,,0,14.029,clean,0,0,0.00,0,0
94,36,0,1.77,1,2.29,264019,Y2,,,0,14.538,clean,0,0,0.00,0,0
94,37,0,1.62,1,2.32,1057863,Y2,,,0,14.682,clean,0,0,0.00,0,0
94,38,0,1.56,1,2.59,219852,Y4,,,0,14.177,clean,0,0,0.00,0,0
94,39,0,1.51,1,2.39,16004,Y2,,,0,13.502,clean,0,0,0.00,0,0
94,40,0,1.81,1,2.37,1249373,Y4,,,0,13.175,clean,0,0,0.00,0,0
94,41,0,2.16,1,2.49,111312,Y2,,,0,13.434,clean,0,0,0.00,0,0
94,42,0,1.65,1,2.34,1305968,Y4,,,0,13.910,clean,0,0,0.00,0,0
94,43,0,1.91,1,2.34,41485,Y4,,,0,14.121,clean,0,0,0.00,0,0
94,44,0,1.77,1,2.31,1055717,Y4,,,0,13.617,clean,0,0,0.00,0,0
94,45,0,1.72,1,2.58,1245707,Y2,,,0,12.803,clean,0,0,0.00,0,0
94,46,0,1.98,1,2.39,400543,Y4,,,0,12.265,clean,0,0,0.00,0,0
94,47,0,1.99,1,2.36,980526,Y4,,,0,12.138,clean,0,0,0.00,0,0
94,48,0,1.71,1,2.50,215650,Y4,,,0,12.343,clean,0,0,0.00,0,0
94,49,0,1.98,1,2.41,962108,Y4,,,0,12.476,clean,0,0,0.00,0,0
94,50,0,1.81,1,2.30,1098990,Y4,,,0,11.952,clean,0,0,0.00,0,0
94,51,0,2.18,1,2.58,304341,Y2,,,0,11.081,clean,0,0,0.00,0,0
94,52,0,2.43,1,2.34,361919,Y4,,,0,10.289,clean,0,0,0.00,0,0
94,53,0,2.19,1,2.47,984728,Y2,,,0,9.721,clean,0,0,0.00,0,0
94,54,0,2.89,1,2.57,1282990,Y2,0.00/noise-like,0.00/noise-like,0,9.366,hump-note,0,0,0.00,0,0
94,55,0,2.44,1,2.37,202686,Y2,,,0,8.871,clean,0,0,0.00,0,0
94,56,0,3.01,1,2.47,1140475,Y2,0.24/noise-like,0.00/noise-like,0,7.958,hump-note,0,0,0.00,0,0
94,57,0,0,-1,0,0,-,,,12,6.791,QUARANTINE:dark-lane range=58 distinct=59,0,0,0.00,0,0
94,58,0,0,-1,0,0,-,,,0,5.731,QUARANTINE:dark-lane range=48 distinct=49,0,0,0.00,0,0
94,59,0,0,-1,0,0,-,,,0,4.881,QUARANTINE:dark-lane range=46 distinct=44,0,0,0.00,0,0
94,60,0,0,-1,0,0,-,,,0,4.169,QUARANTINE:dark-lane range=34 distinct=35,0,0,0.00,0,0
94,61,0,0,-1,0,0,-,,,0,3.563,QUARANTINE:dark-lane range=32 distinct=33,0,0,0.00,0,0
94,62,0,0,-1,0,0,-,,,0,2.958,QUARANTINE:dark-lane range=28 distinct=28,0,0,0.00,0,0
94,63,0,0,-1,0,0,-,,,0,2.407,QUARANTINE:dark-lane range=20 distinct=21,0,0,0.00,0,0
95,0,0,1.34,53,2.39,250965,Y2,,,0,20.703,clean,0,0,0.00,0,0
95,1,0,1.40,1541,2.36,789374,Y4,,,0,19.618,clean,0,0,0.00,0,0
95,2,0,1.36,1,2.37,32544,Y2,,,0,18.557,clean,0,0,0.00,0,0
95,3,0,1.53,1,2.42,39786,Y2,,,0,18.003,clean,0,0,0.00,0,0
95,4,0,1.67,1,2.41,1127601,Y2,,,0,17.896,clean,0,0,0.00,0,0
95,5,0,1.55,1,2.49,292093,Y2,,,0,18.039,clean,0,0,0.00,0,0
95,6,0,1.45,169,2.33,464916,Y2,,,0,17.974,clean,0,0,0.00,0,0
95,7,0,1.43,1,2.41,1279145,Y2,,,1,17.452,clean,0,0,0.00,0,0
95,8,0,1.55,1,2.33,10371,Y4,,,0,16.736,clean,0,0,0.00,0,0
95,9,0,1.51,1,2.43,593930,Y4,,,0,16.225,clean,0,0,0.00,0,0
95,10,0,1.38,827,2.50,806093,Y4,,,0,16.237,clean,0,0,0.00,0,0
95,11,0,1.45,1,2.49,612974,Y2,,,0,16.612,clean,0,0,0.00,0,0
95,12,0,1.54,1,2.37,330180,Y2,,,0,16.896,clean,0,0,0.00,0,0
95,13,0,1.50,1,2.43,363171,Y2,,,0,16.737,clean,0,0,0.00,0,0
95,14,0,1.47,1,2.66,368893,Y2,,,0,16.239,clean,0,0,0.00,0,0
95,15,0,1.58,1,2.58,653923,Y4,,,0,15.912,clean,0,0,0.00,0,0
95,16,0,1.36,460,2.75,264823,Y4,,,0,16.198,clean,0,0,0.00,0,0
95,17,0,1.47,1,2.52,1305789,Y4,,,0,16.859,clean,0,0,0.00,0,0
95,18,0,1.62,835,2.48,1216471,Y4,,,0,19.225,clean,0,0,0.00,0,0
95,19,0,1.35,779,2.45,44614,Y4,,,0,17.227,clean,0,0,0.00,0,0
95,20,0,1.40,1,2.46,462592,Y2,,,0,16.344,clean,0,0,0.00,0,0
95,21,0,1.77,1,2.42,629246,Y4,,,0,15.609,clean,0,0,0.00,0,0
95,22,0,1.60,1,2.59,846863,Y4,,,0,15.436,clean,0,0,0.00,0,0
95,23,0,1.64,1,2.46,2056,Y2,,,0,15.733,clean,0,0,0.00,0,0
95,24,0,1.54,1,2.38,432551,Y4,,,0,16.171,clean,0,0,0.00,0,0
95,25,0,1.98,204,4.21,79483,Y4,0.24/noise-like,0.00/noise-like,4,16.028,FAM-HIT,0,0,0.00,0,0
95,26,0,1.76,1,2.53,575334,Y2,,,0,15.406,clean,0,0,0.00,0,0
95,27,0,1.66,622,2.52,1084059,Y2,,,0,14.977,clean,0,0,0.00,0,0
95,28,0,1.75,1,2.60,658929,Y2,,,0,14.443,clean,0,0,0.00,0,0
95,29,0,1.55,1,2.57,1162827,Y4,,,0,14.679,clean,0,0,0.00,0,0
95,30,0,1.71,1,2.48,1454383,Y4,,,0,15.036,clean,0,0,0.00,0,0
95,31,0,1.73,1,2.41,527143,Y2,,,0,14.943,clean,0,0,0.00,0,0
95,32,0,1.31,899,2.42,351906,Y2,,,0,14.412,clean,0,0,0.00,0,0
95,33,0,1.74,1,2.52,163347,Y2,,,0,13.816,clean,0,0,0.00,0,0
95,34,0,1.85,1,2.57,148684,Y2,,,0,13.638,clean,0,0,0.00,0,0
95,35,0,1.73,1,2.42,1137704,Y4,,,0,14.001,clean,0,0,0.00,0,0
95,36,0,1.56,1,2.76,761122,Y2,,,0,14.555,clean,0,0,0.00,0,0
95,37,0,1.76,1,2.24,654101,Y4,,,0,14.680,clean,0,0,0.00,0,0
95,38,0,1.66,1,2.17,498533,Y2,,,0,14.171,clean,0,0,0.00,0,0
95,39,0,1.78,1,2.70,1421124,Y4,,,0,13.513,clean,0,0,0.00,0,0
95,40,0,1.71,1,2.43,1223534,Y4,,,0,13.191,clean,0,0,0.00,0,0
95,41,0,1.74,1,2.56,364512,Y4,,,0,13.413,clean,0,0,0.00,0,0
95,42,0,1.73,1,2.36,389189,Y2,,,0,13.892,clean,0,0,0.00,0,0
95,43,0,1.94,1,2.33,278682,Y2,,,0,14.142,clean,0,0,0.00,0,0
95,44,0,1.54,1,2.49,615567,Y4,,,0,13.628,clean,0,0,0.00,0,0
95,45,0,1.83,1,2.51,772655,Y2,,,0,12.788,clean,0,0,0.00,0,0
95,46,0,2.16,1,2.42,207603,Y2,,,0,12.262,clean,0,0,0.00,0,0
95,47,0,1.95,1,2.25,1429260,Y4,,,0,12.164,clean,0,0,0.00,0,0
95,48,0,1.63,1234,2.54,463307,Y2,,,0,12.330,clean,0,0,0.00,0,0
95,49,0,1.68,1,2.35,1336366,Y4,,,0,12.413,clean,0,0,0.00,0,0
95,50,0,1.89,1,2.19,1204669,Y2,,,0,11.953,clean,0,0,0.00,0,0
95,51,0,2.14,1,2.58,757188,Y2,,,0,11.105,clean,0,0,0.00,0,0
95,52,0,2.15,1,2.34,135630,Y2,,,0,10.297,clean,0,0,0.00,0,0
95,53,0,2.29,1,2.22,931352,Y2,,,0,9.754,clean,0,0,0.00,0,0
95,54,0,2.34,1,2.32,1132786,Y2,,,0,9.352,clean,0,0,0.00,0,0
95,55,0,2.54,1,2.48,256062,Y4,0.00/noise-like,0.00/noise-like,0,8.859,hump-note,0,0,0.00,0,0
95,56,0,3.15,1,2.42,1368642,Y4,0.00/noise-like,0.24/noise-like,0,7.949,hump-note,0,0,0.00,0,0
95,57,0,0,-1,0,0,-,,,8,6.803,QUARANTINE:dark-lane range=60 distinct=59,0,0,0.00,0,0
95,58,0,0,-1,0,0,-,,,0,5.725,QUARANTINE:dark-lane range=54 distinct=51,0,0,0.00,0,0
95,59,0,0,-1,0,0,-,,,0,4.879,QUARANTINE:dark-lane range=41 distinct=42,0,0,0.00,0,0
95,60,0,0,-1,0,0,-,,,0,4.173,QUARANTINE:dark-lane range=38 distinct=37,0,0,0.00,0,0
95,61,0,0,-1,0,0,-,,,0,3.559,QUARANTINE:dark-lane range=31 distinct=32,0,0,0.00,0,0
95,62,0,0,-1,0,0,-,,,0,2.958,QUARANTINE:dark-lane range=26 distinct=27,0,0,0.00,0,0
95,63,0,0,-1,0,0,-,,,0,2.406,QUARANTINE:dark-lane range=19 distinct=20,0,0,0.00,0,0
96,0,0,1.39,97,2.33,74565,Y2,,,0,20.741,clean,0,0,0.00,0,0
96,1,0,1.35,1,2.49,1194835,Y4,,,0,19.594,clean,0,0,0.00,0,0
96,2,0,1.50,1643,2.54,597507,Y4,,,0,18.569,clean,0,0,0.00,0,0
96,3,0,1.43,1,2.45,1383930,Y4,,,0,17.999,clean,0,0,0.00,0,0
96,4,0,1.55,1,2.43,424504,Y4,,,0,17.875,clean,0,0,0.00,0,0
96,5,0,1.41,1,2.46,1409590,Y2,,,0,18.053,clean,0,0,0.00,0,0
96,6,0,1.39,1478,2.55,100315,Y2,,,0,17.989,clean,0,0,0.00,0,0
96,7,0,1.60,1,2.47,971049,Y2,,,0,17.458,clean,0,0,0.00,0,0
96,8,0,1.59,1,2.37,441045,Y4,,,0,16.745,clean,0,0,0.00,0,0
96,9,0,1.39,301,2.22,218153,Y2,,,0,16.204,clean,0,0,0.00,0,0
96,10,0,1.67,1,2.62,806987,Y4,,,0,16.266,clean,0,0,0.00,0,0
96,11,0,1.61,1,2.56,926346,Y4,,,0,16.610,clean,0,0,0.00,0,0
96,12,0,1.54,1,2.27,704348,Y4,,,0,16.878,clean,0,0,0.00,0,0
96,13,0,1.56,1,2.38,1006186,Y4,,,0,16.711,clean,0,0,0.00,0,0
96,14,0,1.54,1,2.51,259638,Y4,,,0,16.237,clean,0,0,0.00,0,0
96,15,0,1.31,1136,2.49,1218081,Y2,,,0,15.908,clean,0,0,0.00,0,0
96,16,0,1.68,1,2.36,746012,Y4,,,0,16.212,clean,0,0,0.00,0,0
96,17,0,1.74,1,2.65,56148,Y2,,,0,16.865,clean,0,0,0.00,0,0
96,18,0,1.63,688,2.41,578910,Y2,,,0,19.179,clean,0,0,0.00,0,0
96,19,0,1.44,1,2.25,517398,Y4,,,0,17.259,clean,0,0,0.00,0,0
96,20,0,1.47,1,2.47,1397699,Y4,,,0,16.343,clean,0,0,0.00,0,0
96,21,0,1.52,1,2.42,673324,Y2,,,0,15.630,clean,0,0,0.00,0,0
96,22,0,1.75,1,2.57,1293987,Y2,,,0,15.400,clean,0,0,0.00,0,0
96,23,0,1.41,1,2.36,887364,Y4,,,0,15.739,clean,0,0,0.00,0,0
96,24,0,1.51,1,2.57,1409411,Y2,,,0,16.138,clean,0,0,0.00,0,0
96,25,0,2.01,204,2.52,544667,Y4,,,0,16.020,clean,0,0,0.00,0,0
96,26,0,1.39,460,2.45,1234084,Y4,,,0,15.385,clean,0,0,0.00,0,0
96,27,0,1.96,1,2.33,870198,Y2,,,0,14.981,clean,0,0,0.00,0,0
96,28,0,1.49,1,2.70,1141906,Y2,,,0,14.463,clean,0,0,0.00,0,0
96,29,0,1.53,1,2.40,1372576,Y4,,,0,14.688,clean,0,0,0.00,0,0
96,30,0,1.49,1,2.57,19580,Y4,,,0,15.001,clean,0,0,0.00,0,0
96,31,0,1.70,1,2.41,927508,Y4,,,0,14.964,clean,0,0,0.00,0,0
96,32,0,1.33,741,2.41,119805,Y2,,,0,14.409,clean,0,0,0.00,0,0
96,33,0,1.87,1,2.41,623435,Y2,,,0,13.824,clean,0,0,0.00,0,0
96,34,0,1.83,1,2.32,876635,Y2,,,0,13.653,clean,0,0,0.00,0,0
96,35,0,1.66,1,2.40,117123,Y4,,,0,14.012,clean,0,0,0.00,0,0
96,36,0,1.70,1,2.47,666350,Y2,,,0,14.551,clean,0,0,0.00,0,0
96,37,0,1.65,1,2.37,213414,Y2,,,0,14.674,clean,0,0,0.00,0,0
96,38,0,1.44,1,2.62,219405,Y2,,,0,14.176,clean,0,0,0.00,0,0
96,39,0,1.62,1,2.46,819415,Y2,,,0,13.521,clean,0,0,0.00,0,0
96,40,0,1.74,1,2.33,45419,Y2,,,0,13.190,clean,0,0,0.00,0,0
96,41,0,1.69,1,2.26,127047,Y2,,,0,13.400,clean,0,0,0.00,0,0
96,42,0,2.00,1,2.51,1286834,Y4,,,0,13.870,clean,0,0,0.00,0,0
96,43,0,1.59,1,2.30,1284331,Y4,,,0,14.124,clean,0,0,0.00,0,0
96,44,0,1.45,1,2.38,1296133,Y2,,,0,13.611,clean,0,0,0.00,0,0
96,45,0,1.79,1,2.23,1261801,Y2,,,0,12.767,clean,0,0,0.00,0,0
96,46,0,1.87,1,2.60,607520,Y4,,,0,12.256,clean,0,0,0.00,0,0
96,47,0,1.77,1,2.44,315428,Y4,,,0,12.162,clean,0,0,0.00,0,0
96,48,0,1.83,1,2.45,517666,Y4,,,0,12.337,clean,0,0,0.00,0,0
96,49,0,1.75,1,2.24,392407,Y2,,,0,12.435,clean,0,0,0.00,0,0
96,50,0,1.75,1,2.52,147522,Y2,,,0,11.939,clean,0,0,0.00,0,0
96,51,0,2.09,1,2.54,527322,Y2,,,0,11.109,clean,0,0,0.00,0,0
96,52,0,2.11,1,2.59,33796,Y2,,,0,10.301,clean,0,0,0.00,0,0
96,53,0,2.37,1,2.36,715882,Y2,,,0,9.726,clean,0,0,0.00,0,0
96,54,0,2.29,1,2.40,741810,Y4,,,0,9.364,clean,0,0,0.00,0,0
96,55,0,2.67,1,2.68,92447,Y2,0.24/noise-like,0.00/noise-like,0,8.872,hump-note,0,0,0.00,0,0
96,56,0,3.08,1,2.58,1365960,Y4,0.00/noise-like,0.00/noise-like,0,7.942,hump-note,0,0,0.00,0,0
96,57,0,0,-1,0,0,-,,,0,6.782,QUARANTINE:dark-lane range=60 distinct=59,0,0,0.00,0,0
96,58,0,0,-1,0,0,-,,,0,5.738,QUARANTINE:dark-lane range=48 distinct=49,0,0,0.00,0,0
96,59,0,0,-1,0,0,-,,,0,4.879,QUARANTINE:dark-lane range=43 distinct=44,0,0,0.00,0,0
96,60,0,0,-1,0,0,-,,,0,4.164,QUARANTINE:dark-lane range=37 distinct=36,0,0,0.00,0,0
96,61,0,0,-1,0,0,-,,,0,3.561,QUARANTINE:dark-lane range=31 distinct=32,0,0,0.00,0,0
96,62,0,0,-1,0,0,-,,,0,2.958,QUARANTINE:dark-lane range=27 distinct=27,0,0,0.00,0,0
96,63,0,0,-1,0,0,-,,,0,2.408,QUARANTINE:dark-lane range=21 distinct=22,0,0,0.00,0,0
97,0,0,1.34,1053,2.39,141263,Y2,,,0,20.744,clean,0,0,0.00,0,0
97,1,0,1.40,1072,2.42,1321077,Y4,,,0,19.596,clean,0,0,0.00,0,0
97,2,0,1.38,1,2.32,807345,Y4,,,0,18.571,clean,0,0,0.00,0,0
97,3,0,1.41,1,2.64,28700,Y2,,,0,17.967,clean,0,0,0.00,0,0
97,4,0,1.35,555,2.43,1016647,Y4,,,0,17.850,clean,0,0,0.00,0,0
97,5,0,1.40,173,2.38,754148,Y2,,,0,18.076,clean,0,0,0.00,0,0
97,6,0,1.44,1,2.50,1402616,Y2,,,0,17.988,clean,0,0,0.00,0,0
97,7,0,1.59,1,2.35,1293719,Y4,,,0,17.431,clean,0,0,0.00,0,0
97,8,0,1.45,1,2.83,1366585,Y2,,,0,16.763,clean,0,0,0.00,0,0
97,9,0,1.60,1,2.33,166833,Y2,,,0,16.206,clean,0,0,0.00,0,0
97,10,0,1.51,1,2.41,1018077,Y4,,,0,16.244,clean,0,0,0.00,0,0
97,11,0,1.35,928,2.34,1033902,Y2,,,0,16.662,clean,0,0,0.00,0,0
97,12,0,1.45,1,2.48,117749,Y2,,,0,16.900,clean,0,0,0.00,0,0
97,13,0,1.69,1,2.33,492901,Y2,,,0,16.715,clean,0,0,0.00,0,0
97,14,0,1.49,1,2.28,1400471,Y4,,,0,16.208,clean,0,0,0.00,0,0
97,15,0,1.68,1,2.42,942975,Y4,,,0,15.911,clean,0,0,0.00,0,0
97,16,0,1.60,1,2.49,457853,Y2,,,0,16.211,clean,0,0,0.00,0,0
97,17,0,1.64,1,2.43,188559,Y2,,,0,16.848,clean,0,0,0.00,0,0
97,18,0,1.62,737,2.34,1042932,Y4,,,0,19.198,clean,0,0,0.00,0,0
97,19,0,1.65,1,2.41,746906,Y2,,,0,17.255,clean,0,0,0.00,0,0
97,20,0,1.51,1,2.26,776410,Y4,,,0,16.389,clean,0,0,0.00,0,0
97,21,0,1.51,1,2.64,481725,Y2,,,0,15.664,clean,0,0,0.00,0,0
97,22,0,1.43,1,2.37,127763,Y4,,,0,15.409,clean,0,0,0.00,0,0
97,23,0,1.56,1,2.60,1123220,Y2,,,0,15.732,clean,0,0,0.00,0,0
97,24,0,1.51,1,2.42,231475,Y2,,,0,16.129,clean,0,0,0.00,0,0
97,25,0,2.29,204,5.35,2772,Y4,0.00/noise-like,0.00/noise-like,4,16.028,FAM-HIT,0,0,0.00,0,0
97,26,0,1.58,1,2.40,1308024,Y2,,,0,15.371,clean,0,0,0.00,0,0
97,27,0,1.61,625,2.66,1123846,Y2,,,0,14.959,clean,0,0,0.00,0,0
97,28,0,1.50,20,2.29,466615,Y2,,,0,14.482,clean,0,0,0.00,0,0
97,29,0,1.63,1,2.59,964075,Y4,,,0,14.698,clean,0,0,0.00,0,0
97,30,0,1.44,1,2.44,968903,Y4,,,0,15.034,clean,0,0,0.00,0,0
97,31,0,1.58,1,2.59,1165241,Y4,,,0,14.975,clean,0,0,0.00,0,0
97,32,0,1.37,997,2.59,499070,Y2,,,0,14.399,clean,0,0,0.00,0,0
97,33,0,1.58,1,2.65,1386344,Y4,,,0,13.804,clean,0,0,0.00,0,0
97,34,0,1.58,1,2.47,267059,Y2,,,0,13.650,clean,0,0,0.00,0,0
97,35,0,1.64,1,2.46,912666,Y2,,,0,14.002,clean,0,0,0.00,0,0
97,36,0,1.42,1,2.25,844181,Y2,,,0,14.545,clean,0,0,0.00,0,0
97,37,0,1.85,1,2.43,73940,Y2,,,0,14.671,clean,0,0,0.00,0,0
97,38,0,1.63,1,2.38,31739,Y2,,,0,14.147,clean,0,0,0.00,0,0
97,39,0,1.71,1,2.26,571579,Y2,,,0,13.518,clean,0,0,0.00,0,0
97,40,0,1.92,1,2.46,411808,Y4,,,0,13.188,clean,0,0,0.00,0,0
97,41,0,1.88,1,2.26,951648,Y2,,,0,13.426,clean,0,0,0.00,0,0
97,42,0,1.84,1,2.51,232905,Y4,,,0,13.906,clean,0,0,0.00,0,0
97,43,0,1.91,1,2.44,464290,Y2,,,0,14.141,clean,0,0,0.00,0,0
97,44,0,1.69,1,2.24,474036,Y4,,,0,13.608,clean,0,0,0.00,0,0
97,45,0,1.77,1,2.46,1253843,Y2,,,0,12.805,clean,0,0,0.00,0,0
97,46,0,1.97,1,2.59,1160502,Y2,,,0,12.275,clean,0,0,0.00,0,0
97,47,0,1.94,1,2.52,389725,Y4,,,0,12.130,clean,0,0,0.00,0,0
97,48,0,1.82,1,2.47,746369,Y2,,,0,12.357,clean,0,0,0.00,0,0
97,49,0,1.68,1,2.32,1347810,Y4,,,0,12.451,clean,0,0,0.00,0,0
97,50,0,2.01,1,2.28,951558,Y4,,,0,11.936,clean,0,0,0.00,0,0
97,51,0,1.75,1,2.37,1291752,Y2,,,0,11.088,clean,0,0,0.00,0,0
97,52,0,2.18,1,2.53,1382053,Y4,,,0,10.298,clean,0,0,0.00,0,0
97,53,0,2.41,1,2.49,27895,Y4,,,0,9.726,clean,0,0,0.00,0,0
97,54,0,2.57,1,2.34,1116693,Y2,0.00/noise-like,0.24/noise-like,0,9.347,hump-note,0,0,0.00,0,0
97,55,0,2.64,1,2.46,1434267,Y2,0.00/noise-like,0.24/noise-like,0,8.869,hump-note,0,0,0.00,0,0
97,56,0,3.19,1,2.47,879943,Y2,0.00/noise-like,0.00/noise-like,0,7.948,hump-note,0,0,0.00,0,0
97,57,0,0,-1,0,0,-,,,6,6.793,QUARANTINE:dark-lane range=58 distinct=59,0,0,0.00,0,0
97,58,0,0,-1,0,0,-,,,0,5.721,QUARANTINE:dark-lane range=54 distinct=50,0,0,0.00,0,0
97,59,0,0,-1,0,0,-,,,0,4.877,QUARANTINE:dark-lane range=45 distinct=45,0,0,0.00,0,0
97,60,0,0,-1,0,0,-,,,0,4.170,QUARANTINE:dark-lane range=41 distinct=37,0,0,0.00,0,0
97,61,0,0,-1,0,0,-,,,0,3.558,QUARANTINE:dark-lane range=32 distinct=33,0,0,0.00,0,0
97,62,0,0,-1,0,0,-,,,0,2.951,QUARANTINE:dark-lane range=25 distinct=26,0,0,0.00,0,0
97,63,0,0,-1,0,0,-,,,0,2.409,QUARANTINE:dark-lane range=21 distinct=22,0,0,0.00,0,0
98,0,0,1.44,317,2.38,12875,Y2,,,0,20.713,clean,0,0,0.00,0,0
98,1,0,1.57,1,2.23,837386,Y2,,,0,19.613,clean,0,0,0.00,0,0
98,2,0,1.64,1,2.36,196964,Y2,,,0,18.586,clean,0,0,0.00,0,0
98,3,0,1.36,1,2.37,114262,Y2,,,0,17.960,clean,0,0,0.00,0,0
98,4,0,1.30,1,2.40,676006,Y2,,,0,17.849,clean,0,0,0.00,0,0
98,5,0,1.56,1,2.39,1357108,Y4,,,0,18.061,clean,0,0,0.00,0,0
98,6,0,1.45,1,2.52,757903,Y4,,,0,18.011,clean,0,0,0.00,0,0
98,7,0,1.53,1,2.45,76711,Y2,,,0,17.455,clean,0,0,0.00,0,0
98,8,0,1.38,1,2.47,685304,Y2,,,0,16.761,clean,0,0,0.00,0,0
98,9,0,1.37,917,2.37,1429796,Y4,,,0,16.235,clean,0,0,0.00,0,0
98,10,0,1.64,1,2.31,1197070,Y4,,,0,16.247,clean,0,0,0.00,0,0
98,11,0,1.88,1,2.39,615835,Y4,,,0,16.632,clean,0,0,0.00,0,0
98,12,0,1.44,1,2.29,662506,Y2,,,0,16.878,clean,0,0,0.00,0,0
98,13,0,1.54,1,2.50,1033634,Y4,,,0,16.717,clean,0,0,0.00,0,0
98,14,0,1.76,1,2.49,396878,Y2,,,0,16.216,clean,0,0,0.00,0,0
98,15,0,1.54,1,2.40,732243,Y2,,,0,15.905,clean,0,0,0.00,0,0
98,16,0,1.73,1,2.43,235409,Y4,,,0,16.208,clean,0,0,0.00,0,0
98,17,0,1.45,1,2.58,539839,Y2,,,0,16.887,clean,0,0,0.00,0,0
98,18,0,1.61,755,2.34,1332968,Y4,,,0,19.241,clean,0,0,0.00,0,0
98,19,0,1.40,508,2.36,308096,Y2,,,0,17.255,clean,0,0,0.00,0,0
98,20,0,1.59,1,2.41,972658,Y4,,,0,16.377,clean,0,0,0.00,0,0
98,21,0,1.65,1,2.39,88334,Y4,,,0,15.608,clean,0,0,0.00,0,0
98,22,0,1.67,1,2.40,191152,Y2,,,0,15.381,clean,0,0,0.00,0,0
98,23,0,1.59,1,2.29,1427829,Y4,,,0,15.737,clean,0,0,0.00,0,0
98,24,0,1.65,1,2.28,1023352,Y4,,,0,16.130,clean,0,0,0.00,0,0
98,25,0,1.93,204,6.80,9030,Y4,0.00/noise-like,0.00/noise-like,9,16.050,FAM-HIT,0,0,0.00,0,0
98,26,0,1.93,1,2.27,392318,Y2,,,0,15.397,clean,0,0,0.00,0,0
98,27,0,1.60,1,2.55,41574,Y2,,,0,14.961,clean,0,0,0.00,0,0
98,28,0,1.61,1,2.29,126153,Y4,,,0,14.476,clean,0,0,0.00,0,0
98,29,0,1.56,1,2.33,371128,Y4,,,0,14.740,clean,0,0,0.00,0,0
98,30,0,1.67,1,2.56,555485,Y4,,,0,15.011,clean,0,0,0.00,0,0
98,31,0,1.71,1,2.55,148773,Y4,,,0,14.968,clean,0,0,0.00,0,0
98,32,0,1.36,318,2.38,923842,Y2,,,0,14.421,clean,0,0,0.00,0,0
98,33,0,1.81,1,2.41,886202,Y4,,,0,13.801,clean,0,0,0.00,0,0
98,34,0,1.61,1,2.53,997692,Y4,,,0,13.653,clean,0,0,0.00,0,0
98,35,0,1.65,1,2.33,1213163,Y4,,,0,14.008,clean,0,0,0.00,0,0
98,36,0,1.64,1,2.36,195712,Y2,,,0,14.547,clean,0,0,0.00,0,0
98,37,0,1.51,1,2.41,243634,Y2,,,0,14.663,clean,0,0,0.00,0,0
98,38,0,1.76,1,2.42,1288623,Y4,,,0,14.177,clean,0,0,0.00,0,0
98,39,0,1.88,1,2.43,768274,Y4,,,0,13.522,clean,0,0,0.00,0,0
98,40,0,1.77,1,2.50,507116,Y2,,,0,13.197,clean,0,0,0.00,0,0
98,41,0,1.82,1,2.50,215471,Y4,,,0,13.439,clean,0,0,0.00,0,0
98,42,0,1.73,1,2.75,847220,Y4,,,0,13.897,clean,0,0,0.00,0,0
98,43,0,1.75,1,2.30,168532,Y4,,,0,14.146,clean,0,0,0.00,0,0
98,44,0,1.67,1,2.41,65535,Y2,,,0,13.612,clean,0,0,0.00,0,0
98,45,0,1.73,1,2.27,353605,Y2,,,0,12.781,clean,0,0,0.00,0,0
98,46,0,1.88,1,2.38,214130,Y4,,,0,12.249,clean,0,0,0.00,0,0
98,47,0,1.96,1,2.42,1025766,Y2,,,0,12.139,clean,0,0,0.00,0,0
98,48,0,2.12,1,2.39,266075,Y2,,,0,12.339,clean,0,0,0.00,0,0
98,49,0,1.98,1,2.38,225753,Y4,,,0,12.444,clean,0,0,0.00,0,0
98,50,0,2.14,1,2.33,1262873,Y4,,,0,11.985,clean,0,0,0.00,0,0
98,51,0,2.13,1,2.56,1357108,Y4,,,0,11.112,clean,0,0,0.00,0,0
98,52,0,2.48,1,2.54,1097471,Y2,,,0,10.304,clean,0,0,0.00,0,0
98,53,0,2.15,1,2.31,732243,Y2,,,0,9.742,clean,0,0,0.00,0,0
98,54,0,2.49,1,2.53,1202255,Y2,,,0,9.345,clean,0,0,0.00,0,0
98,55,0,2.70,1,2.60,25481,Y4,0.24/noise-like,0.24/noise-like,0,8.859,hump-note,0,0,0.00,0,0
98,56,0,3.15,1,2.61,4917,Y2,0.24/noise-like,0.24/noise-like,0,7.949,hump-note,0,0,0.00,0,0
98,57,0,0,-1,0,0,-,,,20,6.804,QUARANTINE:dark-lane range=55 distinct=56,0,0,0.00,0,0
98,58,0,0,-1,0,0,-,,,0,5.708,QUARANTINE:dark-lane range=49 distinct=49,0,0,0.00,0,0
98,59,0,0,-1,0,0,-,,,0,4.874,QUARANTINE:dark-lane range=45 distinct=44,0,0,0.00,0,0
98,60,0,0,-1,0,0,-,,,0,4.163,QUARANTINE:dark-lane range=38 distinct=37,0,0,0.00,0,0
98,61,0,0,-1,0,0,-,,,0,3.557,QUARANTINE:dark-lane range=31 distinct=32,0,0,0.00,0,0
98,62,0,0,-1,0,0,-,,,0,2.954,QUARANTINE:dark-lane range=25 distinct=25,0,0,0.00,0,0
98,63,0,0,-1,0,0,-,,,0,2.409,QUARANTINE:dark-lane range=23 distinct=23,0,0,0.00,0,0
99,0,0,1.35,314,2.37,158608,Y4,,,0,20.725,clean,0,0,0.00,0,0
99,1,0,1.36,246,2.70,1427293,Y2,,,0,19.588,clean,0,0,0.00,0,0
99,2,0,1.42,445,2.23,221819,Y2,,,0,18.550,clean,0,0,0.00,0,0
99,3,0,1.48,1,2.38,1412183,Y2,,,0,17.984,clean,0,0,0.00,0,0
99,4,0,1.63,1,2.40,487447,Y2,,,0,17.858,clean,0,0,0.00,0,0
99,5,0,1.58,1,2.71,815392,Y4,,,0,18.069,clean,0,0,0.00,0,0
99,6,0,1.50,1,2.32,503719,Y2,,,0,17.958,clean,0,0,0.00,0,0
99,7,0,1.49,1,2.38,782490,Y2,,,0,17.455,clean,0,0,0.00,0,0
99,8,0,1.53,1,2.58,959158,Y2,,,0,16.771,clean,0,0,0.00,0,0
99,9,0,1.56,1,2.33,22531,Y4,,,0,16.223,clean,0,0,0.00,0,0
99,10,0,1.51,1,2.50,993669,Y2,,,0,16.265,clean,0,0,0.00,0,0
99,11,0,1.53,1,2.38,182837,Y4,,,0,16.612,clean,0,0,0.00,0,0
99,12,0,1.65,1,2.24,1222998,Y2,,,0,16.866,clean,0,0,0.00,0,0
99,13,0,1.57,1,2.40,876546,Y2,,,0,16.703,clean,0,0,0.00,0,0
99,14,0,1.36,1,2.64,1228184,Y4,,,0,16.195,clean,0,0,0.00,0,0
99,15,0,1.45,1,2.58,1444101,Y2,,,0,15.937,clean,0,0,0.00,0,0
99,16,0,1.68,1,2.36,1051694,Y2,,,0,16.186,clean,0,0,0.00,0,0
99,17,0,1.42,1,2.51,1111150,Y2,,,0,16.877,clean,0,0,0.00,0,0
99,18,0,1.54,745,2.51,1347542,Y2,,,0,19.174,clean,0,0,0.00,0,0
99,19,0,1.48,1,2.73,1408339,Y2,,,0,17.275,clean,0,0,0.00,0,0
99,20,0,1.58,1,2.25,1259565,Y4,,,0,16.368,clean,0,0,0.00,0,0
99,21,0,1.57,1,2.40,895143,Y4,,,0,15.651,clean,0,0,0.00,0,0
99,22,0,1.70,1,2.25,1317769,Y4,,,0,15.390,clean,0,0,0.00,0,0
99,23,0,1.48,1,2.47,1397431,Y4,,,0,15.715,clean,0,0,0.00,0,0
99,24,0,1.56,1,2.35,374883,Y2,,,0,16.117,clean,0,0,0.00,0,0
99,25,0,1.93,204,2.51,215918,Y4,,,0,16.022,clean,0,0,0.00,0,0
99,26,0,1.49,1,2.39,852495,Y4,,,0,15.386,clean,0,0,0.00,0,0
99,27,0,1.54,625,2.58,626296,Y2,,,0,14.941,clean,0,0,0.00,0,0
99,28,0,1.61,1,2.26,94593,Y4,,,0,14.457,clean,0,0,0.00,0,0
99,29,0,1.64,1,2.45,941813,Y2,,,0,14.707,clean,0,0,0.00,0,0
99,30,0,1.54,1,2.35,705868,Y4,,,0,15.035,clean,0,0,0.00,0,0
99,31,0,1.72,1,2.30,227183,Y4,,,0,14.999,clean,0,0,0.00,0,0
99,32,0,1.41,273,2.38,1209229,Y4,,,0,14.397,clean,0,0,0.00,0,0
99,33,0,1.64,1,2.37,583828,Y4,,,0,13.808,clean,0,0,0.00,0,0
99,34,0,1.73,1,2.56,42021,Y2,,,0,13.623,clean,0,0,0.00,0,0
99,35,0,1.51,1,2.47,873506,Y2,,,0,14.031,clean,0,0,0.00,0,0
99,36,0,1.58,1,2.62,791878,Y4,,,0,14.532,clean,0,0,0.00,0,0
99,37,0,1.68,1,2.40,236839,Y2,,,0,14.671,clean,0,0,0.00,0,0
99,38,0,1.40,1,2.31,833362,Y4,,,0,14.201,clean,0,0,0.00,0,0
99,39,0,1.77,1,2.43,1026928,Y4,,,0,13.496,clean,0,0,0.00,0,0
99,40,0,1.64,1,2.23,280559,Y4,,,0,13.200,clean,0,0,0.00,0,0
99,41,0,1.79,1,2.43,133395,Y2,,,0,13.412,clean,0,0,0.00,0,0
99,42,0,1.57,1,2.27,210553,Y4,,,0,13.899,clean,0,0,0.00,0,0
99,43,0,1.57,1,2.99,744224,Y2,,,0,14.129,clean,0,0,0.00,0,0
99,44,0,1.72,1,2.50,197142,Y2,,,0,13.621,clean,0,0,0.00,0,0
99,45,0,2.01,1,2.43,575155,Y2,,,0,12.788,clean,0,0,0.00,0,0
99,46,0,1.64,1,2.66,133216,Y4,,,0,12.277,clean,0,0,0.00,0,0
99,47,0,1.90,1,2.45,5811,Y4,,,0,12.120,clean,0,0,0.00,0,0
99,48,0,1.92,1,2.34,232995,Y2,,,0,12.365,clean,0,0,0.00,0,0
99,49,0,1.96,1,2.46,467062,Y4,,,0,12.431,clean,0,0,0.00,0,0
99,50,0,2.04,1,2.29,1259118,Y4,,,0,11.950,clean,0,0,0.00,0,0
99,51,0,1.95,1,2.61,660807,Y2,,,0,11.087,clean,0,0,0.00,0,0
99,52,0,2.19,1,2.39,738323,Y2,,,0,10.289,clean,0,0,0.00,0,0
99,53,0,2.59,1,2.38,413150,Y2,0.00/noise-like,0.00/noise-like,0,9.728,hump-note,0,0,0.00,0,0
99,54,0,2.89,1,2.39,113010,Y4,0.24/noise-like,0.24/noise-like,0,9.357,hump-note,0,0,0.00,0,0
99,55,0,2.73,1,2.36,9388,Y2,0.00/noise-like,0.00/noise-like,0,8.867,hump-note,0,0,0.00,0,0
99,56,0,3.23,1,2.77,1070112,Y4,0.00/noise-like,0.00/noise-like,0,7.959,hump-note,0,0,0.00,0,0
99,57,0,0,-1,0,0,-,,,0,6.776,QUARANTINE:dark-lane range=65 distinct=60,0,0,0.00,0,0
99,58,0,0,-1,0,0,-,,,0,5.729,QUARANTINE:dark-lane range=51 distinct=49,0,0,0.00,0,0
99,59,0,0,-1,0,0,-,,,0,4.878,QUARANTINE:dark-lane range=41 distinct=42,0,0,0.00,0,0
99,60,0,0,-1,0,0,-,,,0,4.161,QUARANTINE:dark-lane range=37 distinct=36,0,0,0.00,0,0
99,61,0,0,-1,0,0,-,,,0,3.558,QUARANTINE:dark-lane range=32 distinct=33,0,0,0.00,0,0
99,62,0,0,-1,0,0,-,,,0,2.954,QUARANTINE:dark-lane range=27 distinct=27,0,0,0.00,0,0
99,63,0,0,-1,0,0,-,,,0,2.404,QUARANTINE:dark-lane range=21 distinct=21,0,0,0.00,0,0
100,0,0,1.39,123,2.87,125170,Y4,,,0,20.747,clean,0,0,0.00,0,0
100,1,0,1.47,1,2.71,1418799,Y2,,,0,19.591,clean,0,0,0.00,0,0
100,2,0,1.35,1007,2.39,198394,Y4,,,0,18.570,clean,0,0,0.00,0,0
100,3,0,1.42,1,2.27,48369,Y2,,,0,17.979,clean,0,0,0.00,0,0
100,4,0,1.39,1304,2.42,1429081,Y4,,,0,17.836,clean,0,0,0.00,0,0
100,5,0,1.40,1,2.54,587136,Y2,,,0,18.046,clean,0,0,0.00,0,0
100,6,0,1.54,1,2.98,74834,Y2,,,0,18.000,clean,0,0,0.00,0,0
100,7,0,1.44,1,2.39,1038015,Y2,,,0,17.436,clean,0,0,0.00,0,0
100,8,0,1.54,1,2.47,1077354,Y4,,,0,16.726,clean,0,0,0.00,0,0
100,9,0,1.61,1,2.37,174612,Y4,,,0,16.230,clean,0,0,0.00,0,0
100,10,0,1.61,1,2.41,916243,Y4,,,0,16.235,clean,0,0,0.00,0,0
100,11,0,1.54,1,2.29,988036,Y2,,,0,16.639,clean,0,0,0.00,0,0
100,12,0,1.53,1,2.43,578105,Y4,,,0,16.882,clean,0,0,0.00,0,0
100,13,0,1.36,245,2.37,825942,Y2,,,0,16.694,clean,0,0,0.00,0,0
100,14,0,1.37,1,2.53,323921,Y4,,,0,16.228,clean,0,0,0.00,0,0
100,15,0,1.88,1,2.61,939667,Y2,,,0,15.923,clean,0,0,0.00,0,0
100,16,0,1.49,1,2.48,573456,Y2,,,0,16.194,clean,0,0,0.00,0,0
100,17,0,1.76,1,2.50,78410,Y4,,,0,16.841,clean,0,0,0.00,0,0
100,18,0,1.67,747,2.49,327498,Y2,,,0,19.200,clean,0,0,0.00,0,0
100,19,0,1.62,1,2.56,1025587,Y2,,,0,17.263,clean,0,0,0.00,0,0
100,20,0,1.56,1,2.31,27716,Y2,,,0,16.384,clean,0,0,0.00,0,0
100,21,0,1.72,1,2.36,988483,Y2,,,0,15.660,clean,0,0,0.00,0,0
100,22,0,1.64,1,2.31,1390815,Y2,,,0,15.413,clean,0,0,0.00,0,0
100,23,0,1.55,1,2.47,535190,Y4,,,0,15.725,clean,0,0,0.00,0,0
100,24,0,1.61,1,2.43,786781,Y2,,,0,16.144,clean,0,0,0.00,0,0
100,25,0,2.22,204,2.48,329822,Y4,,,0,15.991,clean,0,0,0.00,0,0
100,26,0,1.80,1,2.36,361115,Y2,,,0,15.374,clean,0,0,0.00,0,0
100,27,0,1.73,1,2.96,350654,Y2,,,0,15.020,clean,0,0,0.00,0,0
100,28,0,1.50,1,2.49,691831,Y4,,,0,14.452,clean,0,0,0.00,0,0
100,29,0,1.61,1,2.49,1179188,Y4,,,0,14.658,clean,0,0,0.00,0,0
100,30,0,1.53,1,2.38,96291,Y4,,,0,15.023,clean,0,0,0.00,0,0
100,31,0,1.52,1,2.40,9298,Y4,,,0,14.979,clean,0,0,0.00,0,0
100,32,0,1.33,314,2.57,786334,Y2,,,0,14.399,clean,0,0,0.00,0,0
100,33,0,1.69,1,2.42,301749,Y4,,,0,13.797,clean,0,0,0.00,0,0
100,34,0,1.44,1,2.41,1277536,Y2,,,0,13.619,clean,0,0,0.00,0,0
100,35,0,1.53,1,2.64,617176,Y4,,,0,14.006,clean,0,0,0.00,0,0
100,36,0,1.57,1,2.41,295401,Y2,,,0,14.543,clean,0,0,0.00,0,0
100,37,0,1.78,1,2.67,1162738,Y4,,,0,14.665,clean,0,0,0.00,0,0
100,38,0,1.60,1,2.52,907928,Y4,,,0,14.162,clean,0,0,0.00,0,0
100,39,0,1.85,1,2.31,705421,Y4,,,0,13.509,clean,0,0,0.00,0,0
100,40,0,1.42,1362,2.73,22888,Y4,,,0,13.207,clean,0,0,0.00,0,0
100,41,0,1.83,1,2.38,556022,Y4,,,0,13.414,clean,0,0,0.00,0,0
100,42,0,1.56,1,2.32,1267880,Y4,,,0,13.885,clean,0,0,0.00,0,0
100,43,0,1.62,1,2.98,693083,Y4,,,0,14.124,clean,0,0,0.00,0,0
100,44,0,2.01,1,2.34,1317769,Y4,,,0,13.618,clean,0,0,0.00,0,0
100,45,0,1.73,1,2.35,1364172,Y4,,,0,12.809,clean,0,0,0.00,0,0
100,46,0,1.87,1,2.35,165045,Y4,,,0,12.260,clean,0,0,0.00,0,0
100,47,0,1.81,1,2.38,552982,Y2,,,0,12.127,clean,0,0,0.00,0,0
100,48,0,1.82,1,2.39,362009,Y2,,,0,12.335,clean,0,0,0.00,0,0
100,49,0,2.20,1,2.44,1008689,Y2,,,0,12.435,clean,0,0,0.00,0,0
100,50,0,2.01,1,2.41,621021,Y4,,,0,11.938,clean,0,0,0.00,0,0
100,51,0,1.98,1,2.25,899434,Y2,,,0,11.087,clean,0,0,0.00,0,0
100,52,0,2.41,1,2.26,65982,Y2,,,0,10.277,clean,0,0,0.00,0,0
100,53,0,2.31,1,2.34,888884,Y4,,,0,9.723,clean,0,0,0.00,0,0
100,54,0,2.37,1,2.42,474483,Y2,,,0,9.350,clean,0,0,0.00,0,0
100,55,0,2.78,1,2.31,676990,Y2,0.00/noise-like,0.00/noise-like,0,8.857,hump-note,0,0,0.00,0,0
100,56,0,3.20,1,2.36,489146,Y4,0.00/noise-like,0.00/noise-like,0,7.949,hump-note,0,0,0.00,0,0
100,57,0,0,-1,0,0,-,,,0,6.783,QUARANTINE:dark-lane range=59 distinct=58,0,0,0.00,0,0
100,58,0,0,-1,0,0,-,,,0,5.733,QUARANTINE:dark-lane range=52 distinct=50,0,0,0.00,0,0
100,59,0,0,-1,0,0,-,,,0,4.877,QUARANTINE:dark-lane range=43 distinct=43,0,0,0.00,0,0
100,60,0,0,-1,0,0,-,,,0,4.170,QUARANTINE:dark-lane range=35 distinct=36,0,0,0.00,0,0
100,61,0,0,-1,0,0,-,,,0,3.555,QUARANTINE:dark-lane range=30 distinct=31,0,0,0.00,0,0
100,62,0,0,-1,0,0,-,,,0,2.957,QUARANTINE:dark-lane range=24 distinct=25,0,0,0.00,0,0
100,63,0,0,-1,0,0,-,,,0,2.409,QUARANTINE:dark-lane range=19 distinct=20,0,0,0.00,0,0
101,0,0,1.43,1286,2.35,1279682,Y2,,,0,20.723,clean,0,0,0.00,0,0
101,1,0,1.43,1347,2.27,60886,Y2,,,0,19.612,clean,0,0,0.00,0,0
101,2,0,1.42,1643,2.39,574529,Y2,,,0,18.556,clean,0,0,0.00,0,0
101,3,0,1.44,1,2.35,560939,Y2,,,0,18.021,clean,0,0,0.00,0,0
101,4,0,1.31,527,2.85,1017183,Y2,,,0,17.863,clean,0,0,0.00,0,0
101,5,0,1.49,1,2.18,1241952,Y4,,,0,18.059,clean,0,0,0.00,0,0
101,6,0,1.71,1,2.43,795275,Y4,,,0,17.976,clean,0,0,0.00,0,0
101,7,0,1.38,1,2.42,110686,Y4,,,0,17.435,clean,0,0,0.00,0,0
101,8,0,1.47,1,2.25,1239181,Y4,,,0,16.759,clean,0,0,0.00,0,0
101,9,0,1.71,1,2.38,932515,Y2,,,0,16.215,clean,0,0,0.00,0,0
101,10,0,1.49,1,2.39,1267523,Y2,,,0,16.229,clean,0,0,0.00,0,0
101,11,0,1.35,1,2.40,360936,Y2,,,0,16.605,clean,0,0,0.00,0,0
101,12,0,1.38,1,2.34,679761,Y4,,,0,16.894,clean,0,0,0.00,0,0
101,13,0,1.65,1,2.36,759780,Y4,,,0,16.693,clean,0,0,0.00,0,0
101,14,0,1.53,1,2.31,1224071,Y2,,,0,16.216,clean,0,0,0.00,0,0
101,15,0,1.69,1,2.75,15736,Y4,,,0,15.909,clean,0,0,0.00,0,0
101,16,0,1.41,1,2.41,578105,Y2,,,0,16.214,clean,0,0,0.00,0,0
101,17,0,1.38,1,2.56,686735,Y4,,,0,16.843,clean,0,0,0.00,0,0
101,18,0,1.58,715,2.46,451773,Y4,,,0,19.186,clean,0,0,0.00,0,0
101,19,0,1.42,1,2.39,38266,Y4,,,0,17.212,clean,0,0,0.00,0,0
101,20,0,1.49,1,2.39,541896,Y2,,,0,16.338,clean,0,0,0.00,0,0
101,21,0,1.84,1,2.77,464380,Y2,,,0,15.640,clean,0,0,0.00,0,0
101,22,0,1.72,1,2.59,1427561,Y4,,,0,15.409,clean,0,0,0.00,0,0
101,23,0,1.38,992,2.42,1090944,Y4,,,0,15.751,clean,0,0,0.00,0,0
101,24,0,1.54,1,2.41,25839,Y2,,,0,16.153,clean,0,0,0.00,0,0
101,25,0,2.04,204,2.31,592321,Y2,,,0,16.024,clean,0,0,0.00,0,0
101,26,0,1.68,1,2.36,317663,Y4,,,0,15.407,clean,0,0,0.00,0,0
101,27,0,1.69,1,2.28,1028538,Y2,,,0,14.977,clean,0,0,0.00,0,0
101,28,0,1.78,1,2.37,914186,Y4,,,0,14.451,clean,0,0,0.00,0,0
101,29,0,1.54,1,2.22,1105160,Y4,,,0,14.694,clean,0,0,0.00,0,0
101,30,0,1.69,1,2.60,1464844,Y4,,,0,15.021,clean,0,0,0.00,0,0
101,31,0,1.82,1,2.27,1252,Y4,,,0,14.967,clean,0,0,0.00,0,0
101,32,0,1.39,956,2.44,987679,Y4,,,0,14.403,clean,0,0,0.00,0,0
101,33,0,1.80,1,2.55,894,Y2,,,0,13.811,clean,0,0,0.00,0,0
101,34,0,1.77,1,2.27,355035,Y4,,,0,13.632,clean,0,0,0.00,0,0
101,35,0,1.65,1,2.36,907749,Y2,,,0,14.011,clean,0,0,0.00,0,0
101,36,0,1.44,1,2.41,1172662,Y4,,,0,14.539,clean,0,0,0.00,0,0
101,37,0,1.38,1,2.50,481099,Y2,,,0,14.679,clean,0,0,0.00,0,0
101,38,0,1.58,1,2.38,27627,Y4,,,0,14.180,clean,0,0,0.00,0,0
101,39,0,1.93,1,2.50,1234978,Y4,,,0,13.531,clean,0,0,0.00,0,0
101,40,0,1.74,1,2.34,495404,Y4,,,0,13.237,clean,0,0,0.00,0,0
101,41,0,1.62,1,2.65,500232,Y2,,,0,13.421,clean,0,0,0.00,0,0
101,42,0,1.50,1,2.34,1385987,Y4,,,0,13.887,clean,0,0,0.00,0,0
101,43,0,1.72,1,2.32,359684,Y4,,,0,14.103,clean,0,0,0.00,0,0
101,44,0,1.56,1,2.45,842571,Y2,,,0,13.652,clean,0,0,0.00,0,0
101,45,0,1.75,1,2.41,485837,Y2,,,0,12.797,clean,0,0,0.00,0,0
101,46,0,1.92,1,2.56,1393229,Y2,,,0,12.268,clean,0,0,0.00,0,0
101,47,0,1.72,1,2.55,1201987,Y4,,,0,12.134,clean,0,0,0.00,0,0
101,48,0,1.77,1,2.43,1380712,Y4,,,0,12.365,clean,0,0,0.00,0,0
101,49,0,1.87,1,2.44,371933,Y4,,,0,12.411,clean,0,0,0.00,0,0
101,50,0,2.19,1,2.31,208229,Y2,,,0,11.942,clean,0,0,0.00,0,0
101,51,0,2.09,1,2.42,897020,Y2,,,0,11.085,clean,0,0,0.00,0,0
101,52,0,2.23,1,2.40,346184,Y4,,,0,10.271,clean,0,0,0.00,0,0
101,53,0,2.22,1,2.39,635415,Y2,,,0,9.722,clean,0,0,0.00,0,0
101,54,0,2.82,1,2.27,821918,Y4,0.24/noise-like,0.00/noise-like,0,9.371,hump-note,0,0,0.00,0,0
101,55,0,2.65,1,2.38,283152,Y2,0.00/noise-like,0.00/noise-like,0,8.872,hump-note,0,0,0.00,0,0
101,56,0,3.15,1,2.80,156999,Y4,0.00/noise-like,0.24/noise-like,0,7.957,hump-note,0,0,0.00,0,0
101,57,0,0,-1,0,0,-,,,0,6.784,QUARANTINE:dark-lane range=58 distinct=57,0,0,0.00,0,0
101,58,0,0,-1,0,0,-,,,0,5.728,QUARANTINE:dark-lane range=52 distinct=51,0,0,0.00,0,0
101,59,0,0,-1,0,0,-,,,0,4.881,QUARANTINE:dark-lane range=42 distinct=43,0,0,0.00,0,0
101,60,0,0,-1,0,0,-,,,0,4.164,QUARANTINE:dark-lane range=36 distinct=36,0,0,0.00,0,0
101,61,0,0,-1,0,0,-,,,0,3.558,QUARANTINE:dark-lane range=33 distinct=33,0,0,0.00,0,0
101,62,0,0,-1,0,0,-,,,0,2.955,QUARANTINE:dark-lane range=25 distinct=26,0,0,0.00,0,0
101,63,0,0,-1,0,0,-,,,0,2.403,QUARANTINE:dark-lane range=20 distinct=21,0,0,0.00,0,0
102,0,0,1.34,231,2.58,201255,Y2,,,0,20.698,clean,0,0,0.00,0,0
102,1,0,1.39,1377,2.69,490040,Y4,,,0,19.591,clean,0,0,0.00,0,0
102,2,0,1.44,1,2.45,881732,Y4,,,0,18.566,clean,0,0,0.00,0,0
102,3,0,1.40,1,2.58,841767,Y4,,,0,17.979,clean,0,0,0.00,0,0
102,4,0,1.44,1339,2.32,281006,Y2,,,0,17.857,clean,0,0,0.00,0,0
102,5,0,1.56,1,2.58,112742,Y2,,,0,18.035,clean,0,0,0.00,0,0
102,6,0,1.39,698,2.57,1158267,Y2,,,0,17.998,clean,0,0,0.00,0,0
102,7,0,1.33,1,2.39,231385,Y4,,,0,17.460,clean,0,0,0.00,0,0
102,8,0,1.73,1,2.26,837386,Y2,,,0,16.751,clean,0,0,0.00,0,0
102,9,0,1.43,1,2.31,477344,Y4,,,0,16.235,clean,0,0,0.00,0,0
102,10,0,1.60,1,2.25,485927,Y4,,,0,16.243,clean,0,0,0.00,0,0
102,11,0,1.47,1,2.51,1367390,Y2,,,0,16.607,clean,0,0,0.00,0,0
102,12,0,1.53,1,2.49,235498,Y4,,,0,16.896,clean,0,0,0.00,0,0
102,13,0,1.62,1,2.37,149757,Y4,,,0,16.717,clean,0,0,0.00,0,0
102,14,0,1.60,1,2.28,384182,Y4,,,0,16.204,clean,0,0,0.00,0,0
102,15,0,1.45,1,2.42,924826,Y4,,,0,15.935,clean,0,0,0.00,0,0
102,16,0,1.52,1,2.52,1211822,Y4,,,0,16.182,clean,0,0,0.00,0,0
102,17,0,1.54,1,2.60,332594,Y4,,,0,16.881,clean,0,0,0.00,0,0
102,18,0,1.61,707,2.44,763267,Y4,,,0,19.189,clean,0,0,0.00,0,0
102,19,0,1.82,1,2.48,1126349,Y2,,,0,17.267,clean,0,0,0.00,0,0
102,20,0,1.41,1468,2.54,715971,Y2,,,0,16.339,clean,0,0,0.00,0,0
102,21,0,1.68,1,2.38,814676,Y4,,,0,15.653,clean,0,0,0.00,0,0
102,22,0,1.62,1,2.41,903994,Y4,,,0,15.389,clean,0,0,0.00,0,0
102,23,0,1.46,1,2.33,359952,Y2,,,0,15.748,clean,0,0,0.00,0,0
102,24,0,1.72,1,2.45,1034617,Y4,,,0,16.158,clean,0,0,0.00,0,0
102,25,0,1.98,204,2.60,67502,Y4,,,0,16.017,clean,0,0,0.00,0,0
102,26,0,1.38,1,2.91,813693,Y4,,,0,15.380,clean,0,0,0.00,0,0
102,27,0,1.66,621,2.44,24408,Y4,,,0,14.967,clean,0,0,0.00,0,0
102,28,0,1.80,1,2.33,218600,Y2,,,0,14.451,clean,0,0,0.00,0,0
102,29,0,1.82,1,2.31,941366,Y4,,,0,14.642,clean,0,0,0.00,0,0
102,30,0,1.41,1,2.38,969976,Y2,,,0,15.007,clean,0,0,0.00,0,0
102,31,0,1.99,1,2.30,501215,Y4,,,0,14.998,clean,0,0,0.00,0,0
102,32,0,1.36,826,2.37,1240879,Y4,,,0,14.451,clean,0,0,0.00,0,0
102,33,0,1.86,1,2.40,1015574,Y2,,,0,13.816,clean,0,0,0.00,0,0
102,34,0,1.87,1,2.49,1249909,Y2,,,0,13.644,clean,0,0,0.00,0,0
102,35,0,1.47,1,2.17,547349,Y2,,,0,14.035,clean,0,0,0.00,0,0
102,36,0,1.76,1,2.40,535816,Y4,,,0,14.576,clean,0,0,0.00,0,0
102,37,0,1.53,1,2.36,97096,Y4,,,0,14.669,clean,0,0,0.00,0,0
102,38,0,1.85,1,2.80,608593,Y4,,,0,14.162,clean,0,0,0.00,0,0
102,39,0,1.75,1,2.23,58830,Y2,,,0,13.525,clean,0,0,0.00,0,0
102,40,0,1.87,1,2.44,671357,Y2,,,0,13.190,clean,0,0,0.00,0,0
102,41,0,1.76,1,2.55,297993,Y4,,,0,13.422,clean,0,0,0.00,0,0
102,42,0,1.67,1,2.50,1177311,Y4,,,0,13.885,clean,0,0,0.00,0,0
102,43,0,1.57,1,2.38,442386,Y2,,,0,14.129,clean,0,0,0.00,0,0
102,44,0,1.75,1,2.45,33528,Y4,,,0,13.615,clean,0,0,0.00,0,0
102,45,0,1.90,1,2.35,917137,Y2,,,0,12.800,clean,0,0,0.00,0,0
102,46,0,2.15,1,2.83,57489,Y2,,,0,12.275,clean,0,0,0.00,0,0
102,47,0,2.38,1,2.61,1328230,Y4,,,0,12.115,clean,0,0,0.00,0,0
102,48,0,1.79,1,2.82,1423001,Y4,,,0,12.342,clean,0,0,0.00,0,0
102,49,0,1.76,1,2.24,371665,Y2,,,0,12.420,clean,0,0,0.00,0,0
102,50,0,2.06,1,2.64,401348,Y4,,,0,11.934,clean,0,0,0.00,0,0
102,51,0,2.12,1,2.40,1215130,Y4,,,0,11.092,clean,0,0,0.00,0,0
102,52,0,2.23,1,2.36,835687,Y4,,,0,10.289,clean,0,0,0.00,0,0
102,53,0,2.49,1,2.52,987500,Y4,,,0,9.744,clean,0,0,0.00,0,0
102,54,0,2.70,1,2.33,812799,Y2,0.00/noise-like,0.24/noise-like,0,9.357,hump-note,0,0,0.00,0,0
102,55,0,2.81,1,2.55,460446,Y4,0.00/noise-like,0.00/noise-like,0,8.866,hump-note,0,0,0.00,0,0
102,56,0,2.90,1,119.59,1431,Y4,0.00/noise-like,0.00/noise-like,5,8.174,FAM-HIT,0,0,0.00,0,0
102,57,0,0,-1,0,0,-,,,0,6.778,QUARANTINE:dark-lane range=56 distinct=56,0,0,0.00,0,0
102,58,0,0,-1,0,0,-,,,0,5.748,QUARANTINE:dark-lane range=50 distinct=50,0,0,0.00,0,0
102,59,0,0,-1,0,0,-,,,0,4.876,QUARANTINE:dark-lane range=44 distinct=43,0,0,0.00,0,0
102,60,0,0,-1,0,0,-,,,0,4.169,QUARANTINE:dark-lane range=37 distinct=37,0,0,0.00,0,0
102,61,0,0,-1,0,0,-,,,0,3.565,QUARANTINE:dark-lane range=31 distinct=31,0,0,0.00,0,0
102,62,0,0,-1,0,0,-,,,0,2.955,QUARANTINE:dark-lane range=27 distinct=28,0,0,0.00,0,0
102,63,0,0,-1,0,0,-,,,0,2.406,QUARANTINE:dark-lane range=21 distinct=22,0,0,0.00,0,0
103,0,0,1.42,665,2.37,1195550,Y4,,,0,20.717,clean,0,0,0.00,0,0
103,1,0,1.46,1,2.44,309974,Y4,,,0,19.588,clean,0,0,0.00,0,0
103,2,0,1.55,1,2.44,34958,Y4,,,0,18.593,clean,0,0,0.00,0,0
103,3,0,1.66,1,2.34,1314908,Y4,,,0,17.964,clean,0,0,0.00,0,0
103,4,0,1.37,1,2.39,177026,Y2,,,0,17.841,clean,0,0,0.00,0,0
103,5,0,1.44,327,2.46,649899,Y2,,,0,18.021,clean,0,0,0.00,0,0
103,6,0,1.45,1,2.68,781953,Y4,,,0,18.003,clean,0,0,0.00,0,0
103,7,0,1.57,1,2.49,374168,Y2,,,0,17.433,clean,0,0,0.00,0,0
103,8,0,1.53,1,2.49,213146,Y2,,,0,16.754,clean,0,0,0.00,0,0
103,9,0,1.63,1,2.48,795543,Y4,,,0,16.233,clean,0,0,0.00,0,0
103,10,0,1.35,1,2.36,237733,Y2,,,0,16.235,clean,0,0,0.00,0,0
103,11,0,1.48,1,2.34,1104534,Y4,,,0,16.613,clean,0,0,0.00,0,0
103,12,0,1.55,1,2.49,649184,Y4,,,0,16.912,clean,0,0,0.00,0,0
103,13,0,1.56,1,2.64,1215667,Y2,,,0,16.702,clean,0,0,0.00,0,0
103,14,0,1.87,1,2.53,25749,Y2,,,0,16.194,clean,0,0,0.00,0,0
103,15,0,1.85,1,2.35,728846,Y2,,,0,15.926,clean,0,0,0.00,0,0
103,16,0,1.52,1,2.55,4739,Y2,,,0,16.190,clean,0,0,0.00,0,0
103,17,0,1.53,1,2.44,1211196,Y2,,,0,16.856,clean,0,0,0.00,0,0
103,18,0,1.63,732,2.33,316590,Y4,,,0,19.169,clean,0,0,0.00,0,0
103,19,0,1.42,1087,2.69,489146,Y2,,,0,17.215,clean,0,0,0.00,0,0
103,20,0,1.38,1455,2.51,1456171,Y4,,,0,16.347,clean,0,0,0.00,0,0
103,21,0,1.60,1,2.31,171840,Y4,,,0,15.646,clean,0,0,0.00,0,0
103,22,0,1.64,1,2.23,1441956,Y2,,,0,15.417,clean,0,0,0.00,0,0
103,23,0,1.49,1,2.35,609666,Y4,,,0,15.738,clean,0,0,0.00,0,0
103,24,0,1.46,1,2.35,602067,Y2,,,0,16.139,clean,0,0,0.00,0,0
103,25,0,1.98,204,2.32,1288891,Y2,,,1,16.025,clean,0,0,0.00,0,0
103,26,0,1.64,1,2.49,340194,Y2,,,0,15.393,clean,0,0,0.00,0,0
103,27,0,1.76,1,2.61,214845,Y2,,,0,14.993,clean,0,0,0.00,0,0
103,28,0,1.73,1,2.56,1328856,Y2,,,0,14.465,clean,0,0,0.00,0,0
103,29,0,1.54,1,2.76,604928,Y4,,,0,14.694,clean,0,0,0.00,0,0
103,30,0,1.75,1,2.87,766575,Y4,,,0,15.031,clean,0,0,0.00,0,0
103,31,0,1.81,1,2.51,536710,Y4,,,0,15.010,clean,0,0,0.00,0,0
103,32,0,1.36,502,2.37,93698,Y2,,,0,14.429,clean,0,0,0.00,0,0
103,33,0,1.74,1,2.64,676632,Y2,,,0,13.796,clean,0,0,0.00,0,0
103,34,0,1.79,1,2.41,129640,Y2,,,0,13.647,clean,0,0,0.00,0,0
103,35,0,1.63,1,2.35,610471,Y4,,,0,14.025,clean,0,0,0.00,0,0
103,36,0,1.67,1,2.44,170052,Y4,,,0,14.552,clean,0,0,0.00,0,0
103,37,0,1.67,1,2.54,888526,Y2,,,0,14.679,clean,0,0,0.00,0,0
103,38,0,1.62,1,2.13,561208,Y2,,,0,14.187,clean,0,0,0.00,0,0
103,39,0,1.78,1,2.37,8315,Y2,,,0,13.526,clean,0,0,0.00,0,0
103,40,0,1.72,1,2.57,829250,Y2,,,0,13.194,clean,0,0,0.00,0,0
103,41,0,1.42,1,2.18,1265287,Y2,,,0,13.408,clean,0,0,0.00,0,0
103,42,0,1.96,1,2.46,61423,Y2,,,0,13.900,clean,0,0,0.00,0,0
103,43,0,1.75,1,2.48,288874,Y2,,,0,14.159,clean,0,0,0.00,0,0
103,44,0,1.90,1,2.37,1305074,Y2,,,0,13.605,clean,0,0,0.00,0,0
103,45,0,1.79,1,2.46,71615,Y4,,,0,12.795,clean,0,0,0.00,0,0
103,46,0,1.94,1,2.72,213861,Y4,,,0,12.256,clean,0,0,0.00,0,0
103,47,0,1.91,1,2.41,713915,Y4,,,0,12.144,clean,0,0,0.00,0,0
103,48,0,1.54,1234,2.51,418693,Y4,,,0,12.355,clean,0,0,0.00,0,0
103,49,0,2.15,1,2.51,1055181,Y2,,,0,12.441,clean,0,0,0.00,0,0
103,50,0,1.79,1,2.39,1041412,Y4,,,0,11.949,clean,0,0,0.00,0,0
103,51,0,1.93,1,2.40,1029789,Y4,,,0,11.087,clean,0,0,0.00,0,0
103,52,0,2.30,1,2.39,248194,Y2,,,0,10.302,clean,0,0,0.00,0,0
103,53,0,2.18,1,2.57,67413,Y2,,,0,9.734,clean,0,0,0.00,0,0
103,54,0,2.38,1,2.40,697196,Y4,,,0,9.365,clean,0,0,0.00,0,0
103,55,0,2.60,1,2.42,1410663,Y4,0.00/noise-like,0.24/noise-like,0,8.862,hump-note,0,0,0.00,0,0
103,56,0,2.84,1,2.37,936806,Y2,0.00/noise-like,0.24/noise-like,0,7.971,hump-note,0,0,0.00,0,0
103,57,0,0,-1,0,0,-,,,1,6.783,QUARANTINE:dark-lane range=63 distinct=59,0,0,0.00,0,0
103,58,0,0,-1,0,0,-,,,0,5.744,QUARANTINE:dark-lane range=53 distinct=51,0,0,0.00,0,0
103,59,0,0,-1,0,0,-,,,0,4.883,QUARANTINE:dark-lane range=41 distinct=42,0,0,0.00,0,0
103,60,0,0,-1,0,0,-,,,0,4.165,QUARANTINE:dark-lane range=35 distinct=35,0,0,0.00,0,0
103,61,0,0,-1,0,0,-,,,0,3.555,QUARANTINE:dark-lane range=32 distinct=31,0,0,0.00,0,0
103,62,0,0,-1,0,0,-,,,0,2.960,QUARANTINE:dark-lane range=25 distinct=26,0,0,0.00,0,0
103,63,0,0,-1,0,0,-,,,0,2.407,QUARANTINE:dark-lane range=21 distinct=22,0,0,0.00,0,0
104,0,0,1.32,367,2.47,1408964,Y2,,,0,20.710,clean,0,0,0.00,0,0
104,1,0,1.64,1,2.38,305951,Y4,,,0,19.595,clean,0,0,0.00,0,0
104,2,0,1.45,1,2.67,92894,Y2,,,0,18.557,clean,0,0,0.00,0,0
104,3,0,1.43,1,2.35,975788,Y4,,,0,18.004,clean,0,0,0.00,0,0
104,4,0,1.42,1,2.57,890404,Y2,,,0,17.845,clean,0,0,0.00,0,0
104,5,0,1.36,1369,2.40,61154,Y2,,,0,18.042,clean,0,0,0.00,0,0
104,6,0,1.48,1,2.49,1348615,Y2,,,0,17.986,clean,0,0,0.00,0,0
104,7,0,1.38,1,2.31,772476,Y2,,,0,17.458,clean,0,0,0.00,0,0
104,8,0,1.32,483,2.32,1243740,Y4,,,0,16.755,clean,0,0,0.00,0,0
104,9,0,1.60,1,2.58,1389474,Y4,,,0,16.239,clean,0,0,0.00,0,0
104,10,0,1.44,1,2.21,1153350,Y2,,,0,16.238,clean,0,0,0.00,0,0
104,11,0,1.68,1,2.42,876278,Y4,,,0,16.600,clean,0,0,0.00,0,0
104,12,0,1.35,784,2.46,336170,Y2,,,0,16.854,clean,0,0,0.00,0,0
104,13,0,1.47,1,2.38,863582,Y2,,,0,16.714,clean,0,0,0.00,0,0
104,14,0,1.48,1,2.23,21547,Y2,,,0,16.229,clean,0,0,0.00,0,0
104,15,0,1.49,1,2.39,301212,Y4,,,0,15.939,clean,0,0,0.00,0,0
104,16,0,1.72,1,2.35,933498,Y2,,,0,16.202,clean,0,0,0.00,0,0
104,17,0,1.45,1,2.31,1139849,Y4,,,0,16.889,clean,0,0,0.00,0,0
104,18,0,1.72,773,2.33,117928,Y4,,,0,19.199,clean,0,0,0.00,0,0
104,19,0,1.40,1477,2.34,985533,Y4,,,0,17.252,clean,0,0,0.00,0,0
104,20,0,1.43,1110,2.31,523120,Y2,,,0,16.352,clean,0,0,0.00,0,0
104,21,0,1.60,1,2.45,537425,Y4,,,0,15.649,clean,0,0,0.00,0,0
104,22,0,1.51,1,2.29,9477,Y2,,,0,15.384,clean,0,0,0.00,0,0
104,23,0,1.41,1,2.33,162542,Y2,,,0,15.749,clean,0,0,0.00,0,0
104,24,0,1.57,1,2.30,788301,Y2,,,0,16.141,clean,0,0,0.00,0,0
104,25,0,2.21,204,2.35,482798,Y4,,,1,16.015,clean,0,0,0.00,0,0
104,26,0,1.58,1,2.61,379533,Y2,,,0,15.412,clean,0,0,0.00,0,0
104,27,0,1.76,1,2.41,426292,Y2,,,0,14.996,clean,0,0,0.00,0,0
104,28,0,1.88,1,2.40,275731,Y2,,,0,14.436,clean,0,0,0.00,0,0
104,29,0,1.54,1,2.50,1349151,Y2,,,0,14.694,clean,0,0,0.00,0,0
104,30,0,1.50,1,2.36,1364708,Y2,,,0,15.031,clean,0,0,0.00,0,0
104,31,0,1.37,1,2.46,1309097,Y2,,,0,14.978,clean,0,0,0.00,0,0
104,32,0,1.43,890,2.54,130087,Y2,,,0,14.439,clean,0,0,0.00,0,0
104,33,0,1.43,1,2.70,39876,Y2,,,0,13.785,clean,0,0,0.00,0,0
104,34,0,1.60,1,2.47,20653,Y4,,,0,13.649,clean,0,0,0.00,0,0
104,35,0,1.76,1,2.52,338048,Y2,,,0,14.013,clean,0,0,0.00,0,0
104,36,0,1.48,1,2.36,15736,Y2,,,0,14.538,clean,0,0,0.00,0,0
104,37,0,1.54,1,2.50,537246,Y2,,,0,14.687,clean,0,0,0.00,0,0
104,38,0,1.63,1,2.38,1156121,Y4,,,0,14.196,clean,0,0,0.00,0,0
104,39,0,1.78,1,2.54,26286,Y2,,,0,13.495,clean,0,0,0.00,0,0
104,40,0,1.89,1,2.40,579000,Y2,,,0,13.214,clean,0,0,0.00,0,0
104,41,0,1.93,1,2.29,1064032,Y4,,,0,13.439,clean,0,0,0.00,0,0
104,42,0,1.69,1,2.28,228435,Y2,,,0,13.883,clean,0,0,0.00,0,0
104,43,0,1.59,1,2.34,118732,Y2,,,0,14.131,clean,0,0,0.00,0,0
104,44,0,1.65,1,2.37,180781,Y2,,,0,13.609,clean,0,0,0.00,0,0
104,45,0,1.78,1,2.55,844628,Y2,,,0,12.798,clean,0,0,0.00,0,0
104,46,0,1.80,1,2.66,644982,Y2,,,0,12.275,clean,0,0,0.00,0,0
104,47,0,2.05,1,2.36,208229,Y4,,,0,12.128,clean,0,0,0.00,0,0
104,48,0,1.62,1234,2.37,1387596,Y4,,,0,12.323,clean,0,0,0.00,0,0
104,49,0,1.95,1,2.35,1341999,Y2,,,0,12.432,clean,0,0,0.00,0,0
104,50,0,1.84,1,2.44,933051,Y4,,,0,11.941,clean,0,0,0.00,0,0
104,51,0,2.32,1,2.42,500411,Y2,,,0,11.105,clean,0,0,0.00,0,0
104,52,0,2.21,1,2.31,79930,Y4,,,0,10.293,clean,0,0,0.00,0,0
104,53,0,2.56,1,2.50,155836,Y2,0.00/noise-like,0.00/noise-like,0,9.743,hump-note,0,0,0.00,0,0
104,54,0,2.90,1,2.33,1032561,Y2,0.00/noise-like,0.00/noise-like,0,9.372,hump-note,0,0,0.00,0,0
104,55,0,2.95,1,2.38,803590,Y4,0.00/noise-like,0.24/noise-like,0,8.876,hump-note,0,0,0.00,0,0
104,56,0,3.70,1,2.40,502378,Y2,0.00/noise-like,0.00/noise-like,0,7.969,hump-note,0,0,0.00,0,0
104,57,0,0,-1,0,0,-,,,0,6.798,QUARANTINE:dark-lane range=67 distinct=60,0,0,0.00,0,0
104,58,0,0,-1,0,0,-,,,0,5.714,QUARANTINE:dark-lane range=49 distinct=50,0,0,0.00,0,0
104,59,0,0,-1,0,0,-,,,0,4.874,QUARANTINE:dark-lane range=42 distinct=42,0,0,0.00,0,0
104,60,0,0,-1,0,0,-,,,0,4.168,QUARANTINE:dark-lane range=35 distinct=36,0,0,0.00,0,0
104,61,0,0,-1,0,0,-,,,0,3.564,QUARANTINE:dark-lane range=33 distinct=33,0,0,0.00,0,0
104,62,0,0,-1,0,0,-,,,0,2.960,QUARANTINE:dark-lane range=26 distinct=27,0,0,0.00,0,0
104,63,0,0,-1,0,0,-,,,0,2.409,QUARANTINE:dark-lane range=24 distinct=23,0,0,0.00,0,0
105,0,0,1.33,451,2.47,1426846,Y4,,,0,20.714,clean,0,0,0.00,0,0
105,1,0,1.48,1,2.28,909001,Y2,,,0,19.635,clean,0,0,0.00,0,0
105,2,0,1.41,1166,2.22,898361,Y4,,,0,18.547,clean,0,0,0.00,0,0
105,3,0,1.45,1,2.42,289768,Y4,,,0,17.976,clean,0,0,0.00,0,0
105,4,0,1.41,1,2.36,1302481,Y2,,,0,17.861,clean,0,0,0.00,0,0
105,5,0,1.49,1,2.60,75012,Y2,,,0,18.067,clean,0,0,0.00,0,0
105,6,0,1.51,1,2.35,430495,Y2,,,0,17.972,clean,0,0,0.00,0,0
105,7,0,1.40,1167,2.27,1073331,Y4,,,0,17.411,clean,0,0,0.00,0,0
105,8,0,1.57,1,2.78,898987,Y4,,,0,16.769,clean,0,0,0.00,0,0
105,9,0,1.60,1,2.42,1072615,Y2,,,0,16.261,clean,0,0,0.00,0,0
105,10,0,1.54,1,2.45,439167,Y4,,,0,16.250,clean,0,0,0.00,0,0
105,11,0,1.44,1,2.39,1126528,Y4,,,0,16.646,clean,0,0,0.00,0,0
105,12,0,1.38,1486,2.32,568450,Y2,,,0,16.896,clean,0,0,0.00,0,0
105,13,0,1.36,1006,2.41,1118034,Y4,,,0,16.713,clean,0,0,0.00,0,0
105,14,0,1.68,1,2.26,1115263,Y4,,,0,16.217,clean,0,0,0.00,0,0
105,15,0,1.67,1,2.43,325620,Y2,,,0,15.921,clean,0,0,0.00,0,0
105,16,0,1.62,1,2.42,1261175,Y2,,,0,16.196,clean,0,0,0.00,0,0
105,17,0,1.40,1,2.58,324190,Y2,,,0,16.888,clean,0,0,0.00,0,0
105,18,0,1.72,812,2.47,235498,Y4,,,0,19.188,clean,0,0,0.00,0,0
105,19,0,1.44,1,2.28,512481,Y2,,,0,17.247,clean,0,0,0.00,0,0
105,20,0,1.36,1,2.52,228077,Y2,,,0,16.347,clean,0,0,0.00,0,0
105,21,0,1.58,1,2.51,821203,Y2,,,0,15.653,clean,0,0,0.00,0,0
105,22,0,1.33,1412,2.51,439614,Y4,,,0,15.404,clean,0,0,0.00,0,0
105,23,0,1.44,1220,2.56,1305431,Y2,,,0,15.750,clean,0,0,0.00,0,0
105,24,0,1.41,1,2.51,469208,Y2,,,0,16.157,clean,0,0,0.00,0,0
105,25,0,2.15,204,7.51,536,Y4,0.24/noise-like,0.24/noise-like,5,15.993,FAM-HIT,0,0,0.00,0,0
105,26,0,1.73,1,2.41,134557,Y2,,,0,15.385,clean,0,0,0.00,0,0
105,27,0,1.81,1,2.49,1216829,Y2,,,0,14.973,clean,0,0,0.00,0,0
105,28,0,1.54,1,2.34,1154602,Y4,,,0,14.482,clean,0,0,0.00,0,0
105,29,0,1.58,1,2.43,326425,Y4,,,0,14.689,clean,0,0,0.00,0,0
105,30,0,1.74,1,2.69,33349,Y4,,,0,15.013,clean,0,0,0.00,0,0
105,31,0,1.67,1,2.53,16004,Y2,,,0,14.968,clean,0,0,0.00,0,0
105,32,0,1.41,1024,2.53,109524,Y4,,,0,14.400,clean,0,0,0.00,0,0
105,33,0,1.52,1,2.50,908196,Y4,,,0,13.814,clean,0,0,0.00,0,0
105,34,0,1.70,1,2.43,433534,Y2,,,0,13.648,clean,0,0,0.00,0,0
105,35,0,1.69,1,2.36,661701,Y2,,,0,13.984,clean,0,0,0.00,0,0
105,36,0,1.69,1,2.42,727504,Y2,,,0,14.541,clean,0,0,0.00,0,0
105,37,0,2.04,1,2.75,336528,Y4,,,0,14.650,clean,0,0,0.00,0,0
105,38,0,1.97,1,2.43,1107216,Y4,,,0,14.162,clean,0,0,0.00,0,0
105,39,0,1.57,1,2.48,961035,Y2,,,0,13.487,clean,0,0,0.00,0,0
105,40,0,1.91,1,2.45,973195,Y2,,,0,13.192,clean,0,0,0.00,0,0
105,41,0,1.84,1,2.23,173986,Y2,,,0,13.413,clean,0,0,0.00,0,0
105,42,0,1.65,1,2.49,712574,Y4,,,0,13.874,clean,0,0,0.00,0,0
105,43,0,1.62,1,2.29,559866,Y4,,,0,14.144,clean,0,0,0.00,0,0
105,44,0,1.92,1,2.43,845611,Y4,,,0,13.624,clean,0,0,0.00,0,0
105,45,0,1.89,1,2.33,403851,Y2,,,0,12.801,clean,0,0,0.00,0,0
105,46,0,1.92,1,2.72,152081,Y2,,,0,12.276,clean,0,0,0.00,0,0
105,47,0,1.77,1,2.36,692546,Y4,,,0,12.146,clean,0,0,0.00,0,0
105,48,0,1.78,1,2.33,282884,Y2,,,0,12.343,clean,0,0,0.00,0,0
105,49,0,1.74,1,2.43,133127,Y2,,,0,12.425,clean,0,0,0.00,0,0
105,50,0,2.03,1,2.40,544935,Y4,,,0,11.953,clean,0,0,0.00,0,0
105,51,0,2.13,1,2.34,1282632,Y4,,,0,11.079,clean,0,0,0.00,0,0
105,52,0,2.23,1,2.32,606447,Y4,,,0,10.279,clean,0,0,0.00,0,0
105,53,0,2.57,1,2.36,726789,Y4,0.24/noise-like,0.00/noise-like,0,9.738,hump-note,0,0,0.00,0,0
105,54,0,2.59,1,2.70,121772,Y2,0.00/noise-like,0.00/noise-like,0,9.362,hump-note,0,0,0.00,0,0
105,55,0,2.41,1,2.58,1363099,Y2,,,0,8.854,clean,0,0,0.00,0,0
105,56,0,3.32,1,2.39,352979,Y4,0.00/noise-like,0.00/noise-like,0,7.943,hump-note,0,0,0.00,0,0
105,57,0,0,-1,0,0,-,,,7,6.796,QUARANTINE:dark-lane range=56 distinct=57,0,0,0.00,0,0
105,58,0,0,-1,0,0,-,,,0,5.736,QUARANTINE:dark-lane range=50 distinct=51,0,0,0.00,0,0
105,59,0,0,-1,0,0,-,,,0,4.886,QUARANTINE:dark-lane range=39 distinct=40,0,0,0.00,0,0
105,60,0,0,-1,0,0,-,,,0,4.166,QUARANTINE:dark-lane range=36 distinct=37,0,0,0.00,0,0
105,61,0,0,-1,0,0,-,,,0,3.560,QUARANTINE:dark-lane range=31 distinct=32,0,0,0.00,0,0
105,62,0,0,-1,0,0,-,,,0,2.956,QUARANTINE:dark-lane range=25 distinct=26,0,0,0.00,0,0
105,63,0,0,-1,0,0,-,,,0,2.407,QUARANTINE:dark-lane range=22 distinct=22,0,0,0.00,0,0
106,0,0,1.34,232,2.25,200093,Y4,,,0,20.718,clean,0,0,0.00,0,0
106,1,0,1.51,1,2.43,602603,Y2,,,0,19.615,clean,0,0,0.00,0,0
106,2,0,1.38,1643,2.43,370592,Y2,,,0,18.578,clean,0,0,0.00,0,0
106,3,0,1.55,1,2.47,861347,Y4,,,0,17.968,clean,0,0,0.00,0,0
106,4,0,1.51,1,2.43,906944,Y2,,,0,17.851,clean,0,0,0.00,0,0
106,5,0,1.33,464,2.48,1077533,Y4,,,0,18.063,clean,0,0,0.00,0,0
106,6,0,1.56,1,2.30,695139,Y2,,,0,17.999,clean,0,0,0.00,0,0
106,7,0,1.61,1,2.36,1113385,Y2,,,0,17.430,clean,0,0,0.00,0,0
106,8,0,1.54,1,2.41,165939,Y2,,,0,16.726,clean,0,0,0.00,0,0
106,9,0,1.43,144,2.35,1297653,Y4,,,0,16.228,clean,0,0,0.00,0,0
106,10,0,1.51,1,2.38,698000,Y4,,,0,16.260,clean,0,0,0.00,0,0
106,11,0,1.42,1,2.30,925452,Y2,,,0,16.622,clean,0,0,0.00,0,0
106,12,0,1.49,1,2.45,2861,Y2,,,0,16.867,clean,0,0,0.00,0,0
106,13,0,1.59,1,2.66,833184,Y4,,,0,16.695,clean,0,0,0.00,0,0
106,14,0,1.41,1069,2.40,468850,Y4,,,0,16.224,clean,0,0,0.00,0,0
106,15,0,1.54,1,2.50,1221478,Y4,,,0,15.915,clean,0,0,0.00,0,0
106,16,0,1.70,1,2.52,347078,Y4,,,0,16.196,clean,0,0,0.00,0,0
106,17,0,1.48,1,2.48,107914,Y2,,,0,16.904,clean,0,0,0.00,0,0
106,18,0,1.74,777,2.39,232548,Y2,,,0,19.209,clean,0,0,0.00,0,0
106,19,0,1.38,1,2.43,1189202,Y2,,,0,17.235,clean,0,0,0.00,0,0
106,20,0,1.46,1,2.39,1119912,Y4,,,0,16.325,clean,0,0,0.00,0,0
106,21,0,1.59,1,2.30,850081,Y2,,,0,15.659,clean,0,0,0.00,0,0
106,22,0,1.71,1,2.30,999749,Y4,,,0,15.388,clean,0,0,0.00,0,0
106,23,0,1.44,1,2.56,11981,Y4,,,0,15.695,clean,0,0,0.00,0,0
106,24,0,1.65,1,2.48,327051,Y4,,,0,16.125,clean,0,0,0.00,0,0
106,25,0,2.11,204,2.65,1221925,Y4,,,0,16.038,clean,0,0,0.00,0,0
106,26,0,1.66,1,2.32,1249284,Y2,,,0,15.423,clean,0,0,0.00,0,0
106,27,0,1.76,1,2.29,537604,Y4,,,0,15.003,clean,0,0,0.00,0,0
106,28,0,1.45,1,2.44,1387417,Y4,,,0,14.467,clean,0,0,0.00,0,0
106,29,0,1.78,1,2.34,1376241,Y4,,,0,14.699,clean,0,0,0.00,0,0
106,30,0,1.55,1,2.61,177652,Y4,,,0,15.024,clean,0,0,0.00,0,0
106,31,0,1.62,1,2.57,616193,Y4,,,0,14.952,clean,0,0,0.00,0,0
106,32,0,1.37,553,2.53,215024,Y2,,,0,14.434,clean,0,0,0.00,0,0
106,33,0,1.97,1,2.34,788480,Y2,,,0,13.803,clean,0,0,0.00,0,0
106,34,0,1.93,1,2.34,65714,Y2,,,0,13.648,clean,0,0,0.00,0,0
106,35,0,1.67,1,2.32,1348436,Y4,,,0,14.006,clean,0,0,0.00,0,0
106,36,0,1.63,1,2.28,87172,Y2,,,0,14.546,clean,0,0,0.00,0,0
106,37,0,1.53,1,2.36,577837,Y4,,,0,14.671,clean,0,0,0.00,0,0
106,38,0,1.71,1,2.39,67770,Y4,,,0,14.185,clean,0,0,0.00,0,0
106,39,0,1.46,1,2.26,1141995,Y2,,,1,13.542,clean,0,0,0.00,0,0
106,40,0,1.79,1,2.59,1117229,Y2,,,0,13.183,clean,0,0,0.00,0,0
106,41,0,1.70,1,2.40,1342624,Y2,,,0,13.408,clean,0,0,0.00,0,0
106,42,0,1.78,1,2.36,742614,Y4,,,0,13.869,clean,0,0,0.00,0,0
106,43,0,1.72,1,2.48,640154,Y2,,,0,14.142,clean,0,0,0.00,0,0
106,44,0,1.81,1,2.41,460625,Y4,,,0,13.612,clean,0,0,0.00,0,0
106,45,0,1.80,1,2.43,26286,Y4,,,0,12.798,clean,0,0,0.00,0,0
106,46,0,1.84,1,2.33,1460642,Y2,,,0,12.238,clean,0,0,0.00,0,0
106,47,0,1.95,1,2.58,1420140,Y4,,,0,12.117,clean,0,0,0.00,0,0
106,48,0,1.87,1,2.38,519812,Y4,,,0,12.343,clean,0,0,0.00,0,0
106,49,0,1.86,1,2.40,1110613,Y2,,,0,12.418,clean,0,0,0.00,0,0
106,50,0,1.84,1,2.46,832021,Y4,,,0,11.958,clean,0,0,0.00,0,0
106,51,0,2.26,1,2.35,427186,Y2,,,0,11.089,clean,0,0,0.00,0,0
106,52,0,2.02,1,2.53,1195192,Y4,,,0,10.279,clean,0,0,0.00,0,0
106,53,0,2.51,1,2.46,1052499,Y2,0.00/noise-like,0.00/noise-like,0,9.730,hump-note,0,0,0.00,0,0
106,54,0,2.67,1,2.42,836402,Y4,0.00/noise-like,0.00/noise-like,0,9.352,hump-note,0,0,0.00,0,0
106,55,0,2.69,1,2.45,1183480,Y2,0.24/noise-like,0.00/noise-like,0,8.871,hump-note,0,0,0.00,0,0
106,56,0,3.17,1,2.33,295937,Y4,0.00/noise-like,0.00/noise-like,0,7.948,hump-note,0,0,0.00,0,0
106,57,0,0,-1,0,0,-,,,0,6.789,QUARANTINE:dark-lane range=62 distinct=60,0,0,0.00,0,0
106,58,0,0,-1,0,0,-,,,0,5.724,QUARANTINE:dark-lane range=49 distinct=50,0,0,0.00,0,0
106,59,0,0,-1,0,0,-,,,0,4.883,QUARANTINE:dark-lane range=43 distinct=44,0,0,0.00,0,0
106,60,0,0,-1,0,0,-,,,0,4.164,QUARANTINE:dark-lane range=39 distinct=38,0,0,0.00,0,0
106,61,0,0,-1,0,0,-,,,0,3.559,QUARANTINE:dark-lane range=33 distinct=33,0,0,0.00,0,0
106,62,0,0,-1,0,0,-,,,0,2.957,QUARANTINE:dark-lane range=27 distinct=28,0,0,0.00,0,0
106,63,0,0,-1,0,0,-,,,0,2.406,QUARANTINE:dark-lane range=21 distinct=22,0,0,0.00,0,0
107,0,0,1.42,367,2.48,503272,Y2,,,0,20.766,clean,0,0,0.00,0,0
107,1,0,1.45,1,2.46,1249015,Y2,,,0,19.574,clean,0,0,0.00,0,0
107,2,0,1.37,776,2.39,710964,Y2,,,0,18.587,clean,0,0,0.00,0,0
107,3,0,1.36,671,2.25,479221,Y4,,,0,18.002,clean,0,0,0.00,0,0
107,4,0,1.54,1,2.54,1257777,Y2,,,0,17.848,clean,0,0,0.00,0,0
107,5,0,1.68,1,2.86,59634,Y2,,,0,18.022,clean,0,0,0.00,0,0
107,6,0,1.49,1,2.55,663757,Y4,,,0,18.012,clean,0,0,0.00,0,0
107,7,0,1.59,1,2.33,365317,Y2,,,0,17.424,clean,0,0,0.00,0,0
107,8,0,1.66,1,2.60,1072884,Y4,,,0,16.750,clean,0,0,0.00,0,0
107,9,0,1.58,1,2.71,134826,Y4,,,0,16.216,clean,0,0,0.00,0,0
107,10,0,1.71,1,2.37,324726,Y2,,,0,16.250,clean,0,0,0.00,0,0
107,11,0,1.70,1,2.17,84579,Y2,,,0,16.625,clean,0,0,0.00,0,0
107,12,0,1.56,1,2.30,638008,Y2,,,0,16.873,clean,0,0,0.00,0,0
107,13,0,1.50,1,2.30,985801,Y4,,,0,16.711,clean,0,0,0.00,0,0
107,14,0,1.44,1,2.27,911236,Y2,,,0,16.189,clean,0,0,0.00,0,0
107,15,0,1.78,1,2.46,168800,Y2,,,0,15.914,clean,0,0,0.00,0,0
107,16,0,1.53,1,2.51,684053,Y2,,,0,16.208,clean,0,0,0.00,0,0
107,17,0,1.57,1,2.35,82612,Y2,,,0,16.898,clean,0,0,0.00,0,0
107,18,0,1.56,757,2.48,377476,Y2,,,0,19.189,clean,0,0,0.00,0,0
107,19,0,1.53,1,2.42,745028,Y4,,,0,17.282,clean,0,0,0.00,0,0
107,20,0,1.68,1,2.43,386149,Y2,,,0,16.384,clean,0,0,0.00,0,0
107,21,0,1.50,1,2.48,472516,Y2,,,0,15.650,clean,0,0,0.00,0,0
107,22,0,1.64,1,2.37,808686,Y2,,,0,15.414,clean,0,0,0.00,0,0
107,23,0,1.38,817,2.49,260621,Y4,,,0,15.732,clean,0,0,0.00,0,0
107,24,0,1.46,1,2.49,127852,Y2,,,0,16.154,clean,0,0,0.00,0,0
107,25,0,2.15,204,6.18,536,Y4,0.00/noise-like,0.00/noise-like,4,16.017,FAM-HIT,0,0,0.00,0,0
107,26,0,1.56,1,2.39,373095,Y2,,,0,15.414,clean,0,0,0.00,0,0
107,27,0,1.73,629,2.40,395447,Y2,,,0,14.979,clean,0,0,0.00,0,0
107,28,0,1.81,1,2.27,1207173,Y4,,,0,14.454,clean,0,0,0.00,0,0
107,29,0,1.54,1,2.40,1374811,Y2,,,0,14.687,clean,0,0,0.00,0,0
107,30,0,1.58,1,2.36,14305,Y4,,,0,15.003,clean,0,0,0.00,0,0
107,31,0,1.66,1,2.54,542253,Y2,,,0,14.982,clean,0,0,0.00,0,0
107,32,0,1.43,1384,2.51,1102746,Y2,,,0,14.426,clean,0,0,0.00,0,0
107,33,0,1.60,1,2.64,795990,Y4,,,0,13.816,clean,0,0,0.00,0,0
107,34,0,1.80,1,2.54,1291484,Y4,,,0,13.630,clean,0,0,0.00,0,0
107,35,0,1.74,1,2.25,605911,Y4,,,0,14.004,clean,0,0,0.00,0,0
107,36,0,1.44,1,2.38,811011,Y2,,,0,14.534,clean,0,0,0.00,0,0
107,37,0,1.83,1,2.54,1021385,Y2,,,0,14.679,clean,0,0,0.00,0,0
107,38,0,1.95,1,2.62,911772,Y2,,,0,14.197,clean,0,0,0.00,0,0
107,39,0,1.75,1,2.39,102013,Y4,,,0,13.518,clean,0,0,0.00,0,0
107,40,0,1.55,1,2.35,585258,Y4,,,0,13.206,clean,0,0,0.00,0,0
107,41,0,1.88,1,2.38,1179367,Y4,,,0,13.416,clean,0,0,0.00,0,0
107,42,0,1.59,1,2.54,323921,Y2,,,0,13.884,clean,0,0,0.00,0,0
107,43,0,1.54,1,2.53,1091570,Y2,,,0,14.117,clean,0,0,0.00,0,0
107,44,0,1.93,1,2.83,1447678,Y2,,,0,13.591,clean,0,0,0.00,0,0
107,45,0,1.84,1,2.31,448555,Y2,,,0,12.798,clean,0,0,0.00,0,0
107,46,0,1.79,1,2.47,1460820,Y2,,,0,12.264,clean,0,0,0.00,0,0
107,47,0,1.85,1,2.72,471175,Y2,,,0,12.146,clean,0,0,0.00,0,0
107,48,0,1.52,1,2.41,1239538,Y4,,,0,12.326,clean,0,0,0.00,0,0
107,49,0,1.85,1,2.53,489861,Y2,,,0,12.461,clean,0,0,0.00,0,0
107,50,0,2.05,1,2.43,1429886,Y4,,,0,11.942,clean,0,0,0.00,0,0
107,51,0,2.18,1,2.58,1174986,Y2,,,0,11.088,clean,0,0,0.00,0,0
107,52,0,2.10,1,2.58,24587,Y2,,,0,10.295,clean,0,0,0.00,0,0
107,53,0,2.24,1,2.28,95129,Y2,,,0,9.728,clean,0,0,0.00,0,0
107,54,0,2.73,1,2.32,218421,Y4,0.24/noise-like,0.42/WATCH,0,9.369,hump-note,0,0,0.00,0,0
107,55,0,2.53,1,2.31,1403064,Y2,0.00/noise-like,0.00/noise-like,0,8.873,hump-note,0,0,0.00,0,0
107,56,0,3.46,1,2.59,826836,Y2,0.00/noise-like,0.00/noise-like,0,7.957,hump-note,0,0,0.00,0,0
107,57,0,0,-1,0,0,-,,,14,6.789,QUARANTINE:dark-lane range=56 distinct=56,0,0,0.00,0,0
107,58,0,0,-1,0,0,-,,,0,5.730,QUARANTINE:dark-lane range=52 distinct=52,0,0,0.00,0,0
107,59,0,0,-1,0,0,-,,,0,4.888,QUARANTINE:dark-lane range=45 distinct=44,0,0,0.00,0,0
107,60,0,0,-1,0,0,-,,,0,4.168,QUARANTINE:dark-lane range=37 distinct=38,0,0,0.00,0,0
107,61,0,0,-1,0,0,-,,,0,3.557,QUARANTINE:dark-lane range=31 distinct=31,0,0,0.00,0,0
107,62,0,0,-1,0,0,-,,,0,2.958,QUARANTINE:dark-lane range=25 distinct=26,0,0,0.00,0,0
107,63,0,0,-1,0,0,-,,,0,2.404,QUARANTINE:dark-lane range=22 distinct=23,0,0,0.00,0,0
108,0,0,1.44,297,2.43,1425147,Y2,,,0,20.737,clean,0,0,0.00,0,0
108,1,0,1.39,204,2.30,191152,Y4,,,0,19.613,clean,0,0,0.00,0,0
108,2,0,1.54,1,2.66,1462698,Y4,,,0,18.609,clean,0,0,0.00,0,0
108,3,0,1.50,1,2.80,267684,Y2,,,0,18.027,clean,0,0,0.00,0,0
108,4,0,1.38,1381,2.36,1183033,Y2,,,0,17.868,clean,0,0,0.00,0,0
108,5,0,1.60,1,2.35,1170158,Y2,,,0,18.081,clean,0,0,0.00,0,0
108,6,0,1.63,1478,2.26,80287,Y4,,,0,17.981,clean,0,0,0.00,0,0
108,7,0,1.88,1,2.42,999302,Y2,,,1,17.489,clean,0,0,0.00,0,0
108,8,0,1.36,419,2.33,352979,Y2,,,0,16.774,clean,0,0,0.00,0,0
108,9,0,1.58,1,2.45,581145,Y4,,,0,16.246,clean,0,0,0.00,0,0
108,10,0,1.45,1252,2.29,373363,Y2,,,0,16.277,clean,0,0,0.00,0,0
108,11,0,1.55,1,2.25,1121610,Y4,,,0,16.631,clean,0,0,0.00,0,0
108,12,0,1.48,1,2.21,939757,Y2,,,0,16.855,clean,0,0,0.00,0,0
108,13,0,1.43,1,2.32,1076728,Y2,,,0,16.705,clean,0,0,0.00,0,0
108,14,0,1.69,1,2.62,391692,Y2,,,0,16.249,clean,0,0,0.00,0,0
108,15,0,1.63,1,2.44,404119,Y2,,,0,15.907,clean,0,0,0.00,0,0
108,16,0,1.77,1,2.31,1106054,Y2,,,0,16.188,clean,0,0,0.00,0,0
108,17,0,1.41,1400,2.36,1392156,Y4,,,0,16.871,clean,0,0,0.00,0,0
108,18,0,1.61,735,2.34,112653,Y2,,,0,19.253,clean,0,0,0.00,0,0
108,19,0,1.54,1,2.53,473589,Y4,,,0,17.225,clean,0,0,0.00,0,0
108,20,0,1.36,370,2.38,249624,Y4,,,0,16.382,clean,0,0,0.00,0,0
108,21,0,1.38,1392,2.37,38177,Y2,,,0,15.656,clean,0,0,0.00,0,0
108,22,0,1.87,1,2.39,1248926,Y2,,,0,15.420,clean,0,0,0.00,0,0
108,23,0,1.62,1,2.68,772744,Y2,,,0,15.778,clean,0,0,0.00,0,0
108,24,0,1.72,1,2.56,328034,Y4,,,0,16.139,clean,0,0,0.00,0,0
108,25,0,2.11,204,8.59,4023,Y4,0.00/noise-like,0.00/noise-like,8,16.033,FAM-HIT,0,0,0.00,0,0
108,26,0,1.67,1,2.36,468314,Y2,,,0,15.413,clean,0,0,0.00,0,0
108,27,0,1.82,1,2.43,627369,Y2,,,0,14.967,clean,0,0,0.00,0,0
108,28,0,1.58,1,2.99,8404,Y4,,,0,14.457,clean,0,0,0.00,0,0
108,29,0,1.54,1,2.45,185430,Y2,,,0,14.685,clean,0,0,0.00,0,0
108,30,0,1.72,1,2.25,74208,Y2,,,0,15.008,clean,0,0,0.00,0,0
108,31,0,1.88,1,2.50,71704,Y4,,,0,14.975,clean,0,0,0.00,0,0
108,32,0,1.37,1408,2.58,1090050,Y2,,,0,14.423,clean,0,0,0.00,0,0
108,33,0,1.59,1,2.44,371754,Y2,,,0,13.816,clean,0,0,0.00,0,0
108,34,0,1.60,1,2.89,44793,Y2,,,0,13.659,clean,0,0,0.00,0,0
108,35,0,1.65,1,2.83,814855,Y4,,,0,14.024,clean,0,0,0.00,0,0
108,36,0,1.38,452,2.48,33885,Y2,,,0,14.546,clean,0,0,0.00,0,0
108,37,0,1.72,1,2.31,1096576,Y2,,,0,14.700,clean,0,0,0.00,0,0
108,38,0,1.82,1,2.45,877887,Y4,,,0,14.186,clean,0,0,0.00,0,0
108,39,0,1.70,1,2.35,211090,Y4,,,0,13.509,clean,0,0,0.00,0,0
108,40,0,1.88,1,2.46,1083612,Y2,,,0,13.181,clean,0,0,0.00,0,0
108,41,0,1.98,1,2.30,209212,Y2,,,0,13.405,clean,0,0,0.00,0,0
108,42,0,1.67,1,2.31,177205,Y4,,,0,13.886,clean,0,0,0.00,0,0
108,43,0,1.83,1,2.61,48280,Y4,,,0,14.141,clean,0,0,0.00,0,0
108,44,0,1.57,1,2.26,767380,Y2,,,0,13.622,clean,0,0,0.00,0,0
108,45,0,1.74,1,2.33,1249462,Y4,,,0,12.809,clean,0,0,0.00,0,0
108,46,0,1.91,1,2.50,456870,Y4,,,0,12.276,clean,0,0,0.00,0,0
108,47,0,2.02,1,2.55,1231402,Y2,,,0,12.141,clean,0,0,0.00,0,0
108,48,0,1.54,1,2.37,1242489,Y2,,,0,12.345,clean,0,0,0.00,0,0
108,49,0,1.94,1,2.73,321954,Y4,,,0,12.437,clean,0,0,0.00,0,0
108,50,0,1.63,1,2.35,387758,Y2,,,0,11.951,clean,0,0,0.00,0,0
108,51,0,1.99,1,2.40,1154512,Y2,,,0,11.107,clean,0,0,0.00,0,0
108,52,0,2.70,1,2.34,1314819,Y2,0.24/noise-like,0.00/noise-like,0,10.289,hump-note,0,0,0.00,0,0
108,53,0,2.21,1,2.36,892282,Y2,,,0,9.730,clean,0,0,0.00,0,0
108,54,0,2.57,1,2.51,598222,Y4,0.00/noise-like,0.24/noise-like,0,9.369,hump-note,0,0,0.00,0,0
108,55,0,2.86,1,2.44,120878,Y2,0.00/noise-like,0.24/noise-like,0,8.872,hump-note,0,0,0.00,0,0
108,56,0,3.03,1,2.40,19938,Y4,0.24/noise-like,0.00/noise-like,0,7.964,hump-note,0,0,0.00,0,0
108,57,0,0,-1,0,0,-,,,26,6.833,QUARANTINE:dark-lane range=55 distinct=55,0,0,0.00,0,0
108,58,0,0,-1,0,0,-,,,0,5.723,QUARANTINE:dark-lane range=49 distinct=49,0,0,0.00,0,0
108,59,0,0,-1,0,0,-,,,0,4.876,QUARANTINE:dark-lane range=42 distinct=42,0,0,0.00,0,0
108,60,0,0,-1,0,0,-,,,0,4.173,QUARANTINE:dark-lane range=37 distinct=38,0,0,0.00,0,0
108,61,0,0,-1,0,0,-,,,0,3.561,QUARANTINE:dark-lane range=31 distinct=32,0,0,0.00,0,0
108,62,0,0,-1,0,0,-,,,0,2.955,QUARANTINE:dark-lane range=25 distinct=26,0,0,0.00,0,0
108,63,0,0,-1,0,0,-,,,0,2.405,QUARANTINE:dark-lane range=20 distinct=21,0,0,0.00,0,0
109,0,0,1.43,1297,2.40,110775,Y2,,,0,20.742,clean,0,0,0.00,0,0
109,1,0,1.38,1,2.33,1315355,Y4,,,0,19.596,clean,0,0,0.00,0,0
109,2,0,1.38,1,2.45,1233816,Y4,,,0,18.526,clean,0,0,0.00,0,0
109,3,0,1.38,1,2.39,772476,Y4,,,0,17.968,clean,0,0,0.00,0,0
109,4,0,1.36,1,2.49,741899,Y2,,,0,17.849,clean,0,0,0.00,0,0
109,5,0,1.56,1,2.78,273764,Y4,,,0,18.049,clean,0,0,0.00,0,0
109,6,0,1.35,366,2.42,1389205,Y2,,,0,17.998,clean,0,0,0.00,0,0
109,7,0,1.44,1,2.58,842839,Y4,,,0,17.434,clean,0,0,0.00,0,0
109,8,0,1.59,1,2.31,423878,Y2,,,0,16.745,clean,0,0,0.00,0,0
109,9,0,1.78,1,2.33,1224250,Y4,,,0,16.244,clean,0,0,0.00,0,0
109,10,0,1.87,1,2.43,670999,Y4,,,0,16.235,clean,0,0,0.00,0,0
109,11,0,1.38,1,2.44,163436,Y2,,,0,16.636,clean,0,0,0.00,0,0
109,12,0,1.51,1,2.38,546902,Y2,,,0,16.889,clean,0,0,0.00,0,0
109,13,0,1.55,1,2.49,327855,Y2,,,0,16.723,clean,0,0,0.00,0,0
109,14,0,1.34,1305,2.41,477076,Y4,,,0,16.234,clean,0,0,0.00,0,0
109,15,0,1.59,1,2.41,1455456,Y2,,,0,15.911,clean,0,0,0.00,0,0
109,16,0,1.57,1,2.42,542343,Y4,,,0,16.172,clean,0,0,0.00,0,0
109,17,0,1.71,1,2.42,353247,Y4,,,0,16.871,clean,0,0,0.00,0,0
109,18,0,1.75,617,2.35,792950,Y2,,,0,19.206,clean,0,0,0.00,0,0
109,19,0,1.43,1,2.50,883251,Y4,,,0,17.257,clean,0,0,0.00,0,0
109,20,0,1.51,1,2.35,1088977,Y2,,,0,16.371,clean,0,0,0.00,0,0
109,21,0,1.46,1,2.32,398397,Y4,,,0,15.651,clean,0,0,0.00,0,0
109,22,0,1.70,1,2.34,481993,Y2,,,0,15.412,clean,0,0,0.00,0,0
109,23,0,1.61,1,2.34,912845,Y2,,,0,15.739,clean,0,0,0.00,0,0
109,24,0,1.71,1,2.28,11176,Y2,,,0,16.122,clean,0,0,0.00,0,0
109,25,0,2.04,204,4.10,1699,Y4,0.24/noise-like,0.24/noise-like,4,16.024,FAM-HIT,0,0,0.00,0,0
109,26,0,1.43,1,2.47,204206,Y2,,,0,15.380,clean,0,0,0.00,0,0
109,27,0,1.77,1,2.36,423431,Y2,,,0,14.959,clean,0,0,0.00,0,0
109,28,0,1.62,1,2.34,1056969,Y2,,,0,14.466,clean,0,0,0.00,0,0
109,29,0,1.67,1,2.38,178814,Y4,,,0,14.694,clean,0,0,0.00,0,0
109,30,0,1.70,1,2.23,734210,Y4,,,0,15.018,clean,0,0,0.00,0,0
109,31,0,1.80,1,2.40,184804,Y2,,,0,14.994,clean,0,0,0.00,0,0
109,32,0,1.33,964,2.39,1365513,Y2,,,0,14.385,clean,0,0,0.00,0,0
109,33,0,1.78,1,2.73,508636,Y4,,,0,13.816,clean,0,0,0.00,0,0
109,34,0,1.80,1,2.46,570685,Y4,,,0,13.640,clean,0,0,0.00,0,0
109,35,0,1.60,1,2.34,1335025,Y2,,,0,14.039,clean,0,0,0.00,0,0
109,36,0,1.75,1,2.37,1120269,Y2,,,0,14.534,clean,0,0,0.00,0,0
109,37,0,1.75,1,2.52,113815,Y4,,,0,14.667,clean,0,0,0.00,0,0
109,38,0,1.81,1,2.34,1249105,Y2,,,0,14.163,clean,0,0,0.00,0,0
109,39,0,1.68,1,2.21,218153,Y2,,,0,13.524,clean,0,0,0.00,0,0
109,40,0,1.75,1,2.84,80824,Y2,,,0,13.216,clean,0,0,0.00,0,0
109,41,0,1.72,1,2.68,664920,Y2,,,0,13.427,clean,0,0,0.00,0,0
109,42,0,1.50,1,2.41,813246,Y4,,,0,13.895,clean,0,0,0.00,0,0
109,43,0,1.76,1,2.41,7600,Y2,,,0,14.129,clean,0,0,0.00,0,0
109,44,0,1.63,1,2.38,320166,Y2,,,0,13.612,clean,0,0,0.00,0,0
109,45,0,2.03,1,2.39,386149,Y2,,,0,12.817,clean,0,0,0.00,0,0
109,46,0,1.74,1,2.32,970870,Y4,,,0,12.250,clean,0,0,0.00,0,0
109,47,0,2.06,1,2.32,595003,Y2,,,0,12.138,clean,0,0,0.00,0,0
109,48,0,1.66,1,2.31,684142,Y2,,,0,12.333,clean,0,0,0.00,0,0
109,49,0,1.92,1,2.37,20474,Y2,,,0,12.437,clean,0,0,0.00,0,0
109,50,0,2.00,1,2.45,590891,Y2,,,0,11.952,clean,0,0,0.00,0,0
109,51,0,2.12,1,2.30,1384199,Y2,,,0,11.077,clean,0,0,0.00,0,0
109,52,0,2.34,1,2.34,882268,Y4,,,0,10.305,clean,0,0,0.00,0,0
109,53,0,2.64,1,2.32,716865,Y2,0.00/noise-like,0.00/noise-like,0,9.743,hump-note,0,0,0.00,0,0
109,54,0,2.65,1,2.31,83596,Y4,0.00/noise-like,0.00/noise-like,0,9.383,hump-note,0,0,0.00,0,0
109,55,0,2.41,1,2.34,1286745,Y4,,,0,8.871,clean,0,0,0.00,0,0
109,56,0,3.20,1,2.56,115156,Y2,0.00/noise-like,0.00/noise-like,0,7.959,hump-note,0,0,0.00,0,0
109,57,0,0,-1,0,0,-,,,8,6.802,QUARANTINE:dark-lane range=62 distinct=59,0,0,0.00,0,0
109,58,0,0,-1,0,0,-,,,0,5.737,QUARANTINE:dark-lane range=53 distinct=51,0,0,0.00,0,0
109,59,0,0,-1,0,0,-,,,0,4.879,QUARANTINE:dark-lane range=44 distinct=44,0,0,0.00,0,0
109,60,0,0,-1,0,0,-,,,0,4.172,QUARANTINE:dark-lane range=36 distinct=37,0,0,0.00,0,0
109,61,0,0,-1,0,0,-,,,0,3.562,QUARANTINE:dark-lane range=30 distinct=31,0,0,0.00,0,0
109,62,0,0,-1,0,0,-,,,0,2.954,QUARANTINE:dark-lane range=28 distinct=28,0,0,0.00,0,0
109,63,0,0,-1,0,0,-,,,0,2.406,QUARANTINE:dark-lane range=20 distinct=21,0,0,0.00,0,0
110,0,0,1.40,784,2.47,210285,Y4,,,0,20.726,clean,0,0,0.00,0,0
110,1,0,1.39,974,2.52,22978,Y2,,,0,19.597,clean,0,0,0.00,0,0
110,2,0,1.63,1,2.69,1267433,Y2,,,0,18.557,clean,0,0,0.00,0,0
110,3,0,1.42,1281,2.61,824958,Y4,,,0,17.983,clean,0,0,0.00,0,0
110,4,0,1.54,1,2.67,465453,Y2,,,0,17.848,clean,0,0,0.00,0,0
110,5,0,1.47,1,2.41,862420,Y2,,,0,18.062,clean,0,0,0.00,0,0
110,6,0,1.50,1,2.38,932693,Y2,,,0,17.974,clean,0,0,0.00,0,0
110,7,0,1.35,750,2.31,708103,Y4,,,0,17.412,clean,0,0,0.00,0,0
110,8,0,1.53,1,2.41,217706,Y2,,,0,16.756,clean,0,0,0.00,0,0
110,9,0,1.55,1,2.66,7421,Y2,,,0,16.216,clean,0,0,0.00,0,0
110,10,0,1.47,1,2.35,364691,Y4,,,0,16.216,clean,0,0,0.00,0,0
110,11,0,1.51,1,2.38,5186,Y4,,,0,16.623,clean,0,0,0.00,0,0
110,12,0,1.46,1,2.58,1400471,Y4,,,0,16.871,clean,0,0,0.00,0,0
110,13,0,1.66,1,2.42,769883,Y2,,,0,16.732,clean,0,0,0.00,0,0
110,14,0,1.59,1,2.35,145555,Y4,,,0,16.232,clean,0,0,0.00,0,0
110,15,0,1.58,1,2.37,386238,Y4,,,0,15.932,clean,0,0,0.00,0,0
110,16,0,1.35,29,2.33,538766,Y2,,,0,16.222,clean,0,0,0.00,0,0
110,17,0,1.63,1,2.28,1250446,Y2,,,0,16.855,clean,0,0,0.00,0,0
110,18,0,1.72,588,2.38,209481,Y2,,,0,19.204,clean,0,0,0.00,0,0
110,19,0,1.67,1,2.31,1013517,Y4,,,0,17.237,clean,0,0,0.00,0,0
110,20,0,1.57,1,2.43,117302,Y4,,,0,16.374,clean,0,0,0.00,0,0
110,21,0,1.58,1,2.33,732332,Y2,,,0,15.621,clean,0,0,0.00,0,0
110,22,0,1.66,1,2.48,677884,Y4,,,0,15.391,clean,0,0,0.00,0,0
110,23,0,1.40,242,2.22,806808,Y4,,,0,15.786,clean,0,0,0.00,0,0
110,24,0,1.45,1,2.34,49174,Y2,,,0,16.130,clean,0,0,0.00,0,0
110,25,0,2.14,204,2.51,27090,Y2,,,0,15.996,clean,0,0,0.00,0,0
110,26,0,1.45,1,2.59,232905,Y4,,,0,15.414,clean,0,0,0.00,0,0
110,27,0,1.68,1,2.30,988483,Y4,,,0,14.960,clean,0,0,0.00,0,0
110,28,0,1.44,1,2.32,367373,Y4,,,0,14.451,clean,0,0,0.00,0,0
110,29,0,1.37,1,2.74,807256,Y2,,,0,14.692,clean,0,0,0.00,0,0
110,30,0,1.79,1,2.36,20117,Y2,,,0,15.026,clean,0,0,0.00,0,0
110,31,0,1.72,1,2.42,423968,Y4,,,0,14.954,clean,0,0,0.00,0,0
110,32,0,1.36,187,2.31,1154959,Y4,,,0,14.422,clean,0,0,0.00,0,0
110,33,0,1.91,1,2.42,1004219,Y4,,,0,13.785,clean,0,0,0.00,0,0
110,34,0,1.66,1,2.43,996172,Y4,,,0,13.641,clean,0,0,0.00,0,0
110,35,0,1.59,1,2.47,427544,Y2,,,0,14.009,clean,0,0,0.00,0,0
110,36,0,1.82,1,2.65,381321,Y2,,,0,14.517,clean,0,0,0.00,0,0
110,37,0,1.95,1,2.49,753164,Y4,,,0,14.659,clean,0,0,0.00,0,0
110,38,0,1.53,1,2.74,608325,Y4,,,0,14.190,clean,0,0,0.00,0,0
110,39,0,1.81,1,2.42,655532,Y2,,,0,13.536,clean,0,0,0.00,0,0
110,40,0,1.92,1,2.29,27180,Y4,,,0,13.223,clean,0,0,0.00,0,0
110,41,0,1.99,1,2.28,996888,Y4,,,0,13.396,clean,0,0,0.00,0,0
110,42,0,1.74,1,2.26,148058,Y4,,,0,13.901,clean,0,0,0.00,0,0
110,43,0,1.42,1,2.25,552982,Y4,,,0,14.143,clean,0,0,0.00,0,0
110,44,0,1.70,1,2.35,822812,Y4,,,0,13.606,clean,0,0,0.00,0,0
110,45,0,1.91,1,2.51,17613,Y2,,,0,12.790,clean,0,0,0.00,0,0
110,46,0,1.83,1,2.30,1111597,Y2,,,0,12.261,clean,0,0,0.00,0,0
110,47,0,2.11,1,2.35,322938,Y4,,,0,12.162,clean,0,0,0.00,0,0
110,48,0,1.90,1,2.37,1270384,Y4,,,0,12.361,clean,0,0,0.00,0,0
110,49,0,2.10,1,2.35,482798,Y2,,,0,12.432,clean,0,0,0.00,0,0
110,50,0,1.81,1,2.49,310957,Y4,,,0,11.972,clean,0,0,0.00,0,0
110,51,0,2.37,1,2.37,718653,Y4,,,0,11.090,clean,0,0,0.00,0,0
110,52,0,2.50,1,2.53,74208,Y4,0.00/noise-like,0.24/noise-like,0,10.299,hump-note,0,0,0.00,0,0
110,53,0,2.44,1,2.46,360668,Y2,,,0,9.744,clean,0,0,0.00,0,0
110,54,0,2.30,1,2.41,409484,Y4,,,0,9.355,clean,0,0,0.00,0,0
110,55,0,2.52,1,2.45,314623,Y4,0.00/noise-like,0.00/noise-like,0,8.865,hump-note,0,0,0.00,0,0
110,56,0,3.08,1,2.35,70184,Y4,0.00/noise-like,0.00/noise-like,0,7.964,hump-note,0,0,0.00,0,0
110,57,0,0,-1,0,0,-,,,0,6.785,QUARANTINE:dark-lane range=57 distinct=58,0,0,0.00,0,0
110,58,0,0,-1,0,0,-,,,0,5.741,QUARANTINE:dark-lane range=48 distinct=49,0,0,0.00,0,0
110,59,0,0,-1,0,0,-,,,0,4.870,QUARANTINE:dark-lane range=42 distinct=42,0,0,0.00,0,0
110,60,0,0,-1,0,0,-,,,0,4.161,QUARANTINE:dark-lane range=35 distinct=36,0,0,0.00,0,0
110,61,0,0,-1,0,0,-,,,0,3.555,QUARANTINE:dark-lane range=31 distinct=32,0,0,0.00,0,0
110,62,0,0,-1,0,0,-,,,0,2.960,QUARANTINE:dark-lane range=26 distinct=26,0,0,0.00,0,0
110,63,0,0,-1,0,0,-,,,0,2.412,QUARANTINE:dark-lane range=22 distinct=23,0,0,0.00,0,0
111,0,0,1.36,938,2.54,1203418,Y2,,,0,20.724,clean,0,0,0.00,0,0
111,1,0,1.63,1,2.37,295579,Y4,,,0,19.600,clean,0,0,0.00,0,0
111,2,0,1.39,1241,2.36,1030326,Y2,,,0,18.568,clean,0,0,0.00,0,0
111,3,0,1.53,1,2.47,471175,Y4,,,0,17.946,clean,0,0,0.00,0,0
111,4,0,1.60,1,2.56,679851,Y2,,,0,17.863,clean,0,0,0.00,0,0
111,5,0,1.62,1,2.40,40680,Y2,,,0,18.026,clean,0,0,0.00,0,0
111,6,0,1.39,1191,2.32,725001,Y2,,,0,17.974,clean,0,0,0.00,0,0
111,7,0,1.34,739,2.35,622183,Y2,,,0,17.438,clean,0,0,0.00,0,0
111,8,0,1.57,1,2.50,360221,Y2,,,0,16.752,clean,0,0,0.00,0,0
111,9,0,1.48,1,2.51,103176,Y2,,,0,16.203,clean,0,0,0.00,0,0
111,10,0,1.45,1,2.35,1045525,Y4,,,0,16.260,clean,0,0,0.00,0,0
111,11,0,1.45,1,2.41,1151294,Y2,,,0,16.626,clean,0,0,0.00,0,0
111,12,0,1.65,1,2.46,1021117,Y4,,,0,16.879,clean,0,0,0.00,0,0
111,13,0,1.54,1,2.29,1005471,Y2,,,0,16.703,clean,0,0,0.00,0,0
111,14,0,1.56,1,2.38,796080,Y2,,,0,16.244,clean,0,0,0.00,0,0
111,15,0,1.44,1,2.34,383466,Y4,,,0,15.890,clean,0,0,0.00,0,0
111,16,0,1.62,1,2.40,1054555,Y2,,,0,16.202,clean,0,0,0.00,0,0
111,17,0,1.67,1,2.28,255167,Y2,,,0,16.870,clean,0,0,0.00,0,0
111,18,0,1.56,664,2.37,147790,Y2,,,0,19.179,clean,0,0,0.00,0,0
111,19,0,1.46,1,2.36,648737,Y4,,,0,17.236,clean,0,0,0.00,0,0
111,20,0,1.46,1,2.50,100315,Y2,,,0,16.371,clean,0,0,0.00,0,0
111,21,0,1.61,1,2.50,412345,Y4,,,0,15.647,clean,0,0,0.00,0,0
111,22,0,1.49,1,2.42,1076639,Y4,,,0,15.385,clean,0,0,0.00,0,0
111,23,0,1.54,1,2.23,900686,Y2,,,0,15.736,clean,0,0,0.00,0,0
111,24,0,1.49,1,2.45,162005,Y4,,,0,16.140,clean,0,0,0.00,0,0
111,25,0,2.31,204,2.36,603855,Y2,,,0,16.004,clean,0,0,0.00,0,0
111,26,0,1.65,1,2.46,1406461,Y2,,,0,15.415,clean,0,0,0.00,0,0
111,27,0,1.79,615,2.40,541449,Y2,,,0,14.950,clean,0,0,0.00,0,0
111,28,0,1.58,1,2.43,182301,Y4,,,0,14.476,clean,0,0,0.00,0,0
111,29,0,1.64,1,2.55,762999,Y4,,,0,14.676,clean,0,0,0.00,0,0
111,30,0,1.73,1,2.43,681102,Y2,,,0,15.010,clean,0,0,0.00,0,0
111,31,0,1.56,1,2.47,874579,Y4,,,0,14.973,clean,0,0,0.00,0,0
111,32,0,1.35,158,2.40,679940,Y2,,,0,14.418,clean,0,0,0.00,0,0
111,33,0,1.63,1,2.35,986069,Y2,,,0,13.791,clean,0,0,0.00,0,0
111,34,0,1.65,1,2.41,561565,Y4,,,0,13.614,clean,0,0,0.00,0,0
111,35,0,1.61,1,2.28,1157910,Y2,,,0,14.001,clean,0,0,0.00,0,0
111,36,0,1.90,1,2.33,1277804,Y2,,,0,14.535,clean,0,0,0.00,0,0
111,37,0,1.82,1,2.34,76175,Y4,,,0,14.675,clean,0,0,0.00,0,0
111,38,0,1.63,1,2.60,1182318,Y4,,,0,14.187,clean,0,0,0.00,0,0
111,39,0,1.84,1,2.31,411361,Y2,,,0,13.494,clean,0,0,0.00,0,0
111,40,0,1.68,1,2.36,1087010,Y2,,,0,13.203,clean,0,0,0.00,0,0
111,41,0,1.93,1,2.61,399113,Y4,,,0,13.406,clean,0,0,0.00,0,0
111,42,0,1.88,1,2.42,894070,Y2,,,0,13.885,clean,0,0,0.00,0,0
111,43,0,1.59,1,2.37,323206,Y2,,,0,14.111,clean,0,0,0.00,0,0
111,44,0,1.82,1,2.52,76711,Y4,,,0,13.609,clean,0,0,0.00,0,0
111,45,0,1.71,1,2.47,282526,Y2,,,0,12.794,clean,0,0,0.00,0,0
111,46,0,2.03,1,2.46,1103461,Y4,,,0,12.255,clean,0,0,0.00,0,0
111,47,0,1.83,1,2.29,775248,Y4,,,0,12.141,clean,0,0,0.00,0,0
111,48,0,1.93,1,2.28,83059,Y2,,,0,12.337,clean,0,0,0.00,0,0
111,49,0,1.90,1,2.35,137776,Y4,,,0,12.440,clean,0,0,0.00,0,0
111,50,0,1.90,1,2.41,40948,Y2,,,0,11.928,clean,0,0,0.00,0,0
111,51,0,1.95,1,2.78,297904,Y4,,,0,11.092,clean,0,0,0.00,0,0
111,52,0,2.25,1,2.42,1380801,Y2,,,0,10.297,clean,0,0,0.00,0,0
111,53,0,2.50,1,2.60,215560,Y2,,,0,9.736,clean,0,0,0.00,0,0
111,54,0,2.23,1,2.55,78231,Y4,,,0,9.365,clean,0,0,0.00,0,0
111,55,0,2.87,1,2.58,226557,Y4,0.00/noise-like,0.00/noise-like,0,8.859,hump-note,0,0,0.00,0,0
111,56,0,3.13,1,2.55,144124,Y4,0.00/noise-like,0.00/noise-like,0,7.968,hump-note,0,0,0.00,0,0
111,57,0,0,-1,0,0,-,,,0,6.793,QUARANTINE:dark-lane range=60 distinct=58,0,0,0.00,0,0
111,58,0,0,-1,0,0,-,,,0,5.724,QUARANTINE:dark-lane range=49 distinct=50,0,0,0.00,0,0
111,59,0,0,-1,0,0,-,,,0,4.874,QUARANTINE:dark-lane range=44 distinct=42,0,0,0.00,0,0
111,60,0,0,-1,0,0,-,,,0,4.173,QUARANTINE:dark-lane range=37 distinct=38,0,0,0.00,0,0
111,61,0,0,-1,0,0,-,,,0,3.565,QUARANTINE:dark-lane range=32 distinct=32,0,0,0.00,0,0
111,62,0,0,-1,0,0,-,,,0,2.958,QUARANTINE:dark-lane range=26 distinct=27,0,0,0.00,0,0
111,63,0,0,-1,0,0,-,,,0,2.407,QUARANTINE:dark-lane range=20 distinct=21,0,0,0.00,0,0
112,0,0,1.33,1262,2.39,736356,Y2,,,0,20.705,clean,0,0,0.00,0,0
112,1,0,1.40,1047,2.29,156373,Y2,,,0,19.551,clean,0,0,0.00,0,0
112,2,0,1.45,1643,2.42,744045,Y4,,,0,18.541,clean,0,0,0.00,0,0
112,3,0,1.52,1,2.27,606716,Y4,,,0,17.972,clean,0,0,0.00,0,0
112,4,0,1.39,1,2.57,1240075,Y2,,,0,17.859,clean,0,0,0.00,0,0
112,5,0,1.39,1,2.59,1352370,Y4,,,0,18.052,clean,0,0,0.00,0,0
112,6,0,1.46,1,2.37,1227558,Y4,,,0,18.016,clean,0,0,0.00,0,0
112,7,0,1.42,1,2.52,49084,Y2,,,0,17.437,clean,0,0,0.00,0,0
112,8,0,1.35,477,2.38,1316518,Y4,,,0,16.714,clean,0,0,0.00,0,0
112,9,0,1.60,1,2.41,633895,Y2,,,0,16.269,clean,0,0,0.00,0,0
112,10,0,1.58,1,2.34,467420,Y2,,,0,16.244,clean,0,0,0.00,0,0
112,11,0,1.38,778,2.31,707835,Y2,,,0,16.629,clean,0,0,0.00,0,0
112,12,0,1.65,1,2.45,170141,Y2,,,0,16.902,clean,0,0,0.00,0,0
112,13,0,1.55,1,2.54,872791,Y4,,,0,16.726,clean,0,0,0.00,0,0
112,14,0,1.62,1,2.40,1003772,Y2,,,0,16.200,clean,0,0,0.00,0,0
112,15,0,1.59,1,2.26,1113653,Y4,,,0,15.895,clean,0,0,0.00,0,0
112,16,0,1.52,1,2.48,4292,Y2,,,0,16.192,clean,0,0,0.00,0,0
112,17,0,1.68,1,2.28,309527,Y2,,,0,16.854,clean,0,0,0.00,0,0
112,18,0,1.67,706,2.56,945479,Y4,,,0,19.210,clean,0,0,0.00,0,0
112,19,0,1.55,1,2.36,141263,Y2,,,0,17.251,clean,0,0,0.00,0,0
112,20,0,1.56,1,2.32,370950,Y2,,,0,16.355,clean,0,0,0.00,0,0
112,21,0,1.65,1,2.38,136614,Y4,,,0,15.670,clean,0,0,0.00,0,0
112,22,0,1.42,1,2.66,1101226,Y2,,,0,15.403,clean,0,0,0.00,0,0
112,23,0,1.78,1,2.75,75638,Y2,,,0,15.722,clean,0,0,0.00,0,0
112,24,0,1.36,933,2.44,888795,Y4,,,0,16.115,clean,0,0,0.00,0,0
112,25,0,1.91,204,2.49,72151,Y2,,,0,16.000,clean,0,0,0.00,0,0
112,26,0,1.51,1,2.46,82076,Y4,,,0,15.400,clean,0,0,0.00,0,0
112,27,0,1.89,1,2.58,748426,Y4,,,0,14.975,clean,0,0,0.00,0,0
112,28,0,1.54,1,2.39,134468,Y2,,,0,14.459,clean,0,0,0.00,0,0
112,29,0,1.52,1,2.43,492275,Y2,,,0,14.669,clean,0,0,0.00,0,0
112,30,0,1.79,1,2.44,310332,Y2,,,0,15.024,clean,0,0,0.00,0,0
112,31,0,1.66,1,2.34,824779,Y4,,,0,14.990,clean,0,0,0.00,0,0
112,32,0,1.34,1488,2.42,1037210,Y2,,,0,14.397,clean,0,0,0.00,0,0
112,33,0,1.66,1,2.30,670642,Y4,,,0,13.816,clean,0,0,0.00,0,0
112,34,0,1.96,1,2.38,988126,Y2,,,0,13.639,clean,0,0,0.00,0,0
112,35,0,1.67,1,2.40,1407802,Y2,,,0,13.996,clean,0,0,0.00,0,0
112,36,0,1.53,1,2.53,329912,Y2,,,0,14.564,clean,0,0,0.00,0,0
112,37,0,1.62,1,2.31,890136,Y2,,,0,14.678,clean,0,0,0.00,0,0
112,38,0,1.54,1,2.56,140548,Y2,,,0,14.180,clean,0,0,0.00,0,0
112,39,0,1.69,1,2.55,518829,Y4,,,0,13.519,clean,0,0,0.00,0,0
112,40,0,1.81,1,2.36,293970,Y4,,,0,13.219,clean,0,0,0.00,0,0
112,41,0,1.87,1,2.54,896484,Y2,,,0,13.424,clean,0,0,0.00,0,0
112,42,0,1.67,1,2.41,1447588,Y2,,,0,13.920,clean,0,0,0.00,0,0
112,43,0,1.56,1,2.66,324458,Y2,,,0,14.105,clean,0,0,0.00,0,0
112,44,0,1.59,1,2.40,1432747,Y4,,,0,13.609,clean,0,0,0.00,0,0
112,45,0,1.74,1,2.50,896037,Y2,,,0,12.800,clean,0,0,0.00,0,0
112,46,0,1.83,1,2.47,902563,Y2,,,0,12.261,clean,0,0,0.00,0,0
112,47,0,2.03,1,2.49,382751,Y4,,,0,12.135,clean,0,0,0.00,0,0
112,48,0,1.85,1,2.56,866622,Y4,,,0,12.338,clean,0,0,0.00,0,0
112,49,0,2.14,1,2.37,275999,Y2,,,0,12.423,clean,0,0,0.00,0,0
112,50,0,1.84,1,2.30,177652,Y4,,,0,11.910,clean,0,0,0.00,0,0
112,51,0,2.12,1,2.44,422984,Y4,,,0,11.104,clean,0,0,0.00,0,0
112,52,0,2.24,1,2.47,1023263,Y4,,,0,10.296,clean,0,0,0.00,0,0
112,53,0,2.44,1,2.58,892907,Y4,,,0,9.731,clean,0,0,0.00,0,0
112,54,0,2.78,1,2.29,1451790,Y4,0.00/noise-like,0.00/noise-like,0,9.373,hump-note,0,0,0.00,0,0
112,55,0,2.88,1,2.33,638813,Y2,0.24/noise-like,0.24/noise-like,0,8.867,hump-note,0,0,0.00,0,0
112,56,0,2.98,1,2.49,361294,Y4,0.00/noise-like,0.00/noise-like,0,7.958,hump-note,0,0,0.00,0,0
112,57,0,0,-1,0,0,-,,,0,6.781,QUARANTINE:dark-lane range=57 distinct=56,0,0,0.00,0,0
112,58,0,0,-1,0,0,-,,,0,5.736,QUARANTINE:dark-lane range=48 distinct=48,0,0,0.00,0,0
112,59,0,0,-1,0,0,-,,,0,4.882,QUARANTINE:dark-lane range=42 distinct=43,0,0,0.00,0,0
112,60,0,0,-1,0,0,-,,,0,4.164,QUARANTINE:dark-lane range=37 distinct=37,0,0,0.00,0,0
112,61,0,0,-1,0,0,-,,,0,3.561,QUARANTINE:dark-lane range=33 distinct=32,0,0,0.00,0,0
112,62,0,0,-1,0,0,-,,,0,2.964,QUARANTINE:dark-lane range=27 distinct=27,0,0,0.00,0,0
112,63,0,0,-1,0,0,-,,,0,2.402,QUARANTINE:dark-lane range=19 distinct=20,0,0,0.00,0,0
113,0,0,1.46,1,2.35,564516,Y4,,,0,20.743,clean,0,0,0.00,0,0
113,1,0,1.37,657,2.33,1167119,Y2,,,0,19.586,clean,0,0,0.00,0,0
113,2,0,1.35,1419,2.40,267059,Y4,,,0,18.577,clean,0,0,0.00,0,0
113,3,0,1.58,1,2.41,1152366,Y2,,,0,18.008,clean,0,0,0.00,0,0
113,4,0,1.53,1,2.46,250250,Y2,,,0,17.884,clean,0,0,0.00,0,0
113,5,0,1.36,265,2.38,915885,Y2,,,0,18.041,clean,0,0,0.00,0,0
113,6,0,1.52,1,2.31,1052141,Y4,,,0,17.954,clean,0,0,0.00,0,0
113,7,0,1.70,1,2.43,834346,Y2,,,0,17.450,clean,0,0,0.00,0,0
113,8,0,1.46,1,2.50,986785,Y2,,,0,16.736,clean,0,0,0.00,0,0
113,9,0,1.69,1,2.56,424057,Y2,,,0,16.258,clean,0,0,0.00,0,0
113,10,0,1.56,1,2.28,1369625,Y4,,,0,16.227,clean,0,0,0.00,0,0
113,11,0,1.53,1,2.51,715,Y4,,,0,16.662,clean,0,0,0.00,0,0
113,12,0,1.44,1330,2.53,941008,Y4,,,0,16.893,clean,0,0,0.00,0,0
113,13,0,1.38,179,2.40,1409590,Y2,,,0,16.712,clean,0,0,0.00,0,0
113,14,0,1.48,1,2.35,1377046,Y2,,,0,16.197,clean,0,0,0.00,0,0
113,15,0,1.55,1,2.32,106126,Y4,,,0,15.920,clean,0,0,0.00,0,0
113,16,0,1.42,1,2.41,349224,Y2,,,0,16.185,clean,0,0,0.00,0,0
113,17,0,1.34,637,2.45,250518,Y4,,,0,16.892,clean,0,0,0.00,0,0
113,18,0,1.62,805,2.34,766039,Y4,,,0,19.233,clean,0,0,0.00,0,0
113,19,0,1.55,1,2.31,480831,Y4,,,0,17.283,clean,0,0,0.00,0,0
113,20,0,1.81,1,2.61,601530,Y2,,,0,16.372,clean,0,0,0.00,0,0
113,21,0,1.47,1,2.43,941545,Y4,,,0,15.650,clean,0,0,0.00,0,0
113,22,0,1.44,1,2.40,999302,Y2,,,0,15.401,clean,0,0,0.00,0,0
113,23,0,1.64,1,2.42,988036,Y4,,,0,15.742,clean,0,0,0.00,0,0
113,24,0,1.39,1227,2.54,875652,Y2,,,0,16.152,clean,0,0,0.00,0,0
113,25,0,2.23,204,5.96,6706,Y4,0.00/noise-like,0.00/noise-like,5,16.009,FAM-HIT,0,0,0.00,0,0
113,26,0,1.53,1,2.70,22441,Y4,,,0,15.396,clean,0,0,0.00,0,0
113,27,0,1.69,625,2.47,1084596,Y4,,,0,15.005,clean,0,0,0.00,0,0
113,28,0,1.65,1,2.39,1201093,Y4,,,0,14.433,clean,0,0,0.00,0,0
113,29,0,1.66,1,2.53,1284868,Y4,,,0,14.690,clean,0,0,0.00,0,0
113,30,0,1.32,1,2.42,364065,Y2,,,0,15.021,clean,0,0,0.00,0,0
113,31,0,1.40,1,2.45,177205,Y4,,,0,14.974,clean,0,0,0.00,0,0
113,32,0,1.43,566,2.37,102013,Y2,,,0,14.425,clean,0,0,0.00,0,0
113,33,0,1.84,1,2.23,9209,Y4,,,0,13.794,clean,0,0,0.00,0,0
113,34,0,1.65,1,2.35,446588,Y2,,,0,13.641,clean,0,0,0.00,0,0
113,35,0,1.76,1,2.32,135541,Y2,,,0,13.998,clean,0,0,0.00,0,0
113,36,0,1.49,1,2.56,1082808,Y2,,,0,14.543,clean,0,0,0.00,0,0
113,37,0,1.82,1,2.35,38177,Y4,,,0,14.673,clean,0,0,0.00,0,0
113,38,0,1.73,1,2.38,1165599,Y4,,,0,14.175,clean,0,0,0.00,0,0
113,39,0,1.59,1,2.63,1103461,Y4,,,0,13.495,clean,0,0,0.00,0,0
113,40,0,1.95,1,2.46,912666,Y2,,,0,13.198,clean,0,0,0.00,0,0
113,41,0,1.58,1,2.27,1135468,Y2,,,0,13.415,clean,0,0,0.00,0,0
113,42,0,1.53,1,2.41,615478,Y4,,,0,13.900,clean,0,0,0.00,0,0
113,43,0,1.55,1,2.64,58025,Y2,,,0,14.129,clean,0,0,0.00,0,0
113,44,0,1.62,1,2.69,1174271,Y2,,,0,13.622,clean,0,0,0.00,0,0
113,45,0,1.61,1,2.70,1115710,Y2,,,0,12.784,clean,0,0,0.00,0,0
113,46,0,1.98,1,2.34,1225948,Y4,,,0,12.268,clean,0,0,0.00,0,0
113,47,0,1.88,1,2.49,1324475,Y4,,,0,12.143,clean,0,0,0.00,0,0
113,48,0,1.68,1,2.47,1464844,Y2,,,0,12.343,clean,0,0,0.00,0,0
113,49,0,2.14,1,2.36,1084149,Y4,,,0,12.431,clean,0,0,0.00,0,0
113,50,0,1.92,1,2.52,401348,Y4,,,0,11.972,clean,0,0,0.00,0,0
113,51,0,2.30,1,2.63,492096,Y2,,,0,11.085,clean,0,0,0.00,0,0
113,52,0,2.42,1,2.40,65804,Y2,,,0,10.286,clean,0,0,0.00,0,0
113,53,0,2.64,1,2.51,239253,Y2,0.00/noise-like,0.00/noise-like,0,9.751,hump-note,0,0,0.00,0,0
113,54,0,2.94,1,2.72,1213253,Y2,0.00/noise-like,0.00/noise-like,0,9.364,hump-note,0,0,0.00,0,0
113,55,0,2.49,1,2.21,380695,Y4,,,0,8.866,clean,0,0,0.00,0,0
113,56,0,2.89,1,2.40,1349062,Y2,0.00/noise-like,0.00/noise-like,0,7.954,hump-note,0,0,0.00,0,0
113,57,0,0,-1,0,0,-,,,11,6.807,QUARANTINE:dark-lane range=58 distinct=59,0,0,0.00,0,0
113,58,0,0,-1,0,0,-,,,0,5.732,QUARANTINE:dark-lane range=46 distinct=46,0,0,0.00,0,0
113,59,0,0,-1,0,0,-,,,0,4.889,QUARANTINE:dark-lane range=43 distinct=44,0,0,0.00,0,0
113,60,0,0,-1,0,0,-,,,0,4.167,QUARANTINE:dark-lane range=37 distinct=38,0,0,0.00,0,0
113,61,0,0,-1,0,0,-,,,0,3.566,QUARANTINE:dark-lane range=31 distinct=32,0,0,0.00,0,0
113,62,0,0,-1,0,0,-,,,0,2.959,QUARANTINE:dark-lane range=27 distinct=27,0,0,0.00,0,0
113,63,0,0,-1,0,0,-,,,0,2.405,QUARANTINE:dark-lane range=20 distinct=21,0,0,0.00,0,0
114,0,0,1.37,1,2.37,1464844,Y2,,,0,20.783,clean,0,0,0.00,0,0
114,1,0,1.56,1,2.30,814587,Y2,,,0,19.562,clean,0,0,0.00,0,0
114,2,0,1.41,1643,2.33,1383573,Y4,,,0,18.540,clean,0,0,0.00,0,0
114,3,0,1.36,1,2.53,69112,Y4,,,0,17.991,clean,0,0,0.00,0,0
114,4,0,1.36,412,2.35,725359,Y4,,,0,17.829,clean,0,0,0.00,0,0
114,5,0,1.38,1,2.31,1150310,Y4,,,0,18.059,clean,0,0,0.00,0,0
114,6,0,1.42,1,2.29,659913,Y2,,,0,17.980,clean,0,0,0.00,0,0
114,7,0,1.37,1512,2.35,426918,Y4,,,2,17.428,clean,0,0,0.00,0,0
114,8,0,1.67,1,2.35,131786,Y4,,,0,16.763,clean,0,0,0.00,0,0
114,9,0,1.70,1,2.39,438452,Y2,,,0,16.225,clean,0,0,0.00,0,0
114,10,0,1.54,1,2.61,676364,Y2,,,0,16.217,clean,0,0,0.00,0,0
114,11,0,1.66,1,2.49,80466,Y2,,,0,16.609,clean,0,0,0.00,0,0
114,12,0,1.41,318,2.40,216812,Y2,,,0,16.885,clean,0,0,0.00,0,0
114,13,0,1.53,1,2.54,523478,Y4,,,0,16.693,clean,0,0,0.00,0,0
114,14,0,1.45,1,2.33,1364708,Y2,,,0,16.174,clean,0,0,0.00,0,0
114,15,0,1.46,1,2.47,306755,Y4,,,0,15.930,clean,0,0,0.00,0,0
114,16,0,1.42,1,2.42,1063943,Y2,,,0,16.188,clean,0,0,0.00,0,0
114,17,0,1.57,1,2.83,47475,Y2,,,0,16.892,clean,0,0,0.00,0,0
114,18,0,1.61,681,2.41,791967,Y2,,,0,19.194,clean,0,0,0.00,0,0
114,19,0,1.32,1128,2.34,72062,Y2,,,0,17.261,clean,0,0,0.00,0,0
114,20,0,1.42,1,2.45,131786,Y4,,,0,16.348,clean,0,0,0.00,0,0
114,21,0,1.64,1,2.79,967920,Y4,,,0,15.648,clean,0,0,0.00,0,0
114,22,0,1.53,1,2.37,822186,Y2,,,0,15.382,clean,0,0,0.00,0,0
114,23,0,1.60,1,2.47,1150489,Y4,,,0,15.738,clean,0,0,0.00,0,0
114,24,0,1.62,1,2.52,323027,Y2,,,0,16.146,clean,0,0,0.00,0,0
114,25,0,1.88,204,4.77,1431,Y4,0.00/noise-like,0.00/noise-like,7,16.020,FAM-HIT,0,0,0.00,0,0
114,26,0,1.60,1,2.47,198662,Y2,,,0,15.400,clean,0,0,0.00,0,0
114,27,0,1.84,1,2.37,1139492,Y4,,,0,14.986,clean,0,0,0.00,0,0
114,28,0,1.83,1,2.42,190616,Y4,,,0,14.475,clean,0,0,0.00,0,0
114,29,0,1.62,1,2.40,1053840,Y4,,,0,14.692,clean,0,0,0.00,0,0
114,30,0,1.78,1,2.23,551105,Y4,,,0,15.021,clean,0,0,0.00,0,0
114,31,0,1.75,1,2.48,1407444,Y4,,,0,14.962,clean,0,0,0.00,0,0
114,32,0,1.32,483,2.69,90480,Y2,,,0,14.409,clean,0,0,0.00,0,0
114,33,0,1.56,1,2.25,934929,Y2,,,0,13.811,clean,0,0,0.00,0,0
114,34,0,1.62,1,2.36,751019,Y2,,,0,13.635,clean,0,0,0.00,0,0
114,35,0,1.63,1,2.46,900328,Y2,,,0,14.015,clean,0,0,0.00,0,0
114,36,0,1.60,1,2.71,56148,Y2,,,0,14.564,clean,0,0,0.00,0,0
114,37,0,1.86,1,2.32,416279,Y2,,,0,14.651,clean,0,0,0.00,0,0
114,38,0,1.60,1,2.52,617355,Y4,,,0,14.183,clean,0,0,0.00,0,0
114,39,0,1.73,1,2.33,1086742,Y2,,,0,13.521,clean,0,0,0.00,0,0
114,40,0,1.87,1,2.42,811011,Y2,,,0,13.197,clean,0,0,0.00,0,0
114,41,0,1.86,1,2.26,515074,Y2,,,0,13.415,clean,0,0,0.00,0,0
114,42,0,1.46,1,2.52,512749,Y4,,,0,13.893,clean,0,0,0.00,0,0
114,43,0,1.51,1,2.37,358969,Y4,,,0,14.118,clean,0,0,0.00,0,0
114,44,0,1.81,1,2.42,1372397,Y2,,,0,13.613,clean,0,0,0.00,0,0
114,45,0,1.83,1,2.39,561029,Y2,,,0,12.800,clean,0,0,0.00,0,0
114,46,0,1.84,1,2.44,999123,Y2,,,0,12.260,clean,0,0,0.00,0,0
114,47,0,2.12,1,2.14,195533,Y2,,,0,12.135,clean,0,0,0.00,0,0
114,48,0,1.60,1234,2.73,19938,Y2,,,0,12.336,clean,0,0,0.00,0,0
114,49,0,1.62,1,2.45,174075,Y4,,,0,12.425,clean,0,0,0.00,0,0
114,50,0,1.78,1,2.55,580609,Y4,,,0,11.933,clean,0,0,0.00,0,0
114,51,0,1.97,1,2.35,604928,Y4,,,0,11.075,clean,0,0,0.00,0,0
114,52,0,2.10,1,2.43,142336,Y2,,,0,10.305,clean,0,0,0.00,0,0
114,53,0,2.07,1,2.28,1455814,Y4,,,0,9.738,clean,0,0,0.00,0,0
114,54,0,2.58,1,2.42,1415581,Y2,0.00/noise-like,0.24/noise-like,0,9.356,hump-note,0,0,0.00,0,0
114,55,0,2.63,1,2.48,260532,Y2,0.00/noise-like,0.24/noise-like,0,8.857,hump-note,0,0,0.00,0,0
114,56,0,3.14,1,2.36,289679,Y4,0.00/noise-like,0.00/noise-like,0,7.960,hump-note,0,0,0.00,0,0
114,57,0,0,-1,0,0,-,,,18,6.810,QUARANTINE:dark-lane range=56 distinct=57,0,0,0.00,0,0
114,58,0,0,-1,0,0,-,,,0,5.740,QUARANTINE:dark-lane range=45 distinct=46,0,0,0.00,0,0
114,59,0,0,-1,0,0,-,,,0,4.878,QUARANTINE:dark-lane range=44 distinct=43,0,0,0.00,0,0
114,60,0,0,-1,0,0,-,,,0,4.167,QUARANTINE:dark-lane range=37 distinct=37,0,0,0.00,0,0
114,61,0,0,-1,0,0,-,,,0,3.562,QUARANTINE:dark-lane range=31 distinct=31,0,0,0.00,0,0
114,62,0,0,-1,0,0,-,,,0,2.951,QUARANTINE:dark-lane range=28 distinct=29,0,0,0.00,0,0
114,63,0,0,-1,0,0,-,,,0,2.402,QUARANTINE:dark-lane range=20 distinct=21,0,0,0.00,0,0
115,0,0,1.32,1432,2.42,156730,Y2,,,0,20.772,clean,0,0,0.00,0,0
115,1,0,1.43,1212,2.59,1132250,Y4,,,0,19.628,clean,0,0,0.00,0,0
115,2,0,1.34,548,2.37,946552,Y2,,,0,18.605,clean,0,0,0.00,0,0
115,3,0,1.41,1,2.27,458926,Y4,,,0,18.001,clean,0,0,0.00,0,0
115,4,0,1.61,1,2.39,827998,Y2,,,0,17.863,clean,0,0,0.00,0,0
115,5,0,1.41,1483,2.57,715524,Y2,,,0,18.061,clean,0,0,0.00,0,0
115,6,0,1.50,1,2.51,1114279,Y4,,,0,17.984,clean,0,0,0.00,0,0
115,7,0,1.49,1,2.40,213057,Y4,,,0,17.438,clean,0,0,0.00,0,0
115,8,0,1.65,1,2.33,271171,Y4,,,0,16.744,clean,0,0,0.00,0,0
115,9,0,1.72,1,2.51,102729,Y4,,,0,16.227,clean,0,0,0.00,0,0
115,10,0,1.82,1,2.47,1033276,Y2,,,0,16.241,clean,0,0,0.00,0,0
115,11,0,1.69,1,2.33,795454,Y4,,,0,16.643,clean,0,0,0.00,0,0
115,12,0,1.55,1,2.60,144035,Y2,,,0,16.898,clean,0,0,0.00,0,0
115,13,0,1.43,1,2.50,491649,Y2,,,0,16.684,clean,0,0,0.00,0,0
115,14,0,1.62,1,2.27,402063,Y2,,,0,16.207,clean,0,0,0.00,0,0
115,15,0,1.54,1,2.45,849277,Y2,,,0,15.908,clean,0,0,0.00,0,0
115,16,0,1.53,1,2.29,422716,Y4,,,0,16.211,clean,0,0,0.00,0,0
115,17,0,1.62,1,2.41,453562,Y4,,,0,16.884,clean,0,0,0.00,0,0
115,18,0,1.53,598,2.44,719905,Y4,,,0,19.218,clean,0,0,0.00,0,0
115,19,0,1.66,1,2.36,1319379,Y2,,,0,17.246,clean,0,0,0.00,0,0
115,20,0,1.51,1,2.64,250071,Y4,,,0,16.351,clean,0,0,0.00,0,0
115,21,0,1.47,1,2.35,353426,Y2,,,0,15.628,clean,0,0,0.00,0,0
115,22,0,1.76,1,2.36,1033187,Y4,,,0,15.417,clean,0,0,0.00,0,0
115,23,0,1.49,1,2.60,653297,Y2,,,0,15.730,clean,0,0,0.00,0,0
115,24,0,1.48,1,2.55,319898,Y2,,,0,16.138,clean,0,0,0.00,0,0
115,25,0,1.98,204,2.56,948519,Y4,,,1,16.021,clean,0,0,0.00,0,0
115,26,0,1.61,1,2.49,162452,Y2,,,0,15.369,clean,0,0,0.00,0,0
115,27,0,1.64,1,2.46,393480,Y4,,,0,14.973,clean,0,0,0.00,0,0
115,28,0,1.53,1,2.32,1086116,Y4,,,0,14.464,clean,0,0,0.00,0,0
115,29,0,1.54,1,2.33,177294,Y4,,,0,14.708,clean,0,0,0.00,0,0
115,30,0,1.65,1,2.24,937879,Y2,,,0,15.023,clean,0,0,0.00,0,0
115,31,0,1.73,1,2.36,1412272,Y2,,,0,14.986,clean,0,0,0.00,0,0
115,32,0,1.36,1253,2.50,14842,Y4,,,0,14.406,clean,0,0,0.00,0,0
115,33,0,1.74,1,2.47,961035,Y2,,,0,13.823,clean,0,0,0.00,0,0
115,34,0,1.74,1,2.34,360310,Y4,,,0,13.646,clean,0,0,0.00,0,0
115,35,0,1.76,1,2.95,857323,Y2,,,0,14.012,clean,0,0,0.00,0,0
115,36,0,1.64,1,2.63,629872,Y2,,,0,14.549,clean,0,0,0.00,0,0
115,37,0,1.71,1,2.23,661165,Y4,,,0,14.666,clean,0,0,0.00,0,0
115,38,0,1.77,1,2.73,620037,Y2,,,0,14.177,clean,0,0,0.00,0,0
115,39,0,1.93,1,2.41,1345664,Y2,,,0,13.530,clean,0,0,0.00,0,0
115,40,0,1.91,1,2.37,5007,Y4,,,0,13.218,clean,0,0,0.00,0,0
115,41,0,1.80,1,2.34,973195,Y2,,,0,13.410,clean,0,0,0.00,0,0
115,42,0,1.63,1,2.21,904083,Y4,,,0,13.894,clean,0,0,0.00,0,0
115,43,0,1.44,1,2.28,915349,Y4,,,0,14.113,clean,0,0,0.00,0,0
115,44,0,1.70,1,2.40,841230,Y4,,,0,13.620,clean,0,0,0.00,0,0
115,45,0,1.64,1,2.47,348866,Y2,,,0,12.805,clean,0,0,0.00,0,0
115,46,0,2.19,1,2.25,92983,Y4,,,0,12.263,clean,0,0,0.00,0,0
115,47,0,1.99,1,2.40,221103,Y4,,,0,12.126,clean,0,0,0.00,0,0
115,48,0,1.86,1,2.59,51856,Y2,,,0,12.345,clean,0,0,0.00,0,0
115,49,0,1.96,1,2.30,708908,Y4,,,0,12.440,clean,0,0,0.00,0,0
115,50,0,1.96,1,2.35,524729,Y4,,,0,11.945,clean,0,0,0.00,0,0
115,51,0,2.14,1,2.64,453919,Y4,,,0,11.091,clean,0,0,0.00,0,0
115,52,0,2.17,1,2.43,722855,Y4,,,0,10.296,clean,0,0,0.00,0,0
115,53,0,2.51,1,2.38,753433,Y2,0.24/noise-like,0.00/noise-like,0,9.732,hump-note,0,0,0.00,0,0
115,54,0,3.06,1,2.36,1370788,Y2,0.24/noise-like,0.00/noise-like,0,9.371,hump-note,0,0,0.00,0,0
115,55,0,2.54,1,2.18,725448,Y2,0.00/noise-like,0.00/noise-like,0,8.885,hump-note,0,0,0.00,0,0
115,56,0,2.95,1,2.37,1111686,Y4,0.00/noise-like,0.24/noise-like,0,7.954,hump-note,0,0,0.00,0,0
115,57,0,0,-1,0,0,-,,,2,6.777,QUARANTINE:dark-lane range=59 distinct=58,0,0,0.00,0,0
115,58,0,0,-1,0,0,-,,,0,5.728,QUARANTINE:dark-lane range=55 distinct=51,0,0,0.00,0,0
115,59,0,0,-1,0,0,-,,,0,4.877,QUARANTINE:dark-lane range=41 distinct=42,0,0,0.00,0,0
115,60,0,0,-1,0,0,-,,,0,4.177,QUARANTINE:dark-lane range=36 distinct=36,0,0,0.00,0,0
115,61,0,0,-1,0,0,-,,,0,3.562,QUARANTINE:dark-lane range=35 distinct=35,0,0,0.00,0,0
115,62,0,0,-1,0,0,-,,,0,2.964,QUARANTINE:dark-lane range=26 distinct=27,0,0,0.00,0,0
115,63,0,0,-1,0,0,-,,,0,2.405,QUARANTINE:dark-lane range=21 distinct=22,0,0,0.00,0,0
116,0,0,1.35,827,2.42,358,Y2,,,0,20.716,clean,0,0,0.00,0,0
116,1,0,1.38,321,2.60,509709,Y4,,,0,19.624,clean,0,0,0.00,0,0
116,2,0,1.32,1074,2.55,265807,Y2,,,0,18.572,clean,0,0,0.00,0,0
116,3,0,1.42,1,2.33,362635,Y4,,,0,17.962,clean,0,0,0.00,0,0
116,4,0,1.40,929,2.47,721782,Y4,,,0,17.880,clean,0,0,0.00,0,0
116,5,0,1.36,1043,2.29,1366317,Y4,,,0,18.042,clean,0,0,0.00,0,0
116,6,0,1.76,1,2.29,411630,Y2,,,0,17.979,clean,0,0,0.00,0,0
116,7,0,1.42,1,2.32,498444,Y2,,,0,17.439,clean,0,0,0.00,0,0
116,8,0,1.42,1,2.40,271440,Y4,,,0,16.770,clean,0,0,0.00,0,0
116,9,0,1.57,1,2.30,1136988,Y2,,,0,16.209,clean,0,0,0.00,0,0
116,10,0,1.53,1,2.57,190437,Y4,,,0,16.287,clean,0,0,0.00,0,0
116,11,0,1.75,1,2.62,1063943,Y4,,,0,16.620,clean,0,0,0.00,0,0
116,12,0,1.48,1,2.36,582576,Y4,,,0,16.848,clean,0,0,0.00,0,0
116,13,0,1.32,880,2.38,76622,Y4,,,0,16.722,clean,0,0,0.00,0,0
116,14,0,1.42,1,2.44,881463,Y4,,,0,16.210,clean,0,0,0.00,0,0
116,15,0,1.40,801,2.40,1450449,Y4,,,0,15.905,clean,0,0,0.00,0,0
116,16,0,1.53,1,2.53,952452,Y4,,,0,16.186,clean,0,0,0.00,0,0
116,17,0,1.83,1,2.56,1327515,Y4,,,0,16.858,clean,0,0,0.00,0,0
116,18,0,1.60,555,2.50,1449287,Y4,,,0,19.188,clean,0,0,0.00,0,0
116,19,0,1.70,1,2.78,588655,Y4,,,0,17.233,clean,0,0,0.00,0,0
116,20,0,1.49,1,2.41,214666,Y2,,,0,16.361,clean,0,0,0.00,0,0
116,21,0,1.33,331,2.33,1058221,Y4,,,0,15.652,clean,0,0,0.00,0,0
116,22,0,1.60,1,2.40,961751,Y2,,,0,15.405,clean,0,0,0.00,0,0
116,23,0,1.43,1,2.72,997245,Y4,,,0,15.758,clean,0,0,0.00,0,0
116,24,0,1.50,1,2.69,947535,Y4,,,0,16.138,clean,0,0,0.00,0,0
116,25,0,2.05,204,2.57,907660,Y2,,,0,15.996,clean,0,0,0.00,0,0
116,26,0,1.64,1,2.41,519991,Y2,,,0,15.383,clean,0,0,0.00,0,0
116,27,0,1.68,623,2.21,140905,Y4,,,0,14.947,clean,0,0,0.00,0,0
116,28,0,1.74,1,2.44,622272,Y2,,,0,14.446,clean,0,0,0.00,0,0
116,29,0,1.72,1,2.33,1116157,Y2,,,0,14.682,clean,0,0,0.00,0,0
116,30,0,1.71,1,2.34,604480,Y2,,,0,15.042,clean,0,0,0.00,0,0
116,31,0,1.63,1,2.45,465453,Y4,,,0,14.979,clean,0,0,0.00,0,0
116,32,0,1.39,1174,2.62,1058489,Y4,,,0,14.380,clean,0,0,0.00,0,0
116,33,0,1.85,1,2.45,604480,Y4,,,0,13.806,clean,0,0,0.00,0,0
116,34,0,1.66,1,2.23,470459,Y2,,,0,13.652,clean,0,0,0.00,0,0
116,35,0,1.64,1,2.32,552624,Y2,,,0,14.014,clean,0,0,0.00,0,0
116,36,0,1.53,1,2.31,339925,Y2,,,0,14.538,clean,0,0,0.00,0,0
116,37,0,1.60,1,2.51,1341730,Y4,,,0,14.661,clean,0,0,0.00,0,0
116,38,0,1.81,1,2.20,585526,Y4,,,0,14.202,clean,0,0,0.00,0,0
116,39,0,1.61,1,2.88,681549,Y4,,,0,13.506,clean,0,0,0.00,0,0
116,40,0,1.79,1,2.36,444800,Y4,,,0,13.205,clean,0,0,0.00,0,0
116,41,0,1.66,1,2.55,1250625,Y2,,,0,13.422,clean,0,0,0.00,0,0
116,42,0,1.82,1,2.57,638992,Y4,,,0,13.871,clean,0,0,0.00,0,0
116,43,0,1.50,1,2.37,718027,Y4,,,0,14.110,clean,0,0,0.00,0,0
116,44,0,1.72,1,2.40,633448,Y4,,,0,13.638,clean,0,0,0.00,0,0
116,45,0,1.82,1,2.47,311941,Y2,,,0,12.801,clean,0,0,0.00,0,0
116,46,0,1.73,1,2.60,1082093,Y2,,,0,12.270,clean,0,0,0.00,0,0
116,47,0,2.05,1,2.35,855356,Y4,,,0,12.134,clean,0,0,0.00,0,0
116,48,0,1.69,1,2.46,264198,Y2,,,0,12.337,clean,0,0,0.00,0,0
116,49,0,2.00,1,2.41,1387686,Y2,,,0,12.431,clean,0,0,0.00,0,0
116,50,0,2.01,1,2.38,1313478,Y2,,,0,11.933,clean,0,0,0.00,0,0
116,51,0,2.01,1,2.45,941724,Y4,,,0,11.064,clean,0,0,0.00,0,0
116,52,0,2.23,1,2.48,1013964,Y2,,,0,10.287,clean,0,0,0.00,0,0
116,53,0,2.32,1,2.26,162184,Y4,,,0,9.741,clean,0,0,0.00,0,0
116,54,0,2.38,1,2.53,425488,Y2,,,0,9.363,clean,0,0,0.00,0,0
116,55,0,2.73,1,2.38,213861,Y2,0.00/noise-like,0.00/noise-like,0,8.868,hump-note,0,0,0.00,0,0
116,56,0,3.07,1,2.48,1445532,Y4,0.00/noise-like,0.00/noise-like,0,7.950,hump-note,0,0,0.00,0,0
116,57,0,0,-1,0,0,-,,,0,6.789,QUARANTINE:dark-lane range=58 distinct=59,0,0,0.00,0,0
116,58,0,0,-1,0,0,-,,,0,5.739,QUARANTINE:dark-lane range=50 distinct=50,0,0,0.00,0,0
116,59,0,0,-1,0,0,-,,,0,4.876,QUARANTINE:dark-lane range=41 distinct=42,0,0,0.00,0,0
116,60,0,0,-1,0,0,-,,,0,4.156,QUARANTINE:dark-lane range=34 distinct=35,0,0,0.00,0,0
116,61,0,0,-1,0,0,-,,,0,3.554,QUARANTINE:dark-lane range=31 distinct=32,0,0,0.00,0,0
116,62,0,0,-1,0,0,-,,,0,2.960,QUARANTINE:dark-lane range=26 distinct=26,0,0,0.00,0,0
116,63,0,0,-1,0,0,-,,,0,2.405,QUARANTINE:dark-lane range=21 distinct=22,0,0,0.00,0,0
117,0,0,1.36,923,2.37,939488,Y2,,,0,20.753,clean,0,0,0.00,0,0
117,1,0,1.37,91,2.28,1386970,Y2,,,0,19.573,clean,0,0,0.00,0,0
117,2,0,1.32,1509,2.69,726879,Y2,,,0,18.594,clean,0,0,0.00,0,0
117,3,0,1.57,1,2.45,1446515,Y4,,,0,17.965,clean,0,0,0.00,0,0
117,4,0,1.60,1,2.49,883430,Y2,,,0,17.851,clean,0,0,0.00,0,0
117,5,0,1.68,1,2.36,826389,Y2,,,0,18.049,clean,0,0,0.00,0,0
117,6,0,1.43,1478,2.56,402063,Y2,,,0,17.969,clean,0,0,0.00,0,0
117,7,0,1.61,1,2.32,1103461,Y2,,,0,17.440,clean,0,0,0.00,0,0
117,8,0,1.35,1235,2.44,653297,Y4,,,0,16.781,clean,0,0,0.00,0,0
117,9,0,1.70,1,2.37,946194,Y2,,,0,16.241,clean,0,0,0.00,0,0
117,10,0,1.59,1,2.35,803590,Y4,,,0,16.246,clean,0,0,0.00,0,0
117,11,0,1.46,1,2.45,1341283,Y2,,,0,16.621,clean,0,0,0.00,0,0
117,12,0,1.34,1010,2.36,507295,Y2,,,0,16.878,clean,0,0,0.00,0,0
117,13,0,1.42,1,2.32,1284778,Y4,,,0,16.686,clean,0,0,0.00,0,0
117,14,0,1.62,1,2.38,141799,Y4,,,0,16.214,clean,0,0,0.00,0,0
117,15,0,1.39,1,2.50,553697,Y2,,,0,15.894,clean,0,0,0.00,0,0
117,16,0,1.83,1,2.24,839353,Y2,,,0,16.194,clean,0,0,0.00,0,0
117,17,0,1.39,486,2.57,1419872,Y4,,,0,16.885,clean,0,0,0.00,0,0
117,18,0,1.57,731,2.58,1074940,Y4,,,0,19.176,clean,0,0,0.00,0,0
117,19,0,1.35,210,2.28,333399,Y4,,,0,17.269,clean,0,0,0.00,0,0
117,20,0,1.53,1,2.34,1438022,Y2,,,0,16.337,clean,0,0,0.00,0,0
117,21,0,1.59,1,2.49,210464,Y2,,,0,15.632,clean,0,0,0.00,0,0
117,22,0,1.53,1,2.48,1121700,Y4,,,0,15.394,clean,0,0,0.00,0,0
117,23,0,1.60,1,2.44,862062,Y4,,,0,15.744,clean,0,0,0.00,0,0
117,24,0,1.70,1,2.56,1307756,Y4,,,0,16.150,clean,0,0,0.00,0,0
117,25,0,2.10,204,2.44,1305163,Y2,,,0,16.015,clean,0,0,0.00,0,0
117,26,0,1.69,1,2.66,1075119,Y4,,,0,15.417,clean,0,0,0.00,0,0
117,27,0,1.65,635,2.28,34422,Y4,,,0,14.958,clean,0,0,0.00,0,0
117,28,0,1.89,1,2.50,506222,Y2,,,0,14.479,clean,0,0,0.00,0,0
117,29,0,1.53,1,2.48,270635,Y2,,,0,14.666,clean,0,0,0.00,0,0
117,30,0,1.63,1,2.31,629783,Y4,,,0,15.001,clean,0,0,0.00,0,0
117,31,0,1.80,1,2.33,1284689,Y2,,,0,14.977,clean,0,0,0.00,0,0
117,32,0,1.39,850,2.39,709355,Y2,,,0,14.398,clean,0,0,0.00,0,0
117,33,0,1.62,1,2.31,1420319,Y4,,,0,13.789,clean,0,0,0.00,0,0
117,34,0,1.96,1,2.35,1453489,Y4,,,0,13.662,clean,0,0,0.00,0,0
117,35,0,1.61,1,2.50,188559,Y2,,,0,14.004,clean,0,0,0.00,0,0
117,36,0,1.65,1,2.40,69469,Y2,,,0,14.542,clean,0,0,0.00,0,0
117,37,0,1.52,1,2.51,114173,Y2,,,0,14.659,clean,0,0,0.00,0,0
117,38,0,1.82,1,2.34,753880,Y2,,,0,14.159,clean,0,0,0.00,0,0
117,39,0,1.82,1,2.24,1195908,Y2,,,0,13.523,clean,0,0,0.00,0,0
117,40,0,1.79,1,2.25,668138,Y2,,,0,13.206,clean,0,0,0.00,0,0
117,41,0,1.86,1,2.46,1125723,Y4,,,0,13.409,clean,0,0,0.00,0,0
117,42,0,1.64,1,2.34,757277,Y2,,,0,13.881,clean,0,0,0.00,0,0
117,43,0,1.55,1,2.49,139117,Y2,,,0,14.103,clean,0,0,0.00,0,0
117,44,0,1.64,1,2.39,214934,Y4,,,0,13.619,clean,0,0,0.00,0,0
117,45,0,1.71,1,2.27,1207620,Y4,,,0,12.796,clean,0,0,0.00,0,0
117,46,0,1.99,1,2.48,1447499,Y4,,,0,12.271,clean,0,0,0.00,0,0
117,47,0,1.94,1,2.32,1133144,Y2,,,0,12.137,clean,0,0,0.00,0,0
117,48,0,1.71,1,2.44,438809,Y2,,,0,12.347,clean,0,0,0.00,0,0
117,49,0,1.84,1,2.32,791341,Y4,,,0,12.431,clean,0,0,0.00,0,0
117,50,0,1.84,1,2.59,43720,Y2,,,0,11.938,clean,0,0,0.00,0,0
117,51,0,2.61,1,2.35,885576,Y4,0.00/noise-like,0.24/noise-like,0,11.103,hump-note,0,0,0.00,0,0
117,52,0,2.27,1,2.34,1365244,Y4,,,0,10.288,clean,0,0,0.00,0,0
117,53,0,2.12,1,2.91,987858,Y4,,,0,9.739,clean,0,0,0.00,0,0
117,54,0,2.51,1,2.51,59992,Y2,0.24/noise-like,0.00/noise-like,0,9.372,hump-note,0,0,0.00,0,0
117,55,0,2.98,1,2.55,1277089,Y2,0.24/noise-like,0.24/noise-like,0,8.855,hump-note,0,0,0.00,0,0
117,56,0,3.11,1,2.73,896752,Y2,0.00/noise-like,0.00/noise-like,0,7.971,hump-note,0,0,0.00,0,0
117,57,0,0,-1,0,0,-,,,0,6.785,QUARANTINE:dark-lane range=56 distinct=57,0,0,0.00,0,0
117,58,0,0,-1,0,0,-,,,0,5.726,QUARANTINE:dark-lane range=48 distinct=48,0,0,0.00,0,0
117,59,0,0,-1,0,0,-,,,0,4.886,QUARANTINE:dark-lane range=40 distinct=41,0,0,0.00,0,0
117,60,0,0,-1,0,0,-,,,0,4.167,QUARANTINE:dark-lane range=37 distinct=37,0,0,0.00,0,0
117,61,0,0,-1,0,0,-,,,0,3.551,QUARANTINE:dark-lane range=31 distinct=31,0,0,0.00,0,0
117,62,0,0,-1,0,0,-,,,0,2.955,QUARANTINE:dark-lane range=26 distinct=26,0,0,0.00,0,0
117,63,0,0,-1,0,0,-,,,0,2.409,QUARANTINE:dark-lane range=20 distinct=21,0,0,0.00,0,0
118,0,0,1.36,3,2.62,479132,Y4,,,0,20.727,clean,0,0,0.00,0,0
118,1,0,1.47,1,2.40,1180440,Y4,,,0,19.564,clean,0,0,0.00,0,0
118,2,0,1.54,1,2.82,266612,Y4,,,0,18.575,clean,0,0,0.00,0,0
118,3,0,1.37,1138,2.45,10729,Y4,,,0,17.949,clean,0,0,0.00,0,0
118,4,0,1.50,1,2.35,770420,Y2,,,0,17.850,clean,0,0,0.00,0,0
118,5,0,1.35,1,2.42,442207,Y4,,,0,18.048,clean,0,0,0.00,0,0
118,6,0,1.44,1,2.31,1331449,Y2,,,0,17.970,clean,0,0,0.00,0,0
118,7,0,1.62,1,2.43,101566,Y4,,,0,17.460,clean,0,0,0.00,0,0
118,8,0,1.35,620,2.42,1448661,Y2,,,0,16.758,clean,0,0,0.00,0,0
118,9,0,1.65,1,2.36,1399398,Y2,,,0,16.225,clean,0,0,0.00,0,0
118,10,0,1.36,1,2.36,70453,Y4,,,0,16.250,clean,0,0,0.00,0,0
118,11,0,1.40,1369,2.52,1412898,Y2,,,0,16.593,clean,0,0,0.00,0,0
118,12,0,1.54,1,2.44,444531,Y2,,,0,16.916,clean,0,0,0.00,0,0
118,13,0,1.37,162,2.46,1091659,Y4,,,0,16.734,clean,0,0,0.00,0,0
118,14,0,1.41,1,2.32,1464844,Y4,,,0,16.212,clean,0,0,0.00,0,0
118,15,0,1.42,1,2.54,245869,Y4,,,0,15.937,clean,0,0,0.00,0,0
118,16,0,1.43,1,2.48,872880,Y4,,,0,16.243,clean,0,0,0.00,0,0
118,17,0,1.43,1,2.35,1075208,Y4,,,0,16.863,clean,0,0,0.00,0,0
118,18,0,1.59,792,2.38,860989,Y4,,,0,19.211,clean,0,0,0.00,0,0
118,19,0,1.34,17,2.48,88781,Y2,,,0,17.258,clean,0,0,0.00,0,0
118,20,0,1.60,1,2.36,93520,Y4,,,0,16.375,clean,0,0,0.00,0,0
118,21,0,1.42,1,2.44,871718,Y4,,,0,15.639,clean,0,0,0.00,0,0
118,22,0,1.59,1,2.31,19133,Y4,,,0,15.421,clean,0,0,0.00,0,0
118,23,0,1.58,1,2.53,247121,Y4,,,0,15.723,clean,0,0,0.00,0,0
118,24,0,1.47,1,2.45,909269,Y4,,,0,16.128,clean,0,0,0.00,0,0
118,25,0,2.17,204,2.37,1460731,Y2,,,0,16.001,clean,0,0,0.00,0,0
118,26,0,1.47,1,2.24,1200467,Y2,,,0,15.395,clean,0,0,0.00,0,0
118,27,0,1.71,623,2.32,1102120,Y2,,,0,14.961,clean,0,0,0.00,0,0
118,28,0,1.44,1,2.37,497997,Y4,,,0,14.488,clean,0,0,0.00,0,0
118,29,0,1.55,1,2.54,113547,Y4,,,0,14.701,clean,0,0,0.00,0,0
118,30,0,1.81,1,2.36,1139402,Y4,,,0,15.018,clean,0,0,0.00,0,0
118,31,0,1.90,1,2.34,225306,Y2,,,0,14.983,clean,0,0,0.00,0,0
118,32,0,1.35,846,2.26,280559,Y4,,,0,14.411,clean,0,0,0.00,0,0
118,33,0,1.98,1,2.39,913650,Y2,,,0,13.791,clean,0,0,0.00,0,0
118,34,0,1.60,1,2.53,1459122,Y2,,,0,13.645,clean,0,0,0.00,0,0
118,35,0,1.38,1,2.31,675291,Y4,,,0,14.031,clean,0,0,0.00,0,0
118,36,0,1.35,1,2.63,937879,Y4,,,0,14.557,clean,0,0,0.00,0,0
118,37,0,1.71,1,2.31,1121789,Y4,,,0,14.653,clean,0,0,0.00,0,0
118,38,0,1.74,1,2.48,101835,Y2,,,0,14.172,clean,0,0,0.00,0,0
118,39,0,1.43,1,2.49,1082182,Y2,,,0,13.519,clean,0,0,0.00,0,0
118,40,0,1.78,1,2.35,894874,Y4,,,0,13.196,clean,0,0,0.00,0,0
118,41,0,1.92,1,2.39,896931,Y2,,,0,13.389,clean,0,0,0.00,0,0
118,42,0,1.62,1,2.72,1382679,Y2,,,0,13.876,clean,0,0,0.00,0,0
118,43,0,1.89,1,2.57,687808,Y4,,,0,14.129,clean,0,0,0.00,0,0
118,44,0,1.82,1,2.49,3934,Y2,,,0,13.605,clean,0,0,0.00,0,0
118,45,0,1.76,1,2.27,1416296,Y2,,,0,12.789,clean,0,0,0.00,0,0
118,46,0,1.80,1,2.34,1019061,Y4,,,0,12.274,clean,0,0,0.00,0,0
118,47,0,1.73,1,2.74,1174361,Y4,,,0,12.130,clean,0,0,0.00,0,0
118,48,0,1.52,1,2.30,930637,Y4,,,0,12.344,clean,0,0,0.00,0,0
118,49,0,1.89,1,2.30,1355141,Y2,,,0,12.415,clean,0,0,0.00,0,0
118,50,0,1.76,1,2.49,499964,Y2,,,0,11.935,clean,0,0,0.00,0,0
118,51,0,2.09,1,2.44,1119196,Y4,,,0,11.093,clean,0,0,0.00,0,0
118,52,0,2.71,1,2.65,757635,Y2,0.00/noise-like,0.00/noise-like,0,10.297,hump-note,0,0,0.00,0,0
118,53,0,2.61,1,2.35,728577,Y2,0.00/noise-like,0.00/noise-like,0,9.737,hump-note,0,0,0.00,0,0
118,54,0,2.75,1,2.31,1228452,Y4,0.00/noise-like,0.24/noise-like,0,9.363,hump-note,0,0,0.00,0,0
118,55,0,2.94,1,2.42,1122415,Y4,0.00/noise-like,0.00/noise-like,0,8.871,hump-note,0,0,0.00,0,0
118,56,0,2.75,1,2.28,1240790,Y2,0.00/noise-like,0.00/noise-like,0,7.934,hump-note,0,0,0.00,0,0
118,57,0,0,-1,0,0,-,,,0,6.796,QUARANTINE:dark-lane range=58 distinct=59,0,0,0.00,0,0
118,58,0,0,-1,0,0,-,,,0,5.741,QUARANTINE:dark-lane range=48 distinct=48,0,0,0.00,0,0
118,59,0,0,-1,0,0,-,,,0,4.880,QUARANTINE:dark-lane range=44 distinct=44,0,0,0.00,0,0
118,60,0,0,-1,0,0,-,,,0,4.158,QUARANTINE:dark-lane range=34 distinct=35,0,0,0.00,0,0
118,61,0,0,-1,0,0,-,,,0,3.563,QUARANTINE:dark-lane range=29 distinct=30,0,0,0.00,0,0
118,62,0,0,-1,0,0,-,,,0,2.961,QUARANTINE:dark-lane range=26 distinct=27,0,0,0.00,0,0
118,63,0,0,-1,0,0,-,,,0,2.403,QUARANTINE:dark-lane range=21 distinct=22,0,0,0.00,0,0
119,0,0,1.35,565,2.49,663131,Y4,,,0,20.743,clean,0,0,0.00,0,0
119,1,0,1.34,1158,2.27,47743,Y4,,,0,19.629,clean,0,0,0.00,0,0
119,2,0,1.49,1,2.53,693262,Y2,,,0,18.578,clean,0,0,0.00,0,0
119,3,0,1.61,1,2.44,514984,Y4,,,0,17.958,clean,0,0,0.00,0,0
119,4,0,1.62,1,2.33,1306325,Y2,,,0,17.860,clean,0,0,0.00,0,0
119,5,0,1.63,1,2.35,1338601,Y4,,,0,18.054,clean,0,0,0.00,0,0
119,6,0,1.51,1,2.30,983387,Y2,,,0,17.964,clean,0,0,0.00,0,0
119,7,0,1.36,87,2.59,372648,Y4,,,0,17.430,clean,0,0,0.00,0,0
119,8,0,1.33,970,2.61,219405,Y2,,,0,16.740,clean,0,0,0.00,0,0
119,9,0,1.54,1,2.30,1218975,Y2,,,0,16.217,clean,0,0,0.00,0,0
119,10,0,1.37,418,2.63,1349509,Y2,,,0,16.246,clean,0,0,0.00,0,0
119,11,0,1.47,1,2.38,1415581,Y2,,,0,16.629,clean,0,0,0.00,0,0
119,12,0,1.54,1,2.31,1156747,Y4,,,0,16.878,clean,0,0,0.00,0,0
119,13,0,1.56,1,2.32,1433909,Y4,,,0,16.704,clean,0,0,0.00,0,0
119,14,0,1.54,1,2.24,745833,Y2,,,0,16.218,clean,0,0,0.00,0,0
119,15,0,1.54,1,2.49,629157,Y4,,,0,15.931,clean,0,0,0.00,0,0
119,16,0,1.74,1,2.76,1076996,Y4,,,0,16.200,clean,0,0,0.00,0,0
119,17,0,1.45,1,2.33,566304,Y4,,,0,16.871,clean,0,0,0.00,0,0
119,18,0,1.51,838,2.47,1256794,Y4,,,0,19.171,clean,0,0,0.00,0,0
119,19,0,1.48,1,2.35,890493,Y4,,,0,17.256,clean,0,0,0.00,0,0
119,20,0,1.53,1,2.81,360668,Y4,,,0,16.350,clean,0,0,0.00,0,0
119,21,0,1.66,1,2.44,666887,Y2,,,0,15.640,clean,0,0,0.00,0,0
119,22,0,1.64,1,2.49,445873,Y4,,,0,15.395,clean,0,0,0.00,0,0
119,23,0,1.44,1,2.33,1452059,Y4,,,0,15.734,clean,0,0,0.00,0,0
119,24,0,1.58,1,2.22,4292,Y2,,,0,16.126,clean,0,0,0.00,0,0
119,25,0,1.95,204,2.52,511676,Y4,,,0,15.996,clean,0,0,0.00,0,0
119,26,0,1.71,1,2.55,396073,Y4,,,0,15.394,clean,0,0,0.00,0,0
119,27,0,1.80,1,2.29,1234263,Y2,,,0,14.960,clean,0,0,0.00,0,0
119,28,0,1.79,1,2.46,837117,Y2,,,0,14.466,clean,0,0,0.00,0,0
119,29,0,1.55,1,2.54,316679,Y2,,,0,14.669,clean,0,0,0.00,0,0
119,30,0,1.41,355,2.59,580519,Y4,,,0,15.038,clean,0,0,0.00,0,0
119,31,0,1.47,1,2.64,601888,Y4,,,0,14.997,clean,0,0,0.00,0,0
119,32,0,1.42,1243,2.34,1034796,Y2,,,0,14.404,clean,0,0,0.00,0,0
119,33,0,1.83,1,2.25,843018,Y4,,,0,13.811,clean,0,0,0.00,0,0
119,34,0,1.62,1,2.25,705779,Y4,,,0,13.626,clean,0,0,0.00,0,0
119,35,0,1.67,1,2.35,1025409,Y4,,,0,14.044,clean,0,0,0.00,0,0
119,36,0,1.74,1,2.29,29773,Y4,,,0,14.536,clean,0,0,0.00,0,0
119,37,0,1.54,1,2.22,133663,Y4,,,0,14.672,clean,0,0,0.00,0,0
119,38,0,1.58,1,2.53,541270,Y4,,,0,14.177,clean,0,0,0.00,0,0
119,39,0,2.06,1,2.41,757188,Y2,,,0,13.515,clean,0,0,0.00,0,0
119,40,0,1.76,1,2.31,70095,Y4,,,0,13.213,clean,0,0,0.00,0,0
119,41,0,1.68,1,2.32,550121,Y4,,,0,13.434,clean,0,0,0.00,0,0
119,42,0,1.73,1,2.22,257492,Y2,,,0,13.862,clean,0,0,0.00,0,0
119,43,0,1.46,1,2.46,155389,Y2,,,0,14.125,clean,0,0,0.00,0,0
119,44,0,1.52,1,2.37,949770,Y2,,,0,13.635,clean,0,0,0.00,0,0
119,45,0,1.92,1,2.59,1239002,Y4,,,0,12.799,clean,0,0,0.00,0,0
119,46,0,2.06,1,2.56,614673,Y4,,,0,12.265,clean,0,0,0.00,0,0
119,47,0,1.90,1,2.25,1111239,Y4,,,0,12.162,clean,0,0,0.00,0,0
119,48,0,2.11,1,2.34,515163,Y4,,,0,12.346,clean,0,0,0.00,0,0
119,49,0,1.88,1,2.44,1296759,Y2,,,0,12.427,clean,0,0,0.00,0,0
119,50,0,2.13,1,2.32,1249194,Y4,,,0,11.946,clean,0,0,0.00,0,0
119,51,0,2.14,1,2.61,1158178,Y2,,,0,11.105,clean,0,0,0.00,0,0
119,52,0,2.46,1,2.51,1073241,Y2,,,0,10.302,clean,0,0,0.00,0,0
119,53,0,2.21,1,2.48,1159608,Y4,,,0,9.739,clean,0,0,0.00,0,0
119,54,0,2.65,1,2.38,324637,Y2,0.00/noise-like,0.00/noise-like,0,9.341,hump-note,0,0,0.00,0,0
119,55,0,2.91,1,2.33,34958,Y4,0.00/noise-like,0.24/noise-like,0,8.874,hump-note,0,0,0.00,0,0
119,56,0,2.82,1,2.47,1431406,Y2,0.00/noise-like,0.00/noise-like,0,7.954,hump-note,0,0,0.00,0,0
119,57,0,0,-1,0,0,-,,,0,6.787,QUARANTINE:dark-lane range=62 distinct=61,0,0,0.00,0,0
119,58,0,0,-1,0,0,-,,,0,5.748,QUARANTINE:dark-lane range=48 distinct=48,0,0,0.00,0,0
119,59,0,0,-1,0,0,-,,,0,4.884,QUARANTINE:dark-lane range=42 distinct=43,0,0,0.00,0,0
119,60,0,0,-1,0,0,-,,,0,4.165,QUARANTINE:dark-lane range=39 distinct=38,0,0,0.00,0,0
119,61,0,0,-1,0,0,-,,,0,3.564,QUARANTINE:dark-lane range=32 distinct=32,0,0,0.00,0,0
119,62,0,0,-1,0,0,-,,,0,2.959,QUARANTINE:dark-lane range=25 distinct=26,0,0,0.00,0,0
119,63,0,0,-1,0,0,-,,,0,2.402,QUARANTINE:dark-lane range=22 distinct=22,0,0,0.00,0,0
120,0,0,1.62,65,2.35,860453,Y4,,,0,20.754,clean,0,0,0.00,0,0
120,1,0,1.33,169,2.37,171661,Y4,,,0,19.593,clean,0,0,0.00,0,0
120,2,0,1.59,1,2.32,1374096,Y2,,,0,18.569,clean,0,0,0.00,0,0
120,3,0,1.36,161,2.40,1357287,Y2,,,0,17.982,clean,0,0,0.00,0,0
120,4,0,1.34,911,2.30,160486,Y2,,,0,17.876,clean,0,0,0.00,0,0
120,5,0,1.54,1,2.70,630409,Y4,,,0,18.062,clean,0,0,0.00,0,0
120,6,0,1.46,1478,2.41,90033,Y2,,,0,18.027,clean,0,0,0.00,0,0
120,7,0,1.35,942,2.46,772566,Y4,,,0,17.391,clean,0,0,0.00,0,0
120,8,0,1.41,1176,2.57,585347,Y4,,,0,16.745,clean,0,0,0.00,0,0
120,9,0,1.47,1,2.55,434428,Y2,,,0,16.259,clean,0,0,0.00,0,0
120,10,0,1.73,1,2.44,2861,Y4,,,0,16.247,clean,0,0,0.00,0,0
120,11,0,1.50,1086,2.33,1168191,Y4,,,0,16.636,clean,0,0,0.00,0,0
120,12,0,1.44,1,2.28,277519,Y2,,,0,16.904,clean,0,0,0.00,0,0
120,13,0,1.64,1,2.59,1448303,Y4,,,0,16.695,clean,0,0,0.00,0,0
120,14,0,1.67,1,2.55,1027197,Y4,,,0,16.225,clean,0,0,0.00,0,0
120,15,0,1.40,1330,2.40,1356393,Y4,,,0,15.925,clean,0,0,0.00,0,0
120,16,0,1.75,1,2.49,316232,Y4,,,0,16.166,clean,0,0,0.00,0,0
120,17,0,1.56,1,2.51,1057863,Y4,,,0,16.895,clean,0,0,0.00,0,0
120,18,0,1.59,707,2.39,334203,Y4,,,0,19.202,clean,0,0,0.00,0,0
120,19,0,1.47,1,2.88,562191,Y4,,,0,17.217,clean,0,0,0.00,0,0
120,20,0,1.39,1,2.46,344217,Y2,,,0,16.369,clean,0,0,0.00,0,0
120,21,0,1.51,1,2.28,1005471,Y2,,,0,15.670,clean,0,0,0.00,0,0
120,22,0,1.68,1,2.34,273138,Y4,,,0,15.417,clean,0,0,0.00,0,0
120,23,0,1.71,1,2.64,356913,Y2,,,0,15.724,clean,0,0,0.00,0,0
120,24,0,1.68,1,2.27,85205,Y2,,,0,16.122,clean,0,0,0.00,0,0
120,25,0,2.12,204,2.41,915796,Y2,,,0,16.022,clean,0,0,0.00,0,0
120,26,0,1.57,1,2.38,535190,Y2,,,0,15.390,clean,0,0,0.00,0,0
120,27,0,1.71,633,2.61,1373649,Y4,,,0,14.983,clean,0,0,0.00,0,0
120,28,0,1.61,1,2.67,143498,Y4,,,0,14.456,clean,0,0,0.00,0,0
120,29,0,1.69,1,2.53,936002,Y4,,,0,14.688,clean,0,0,0.00,0,0
120,30,0,1.68,1,2.43,121236,Y4,,,0,14.995,clean,0,0,0.00,0,0
120,31,0,1.58,1,2.34,1361221,Y4,,,0,14.960,clean,0,0,0.00,0,0
120,32,0,1.36,39,2.45,1436412,Y2,,,0,14.398,clean,0,0,0.00,0,0
120,33,0,1.65,1,2.50,158072,Y2,,,0,13.818,clean,0,0,0.00,0,0
120,34,0,1.82,1,2.35,612527,Y4,,,0,13.630,clean,0,0,0.00,0,0
120,35,0,2.12,1,2.40,1363009,Y4,,,0,13.999,clean,0,0,0.00,0,0
120,36,0,1.73,1,2.26,1185089,Y2,,,0,14.579,clean,0,0,0.00,0,0
120,37,0,1.68,1,2.35,4023,Y2,,,0,14.679,clean,0,0,0.00,0,0
120,38,0,1.87,1,2.43,941455,Y2,,,0,14.206,clean,0,0,0.00,0,0
120,39,0,1.93,1,2.56,28521,Y4,,,0,13.515,clean,0,0,0.00,0,0
120,40,0,1.99,1,2.37,1450986,Y4,,,0,13.187,clean,0,0,0.00,0,0
120,41,0,1.61,1,2.38,646323,Y4,,,0,13.432,clean,0,0,0.00,0,0
120,42,0,1.76,1,2.49,75996,Y2,,,0,13.890,clean,0,0,0.00,0,0
120,43,0,1.80,1,2.53,704169,Y4,,,0,14.110,clean,0,0,0.00,0,0
120,44,0,2.00,1,2.38,1363993,Y4,,,0,13.630,clean,0,0,0.00,0,0
120,45,0,1.78,1,2.42,1267076,Y4,,,0,12.809,clean,0,0,0.00,0,0
120,46,0,1.80,1,2.39,873417,Y4,,,0,12.256,clean,0,0,0.00,0,0
120,47,0,2.02,1,2.37,701755,Y4,,,0,12.140,clean,0,0,0.00,0,0
120,48,0,1.85,1,2.28,327766,Y2,,,0,12.336,clean,0,0,0.00,0,0
120,49,0,1.97,1,2.24,860631,Y2,,,0,12.435,clean,0,0,0.00,0,0
120,50,0,1.93,1,2.56,518739,Y4,,,0,11.932,clean,0,0,0.00,0,0
120,51,0,2.38,1,2.70,1324832,Y2,,,0,11.100,clean,0,0,0.00,0,0
120,52,0,2.23,1,2.40,620663,Y4,,,0,10.288,clean,0,0,0.00,0,0
120,53,0,2.69,1,2.35,1274496,Y2,0.00/noise-like,0.00/noise-like,0,9.730,hump-note,0,0,0.00,0,0
120,54,0,2.57,1,2.71,958622,Y2,0.00/noise-like,0.00/noise-like,0,9.358,hump-note,0,0,0.00,0,0
120,55,0,2.76,1,2.42,61512,Y4,0.00/noise-like,0.00/noise-like,0,8.870,hump-note,0,0,0.00,0,0
120,56,0,3.16,1,2.57,1188040,Y4,0.00/noise-like,0.24/noise-like,0,7.953,hump-note,0,0,0.00,0,0
120,57,0,0,-1,0,0,-,,,0,6.797,QUARANTINE:dark-lane range=57 distinct=58,0,0,0.00,0,0
120,58,0,0,-1,0,0,-,,,0,5.721,QUARANTINE:dark-lane range=48 distinct=48,0,0,0.00,0,0
120,59,0,0,-1,0,0,-,,,0,4.887,QUARANTINE:dark-lane range=40 distinct=41,0,0,0.00,0,0
120,60,0,0,-1,0,0,-,,,0,4.170,QUARANTINE:dark-lane range=35 distinct=35,0,0,0.00,0,0
120,61,0,0,-1,0,0,-,,,0,3.563,QUARANTINE:dark-lane range=30 distinct=31,0,0,0.00,0,0
120,62,0,0,-1,0,0,-,,,0,2.957,QUARANTINE:dark-lane range=26 distinct=27,0,0,0.00,0,0
120,63,0,0,-1,0,0,-,,,0,2.408,QUARANTINE:dark-lane range=20 distinct=21,0,0,0.00,0,0
121,0,0,1.33,220,2.36,588119,Y4,,,0,20.717,clean,0,0,0.00,0,0
121,1,0,1.42,1142,2.45,1411021,Y2,,,0,19.552,clean,0,0,0.00,0,0
121,2,0,1.42,1,2.37,972033,Y4,,,0,18.607,clean,0,0,0.00,0,0
121,3,0,1.67,1,2.69,321239,Y2,,,0,17.997,clean,0,0,0.00,0,0
121,4,0,1.34,442,2.38,413865,Y2,,,0,17.866,clean,0,0,0.00,0,0
121,5,0,1.49,1,2.41,183016,Y2,,,0,18.063,clean,0,0,0.00,0,0
121,6,0,1.54,1478,2.48,198930,Y2,,,0,17.977,clean,0,0,0.00,0,0
121,7,0,1.36,1,2.44,802338,Y4,,,0,17.450,clean,0,0,0.00,0,0
121,8,0,1.40,1,2.32,469208,Y4,,,0,16.760,clean,0,0,0.00,0,0
121,9,0,1.60,1,2.32,1008242,Y2,,,0,16.194,clean,0,0,0.00,0,0
121,10,0,1.42,1,2.56,1363188,Y4,,,0,16.256,clean,0,0,0.00,0,0
121,11,0,1.42,73,2.34,378460,Y2,,,0,16.638,clean,0,0,0.00,0,0
121,12,0,1.42,1121,2.39,1005203,Y2,,,0,16.890,clean,0,0,0.00,0,0
121,13,0,1.49,1,2.47,873059,Y2,,,0,16.705,clean,0,0,0.00,0,0
121,14,0,1.48,1,2.43,49978,Y2,,,0,16.213,clean,0,0,0.00,0,0
121,15,0,1.60,1,2.35,12875,Y2,,,0,15.903,clean,0,0,0.00,0,0
121,16,0,1.52,1,2.50,161916,Y2,,,0,16.181,clean,0,0,0.00,0,0
121,17,0,1.52,1,2.50,77784,Y4,,,0,16.885,clean,0,0,0.00,0,0
121,18,0,1.64,746,2.35,1066446,Y4,,,0,19.185,clean,0,0,0.00,0,0
121,19,0,1.64,1,2.45,972390,Y4,,,0,17.253,clean,0,0,0.00,0,0
121,20,0,1.45,1,2.45,5633,Y2,,,0,16.369,clean,0,0,0.00,0,0
121,21,0,1.56,1,2.40,102639,Y4,,,0,15.662,clean,0,0,0.00,0,0
121,22,0,1.79,1,2.55,760943,Y2,,,0,15.411,clean,0,0,0.00,0,0
121,23,0,1.54,1,2.31,503540,Y2,,,0,15.737,clean,0,0,0.00,0,0
121,24,0,1.52,1,2.34,396609,Y2,,,0,16.132,clean,0,0,0.00,0,0
121,25,0,2.39,204,2.93,1127958,Y4,,,0,16.002,clean,0,0,0.00,0,0
121,26,0,1.42,1,2.45,802606,Y2,,,0,15.386,clean,0,0,0.00,0,0
121,27,0,1.60,613,2.41,1058668,Y4,,,0,14.982,clean,0,0,0.00,0,0
121,28,0,1.71,1,2.42,1259923,Y2,,,0,14.448,clean,0,0,0.00,0,0
121,29,0,1.68,1,3.00,1239717,Y4,0.00/noise-like,0.24/noise-like,0,14.670,FAM-HIT,0,0,0.00,0,0
121,30,0,1.81,1,2.26,613064,Y2,,,0,15.010,clean,0,0,0.00,0,0
121,31,0,1.62,1,2.59,173002,Y2,,,0,14.963,clean,0,0,0.00,0,0
121,32,0,1.41,700,2.26,1149237,Y2,,,0,14.415,clean,0,0,0.00,0,0
121,33,0,1.74,1,2.33,611275,Y2,,,0,13.795,clean,0,0,0.00,0,0
121,34,0,1.61,1,2.31,746280,Y4,,,0,13.625,clean,0,0,0.00,0,0
121,35,0,1.63,1,2.44,86904,Y2,,,0,14.016,clean,0,0,0.00,0,0
121,36,0,1.85,1,2.31,388563,Y2,,,0,14.522,clean,0,0,0.00,0,0
121,37,0,1.67,1,2.42,1369715,Y2,,,0,14.655,clean,0,0,0.00,0,0
121,38,0,1.46,1,2.57,1178741,Y2,,,0,14.202,clean,0,0,0.00,0,0
121,39,0,1.59,1,2.31,190973,Y2,,,0,13.512,clean,0,0,0.00,0,0
121,40,0,1.88,1,2.32,297278,Y4,,,0,13.201,clean,0,0,0.00,0,0
121,41,0,1.42,1,2.54,283152,Y4,,,0,13.405,clean,0,0,0.00,0,0
121,42,0,1.58,1,2.41,350296,Y4,,,0,13.882,clean,0,0,0.00,0,0
121,43,0,1.56,1,2.52,1134396,Y2,,,0,14.149,clean,0,0,0.00,0,0
121,44,0,1.65,1,2.35,244260,Y4,,,0,13.639,clean,0,0,0.00,0,0
121,45,0,1.71,1,2.52,1045525,Y4,,,0,12.803,clean,0,0,0.00,0,0
121,46,0,2.15,1,2.47,894606,Y4,,,0,12.273,clean,0,0,0.00,0,0
121,47,0,2.06,1,2.58,877261,Y2,,,0,12.127,clean,0,0,0.00,0,0
121,48,0,2.06,1,2.37,644714,Y4,,,0,12.338,clean,0,0,0.00,0,0
121,49,0,2.06,1,2.35,811547,Y4,,,0,12.437,clean,0,0,0.00,0,0
121,50,0,2.08,1,2.52,898451,Y2,,,0,11.918,clean,0,0,0.00,0,0
121,51,0,1.93,1,2.35,1334667,Y4,,,0,11.071,clean,0,0,0.00,0,0
121,52,0,2.14,1,2.50,1109988,Y2,,,0,10.297,clean,0,0,0.00,0,0
121,53,0,2.67,1,2.50,331163,Y2,0.00/noise-like,0.00/noise-like,0,9.732,hump-note,0,0,0.00,0,0
121,54,0,2.55,1,2.55,953078,Y4,0.24/noise-like,0.00/noise-like,0,9.352,hump-note,0,0,0.00,0,0
121,55,0,2.53,1,2.26,1151025,Y2,0.00/noise-like,0.00/noise-like,0,8.860,hump-note,0,0,0.00,0,0
121,56,0,2.89,1,2.57,771672,Y2,0.00/noise-like,0.00/noise-like,0,7.972,hump-note,0,0,0.00,0,0
121,57,0,0,-1,0,0,-,,,0,6.780,QUARANTINE:dark-lane range=61 distinct=59,0,0,0.00,0,0
121,58,0,0,-1,0,0,-,,,0,5.747,QUARANTINE:dark-lane range=49 distinct=50,0,0,0.00,0,0
121,59,0,0,-1,0,0,-,,,0,4.882,QUARANTINE:dark-lane range=42 distinct=42,0,0,0.00,0,0
121,60,0,0,-1,0,0,-,,,0,4.168,QUARANTINE:dark-lane range=37 distinct=37,0,0,0.00,0,0
121,61,0,0,-1,0,0,-,,,0,3.556,QUARANTINE:dark-lane range=30 distinct=31,0,0,0.00,0,0
121,62,0,0,-1,0,0,-,,,0,2.958,QUARANTINE:dark-lane range=26 distinct=27,0,0,0.00,0,0
121,63,0,0,-1,0,0,-,,,0,2.401,QUARANTINE:dark-lane range=20 distinct=21,0,0,0.00,0,0
122,0,0,1.39,1,2.35,731528,Y4,,,0,20.746,clean,0,0,0.00,0,0
122,1,0,1.33,323,2.37,1070738,Y4,,,0,19.572,clean,0,0,0.00,0,0
122,2,0,1.43,1,2.80,1464844,Y2,,,0,18.565,clean,0,0,0.00,0,0
122,3,0,1.58,1,2.94,1400650,Y4,,,0,17.994,clean,0,0,0.00,0,0
122,4,0,1.39,916,2.58,1044005,Y4,,,0,17.851,clean,0,0,0.00,0,0
122,5,0,1.66,1,2.26,886917,Y2,,,0,18.070,clean,0,0,0.00,0,0
122,6,0,1.35,681,2.32,1380533,Y2,,,0,17.948,clean,0,0,0.00,0,0
122,7,0,1.60,1,2.53,63747,Y2,,,0,17.459,clean,0,0,0.00,0,0
122,8,0,1.41,1,2.36,1444459,Y2,,,0,16.774,clean,0,0,0.00,0,0
122,9,0,1.44,1471,2.33,800103,Y4,,,0,16.216,clean,0,0,0.00,0,0
122,10,0,1.52,1,2.35,122935,Y2,,,0,16.229,clean,0,0,0.00,0,0
122,11,0,1.42,1,2.83,550121,Y2,,,0,16.631,clean,0,0,0.00,0,0
122,12,0,1.69,1,2.44,1039088,Y4,,,0,16.900,clean,0,0,0.00,0,0
122,13,0,1.54,1,2.43,848025,Y4,,,0,16.716,clean,0,0,0.00,0,0
122,14,0,1.39,1,2.32,1091927,Y4,,,0,16.227,clean,0,0,0.00,0,0
122,15,0,1.58,1,2.38,323564,Y4,,,0,15.924,clean,0,0,0.00,0,0
122,16,0,1.45,1,2.54,208050,Y4,,,0,16.193,clean,0,0,0.00,0,0
122,17,0,1.55,1,2.91,1109719,Y4,,,0,16.846,clean,0,0,0.00,0,0
122,18,0,1.71,720,2.56,615746,Y4,,,0,19.229,clean,0,0,0.00,0,0
122,19,0,1.46,1,2.33,1042753,Y4,,,0,17.183,clean,0,0,0.00,0,0
122,20,0,1.67,1,2.47,1145214,Y2,,,0,16.352,clean,0,0,0.00,0,0
122,21,0,1.38,1,2.46,4470,Y4,,,0,15.630,clean,0,0,0.00,0,0
122,22,0,1.59,1,2.38,1273513,Y4,,,0,15.404,clean,0,0,0.00,0,0
122,23,0,1.66,1,2.67,1298010,Y4,,,0,15.759,clean,0,0,0.00,0,0
122,24,0,1.70,1,2.34,23693,Y2,,,0,16.168,clean,0,0,0.00,0,0
122,25,0,1.99,204,2.28,1152813,Y4,,,0,16.034,clean,0,0,0.00,0,0
122,26,0,1.42,1,2.25,892460,Y4,,,0,15.408,clean,0,0,0.00,0,0
122,27,0,1.58,622,2.32,670820,Y2,,,0,14.975,clean,0,0,0.00,0,0
122,28,0,1.70,1,2.36,389725,Y4,,,0,14.459,clean,0,0,0.00,0,0
122,29,0,1.52,1,2.36,985622,Y4,,,0,14.688,clean,0,0,0.00,0,0
122,30,0,1.79,1,2.40,223696,Y2,,,0,15.018,clean,0,0,0.00,0,0
122,31,0,1.72,1,2.45,298262,Y4,,,0,14.994,clean,0,0,0.00,0,0
122,32,0,1.37,1179,2.38,1017004,Y4,,,0,14.412,clean,0,0,0.00,0,0
122,33,0,1.65,1,2.40,442743,Y2,,,0,13.798,clean,0,0,0.00,0,0
122,34,0,1.53,1,2.61,48459,Y4,,,0,13.651,clean,0,0,0.00,0,0
122,35,0,1.73,1,2.40,75012,Y2,,,0,14.020,clean,0,0,0.00,0,0
122,36,0,1.78,1,2.41,1207173,Y2,,,0,14.549,clean,0,0,0.00,0,0
122,37,0,1.64,1,2.36,919461,Y2,,,0,14.682,clean,0,0,0.00,0,0
122,38,0,1.79,1,2.45,91821,Y2,,,0,14.178,clean,0,0,0.00,0,0
122,39,0,1.71,1,2.43,1331806,Y2,,,0,13.528,clean,0,0,0.00,0,0
122,40,0,1.74,1,2.36,763357,Y4,,,0,13.207,clean,0,0,0.00,0,0
122,41,0,1.67,1,2.55,857681,Y2,,,0,13.426,clean,0,0,0.00,0,0
122,42,0,1.89,1,2.33,1225770,Y4,,,0,13.877,clean,0,0,0.00,0,0
122,43,0,1.72,1,2.54,861347,Y2,,,0,14.107,clean,0,0,0.00,0,0
122,44,0,1.57,1,2.22,598043,Y4,,,0,13.604,clean,0,0,0.00,0,0
122,45,0,2.15,1,2.28,238001,Y2,,,0,12.781,clean,0,0,0.00,0,0
122,46,0,1.82,1,2.51,1248747,Y4,,,0,12.278,clean,0,0,0.00,0,0
122,47,0,1.84,1,2.41,339925,Y4,,,0,12.180,clean,0,0,0.00,0,0
122,48,0,1.76,1,2.42,374436,Y2,,,0,12.372,clean,0,0,0.00,0,0
122,49,0,2.00,1,2.43,121057,Y2,,,0,12.405,clean,0,0,0.00,0,0
122,50,0,1.74,1,2.28,79930,Y2,,,0,11.952,clean,0,0,0.00,0,0
122,51,0,2.12,1,2.58,622898,Y2,,,0,11.103,clean,0,0,0.00,0,0
122,52,0,2.44,1,2.58,904351,Y4,,,0,10.318,clean,0,0,0.00,0,0
122,53,0,2.36,1,2.43,966489,Y4,,,0,9.737,clean,0,0,0.00,0,0
122,54,0,2.97,1,2.40,545204,Y2,0.00/noise-like,0.00/noise-like,0,9.370,hump-note,0,0,0.00,0,0
122,55,0,2.92,1,2.40,1152545,Y4,0.24/noise-like,0.00/noise-like,0,8.872,hump-note,0,0,0.00,0,0
122,56,0,3.07,1,2.31,318646,Y2,0.00/noise-like,0.00/noise-like,0,7.957,hump-note,0,0,0.00,0,0
122,57,0,0,-1,0,0,-,,,0,6.786,QUARANTINE:dark-lane range=63 distinct=56,0,0,0.00,0,0
122,58,0,0,-1,0,0,-,,,0,5.735,QUARANTINE:dark-lane range=52 distinct=51,0,0,0.00,0,0
122,59,0,0,-1,0,0,-,,,0,4.880,QUARANTINE:dark-lane range=40 distinct=41,0,0,0.00,0,0
122,60,0,0,-1,0,0,-,,,0,4.165,QUARANTINE:dark-lane range=35 distinct=36,0,0,0.00,0,0
122,61,0,0,-1,0,0,-,,,0,3.564,QUARANTINE:dark-lane range=29 distinct=30,0,0,0.00,0,0
122,62,0,0,-1,0,0,-,,,0,2.951,QUARANTINE:dark-lane range=26 distinct=27,0,0,0.00,0,0
122,63,0,0,-1,0,0,-,,,0,2.404,QUARANTINE:dark-lane range=20 distinct=21,0,0,0.00,0,0
123,0,0,1.35,420,2.29,632197,Y2,,,0,20.712,clean,0,0,0.00,0,0
123,1,0,1.40,1,2.78,683784,Y2,,,0,19.608,clean,0,0,0.00,0,0
123,2,0,1.41,1,2.59,104874,Y2,,,0,18.582,clean,0,0,0.00,0,0
123,3,0,1.59,1,2.47,420928,Y2,,,0,17.928,clean,0,0,0.00,0,0
123,4,0,1.45,1488,2.27,1270473,Y4,,,0,17.895,clean,0,0,0.00,0,0
123,5,0,1.66,1,2.39,306934,Y2,,,0,18.086,clean,0,0,0.00,0,0
123,6,0,1.41,1,2.31,418603,Y2,,,0,18.006,clean,0,0,0.00,0,0
123,7,0,1.58,1,2.57,296921,Y2,,,0,17.464,clean,0,0,0.00,0,0
123,8,0,1.60,1,2.68,1353800,Y2,,,0,16.765,clean,0,0,0.00,0,0
123,9,0,1.47,1,2.53,363529,Y4,,,0,16.233,clean,0,0,0.00,0,0
123,10,0,1.53,1,2.34,123918,Y4,,,0,16.248,clean,0,0,0.00,0,0
123,11,0,1.59,1,2.74,215471,Y2,,,0,16.622,clean,0,0,0.00,0,0
123,12,0,1.51,1,2.37,170320,Y2,,,0,16.893,clean,0,0,0.00,0,0
123,13,0,1.79,1,2.37,825584,Y4,,,0,16.708,clean,0,0,0.00,0,0
123,14,0,1.51,999,2.61,1007259,Y4,,,0,16.215,clean,0,0,0.00,0,0
123,15,0,1.72,1,2.23,848830,Y2,,,0,15.891,clean,0,0,0.00,0,0
123,16,0,1.42,1,2.33,812799,Y2,,,0,16.193,clean,0,0,0.00,0,0
123,17,0,1.51,1,2.50,136167,Y2,,,0,16.887,clean,0,0,0.00,0,0
123,18,0,1.58,798,2.62,168711,Y4,,,0,19.200,clean,0,0,0.00,0,0
123,19,0,1.40,1,2.50,1018077,Y4,,,0,17.228,clean,0,0,0.00,0,0
123,20,0,1.36,279,2.23,182927,Y4,,,0,16.365,clean,0,0,0.00,0,0
123,21,0,1.60,1,2.35,599205,Y4,,,0,15.638,clean,0,0,0.00,0,0
123,22,0,1.41,1,2.34,1003683,Y4,,,0,15.409,clean,0,0,0.00,0,0
123,23,0,1.82,1,2.37,1319379,Y2,,,0,15.774,clean,0,0,0.00,0,0
123,24,0,1.36,1399,2.42,832379,Y4,,,0,16.117,clean,0,0,0.00,0,0
123,25,0,2.37,204,2.36,941098,Y2,,,0,16.004,clean,0,0,0.00,0,0
123,26,0,1.74,1,2.45,190437,Y2,,,0,15.393,clean,0,0,0.00,0,0
123,27,0,1.67,1,2.26,489414,Y2,,,0,14.952,clean,0,0,0.00,0,0
123,28,0,1.40,1331,2.42,769705,Y2,,,0,14.480,clean,0,0,0.00,0,0
123,29,0,1.72,1,2.58,28610,Y2,,,0,14.709,clean,0,0,0.00,0,0
123,30,0,1.50,1,2.25,232995,Y4,,,0,15.028,clean,0,0,0.00,0,0
123,31,0,1.49,1,2.32,248820,Y4,,,0,15.025,clean,0,0,0.00,0,0
123,32,0,1.34,859,2.36,464380,Y4,,,0,14.402,clean,0,0,0.00,0,0
123,33,0,1.45,113,2.45,473857,Y2,,,0,13.819,clean,0,0,0.00,0,0
123,34,0,1.62,1,2.72,208318,Y2,,,0,13.661,clean,0,0,0.00,0,0
123,35,0,1.91,1,2.35,194103,Y4,,,0,14.016,clean,0,0,0.00,0,0
123,36,0,1.57,1,2.39,397593,Y4,,,0,14.582,clean,0,0,0.00,0,0
123,37,0,1.63,1,2.28,1459569,Y2,,,0,14.673,clean,0,0,0.00,0,0
123,38,0,1.49,1,2.42,665367,Y2,,,0,14.183,clean,0,0,0.00,0,0
123,39,0,1.63,1,2.35,288516,Y4,,,0,13.497,clean,0,0,0.00,0,0
123,40,0,1.60,1,2.46,894,Y2,,,0,13.233,clean,0,0,0.00,0,0
123,41,0,1.93,1,2.39,965238,Y4,,,0,13.428,clean,0,0,0.00,0,0
123,42,0,1.73,1,2.45,1464844,Y4,,,0,13.903,clean,0,0,0.00,0,0
123,43,0,1.67,1,2.28,561208,Y2,,,0,14.130,clean,0,0,0.00,0,0
123,44,0,1.74,1,2.65,1416206,Y4,,,0,13.630,clean,0,0,0.00,0,0
123,45,0,1.86,1,2.55,257581,Y4,,,0,12.788,clean,0,0,0.00,0,0
123,46,0,2.01,1,2.30,14395,Y4,,,0,12.264,clean,0,0,0.00,0,0
123,47,0,1.89,1,2.46,809669,Y4,,,0,12.142,clean,0,0,0.00,0,0
123,48,0,1.75,1234,2.55,227720,Y2,,,0,12.337,clean,0,0,0.00,0,0
123,49,0,1.80,1,2.48,102639,Y4,,,0,12.424,clean,0,0,0.00,0,0
123,50,0,2.20,1,2.35,759780,Y4,,,0,11.924,clean,0,0,0.00,0,0
123,51,0,1.89,1,2.69,721157,Y4,,,0,11.087,clean,0,0,0.00,0,0
123,52,0,2.05,1,2.85,720710,Y2,,,0,10.271,clean,0,0,0.00,0,0
123,53,0,2.61,1,2.40,123560,Y4,0.00/noise-like,0.24/noise-like,0,9.750,hump-note,0,0,0.00,0,0
123,54,0,2.48,1,2.23,378191,Y4,,,0,9.372,clean,0,0,0.00,0,0
123,55,0,2.97,1,2.48,439614,Y2,0.00/noise-like,0.00/noise-like,0,8.857,hump-note,0,0,0.00,0,0
123,56,0,3.44,1,2.33,588566,Y4,0.00/noise-like,0.00/noise-like,0,7.958,hump-note,0,0,0.00,0,0
123,57,0,0,-1,0,0,-,,,0,6.792,QUARANTINE:dark-lane range=61 distinct=61,0,0,0.00,0,0
123,58,0,0,-1,0,0,-,,,0,5.733,QUARANTINE:dark-lane range=52 distinct=50,0,0,0.00,0,0
123,59,0,0,-1,0,0,-,,,0,4.882,QUARANTINE:dark-lane range=41 distinct=42,0,0,0.00,0,0
123,60,0,0,-1,0,0,-,,,0,4.160,QUARANTINE:dark-lane range=39 distinct=39,0,0,0.00,0,0
123,61,0,0,-1,0,0,-,,,0,3.558,QUARANTINE:dark-lane range=33 distinct=33,0,0,0.00,0,0
123,62,0,0,-1,0,0,-,,,0,2.959,QUARANTINE:dark-lane range=26 distinct=27,0,0,0.00,0,0
123,63,0,0,-1,0,0,-,,,0,2.401,QUARANTINE:dark-lane range=20 distinct=21,0,0,0.00,0,0
124,0,0,1.33,375,2.32,12249,Y2,,,0,20.705,clean,0,0,0.00,0,0
124,1,0,1.44,1,2.51,784457,Y2,,,0,19.580,clean,0,0,0.00,0,0
124,2,0,1.58,1643,2.49,921428,Y2,,,0,18.552,clean,0,0,0.00,0,0
124,3,0,1.44,1,2.51,596613,Y2,,,0,17.933,clean,0,0,0.00,0,0
124,4,0,1.33,1263,2.78,1101583,Y4,,,0,17.853,clean,0,0,0.00,0,0
124,5,0,1.38,1,2.28,1044810,Y2,,,0,18.071,clean,0,0,0.00,0,0
124,6,0,1.50,1478,2.35,186503,Y4,,,0,17.994,clean,0,0,0.00,0,0
124,7,0,1.41,1,2.61,94593,Y2,,,0,17.444,clean,0,0,0.00,0,0
124,8,0,1.42,1,2.53,155121,Y4,,,0,16.749,clean,0,0,0.00,0,0
124,9,0,1.65,1,2.40,1373202,Y2,,,0,16.231,clean,0,0,0.00,0,0
124,10,0,1.58,1,2.23,773549,Y2,,,0,16.254,clean,0,0,0.00,0,0
124,11,0,1.46,1,2.34,50247,Y2,,,0,16.646,clean,0,0,0.00,0,0
124,12,0,1.50,1,2.43,1345217,Y2,,,0,16.881,clean,0,0,0.00,0,0
124,13,0,1.62,1,2.41,281096,Y2,,,0,16.711,clean,0,0,0.00,0,0
124,14,0,1.50,1,2.58,26554,Y4,,,0,16.214,clean,0,0,0.00,0,0
124,15,0,1.73,1,2.32,135630,Y4,,,0,15.911,clean,0,0,0.00,0,0
124,16,0,1.56,1,2.55,1127332,Y4,,,0,16.201,clean,0,0,0.00,0,0
124,17,0,1.51,1,2.34,175774,Y4,,,0,16.886,clean,0,0,0.00,0,0
124,18,0,1.59,748,2.45,661075,Y4,,,0,19.212,clean,0,0,0.00,0,0
124,19,0,1.50,1,2.53,713736,Y2,,,0,17.235,clean,0,0,0.00,0,0
124,20,0,1.41,1336,2.46,116050,Y4,,,0,16.368,clean,0,0,0.00,0,0
124,21,0,1.61,1,2.67,614315,Y4,,,0,15.642,clean,0,0,0.00,0,0
124,22,0,1.53,1,2.35,197500,Y2,,,0,15.429,clean,0,0,0.00,0,0
124,23,0,1.46,1,2.77,730634,Y4,,,0,15.734,clean,0,0,0.00,0,0
124,24,0,1.39,1,2.59,373006,Y4,,,0,16.116,clean,0,0,0.00,0,0
124,25,0,1.92,204,2.56,308812,Y4,,,0,16.008,clean,0,0,0.00,0,0
124,26,0,1.60,1,2.43,325441,Y4,,,0,15.373,clean,0,0,0.00,0,0
124,27,0,1.64,1,2.51,568450,Y2,,,0,14.962,clean,0,0,0.00,0,0
124,28,0,1.62,1,2.46,1010746,Y4,,,0,14.421,clean,0,0,0.00,0,0
124,29,0,1.78,1,2.38,243098,Y4,,,0,14.682,clean,0,0,0.00,0,0
124,30,0,1.66,1,2.43,42737,Y2,,,0,15.017,clean,0,0,0.00,0,0
124,31,0,1.60,1,2.52,914186,Y4,,,0,14.978,clean,0,0,0.00,0,0
124,32,0,1.42,947,2.31,990003,Y2,,,0,14.416,clean,0,0,0.00,0,0
124,33,0,1.54,1,2.37,583917,Y2,,,0,13.820,clean,0,0,0.00,0,0
124,34,0,1.80,1,2.23,275016,Y2,,,0,13.647,clean,0,0,0.00,0,0
124,35,0,1.90,1,2.43,969172,Y2,,,0,13.995,clean,0,0,0.00,0,0
124,36,0,1.65,1,2.74,192136,Y2,,,0,14.550,clean,0,0,0.00,0,0
124,37,0,1.75,1,2.58,1262784,Y4,,,0,14.675,clean,0,0,0.00,0,0
124,38,0,1.83,1,2.59,135988,Y4,,,0,14.172,clean,0,0,0.00,0,0
124,39,0,1.59,1,2.37,403225,Y2,,,0,13.495,clean,0,0,0.00,0,0
124,40,0,1.71,1,2.42,804394,Y2,,,0,13.186,clean,0,0,0.00,0,0
124,41,0,1.75,1,2.34,386417,Y4,,,0,13.434,clean,0,0,0.00,0,0
124,42,0,1.60,1,2.41,79125,Y2,,,0,13.891,clean,0,0,0.00,0,0
124,43,0,1.54,1,2.97,445336,Y2,,,0,14.130,clean,0,0,0.00,0,0
124,44,0,1.82,1,2.60,27359,Y4,,,0,13.594,clean,0,0,0.00,0,0
124,45,0,2.04,1,2.49,913382,Y4,,,0,12.825,clean,0,0,0.00,0,0
124,46,0,1.98,1,2.43,485480,Y4,,,0,12.261,clean,0,0,0.00,0,0
124,47,0,1.75,1,2.39,464469,Y4,,,0,12.152,clean,0,0,0.00,0,0
124,48,0,1.68,1234,2.33,996709,Y4,,,0,12.330,clean,0,0,0.00,0,0
124,49,0,2.01,1,2.47,296295,Y4,,,0,12.419,clean,0,0,0.00,0,0
124,50,0,1.89,1,2.41,476897,Y2,,,0,11.944,clean,0,0,0.00,0,0
124,51,0,2.20,1,2.57,909537,Y4,,,0,11.092,clean,0,0,0.00,0,0
124,52,0,2.19,1,2.24,242293,Y2,,,0,10.296,clean,0,0,0.00,0,0
124,53,0,2.51,1,2.47,1380891,Y2,0.00/noise-like,0.24/noise-like,0,9.751,hump-note,0,0,0.00,0,0
124,54,0,2.37,1,2.69,875205,Y2,,,0,9.348,clean,0,0,0.00,0,0
124,55,0,2.66,1,2.34,439882,Y4,0.00/noise-like,0.00/noise-like,0,8.867,hump-note,0,0,0.00,0,0
124,56,0,3.20,1,2.40,1383483,Y2,0.00/noise-like,0.00/noise-like,0,7.961,hump-note,0,0,0.00,0,0
124,57,0,0,-1,0,0,-,,,0,6.788,QUARANTINE:dark-lane range=63 distinct=59,0,0,0.00,0,0
124,58,0,0,-1,0,0,-,,,0,5.747,QUARANTINE:dark-lane range=53 distinct=53,0,0,0.00,0,0
124,59,0,0,-1,0,0,-,,,0,4.877,QUARANTINE:dark-lane range=43 distinct=44,0,0,0.00,0,0
124,60,0,0,-1,0,0,-,,,0,4.162,QUARANTINE:dark-lane range=34 distinct=35,0,0,0.00,0,0
124,61,0,0,-1,0,0,-,,,0,3.559,QUARANTINE:dark-lane range=32 distinct=32,0,0,0.00,0,0
124,62,0,0,-1,0,0,-,,,0,2.956,QUARANTINE:dark-lane range=26 distinct=27,0,0,0.00,0,0
124,63,0,0,-1,0,0,-,,,0,2.403,QUARANTINE:dark-lane range=21 distinct=22,0,0,0.00,0,0
125,0,0,1.30,359,2.35,74565,Y2,,,0,20.720,clean,0,0,0.00,0,0
125,1,0,1.37,1,2.53,1035959,Y4,,,0,19.612,clean,0,0,0.00,0,0
125,2,0,1.44,1643,2.54,1336098,Y4,,,0,18.584,clean,0,0,0.00,0,0
125,3,0,1.35,1,2.61,262946,Y4,,,0,17.999,clean,0,0,0.00,0,0
125,4,0,1.48,1,2.57,209659,Y2,,,0,17.856,clean,0,0,0.00,0,0
125,5,0,1.66,1,2.39,119448,Y2,,,0,18.053,clean,0,0,0.00,0,0
125,6,0,1.39,595,2.32,629067,Y4,,,0,18.011,clean,0,0,0.00,0,0
125,7,0,1.46,1,2.38,104517,Y2,,,0,17.446,clean,0,0,0.00,0,0
125,8,0,1.46,1,2.60,1239181,Y4,,,0,16.757,clean,0,0,0.00,0,0
125,9,0,1.42,1,2.44,106752,Y2,,,0,16.219,clean,0,0,0.00,0,0
125,10,0,1.63,1,2.38,525266,Y4,,,0,16.227,clean,0,0,0.00,0,0
125,11,0,1.48,1,2.52,354320,Y2,,,0,16.596,clean,0,0,0.00,0,0
125,12,0,1.82,1,2.36,1224339,Y4,,,0,16.868,clean,0,0,0.00,0,0
125,13,0,1.48,1,2.23,1026928,Y2,,,0,16.690,clean,0,0,0.00,0,0
125,14,0,1.67,1,2.49,884324,Y4,,,0,16.228,clean,0,0,0.00,0,0
125,15,0,1.42,1,2.55,929207,Y2,,,0,15.918,clean,0,0,0.00,0,0
125,16,0,1.50,1,2.40,70184,Y4,,,0,16.215,clean,0,0,0.00,0,0
125,17,0,1.41,1,2.44,1269400,Y2,,,0,16.891,clean,0,0,0.00,0,0
125,18,0,1.55,781,2.30,501126,Y2,,,0,19.233,clean,0,0,0.00,0,0
125,19,0,1.70,1,2.28,299156,Y4,,,0,17.241,clean,0,0,0.00,0,0
125,20,0,1.73,1,2.49,1031131,Y4,,,0,16.350,clean,0,0,0.00,0,0
125,21,0,1.70,1,2.44,578821,Y2,,,0,15.666,clean,0,0,0.00,0,0
125,22,0,1.62,1,2.31,1294702,Y4,,,0,15.392,clean,0,0,0.00,0,0
125,23,0,1.55,1,2.42,1001537,Y2,,,0,15.722,clean,0,0,0.00,0,0
125,24,0,1.54,1,2.28,1395911,Y4,,,0,16.150,clean,0,0,0.00,0,0
125,25,0,1.91,204,2.28,1351029,Y4,,,0,15.994,clean,0,0,0.00,0,0
125,26,0,1.59,1,2.46,1278162,Y2,,,0,15.382,clean,0,0,0.00,0,0
125,27,0,1.90,1,2.33,1368284,Y4,,,0,14.971,clean,0,0,0.00,0,0
125,28,0,1.67,1,2.45,417352,Y4,,,0,14.474,clean,0,0,0.00,0,0
125,29,0,1.79,1,2.39,1013070,Y4,,,0,14.698,clean,0,0,0.00,0,0
125,30,0,1.49,1,2.45,468493,Y4,,,0,15.041,clean,0,0,0.00,0,0
125,31,0,1.62,1,2.45,138313,Y4,,,0,14.973,clean,0,0,0.00,0,0
125,32,0,1.38,385,2.54,1126885,Y2,,,0,14.406,clean,0,0,0.00,0,0
125,33,0,1.77,1,2.36,400990,Y4,,,0,13.812,clean,0,0,0.00,0,0
125,34,0,1.47,1,2.38,74655,Y4,,,0,13.664,clean,0,0,0.00,0,0
125,35,0,1.72,1,2.37,584096,Y2,,,0,14.002,clean,0,0,0.00,0,0
125,36,0,1.50,1,2.25,1353264,Y2,,,0,14.580,clean,0,0,0.00,0,0
125,37,0,1.60,1,2.35,580430,Y2,,,0,14.689,clean,0,0,0.00,0,0
125,38,0,2.18,1,2.42,7510,Y4,,,0,14.175,clean,0,0,0.00,0,0
125,39,0,1.80,1,2.43,1406282,Y4,,,0,13.523,clean,0,0,0.00,0,0
125,40,0,1.58,1,2.47,1456261,Y4,,,0,13.214,clean,0,0,0.00,0,0
125,41,0,1.84,1,2.57,121236,Y2,,,0,13.411,clean,0,0,0.00,0,0
125,42,0,1.43,1,2.49,467956,Y4,,,0,13.913,clean,0,0,0.00,0,0
125,43,0,1.69,1,2.37,184268,Y4,,,0,14.115,clean,0,0,0.00,0,0
125,44,0,1.50,1,2.24,1460999,Y2,,,0,13.626,clean,0,0,0.00,0,0
125,45,0,1.86,1,2.45,126064,Y2,,,0,12.799,clean,0,0,0.00,0,0
125,46,0,2.25,1,2.45,560224,Y4,,,0,12.250,clean,0,0,0.00,0,0
125,47,0,2.20,1,2.39,847042,Y2,,,0,12.133,clean,0,0,0.00,0,0
125,48,0,1.77,1,2.44,1447409,Y4,,,0,12.361,clean,0,0,0.00,0,0
125,49,0,1.79,1,2.24,357717,Y2,,,0,12.443,clean,0,0,0.00,0,0
125,50,0,1.95,1,2.27,1267433,Y2,,,0,11.934,clean,0,0,0.00,0,0
125,51,0,2.28,1,2.29,732422,Y2,,,0,11.124,clean,0,0,0.00,0,0
125,52,0,2.44,1,2.40,334650,Y2,,,0,10.301,clean,0,0,0.00,0,0
125,53,0,2.23,1,2.47,1242220,Y2,,,0,9.738,clean,0,0,0.00,0,0
125,54,0,2.65,1,2.30,1239538,Y4,0.00/noise-like,0.00/noise-like,0,9.367,hump-note,0,0,0.00,0,0
125,55,0,2.76,1,2.39,1164526,Y2,0.00/noise-like,0.00/noise-like,0,8.853,hump-note,0,0,0.00,0,0
125,56,0,2.69,1,2.41,267416,Y2,0.00/noise-like,0.00/noise-like,0,7.958,hump-note,0,0,0.00,0,0
125,57,0,0,-1,0,0,-,,,0,6.802,QUARANTINE:dark-lane range=61 distinct=60,0,0,0.00,0,0
125,58,0,0,-1,0,0,-,,,0,5.732,QUARANTINE:dark-lane range=51 distinct=50,0,0,0.00,0,0
125,59,0,0,-1,0,0,-,,,0,4.875,QUARANTINE:dark-lane range=41 distinct=41,0,0,0.00,0,0
125,60,0,0,-1,0,0,-,,,0,4.171,QUARANTINE:dark-lane range=36 distinct=37,0,0,0.00,0,0
125,61,0,0,-1,0,0,-,,,0,3.561,QUARANTINE:dark-lane range=30 distinct=31,0,0,0.00,0,0
125,62,0,0,-1,0,0,-,,,0,2.958,QUARANTINE:dark-lane range=28 distinct=26,0,0,0.00,0,0
125,63,0,0,-1,0,0,-,,,0,2.403,QUARANTINE:dark-lane range=20 distinct=21,0,0,0.00,0,0
126,0,0,1.38,252,2.34,660181,Y2,,,0,20.736,clean,0,0,0.00,0,0
126,1,0,1.42,662,2.62,631213,Y2,,,0,19.609,clean,0,0,0.00,0,0
126,2,0,1.41,1643,2.60,854462,Y4,,,0,18.569,clean,0,0,0.00,0,0
126,3,0,1.37,488,2.24,965506,Y4,,,0,17.938,clean,0,0,0.00,0,0
126,4,0,1.71,1,2.43,1257241,Y4,,,0,17.871,clean,0,0,0.00,0,0
126,5,0,1.41,49,2.47,1453221,Y2,,,0,18.078,clean,0,0,0.00,0,0
126,6,0,1.44,1,2.39,1373112,Y4,,,0,17.981,clean,0,0,0.00,0,0
126,7,0,1.62,1,2.50,708103,Y2,,,0,17.454,clean,0,0,0.00,0,0
126,8,0,1.60,1,2.38,237912,Y2,,,0,16.776,clean,0,0,0.00,0,0
126,9,0,1.62,1,2.33,1357198,Y2,,,0,16.255,clean,0,0,0.00,0,0
126,10,0,1.46,1,2.35,255078,Y2,,,0,16.251,clean,0,0,0.00,0,0
126,11,0,1.43,1,2.51,619590,Y2,,,0,16.621,clean,0,0,0.00,0,0
126,12,0,1.45,576,2.50,1190990,Y4,,,0,16.874,clean,0,0,0.00,0,0
126,13,0,1.39,1263,2.46,1301497,Y4,,,0,16.735,clean,0,0,0.00,0,0
126,14,0,1.49,1,2.41,546992,Y4,,,0,16.213,clean,0,0,0.00,0,0
126,15,0,1.64,1,2.47,494957,Y2,,,0,15.925,clean,0,0,0.00,0,0
126,16,0,1.71,1,2.45,477970,Y4,,,0,16.218,clean,0,0,0.00,0,0
126,17,0,1.52,1,2.30,259280,Y4,,,0,16.904,clean,0,0,0.00,0,0
126,18,0,1.75,670,2.30,685394,Y4,,,0,19.211,clean,0,0,0.00,0,0
126,19,0,1.55,1,2.37,685930,Y2,,,0,17.235,clean,0,0,0.00,0,0
126,20,0,1.38,1130,2.37,335723,Y4,,,0,16.341,clean,0,0,0.00,0,0
126,21,0,1.57,1,2.57,326335,Y4,,,0,15.675,clean,0,0,0.00,0,0
126,22,0,1.48,1,2.42,67145,Y2,,,0,15.389,clean,0,0,0.00,0,0
126,23,0,1.67,1,2.89,250876,Y2,,,0,15.729,clean,0,0,0.00,0,0
126,24,0,1.36,1,2.35,227988,Y4,,,0,16.150,clean,0,0,0.00,0,0
126,25,0,2.14,204,2.42,1113206,Y4,,,0,16.014,clean,0,0,0.00,0,0
126,26,0,1.60,1,2.32,895858,Y4,,,0,15.394,clean,0,0,0.00,0,0
126,27,0,1.83,1,2.59,51856,Y2,,,0,14.965,clean,0,0,0.00,0,0
126,28,0,1.64,1,2.42,161201,Y4,,,0,14.470,clean,0,0,0.00,0,0
126,29,0,1.49,1,2.33,604480,Y2,,,0,14.714,clean,0,0,0.00,0,0
126,30,0,1.67,1,2.54,454187,Y2,,,0,15.033,clean,0,0,0.00,0,0
126,31,0,1.77,1,2.81,509888,Y2,,,0,14.941,clean,0,0,0.00,0,0
126,32,0,1.33,1005,2.44,1341,Y2,,,0,14.422,clean,0,0,0.00,0,0
126,33,0,1.81,1,2.86,145465,Y2,,,0,13.805,clean,0,0,0.00,0,0
126,34,0,1.70,1,2.54,1071811,Y2,,,0,13.667,clean,0,0,0.00,0,0
126,35,0,1.89,1,2.46,364423,Y4,,,0,14.005,clean,0,0,0.00,0,0
126,36,0,1.52,1,2.53,786424,Y4,,,0,14.538,clean,0,0,0.00,0,0
126,37,0,1.63,1,2.64,324547,Y4,,,0,14.689,clean,0,0,0.00,0,0
126,38,0,1.80,1,2.72,56684,Y4,,,0,14.182,clean,0,0,0.00,0,0
126,39,0,1.80,1,2.48,541806,Y2,,,0,13.514,clean,0,0,0.00,0,0
126,40,0,1.60,1,2.37,157088,Y2,,,0,13.201,clean,0,0,0.00,0,0
126,41,0,1.70,1,2.40,1456887,Y4,,,0,13.403,clean,0,0,0.00,0,0
126,42,0,1.69,1,2.43,1271278,Y2,,,0,13.905,clean,0,0,0.00,0,0
126,43,0,1.48,1,2.53,811368,Y2,,,0,14.111,clean,0,0,0.00,0,0
126,44,0,1.93,1,2.34,308454,Y2,,,0,13.618,clean,0,0,0.00,0,0
126,45,0,1.85,1,2.50,362366,Y4,,,0,12.766,clean,0,0,0.00,0,0
126,46,0,1.78,1,2.26,637829,Y2,,,0,12.252,clean,0,0,0.00,0,0
126,47,0,1.79,1,2.35,1031309,Y4,,,0,12.168,clean,0,0,0.00,0,0
126,48,0,2.06,1,2.23,744313,Y2,,,0,12.368,clean,0,0,0.00,0,0
126,49,0,1.81,1,2.44,438362,Y2,,,0,12.456,clean,0,0,0.00,0,0
126,50,0,1.72,1,2.43,890762,Y4,,,0,11.950,clean,0,0,0.00,0,0
126,51,0,2.02,1,2.36,1314461,Y2,,,0,11.086,clean,0,0,0.00,0,0
126,52,0,2.32,1,2.48,643820,Y2,,,0,10.290,clean,0,0,0.00,0,0
126,53,0,2.33,1,2.43,80734,Y2,,,0,9.740,clean,0,0,0.00,0,0
126,54,0,2.42,1,2.44,895143,Y4,,,0,9.364,clean,0,0,0.00,0,0
126,55,0,2.74,1,2.50,1291394,Y2,0.00/noise-like,0.00/noise-like,0,8.874,hump-note,0,0,0.00,0,0
126,56,0,3.12,1,2.83,1068771,Y4,0.00/noise-like,0.24/noise-like,0,7.946,hump-note,0,0,0.00,0,0
126,57,0,0,-1,0,0,-,,,0,6.787,QUARANTINE:dark-lane range=56 distinct=57,0,0,0.00,0,0
126,58,0,0,-1,0,0,-,,,0,5.722,QUARANTINE:dark-lane range=51 distinct=50,0,0,0.00,0,0
126,59,0,0,-1,0,0,-,,,0,4.882,QUARANTINE:dark-lane range=43 distinct=43,0,0,0.00,0,0
126,60,0,0,-1,0,0,-,,,0,4.170,QUARANTINE:dark-lane range=38 distinct=38,0,0,0.00,0,0
126,61,0,0,-1,0,0,-,,,0,3.559,QUARANTINE:dark-lane range=32 distinct=33,0,0,0.00,0,0
126,62,0,0,-1,0,0,-,,,0,2.955,QUARANTINE:dark-lane range=25 distinct=26,0,0,0.00,0,0
126,63,0,0,-1,0,0,-,,,0,2.407,QUARANTINE:dark-lane range=21 distinct=22,0,0,0.00,0,0
127,0,0,1.48,1,2.93,991881,Y2,,,0,20.728,clean,0,0,0.00,0,0
127,1,0,1.34,1155,2.41,273854,Y4,,,0,19.652,clean,0,0,0.00,0,0
127,2,0,1.54,1643,2.53,1239806,Y2,,,0,18.579,clean,0,0,0.00,0,0
127,3,0,1.30,506,2.40,150114,Y4,,,0,18.009,clean,0,0,0.00,0,0
127,4,0,1.34,1138,2.46,694424,Y4,,,0,17.888,clean,0,0,0.00,0,0
127,5,0,1.41,1,2.39,359058,Y4,,,0,18.057,clean,0,0,0.00,0,0
127,6,0,1.52,1478,2.36,1407444,Y2,,,0,18.001,clean,0,0,0.00,0,0
127,7,0,1.47,1,2.28,232637,Y4,,,0,17.456,clean,0,0,0.00,0,0
127,8,0,1.82,1,2.52,436842,Y4,,,0,16.755,clean,0,0,0.00,0,0
127,9,0,1.40,1,2.26,1451612,Y4,,,0,16.203,clean,0,0,0.00,0,0
127,10,0,1.39,1241,2.36,199199,Y4,,,0,16.232,clean,0,0,0.00,0,0
127,11,0,1.76,1,2.53,1012802,Y4,,,0,16.648,clean,0,0,0.00,0,0
127,12,0,1.74,1,2.30,762105,Y4,,,0,16.916,clean,0,0,0.00,0,0
127,13,0,1.37,1192,2.41,715792,Y2,,,0,16.737,clean,0,0,0.00,0,0
127,14,0,1.40,1,2.27,1261085,Y4,,,0,16.248,clean,0,0,0.00,0,0
127,15,0,1.49,1,2.29,940204,Y2,,,0,15.941,clean,0,0,0.00,0,0
127,16,0,1.55,1,2.39,71973,Y2,,,0,16.207,clean,0,0,0.00,0,0
127,17,0,1.33,176,2.44,381678,Y4,,,0,16.865,clean,0,0,0.00,0,0
127,18,0,1.63,621,2.42,1313835,Y2,,,0,19.228,clean,0,0,0.00,0,0
127,19,0,1.37,1514,2.44,96202,Y4,,,0,17.248,clean,0,0,0.00,0,0
127,20,0,1.60,1,2.39,1354784,Y2,,,0,16.341,clean,0,0,0.00,0,0
127,21,0,1.48,1,2.30,864565,Y2,,,0,15.621,clean,0,0,0.00,0,0
127,22,0,1.45,1,2.33,698984,Y2,,,0,15.406,clean,0,0,0.00,0,0
127,23,0,1.90,1,2.62,1168370,Y2,,,0,15.758,clean,0,0,0.00,0,0
127,24,0,1.38,351,2.23,1259565,Y2,,,0,16.140,clean,0,0,0.00,0,0
127,25,0,2.31,204,2.30,980973,Y4,,,0,16.042,clean,0,0,0.00,0,0
127,26,0,1.40,1,2.33,938773,Y2,,,0,15.392,clean,0,0,0.00,0,0
127,27,0,1.59,1,2.39,615209,Y2,,,0,14.988,clean,0,0,0.00,0,0
127,28,0,1.54,1,2.40,1390815,Y4,,,0,14.459,clean,0,0,0.00,0,0
127,29,0,1.45,1,2.46,410646,Y2,,,0,14.705,clean,0,0,0.00,0,0
127,30,0,1.65,1,2.28,896126,Y4,,,0,15.019,clean,0,0,0.00,0,0
127,31,0,1.65,1,2.60,641227,Y2,,,0,14.977,clean,0,0,0.00,0,0
127,32,0,1.43,680,2.42,5454,Y4,,,0,14.423,clean,0,0,0.00,0,0
127,33,0,1.54,1,2.39,872254,Y4,,,0,13.801,clean,0,0,0.00,0,0
127,34,0,1.77,1,2.41,1285851,Y4,,,0,13.661,clean,0,0,0.00,0,0
127,35,0,2.00,1,2.31,793219,Y2,,,0,14.002,clean,0,0,0.00,0,0
127,36,0,1.56,1,2.37,91910,Y4,,,0,14.586,clean,0,0,0.00,0,0
127,37,0,1.67,1,2.30,746191,Y2,,,0,14.683,clean,0,0,0.00,0,0
127,38,0,1.87,1,2.30,433087,Y2,,,0,14.144,clean,0,0,0.00,0,0
127,39,0,1.54,1,2.79,221103,Y2,,,0,13.504,clean,0,0,0.00,0,0
127,40,0,1.74,1,2.40,1177937,Y2,,,0,13.193,clean,0,0,0.00,0,0
127,41,0,1.73,1,2.40,197768,Y2,,,0,13.419,clean,0,0,0.00,0,0
127,42,0,1.63,1,2.47,756025,Y4,,,0,13.897,clean,0,0,0.00,0,0
127,43,0,1.59,1,2.62,1118481,Y4,,,0,14.146,clean,0,0,0.00,0,0
127,44,0,1.86,1,2.46,241399,Y2,,,0,13.620,clean,0,0,0.00,0,0
127,45,0,1.56,1,2.26,183642,Y4,,,0,12.804,clean,0,0,0.00,0,0
127,46,0,2.27,1,2.47,1333773,Y4,,,0,12.274,clean,0,0,0.00,0,0
127,47,0,1.91,1,2.31,720978,Y4,,,0,12.163,clean,0,0,0.00,0,0
127,48,0,1.78,1,2.34,1057148,Y4,,,0,12.328,clean,0,0,0.00,0,0
127,49,0,1.81,1,2.42,864297,Y2,,,0,12.449,clean,0,0,0.00,0,0
127,50,0,1.98,1,2.26,928670,Y2,,,0,11.926,clean,0,0,0.00,0,0
127,51,0,2.17,1,2.37,490487,Y4,,,0,11.101,clean,0,0,0.00,0,0
127,52,0,2.29,1,2.34,205368,Y4,,,0,10.313,clean,0,0,0.00,0,0
127,53,0,2.26,1,2.29,1085758,Y4,,,0,9.765,clean,0,0,0.00,0,0
127,54,0,2.38,1,2.38,1109004,Y4,,,0,9.336,clean,0,0,0.00,0,0
127,55,0,2.58,1,2.53,752091,Y4,0.00/noise-like,0.00/noise-like,0,8.874,hump-note,0,0,0.00,0,0
127,56,0,3.10,1,2.46,842750,Y2,0.00/noise-like,0.00/noise-like,0,7.946,hump-note,0,0,0.00,0,0
127,57,0,0,-1,0,0,-,,,0,6.796,QUARANTINE:dark-lane range=57 distinct=58,0,0,0.00,0,0
127,58,0,0,-1,0,0,-,,,0,5.733,QUARANTINE:dark-lane range=47 distinct=48,0,0,0.00,0,0
127,59,0,0,-1,0,0,-,,,0,4.884,QUARANTINE:dark-lane range=42 distinct=43,0,0,0.00,0,0
127,60,0,0,-1,0,0,-,,,0,4.162,QUARANTINE:dark-lane range=37 distinct=38,0,0,0.00,0,0
127,61,0,0,-1,0,0,-,,,0,3.560,QUARANTINE:dark-lane range=31 distinct=31,0,0,0.00,0,0
127,62,0,0,-1,0,0,-,,,0,2.958,QUARANTINE:dark-lane range=25 distinct=26,0,0,0.00,0,0
127,63,0,0,-1,0,0,-,,,0,2.405,QUARANTINE:dark-lane range=21 distinct=22,0,0,0.00,0,0
126,0,0,1.38,252,2.34,660181,Y2,,,0,20.736,clean,0,0,0.00,0,0
126,1,0,1.42,662,2.62,631213,Y2,,,0,19.609,clean,0,0,0.00,0,0
126,2,0,1.41,1643,2.60,854462,Y4,,,0,18.569,clean,0,0,0.00,0,0
126,3,0,1.37,488,2.24,965506,Y4,,,0,17.938,clean,0,0,0.00,0,0
126,4,0,1.71,1,2.43,1257241,Y4,,,0,17.871,clean,0,0,0.00,0,0
126,5,0,1.41,49,2.47,1453221,Y2,,,0,18.078,clean,0,0,0.00,0,0
126,6,0,1.44,1,2.39,1373112,Y4,,,0,17.981,clean,0,0,0.00,0,0
126,7,0,1.62,1,2.50,708103,Y2,,,0,17.454,clean,0,0,0.00,0,0
126,8,0,1.60,1,2.38,237912,Y2,,,0,16.776,clean,0,0,0.00,0,0
126,9,0,1.62,1,2.33,1357198,Y2,,,0,16.255,clean,0,0,0.00,0,0
126,10,0,1.46,1,2.35,255078,Y2,,,0,16.251,clean,0,0,0.00,0,0
126,11,0,1.43,1,2.51,619590,Y2,,,0,16.621,clean,0,0,0.00,0,0
126,12,0,1.45,576,2.50,1190990,Y4,,,0,16.874,clean,0,0,0.00,0,0
126,13,0,1.39,1263,2.46,1301497,Y4,,,0,16.735,clean,0,0,0.00,0,0
126,14,0,1.49,1,2.41,546992,Y4,,,0,16.213,clean,0,0,0.00,0,0
126,15,0,1.64,1,2.47,494957,Y2,,,0,15.925,clean,0,0,0.00,0,0
126,16,0,1.71,1,2.45,477970,Y4,,,0,16.218,clean,0,0,0.00,0,0
126,17,0,1.52,1,2.30,259280,Y4,,,0,16.904,clean,0,0,0.00,0,0
126,18,0,1.75,670,2.30,685394,Y4,,,0,19.211,clean,0,0,0.00,0,0
126,19,0,1.55,1,2.37,685930,Y2,,,0,17.235,clean,0,0,0.00,0,0
126,20,0,1.38,1130,2.37,335723,Y4,,,0,16.341,clean,0,0,0.00,0,0
126,21,0,1.57,1,2.57,326335,Y4,,,0,15.675,clean,0,0,0.00,0,0
126,22,0,1.48,1,2.42,67145,Y2,,,0,15.389,clean,0,0,0.00,0,0
126,23,0,1.67,1,2.89,250876,Y2,,,0,15.729,clean,0,0,0.00,0,0
126,24,0,1.36,1,2.35,227988,Y4,,,0,16.150,clean,0,0,0.00,0,0
126,25,0,2.14,204,2.42,1113206,Y4,,,0,16.014,clean,0,0,0.00,0,0
126,26,0,1.60,1,2.32,895858,Y4,,,0,15.394,clean,0,0,0.00,0,0
126,27,0,1.83,1,2.59,51856,Y2,,,0,14.965,clean,0,0,0.00,0,0
126,28,0,1.64,1,2.42,161201,Y4,,,0,14.470,clean,0,0,0.00,0,0
126,29,0,1.49,1,2.33,604480,Y2,,,0,14.714,clean,0,0,0.00,0,0
126,30,0,1.67,1,2.54,454187,Y2,,,0,15.033,clean,0,0,0.00,0,0
126,31,0,1.77,1,2.81,509888,Y2,,,0,14.941,clean,0,0,0.00,0,0
126,32,0,1.33,1005,2.44,1341,Y2,,,0,14.422,clean,0,0,0.00,0,0
126,33,0,1.81,1,2.86,145465,Y2,,,0,13.805,clean,0,0,0.00,0,0
126,34,0,1.70,1,2.54,1071811,Y2,,,0,13.667,clean,0,0,0.00,0,0
126,35,0,1.89,1,2.46,364423,Y4,,,0,14.005,clean,0,0,0.00,0,0
126,36,0,1.52,1,2.53,786424,Y4,,,0,14.538,clean,0,0,0.00,0,0
126,37,0,1.63,1,2.64,324547,Y4,,,0,14.689,clean,0,0,0.00,0,0
126,38,0,1.80,1,2.72,56684,Y4,,,0,14.182,clean,0,0,0.00,0,0
126,39,0,1.80,1,2.48,541806,Y2,,,0,13.514,clean,0,0,0.00,0,0
126,40,0,1.60,1,2.37,157088,Y2,,,0,13.201,clean,0,0,0.00,0,0
126,41,0,1.70,1,2.40,1456887,Y4,,,0,13.403,clean,0,0,0.00,0,0
126,42,0,1.69,1,2.43,1271278,Y2,,,0,13.905,clean,0,0,0.00,0,0
126,43,0,1.48,1,2.53,811368,Y2,,,0,14.111,clean,0,0,0.00,0,0
126,44,0,1.93,1,2.34,308454,Y2,,,0,13.618,clean,0,0,0.00,0,0
126,45,0,1.85,1,2.50,362366,Y4,,,0,12.766,clean,0,0,0.00,0,0
126,46,0,1.78,1,2.26,637829,Y2,,,0,12.252,clean,0,0,0.00,0,0
126,47,0,1.79,1,2.35,1031309,Y4,,,0,12.168,clean,0,0,0.00,0,0
126,48,0,2.06,1,2.23,744313,Y2,,,0,12.368,clean,0,0,0.00,0,0
126,49,0,1.81,1,2.44,438362,Y2,,,0,12.456,clean,0,0,0.00,0,0
126,50,0,1.72,1,2.43,890762,Y4,,,0,11.950,clean,0,0,0.00,0,0
126,51,0,2.02,1,2.36,1314461,Y2,,,0,11.086,clean,0,0,0.00,0,0
126,52,0,2.32,1,2.48,643820,Y2,,,0,10.290,clean,0,0,0.00,0,0
126,53,0,2.33,1,2.43,80734,Y2,,,0,9.740,clean,0,0,0.00,0,0
126,54,0,2.42,1,2.44,895143,Y4,,,0,9.364,clean,0,0,0.00,0,0
126,55,0,2.74,1,2.50,1291394,Y2,0.00/noise-like,0.00/noise-like,0,8.874,hump-note,0,0,0.00,0,0
126,56,0,3.12,1,2.83,1068771,Y4,0.00/noise-like,0.24/noise-like,0,7.946,hump-note,0,0,0.00,0,0
126,57,0,0,-1,0,0,-,,,0,6.787,QUARANTINE:dark-lane range=56 distinct=57,0,0,0.00,0,0
126,58,0,0,-1,0,0,-,,,0,5.722,QUARANTINE:dark-lane range=51 distinct=50,0,0,0.00,0,0
126,59,0,0,-1,0,0,-,,,0,4.882,QUARANTINE:dark-lane range=43 distinct=43,0,0,0.00,0,0
126,60,0,0,-1,0,0,-,,,0,4.170,QUARANTINE:dark-lane range=38 distinct=38,0,0,0.00,0,0
126,61,0,0,-1,0,0,-,,,0,3.559,QUARANTINE:dark-lane range=32 distinct=33,0,0,0.00,0,0
126,62,0,0,-1,0,0,-,,,0,2.955,QUARANTINE:dark-lane range=25 distinct=26,0,0,0.00,0,0
126,63,0,0,-1,0,0,-,,,0,2.407,QUARANTINE:dark-lane range=21 distinct=22,0,0,0.00,0,0
127,0,0,1.48,1,2.93,991881,Y2,,,0,20.728,clean,0,0,0.00,0,0
127,1,0,1.34,1155,2.41,273854,Y4,,,0,19.652,clean,0,0,0.00,0,0
127,2,0,1.54,1643,2.53,1239806,Y2,,,0,18.579,clean,0,0,0.00,0,0
127,3,0,1.30,506,2.40,150114,Y4,,,0,18.009,clean,0,0,0.00,0,0
127,4,0,1.34,1138,2.46,694424,Y4,,,0,17.888,clean,0,0,0.00,0,0
127,5,0,1.41,1,2.39,359058,Y4,,,0,18.057,clean,0,0,0.00,0,0
127,6,0,1.52,1478,2.36,1407444,Y2,,,0,18.001,clean,0,0,0.00,0,0
127,7,0,1.47,1,2.28,232637,Y4,,,0,17.456,clean,0,0,0.00,0,0
127,8,0,1.82,1,2.52,436842,Y4,,,0,16.755,clean,0,0,0.00,0,0
127,9,0,1.40,1,2.26,1451612,Y4,,,0,16.203,clean,0,0,0.00,0,0
127,10,0,1.39,1241,2.36,199199,Y4,,,0,16.232,clean,0,0,0.00,0,0
127,11,0,1.76,1,2.53,1012802,Y4,,,0,16.648,clean,0,0,0.00,0,0
127,12,0,1.74,1,2.30,762105,Y4,,,0,16.916,clean,0,0,0.00,0,0
127,13,0,1.37,1192,2.41,715792,Y2,,,0,16.737,clean,0,0,0.00,0,0
127,14,0,1.40,1,2.27,1261085,Y4,,,0,16.248,clean,0,0,0.00,0,0
127,15,0,1.49,1,2.29,940204,Y2,,,0,15.941,clean,0,0,0.00,0,0
127,16,0,1.55,1,2.39,71973,Y2,,,0,16.207,clean,0,0,0.00,0,0
127,17,0,1.33,176,2.44,381678,Y4,,,0,16.865,clean,0,0,0.00,0,0
127,18,0,1.63,621,2.42,1313835,Y2,,,0,19.228,clean,0,0,0.00,0,0
127,19,0,1.37,1514,2.44,96202,Y4,,,0,17.248,clean,0,0,0.00,0,0
127,20,0,1.60,1,2.39,1354784,Y2,,,0,16.341,clean,0,0,0.00,0,0
127,21,0,1.48,1,2.30,864565,Y2,,,0,15.621,clean,0,0,0.00,0,0
127,22,0,1.45,1,2.33,698984,Y2,,,0,15.406,clean,0,0,0.00,0,0
127,23,0,1.90,1,2.62,1168370,Y2,,,0,15.758,clean,0,0,0.00,0,0
127,24,0,1.38,351,2.23,1259565,Y2,,,0,16.140,clean,0,0,0.00,0,0
127,25,0,2.31,204,2.30,980973,Y4,,,0,16.042,clean,0,0,0.00,0,0
127,26,0,1.40,1,2.33,938773,Y2,,,0,15.392,clean,0,0,0.00,0,0
127,27,0,1.59,1,2.39,615209,Y2,,,0,14.988,clean,0,0,0.00,0,0
127,28,0,1.54,1,2.40,1390815,Y4,,,0,14.459,clean,0,0,0.00,0,0
127,29,0,1.45,1,2.46,410646,Y2,,,0,14.705,clean,0,0,0.00,0,0
127,30,0,1.65,1,2.28,896126,Y4,,,0,15.019,clean,0,0,0.00,0,0
127,31,0,1.65,1,2.60,641227,Y2,,,0,14.977,clean,0,0,0.00,0,0
127,32,0,1.43,680,2.42,5454,Y4,,,0,14.423,clean,0,0,0.00,0,0
127,33,0,1.54,1,2.39,872254,Y4,,,0,13.801,clean,0,0,0.00,0,0
127,34,0,1.77,1,2.41,1285851,Y4,,,0,13.661,clean,0,0,0.00,0,0
127,35,0,2.00,1,2.31,793219,Y2,,,0,14.002,clean,0,0,0.00,0,0
127,36,0,1.56,1,2.37,91910,Y4,,,0,14.586,clean,0,0,0.00,0,0
127,37,0,1.67,1,2.30,746191,Y2,,,0,14.683,clean,0,0,0.00,0,0
127,38,0,1.87,1,2.30,433087,Y2,,,0,14.144,clean,0,0,0.00,0,0
127,39,0,1.54,1,2.79,221103,Y2,,,0,13.504,clean,0,0,0.00,0,0
127,40,0,1.74,1,2.40,1177937,Y2,,,0,13.193,clean,0,0,0.00,0,0
127,41,0,1.73,1,2.40,197768,Y2,,,0,13.419,clean,0,0,0.00,0,0
127,42,0,1.63,1,2.47,756025,Y4,,,0,13.897,clean,0,0,0.00,0,0
127,43,0,1.59,1,2.62,1118481,Y4,,,0,14.146,clean,0,0,0.00,0,0
127,44,0,1.86,1,2.46,241399,Y2,,,0,13.620,clean,0,0,0.00,0,0
127,45,0,1.56,1,2.26,183642,Y4,,,0,12.804,clean,0,0,0.00,0,0
127,46,0,2.27,1,2.47,1333773,Y4,,,0,12.274,clean,0,0,0.00,0,0
127,47,0,1.91,1,2.31,720978,Y4,,,0,12.163,clean,0,0,0.00,0,0
127,48,0,1.78,1,2.34,1057148,Y4,,,0,12.328,clean,0,0,0.00,0,0
127,49,0,1.81,1,2.42,864297,Y2,,,0,12.449,clean,0,0,0.00,0,0
127,50,0,1.98,1,2.26,928670,Y2,,,0,11.926,clean,0,0,0.00,0,0
127,51,0,2.17,1,2.37,490487,Y4,,,0,11.101,clean,0,0,0.00,0,0
127,52,0,2.29,1,2.34,205368,Y4,,,0,10.313,clean,0,0,0.00,0,0
127,53,0,2.26,1,2.29,1085758,Y4,,,0,9.765,clean,0,0,0.00,0,0
127,54,0,2.38,1,2.38,1109004,Y4,,,0,9.336,clean,0,0,0.00,0,0
127,55,0,2.58,1,2.53,752091,Y4,0.00/noise-like,0.00/noise-like,0,8.874,hump-note,0,0,0.00,0,0
127,56,0,3.10,1,2.46,842750,Y2,0.00/noise-like,0.00/noise-like,0,7.946,hump-note,0,0,0.00,0,0
127,57,0,0,-1,0,0,-,,,0,6.796,QUARANTINE:dark-lane range=57 distinct=58,0,0,0.00,0,0
127,58,0,0,-1,0,0,-,,,0,5.733,QUARANTINE:dark-lane range=47 distinct=48,0,0,0.00,0,0
127,59,0,0,-1,0,0,-,,,0,4.884,QUARANTINE:dark-lane range=42 distinct=43,0,0,0.00,0,0
127,60,0,0,-1,0,0,-,,,0,4.162,QUARANTINE:dark-lane range=37 distinct=38,0,0,0.00,0,0
127,61,0,0,-1,0,0,-,,,0,3.560,QUARANTINE:dark-lane range=31 distinct=31,0,0,0.00,0,0
127,62,0,0,-1,0,0,-,,,0,2.958,QUARANTINE:dark-lane range=25 distinct=26,0,0,0.00,0,0
127,63,0,0,-1,0,0,-,,,0,2.405,QUARANTINE:dark-lane range=21 distinct=22,0,0,0.00,0,0
