block,chan,pol,spec_ratio,spec_bin,fam_best,fam_hz,fam_tag,vm_sign,vm_diff,spikes,rms,verdict
0,0,0,5.60,1,2.59,885576,Y2,0.24/noise-like,0.00/noise-like,0,18.771,SPECTRAL-LINE
0,1,0,1.36,443,2.55,989199,Y4,,,0,18.382,clean
0,2,0,1.94,1,2.46,1412630,Y4,,,0,17.759,clean
0,3,0,1.48,1,2.41,221193,Y4,,,0,17.261,clean
0,4,0,1.44,1,2.53,402778,Y2,,,0,17.092,clean
0,5,0,1.57,1,2.28,554681,Y2,,,0,17.399,clean
0,6,0,1.32,1019,2.55,109792,Y2,,,0,17.642,clean
0,7,0,1.41,1151,2.38,277698,Y4,,,0,17.338,clean
0,8,0,1.61,1,2.41,451595,Y4,,,0,16.886,clean
0,9,0,1.61,1,2.43,1246512,Y4,,,0,16.722,clean
0,10,0,1.39,551,2.57,131339,Y4,,,0,16.706,clean
0,11,0,1.47,188,2.41,1347363,Y2,,,0,16.726,clean
0,12,0,1.38,664,2.36,130713,Y2,,,0,16.822,clean
0,13,0,1.60,1,2.45,651419,Y2,,,0,16.435,clean
0,14,0,1.59,1,2.66,650078,Y4,,,0,15.806,clean
0,15,0,1.34,924,2.66,698626,Y2,,,0,15.378,clean
0,16,0,1.39,1104,2.52,811458,Y2,,,0,15.522,clean
0,17,0,1.79,1,2.29,570506,Y4,,,0,15.887,clean
0,18,0,1.69,215,2.46,148326,Y4,,,0,17.516,clean
0,19,0,1.58,1,2.62,310242,Y4,,,0,15.783,clean
0,20,0,1.53,1,2.32,20027,Y2,,,0,14.934,clean
0,21,0,1.62,1,2.67,1295775,Y4,,,0,14.356,clean
0,22,0,1.61,1,2.41,702828,Y4,,,0,14.252,clean
0,23,0,1.44,1,2.47,330269,Y2,,,0,14.854,clean
0,24,0,1.58,1,3.03,239432,Y4,0.24/noise-like,0.24/noise-like,0,15.703,FAM-HIT
0,25,0,1.51,1,2.30,154138,Y2,,,0,15.900,clean
0,26,0,1.41,1140,2.37,1430690,Y2,,,0,15.251,clean
0,27,0,1.84,1,2.39,179529,Y2,,,0,14.743,clean
0,28,0,1.70,1,2.59,995189,Y2,,,0,14.400,clean
0,29,0,1.51,1,2.40,360399,Y4,,,0,14.521,clean
0,30,0,1.71,1,2.58,1401722,Y4,,,0,15.078,clean
0,31,0,1.45,1,2.25,1003057,Y4,,,0,15.496,clean
0,32,0,1.61,1,2.39,653744,Y4,,,0,15.016,clean
0,33,0,1.79,1,2.46,258833,Y2,,,0,14.066,clean
0,34,0,1.78,1,2.23,561029,Y4,,,0,13.538,clean
0,35,0,1.75,1,2.55,79036,Y4,,,0,13.652,clean
0,36,0,1.65,1,2.42,151902,Y4,,,0,13.846,clean
0,37,0,1.89,1,2.39,978559,Y2,,,0,13.803,clean
0,38,0,1.69,1,2.81,36567,Y4,,,0,13.624,clean
0,39,0,1.66,1,2.55,135630,Y2,,,0,13.164,clean
0,40,0,2.10,1,2.57,586152,Y4,,,0,12.643,clean
0,41,0,1.87,1,2.46,101209,Y2,,,0,12.688,clean
0,42,0,1.78,1,2.37,998318,Y2,,,0,13.005,clean
0,43,0,1.49,1,2.32,1005024,Y4,,,0,13.196,clean
0,44,0,2.05,1,2.53,27269,Y2,,,0,12.880,clean
0,45,0,1.74,1,2.34,636935,Y2,,,0,12.374,clean
0,46,0,2.11,1,2.40,444353,Y2,,,0,12.172,clean
0,47,0,1.76,1,2.31,1058310,Y2,,,0,12.308,clean
0,48,0,2.98,1,2.43,1224250,Y4,0.24/noise-like,0.24/noise-like,0,12.394,hump-note
0,49,0,1.95,1,2.50,124902,Y2,,,0,12.344,clean
0,50,0,1.64,1,2.30,38534,Y4,,,0,11.848,clean
0,51,0,2.12,1,2.47,397325,Y4,,,0,10.768,clean
0,52,0,2.52,1,2.32,609308,Y4,0.00/noise-like,0.00/noise-like,0,9.790,hump-note
0,53,0,2.37,1,2.62,291467,Y4,,,0,9.375,clean
0,54,0,2.59,1,2.53,478864,Y4,0.00/noise-like,0.00/noise-like,0,9.148,hump-note
0,55,0,2.85,1,2.47,315160,Y2,0.24/noise-like,0.00/noise-like,0,8.684,hump-note
0,56,0,3.15,1,2.21,102818,Y4,0.24/noise-like,0.00/noise-like,0,7.859,hump-note
0,57,0,0,-1,0,0,-,,,0,6.667,QUARANTINE:dark-lane range=57 distinct=57
0,58,0,0,-1,0,0,-,,,0,5.433,QUARANTINE:dark-lane range=48 distinct=47
0,59,0,0,-1,0,0,-,,,0,4.469,QUARANTINE:dark-lane range=38 distinct=39
0,60,0,0,-1,0,0,-,,,0,3.747,QUARANTINE:dark-lane range=35 distinct=35
0,61,0,0,-1,0,0,-,,,0,3.242,QUARANTINE:dark-lane range=27 distinct=28
0,62,0,0,-1,0,0,-,,,0,2.737,QUARANTINE:dark-lane range=23 distinct=24
0,63,0,0,-1,0,0,-,,,0,2.238,QUARANTINE:dark-lane range=20 distinct=21
1,0,0,5.11,1,2.36,1013249,Y2,0.00/?,0.00/?,0,18.877,SPECTRAL-LINE
1,1,0,1.49,1,2.76,527501,Y2,,,0,18.394,clean
1,2,0,1.37,51,2.45,188380,Y2,,,0,17.773,clean
1,3,0,1.51,1,2.24,148058,Y2,,,0,17.270,clean
1,4,0,1.56,1,2.34,777483,Y4,,,0,17.120,clean
1,5,0,1.45,1,2.33,473052,Y2,,,0,17.434,clean
1,6,0,1.79,1,2.34,468135,Y2,,,0,17.652,clean
1,7,0,1.58,1,2.33,399649,Y2,,,0,17.347,clean
1,8,0,1.42,505,2.41,187755,Y2,,,0,16.849,clean
1,9,0,1.67,1,2.19,756830,Y2,,,1,16.760,clean
1,10,0,1.65,1,2.33,328928,Y2,,,0,16.724,clean
1,11,0,1.51,1,2.26,1005292,Y2,,,0,16.710,clean
1,12,0,1.41,1,2.35,475645,Y2,,,0,16.787,clean
1,13,0,1.36,859,2.41,1066178,Y2,,,0,16.493,clean
1,14,0,1.71,1,2.56,1330465,Y4,,,0,15.779,clean
1,15,0,1.55,1,2.32,818789,Y4,,,0,15.379,clean
1,16,0,1.42,1,2.36,885129,Y2,,,0,15.527,clean
1,17,0,1.73,1,2.39,892729,Y4,,,0,15.921,clean
1,18,0,1.55,367,2.62,207782,Y2,,,0,17.545,clean
1,19,0,1.32,207,2.37,1389831,Y2,,,0,15.796,clean
1,20,0,1.48,1,2.56,516951,Y2,,,0,14.992,clean
1,21,0,1.71,1,2.61,99063,Y2,,,0,14.355,clean
1,22,0,1.67,1,2.55,1370519,Y2,,,0,14.258,clean
1,23,0,1.73,1,2.30,283331,Y2,,,0,14.826,clean
1,24,0,1.38,1,2.27,93162,Y4,,,0,15.727,clean
1,25,0,1.69,1,2.38,69112,Y2,,,0,15.913,clean
1,26,0,1.70,1,2.34,992864,Y2,,,0,15.297,clean
1,27,0,1.62,1,2.28,243902,Y4,,,0,14.717,clean
1,28,0,1.50,1,2.55,579357,Y2,,,0,14.406,clean
1,29,0,1.57,1,2.41,1217812,Y2,,,0,14.521,clean
1,30,0,1.41,1,2.41,667155,Y4,,,0,15.082,clean
1,31,0,1.75,1,2.42,712126,Y4,,,0,15.458,clean
1,32,0,1.42,991,2.31,471175,Y4,,,0,14.978,clean
1,33,0,1.71,1,2.37,1353443,Y4,,,0,14.049,clean
1,34,0,1.52,1,2.58,811011,Y4,,,0,13.536,clean
1,35,0,1.91,1,2.43,334561,Y2,,,0,13.660,clean
1,36,0,1.54,1,2.56,797957,Y2,,,0,13.846,clean
1,37,0,1.56,1,2.39,461251,Y2,,,0,13.806,clean
1,38,0,1.77,1,2.31,288695,Y2,,,0,13.617,clean
1,39,0,1.75,1,2.40,958174,Y2,,,0,13.142,clean
1,40,0,2.00,1,2.34,277162,Y4,,,0,12.668,clean
1,41,0,1.99,1,2.17,1288354,Y2,,,0,12.678,clean
1,42,0,1.73,1,2.30,101566,Y4,,,0,13.003,clean
1,43,0,1.80,1,2.42,1001447,Y4,,,0,13.247,clean
1,44,0,1.89,1,2.37,38266,Y2,,,0,12.920,clean
1,45,0,2.01,1,2.42,297457,Y4,,,0,12.379,clean
1,46,0,2.02,1,2.33,207603,Y4,,,0,12.180,clean
1,47,0,1.67,1,2.52,1020759,Y2,,,0,12.290,clean
1,48,0,2.43,1,2.32,787050,Y4,,,0,12.409,clean
1,49,0,1.81,1,2.63,1380980,Y4,,,0,12.320,clean
1,50,0,1.98,1,2.35,409573,Y2,,,0,11.871,clean
1,51,0,2.57,1,2.39,1387596,Y4,0.00/noise-like,0.00/noise-like,0,10.766,hump-note
1,52,0,2.46,1,2.47,220835,Y4,,,0,9.792,clean
1,53,0,2.71,1,2.39,1377046,Y4,0.00/?,0.00/?,0,9.380,hump-note
1,54,0,2.77,1,2.42,1092643,Y4,0.00/noise-like,0.00/noise-like,0,9.161,hump-note
1,55,0,2.46,1,2.44,218689,Y2,,,2,8.701,clean
1,56,0,3.12,1,2.26,574529,Y4,0.00/?,0.00/noise-like,0,7.868,hump-note
1,57,0,3.58,1,71.07,2861,Y4,0.00/noise-like,0.24/noise-like,2,6.768,FAM-HIT
1,58,0,0,-1,0,0,-,,,0,5.430,QUARANTINE:dark-lane range=50 distinct=48
1,59,0,0,-1,0,0,-,,,1,4.482,QUARANTINE:dark-lane range=53 distinct=49
1,61,0,0,-1,0,0,-,,,0,3.244,QUARANTINE:dark-lane range=27 distinct=28
1,62,0,0,-1,0,0,-,,,0,2.740,QUARANTINE:dark-lane range=23 distinct=24
1,63,0,0,-1,0,0,-,,,0,2.240,QUARANTINE:dark-lane range=20 distinct=20
2,0,0,5.79,1,2.39,941366,Y4,0.00/?,0.00/noise-like,0,18.726,SPECTRAL-LINE
2,1,0,1.40,1,2.41,1041502,Y2,,,0,18.355,clean
2,2,0,1.33,410,2.53,546098,Y4,,,0,17.756,clean
2,3,0,1.44,1103,2.34,308901,Y4,,,0,17.240,clean
2,4,0,1.41,1369,2.39,1120895,Y4,,,0,17.116,clean
2,5,0,1.60,1,2.49,1011997,Y2,,,0,17.423,clean
2,6,0,1.37,1,2.35,285387,Y4,,,0,17.606,clean
2,7,0,1.52,1,2.59,345558,Y2,,,0,17.323,clean
2,8,0,1.64,1,2.57,372022,Y2,,,0,16.860,clean
2,9,0,1.41,1149,2.63,1448572,Y2,,,0,16.722,clean
2,10,0,1.54,1,2.28,1369089,Y2,,,0,16.679,clean
2,11,0,1.47,1,2.49,1392066,Y4,,,0,16.703,clean
2,12,0,1.48,1,2.70,798494,Y4,,,0,16.777,clean
2,13,0,1.39,1,2.43,1329213,Y4,,,0,16.498,clean
2,14,0,1.83,1,2.46,99421,Y2,,,0,15.788,clean
2,15,0,1.41,1355,2.33,343055,Y2,,,0,15.374,clean
2,16,0,1.35,1304,2.40,876456,Y2,,,0,15.512,clean
2,17,0,1.52,1,2.72,853211,Y2,,,0,15.878,clean
2,18,0,1.71,1,2.32,848919,Y2,,,0,17.544,clean
2,19,0,1.68,1,2.44,459373,Y2,,,0,15.826,clean
2,20,0,1.68,1,2.26,901490,Y4,,,0,14.946,clean
2,21,0,1.82,1,2.43,408232,Y2,,,0,14.362,clean
2,22,0,1.70,1,2.40,726432,Y2,,,0,14.264,clean
2,23,0,1.47,1,2.44,874758,Y4,,,0,14.826,clean
2,24,0,1.76,1,2.60,854999,Y2,,,0,15.740,clean
2,25,0,1.85,1,2.24,232548,Y4,,,0,15.918,clean
2,26,0,1.55,1,2.48,1426578,Y4,,,0,15.282,clean
2,27,0,1.86,1,2.41,300497,Y4,,,0,14.779,clean
2,28,0,1.62,1,2.39,1417816,Y2,,,0,14.399,clean
2,29,0,1.83,1,2.46,41664,Y4,,,0,14.548,clean
2,30,0,1.60,1,2.57,473410,Y4,,,0,15.026,clean
2,31,0,1.89,1,2.52,764966,Y4,,,0,15.435,clean
2,32,0,2.74,1,2.45,1036853,Y2,0.00/noise-like,0.00/noise-like,0,15.024,hump-note
2,33,0,1.64,1,2.37,813961,Y4,,,0,14.051,clean
2,34,0,1.55,1,2.46,1323313,Y2,,,0,13.528,clean
2,35,0,1.80,1,2.41,992149,Y2,,,0,13.639,clean
2,36,0,1.79,1,2.33,1334935,Y4,,,0,13.859,clean
2,37,0,1.70,1,2.25,1250446,Y2,,,0,13.797,clean
2,38,0,1.75,1,2.44,230044,Y4,,,0,13.635,clean
2,39,0,1.78,1,2.31,1390725,Y2,,,0,13.168,clean
2,40,0,1.59,1,2.60,1069218,Y4,,,0,12.663,clean
2,41,0,2.02,1,2.17,963449,Y2,,,0,12.678,clean
2,42,0,1.76,1,2.28,201344,Y2,,,0,13.013,clean
2,43,0,2.05,1,2.38,1150936,Y4,,,0,13.226,clean
2,44,0,2.05,1,2.41,1223713,Y4,,,0,12.902,clean
2,45,0,1.89,1,2.22,383109,Y4,,,0,12.378,clean
2,46,0,2.04,1,2.24,103623,Y2,,,0,12.191,clean
2,47,0,1.86,1,2.44,126332,Y4,,,0,12.292,clean
2,48,0,4.54,1,2.30,650078,Y4,0.00/?,0.00/noise-like,0,12.394,hump-note
2,49,0,1.71,1,2.35,895143,Y4,,,0,12.335,clean
2,50,0,2.12,1,2.31,264466,Y2,,,0,11.862,clean
2,51,0,2.16,1,2.78,201344,Y2,,,0,10.778,clean
2,52,0,2.43,1,2.30,11623,Y4,,,0,9.777,clean
2,53,0,2.41,1,2.55,1328409,Y2,,,0,9.374,clean
2,54,0,2.28,1,2.48,288069,Y2,,,0,9.151,clean
2,55,0,2.89,1,2.26,207871,Y2,0.24/noise-like,0.00/noise-like,0,8.697,hump-note
2,56,0,2.97,1,2.36,1005203,Y2,0.00/noise-like,0.24/noise-like,0,7.870,hump-note
2,57,0,0,-1,0,0,-,,,0,6.654,QUARANTINE:dark-lane range=55 distinct=56
2,58,0,0,-1,0,0,-,,,0,5.431,QUARANTINE:dark-lane range=46 distinct=47
2,59,0,0,-1,0,0,-,,,0,4.460,QUARANTINE:dark-lane range=42 distinct=39
2,60,0,0,-1,0,0,-,,,0,3.742,QUARANTINE:dark-lane range=35 distinct=33
2,61,0,0,-1,0,0,-,,,0,3.245,QUARANTINE:dark-lane range=30 distinct=31
2,62,0,0,-1,0,0,-,,,0,2.737,QUARANTINE:dark-lane range=24 distinct=25
2,63,0,0,-1,0,0,-,,,0,2.242,QUARANTINE:dark-lane range=19 distinct=20
3,0,0,5.25,1,2.78,974715,Y2,0.00/?,0.00/noise-like,0,18.745,SPECTRAL-LINE
3,1,0,1.38,1320,2.35,982225,Y4,,,0,18.368,clean
3,2,0,1.85,1,2.33,750929,Y4,,,0,17.778,clean
3,3,0,1.40,1,2.42,76443,Y2,,,0,17.237,clean
3,4,0,1.55,1,2.45,533581,Y4,,,0,17.098,clean
3,5,0,1.47,1,2.52,40591,Y4,,,0,17.425,clean
3,6,0,1.35,516,2.41,71704,Y2,,,0,17.629,clean
3,7,0,1.35,390,2.42,274837,Y2,,,0,17.293,clean
3,8,0,1.44,1,2.39,413775,Y2,,,0,16.847,clean
3,9,0,1.61,1,2.44,983,Y2,,,0,16.721,clean
3,10,0,1.38,260,2.27,271708,Y4,,,0,16.650,clean
3,11,0,1.41,1,2.34,1383752,Y2,,,0,16.722,clean
3,12,0,1.39,496,2.33,1436323,Y4,,,0,16.803,clean
3,13,0,1.72,1,2.59,491470,Y2,,,0,16.478,clean
3,14,0,1.45,1239,2.57,1129568,Y4,,,0,15.774,clean
3,15,0,1.83,1,2.32,1367033,Y2,,,0,15.371,clean
3,16,0,1.55,1,2.49,157267,Y2,,,0,15.482,clean
3,17,0,1.39,1,2.41,752985,Y2,,,0,15.899,clean
3,18,0,1.76,1,2.54,479490,Y4,,,0,17.492,clean
3,19,0,1.36,502,2.47,1092911,Y4,,,0,15.825,clean
3,20,0,1.35,278,2.42,1280934,Y4,,,0,14.968,clean
3,21,0,1.71,1,2.40,312924,Y4,,,0,14.336,clean
3,22,0,1.67,1,2.25,30041,Y2,,,0,14.272,clean
3,23,0,1.66,1,2.39,1133680,Y2,,,0,14.843,clean
3,24,0,1.50,1,2.60,1410931,Y4,,,0,15.740,clean
3,25,0,1.43,1,2.34,193745,Y2,,,0,15.908,clean
3,26,0,1.91,1,2.48,188291,Y4,,,0,15.292,clean
3,27,0,1.77,1,2.71,1383215,Y2,,,0,14.789,clean
3,28,0,1.46,1,2.61,481993,Y2,,,0,14.415,clean
3,29,0,1.81,1,2.30,308722,Y4,,,0,14.555,clean
3,30,0,1.55,1,2.55,885397,Y4,,,0,15.029,clean
3,31,0,1.52,1,2.43,1289606,Y2,,,0,15.392,clean
3,32,0,1.61,1,2.44,1122236,Y2,,,0,14.979,clean
3,33,0,1.82,1,2.41,1262873,Y2,,,0,14.031,clean
3,34,0,1.86,1,2.44,787497,Y2,,,0,13.487,clean
3,35,0,1.70,1,2.51,1156479,Y2,,,0,13.639,clean
3,36,0,1.83,1,2.50,969887,Y4,,,0,13.851,clean
3,37,0,1.66,1,2.53,1293540,Y2,,,0,13.818,clean
3,38,0,1.88,1,2.42,254631,Y2,,,0,13.632,clean
3,39,0,1.67,1,2.44,875473,Y4,,,0,13.184,clean
3,40,0,1.88,1,2.41,123292,Y4,,,0,12.693,clean
3,41,0,1.72,1,2.30,537604,Y2,,,0,12.679,clean
3,42,0,1.83,1,2.38,1197696,Y2,,,0,13.037,clean
3,43,0,1.99,1,2.39,287890,Y4,,,0,13.230,clean
3,44,0,1.80,1,2.53,1268685,Y2,,,0,12.915,clean
3,45,0,2.12,1,2.24,509262,Y4,,,0,12.361,clean
3,46,0,1.89,1,2.49,976771,Y4,,,0,12.159,clean
3,47,0,1.84,1,2.44,707120,Y2,,,0,12.293,clean
3,48,0,4.13,1,2.40,1108110,Y2,0.00/noise-like,0.00/noise-like,0,12.396,hump-note
3,49,0,1.91,1,2.64,143319,Y2,,,0,12.315,clean
3,50,0,2.01,1,2.39,1006365,Y2,,,0,11.864,clean
3,51,0,2.27,1,2.32,1244456,Y2,,,0,10.758,clean
3,52,0,2.60,1,2.38,1301050,Y4,0.24/noise-like,0.24/noise-like,0,9.782,hump-note
3,53,0,2.62,1,2.32,1227826,Y4,0.00/noise-like,0.24/noise-like,0,9.388,hump-note
3,54,0,2.70,1,2.98,1464844,Y2,0.24/noise-like,0.00/noise-like,0,9.166,hump-note
3,55,0,2.60,1,2.26,1155227,Y4,0.00/noise-like,0.24/noise-like,0,8.694,hump-note
3,56,0,3.00,1,2.33,497371,Y2,0.24/noise-like,0.00/noise-like,0,7.864,hump-note
3,58,0,0,-1,0,0,-,,,0,5.441,QUARANTINE:dark-lane range=49 distinct=47
3,59,0,0,-1,0,0,-,,,0,4.461,QUARANTINE:dark-lane range=40 distinct=40
3,60,0,0,-1,0,0,-,,,0,3.737,QUARANTINE:dark-lane range=35 distinct=33
3,61,0,0,-1,0,0,-,,,0,3.246,QUARANTINE:dark-lane range=29 distinct=30
3,62,0,0,-1,0,0,-,,,0,2.738,QUARANTINE:dark-lane range=26 distinct=26
3,63,0,0,-1,0,0,-,,,0,2.241,QUARANTINE:dark-lane range=20 distinct=21
4,0,0,4.78,1,2.57,363708,Y4,0.00/noise-like,0.24/noise-like,0,18.780,hump-note
4,1,0,1.37,1449,2.35,1417726,Y4,,,0,18.332,clean
4,2,0,1.44,1,2.79,1394480,Y2,,,0,17.755,clean
4,3,0,1.56,1,2.55,43809,Y4,,,0,17.233,clean
4,4,0,1.64,1,2.55,560403,Y4,,,0,17.144,clean
4,5,0,1.63,1,2.29,36389,Y4,,,0,17.405,clean
4,6,0,1.35,789,2.30,60260,Y2,,,0,17.632,clean
4,7,0,1.53,1,2.43,878245,Y4,,,0,17.346,clean
4,8,0,1.45,1,2.61,444531,Y2,,,0,16.856,clean
4,9,0,1.42,1,2.50,88513,Y2,,,0,16.720,clean
4,10,0,1.45,1,2.53,198215,Y2,,,0,16.696,clean
4,11,0,1.48,1,2.41,892013,Y2,,,0,16.709,clean
4,12,0,1.49,1,2.59,522852,Y4,,,0,16.820,clean
4,13,0,1.36,1,2.79,1370966,Y4,,,0,16.477,clean
4,14,0,1.42,1,2.39,96649,Y2,,,0,15.745,clean
4,15,0,1.52,1,2.45,1039088,Y2,,,0,15.385,clean
4,16,0,1.40,1,2.45,1150578,Y2,,,0,15.527,clean
4,17,0,1.34,1344,2.69,1267880,Y2,,,0,15.904,clean
4,18,0,1.63,1,2.42,143945,Y2,,,0,17.534,clean
4,19,0,1.60,1,2.51,323653,Y2,,,0,15.798,clean
4,20,0,1.85,1,2.60,163525,Y2,,,0,14.969,clean
4,21,0,1.81,1,2.63,593036,Y4,,,0,14.351,clean
4,22,0,1.62,1,2.27,131518,Y2,,,0,14.240,clean
4,23,0,1.72,1,2.35,422090,Y4,,,0,14.887,clean
4,24,0,1.75,1,2.40,778645,Y2,,,0,15.718,clean
4,25,0,1.33,970,2.30,876188,Y2,,,0,15.947,clean
4,26,0,1.56,1,2.42,284582,Y4,,,0,15.309,clean
4,27,0,1.71,1,2.56,384539,Y4,,,0,14.779,clean
4,28,0,1.69,1,2.35,796169,Y2,,,0,14.413,clean
4,29,0,1.72,1,2.54,221282,Y4,,,0,14.532,clean
4,30,0,1.72,1,2.48,898451,Y4,,,0,15.006,clean
4,31,0,1.60,1,2.32,395089,Y2,,,0,15.379,clean
4,32,0,2.94,1,2.45,88871,Y4,0.00/noise-like,0.00/noise-like,0,14.984,hump-note
4,33,0,1.74,1,2.31,1396537,Y4,,,0,14.039,clean
4,34,0,2.00,1,2.49,759423,Y2,,,0,13.488,clean
4,35,0,1.50,1,2.42,645339,Y4,,,0,13.623,clean
4,36,0,1.85,1,2.42,896931,Y4,,,0,13.850,clean
4,37,0,1.89,1,2.27,651777,Y2,,,0,13.810,clean
4,38,0,1.78,1,2.38,366658,Y2,,,0,13.674,clean
4,39,0,2.02,1,2.42,415653,Y4,,,0,13.209,clean
4,40,0,1.64,1,2.31,1389295,Y4,,,0,12.724,clean
4,41,0,1.87,1,2.36,477433,Y2,,,0,12.721,clean
4,42,0,1.96,1,2.54,1096129,Y4,,,0,13.035,clean
4,43,0,2.11,1,2.31,226647,Y2,,,0,13.252,clean
4,44,0,2.04,1,2.29,1464844,Y2,,,0,12.895,clean
4,45,0,1.71,1,2.33,1122952,Y4,,,0,12.385,clean
4,46,0,2.03,1,2.44,201702,Y4,,,0,12.194,clean
4,47,0,1.95,1,2.26,1124829,Y2,,,0,12.305,clean
4,48,0,3.51,1,2.38,1010567,Y2,0.00/?,0.00/noise-like,0,12.440,hump-note
4,49,0,1.80,1,2.44,848204,Y2,,,0,12.329,clean
4,50,0,1.89,1,2.38,449270,Y2,,,0,11.864,clean
4,51,0,2.15,1,2.44,81897,Y4,,,0,10.772,clean
4,52,0,2.27,1,2.43,4202,Y4,,,0,9.784,clean
4,53,0,2.57,1,2.54,324994,Y4,0.00/noise-like,0.24/noise-like,0,9.401,hump-note
4,54,0,2.56,1,2.83,1366585,Y4,0.00/?,0.00/?,0,9.179,hump-note
4,55,0,2.75,1,2.39,994116,Y2,0.00/?,0.00/?,0,8.712,hump-note
4,56,0,2.93,1,2.53,92715,Y2,0.00/noise-like,0.24/noise-like,0,7.887,hump-note
4,57,0,0,-1,0,0,-,,,0,6.670,QUARANTINE:dark-lane range=56 distinct=57
4,58,0,0,-1,0,0,-,,,0,5.453,QUARANTINE:dark-lane range=49 distinct=49
4,59,0,0,-1,0,0,-,,,0,4.455,QUARANTINE:dark-lane range=42 distinct=40
4,61,0,0,-1,0,0,-,,,0,3.249,QUARANTINE:dark-lane range=29 distinct=30
4,63,0,0,-1,0,0,-,,,0,2.235,QUARANTINE:dark-lane range=20 distinct=21
5,0,0,4.82,1,2.33,330806,Y4,0.24/noise-like,0.24/noise-like,0,18.703,hump-note
5,1,0,1.43,1,2.54,522584,Y2,,,0,18.324,clean
5,2,0,1.34,415,2.58,1431048,Y2,,,0,17.771,clean
5,3,0,1.34,1,2.47,174254,Y2,,,0,17.237,clean
5,4,0,1.41,381,2.41,1066446,Y4,,,0,17.101,clean
5,5,0,1.44,1,2.29,302196,Y2,,,0,17.420,clean
5,6,0,1.36,1068,2.30,114262,Y2,,,0,17.609,clean
5,7,0,1.38,1,2.61,1377851,Y4,,,0,17.337,clean
5,8,0,1.38,1453,2.62,862241,Y4,,,0,16.889,clean
5,9,0,1.53,1,2.34,414133,Y4,,,0,16.725,clean
5,10,0,1.39,487,2.46,1063406,Y4,,,0,16.709,clean
5,11,0,1.46,525,2.54,1067877,Y4,,,0,16.745,clean
5,12,0,1.61,1,2.28,1128942,Y2,,,0,16.824,clean
5,13,0,1.38,1,2.36,65625,Y2,,,0,16.477,clean
5,14,0,1.45,1,2.29,209928,Y2,,,0,15.777,clean
5,15,0,1.48,1,2.39,732243,Y4,,,0,15.367,clean
5,16,0,1.43,1,2.45,555843,Y2,,,0,15.507,clean
5,17,0,1.37,829,2.42,440687,Y2,,,0,15.887,clean
5,18,0,1.62,310,2.42,156105,Y2,,,0,17.531,clean
5,19,0,1.57,1,2.39,1059026,Y2,,,0,15.790,clean
5,20,0,1.60,1,2.22,732422,Y4,,,0,14.955,clean
5,21,0,1.87,1,2.33,1018167,Y2,,,0,14.332,clean
5,22,0,1.83,1,2.46,1280755,Y4,,,0,14.241,clean
5,23,0,1.85,1,2.61,915259,Y2,,,0,14.842,clean
5,24,0,1.37,861,2.43,321150,Y2,,,0,15.731,clean
5,25,0,1.58,1,2.42,161380,Y2,,,0,15.937,clean
5,26,0,1.54,1,2.34,579715,Y4,,,0,15.306,clean
5,27,0,1.57,1,2.46,30756,Y2,,,0,14.771,clean
5,28,0,1.94,1,2.54,926703,Y4,,,0,14.399,clean
5,29,0,1.91,1,2.47,1211017,Y2,,,0,14.550,clean
5,30,0,1.78,1,2.40,992954,Y2,,,0,15.034,clean
5,31,0,1.74,1,2.31,314713,Y4,,,0,15.435,clean
5,32,0,3.27,1,2.50,60439,Y2,0.00/noise-like,0.00/noise-like,0,14.985,hump-note
5,33,0,1.90,1,2.52,781149,Y4,,,0,14.032,clean
5,34,0,2.01,1,2.44,223786,Y4,,,0,13.521,clean
5,35,0,1.44,1,2.32,429779,Y4,,,0,13.660,clean
5,36,0,1.87,1,2.62,819951,Y4,,,0,13.847,clean
5,37,0,1.79,1,2.46,1168460,Y2,,,0,13.807,clean
5,38,0,1.91,1,2.57,1083612,Y2,,,0,13.629,clean
5,39,0,1.73,1,2.43,112116,Y4,,,0,13.145,clean
5,40,0,2.06,1,2.46,202686,Y4,,,0,12.643,clean
5,41,0,2.03,1,2.35,297099,Y2,,,0,12.668,clean
5,42,0,1.70,1,2.35,901222,Y4,,,0,13.013,clean
5,43,0,1.94,1,2.53,1187950,Y4,,,0,13.222,clean
5,44,0,1.80,1,2.51,844270,Y4,,,0,12.886,clean
5,45,0,1.71,1,2.27,758529,Y2,,,0,12.380,clean
5,46,0,1.69,1,2.29,897020,Y2,,,0,12.174,clean
5,47,0,1.69,1,2.40,1167744,Y2,,,0,12.281,clean
5,48,0,4.78,1,2.72,312746,Y4,0.00/?,0.00/noise-like,0,12.409,hump-note
5,49,0,1.87,1,2.38,125885,Y2,,,0,12.344,clean
5,50,0,1.75,1,2.48,1441687,Y2,,,0,11.858,clean
5,51,0,2.35,1,2.66,766039,Y4,,,0,10.794,clean
5,52,0,2.42,1,2.65,1083612,Y4,,,0,9.785,clean
5,53,0,2.59,1,2.31,1318574,Y2,0.24/noise-like,0.00/noise-like,0,9.405,hump-note
5,54,0,2.46,1,2.55,872165,Y4,,,0,9.141,clean
5,55,0,2.48,1,2.50,97632,Y2,,,1,8.696,clean
5,56,0,3.08,1,2.42,236124,Y2,0.00/?,0.00/?,0,7.862,hump-note
5,57,0,0,-1,0,0,-,,,0,6.651,QUARANTINE:dark-lane range=61 distinct=58
5,58,0,0,-1,0,0,-,,,0,5.438,QUARANTINE:dark-lane range=49 distinct=46
5,59,0,0,-1,0,0,-,,,0,4.470,QUARANTINE:dark-lane range=40 distinct=41
5,60,0,0,-1,0,0,-,,,0,3.742,QUARANTINE:dark-lane range=33 distinct=34
5,61,0,0,-1,0,0,-,,,0,3.245,QUARANTINE:dark-lane range=28 distinct=29
5,62,0,0,-1,0,0,-,,,0,2.735,QUARANTINE:dark-lane range=24 distinct=25
5,63,0,0,-1,0,0,-,,,0,2.241,QUARANTINE:dark-lane range=21 distinct=22
6,0,0,4.97,1,2.36,627637,Y4,0.24/noise-like,0.00/noise-like,0,18.896,hump-note
6,1,0,1.47,1,2.53,176668,Y2,,,0,18.354,clean
6,2,0,1.41,1,2.38,413239,Y2,,,0,17.808,clean
6,3,0,1.83,1,2.32,320703,Y2,,,0,17.247,clean
6,4,0,1.55,1,2.39,370324,Y2,,,0,17.126,clean
6,5,0,1.39,1,2.29,948250,Y4,,,0,17.444,clean
6,6,0,1.40,1573,2.51,434428,Y2,,,0,17.607,clean
6,7,0,1.49,1,2.34,747710,Y4,,,0,17.319,clean
6,8,0,1.58,1,2.52,1285225,Y4,,,0,16.853,clean
6,9,0,1.47,1,2.68,779361,Y4,,,0,16.753,clean
6,10,0,1.59,1,2.33,696659,Y2,,,0,16.731,clean
6,11,0,1.52,1,2.52,722945,Y4,,,0,16.726,clean
6,12,0,1.69,1,2.25,1449734,Y2,,,0,16.802,clean
6,13,0,1.50,1,2.37,1454830,Y2,,,0,16.514,clean
6,14,0,1.56,1,2.20,115067,Y2,,,0,15.771,clean
6,15,0,1.65,1,2.32,1201987,Y2,,,0,15.380,clean
6,16,0,1.43,1302,2.38,939310,Y2,,,0,15.508,clean
6,17,0,1.66,1,2.86,954330,Y4,,,0,15.910,clean
6,18,0,1.69,408,2.27,832736,Y2,,,0,17.533,clean
6,19,0,1.73,1,2.40,681639,Y4,,,0,15.810,clean
6,20,0,1.76,1,2.30,490665,Y2,,,0,14.975,clean
6,21,0,1.82,1,2.34,377029,Y2,,,0,14.324,clean
6,22,0,1.74,1,2.38,1271278,Y2,,,0,14.282,clean
6,23,0,1.74,1,2.48,1388669,Y2,,,0,14.870,clean
6,24,0,1.64,1,2.28,2503,Y4,,,0,15.746,clean
6,25,0,1.40,1,2.73,135273,Y2,,,0,15.905,clean
6,26,0,1.80,1,2.40,1311600,Y2,,,0,15.305,clean
6,27,0,1.47,679,2.44,498265,Y2,,,0,14.750,clean
6,28,0,1.60,1,2.55,809222,Y2,,,0,14.403,clean
6,29,0,1.57,1,2.36,880659,Y2,,,0,14.546,clean
6,30,0,1.47,1,2.44,758439,Y4,,,0,15.069,clean
6,31,0,1.61,1,2.53,1356661,Y4,,,0,15.473,clean
6,32,0,2.97,1,2.42,261873,Y2,0.00/noise-like,0.00/noise-like,0,15.002,hump-note
6,33,0,1.99,1,2.39,1336277,Y4,,,0,14.087,clean
6,34,0,1.70,1,2.32,1430154,Y4,,,0,13.505,clean
6,35,0,1.94,1,2.38,1277804,Y2,,,0,13.651,clean
6,36,0,1.78,1,2.69,118732,Y4,,,0,13.852,clean
6,37,0,1.66,1,2.30,669569,Y2,,,0,13.834,clean
6,38,0,1.52,1,2.67,1372397,Y4,,,0,13.624,clean
6,39,0,1.84,1,2.41,470906,Y2,,,0,13.165,clean
6,40,0,2.04,1,2.61,358164,Y2,,,0,12.680,clean
6,41,0,1.89,1,2.48,660986,Y4,,,0,12.694,clean
6,42,0,1.79,1,2.26,1288354,Y2,,,0,13.017,clean
6,43,0,1.80,1,2.58,240684,Y2,,,0,13.232,clean
6,44,0,2.00,1,2.50,6527,Y2,,,0,12.906,clean
6,45,0,1.86,1,2.57,539392,Y4,,,0,12.375,clean
6,46,0,1.89,1,2.58,384450,Y4,,,0,12.205,clean
6,47,0,1.83,1,2.50,1167029,Y2,,,0,12.306,clean
6,48,0,2.30,1,2.44,1176059,Y2,,,0,12.407,clean
6,49,0,1.95,1,2.34,722766,Y2,,,0,12.360,clean
6,50,0,2.03,1,2.42,1218796,Y4,,,0,11.864,clean
6,51,0,1.96,1,2.40,1103729,Y2,,,0,10.777,clean
6,52,0,2.52,1,2.64,852764,Y2,0.00/noise-like,0.00/noise-like,0,9.792,hump-note
6,53,0,2.74,1,2.53,14216,Y4,0.00/?,0.00/?,0,9.396,hump-note
6,54,0,2.96,1,2.51,361115,Y4,0.00/noise-like,0.24/noise-like,0,9.156,hump-note
6,55,0,2.60,1,2.42,633001,Y4,0.00/noise-like,0.00/noise-like,0,8.696,hump-note
6,56,0,3.23,1,2.43,1410395,Y4,0.24/noise-like,0.00/noise-like,0,7.880,hump-note
6,57,0,0,-1,0,0,-,,,0,6.662,QUARANTINE:dark-lane range=62 distinct=58
6,58,0,0,-1,0,0,-,,,0,5.441,QUARANTINE:dark-lane range=48 distinct=46
6,59,0,0,-1,0,0,-,,,0,4.464,QUARANTINE:dark-lane range=40 distinct=39
6,60,0,0,-1,0,0,-,,,0,3.744,QUARANTINE:dark-lane range=34 distinct=33
6,61,0,0,-1,0,0,-,,,0,3.246,QUARANTINE:dark-lane range=28 distinct=29
6,62,0,0,-1,0,0,-,,,0,2.737,QUARANTINE:dark-lane range=23 distinct=24
6,63,0,0,-1,0,0,-,,,0,2.242,QUARANTINE:dark-lane range=22 distinct=23
7,0,0,5.42,1,2.42,854909,Y2,0.00/noise-like,0.00/noise-like,0,18.868,SPECTRAL-LINE
7,1,0,1.52,1,2.51,1224071,Y2,,,0,18.331,clean
7,2,0,1.37,1,2.49,43720,Y4,,,0,17.767,clean
7,3,0,1.49,1,2.43,538588,Y2,,,0,17.243,clean
7,4,0,1.42,1,2.46,178635,Y4,,,0,17.100,clean
7,5,0,1.56,1,2.36,804752,Y2,,,0,17.426,clean
7,6,0,1.51,1,2.23,979096,Y2,,,0,17.606,clean
7,7,0,1.30,335,2.52,942171,Y2,,,0,17.292,clean
7,8,0,1.42,124,2.53,175416,Y2,,,0,16.838,clean
7,9,0,1.46,1,2.37,12517,Y2,,,0,16.719,clean
7,10,0,1.41,1139,2.37,739932,Y4,,,0,16.666,clean
7,11,0,1.65,1,2.43,759959,Y4,,,0,16.712,clean
7,12,0,1.51,1,2.50,732511,Y2,,,0,16.785,clean
7,13,0,1.44,1,2.40,597239,Y2,,,0,16.491,clean
7,14,0,1.36,1,2.56,1223981,Y2,,,0,15.791,clean
7,15,0,1.54,1,2.43,1106054,Y4,,,0,15.339,clean
7,16,0,1.49,1,2.36,9120,Y4,,,0,15.500,clean
7,17,0,1.66,1,2.64,143319,Y4,,,0,15.901,clean
7,18,0,1.56,484,2.42,79304,Y4,,,0,17.500,clean
7,19,0,1.33,935,2.99,1419067,Y2,,,0,15.808,clean
7,20,0,1.42,1,2.36,537157,Y4,,,0,14.946,clean
7,21,0,1.57,1,2.63,344664,Y2,,,0,14.360,clean
7,22,0,1.68,1,2.80,184178,Y2,,,0,14.249,clean
7,23,0,1.77,1,2.38,1146108,Y4,,,0,14.813,clean
7,24,0,1.65,1,2.39,438988,Y2,,,0,15.717,clean
7,25,0,1.85,1,2.57,1412809,Y2,,,0,15.898,clean
7,26,0,1.56,1,2.36,67949,Y2,,,0,15.260,clean
7,27,0,1.51,667,2.70,951737,Y2,,,0,14.738,clean
7,28,0,1.72,1,2.38,1460284,Y2,,,0,14.401,clean
7,29,0,1.72,1,2.43,179529,Y4,,,0,14.521,clean
7,30,0,1.64,1,2.35,163704,Y2,,,0,15.053,clean
7,31,0,1.76,1,2.38,1409143,Y2,,,0,15.449,clean
7,32,0,2.84,1,2.45,510693,Y4,0.24/noise-like,0.24/noise-like,0,15.001,hump-note
7,33,0,1.75,1,2.38,1379371,Y2,,,0,14.056,clean
7,34,0,1.74,1,2.43,819325,Y2,,,0,13.489,clean
7,35,0,1.79,1,2.51,1056343,Y4,,,0,13.646,clean
7,36,0,1.87,1,2.27,86099,Y2,,,0,13.869,clean
7,37,0,1.87,1,2.47,378191,Y2,,,0,13.841,clean
7,38,0,1.60,1,2.48,18418,Y2,,,0,13.593,clean
7,39,0,1.69,1,2.55,1024872,Y2,,,0,13.136,clean
7,40,0,1.85,1,2.26,551552,Y2,,,0,12.636,clean
7,41,0,1.74,1,2.75,814855,Y4,,,0,12.679,clean
7,42,0,1.92,1,2.35,1422465,Y4,,,0,12.971,clean
7,43,0,1.51,1,2.22,222445,Y2,,,0,13.229,clean
7,44,0,1.52,1,2.50,353247,Y4,,,0,12.898,clean
7,45,0,1.84,1,2.47,1360953,Y4,,,0,12.383,clean
7,46,0,1.95,1,2.56,135005,Y4,,,0,12.171,clean
7,47,0,1.86,1,2.60,975609,Y4,,,0,12.274,clean
7,48,0,2.33,1,2.31,373811,Y2,,,0,12.391,clean
7,49,0,1.81,1,2.68,572920,Y4,,,0,12.331,clean
7,50,0,2.02,1,2.33,583202,Y4,,,0,11.868,clean
7,51,0,2.53,1,2.57,496298,Y4,0.00/noise-like,0.00/noise-like,0,10.766,hump-note
7,52,0,2.66,1,2.37,57310,Y4,0.00/?,0.00/?,0,9.800,hump-note
7,53,0,2.29,1,2.44,459015,Y2,,,0,9.386,clean
7,54,0,2.81,1,2.60,982404,Y4,0.00/noise-like,0.24/noise-like,0,9.146,hump-note
7,55,0,2.82,1,2.43,1020938,Y4,0.00/noise-like,0.00/noise-like,0,8.705,hump-note
7,56,0,2.98,1,2.56,893354,Y4,0.00/?,0.00/noise-like,0,7.861,hump-note
7,58,0,0,-1,0,0,-,,,0,5.425,QUARANTINE:dark-lane range=46 distinct=47
7,59,0,0,-1,0,0,-,,,0,4.457,QUARANTINE:dark-lane range=39 distinct=38
7,61,0,0,-1,0,0,-,,,0,3.246,QUARANTINE:dark-lane range=27 distinct=28
7,62,0,0,-1,0,0,-,,,0,2.733,QUARANTINE:dark-lane range=23 distinct=24
7,63,0,0,-1,0,0,-,,,0,2.239,QUARANTINE:dark-lane range=20 distinct=21
8,0,0,4.91,1,2.28,743955,Y2,0.00/noise-like,0.00/noise-like,0,18.854,hump-note
8,1,0,1.52,1,2.45,931174,Y2,,,0,18.336,clean
8,2,0,1.45,1,2.61,1307577,Y2,,,0,17.763,clean
8,3,0,1.56,1,2.42,365227,Y4,,,0,17.237,clean
8,4,0,1.54,1,2.37,562727,Y2,,,0,17.097,clean
8,5,0,1.33,991,2.32,895232,Y2,,,0,17.423,clean
8,6,0,1.57,1,2.48,944227,Y4,,,0,17.611,clean
8,7,0,1.79,1,2.27,1076818,Y4,,,0,17.342,clean
8,8,0,1.78,1,2.41,904799,Y2,,,0,16.906,clean
8,9,0,1.67,1,2.59,1333237,Y4,,,0,16.746,clean
8,10,0,1.47,1,2.49,153422,Y2,,,0,16.700,clean
8,11,0,1.56,1,2.44,1375079,Y4,,,0,16.735,clean
8,12,0,1.48,1,2.63,33170,Y4,,,0,16.758,clean
8,13,0,1.65,1,2.29,55701,Y2,,,0,16.457,clean
8,14,0,1.49,1,2.57,649452,Y2,,,0,15.770,clean
8,15,0,1.60,1,2.91,52035,Y2,,,0,15.373,clean
8,16,0,1.41,1389,2.42,657231,Y2,,,0,15.492,clean
8,17,0,1.70,1,2.32,983030,Y4,,,0,15.877,clean
8,18,0,1.61,381,2.47,1206815,Y2,,,0,17.513,clean
8,19,0,1.43,1,2.40,1091123,Y2,,,0,15.831,clean
8,20,0,1.61,1,2.39,1343071,Y4,,,0,14.961,clean
8,21,0,1.56,1,2.66,251770,Y2,,,0,14.357,clean
8,22,0,1.64,1,2.46,1442850,Y4,,,0,14.260,clean
8,23,0,1.71,1,2.77,27001,Y2,,,0,14.846,clean
8,24,0,1.62,1,2.44,5007,Y4,,,0,15.707,clean
8,25,0,1.43,695,2.46,1205564,Y2,,,0,15.915,clean
8,26,0,1.58,1,2.52,1105607,Y4,,,0,15.273,clean
8,27,0,1.71,1,2.35,1340926,Y4,,,0,14.722,clean
8,28,0,1.70,1,2.26,1023173,Y4,,,0,14.412,clean
8,29,0,1.70,1,2.46,119984,Y4,,,0,14.546,clean
8,30,0,1.68,1,2.50,894517,Y4,,,0,15.066,clean
8,31,0,1.66,1,2.40,277251,Y4,,,0,15.461,clean
8,32,0,1.34,969,2.71,1276374,Y2,,,0,14.983,clean
8,33,0,1.67,1,2.63,415653,Y2,,,0,14.060,clean
8,34,0,1.97,1,2.57,338227,Y2,,,0,13.510,clean
8,35,0,1.89,1,2.51,1419067,Y4,,,0,13.652,clean
8,36,0,1.62,1,2.55,851512,Y2,,,0,13.852,clean
8,37,0,1.37,470,2.41,958264,Y2,,,0,13.798,clean
8,38,0,2.03,1,2.34,28431,Y2,,,0,13.618,clean
8,39,0,1.71,1,2.38,1202792,Y2,,,0,13.112,clean
8,40,0,2.04,1,2.35,295222,Y4,,,0,12.654,clean
8,41,0,1.94,1,2.50,1410216,Y2,,,0,12.672,clean
8,42,0,1.67,1,2.23,274122,Y4,,,0,13.024,clean
8,43,0,1.90,1,2.46,769883,Y2,,,0,13.246,clean
8,44,0,2.03,1,2.36,92000,Y2,,,0,12.893,clean
8,45,0,2.01,1,2.32,1421928,Y4,,,0,12.381,clean
8,46,0,2.00,1,2.37,960499,Y4,,,0,12.188,clean
8,47,0,1.83,1,2.29,1188576,Y4,,,0,12.300,clean
8,48,0,3.89,1,2.33,992954,Y4,0.00/noise-like,0.00/noise-like,0,12.410,hump-note
8,49,0,1.84,1,2.47,541091,Y4,,,0,12.336,clean
8,50,0,1.94,1,2.46,223428,Y2,,,0,11.859,clean
8,51,0,1.79,1,2.33,1098007,Y4,,,0,10.769,clean
8,52,0,2.33,1,2.43,343502,Y4,,,0,9.769,clean
8,53,0,2.39,1,2.36,879049,Y2,,,0,9.394,clean
8,54,0,2.44,1,2.47,1115620,Y4,,,0,9.151,clean
8,55,0,2.77,1,2.34,368893,Y2,0.00/noise-like,0.00/noise-like,0,8.683,hump-note
8,56,0,3.35,1,2.36,994563,Y2,0.00/noise-like,0.00/noise-like,0,7.862,hump-note
8,58,0,0,-1,0,0,-,,,0,5.432,QUARANTINE:dark-lane range=53 distinct=50
8,59,0,0,-1,0,0,-,,,0,4.459,QUARANTINE:dark-lane range=44 distinct=42
8,60,0,0,-1,0,0,-,,,0,3.735,QUARANTINE:dark-lane range=32 distinct=33
8,61,0,0,-1,0,0,-,,,0,3.242,QUARANTINE:dark-lane range=27 distinct=28
8,62,0,0,-1,0,0,-,,,0,2.743,QUARANTINE:dark-lane range=24 distinct=25
8,63,0,0,-1,0,0,-,,,0,2.241,QUARANTINE:dark-lane range=19 distinct=20
9,0,0,4.19,1,2.58,919193,Y4,0.24/noise-like,0.00/noise-like,0,18.882,hump-note
9,1,0,1.44,1416,2.48,77695,Y2,,,0,18.381,clean
9,2,0,1.45,1302,2.45,1197606,Y4,,,0,17.761,clean
9,3,0,1.40,695,2.95,73493,Y2,,,0,17.273,clean
9,4,0,1.36,330,2.64,577569,Y4,,,0,17.151,clean
9,5,0,1.57,1,2.49,236124,Y4,,,0,17.450,clean
9,6,0,1.66,1,2.43,1120716,Y2,,,0,17.656,clean
9,7,0,1.36,881,3.21,1212269,Y2,0.00/noise-like,0.24/noise-like,0,17.365,FAM-HIT
9,8,0,1.43,1,2.47,466794,Y2,,,0,16.874,clean
9,9,0,1.55,1,2.36,1044720,Y4,,,0,16.773,clean
9,10,0,1.45,1,2.42,11802,Y2,,,0,16.721,clean
9,11,0,1.40,1,2.45,188738,Y2,,,0,16.737,clean
9,12,0,1.43,1,2.40,1389295,Y2,,,0,16.848,clean
9,13,0,1.36,453,2.28,222713,Y2,,,0,16.510,clean
9,14,0,1.36,1,2.53,222802,Y2,,,0,15.771,clean
9,15,0,1.43,1,2.36,192225,Y2,,,0,15.400,clean
9,16,0,1.44,1,2.49,1005828,Y4,,,0,15.523,clean
9,17,0,1.45,1,2.39,813603,Y2,,,0,15.928,clean
9,18,0,1.67,423,2.40,88602,Y2,,,0,17.523,clean
9,19,0,1.53,1,2.55,491917,Y2,,,0,15.822,clean
9,20,0,1.69,1,2.47,759065,Y4,,,0,14.995,clean
9,21,0,1.54,1,2.53,602245,Y2,,,0,14.371,clean
9,22,0,1.93,1,2.42,526875,Y4,,,0,14.267,clean
9,23,0,1.46,1,2.43,1213431,Y4,,,0,14.887,clean
9,24,0,1.50,1,2.35,310153,Y2,,,0,15.726,clean
9,25,0,1.63,1,2.80,39339,Y4,,,0,15.946,clean
9,26,0,1.49,1,2.52,1021296,Y2,,,0,15.306,clean
9,27,0,1.53,1,2.32,390083,Y2,,,0,14.772,clean
9,28,0,1.53,1,2.39,440061,Y4,,,0,14.407,clean
9,29,0,1.54,1,2.45,1226932,Y4,,,0,14.560,clean
9,30,0,1.79,1,2.47,527233,Y2,,,0,15.034,clean
9,31,0,1.63,1,2.86,414848,Y4,,,0,15.470,clean
9,32,0,1.69,1,2.31,949413,Y2,,,0,15.039,clean
9,33,0,1.62,1,2.74,1268059,Y4,,,0,14.094,clean
9,34,0,1.92,1,2.32,1206279,Y4,,,0,13.529,clean
9,35,0,1.76,1,2.56,957191,Y4,,,0,13.697,clean
9,36,0,1.57,1,2.33,30667,Y2,,,0,13.866,clean
9,37,0,2.04,1,2.26,511408,Y2,,,0,13.823,clean
9,38,0,1.57,1,2.46,194639,Y2,,,0,13.627,clean
9,39,0,2.30,1,2.40,845075,Y4,,,0,13.149,clean
9,40,0,1.71,1,2.23,396252,Y2,,,0,12.690,clean
9,41,0,2.00,1,2.33,267774,Y4,,,0,12.693,clean
9,42,0,1.57,1,2.62,828534,Y4,,,0,13.043,clean
9,43,0,1.83,1,2.33,998229,Y2,,,0,13.238,clean
9,44,0,1.91,1,2.37,289142,Y2,,,0,12.893,clean
9,45,0,1.69,1,2.55,466883,Y4,,,0,12.389,clean
9,46,0,1.98,1,2.49,226915,Y4,,,0,12.199,clean
9,47,0,1.60,1,2.49,1033723,Y2,,,0,12.295,clean
9,48,0,2.34,1,2.38,127852,Y4,,,0,12.431,clean
9,49,0,1.90,1,2.67,383377,Y4,,,0,12.338,clean
9,50,0,1.91,1,2.35,542879,Y2,,,0,11.867,clean
9,51,0,2.58,1,2.43,346899,Y2,0.00/noise-like,0.00/noise-like,0,10.782,hump-note
9,52,0,2.57,1,2.33,573009,Y2,0.00/noise-like,0.00/noise-like,0,9.773,hump-note
9,53,0,2.79,1,2.45,741720,Y2,0.00/noise-like,0.00/noise-like,0,9.391,hump-note
9,54,0,2.59,1,2.47,711679,Y2,0.24/noise-like,0.24/noise-like,1,9.170,hump-note
9,55,0,2.60,1,2.44,17077,Y4,0.00/noise-like,0.24/noise-like,1,8.687,hump-note
9,56,0,3.50,1,2.69,1070023,Y4,0.00/noise-like,0.00/noise-like,0,7.865,hump-note
9,57,0,0,-1,0,0,-,,,0,6.655,QUARANTINE:dark-lane range=61 distinct=57
9,59,0,0,-1,0,0,-,,,0,4.466,QUARANTINE:dark-lane range=38 distinct=39
9,60,0,0,-1,0,0,-,,,0,3.740,QUARANTINE:dark-lane range=35 distinct=34
9,61,0,0,-1,0,0,-,,,0,3.246,QUARANTINE:dark-lane range=27 distinct=28
9,62,0,0,-1,0,0,-,,,0,2.738,QUARANTINE:dark-lane range=24 distinct=25
9,63,0,0,-1,0,0,-,,,0,2.244,QUARANTINE:dark-lane range=20 distinct=21
10,0,0,3.97,1,2.54,682354,Y2,0.24/noise-like,0.00/noise-like,0,18.905,hump-note
10,1,0,1.61,1,2.57,762016,Y2,,,0,18.412,clean
10,2,0,1.42,1009,2.40,1347631,Y2,,,0,17.756,clean
10,3,0,1.60,1,2.40,16719,Y2,,,0,17.269,clean
10,4,0,1.67,1,2.29,1224250,Y4,,,0,17.143,clean
10,5,0,1.74,1,2.32,1018256,Y4,,,0,17.425,clean
10,6,0,1.61,1,2.26,265270,Y2,,,0,17.637,clean
10,7,0,1.39,1,2.42,1200646,Y4,,,0,17.373,clean
10,8,0,1.59,1,2.38,1138240,Y4,,,0,16.911,clean
10,9,0,1.41,1,2.49,555038,Y4,,,0,16.775,clean
10,10,0,1.72,1,2.43,122845,Y4,,,1,16.731,clean
10,11,0,1.42,1,2.49,1069576,Y2,,,0,16.726,clean
10,12,0,1.64,1,2.73,325888,Y4,,,0,16.855,clean
10,13,0,1.42,1,2.30,775784,Y4,,,1,16.506,clean
10,14,0,1.54,1,2.24,1399845,Y2,,,0,15.787,clean
10,15,0,1.75,1,2.44,1334041,Y4,,,0,15.383,clean
10,16,0,1.41,1,2.37,509620,Y4,,,0,15.520,clean
10,17,0,1.61,1,2.42,416905,Y2,,,0,15.930,clean
10,18,0,1.72,342,2.44,490397,Y4,,,0,17.530,clean
10,19,0,1.42,1,2.36,1119196,Y4,,,0,15.834,clean
10,20,0,1.63,1,2.38,207156,Y2,,,0,14.992,clean
10,21,0,1.92,1,2.61,1060456,Y2,,,0,14.362,clean
10,22,0,1.61,1,2.41,385970,Y2,,,0,14.276,clean
10,23,0,1.70,1,2.50,24229,Y4,,,0,14.863,clean
10,24,0,1.50,1,2.28,462413,Y2,,,0,15.756,clean
10,25,0,1.85,1,2.45,893176,Y4,,,0,15.936,clean
10,26,0,1.73,1,2.40,111938,Y2,,,0,15.293,clean
10,27,0,1.58,1,2.38,3934,Y2,,,0,14.772,clean
10,28,0,1.67,1,2.30,1390457,Y2,,,0,14.430,clean
10,29,0,1.68,1,2.41,1020134,Y4,,,0,14.546,clean
10,30,0,1.83,1,2.37,810474,Y4,,,0,15.088,clean
10,31,0,1.55,1,2.55,695497,Y4,,,0,15.463,clean
10,32,0,1.32,612,2.42,1167387,Y2,,,0,15.015,clean
10,33,0,1.66,1,2.51,1380444,Y2,,,0,14.058,clean
10,34,0,1.72,1,2.43,183284,Y2,,,0,13.528,clean
10,35,0,1.92,1,2.42,1300335,Y2,,,0,13.691,clean
10,36,0,1.41,1,2.58,436038,Y2,,,0,13.868,clean
10,37,0,1.85,1,2.23,1266092,Y2,,,0,13.822,clean
10,38,0,1.70,1,2.41,1114279,Y2,,,0,13.633,clean
10,39,0,1.87,1,2.45,277519,Y4,,,0,13.166,clean
10,40,0,1.90,1,2.47,488073,Y2,,,0,12.663,clean
10,41,0,1.88,1,2.37,250608,Y4,,,0,12.678,clean
10,42,0,1.95,1,2.75,984371,Y2,,,0,13.016,clean
10,43,0,1.72,1,2.38,704169,Y2,,,0,13.244,clean
10,44,0,2.04,1,2.30,1412898,Y2,,,0,12.901,clean
10,45,0,1.83,1,2.62,352085,Y4,,,0,12.404,clean
10,46,0,1.79,1,2.31,164062,Y2,,,0,12.185,clean
10,47,0,1.71,1,2.42,281274,Y2,,,0,12.303,clean
10,48,0,3.02,1,2.46,957906,Y2,0.00/noise-like,0.24/noise-like,0,12.412,hump-note
10,49,0,1.93,1,2.45,1317680,Y2,,,0,12.357,clean
10,50,0,2.12,1,2.45,772387,Y4,,,0,11.869,clean
10,51,0,1.98,1,2.61,104338,Y2,,,0,10.779,clean
10,52,0,2.14,1,2.44,1410931,Y4,,,0,9.778,clean
10,53,0,2.59,1,2.84,501573,Y2,0.00/noise-like,0.24/noise-like,0,9.386,hump-note
10,54,0,2.64,1,2.42,831753,Y2,0.00/noise-like,0.00/noise-like,1,9.149,hump-note
10,55,0,2.97,1,2.39,402778,Y2,0.00/noise-like,0.24/noise-like,1,8.702,hump-note
10,56,0,3.14,1,2.52,678420,Y4,0.00/noise-like,0.00/noise-like,0,7.868,hump-note
10,57,0,0,-1,0,0,-,,,0,6.652,QUARANTINE:dark-lane range=56 distinct=57
10,58,0,0,-1,0,0,-,,,0,5.435,QUARANTINE:dark-lane range=47 distinct=48
10,59,0,0,-1,0,0,-,,,0,4.475,QUARANTINE:dark-lane range=36 distinct=37
10,60,0,0,-1,0,0,-,,,0,3.746,QUARANTINE:dark-lane range=33 distinct=33
10,61,0,0,-1,0,0,-,,,0,3.242,QUARANTINE:dark-lane range=28 distinct=28
10,62,0,0,-1,0,0,-,,,0,2.742,QUARANTINE:dark-lane range=25 distinct=26
10,63,0,0,-1,0,0,-,,,1,2.244,QUARANTINE:dark-lane range=20 distinct=21
11,0,0,4.51,1,2.51,4292,Y2,0.24/noise-like,0.00/noise-like,0,18.881,hump-note
11,1,0,1.37,813,2.69,210106,Y2,,,0,18.350,clean
11,2,0,1.36,1,2.33,880390,Y4,,,0,17.797,clean
11,3,0,1.48,1,2.47,700504,Y4,,,0,17.231,clean
11,4,0,1.33,857,2.34,1075298,Y2,,,0,17.095,clean
11,5,0,1.32,1436,2.44,739127,Y4,,,0,17.450,clean
11,6,0,1.55,1,2.33,450432,Y4,,,0,17.624,clean
11,7,0,1.56,1,2.39,1211911,Y4,,,0,17.355,clean
11,8,0,1.51,1,2.38,845790,Y4,,,0,16.870,clean
11,9,0,1.42,1168,2.64,767648,Y4,,,0,16.733,clean
11,10,0,1.50,1,2.52,164241,Y2,,,0,16.689,clean
11,11,0,1.56,1,2.53,802338,Y4,,,0,16.723,clean
11,12,0,1.55,1,2.51,109881,Y2,,,0,16.787,clean
11,13,0,1.36,1376,2.52,250787,Y2,,,0,16.480,clean
11,14,0,1.82,1,2.39,1030594,Y4,,,0,15.783,clean
11,15,0,1.55,1,2.60,1128584,Y4,,,0,15.387,clean
11,16,0,1.57,1,2.43,1197338,Y2,,,0,15.548,clean
11,17,0,1.52,1,2.39,1442224,Y4,,,0,15.915,clean
11,18,0,1.63,426,2.48,697553,Y2,,,0,17.532,clean
11,19,0,1.42,1,2.32,248283,Y2,,,0,15.825,clean
11,20,0,1.81,1,2.67,176489,Y2,,,0,14.987,clean
11,21,0,1.71,1,2.23,1175702,Y2,,,0,14.379,clean
11,22,0,1.49,1034,2.37,28431,Y2,,,0,14.250,clean
11,23,0,1.64,1,2.40,571132,Y4,,,0,14.858,clean
11,24,0,1.51,1,2.45,1073,Y2,,,0,15.734,clean
11,25,0,1.61,1,2.32,727952,Y4,,,0,15.949,clean
11,26,0,1.79,1,2.34,268400,Y2,,,0,15.271,clean
11,27,0,1.52,672,2.36,959337,Y4,,,0,14.763,clean
11,28,0,1.70,1,2.44,263840,Y4,,,0,14.401,clean
11,29,0,1.58,1,2.69,1028895,Y2,,,0,14.547,clean
11,30,0,1.43,1,2.45,163794,Y2,,,0,15.034,clean
11,31,0,1.57,1,2.38,1098901,Y4,,,0,15.430,clean
11,32,0,2.87,1,2.60,150025,Y2,0.00/noise-like,0.00/noise-like,0,14.998,hump-note
11,33,0,1.92,1,2.33,1165509,Y4,,,0,14.052,clean
11,34,0,1.57,1,2.80,1346648,Y4,,,0,13.528,clean
11,35,0,1.72,1,2.46,299603,Y4,,,0,13.650,clean
11,36,0,1.64,1,2.28,789016,Y2,,,0,13.859,clean
11,37,0,1.70,1,2.79,1115978,Y4,,,0,13.811,clean
11,38,0,1.62,1,2.44,910789,Y4,,,0,13.611,clean
11,39,0,1.77,1,2.39,554323,Y4,,,0,13.165,clean
11,40,0,1.93,1,2.72,1394838,Y4,,,0,12.676,clean
11,41,0,1.91,1,2.49,1192510,Y2,,,0,12.689,clean
11,42,0,2.01,1,2.28,759512,Y2,,,0,13.016,clean
11,43,0,1.66,1,2.38,1156390,Y2,,,0,13.240,clean
11,44,0,2.05,1,2.48,896662,Y4,,,0,12.902,clean
11,45,0,2.09,1,2.18,674129,Y4,,,0,12.379,clean
11,46,0,2.19,1,2.35,449181,Y2,,,0,12.197,clean
11,47,0,2.03,1,2.52,335455,Y2,,,0,12.292,clean
11,48,0,2.34,1,2.33,601530,Y4,,,0,12.418,clean
11,49,0,2.05,1,2.61,981331,Y2,,,0,12.347,clean
11,50,0,2.01,1,2.28,1449376,Y2,,,0,11.854,clean
11,51,0,2.18,1,2.45,37551,Y2,,,0,10.777,clean
11,52,0,2.86,1,2.56,220478,Y4,0.00/noise-like,0.00/noise-like,0,9.789,hump-note
11,53,0,2.20,1,2.46,715,Y2,,,0,9.397,clean
11,54,0,3.09,1,2.35,95308,Y2,0.00/noise-like,0.00/noise-like,0,9.153,hump-note
11,55,0,2.80,1,2.42,198841,Y2,0.00/noise-like,0.24/noise-like,0,8.689,hump-note
11,56,0,2.93,1,2.53,429153,Y2,0.00/noise-like,0.24/noise-like,0,7.874,hump-note
11,57,0,0,-1,0,0,-,,,0,6.656,QUARANTINE:dark-lane range=56 distinct=55
11,58,0,0,-1,0,0,-,,,0,5.431,QUARANTINE:dark-lane range=50 distinct=48
11,59,0,0,-1,0,0,-,,,0,4.466,QUARANTINE:dark-lane range=41 distinct=38
11,60,0,0,-1,0,0,-,,,0,3.739,QUARANTINE:dark-lane range=33 distinct=34
11,61,0,0,-1,0,0,-,,,0,3.241,QUARANTINE:dark-lane range=27 distinct=28
11,62,0,0,-1,0,0,-,,,0,2.736,QUARANTINE:dark-lane range=22 distinct=23
11,63,0,0,-1,0,0,-,,,0,2.238,QUARANTINE:dark-lane range=19 distinct=20
12,0,0,3.77,1,2.36,1045883,Y2,0.00/noise-like,0.00/noise-like,0,18.889,hump-note
12,1,0,1.39,1228,2.57,206530,Y4,,,0,18.395,clean
12,2,0,1.51,1,2.44,209928,Y4,,,0,17.791,clean
12,3,0,1.53,1,2.55,1030505,Y2,,,0,17.240,clean
12,4,0,1.35,1,2.36,1357108,Y4,,,0,17.119,clean
12,5,0,1.47,1,2.42,1141638,Y4,,,0,17.443,clean
12,6,0,1.52,1,2.33,181139,Y2,,,0,17.624,clean
12,7,0,1.42,1,2.33,913560,Y4,,,0,17.339,clean
12,8,0,1.41,859,2.38,1277536,Y2,,,0,16.847,clean
12,9,0,1.40,849,2.36,243187,Y4,,,0,16.717,clean
12,10,0,1.45,1,2.71,981420,Y4,,,0,16.656,clean
12,11,0,1.52,1,2.25,1188040,Y2,,,0,16.727,clean
12,12,0,1.48,1,2.63,1027018,Y4,,,0,16.823,clean
12,13,0,1.43,755,2.52,440150,Y4,,,0,16.499,clean
12,14,0,1.76,1,2.35,44525,Y2,,,0,15.791,clean
12,15,0,1.70,1,2.36,1220852,Y4,,,0,15.380,clean
12,16,0,1.75,1,2.53,695318,Y4,,,0,15.540,clean
12,17,0,1.78,1,2.30,453293,Y2,,,1,15.917,clean
12,18,0,1.69,501,2.36,534296,Y4,,,0,17.556,clean
12,19,0,1.70,1,2.37,161737,Y4,,,0,15.828,clean
12,20,0,1.68,1,2.42,779539,Y2,,,0,14.999,clean
12,21,0,2.11,1,2.53,1050979,Y4,,,0,14.349,clean
12,22,0,1.53,1,2.52,1040071,Y4,,,0,14.254,clean
12,23,0,1.77,1,2.46,939220,Y2,,,0,14.880,clean
12,24,0,1.73,1,2.59,1066357,Y2,,,0,15.736,clean
12,25,0,1.36,210,2.41,542253,Y2,,,0,15.950,clean
12,26,0,1.49,1,2.43,1337707,Y2,,,0,15.300,clean
12,27,0,1.45,661,2.26,890493,Y2,,,0,14.802,clean
12,28,0,1.35,1,2.63,313193,Y4,,,0,14.433,clean
12,29,0,1.60,1,2.36,172198,Y2,,,0,14.565,clean
12,30,0,1.43,1,2.44,1421034,Y4,,,0,14.969,clean
12,31,0,1.71,1,2.35,456423,Y4,,,0,15.364,clean
12,32,0,3.00,1,2.38,99421,Y4,0.00/noise-like,0.00/noise-like,0,14.936,hump-note
12,33,0,1.94,1,2.68,107020,Y2,,,0,14.032,clean
12,34,0,1.65,1,2.62,1229078,Y4,,,0,13.505,clean
12,35,0,1.84,1,2.54,1128405,Y4,,,0,13.659,clean
12,36,0,1.86,1,2.37,1341641,Y4,,,0,13.844,clean
12,37,0,1.88,1,2.70,226200,Y2,,,0,13.854,clean
12,38,0,1.60,1,2.33,71883,Y2,,,0,13.637,clean
12,39,0,1.52,1,2.54,1059115,Y4,,,0,13.202,clean
12,40,0,1.73,1,2.30,371575,Y4,,,0,12.698,clean
12,41,0,1.92,1,2.45,957727,Y2,,,0,12.709,clean
12,42,0,1.81,1,2.45,503719,Y2,,,0,13.053,clean
12,43,0,1.63,1,2.49,281364,Y2,,,0,13.247,clean
12,44,0,1.87,1,2.39,958800,Y2,,,0,12.914,clean
12,45,0,1.89,1,2.40,748694,Y2,,,0,12.365,clean
12,46,0,1.91,1,2.36,223696,Y4,,,0,12.190,clean
12,47,0,2.08,1,2.63,1319915,Y2,,,0,12.308,clean
12,48,0,2.43,1,2.72,11534,Y4,,,0,12.408,clean
12,49,0,2.03,1,2.33,228882,Y4,,,0,12.359,clean
12,50,0,2.11,1,2.40,1151383,Y4,,,0,11.861,clean
12,51,0,2.18,1,2.34,945121,Y4,,,0,10.782,clean
12,52,0,2.45,1,2.57,371039,Y4,,,0,9.795,clean
12,53,0,2.56,1,2.52,570953,Y2,0.00/noise-like,0.00/noise-like,0,9.395,hump-note
12,54,0,2.68,1,2.27,11891,Y4,0.00/noise-like,0.24/noise-like,0,9.163,hump-note
12,55,0,2.79,1,2.39,1129031,Y2,0.00/noise-like,0.00/noise-like,0,8.713,hump-note
12,56,0,2.69,1,2.33,896215,Y4,0.00/noise-like,0.00/noise-like,0,7.894,hump-note
12,57,0,0,-1,0,0,-,,,0,6.682,QUARANTINE:dark-lane range=61 distinct=56
12,58,0,0,-1,0,0,-,,,0,5.451,QUARANTINE:dark-lane range=46 distinct=47
12,59,0,0,-1,0,0,-,,,0,4.446,QUARANTINE:dark-lane range=41 distinct=41
12,60,0,0,-1,0,0,-,,,0,3.744,QUARANTINE:dark-lane range=31 distinct=32
12,61,0,0,-1,0,0,-,,,0,3.241,QUARANTINE:dark-lane range=26 distinct=27
12,62,0,0,-1,0,0,-,,,0,2.733,QUARANTINE:dark-lane range=23 distinct=24
12,63,0,0,-1,0,0,-,,,0,2.235,QUARANTINE:dark-lane range=20 distinct=21
13,0,0,4.57,1,2.26,653833,Y4,0.00/noise-like,0.00/noise-like,0,18.883,hump-note
13,1,0,1.46,1,2.54,882447,Y2,,,0,18.358,clean
13,2,0,1.38,1,2.48,1192152,Y4,,,0,17.763,clean
13,3,0,1.45,1,2.55,215203,Y2,,,0,17.260,clean
13,4,0,1.46,1072,2.32,140280,Y4,,,0,17.131,clean
13,5,0,1.35,1,2.31,586510,Y2,,,0,17.397,clean
13,6,0,1.43,1418,2.31,1366943,Y4,,,0,17.640,clean
13,7,0,1.51,1,2.34,1441866,Y4,,,0,17.343,clean
13,8,0,1.86,1,2.28,1318932,Y4,,,0,16.844,clean
13,9,0,1.90,1,2.34,796258,Y4,,,0,16.719,clean
13,10,0,1.53,1,2.37,102282,Y2,,,0,16.642,clean
13,11,0,1.55,1,2.27,632912,Y2,,,0,16.696,clean
13,12,0,1.65,1,2.47,147253,Y2,,,0,16.787,clean
13,13,0,1.68,1,2.32,1406819,Y4,,,0,16.488,clean
13,14,0,1.51,1,2.36,1417994,Y2,,,0,15.756,clean
13,15,0,1.48,1,2.35,1259476,Y4,,,0,15.364,clean
13,16,0,1.47,1,2.43,1399219,Y4,,,0,15.489,clean
13,17,0,1.51,1,2.47,303894,Y4,,,0,15.935,clean
13,18,0,1.64,334,2.34,434607,Y4,,,0,17.525,clean
13,19,0,1.39,1,2.39,1400560,Y4,,,0,15.814,clean
13,20,0,1.43,1,2.30,905782,Y2,,,0,14.956,clean
13,21,0,1.86,1,2.47,288695,Y2,,,0,14.334,clean
13,22,0,1.94,1,2.53,282884,Y4,,,0,14.259,clean
13,23,0,1.60,1,2.57,424683,Y2,,,0,14.860,clean
13,24,0,1.66,1,2.54,99242,Y2,,,0,15.721,clean
13,25,0,1.52,1,2.41,24498,Y4,,,0,15.931,clean
13,26,0,1.66,1,2.45,376403,Y4,,,0,15.272,clean
13,27,0,1.68,1,2.55,209749,Y2,,,0,14.763,clean
13,28,0,1.75,1,2.36,25302,Y2,,,0,14.405,clean
13,29,0,1.89,1,2.44,180602,Y2,,,0,14.527,clean
13,30,0,1.73,1,2.44,106573,Y2,,,0,14.991,clean
13,31,0,1.62,1,2.56,290215,Y2,,,0,15.404,clean
13,32,0,2.85,1,2.52,66429,Y4,0.00/noise-like,0.00/noise-like,0,14.968,hump-note
13,33,0,1.82,1,2.52,1017183,Y2,,,0,14.011,clean
13,34,0,1.98,1,2.30,45776,Y2,,,0,13.482,clean
13,35,0,1.70,1,2.92,1114458,Y2,,,0,13.646,clean
13,36,0,1.75,1,2.38,536263,Y4,,,0,13.833,clean
13,37,0,1.98,1,2.35,147074,Y4,,,0,13.800,clean
13,38,0,1.34,1,2.28,1363546,Y2,,,0,13.649,clean
13,39,0,1.85,1,2.63,952631,Y4,,,0,13.165,clean
13,40,0,1.92,1,2.42,237197,Y4,,,0,12.698,clean
13,41,0,1.96,1,2.45,875294,Y2,,,0,12.694,clean
13,42,0,2.03,1,2.45,237018,Y4,,,0,13.059,clean
13,43,0,2.03,1,2.65,729024,Y2,,,0,13.238,clean
13,44,0,2.27,1,2.36,603497,Y4,,,0,12.883,clean
13,45,0,1.93,1,2.43,158340,Y4,,,0,12.359,clean
13,46,0,1.89,1,2.34,872523,Y4,,,0,12.184,clean
13,47,0,1.90,1,3.12,106573,Y2,0.00/noise-like,0.00/noise-like,0,12.274,FAM-HIT
13,48,0,2.36,1,2.47,419408,Y2,,,0,12.407,clean
13,49,0,1.77,1,2.37,1103193,Y4,,,0,12.330,clean
13,50,0,1.86,1,2.44,939310,Y4,,,0,11.869,clean
13,51,0,1.92,1,2.64,790268,Y2,,,0,10.766,clean
13,52,0,2.28,1,2.36,69469,Y2,,,0,9.777,clean
13,53,0,2.54,1,2.28,858486,Y4,0.00/noise-like,0.24/noise-like,0,9.397,hump-note
13,54,0,2.42,1,2.54,778466,Y2,,,0,9.160,clean
13,55,0,2.52,1,2.30,339210,Y2,0.00/noise-like,0.00/noise-like,0,8.698,hump-note
13,56,0,3.27,1,2.28,76622,Y4,0.00/noise-like,0.24/noise-like,0,7.875,hump-note
13,57,0,0,-1,0,0,-,,,0,6.683,QUARANTINE:dark-lane range=62 distinct=58
13,58,0,0,-1,0,0,-,,,0,5.450,QUARANTINE:dark-lane range=48 distinct=47
13,59,0,0,-1,0,0,-,,,0,4.454,QUARANTINE:dark-lane range=38 distinct=38
13,60,0,0,-1,0,0,-,,,0,3.739,QUARANTINE:dark-lane range=35 distinct=35
13,61,0,0,-1,0,0,-,,,0,3.242,QUARANTINE:dark-lane range=30 distinct=31
13,62,0,0,-1,0,0,-,,,0,2.739,QUARANTINE:dark-lane range=24 distinct=25
13,63,0,0,-1,0,0,-,,,0,2.231,QUARANTINE:dark-lane range=20 distinct=21
14,0,0,3.89,1,2.36,809938,Y4,0.24/noise-like,0.00/noise-like,0,18.859,hump-note
14,1,0,1.41,1,2.42,848025,Y4,,,0,18.379,clean
14,2,0,1.45,1,2.44,1060635,Y4,,,0,17.744,clean
14,3,0,1.62,1,2.48,28253,Y2,,,0,17.274,clean
14,4,0,1.50,1,2.62,1130104,Y4,,,0,17.127,clean
14,5,0,1.42,1,2.49,1444995,Y4,,,0,17.429,clean
14,6,0,1.37,1,2.38,873685,Y4,,,0,17.648,clean
14,7,0,1.44,1,2.42,421107,Y4,,,0,17.356,clean
14,8,0,1.46,1,2.45,559062,Y2,,,0,16.872,clean
14,9,0,1.34,1,2.38,1240522,Y4,,,0,16.732,clean
14,10,0,1.44,1,2.37,904530,Y4,,,0,16.670,clean
14,11,0,1.40,392,2.34,304878,Y2,,,0,16.716,clean
14,12,0,1.59,1,2.36,992507,Y2,,,0,16.815,clean
14,13,0,1.55,1,2.80,1042575,Y4,,,0,16.479,clean
14,14,0,1.38,870,2.33,1089424,Y2,,,0,15.789,clean
14,15,0,1.43,1,2.42,1062602,Y4,,,0,15.385,clean
14,16,0,1.40,1,2.36,1131177,Y2,,,0,15.541,clean
14,17,0,1.66,1,2.70,1199931,Y4,,,0,15.905,clean
14,18,0,1.58,215,2.33,486821,Y4,,,0,17.514,clean
14,19,0,1.67,1,2.60,1138061,Y4,,,0,15.840,clean
14,20,0,1.67,1,2.48,1160860,Y2,,,0,14.967,clean
14,21,0,1.56,1,2.61,940025,Y2,,,0,14.362,clean
14,22,0,1.64,1,2.50,1129925,Y4,,,0,14.259,clean
14,23,0,1.53,1,2.34,36389,Y2,,,0,14.855,clean
14,24,0,1.53,1,2.30,343859,Y2,,,0,15.734,clean
14,25,0,1.45,1,2.38,915080,Y2,,,0,15.931,clean
14,26,0,1.81,1,2.42,487357,Y2,,,0,15.272,clean
14,27,0,1.52,1,2.35,1321256,Y4,,,0,14.794,clean
14,28,0,1.55,1,2.48,737250,Y2,,,0,14.426,clean
14,29,0,1.62,1,2.27,1303732,Y2,,,0,14.553,clean
14,30,0,1.64,1,2.51,1011997,Y4,,,0,15.035,clean
14,31,0,1.59,1,2.52,1448482,Y4,,,0,15.417,clean
14,32,0,3.09,1,2.57,22978,Y2,0.00/noise-like,0.00/noise-like,0,14.989,hump-note
14,33,0,1.57,1,2.41,690490,Y4,,,0,14.036,clean
14,34,0,1.40,1,2.42,1228273,Y2,,,0,13.512,clean
14,35,0,1.62,1,2.38,593573,Y4,,,0,13.664,clean
14,36,0,1.82,1,2.38,130534,Y2,,,0,13.823,clean
14,37,0,1.66,1,2.68,712126,Y4,,,0,13.807,clean
14,38,0,1.93,1,2.37,108361,Y2,,,0,13.629,clean
14,39,0,1.63,1,2.45,17613,Y2,,,0,13.159,clean
14,40,0,1.88,1,2.39,727326,Y2,,,0,12.707,clean
14,41,0,1.76,1,2.44,1227468,Y2,,,0,12.697,clean
14,42,0,1.56,1,2.30,180244,Y4,,,0,13.011,clean
14,43,0,1.88,1,2.68,218689,Y4,,,0,13.249,clean
14,44,0,1.88,1,2.41,1249820,Y2,,,0,12.904,clean
14,45,0,1.92,1,2.26,432372,Y4,,,0,12.374,clean
14,46,0,2.06,1,2.58,390351,Y4,,,0,12.195,clean
14,47,0,1.90,1,2.52,782937,Y2,,,0,12.289,clean
14,48,0,2.41,1,2.32,1376063,Y2,,,0,12.415,clean
14,49,0,1.75,1,2.39,21368,Y2,,,0,12.330,clean
14,50,0,2.07,1,2.53,854820,Y2,,,0,11.855,clean
14,51,0,2.10,1,2.61,432730,Y4,,,0,10.764,clean
14,52,0,2.12,1,2.27,962108,Y4,,,0,9.779,clean
14,53,0,2.68,1,2.47,953883,Y4,0.24/noise-like,0.00/noise-like,0,9.396,hump-note
14,54,0,2.60,1,2.42,1167476,Y2,0.00/noise-like,0.24/noise-like,0,9.150,hump-note
14,55,0,2.68,1,2.42,160754,Y2,0.00/noise-like,0.24/noise-like,0,8.688,hump-note
14,56,0,3.01,1,2.46,894696,Y2,0.24/noise-like,0.00/noise-like,0,7.876,hump-note
14,57,0,0,-1,0,0,-,,,0,6.662,QUARANTINE:dark-lane range=62 distinct=57
14,58,0,0,-1,0,0,-,,,0,5.454,QUARANTINE:dark-lane range=51 distinct=49
14,59,0,0,-1,0,0,-,,,0,4.454,QUARANTINE:dark-lane range=39 distinct=39
14,60,0,0,-1,0,0,-,,,0,3.742,QUARANTINE:dark-lane range=34 distinct=33
14,61,0,0,-1,0,0,-,,,0,3.242,QUARANTINE:dark-lane range=27 distinct=28
14,62,0,0,-1,0,0,-,,,0,2.735,QUARANTINE:dark-lane range=23 distinct=24
14,63,0,0,-1,0,0,-,,,0,2.234,QUARANTINE:dark-lane range=19 distinct=20
15,0,0,4.37,1,2.72,138491,Y2,0.00/noise-like,0.00/noise-like,0,18.895,hump-note
15,1,0,1.41,1,2.31,746101,Y2,,,0,18.396,clean
15,2,0,1.38,1,2.40,861168,Y2,,,0,17.782,clean
15,3,0,1.67,1,2.40,961304,Y4,,,0,17.273,clean
15,4,0,1.62,1,2.45,84132,Y2,,,0,17.141,clean
15,5,0,1.47,1,2.61,733316,Y4,,,0,17.432,clean
15,6,0,1.45,1,2.51,1330554,Y4,,,0,17.641,clean
15,7,0,1.42,1,2.44,625670,Y2,,,0,17.326,clean
15,8,0,1.39,1,2.43,1405567,Y2,,,0,16.899,clean
15,9,0,1.54,1,2.74,187397,Y2,,,0,16.749,clean
15,10,0,1.52,1,2.76,1303554,Y4,,,0,16.683,clean
15,11,0,1.38,1,2.36,70810,Y2,,,0,16.746,clean
15,12,0,1.60,1,2.53,190347,Y2,,,0,16.821,clean
15,13,0,1.51,1,2.43,817806,Y4,,,0,16.494,clean
15,14,0,1.43,1,2.53,188738,Y4,,,0,15.773,clean
15,15,0,1.42,1,2.41,975698,Y2,,,0,15.397,clean
15,16,0,1.64,1,2.83,78857,Y4,,,0,15.525,clean
15,17,0,1.38,1260,2.26,835150,Y4,,,0,15.941,clean
15,18,0,1.74,1,2.52,479043,Y4,,,0,17.550,clean
15,19,0,1.58,1,2.44,917405,Y2,,,0,15.839,clean
15,20,0,1.86,1,2.28,127494,Y2,,,0,14.996,clean
15,21,0,1.68,1,2.59,864208,Y4,,,0,14.364,clean
15,22,0,1.47,1,2.31,718117,Y2,,,0,14.252,clean
15,23,0,1.49,1,2.33,1158714,Y2,,,0,14.854,clean
15,24,0,1.72,1,2.44,529021,Y4,,,0,15.737,clean
15,25,0,1.55,1,2.44,626475,Y4,,,0,15.970,clean
15,26,0,1.59,1,2.27,634700,Y2,,,0,15.318,clean
15,27,0,1.52,1,2.35,679851,Y4,,,0,14.775,clean
15,28,0,1.44,1,2.42,482976,Y2,,,0,14.434,clean
15,29,0,1.54,1,2.23,522316,Y4,,,0,14.555,clean
15,30,0,1.76,1,2.33,789195,Y2,,,0,15.054,clean
15,31,0,1.61,1,2.39,1429170,Y2,,,0,15.418,clean
15,32,0,3.37,1,2.45,100583,Y4,0.00/noise-like,0.00/noise-like,0,14.966,hump-note
15,33,0,1.79,1,2.34,605643,Y4,,,0,14.064,clean
15,34,0,1.77,1,2.40,1314461,Y4,,,0,13.521,clean
15,35,0,1.58,1,2.24,15199,Y4,,,0,13.654,clean
15,36,0,1.72,1,2.40,700772,Y2,,,0,13.840,clean
15,37,0,1.83,1,2.41,47117,Y2,,,0,13.843,clean
15,38,0,1.75,1,2.36,900686,Y2,,,0,13.676,clean
15,39,0,1.79,1,2.48,499159,Y2,,,0,13.164,clean
15,40,0,2.12,1,2.63,1158178,Y2,,,0,12.698,clean
15,41,0,1.65,1,2.42,1293361,Y2,,,0,12.694,clean
15,42,0,2.01,1,2.48,67949,Y4,,,0,13.044,clean
15,43,0,2.14,1,2.54,1307935,Y4,,,0,13.250,clean
15,44,0,1.86,1,2.23,364691,Y4,,,0,12.921,clean
15,45,0,2.14,1,2.42,1194566,Y2,,,0,12.398,clean
15,46,0,1.89,1,2.35,902742,Y4,,,0,12.206,clean
15,47,0,2.22,1,2.39,1118839,Y2,,,0,12.304,clean
15,48,0,2.60,1,2.38,720888,Y4,0.24/noise-like,0.00/noise-like,0,12.414,hump-note
15,49,0,1.82,1,2.69,1190633,Y2,,,0,12.352,clean
15,50,0,2.17,1,2.52,529468,Y4,,,0,11.878,clean
15,51,0,2.16,1,2.35,257313,Y2,,,0,10.784,clean
15,52,0,2.38,1,2.41,536889,Y4,,,0,9.779,clean
15,53,0,2.82,1,2.42,649810,Y4,0.24/noise-like,0.24/noise-like,1,9.392,hump-note
15,54,0,2.85,1,2.31,788569,Y4,0.00/noise-like,0.00/noise-like,1,9.167,hump-note
15,55,0,2.98,1,2.38,1137346,Y2,0.24/noise-like,0.00/noise-like,0,8.708,hump-note
15,56,0,3.32,1,2.35,1070738,Y2,0.00/noise-like,0.00/noise-like,0,7.876,hump-note
15,57,0,0,-1,0,0,-,,,0,6.672,QUARANTINE:dark-lane range=62 distinct=57
15,58,0,0,-1,0,0,-,,,0,5.439,QUARANTINE:dark-lane range=50 distinct=48
15,59,0,0,-1,0,0,-,,,0,4.461,QUARANTINE:dark-lane range=41 distinct=39
15,60,0,0,-1,0,0,-,,,0,3.742,QUARANTINE:dark-lane range=32 distinct=33
15,61,0,0,-1,0,0,-,,,0,3.248,QUARANTINE:dark-lane range=29 distinct=30
15,62,0,0,-1,0,0,-,,,0,2.739,QUARANTINE:dark-lane range=24 distinct=25
15,63,0,0,-1,0,0,-,,,0,2.237,QUARANTINE:dark-lane range=19 distinct=20
16,0,0,4.35,1,2.50,28968,Y2,0.00/noise-like,0.00/noise-like,0,18.875,hump-note
16,1,0,1.49,1,2.40,733942,Y2,,,0,18.380,clean
16,2,0,1.43,485,3.06,137240,Y2,0.00/noise-like,0.00/noise-like,0,17.775,FAM-HIT
16,3,0,1.45,1,2.44,411093,Y4,,,0,17.246,clean
16,4,0,1.58,1,2.29,123382,Y4,,,0,17.111,clean
16,5,0,1.30,757,2.33,1170069,Y2,,,0,17.438,clean
16,6,0,1.49,1,2.49,1084507,Y2,,,0,17.631,clean
16,7,0,1.51,1,2.51,89496,Y2,,,0,17.311,clean
16,8,0,1.45,1,2.48,361383,Y4,,,0,16.877,clean
16,9,0,1.55,1,2.38,194013,Y4,,,0,16.742,clean
16,10,0,1.46,1,2.28,5454,Y4,,,0,16.716,clean
16,11,0,1.44,1,2.20,1009852,Y2,,,0,16.729,clean
16,12,0,1.34,1,2.44,181139,Y2,,,0,16.798,clean
16,13,0,1.56,1,2.54,772923,Y2,,,0,16.489,clean
16,14,0,1.69,1,2.31,6258,Y2,,,0,15.772,clean
16,15,0,1.49,1,2.28,592858,Y2,,,0,15.396,clean
16,16,0,1.68,1,2.46,638634,Y2,,,0,15.523,clean
16,17,0,1.64,1,2.42,954509,Y4,,,0,15.905,clean
16,18,0,1.64,457,2.51,275820,Y4,,,0,17.540,clean
16,19,0,1.44,1,2.44,986427,Y4,,,0,15.818,clean
16,20,0,1.52,1,2.34,37551,Y2,,,0,14.977,clean
16,21,0,1.86,1,2.41,276357,Y4,,,0,14.357,clean
16,22,0,1.72,1,2.32,730455,Y2,,,0,14.260,clean
16,23,0,1.51,1,2.55,131071,Y4,,,0,14.855,clean
16,24,0,1.49,1,2.44,214934,Y4,,,0,15.713,clean
16,25,0,1.67,1,2.44,191778,Y4,,,0,15.921,clean
16,26,0,1.50,1,2.42,911146,Y2,,,0,15.302,clean
16,27,0,1.55,1,2.39,957102,Y2,,,0,14.729,clean
16,28,0,1.82,1,2.67,974000,Y2,,,0,14.410,clean
16,29,0,1.43,1,2.43,1461357,Y2,,,0,14.542,clean
16,30,0,1.44,1,2.47,1410306,Y4,,,0,15.045,clean
16,31,0,1.65,1,2.36,988930,Y4,,,0,15.505,clean
16,32,0,3.30,1,2.59,96112,Y2,0.00/noise-like,0.00/noise-like,0,15.008,hump-note
16,33,0,1.94,1,2.31,680029,Y4,,,0,14.079,clean
16,34,0,1.72,1,2.48,1309276,Y4,,,0,13.550,clean
16,35,0,1.67,1,2.35,919729,Y4,,,0,13.674,clean
16,36,0,1.68,1,2.40,619054,Y2,,,0,13.871,clean
16,37,0,1.58,1,2.34,600189,Y4,,,0,13.801,clean
16,38,0,1.50,1,2.59,570863,Y4,,,0,13.629,clean
16,39,0,1.70,1,2.50,248641,Y2,,,0,13.151,clean
16,40,0,2.23,1,2.44,441849,Y2,,,0,12.656,clean
16,41,0,1.89,1,2.72,215471,Y4,,,0,12.685,clean
16,42,0,2.04,1,2.37,1158893,Y2,,,0,13.022,clean
16,43,0,1.80,1,2.22,342160,Y2,,,0,13.237,clean
16,44,0,2.10,1,2.42,463933,Y4,,,0,12.904,clean
16,45,0,1.89,1,2.57,273228,Y4,,,0,12.379,clean
16,46,0,2.02,1,2.31,11981,Y2,,,0,12.182,clean
16,47,0,2.06,1,2.41,391960,Y4,,,0,12.269,clean
16,48,0,2.34,1,2.28,1172394,Y2,,,0,12.427,clean
16,49,0,1.77,1,2.38,276178,Y4,,,1,12.341,clean
16,50,0,1.95,1,2.32,141531,Y2,,,0,11.876,clean
16,51,0,2.27,1,2.59,43631,Y2,,,0,10.779,clean
16,52,0,2.36,1,2.45,66072,Y4,,,0,9.784,clean
16,53,0,2.12,1,2.38,139117,Y2,,,0,9.398,clean
16,54,0,2.34,1,2.80,1304716,Y4,,,0,9.151,clean
16,55,0,2.80,1,2.39,1060814,Y2,0.00/noise-like,0.24/noise-like,0,8.677,hump-note
16,56,0,3.20,1,2.34,115424,Y2,0.00/noise-like,0.00/noise-like,0,7.883,hump-note
16,57,0,0,-1,0,0,-,,,0,6.645,QUARANTINE:dark-lane range=61 distinct=59
16,58,0,0,-1,0,0,-,,,0,5.432,QUARANTINE:dark-lane range=48 distinct=49
16,59,0,0,-1,0,0,-,,,0,4.463,QUARANTINE:dark-lane range=38 distinct=39
16,60,0,0,-1,0,0,-,,,0,3.739,QUARANTINE:dark-lane range=33 distinct=34
16,61,0,0,-1,0,0,-,,,0,3.247,QUARANTINE:dark-lane range=28 distinct=29
16,62,0,0,-1,0,0,-,,,0,2.736,QUARANTINE:dark-lane range=23 distinct=24
16,63,0,0,-1,0,0,-,,,0,2.243,QUARANTINE:dark-lane range=19 distinct=19
17,0,0,5.47,1,2.46,617176,Y4,0.00/noise-like,0.24/noise-like,0,18.854,SPECTRAL-LINE
17,1,0,1.44,369,2.40,669122,Y4,,,0,18.370,clean
17,2,0,1.37,1288,2.54,194639,Y2,,,0,17.767,clean
17,3,0,1.47,413,2.40,851691,Y4,,,0,17.211,clean
17,4,0,1.40,1,2.31,1420230,Y4,,,0,17.096,clean
17,5,0,1.62,1,2.31,1253486,Y2,,,0,17.416,clean
17,6,0,1.63,1,2.54,1428455,Y2,,,0,17.631,clean
17,7,0,1.46,1,2.25,410825,Y4,,,0,17.298,clean
17,8,0,1.40,153,2.42,328839,Y2,,,0,16.858,clean
17,9,0,1.39,1,2.72,1192600,Y4,,,0,16.774,clean
17,10,0,1.59,1,2.53,356019,Y4,,,0,16.687,clean
17,11,0,1.46,1,2.39,833988,Y2,,,0,16.757,clean
17,12,0,1.63,1,2.59,322849,Y2,,,0,16.800,clean
17,13,0,1.45,1,2.56,462592,Y4,,,0,16.468,clean
17,14,0,1.48,1,2.25,198930,Y4,,,0,15.764,clean
17,15,0,1.49,1,2.43,92179,Y2,,,0,15.358,clean
17,16,0,1.42,282,2.46,296384,Y2,,,0,15.500,clean
17,17,0,1.56,1,2.27,1076370,Y2,,,0,15.915,clean
17,18,0,1.57,315,2.52,279218,Y2,,,0,17.499,clean
17,19,0,1.39,1,2.29,1115263,Y4,,,0,15.806,clean
17,20,0,1.49,1,2.57,1278609,Y4,,,0,14.973,clean
17,21,0,1.47,1,2.60,773013,Y4,,,0,14.345,clean
17,22,0,1.67,1,2.40,793755,Y2,,,0,14.272,clean
17,23,0,1.63,1,2.55,97722,Y2,,,0,14.848,clean
17,24,0,1.71,1,2.41,1144856,Y2,,,0,15.714,clean
17,25,0,1.55,1,2.50,897735,Y4,,,0,15.930,clean
17,26,0,1.67,1,2.46,31739,Y4,,,0,15.262,clean
17,27,0,1.67,1,2.22,460446,Y4,,,0,14.749,clean
17,28,0,1.63,1,2.42,414759,Y4,,,0,14.387,clean
17,29,0,1.76,1,2.40,1285404,Y4,,,0,14.551,clean
17,30,0,1.59,1,2.50,80913,Y2,,,0,15.051,clean
17,31,0,1.65,1,2.47,545025,Y2,,,0,15.442,clean
17,32,0,2.83,1,2.60,254363,Y4,0.24/noise-like,0.00/noise-like,0,15.004,hump-note
17,33,0,1.73,1,2.37,4470,Y2,,,0,14.037,clean
17,34,0,1.90,1,2.28,389099,Y4,,,0,13.520,clean
17,35,0,1.63,1,2.57,664115,Y2,,,0,13.645,clean
17,36,0,1.81,1,2.63,617534,Y4,,,0,13.834,clean
17,37,0,1.98,1,2.30,816554,Y4,,,0,13.809,clean
17,38,0,1.93,1,2.49,1425505,Y4,,,0,13.612,clean
17,39,0,1.72,1,2.32,89765,Y2,,,0,13.148,clean
17,40,0,1.77,1,2.39,423610,Y4,,,0,12.648,clean
17,41,0,1.86,1,2.45,176936,Y4,,,0,12.653,clean
17,42,0,1.56,1,2.41,484765,Y4,,,0,13.001,clean
17,43,0,1.70,1,2.66,275731,Y2,,,0,13.262,clean
17,44,0,2.03,1,2.34,715256,Y4,,,0,12.897,clean
17,45,0,1.76,1,2.38,1222104,Y4,,,0,12.376,clean
17,46,0,1.68,1,2.46,411630,Y2,,,0,12.185,clean
17,47,0,1.58,1,2.49,1376331,Y2,,,0,12.295,clean
17,48,0,2.07,1,2.48,1157820,Y4,,,0,12.416,clean
17,49,0,2.14,1,2.39,122666,Y4,,,0,12.327,clean
17,50,0,1.81,1,2.39,290930,Y2,,,0,11.860,clean
17,51,0,1.89,1,2.50,1179904,Y2,,,0,10.780,clean
17,52,0,2.32,1,2.32,208229,Y2,,,0,9.769,clean
17,53,0,2.85,1,2.36,39965,Y2,0.24/noise-like,0.00/noise-like,0,9.389,hump-note
17,54,0,2.68,1,2.26,1403779,Y2,0.00/noise-like,0.00/noise-like,0,9.164,hump-note
17,55,0,2.49,1,2.87,848383,Y4,,,0,8.687,clean
17,56,0,3.17,1,2.46,1197070,Y4,0.00/noise-like,0.00/noise-like,0,7.852,hump-note
17,57,0,0,-1,0,0,-,,,0,6.649,QUARANTINE:dark-lane range=58 distinct=59
17,58,0,0,-1,0,0,-,,,0,5.437,QUARANTINE:dark-lane range=47 distinct=48
17,59,0,0,-1,0,0,-,,,0,4.454,QUARANTINE:dark-lane range=39 distinct=39
17,60,0,0,-1,0,0,-,,,0,3.742,QUARANTINE:dark-lane range=32 distinct=33
17,61,0,0,-1,0,0,-,,,0,3.246,QUARANTINE:dark-lane range=29 distinct=29
17,62,0,0,-1,0,0,-,,,0,2.735,QUARANTINE:dark-lane range=23 distinct=24
17,63,0,0,-1,0,0,-,,,0,2.240,QUARANTINE:dark-lane range=21 distinct=21
18,0,0,4.22,1,2.44,72509,Y2,0.24/noise-like,0.00/noise-like,0,18.860,hump-note
18,1,0,1.46,1,2.59,551194,Y4,,,0,18.367,clean
18,2,0,1.43,1,2.38,679314,Y4,,,0,17.764,clean
18,3,0,1.47,1,2.33,241041,Y2,,,0,17.235,clean
18,4,0,1.60,1,2.44,1074851,Y2,,,0,17.080,clean
18,5,0,1.61,1,2.40,1431048,Y4,,,0,17.451,clean
18,6,0,1.38,1,2.42,206620,Y4,,,0,17.604,clean
18,7,0,1.43,1,2.34,98526,Y4,,,0,17.302,clean
18,8,0,1.39,1198,2.43,1166761,Y2,,,0,16.872,clean
18,9,0,1.41,1,2.71,1266897,Y4,,,0,16.759,clean
18,10,0,1.43,1,2.58,930995,Y4,,,0,16.730,clean
18,11,0,1.46,1,2.35,163972,Y4,,,0,16.723,clean
18,12,0,1.54,1,2.71,549763,Y2,,,0,16.794,clean
18,13,0,1.33,207,2.43,472426,Y2,,,0,16.478,clean
18,14,0,1.35,1042,2.37,1372397,Y4,,,0,15.786,clean
18,15,0,1.60,1,2.53,698447,Y4,,,0,15.371,clean
18,16,0,1.38,311,2.46,327408,Y2,,,0,15.516,clean
18,17,0,1.87,1,2.28,1199663,Y2,,,0,15.930,clean
18,18,0,1.61,528,2.57,279665,Y4,,,0,17.501,clean
18,19,0,1.43,1,2.25,821114,Y2,,,0,15.823,clean
18,20,0,1.42,1,2.23,922143,Y2,,,0,14.949,clean
18,21,0,1.62,1,2.31,80913,Y2,,,0,14.328,clean
18,22,0,1.65,1,2.33,1353979,Y2,,,0,14.264,clean
18,23,0,1.67,1,2.18,478238,Y4,,,0,14.881,clean
18,24,0,1.35,124,2.79,235945,Y2,,,0,15.726,clean
18,25,0,1.60,1,2.41,1346201,Y2,,,0,15.942,clean
18,26,0,1.60,1,2.34,414938,Y2,,,0,15.253,clean
18,27,0,1.56,672,2.39,738233,Y4,,,0,14.733,clean
18,28,0,1.70,1,2.57,396162,Y4,,,0,14.394,clean
18,29,0,1.66,1,2.35,395715,Y2,,,0,14.558,clean
18,30,0,1.50,1,2.32,1305074,Y2,,,0,15.055,clean
18,31,0,1.61,1,2.67,749320,Y2,,,0,15.470,clean
18,32,0,2.73,1,2.34,930011,Y4,0.00/noise-like,0.00/noise-like,0,15.019,hump-note
18,33,0,1.81,1,2.26,1452237,Y4,,,0,14.076,clean
18,34,0,1.67,1,2.40,892103,Y2,,,0,13.494,clean
18,35,0,1.71,1,2.39,76085,Y2,,,0,13.646,clean
18,36,0,1.66,1,2.27,856787,Y4,,,0,13.846,clean
18,37,0,1.82,1,2.62,1001358,Y2,,,0,13.817,clean
18,38,0,1.72,1,2.53,952631,Y2,,,0,13.621,clean
18,39,0,2.00,1,2.37,1094520,Y4,,,0,13.109,clean
18,40,0,1.61,1,2.38,500679,Y2,,,0,12.654,clean
18,41,0,1.66,1,2.36,387937,Y2,,,0,12.656,clean
18,42,0,1.66,1,2.63,174880,Y2,,,0,13.008,clean
18,43,0,1.79,1,2.40,204563,Y4,,,0,13.224,clean
18,44,0,1.88,1,2.32,1425594,Y4,,,0,12.904,clean
18,45,0,1.99,1,2.36,1078784,Y2,,,0,12.362,clean
18,46,0,1.63,1,2.41,1283705,Y4,,,0,12.196,clean
18,47,0,1.79,1,2.32,1016021,Y2,,,0,12.302,clean
18,48,0,2.34,1,2.31,828445,Y2,,,0,12.395,clean
18,49,0,2.11,1,2.55,636935,Y2,,,0,12.338,clean
18,50,0,2.00,1,2.35,1028270,Y2,,,0,11.864,clean
18,51,0,2.09,1,2.44,537425,Y4,,,0,10.780,clean
18,52,0,2.54,1,2.34,1163453,Y4,0.00/noise-like,0.00/noise-like,0,9.779,hump-note
18,53,0,2.61,1,2.46,808418,Y2,0.00/noise-like,0.00/noise-like,0,9.385,hump-note
18,54,0,2.72,1,2.32,1342177,Y2,0.24/noise-like,0.00/noise-like,0,9.154,hump-note
18,55,0,2.60,1,2.28,276357,Y4,0.24/noise-like,0.00/noise-like,0,8.699,hump-note
18,56,0,3.31,1,2.41,206351,Y4,0.24/noise-like,0.24/noise-like,0,7.864,hump-note
18,57,0,0,-1,0,0,-,,,0,6.656,QUARANTINE:dark-lane range=56 distinct=56
18,58,0,0,-1,0,0,-,,,0,5.430,QUARANTINE:dark-lane range=46 distinct=46
18,59,0,0,-1,0,0,-,,,0,4.462,QUARANTINE:dark-lane range=38 distinct=39
18,60,0,0,-1,0,0,-,,,0,3.749,QUARANTINE:dark-lane range=31 distinct=32
18,61,0,0,-1,0,0,-,,,0,3.247,QUARANTINE:dark-lane range=29 distinct=29
18,62,0,0,-1,0,0,-,,,0,2.736,QUARANTINE:dark-lane range=23 distinct=24
18,63,0,0,-1,0,0,-,,,0,2.240,QUARANTINE:dark-lane range=19 distinct=20
19,0,0,5.15,1,2.31,510871,Y4,0.00/noise-like,0.00/noise-like,0,18.877,SPECTRAL-LINE
19,1,0,1.47,1,2.36,506759,Y4,,,0,18.354,clean
19,2,0,1.54,1,2.27,635684,Y4,,,0,17.744,clean
19,3,0,1.45,1,2.24,1123756,Y2,,,0,17.238,clean
19,4,0,1.48,1,2.39,174165,Y2,,,0,17.122,clean
19,5,0,1.43,1,2.28,668138,Y2,,,0,17.388,clean
19,6,0,1.60,1,2.46,806361,Y2,,,0,17.630,clean
19,7,0,1.38,1,2.55,782043,Y4,,,0,17.318,clean
19,8,0,1.63,1,2.30,827551,Y4,,,0,16.853,clean
19,9,0,1.53,1,2.40,735730,Y4,,,0,16.739,clean
19,10,0,1.52,1,2.45,1169711,Y4,,,0,16.674,clean
19,11,0,1.49,1,2.56,464112,Y2,,,0,16.704,clean
19,12,0,1.57,1,2.36,1322597,Y2,,,0,16.781,clean
19,13,0,1.44,179,2.39,1061171,Y4,,,0,16.472,clean
19,14,0,1.38,1,2.66,428081,Y2,,,0,15.773,clean
19,15,0,1.59,1,2.50,1288444,Y4,,,0,15.349,clean
19,16,0,1.56,1,2.34,1323581,Y4,,,0,15.519,clean
19,17,0,1.74,1,2.23,199378,Y4,,,0,15.874,clean
19,18,0,1.60,408,2.36,28878,Y2,,,0,17.505,clean
19,19,0,1.72,1,2.39,647038,Y2,,,0,15.804,clean
19,20,0,1.67,1,2.46,1339495,Y4,,,0,14.956,clean
19,21,0,1.88,1,2.28,432730,Y2,,,0,14.355,clean
19,22,0,1.58,1,2.51,1310974,Y2,,,0,14.255,clean
19,23,0,1.56,1,2.34,1464844,Y2,,,0,14.822,clean
19,24,0,1.51,1,2.37,425577,Y2,,,0,15.705,clean
19,25,0,1.45,1,2.40,528127,Y2,,,0,15.923,clean
19,26,0,1.61,1,2.35,439435,Y2,,,0,15.282,clean
19,27,0,1.47,1,2.47,583828,Y4,,,0,14.756,clean
19,28,0,1.76,1,2.32,746548,Y4,,,0,14.387,clean
19,29,0,1.52,1,2.30,600010,Y2,,,0,14.525,clean
19,30,0,1.73,1,2.69,1412004,Y2,,,0,15.032,clean
19,31,0,1.57,1,2.26,344038,Y4,,,0,15.452,clean
19,32,0,2.78,1,2.23,262141,Y4,0.00/noise-like,0.00/noise-like,0,14.990,hump-note
19,33,0,1.68,1,2.45,38981,Y2,,,0,14.049,clean
19,34,0,1.71,1,2.40,1296937,Y4,,,0,13.504,clean
19,35,0,1.69,1,2.37,420481,Y4,,,0,13.662,clean
19,36,0,1.66,1,2.28,449628,Y4,,,0,13.828,clean
19,37,0,1.81,1,2.47,1006633,Y2,,,0,13.822,clean
19,38,0,1.71,1,2.40,763804,Y4,,,0,13.621,clean
19,39,0,1.61,1,2.27,939488,Y2,,,0,13.166,clean
19,40,0,1.79,1,2.28,524640,Y2,,,0,12.655,clean
19,41,0,1.65,1,2.48,1135021,Y4,,,0,12.653,clean
19,42,0,1.57,1,2.39,61959,Y4,,,0,13.036,clean
19,43,0,1.76,1,2.52,1207352,Y4,,,0,13.209,clean
19,44,0,1.97,1,2.43,1315624,Y2,,,0,12.878,clean
19,45,0,1.93,1,2.29,1050174,Y4,,,0,12.376,clean
19,46,0,1.83,1,2.27,1432747,Y4,,,0,12.184,clean
19,47,0,1.83,1,2.30,983030,Y2,,,0,12.311,clean
19,48,0,2.58,1,2.82,368088,Y2,0.00/noise-like,0.00/noise-like,0,12.404,hump-note
19,49,0,2.21,1,2.59,1218081,Y4,,,0,12.339,clean
19,50,0,1.93,1,2.34,1788,Y4,,,0,11.864,clean
19,51,0,2.22,1,2.57,243276,Y2,,,0,10.758,clean
19,52,0,2.15,1,2.54,1093894,Y2,,,0,9.766,clean
19,53,0,2.33,1,2.47,1327783,Y2,,,0,9.381,clean
19,54,0,2.86,1,2.42,1328766,Y2,0.00/noise-like,0.00/noise-like,0,9.154,hump-note
19,55,0,2.90,1,2.46,1450270,Y4,0.24/noise-like,0.00/noise-like,0,8.697,hump-note
19,56,0,3.06,1,2.48,195265,Y2,0.00/noise-like,0.24/noise-like,0,7.857,hump-note
19,57,0,0,-1,0,0,-,,,0,6.632,QUARANTINE:dark-lane range=59 distinct=57
19,58,0,0,-1,0,0,-,,,0,5.424,QUARANTINE:dark-lane range=44 distinct=45
19,59,0,0,-1,0,0,-,,,0,4.458,QUARANTINE:dark-lane range=38 distinct=39
19,60,0,0,-1,0,0,-,,,0,3.742,QUARANTINE:dark-lane range=31 distinct=32
19,61,0,0,-1,0,0,-,,,0,3.241,QUARANTINE:dark-lane range=27 distinct=28
19,62,0,0,-1,0,0,-,,,0,2.732,QUARANTINE:dark-lane range=26 distinct=25
19,63,0,0,-1,0,0,-,,,0,2.239,QUARANTINE:dark-lane range=19 distinct=20
20,0,0,4.71,1,2.51,1270920,Y4,0.00/noise-like,0.24/noise-like,0,18.887,hump-note
20,1,0,1.51,1,2.36,1207352,Y4,,,0,18.356,clean
20,2,0,1.66,1,2.33,8225,Y4,,,0,17.748,clean
20,3,0,1.82,1,2.51,638366,Y2,,,0,17.235,clean
20,4,0,1.65,1,2.43,814050,Y4,,,0,17.121,clean
20,5,0,1.39,1,2.81,327408,Y2,,,0,17.388,clean
20,6,0,1.34,1,2.55,1227289,Y4,,,0,17.630,clean
20,7,0,1.45,1,2.32,37014,Y2,,,0,17.302,clean
20,8,0,1.55,1,2.49,534385,Y2,,,0,16.839,clean
20,9,0,1.39,1,2.34,259280,Y4,,,0,16.731,clean
20,10,0,1.65,1,2.59,1282006,Y4,,,0,16.680,clean
20,11,0,1.38,1349,2.43,622004,Y2,,,0,16.739,clean
20,12,0,1.55,1,2.38,1193047,Y4,,,0,16.816,clean
20,13,0,1.56,1,2.39,1247585,Y4,,,0,16.492,clean
20,14,0,1.70,1,2.52,23603,Y2,,,0,15.741,clean
20,15,0,1.56,1,2.75,360936,Y2,,,0,15.357,clean
20,16,0,1.39,1,2.78,275105,Y2,,,0,15.530,clean
20,17,0,1.51,1,2.37,394553,Y4,,,0,15.895,clean
20,18,0,1.57,378,2.41,7242,Y2,,,0,17.499,clean
20,19,0,1.71,1,2.55,1055896,Y2,,,0,15.781,clean
20,20,0,1.38,1,2.41,117660,Y4,,,0,14.979,clean
20,21,0,1.57,1,2.31,768721,Y2,,,0,14.325,clean
20,22,0,1.54,1,2.51,283509,Y4,,,0,14.257,clean
20,23,0,1.57,1,2.63,436127,Y2,,,0,14.806,clean
20,24,0,1.54,1,2.43,812441,Y4,,,0,15.710,clean
20,25,0,1.47,1,2.44,21458,Y2,,,0,15.906,clean
20,26,0,1.67,1,2.32,802785,Y4,,,0,15.255,clean
20,27,0,1.99,1,2.32,1429260,Y4,,,0,14.731,clean
20,28,0,1.46,1,2.38,10371,Y2,,,0,14.407,clean
20,29,0,1.79,1,2.37,1424879,Y4,,,0,14.540,clean
20,30,0,1.48,1,2.68,1241416,Y2,,,0,15.027,clean
20,31,0,1.63,1,2.72,201434,Y2,,,0,15.433,clean
20,32,0,2.70,1,2.50,501752,Y2,0.00/noise-like,0.00/noise-like,0,14.989,hump-note
20,33,0,1.59,1,2.47,34332,Y4,,,0,14.052,clean
20,34,0,1.64,1,2.41,317037,Y2,,,0,13.514,clean
20,35,0,1.68,1,2.29,1145840,Y2,,,0,13.647,clean
20,36,0,1.96,1,2.61,281990,Y4,,,0,13.843,clean
20,37,0,1.87,1,2.34,594020,Y2,,,0,13.830,clean
20,38,0,1.78,1,2.56,704080,Y2,,,0,13.634,clean
20,39,0,1.83,1,2.62,832379,Y4,,,0,13.152,clean
20,40,0,1.87,1,2.43,79930,Y4,,,0,12.690,clean
20,41,0,1.87,1,2.49,868142,Y2,,,0,12.653,clean
20,42,0,1.71,1,2.29,1271099,Y4,,,0,13.019,clean
20,43,0,1.86,1,2.46,640690,Y4,,,0,13.232,clean
20,44,0,1.95,1,2.37,147522,Y2,,,0,12.886,clean
20,45,0,1.67,1,2.62,877351,Y2,,,0,12.378,clean
20,46,0,1.85,1,2.47,372112,Y4,,,0,12.165,clean
20,47,0,1.81,1,2.73,1204133,Y2,,,0,12.298,clean
20,48,0,2.61,1,2.47,351548,Y4,0.24/noise-like,0.24/noise-like,0,12.417,hump-note
20,49,0,1.96,1,2.42,230670,Y4,,,0,12.325,clean
20,50,0,2.02,1,2.35,308812,Y2,,,0,11.839,clean
20,51,0,2.21,1,2.26,1299083,Y4,,,0,10.753,clean
20,52,0,2.72,1,2.33,237107,Y2,0.00/noise-like,0.00/noise-like,0,9.752,hump-note
20,53,0,2.58,1,2.63,784099,Y2,0.00/noise-like,0.00/noise-like,0,9.387,hump-note
20,54,0,2.45,1,2.44,520259,Y4,,,0,9.160,clean
20,55,0,2.77,1,2.45,1174897,Y4,0.00/noise-like,0.24/noise-like,0,8.686,hump-note
20,56,0,2.79,1,2.24,745207,Y2,0.24/noise-like,0.00/noise-like,0,7.868,hump-note
20,57,0,0,-1,0,0,-,,,0,6.654,QUARANTINE:dark-lane range=55 distinct=55
20,58,0,0,-1,0,0,-,,,0,5.429,QUARANTINE:dark-lane range=52 distinct=48
20,59,0,0,-1,0,0,-,,,0,4.457,QUARANTINE:dark-lane range=41 distinct=40
20,60,0,0,-1,0,0,-,,,0,3.740,QUARANTINE:dark-lane range=33 distinct=34
20,61,0,0,-1,0,0,-,,,0,3.240,QUARANTINE:dark-lane range=30 distinct=31
20,62,0,0,-1,0,0,-,,,0,2.731,QUARANTINE:dark-lane range=25 distinct=25
20,63,0,0,-1,0,0,-,,,0,2.237,QUARANTINE:dark-lane range=18 distinct=19
21,0,0,5.69,1,2.44,1112312,Y4,0.00/noise-like,0.24/noise-like,0,18.858,SPECTRAL-LINE
21,1,0,1.37,1,2.62,138491,Y2,,,0,18.369,clean
21,2,0,1.44,1,2.61,684232,Y4,,,0,17.738,clean
21,3,0,1.41,758,2.53,668675,Y4,,,0,17.253,clean
21,4,0,1.35,59,2.37,1296312,Y2,,,0,17.058,clean
21,5,0,1.48,1,2.39,987947,Y2,,,0,17.421,clean
21,6,0,1.56,1,2.40,1255631,Y2,,,0,17.590,clean
21,7,0,1.48,1,2.29,856519,Y4,,,0,17.340,clean
21,8,0,1.41,1,2.41,82433,Y2,,,0,16.874,clean
21,9,0,1.57,1,2.67,195801,Y4,,,0,16.715,clean
21,10,0,1.41,1,2.42,408232,Y4,,,0,16.702,clean
21,11,0,1.45,122,2.36,53018,Y4,,,0,16.715,clean
21,12,0,1.39,531,2.48,384450,Y2,,,0,16.769,clean
21,13,0,1.64,1,2.29,1317233,Y2,,,0,16.467,clean
21,14,0,1.50,1,2.55,1390010,Y4,,,0,15.768,clean
21,15,0,1.65,1,2.52,1291752,Y2,,,0,15.378,clean
21,16,0,1.55,1,2.38,552088,Y4,,,0,15.500,clean
21,17,0,1.53,1,2.28,1101583,Y2,,,0,15.894,clean
21,18,0,1.74,1,2.47,654459,Y2,,,0,17.492,clean
21,19,0,1.69,1,2.32,342965,Y2,,,0,15.793,clean
21,20,0,1.54,1,2.24,1064122,Y4,,,0,14.954,clean
21,21,0,1.70,1,2.51,982493,Y4,,,0,14.338,clean
21,22,0,1.58,1,2.37,1060545,Y2,,,0,14.242,clean
21,23,0,1.50,1,2.37,1162738,Y2,,,0,14.861,clean
21,24,0,1.53,1,2.38,1369625,Y4,,,0,15.669,clean
21,25,0,1.67,1,2.47,148416,Y4,,,0,15.913,clean
21,26,0,1.61,1,2.34,339299,Y2,,,0,15.253,clean
21,27,0,1.60,1,2.49,1356393,Y2,,,0,14.730,clean
21,28,0,1.52,1,2.54,1152545,Y4,,,0,14.350,clean
21,29,0,1.51,1,2.44,1226842,Y4,,,0,14.534,clean
21,30,0,1.43,1,2.70,130266,Y2,,,0,15.056,clean
21,31,0,1.60,1,2.49,896484,Y4,,,0,15.484,clean
21,32,0,3.12,1,2.38,326335,Y2,0.24/noise-like,0.00/noise-like,0,15.001,hump-note
21,33,0,1.71,1,2.42,770599,Y4,,,0,14.055,clean
21,34,0,1.75,1,2.27,725806,Y4,,,0,13.523,clean
21,35,0,1.81,1,2.37,830233,Y2,,,0,13.654,clean
21,36,0,1.66,1,2.31,593930,Y4,,,0,13.860,clean
21,37,0,1.43,1,2.36,232458,Y4,,,0,13.803,clean
21,38,0,1.86,1,2.46,200182,Y4,,,0,13.596,clean
21,39,0,1.65,1,2.36,1313925,Y2,,,0,13.106,clean
21,40,0,1.83,1,2.47,209481,Y4,,,0,12.649,clean
21,41,0,2.06,1,2.48,782758,Y2,,,0,12.651,clean
21,42,0,1.60,1,2.42,800371,Y2,,,0,13.001,clean
21,43,0,1.95,1,2.50,1076728,Y4,,,0,13.231,clean
21,44,0,1.70,1,2.40,863492,Y4,,,0,12.909,clean
21,45,0,1.98,1,2.32,1048207,Y2,,,0,12.353,clean
21,46,0,1.84,1,2.28,10908,Y2,,,0,12.192,clean
21,47,0,1.92,1,2.42,49174,Y4,,,0,12.287,clean
21,48,0,2.54,1,2.37,779182,Y2,0.00/noise-like,0.24/noise-like,0,12.398,hump-note
21,49,0,2.09,1,2.72,13858,Y4,,,0,12.333,clean
21,50,0,1.92,1,2.34,389904,Y2,,,0,11.847,clean
21,51,0,2.41,1,2.32,224948,Y2,,,0,10.765,clean
21,52,0,2.33,1,2.32,263840,Y4,,,0,9.756,clean
21,53,0,2.58,1,2.31,933766,Y2,0.00/noise-like,0.00/noise-like,0,9.375,hump-note
21,54,0,2.47,1,2.58,937074,Y2,,,0,9.143,clean
21,55,0,2.66,1,2.48,89318,Y2,0.00/noise-like,0.24/noise-like,0,8.667,hump-note
21,56,0,2.96,1,2.53,826746,Y4,0.00/noise-like,0.00/noise-like,0,7.867,hump-note
21,57,0,0,-1,0,0,-,,,0,6.637,QUARANTINE:dark-lane range=63 distinct=57
21,58,0,0,-1,0,0,-,,,0,5.431,QUARANTINE:dark-lane range=49 distinct=47
21,59,0,0,-1,0,0,-,,,0,4.452,QUARANTINE:dark-lane range=38 distinct=38
21,60,0,0,-1,0,0,-,,,0,3.735,QUARANTINE:dark-lane range=33 distinct=33
21,61,0,0,-1,0,0,-,,,0,3.238,QUARANTINE:dark-lane range=29 distinct=29
21,62,0,0,-1,0,0,-,,,0,2.737,QUARANTINE:dark-lane range=23 distinct=24
21,63,0,0,-1,0,0,-,,,0,2.239,QUARANTINE:dark-lane range=18 distinct=19
22,0,0,4.66,1,2.37,320971,Y4,0.24/noise-like,0.00/noise-like,0,18.900,hump-note
22,1,0,1.39,1089,2.44,1120716,Y2,,,0,18.350,clean
22,2,0,1.52,1,2.54,797153,Y4,,,0,17.758,clean
22,3,0,1.42,1,2.55,39339,Y2,,,0,17.249,clean
22,4,0,1.35,1073,2.29,1144230,Y2,,,0,17.151,clean
22,5,0,1.54,1,2.46,874490,Y4,,,0,17.398,clean
22,6,0,1.45,1,2.39,1432478,Y2,,,0,17.600,clean
22,7,0,1.41,466,2.32,782043,Y4,,,0,17.340,clean
22,8,0,1.63,1,2.52,622183,Y2,,,0,16.864,clean
22,9,0,1.63,1,2.50,863492,Y4,,,0,16.740,clean
22,10,0,1.57,1,2.28,35048,Y2,,,0,16.665,clean
22,11,0,1.38,1,2.60,1277089,Y2,,,0,16.719,clean
22,12,0,1.53,1,2.33,1285672,Y2,,,0,16.739,clean
22,13,0,1.42,1,2.48,791967,Y2,,,0,16.458,clean
22,14,0,1.62,1,2.70,197142,Y4,,,0,15.767,clean
22,15,0,1.53,1,2.58,1117498,Y2,,,0,15.372,clean
22,16,0,1.48,1,2.56,1424789,Y4,,,0,15.512,clean
22,17,0,1.71,1,2.62,508189,Y4,,,0,15.871,clean
22,18,0,1.60,1,2.51,100315,Y2,,,0,17.471,clean
22,19,0,1.68,1,2.42,713110,Y2,,,0,15.797,clean
22,20,0,1.74,1,2.72,82701,Y4,,,0,14.943,clean
22,21,0,1.72,1,2.52,209659,Y4,,,0,14.340,clean
22,22,0,1.60,1,2.35,285298,Y4,,,0,14.249,clean
22,23,0,1.57,1,2.40,178009,Y4,,,0,14.822,clean
22,24,0,1.65,1,2.51,839978,Y2,,,0,15.710,clean
22,25,0,1.60,1,2.34,431389,Y4,,,0,15.926,clean
22,26,0,1.34,23,2.40,1428723,Y2,,,0,15.277,clean
22,27,0,1.61,1,2.55,882804,Y4,,,0,14.739,clean
22,28,0,1.43,1,2.28,1060188,Y2,,,0,14.374,clean
22,29,0,1.84,1,2.33,816733,Y4,,,0,14.510,clean
22,30,0,1.39,1,2.51,60707,Y4,,,0,15.035,clean
22,31,0,1.48,1,2.42,118911,Y2,,,0,15.433,clean
22,32,0,3.29,1,2.31,435859,Y4,0.24/noise-like,0.00/noise-like,0,15.002,hump-note
22,33,0,1.71,1,2.50,47475,Y4,,,0,14.036,clean
22,34,0,1.89,1,2.39,533223,Y4,,,0,13.516,clean
22,35,0,1.80,1,2.45,151634,Y4,,,0,13.673,clean
22,36,0,1.84,1,2.46,51588,Y4,,,0,13.850,clean
22,37,0,1.56,1,2.54,795901,Y2,,,0,13.806,clean
22,38,0,1.64,1,2.43,239789,Y4,,,0,13.606,clean
22,39,0,1.70,1,2.74,1003146,Y2,,,0,13.155,clean
22,40,0,2.07,1,2.40,1184464,Y4,,,0,12.665,clean
22,41,0,1.81,1,2.41,1441330,Y2,,,0,12.676,clean
22,42,0,1.83,1,2.34,33170,Y4,,,0,13.053,clean
22,43,0,1.64,1,2.40,326782,Y4,,,0,13.199,clean
22,44,0,2.02,1,2.25,1282990,Y4,,,0,12.890,clean
22,45,0,1.88,1,2.50,703007,Y2,,,0,12.385,clean
22,46,0,2.30,1,2.58,1461267,Y2,,,0,12.184,clean
22,47,0,1.97,1,2.35,1073956,Y4,,,0,12.281,clean
22,48,0,2.46,1,2.45,257134,Y4,,,0,12.402,clean
22,49,0,1.99,1,2.48,1256257,Y2,,,0,12.321,clean
22,50,0,2.11,1,2.55,1366496,Y2,,,0,11.874,clean
22,51,0,1.99,1,2.38,886470,Y2,,,0,10.760,clean
22,52,0,2.33,1,2.25,865102,Y4,,,0,9.780,clean
22,53,0,2.60,1,2.51,776678,Y2,0.00/noise-like,0.24/noise-like,0,9.374,hump-note
22,54,0,2.48,1,2.38,550032,Y2,,,0,9.119,clean
22,55,0,2.74,1,2.42,1106322,Y4,0.00/noise-like,0.00/noise-like,0,8.684,hump-note
22,56,0,3.56,1,2.53,718564,Y2,0.24/noise-like,0.24/noise-like,0,7.860,hump-note
22,57,0,0,-1,0,0,-,,,0,6.650,QUARANTINE:dark-lane range=57 distinct=57
22,58,0,0,-1,0,0,-,,,0,5.428,QUARANTINE:dark-lane range=48 distinct=48
22,59,0,0,-1,0,0,-,,,0,4.459,QUARANTINE:dark-lane range=40 distinct=40
22,60,0,0,-1,0,0,-,,,0,3.740,QUARANTINE:dark-lane range=36 distinct=34
22,61,0,0,-1,0,0,-,,,0,3.237,QUARANTINE:dark-lane range=29 distinct=29
22,62,0,0,-1,0,0,-,,,0,2.736,QUARANTINE:dark-lane range=24 distinct=24
22,63,0,0,-1,0,0,-,,,0,2.238,QUARANTINE:dark-lane range=19 distinct=20
23,0,0,5.19,1,2.41,372738,Y2,0.24/noise-like,0.00/noise-like,0,18.868,SPECTRAL-LINE
23,1,0,1.41,1,2.33,409842,Y2,,,0,18.351,clean
23,2,0,1.34,601,2.39,677884,Y2,,,0,17.759,clean
23,3,0,1.60,1,2.32,859737,Y2,,,0,17.238,clean
23,4,0,1.64,1,2.41,1076549,Y2,,,0,17.098,clean
23,5,0,1.71,1,2.35,168264,Y2,,,0,17.380,clean
23,6,0,1.36,1,2.41,1272976,Y2,,,0,17.629,clean
23,7,0,1.66,1,2.20,405461,Y2,,,0,17.316,clean
23,8,0,1.47,1,2.52,645787,Y4,,,0,16.835,clean
23,9,0,1.48,1,2.46,382751,Y2,,,0,16.749,clean
23,10,0,1.49,1,2.68,291824,Y4,,,0,16.690,clean
23,11,0,1.55,1,2.29,575334,Y4,,,0,16.740,clean
23,12,0,1.38,1,2.49,1318663,Y2,,,0,16.774,clean
23,13,0,1.67,1,2.35,1414865,Y2,,,0,16.443,clean
23,14,0,1.42,128,2.56,1093447,Y2,,,0,15.747,clean
23,15,0,1.76,1,2.44,359952,Y2,,,0,15.360,clean
23,16,0,1.39,364,2.56,1453757,Y2,,,0,15.484,clean
23,17,0,1.38,1,3.02,733942,Y2,0.00/noise-like,0.00/noise-like,0,15.885,FAM-HIT
23,18,0,1.69,470,2.36,995636,Y2,,,0,17.512,clean
23,19,0,1.40,1106,2.30,536978,Y4,,,0,15.771,clean
23,20,0,1.56,1,2.38,257581,Y2,,,0,14.976,clean
23,21,0,1.80,1,2.37,10997,Y4,,,0,14.348,clean
23,22,0,1.57,1,2.32,816196,Y2,,,0,14.234,clean
23,23,0,1.40,1,2.35,214934,Y2,,,0,14.841,clean
23,24,0,1.56,1,2.40,1290947,Y4,,,0,15.703,clean
23,25,0,1.39,216,2.36,554323,Y2,,,0,15.913,clean
23,26,0,1.95,1,2.52,64731,Y4,,,0,15.237,clean
23,27,0,1.64,1,2.28,1454473,Y4,,,0,14.708,clean
23,28,0,1.52,1,2.34,37014,Y4,,,0,14.385,clean
23,29,0,1.83,1,2.53,1140654,Y4,,,0,14.522,clean
23,30,0,1.81,1,2.25,162631,Y4,,,0,15.032,clean
23,31,0,1.66,1,2.32,1289606,Y4,,,0,15.431,clean
23,32,0,3.08,1,2.48,827104,Y4,0.00/noise-like,0.24/noise-like,0,15.011,hump-note
23,33,0,1.84,1,2.36,90748,Y2,,,0,14.062,clean
23,34,0,1.92,1,2.72,1245975,Y2,,,0,13.529,clean
23,35,0,1.70,1,2.35,1331449,Y4,,,0,13.647,clean
23,36,0,1.60,1,2.45,579715,Y2,,,0,13.869,clean
23,37,0,2.19,1,2.61,1077086,Y2,,,0,13.819,clean
23,38,0,1.62,1,2.53,565231,Y2,,,0,13.622,clean
23,39,0,1.90,1,2.40,20564,Y4,,,0,13.136,clean
23,40,0,1.80,1,2.42,620037,Y4,,,0,12.645,clean
23,41,0,1.87,1,2.49,1127064,Y2,,,0,12.633,clean
23,42,0,2.10,1,2.50,472605,Y4,,,0,12.994,clean
23,43,0,1.91,1,2.41,777930,Y2,,,0,13.211,clean
23,44,0,1.71,1,2.48,1278430,Y4,,,0,12.858,clean
23,45,0,1.85,1,2.49,1084328,Y2,,,0,12.359,clean
23,46,0,2.08,1,2.43,1073599,Y2,,,0,12.163,clean
23,47,0,1.82,1,2.57,385344,Y2,,,0,12.287,clean
23,48,0,2.23,1,2.63,166029,Y2,,,0,12.397,clean
23,49,0,1.94,1,2.50,1105338,Y2,,,0,12.343,clean
23,50,0,1.76,1,2.43,86546,Y2,,,0,11.871,clean
23,51,0,2.13,1,2.38,1310527,Y4,,,0,10.759,clean
23,52,0,2.06,1,2.41,137508,Y4,,,0,9.771,clean
23,53,0,2.83,1,2.62,1328856,Y4,0.00/noise-like,0.00/noise-like,0,9.376,hump-note
23,54,0,2.26,1,2.43,533223,Y4,,,0,9.136,clean
23,55,0,2.44,1,2.40,446141,Y2,,,0,8.675,clean
23,56,0,3.37,1,2.37,1389831,Y2,0.00/noise-like,0.00/noise-like,0,7.850,hump-note
23,57,0,0,-1,0,0,-,,,0,6.629,QUARANTINE:dark-lane range=56 distinct=56
23,58,0,0,-1,0,0,-,,,0,5.420,QUARANTINE:dark-lane range=47 distinct=47
23,59,0,0,-1,0,0,-,,,0,4.461,QUARANTINE:dark-lane range=41 distinct=40
23,60,0,0,-1,0,0,-,,,0,3.744,QUARANTINE:dark-lane range=31 distinct=31
23,61,0,0,-1,0,0,-,,,0,3.240,QUARANTINE:dark-lane range=26 distinct=27
23,62,0,0,-1,0,0,-,,,0,2.735,QUARANTINE:dark-lane range=23 distinct=24
23,63,0,0,-1,0,0,-,,,0,2.239,QUARANTINE:dark-lane range=20 distinct=21
24,0,0,5.92,1,2.51,1200825,Y4,0.00/noise-like,0.00/noise-like,0,18.836,SPECTRAL-LINE
24,1,0,1.60,1,2.59,1209050,Y4,,,0,18.349,clean
24,2,0,1.44,1158,2.36,386328,Y2,,,0,17.751,clean
24,3,0,1.45,1,2.61,390708,Y4,,,0,17.223,clean
24,4,0,1.45,1,2.43,1462072,Y2,,,0,17.082,clean
24,5,0,1.37,1314,2.53,218779,Y4,,,2,17.448,clean
24,6,0,1.36,1,2.67,81360,Y4,,,0,17.634,clean
24,7,0,1.66,1,2.97,420481,Y2,,,1,17.294,clean
24,8,0,1.37,1025,2.32,916421,Y4,,,0,16.869,clean
24,9,0,1.42,1,2.48,1021832,Y2,,,0,16.735,clean
24,10,0,1.57,1,2.39,1439005,Y2,,,0,16.681,clean
24,11,0,1.78,1,2.25,742972,Y2,,,1,16.727,clean
24,12,0,1.51,1,2.29,1402438,Y4,,,0,16.793,clean
24,13,0,1.55,1,2.63,407338,Y4,,,0,16.467,clean
24,14,0,1.74,1,2.30,988573,Y2,,,0,15.758,clean
24,15,0,1.45,1,2.51,248730,Y2,,,0,15.350,clean
24,16,0,1.38,1,2.52,122845,Y4,,,1,15.508,clean
24,17,0,1.65,1,2.82,1168728,Y4,,,0,15.862,clean
24,18,0,1.83,1,2.53,401080,Y2,,,0,17.539,clean
24,19,0,1.44,1,2.44,227362,Y4,,,0,15.837,clean
24,20,0,1.56,1,2.43,849813,Y2,,,0,14.938,clean
24,21,0,1.67,1,2.40,566036,Y4,,,1,14.308,clean
24,22,0,1.85,1,2.36,1186609,Y4,,,0,14.252,clean
24,23,0,1.58,1,2.49,370771,Y4,,,0,14.813,clean
24,24,0,1.55,1,2.29,1306415,Y4,,,0,15.716,clean
24,25,0,1.49,1,2.36,598848,Y2,,,0,15.901,clean
24,26,0,1.58,1,2.41,559509,Y4,,,0,15.241,clean
24,27,0,1.62,1,2.31,1201451,Y4,,,0,14.723,clean
24,28,0,1.77,1,2.46,921249,Y4,,,1,14.406,clean
24,29,0,1.45,864,2.31,682890,Y2,,,0,14.526,clean
24,30,0,1.65,1,2.38,272065,Y4,,,0,15.041,clean
24,31,0,1.46,1,2.37,196427,Y2,,,0,15.436,clean
24,32,0,3.15,1,2.38,759244,Y2,0.00/noise-like,0.00/noise-like,0,14.984,hump-note
24,33,0,1.51,1,2.35,1026303,Y4,,,0,14.028,clean
24,34,0,1.56,1,2.54,391245,Y4,,,0,13.494,clean
24,35,0,1.73,1,2.93,849456,Y4,,,0,13.658,clean
24,36,0,1.83,1,2.38,217885,Y4,,,0,13.853,clean
24,37,0,2.05,1,2.46,191510,Y4,,,0,13.827,clean
24,38,0,1.88,1,2.49,868142,Y4,,,0,13.602,clean
24,39,0,1.89,1,2.68,537872,Y2,,,1,13.153,clean
24,40,0,1.84,1,2.45,798225,Y4,,,0,12.655,clean
24,41,0,1.80,1,2.36,636935,Y4,,,0,12.686,clean
24,42,0,1.91,1,2.35,277966,Y4,,,0,13.017,clean
24,43,0,1.66,1,2.56,106484,Y2,,,0,13.247,clean
24,44,0,2.02,1,2.28,339657,Y2,,,0,12.899,clean
24,45,0,1.82,1,2.36,1410216,Y2,,,0,12.393,clean
24,46,0,1.97,1,2.41,60439,Y2,,,0,12.176,clean
24,47,0,2.03,1,2.46,14573,Y2,,,0,12.297,clean
24,48,0,1.97,1,2.36,283778,Y2,,,1,12.399,clean
24,49,0,1.60,1,2.76,256419,Y2,,,0,12.343,clean
24,50,0,1.68,1,2.44,378549,Y4,,,1,11.841,clean
24,51,0,2.35,1,2.50,743598,Y2,,,1,10.772,clean
24,52,0,2.48,1,2.44,420749,Y2,,,0,9.777,clean
24,53,0,2.64,1,2.60,1419783,Y4,0.00/noise-like,0.00/noise-like,1,9.388,hump-note
24,54,0,2.54,1,2.32,1442045,Y2,0.00/noise-like,0.24/noise-like,1,9.144,hump-note
24,55,0,2.65,1,2.37,688702,Y4,0.24/noise-like,0.24/noise-like,0,8.676,hump-note
24,56,0,2.94,1,2.56,1415938,Y2,0.00/noise-like,0.00/noise-like,1,7.867,hump-note
24,57,0,0,-1,0,0,-,,,0,6.649,QUARANTINE:dark-lane range=57 distinct=56
24,58,0,0,-1,0,0,-,,,0,5.428,QUARANTINE:dark-lane range=49 distinct=47
24,59,0,0,-1,0,0,-,,,0,4.463,QUARANTINE:dark-lane range=37 distinct=37
24,60,0,0,-1,0,0,-,,,0,3.740,QUARANTINE:dark-lane range=34 distinct=35
24,61,0,0,-1,0,0,-,,,0,3.243,QUARANTINE:dark-lane range=27 distinct=28
24,62,0,0,-1,0,0,-,,,0,2.733,QUARANTINE:dark-lane range=27 distinct=25
24,63,0,0,-1,0,0,-,,,0,2.240,QUARANTINE:dark-lane range=19 distinct=20
25,0,0,4.56,1,2.34,306040,Y2,0.00/noise-like,0.24/noise-like,0,18.863,hump-note
25,1,0,1.42,1,2.77,1245260,Y4,,,0,18.377,clean
25,2,0,1.42,564,2.46,373811,Y4,,,0,17.771,clean
25,3,0,1.46,1,2.42,628263,Y4,,,0,17.259,clean
25,4,0,1.53,1,2.40,57310,Y2,,,0,17.115,clean
25,5,0,1.37,1,2.42,165850,Y4,,,0,17.423,clean
25,6,0,1.48,1,2.49,1158804,Y4,,,0,17.644,clean
25,7,0,1.45,208,2.43,407785,Y4,,,0,17.314,clean
25,8,0,1.62,1,2.33,749230,Y2,,,0,16.875,clean
25,9,0,1.36,1,2.36,120252,Y4,,,0,16.754,clean
25,10,0,1.50,1,2.49,765413,Y4,,,0,16.678,clean
25,11,0,1.43,1,2.36,128925,Y2,,,0,16.704,clean
25,12,0,1.43,1,2.45,1464844,Y2,,,0,16.803,clean
25,13,0,1.62,1,2.65,93430,Y2,,,0,16.485,clean
25,14,0,1.66,1,2.35,526875,Y2,,,0,15.778,clean
25,15,0,1.45,1,2.22,548065,Y2,,,0,15.400,clean
25,16,0,1.41,1,2.39,139296,Y4,,,0,15.509,clean
25,17,0,1.58,1,2.77,1196176,Y2,,,0,15.918,clean
25,18,0,1.71,1,2.47,981510,Y4,,,0,17.502,clean
25,19,0,1.45,1,2.32,189900,Y2,,,0,15.831,clean
25,20,0,1.55,1,2.34,724375,Y2,,,0,14.976,clean
25,21,0,1.50,1,2.35,1243919,Y2,,,0,14.344,clean
25,22,0,1.73,1,2.69,612795,Y4,,,0,14.272,clean
25,23,0,1.51,1,2.51,1070201,Y2,,,0,14.834,clean
25,24,0,1.49,1,2.42,395805,Y4,,,0,15.728,clean
25,25,0,1.46,1,2.46,1155227,Y2,,,0,15.935,clean
25,26,0,1.53,1,2.44,702828,Y4,,,0,15.271,clean
25,27,0,1.67,1,2.42,240415,Y4,,,0,14.749,clean
25,28,0,2.00,1,2.33,463843,Y2,,,0,14.385,clean
25,29,0,1.60,1,2.48,1158267,Y2,,,0,14.543,clean
25,30,0,1.57,1,2.39,1049727,Y4,,,0,15.045,clean
25,31,0,1.51,1,2.31,132233,Y4,,,0,15.446,clean
25,32,0,2.86,1,2.51,1348972,Y4,0.00/noise-like,0.24/noise-like,0,14.996,hump-note
25,33,0,1.62,1,2.31,61870,Y2,,,0,14.028,clean
25,34,0,1.96,1,2.36,1296848,Y2,,,0,13.511,clean
25,35,0,1.93,1,2.39,1118392,Y4,,,0,13.659,clean
25,36,0,1.72,1,2.53,297189,Y4,,,0,13.844,clean
25,37,0,1.74,1,2.56,938237,Y4,,,0,13.822,clean
25,38,0,1.66,1,2.38,1421660,Y2,,,0,13.626,clean
25,39,0,1.77,1,2.70,677705,Y4,,,0,13.163,clean
25,40,0,1.69,1,2.29,1044989,Y4,,,0,12.677,clean
25,41,0,1.59,1,2.30,1444191,Y2,,,0,12.677,clean
25,42,0,1.63,1,2.56,483245,Y4,,,0,13.013,clean
25,43,0,1.63,1,2.41,643015,Y2,,,0,13.236,clean
25,44,0,1.88,1,2.55,362277,Y4,,,0,12.895,clean
25,45,0,1.95,1,2.35,924200,Y2,,,0,12.352,clean
25,46,0,2.18,1,2.47,209302,Y2,,,0,12.208,clean
25,47,0,1.82,1,2.34,1011372,Y2,,,0,12.302,clean
25,48,0,2.24,1,2.53,868768,Y2,,,0,12.426,clean
25,49,0,2.11,1,2.39,267416,Y4,,,0,12.364,clean
25,50,0,1.70,1,2.35,1287192,Y2,,,0,11.862,clean
25,51,0,2.01,1,2.64,1100600,Y2,,,0,10.789,clean
25,52,0,2.53,1,2.44,824511,Y4,0.00/noise-like,0.00/noise-like,0,9.786,hump-note
25,53,0,2.43,1,2.38,1281559,Y4,,,0,9.390,clean
25,54,0,2.58,1,2.45,530809,Y2,0.00/noise-like,0.24/noise-like,0,9.159,hump-note
25,55,0,2.65,1,2.51,1171142,Y4,0.00/noise-like,0.00/noise-like,0,8.699,hump-note
25,56,0,2.97,1,2.38,1066267,Y2,0.24/noise-like,0.00/noise-like,0,7.866,hump-note
25,57,0,0,-1,0,0,-,,,0,6.652,QUARANTINE:dark-lane range=60 distinct=58
25,58,0,0,-1,0,0,-,,,0,5.437,QUARANTINE:dark-lane range=47 distinct=46
25,59,0,0,-1,0,0,-,,,0,4.455,QUARANTINE:dark-lane range=40 distinct=41
25,60,0,0,-1,0,0,-,,,0,3.741,QUARANTINE:dark-lane range=35 distinct=34
25,61,0,0,-1,0,0,-,,,0,3.245,QUARANTINE:dark-lane range=28 distinct=29
25,62,0,0,-1,0,0,-,,,0,2.741,QUARANTINE:dark-lane range=24 distinct=25
25,63,0,0,-1,0,0,-,,,0,2.237,QUARANTINE:dark-lane range=20 distinct=21
26,1,0,1.40,1,2.31,32723,Y2,,,0,18.373,clean
26,2,0,1.45,1,2.34,678420,Y2,,,0,17.736,clean
26,3,0,1.41,1,2.47,279129,Y4,,,0,17.242,clean
26,4,0,1.38,1,2.50,377566,Y4,,,0,17.150,clean
26,5,0,1.51,1,2.57,1116872,Y4,,,0,17.440,clean
26,6,0,1.56,1,2.30,1387775,Y4,,,0,17.593,clean
26,7,0,1.41,1,2.48,771582,Y4,,,0,17.332,clean
26,8,0,1.37,1,2.58,575691,Y4,,,0,16.848,clean
26,9,0,1.56,1,2.44,285655,Y2,,,0,16.731,clean
26,10,0,1.37,1,2.49,296831,Y2,,,0,16.672,clean
26,11,0,1.55,1,2.43,1431316,Y2,,,0,16.713,clean
26,12,0,1.50,1,2.35,908732,Y4,,,0,16.761,clean
26,13,0,1.56,1,2.47,595987,Y2,,,0,16.490,clean
26,14,0,1.50,1,2.46,816643,Y4,,,0,15.788,clean
26,15,0,1.48,1,2.42,573814,Y4,,,0,15.381,clean
26,16,0,1.41,1,2.65,60081,Y2,,,0,15.506,clean
26,17,0,1.57,1,2.19,575960,Y2,,,0,15.904,clean
26,18,0,1.59,406,2.76,154406,Y4,,,0,17.509,clean
26,19,0,1.36,1261,2.40,275731,Y4,,,0,15.814,clean
26,20,0,1.64,1,2.57,322133,Y2,,,0,14.972,clean
26,21,0,1.54,1,2.29,718564,Y2,,,0,14.344,clean
26,22,0,1.78,1,2.27,1287729,Y2,,,0,14.258,clean
26,23,0,1.46,903,2.41,409484,Y2,,,0,14.869,clean
26,24,0,1.36,1,2.46,1437396,Y2,,,0,15.730,clean
26,25,0,1.61,1,2.22,947177,Y4,,,0,15.931,clean
26,26,0,1.59,1,2.35,302643,Y2,,,0,15.290,clean
26,27,0,1.63,1,2.45,323296,Y2,,,0,14.774,clean
26,28,0,1.76,1,2.21,1285940,Y4,,,0,14.404,clean
26,29,0,1.72,1,2.44,1099169,Y2,,,0,14.512,clean
26,30,0,1.85,1,2.32,119895,Y4,,,0,15.042,clean
26,31,0,1.54,1,2.36,1298010,Y2,,,0,15.398,clean
26,32,0,1.40,291,2.28,1402348,Y2,,,0,14.965,clean
26,33,0,1.82,1,2.43,831664,Y2,,,0,14.037,clean
26,34,0,1.68,1,2.39,416905,Y2,,,0,13.492,clean
26,35,0,1.75,1,2.40,1149237,Y2,,,0,13.634,clean
26,36,0,1.90,1,2.37,651687,Y4,,,0,13.848,clean
26,37,0,1.49,1,2.38,1086116,Y2,,,0,13.806,clean
26,38,0,1.69,1,2.48,1207173,Y2,,,0,13.638,clean
26,39,0,1.82,1,2.77,1356661,Y2,,,0,13.159,clean
26,40,0,1.82,1,2.21,1152545,Y2,,,0,12.687,clean
26,41,0,1.87,1,2.33,292271,Y2,,,0,12.686,clean
26,42,0,1.68,1,2.40,349760,Y4,,,0,13.053,clean
26,43,0,1.60,1,2.33,1340032,Y2,,,0,13.229,clean
26,44,0,1.96,1,2.31,1431584,Y4,,,0,12.891,clean
26,45,0,1.90,1,2.29,130445,Y4,,,0,12.365,clean
26,46,0,1.79,1,2.43,1360148,Y4,,,0,12.141,clean
26,47,0,1.78,1,2.46,1196176,Y4,,,0,12.283,clean
26,48,0,2.62,1,2.42,657499,Y2,0.00/noise-like,0.00/noise-like,0,12.390,hump-note
26,49,0,1.99,1,2.41,836939,Y4,,,0,12.342,clean
26,50,0,2.22,1,2.64,244707,Y4,,,0,11.845,clean
26,51,0,1.89,1,2.33,1609,Y2,,,0,10.765,clean
26,52,0,2.74,1,2.63,1437038,Y2,0.00/noise-like,0.00/noise-like,0,9.779,hump-note
26,53,0,2.43,1,2.25,765502,Y4,,,0,9.402,clean
26,54,0,2.82,1,2.40,611812,Y2,0.00/noise-like,0.00/noise-like,0,9.152,hump-note
26,55,0,2.55,1,2.33,23782,Y2,0.00/noise-like,0.00/noise-like,0,8.686,hump-note
26,56,0,3.23,1,2.45,633359,Y2,0.00/?,0.00/?,0,7.874,hump-note
26,57,0,0,-1,0,0,-,,,0,6.655,QUARANTINE:dark-lane range=59 distinct=55
26,58,0,0,-1,0,0,-,,,0,5.435,QUARANTINE:dark-lane range=49 distinct=47
26,59,0,0,-1,0,0,-,,,0,4.462,QUARANTINE:dark-lane range=41 distinct=40
26,60,0,0,-1,0,0,-,,,0,3.734,QUARANTINE:dark-lane range=31 distinct=32
26,61,0,0,-1,0,0,-,,,0,3.246,QUARANTINE:dark-lane range=26 distinct=27
26,62,0,0,-1,0,0,-,,,0,2.734,QUARANTINE:dark-lane range=23 distinct=24
26,63,0,0,-1,0,0,-,,,0,2.236,QUARANTINE:dark-lane range=19 distinct=20
27,0,0,4.08,1,2.21,408143,Y2,0.42/WATCH,0.00/noise-like,0,18.932,hump-note
27,1,0,1.45,1,2.46,1453936,Y2,,,0,18.373,clean
27,2,0,1.52,1,2.42,223875,Y2,,,0,17.804,clean
27,3,0,1.33,1,2.38,1190811,Y2,,,0,17.260,clean
27,4,0,1.37,1,2.30,478596,Y4,,,0,17.138,clean
27,5,0,1.38,1,2.40,803500,Y4,,,0,17.434,clean
27,6,0,1.46,1,2.32,656158,Y2,,,0,17.615,clean
27,7,0,1.41,1,2.41,1362652,Y4,,,0,17.375,clean
27,8,0,1.39,1,2.34,731081,Y4,,,0,16.875,clean
27,9,0,1.63,1,2.33,1404136,Y4,,,0,16.773,clean
27,10,0,1.81,1,2.44,963986,Y4,,,0,16.695,clean
27,11,0,1.34,1018,2.38,1307845,Y4,,,0,16.735,clean
27,12,0,1.84,1,2.30,163972,Y2,,,0,16.837,clean
27,13,0,1.60,1,2.54,38177,Y2,,,0,16.523,clean
27,14,0,1.63,1,2.45,681281,Y4,,,0,15.825,clean
27,15,0,1.60,1,2.46,1259744,Y4,,,0,15.395,clean
27,16,0,1.35,1496,2.71,500143,Y4,,,0,15.521,clean
27,17,0,1.62,1,2.34,1321793,Y2,,,0,15.908,clean
27,18,0,1.63,210,2.73,792950,Y4,,,0,17.558,clean
27,19,0,1.49,1,2.41,943691,Y2,,,0,15.849,clean
27,20,0,1.57,1,2.30,666171,Y2,,,0,14.954,clean
27,21,0,1.65,1,2.58,1121879,Y2,,,0,14.351,clean
27,22,0,1.47,1,2.35,845343,Y4,,,0,14.274,clean
27,23,0,1.40,714,2.34,120699,Y2,,,0,14.863,clean
27,24,0,1.50,1,2.44,58025,Y2,,,0,15.764,clean
27,25,0,1.54,1,2.35,711054,Y2,,,0,15.954,clean
27,26,0,1.62,1,2.37,310510,Y4,,,0,15.316,clean
27,27,0,1.66,1,2.19,1001894,Y4,,,0,14.794,clean
27,28,0,1.54,1,2.41,478953,Y4,,,0,14.419,clean
27,29,0,1.69,1,2.43,67860,Y4,,,0,14.544,clean
27,30,0,1.88,1,2.36,964344,Y4,,,0,15.019,clean
27,31,0,1.60,1,2.34,624061,Y4,,,0,15.430,clean
27,32,0,1.37,302,2.73,946909,Y2,,,0,14.987,clean
27,33,0,1.60,1,2.38,962824,Y2,,,0,14.053,clean
27,34,0,1.87,1,2.38,690669,Y2,,,0,13.523,clean
27,35,0,1.74,1,2.50,502735,Y2,,,0,13.636,clean
27,36,0,1.54,1,2.46,9924,Y4,,,0,13.845,clean
27,37,0,1.57,1,2.34,116855,Y4,,,0,13.855,clean
27,38,0,1.84,1,2.43,336885,Y4,,,0,13.657,clean
27,39,0,1.85,1,2.67,77873,Y2,,,0,13.187,clean
27,40,0,1.67,1,2.22,1006991,Y2,,,0,12.745,clean
27,41,0,1.70,1,2.48,385523,Y4,,,0,12.738,clean
27,42,0,1.59,1,2.39,419587,Y4,,,0,13.056,clean
27,43,0,1.76,1,2.29,243902,Y4,,,0,13.274,clean
27,44,0,1.68,1,2.32,613868,Y4,,,0,12.927,clean
27,45,0,1.76,1,2.49,409126,Y4,,,0,12.382,clean
27,46,0,1.65,1,2.23,284046,Y4,,,0,12.181,clean
27,47,0,2.10,1,2.20,1013249,Y2,,,0,12.322,clean
27,48,0,2.53,1,2.69,130177,Y2,0.00/noise-like,0.00/noise-like,0,12.435,hump-note
27,49,0,1.73,1,2.30,80466,Y4,,,0,12.373,clean
27,50,0,1.66,1,2.25,94146,Y4,,,0,11.872,clean
27,51,0,2.20,1,2.68,17434,Y2,,,0,10.809,clean
27,52,0,2.36,1,2.32,1413524,Y2,,,0,9.814,clean
27,53,0,2.48,1,2.39,1434088,Y4,,,0,9.431,clean
27,54,0,2.82,1,2.25,56416,Y2,0.24/noise-like,0.24/noise-like,0,9.174,hump-note
27,55,0,2.85,1,2.51,504524,Y2,0.00/noise-like,0.00/noise-like,0,8.714,hump-note
27,56,0,3.44,1,2.48,919461,Y4,0.00/noise-like,0.00/noise-like,0,7.894,hump-note
27,57,0,0,-1,0,0,-,,,0,6.673,QUARANTINE:dark-lane range=65 distinct=61
27,58,0,0,-1,0,0,-,,,0,5.457,QUARANTINE:dark-lane range=48 distinct=48
27,59,0,0,-1,0,0,-,,,0,4.451,QUARANTINE:dark-lane range=38 distinct=39
27,60,0,0,-1,0,0,-,,,0,3.739,QUARANTINE:dark-lane range=35 distinct=35
27,61,0,0,-1,0,0,-,,,0,3.247,QUARANTINE:dark-lane range=29 distinct=29
27,62,0,0,-1,0,0,-,,,0,2.735,QUARANTINE:dark-lane range=22 distinct=23
27,63,0,0,-1,0,0,-,,,0,2.232,QUARANTINE:dark-lane range=19 distinct=20
28,0,0,4.99,1,2.35,397414,Y2,0.00/noise-like,0.00/noise-like,0,18.783,hump-note
28,1,0,1.39,193,2.38,388741,Y2,,,0,18.383,clean
28,2,0,1.43,1,2.30,393122,Y4,,,0,17.798,clean
28,3,0,1.54,1,2.36,1434803,Y2,,,0,17.271,clean
28,4,0,1.36,54,2.34,125438,Y2,,,0,17.098,clean
28,5,0,1.64,1,2.40,1299262,Y4,,,0,17.432,clean
28,6,0,1.38,332,2.35,215381,Y4,,,0,17.664,clean
28,7,0,1.40,857,2.30,10729,Y2,,,0,17.371,clean
28,8,0,1.41,1,2.42,1398236,Y4,,,0,16.913,clean
28,9,0,1.35,1214,2.43,135630,Y2,,,0,16.752,clean
28,10,0,1.36,481,2.36,419319,Y2,,,0,16.705,clean
28,11,0,1.35,341,2.24,47475,Y2,,,0,16.736,clean
28,12,0,1.65,1,2.44,767112,Y4,,,0,16.774,clean
28,13,0,1.43,1,2.38,635058,Y4,,,0,16.515,clean
28,14,0,1.46,1,2.54,1137167,Y4,,,0,15.762,clean
28,15,0,1.52,1,2.36,948966,Y4,,,0,15.379,clean
28,16,0,1.37,290,2.20,171572,Y2,,,0,15.514,clean
28,17,0,1.45,1,2.57,667244,Y2,,,0,15.910,clean
28,18,0,1.55,486,2.56,351191,Y2,,,0,17.525,clean
28,19,0,1.47,1,2.46,316501,Y4,,,0,15.815,clean
28,20,0,1.73,1,2.46,1194298,Y4,,,0,15.008,clean
28,21,0,1.63,1,2.37,1244634,Y4,,,0,14.349,clean
28,22,0,1.63,1,2.27,183374,Y4,,,0,14.279,clean
28,23,0,1.56,1,2.36,346631,Y2,,,0,14.859,clean
28,24,0,1.51,1,2.32,386506,Y2,,,0,15.726,clean
28,25,0,1.55,1,2.73,1151115,Y4,,,0,15.904,clean
28,26,0,1.79,1,2.36,1332968,Y4,,,0,15.298,clean
28,27,0,1.75,1,2.81,992596,Y2,,,0,14.769,clean
28,28,0,1.69,1,2.34,482976,Y2,,,0,14.394,clean
28,29,0,1.67,1,2.76,1185536,Y4,,,0,14.569,clean
28,30,0,1.37,137,2.49,292450,Y2,,,0,15.030,clean
28,31,0,1.54,1,2.36,515968,Y2,,,0,15.446,clean
28,32,0,1.36,341,2.36,107288,Y2,,,0,15.031,clean
28,33,0,1.84,1,2.37,319362,Y4,,,0,14.019,clean
28,34,0,1.67,1,2.41,1463145,Y4,,,0,13.502,clean
28,35,0,1.73,1,2.37,486642,Y4,,,0,13.681,clean
28,36,0,1.77,1,2.45,370771,Y2,,,0,13.850,clean
28,37,0,1.96,1,2.22,182748,Y2,,,0,13.814,clean
28,38,0,1.48,1,2.43,1001179,Y4,,,0,13.618,clean
28,39,0,2.39,1,2.41,299960,Y2,,,0,13.178,clean
28,40,0,1.74,1,2.52,530720,Y2,,,0,12.707,clean
28,41,0,1.67,1,2.38,723928,Y2,,,0,12.677,clean
28,42,0,1.96,1,2.23,934929,Y2,,,0,13.030,clean
28,43,0,1.57,1,2.44,298709,Y4,,,0,13.249,clean
28,44,0,2.03,1,2.35,315785,Y2,,,0,12.905,clean
28,45,0,2.00,1,2.37,942796,Y2,,,0,12.377,clean
28,46,0,1.76,1,2.44,682533,Y4,,,0,12.163,clean
28,47,0,1.84,1,2.34,664830,Y4,,,0,12.310,clean
28,48,0,2.68,1,2.27,738770,Y4,0.00/noise-like,0.00/noise-like,0,12.417,hump-note
28,49,0,1.85,1,2.33,1306593,Y4,,,0,12.345,clean
28,50,0,1.84,1,2.46,993937,Y4,,,0,11.872,clean
28,51,0,2.05,1,2.53,593215,Y4,,,0,10.781,clean
28,52,0,2.37,1,2.40,2414,Y2,,,0,9.778,clean
28,53,0,2.84,1,2.37,388741,Y2,0.24/noise-like,0.00/noise-like,0,9.386,hump-note
28,54,0,2.45,1,2.57,381231,Y4,,,0,9.180,clean
28,55,0,2.63,1,2.25,149578,Y2,0.00/noise-like,0.00/noise-like,0,8.703,hump-note
28,56,0,3.41,1,2.39,56237,Y4,0.00/?,0.00/noise-like,0,7.872,hump-note
28,57,0,0,-1,0,0,-,,,0,6.664,QUARANTINE:dark-lane range=62 distinct=57
28,60,0,0,-1,0,0,-,,,0,3.746,QUARANTINE:dark-lane range=32 distinct=33
28,61,0,0,-1,0,0,-,,,0,3.240,QUARANTINE:dark-lane range=29 distinct=28
28,62,0,0,-1,0,0,-,,,0,2.737,QUARANTINE:dark-lane range=24 distinct=25
28,63,0,0,-1,0,0,-,,,0,2.238,QUARANTINE:dark-lane range=18 distinct=19
29,0,0,4.31,1,2.45,723749,Y2,0.00/noise-like,0.00/noise-like,0,18.855,hump-note
29,1,0,1.34,1,2.43,465542,Y2,,,0,18.398,clean
29,2,0,1.54,1,2.67,638098,Y2,,,0,17.784,clean
29,3,0,1.56,1,2.49,907928,Y2,,,0,17.268,clean
29,4,0,1.36,1135,2.73,184536,Y2,,,0,17.111,clean
29,5,0,1.43,1,2.52,1188219,Y2,,,0,17.423,clean
29,6,0,1.42,1,2.19,656605,Y4,,,0,17.602,clean
29,7,0,1.44,1,2.67,312030,Y4,,,0,17.323,clean
29,8,0,1.55,1,2.41,718564,Y4,,,0,16.885,clean
29,9,0,1.59,1,2.43,226378,Y2,,,0,16.763,clean
29,10,0,1.68,1,2.29,303626,Y2,,,0,16.669,clean
29,11,0,1.65,1,2.50,1339406,Y2,,,0,16.729,clean
29,12,0,1.53,1,2.31,1244366,Y4,,,0,16.804,clean
29,13,0,1.60,1,2.49,449359,Y4,,,0,16.472,clean
29,14,0,1.54,1,2.54,181586,Y2,,,0,15.755,clean
29,15,0,1.66,1,2.45,1373112,Y2,,,0,15.373,clean
29,16,0,1.68,1,2.64,668943,Y4,,,0,15.532,clean
29,17,0,1.56,1,2.46,878692,Y2,,,0,15.891,clean
29,18,0,1.60,414,2.33,728935,Y4,,,0,17.517,clean
29,19,0,1.41,1,2.26,995725,Y4,,,0,15.772,clean
29,20,0,1.57,1,2.31,443637,Y2,,,0,14.933,clean
29,21,0,1.82,1,2.47,966847,Y4,,,0,14.345,clean
29,22,0,1.83,1,2.36,173539,Y2,,,0,14.270,clean
29,23,0,1.66,1,2.37,1254112,Y2,,,0,14.848,clean
29,24,0,1.50,1,2.54,1091659,Y4,,,0,15.704,clean
29,25,0,1.55,1,2.49,336438,Y2,,,0,15.954,clean
29,26,0,1.69,1,2.43,22978,Y4,,,0,15.257,clean
29,27,0,1.47,1,2.46,38981,Y4,,,0,14.756,clean
29,28,0,1.36,652,2.61,178814,Y2,,,0,14.393,clean
29,29,0,1.49,1,2.45,212252,Y2,,,0,14.509,clean
29,30,0,1.72,1,2.25,440150,Y4,,,0,15.028,clean
29,31,0,1.67,1,2.28,1209050,Y4,,,0,15.440,clean
29,32,0,2.87,1,2.34,1296043,Y2,0.00/noise-like,0.00/noise-like,0,14.988,hump-note
29,33,0,1.63,1,2.70,96560,Y4,,,0,14.043,clean
29,34,0,1.98,1,2.42,1317054,Y4,,,0,13.517,clean
29,35,0,1.82,1,2.36,242740,Y4,,,0,13.642,clean
29,36,0,1.71,1,2.40,547975,Y4,,,0,13.820,clean
29,37,0,1.47,342,2.42,540555,Y4,,,0,13.824,clean
29,38,0,1.73,1,2.34,1075298,Y4,,,0,13.616,clean
29,39,0,1.72,1,2.31,852048,Y2,,,0,13.146,clean
29,40,0,1.70,1,2.48,431746,Y2,,,0,12.666,clean
29,41,0,1.75,1,2.30,1011729,Y4,,,0,12.685,clean
29,42,0,1.71,1,2.66,117123,Y2,,,0,13.027,clean
29,43,0,1.70,1,2.63,503361,Y2,,,0,13.243,clean
29,44,0,1.84,1,2.40,108987,Y2,,,0,12.887,clean
29,45,0,1.77,1,2.26,1182944,Y2,,,0,12.366,clean
29,46,0,1.89,1,2.49,1220137,Y4,,,0,12.193,clean
29,47,0,1.83,1,2.67,5543,Y2,,,0,12.283,clean
29,48,0,2.49,1,2.38,335902,Y2,,,0,12.395,clean
29,49,0,1.62,1,2.22,52840,Y2,,,0,12.318,clean
29,50,0,1.89,1,2.30,1145571,Y4,,,0,11.826,clean
29,51,0,2.30,1,2.53,282794,Y4,,,0,10.767,clean
29,52,0,2.40,1,2.37,1273155,Y4,,,0,9.762,clean
29,53,0,2.62,1,2.83,1112670,Y4,0.24/noise-like,0.00/noise-like,0,9.387,hump-note
29,54,0,2.71,1,2.47,632107,Y2,0.00/noise-like,0.24/noise-like,0,9.145,hump-note
29,55,0,2.85,1,2.61,258386,Y4,0.00/noise-like,0.24/noise-like,0,8.687,hump-note
29,56,0,3.53,1,2.23,86099,Y2,0.00/noise-like,0.24/noise-like,0,7.871,hump-note
29,57,0,0,-1,0,0,-,,,0,6.657,QUARANTINE:dark-lane range=60 distinct=58
29,58,0,0,-1,0,0,-,,,0,5.442,QUARANTINE:dark-lane range=49 distinct=48
29,59,0,0,-1,0,0,-,,,0,4.458,QUARANTINE:dark-lane range=43 distinct=42
29,60,0,0,-1,0,0,-,,,0,3.732,QUARANTINE:dark-lane range=35 distinct=35
29,61,0,0,-1,0,0,-,,,0,3.245,QUARANTINE:dark-lane range=30 distinct=31
29,62,0,0,-1,0,0,-,,,0,2.740,QUARANTINE:dark-lane range=24 distinct=25
30,0,0,6.35,1,2.58,6795,Y4,0.00/noise-like,0.00/noise-like,0,18.734,SPECTRAL-LINE
30,1,0,1.36,307,2.36,909626,Y4,,,0,18.357,clean
30,2,0,1.34,1157,2.50,1285136,Y4,,,0,17.762,clean
30,3,0,1.35,1,2.25,210464,Y4,,,0,17.253,clean
30,4,0,1.40,1,2.61,1341909,Y2,,,0,17.073,clean
30,5,0,1.41,1416,2.94,50962,Y4,,,0,17.417,clean
30,6,0,1.53,1,2.43,822186,Y4,,,0,17.598,clean
30,7,0,1.44,1,2.36,556737,Y2,,,0,17.325,clean
30,8,0,1.38,1,2.37,18060,Y2,,,0,16.846,clean
30,9,0,1.62,1,2.40,155658,Y2,,,0,16.733,clean
30,10,0,1.80,1,2.49,1340568,Y2,,,0,16.695,clean
30,11,0,1.63,1,2.42,670552,Y2,,,0,16.718,clean
30,12,0,1.64,1,2.65,316948,Y4,,,0,16.816,clean
30,13,0,1.64,1,2.48,909626,Y4,,,0,16.475,clean
30,14,0,1.43,1250,2.30,257403,Y4,,,0,15.791,clean
30,15,0,1.53,1,2.47,672966,Y4,,,0,15.384,clean
30,16,0,1.46,1,2.32,175685,Y2,,,0,15.497,clean
30,17,0,1.78,1,2.53,68486,Y2,,,0,15.916,clean
30,18,0,1.67,284,2.49,437915,Y4,,,0,17.501,clean
30,19,0,1.52,1,2.37,1421213,Y2,,,0,15.785,clean
30,20,0,1.73,1,2.37,297993,Y4,,,0,14.958,clean
30,21,0,1.76,1,2.45,154048,Y4,,,0,14.347,clean
30,22,0,1.48,1,2.35,111848,Y2,,,0,14.258,clean
30,23,0,1.93,1,2.27,309259,Y2,,,0,14.817,clean
30,24,0,1.60,1,2.32,558704,Y2,,,0,15.723,clean
30,25,0,1.53,1,2.27,183374,Y2,,,0,15.910,clean
30,26,0,1.59,1,2.31,942081,Y2,,,0,15.295,clean
30,27,0,1.64,1,2.45,190794,Y4,,,0,14.743,clean
30,28,0,1.77,1,2.23,169426,Y2,,,0,14.421,clean
30,29,0,1.44,1,2.48,1141727,Y4,,,0,14.497,clean
30,30,0,1.57,1,2.78,893980,Y4,,,0,15.056,clean
30,31,0,1.37,1,2.58,151455,Y4,,,0,15.473,clean
30,32,0,1.32,1137,2.36,139207,Y2,,,0,15.021,clean
30,33,0,1.59,1,2.30,285387,Y2,,,0,14.053,clean
30,34,0,1.62,1,2.41,481635,Y2,,,0,13.524,clean
30,35,0,1.73,1,2.40,57310,Y2,,,0,13.656,clean
30,36,0,1.55,1,2.53,669479,Y2,,,0,13.817,clean
30,37,0,1.70,1,2.45,1432568,Y2,,,0,13.820,clean
30,38,0,1.86,1,2.41,621110,Y4,,,0,13.614,clean
30,39,0,1.60,1,2.27,1442760,Y2,,,0,13.130,clean
30,40,0,2.25,1,2.38,39607,Y4,,,0,12.647,clean
30,41,0,1.95,1,2.59,916064,Y2,,,0,12.666,clean
30,42,0,1.67,1,2.54,346094,Y4,,,0,12.987,clean
30,43,0,1.64,1,2.37,1005113,Y2,,,0,13.241,clean
30,44,0,1.91,1,2.60,1276106,Y2,,,0,12.878,clean
30,45,0,1.83,1,2.57,648648,Y2,,,0,12.384,clean
30,46,0,1.97,1,2.87,658751,Y2,,,0,12.170,clean
30,47,0,1.98,1,2.26,578642,Y2,,,0,12.292,clean
30,48,0,2.47,1,2.42,213683,Y2,,,0,12.412,clean
30,49,0,2.00,1,2.38,1309454,Y2,,,0,12.324,clean
30,50,0,2.03,1,2.45,56237,Y2,,,0,11.859,clean
30,51,0,2.45,1,2.58,638187,Y4,,,0,10.766,clean
30,52,0,2.17,1,2.27,944585,Y2,,,0,9.770,clean
30,53,0,2.57,1,2.33,1001358,Y4,0.00/noise-like,0.00/noise-like,0,9.393,hump-note
30,54,0,2.49,1,2.46,1020044,Y2,,,0,9.128,clean
30,55,0,2.79,1,2.56,238717,Y4,0.00/?,0.00/noise-like,0,8.675,hump-note
30,56,0,3.09,1,2.41,98616,Y2,0.00/noise-like,0.00/noise-like,0,7.858,hump-note
30,57,0,0,-1,0,0,-,,,0,6.647,QUARANTINE:dark-lane range=57 distinct=56
30,58,0,0,-1,0,0,-,,,0,5.420,QUARANTINE:dark-lane range=46 distinct=47
30,59,0,0,-1,0,0,-,,,0,4.461,QUARANTINE:dark-lane range=40 distinct=39
30,60,0,0,-1,0,0,-,,,0,3.741,QUARANTINE:dark-lane range=31 distinct=32
30,62,0,0,-1,0,0,-,,,0,2.737,QUARANTINE:dark-lane range=23 distinct=24
30,63,0,0,-1,0,0,-,,,0,2.239,QUARANTINE:dark-lane range=19 distinct=20
31,0,0,6.27,1,2.38,816733,Y4,0.00/noise-like,0.00/noise-like,0,18.732,SPECTRAL-LINE
31,1,0,1.59,1,2.37,417531,Y2,,,0,18.351,clean
31,2,0,1.43,1,2.41,1373023,Y2,,,0,17.770,clean
31,3,0,1.37,1127,2.29,477523,Y2,,,0,17.266,clean
31,4,0,1.45,663,2.35,860721,Y2,,,0,17.116,clean
31,5,0,1.43,1,2.81,346810,Y4,,,0,17.447,clean
31,6,0,1.51,1,2.57,293165,Y4,,,0,17.626,clean
31,7,0,1.49,1,2.46,859380,Y4,,,0,17.292,clean
31,8,0,1.55,1,2.48,749052,Y2,,,0,16.870,clean
31,9,0,1.55,1,2.41,1197159,Y4,,,0,16.758,clean
31,10,0,1.65,1,2.94,593305,Y2,,,0,16.685,clean
31,11,0,1.38,1356,2.29,655442,Y4,,,0,16.764,clean
31,12,0,1.43,1,2.51,152081,Y4,,,0,16.803,clean
31,13,0,1.42,1,2.41,465989,Y2,,,0,16.521,clean
31,14,0,1.60,1,2.48,146717,Y4,,,0,15.798,clean
31,15,0,1.65,1,2.47,607252,Y2,,,0,15.369,clean
31,16,0,1.40,1,2.35,841230,Y2,,,0,15.533,clean
31,17,0,1.35,265,2.51,308543,Y4,,,0,15.905,clean
31,18,0,1.95,1,2.50,46045,Y4,,,0,17.510,clean
31,19,0,1.49,1,2.48,370055,Y2,,,0,15.798,clean
31,20,0,1.68,1,2.44,328392,Y2,,,0,14.971,clean
31,21,0,1.73,1,2.39,328749,Y2,,,0,14.349,clean
31,22,0,1.76,1,2.29,539571,Y4,,,0,14.273,clean
31,23,0,1.58,1,2.33,531524,Y4,,,0,14.885,clean
31,24,0,1.52,1,2.37,598490,Y4,,,0,15.777,clean
31,25,0,1.42,1,2.38,551015,Y4,,,0,15.960,clean
31,26,0,1.76,1,2.44,692815,Y2,,,0,15.329,clean
31,27,0,1.60,1,2.25,61244,Y2,,,0,14.752,clean
31,28,0,1.75,1,2.59,206620,Y4,,,0,14.415,clean
31,29,0,1.98,1,2.53,13322,Y2,,,0,14.562,clean
31,30,0,1.69,1,2.22,413507,Y2,,,0,15.069,clean
31,31,0,1.40,1,2.56,1301318,Y2,,,0,15.435,clean
31,32,0,2.98,1,2.36,137508,Y4,0.00/?,0.24/noise-like,0,15.022,hump-note
31,33,0,1.73,1,2.43,977576,Y4,,,0,14.065,clean
31,34,0,1.68,1,2.37,1220584,Y2,,,0,13.515,clean
31,35,0,1.81,1,2.40,797153,Y2,,,0,13.660,clean
31,36,0,1.53,1,2.32,1113832,Y4,,,0,13.856,clean
31,37,0,1.93,1,2.37,1163274,Y2,,,0,13.821,clean
31,38,0,1.60,1,2.46,1337975,Y2,,,0,13.650,clean
31,39,0,1.74,1,2.50,699520,Y4,,,0,13.203,clean
31,40,0,1.93,1,2.36,1148254,Y4,,,0,12.702,clean
31,41,0,1.76,1,2.31,235766,Y2,,,0,12.683,clean
31,42,0,1.94,1,2.42,15467,Y4,,,0,13.007,clean
31,43,0,1.85,1,2.49,140280,Y2,,,0,13.258,clean
31,44,0,1.72,1,2.44,761747,Y4,,,0,12.916,clean
31,45,0,2.03,1,2.50,995368,Y4,,,0,12.380,clean
31,46,0,2.04,1,2.30,412077,Y4,,,0,12.182,clean
31,47,0,2.05,1,2.33,616282,Y2,,,1,12.297,clean
31,48,0,4.96,1,2.34,1067877,Y2,0.00/noise-like,0.00/noise-like,0,12.408,hump-note
31,49,0,2.20,1,2.30,877440,Y4,,,0,12.323,clean
31,50,0,1.84,1,2.66,197232,Y2,,,0,11.888,clean
31,51,0,2.13,1,2.32,1049370,Y2,,,0,10.798,clean
31,52,0,2.05,1,2.25,486642,Y2,,,0,9.785,clean
31,53,0,2.57,1,2.45,1320899,Y4,0.00/noise-like,0.24/noise-like,0,9.405,hump-note
31,54,0,2.56,1,2.25,1381516,Y2,0.00/noise-like,0.00/noise-like,2,9.151,hump-note
31,55,0,2.88,1,2.40,282794,Y4,0.00/noise-like,0.24/noise-like,0,8.708,hump-note
31,56,0,2.85,1,2.59,73314,Y4,0.24/noise-like,0.00/noise-like,0,7.861,hump-note
31,58,0,0,-1,0,0,-,,,0,5.440,QUARANTINE:dark-lane range=49 distinct=47
31,59,0,0,-1,0,0,-,,,0,4.467,QUARANTINE:dark-lane range=38 distinct=38
31,60,0,0,-1,0,0,-,,,0,3.737,QUARANTINE:dark-lane range=32 distinct=33
31,61,0,0,-1,0,0,-,,,0,3.252,QUARANTINE:dark-lane range=27 distinct=28
31,62,0,0,-1,0,0,-,,,0,2.736,QUARANTINE:dark-lane range=25 distinct=26
31,63,0,0,-1,0,0,-,,,0,2.241,QUARANTINE:dark-lane range=20 distinct=21
32,0,0,3.71,1,2.33,1231939,Y4,0.00/noise-like,0.24/noise-like,0,18.925,hump-note
32,1,0,1.66,1,2.54,680029,Y4,,,0,18.422,clean
32,2,0,1.48,1,2.58,1464844,Y2,,,0,17.790,clean
32,3,0,1.53,1,2.32,949055,Y4,,,0,17.274,clean
32,4,0,1.66,1,2.48,227541,Y4,,,0,17.138,clean
32,5,0,1.36,957,2.41,482976,Y4,,,0,17.452,clean
32,6,0,1.54,1,2.58,1136363,Y4,,,0,17.658,clean
32,7,0,1.53,1,2.39,27984,Y4,,,0,17.338,clean
32,8,0,1.41,129,2.38,404477,Y4,,,0,16.917,clean
32,9,0,1.45,1,2.50,314265,Y4,,,0,16.767,clean
32,10,0,1.42,1,2.37,452042,Y4,,,0,16.723,clean
32,11,0,1.44,1,2.34,568986,Y4,,,0,16.748,clean
32,12,0,1.68,1,2.34,628263,Y4,,,0,16.828,clean
32,13,0,1.52,1,2.39,176847,Y4,,,0,16.520,clean
32,14,0,1.47,1,2.59,323564,Y4,,,0,15.810,clean
32,15,0,1.59,1,2.32,321418,Y2,,,0,15.397,clean
32,16,0,1.35,1225,2.64,32991,Y2,,,0,15.533,clean
32,17,0,1.60,1,2.31,532061,Y2,,,0,15.913,clean
32,18,0,1.63,1,2.52,65088,Y4,,,0,17.557,clean
32,19,0,1.62,1,2.45,643551,Y2,,,0,15.811,clean
32,20,0,1.65,1,2.49,1209050,Y2,,,0,15.000,clean
32,21,0,1.60,1,2.62,998944,Y2,,,0,14.368,clean
32,22,0,1.61,1,2.51,188649,Y4,,,0,14.304,clean
32,23,0,1.62,1,2.40,935644,Y2,,,0,14.891,clean
32,24,0,1.70,1,2.30,435859,Y2,,,0,15.735,clean
32,25,0,1.42,1,2.34,1283973,Y4,,,0,15.934,clean
32,26,0,1.44,1,2.46,1114994,Y4,,,0,15.327,clean
32,27,0,1.53,1,2.50,395179,Y2,,,0,14.752,clean
32,28,0,1.71,1,2.36,381857,Y4,,,0,14.438,clean
32,29,0,1.77,1,2.33,58562,Y4,,,0,14.574,clean
32,30,0,1.51,1,2.49,1228005,Y2,,,0,15.064,clean
32,31,0,1.44,1,2.31,21458,Y4,,,0,15.490,clean
32,32,0,3.04,1,2.74,146002,Y2,0.24/noise-like,0.00/noise-like,0,15.001,hump-note
32,33,0,1.75,1,2.35,1005650,Y2,,,0,14.066,clean
32,34,0,1.58,1,2.48,432104,Y4,,,0,13.548,clean
32,35,0,1.75,1,2.29,23246,Y2,,,0,13.694,clean
32,36,0,1.58,1,2.49,344306,Y2,,,0,13.887,clean
32,37,0,1.57,1,2.28,541627,Y4,,,0,13.862,clean
32,38,0,1.70,1,2.30,231475,Y4,,,0,13.660,clean
32,39,0,1.76,1,2.30,252664,Y2,,,0,13.170,clean
32,40,0,1.43,1,2.38,829339,Y2,,,0,12.705,clean
32,41,0,1.79,1,2.49,1413882,Y4,,,0,12.683,clean
32,42,0,1.81,1,2.20,422180,Y2,,,0,13.053,clean
32,43,0,1.76,1,2.54,654817,Y4,,,0,13.258,clean
32,44,0,2.02,1,2.59,1181513,Y2,,,0,12.933,clean
32,45,0,1.95,1,2.29,148773,Y2,,,0,12.413,clean
32,46,0,2.04,1,2.31,380784,Y2,,,0,12.214,clean
32,47,0,1.64,1,2.45,1150310,Y2,,,0,12.290,clean
32,48,0,2.64,1,2.51,1343876,Y2,0.00/noise-like,0.24/noise-like,0,12.448,hump-note
32,49,0,1.99,1,2.40,557363,Y4,,,0,12.368,clean
32,50,0,1.74,1,2.29,774086,Y2,,,0,11.886,clean
32,51,0,2.22,1,2.42,702202,Y2,,,0,10.771,clean
32,52,0,2.30,1,2.39,1000732,Y2,,,0,9.800,clean
32,53,0,2.37,1,2.55,333488,Y2,,,1,9.402,clean
32,54,0,2.43,1,2.32,302911,Y2,,,0,9.165,clean
32,55,0,2.81,1,2.39,1067430,Y4,0.00/noise-like,0.24/noise-like,0,8.715,hump-note
32,56,0,3.48,1,2.43,857681,Y2,0.00/noise-like,0.00/noise-like,0,7.895,hump-note
32,57,0,0,-1,0,0,-,,,0,6.671,QUARANTINE:dark-lane range=57 distinct=58
32,58,0,0,-1,0,0,-,,,0,5.455,QUARANTINE:dark-lane range=46 distinct=46
32,59,0,0,-1,0,0,-,,,0,4.466,QUARANTINE:dark-lane range=39 distinct=40
32,60,0,0,-1,0,0,-,,,0,3.745,QUARANTINE:dark-lane range=34 distinct=34
32,61,0,0,-1,0,0,-,,,0,3.246,QUARANTINE:dark-lane range=30 distinct=30
32,62,0,0,-1,0,0,-,,,0,2.744,QUARANTINE:dark-lane range=25 distinct=26
32,63,0,0,-1,0,0,-,,,0,2.242,QUARANTINE:dark-lane range=29 distinct=22
33,0,0,4.89,1,2.64,48906,Y2,0.00/noise-like,0.00/noise-like,0,18.831,hump-note
33,1,0,1.59,1,2.51,894159,Y2,,,0,18.382,clean
33,2,0,1.54,970,2.42,841230,Y4,,,0,17.750,clean
33,3,0,1.44,955,2.30,430405,Y2,,,0,17.253,clean
33,4,0,1.59,1,2.38,921518,Y4,,,0,17.134,clean
33,5,0,1.54,1,2.34,73224,Y4,,,0,17.432,clean
33,6,0,1.71,1,2.58,1029432,Y2,,,0,17.623,clean
33,7,0,1.69,1,2.35,865906,Y4,,,0,17.345,clean
33,8,0,1.55,1,2.65,1231670,Y2,,,0,16.865,clean
33,9,0,1.41,1,2.43,751019,Y2,,,0,16.738,clean
33,10,0,1.45,1,2.57,432462,Y2,,,0,16.697,clean
33,11,0,1.37,1,2.44,737697,Y2,,,0,16.701,clean
33,12,0,1.43,1,2.55,194550,Y2,,,0,16.829,clean
33,13,0,1.78,1,2.33,1254469,Y2,,,0,16.485,clean
33,14,0,1.55,1,2.42,392050,Y4,,,0,15.791,clean
33,15,0,1.39,1193,2.30,598490,Y2,,,0,15.355,clean
33,16,0,1.47,1,2.26,191689,Y2,,,0,15.532,clean
33,17,0,1.60,1,2.50,158876,Y4,,,0,15.902,clean
33,18,0,1.60,353,2.30,39428,Y4,,,0,17.527,clean
33,19,0,1.66,1,2.43,380069,Y4,,,0,15.835,clean
33,20,0,1.53,1,2.54,719100,Y4,,,0,14.936,clean
33,21,0,1.55,1,2.43,1251608,Y4,,,0,14.373,clean
33,22,0,1.63,1,2.50,314713,Y2,,,0,14.255,clean
33,23,0,1.72,1,2.36,447750,Y4,,,0,14.834,clean
33,24,0,1.65,1,2.21,1366854,Y2,,,0,15.740,clean
33,25,0,1.39,202,2.47,1306951,Y2,,,0,15.925,clean
33,26,0,1.42,1,2.55,1412719,Y4,,,0,15.270,clean
33,27,0,1.71,1,2.46,1277894,Y4,,,0,14.742,clean
33,28,0,1.60,1,2.48,425845,Y2,,,0,14.440,clean
33,29,0,1.57,1,2.33,319630,Y2,,,0,14.565,clean
33,30,0,1.71,1,2.54,1427561,Y4,,,0,15.032,clean
33,31,0,1.86,1,2.36,839710,Y2,,,0,15.437,clean
33,32,0,1.41,1154,2.33,1307040,Y2,,,0,14.988,clean
33,33,0,1.73,1,2.56,890851,Y4,,,0,14.049,clean
33,34,0,1.63,1,2.20,1275480,Y2,,,0,13.532,clean
33,35,0,1.66,1,3.07,30041,Y4,0.00/noise-like,0.24/noise-like,0,13.668,FAM-HIT
33,36,0,1.64,1,2.40,1158088,Y4,,,0,13.855,clean
33,37,0,1.67,1,2.64,859380,Y4,,,0,13.843,clean
33,38,0,1.66,1,2.41,703007,Y4,,,0,13.648,clean
33,39,0,1.75,1,2.44,506938,Y2,,,0,13.183,clean
33,40,0,2.02,1,2.24,1078874,Y2,,,0,12.683,clean
33,41,0,1.74,1,2.58,878334,Y4,,,0,12.699,clean
33,42,0,1.87,1,2.51,294238,Y4,,,0,13.024,clean
33,43,0,1.85,1,2.28,1053482,Y4,,,0,13.247,clean
33,44,0,1.67,1,2.45,1464844,Y4,,,0,12.896,clean
33,45,0,2.16,1,2.65,133485,Y2,,,0,12.380,clean
33,46,0,2.00,1,2.48,1097828,Y4,,,0,12.205,clean
33,47,0,1.99,1,2.35,529468,Y4,,,0,12.280,clean
33,48,0,2.74,1,2.63,470191,Y4,0.00/noise-like,0.00/noise-like,0,12.419,hump-note
33,49,0,1.42,1,2.39,648737,Y4,,,0,12.318,clean
33,50,0,2.24,1,2.43,328302,Y4,,,0,11.868,clean
33,51,0,2.11,1,2.40,253826,Y4,,,0,10.773,clean
33,52,0,2.15,1,2.44,1092464,Y2,,,0,9.766,clean
33,53,0,2.65,1,2.56,1217455,Y2,0.00/noise-like,0.00/noise-like,0,9.399,hump-note
33,54,0,2.81,1,2.55,39428,Y2,0.00/noise-like,0.00/noise-like,0,9.149,hump-note
33,55,0,2.84,1,2.57,703901,Y2,0.24/noise-like,0.00/noise-like,1,8.704,hump-note
33,56,0,2.85,1,2.38,1093984,Y2,0.00/noise-like,0.00/noise-like,0,7.877,hump-note
33,57,0,0,-1,0,0,-,,,0,6.653,QUARANTINE:dark-lane range=58 distinct=58
33,58,0,0,-1,0,0,-,,,0,5.435,QUARANTINE:dark-lane range=50 distinct=49
33,60,0,0,-1,0,0,-,,,0,3.743,QUARANTINE:dark-lane range=34 distinct=33
33,61,0,0,-1,0,0,-,,,0,3.243,QUARANTINE:dark-lane range=29 distinct=29
33,62,0,0,-1,0,0,-,,,0,2.739,QUARANTINE:dark-lane range=23 distinct=24
33,63,0,0,-1,0,0,-,,,0,2.243,QUARANTINE:dark-lane range=20 distinct=21
34,0,0,4.82,1,2.43,1138240,Y2,0.00/noise-like,0.00/noise-like,0,18.886,hump-note
34,1,0,1.35,1038,2.68,1187772,Y4,,,0,18.373,clean
34,2,0,1.37,312,2.61,336707,Y4,,,0,17.781,clean
34,3,0,1.47,1,2.43,1049370,Y2,,,0,17.250,clean
34,4,0,1.59,1,2.38,876188,Y4,,,0,17.109,clean
34,5,0,1.45,1,2.40,127852,Y2,,,0,17.413,clean
34,6,0,1.35,409,2.30,581056,Y2,,,0,17.603,clean
34,7,0,1.52,1,2.33,502110,Y2,,,0,17.336,clean
34,8,0,1.72,1,2.30,1243562,Y2,,,0,16.884,clean
34,9,0,1.53,1,2.56,894517,Y4,,,0,16.730,clean
34,10,0,1.35,434,2.76,434518,Y4,,,0,16.684,clean
34,11,0,1.55,1,2.25,1014858,Y2,,,0,16.708,clean
34,12,0,1.37,1,2.47,1028806,Y2,,,0,16.791,clean
34,13,0,1.67,1,2.86,777841,Y4,,,0,16.483,clean
34,14,0,1.44,1,2.49,1381159,Y2,,,0,15.755,clean
34,15,0,1.43,1,2.64,883341,Y2,,,0,15.369,clean
34,16,0,1.31,402,2.51,1355231,Y2,,,0,15.511,clean
34,17,0,1.60,1,2.29,1449376,Y2,,,0,15.920,clean
34,18,0,1.62,329,2.40,245959,Y4,,,0,17.516,clean
34,19,0,1.62,1,2.62,122577,Y4,,,0,15.829,clean
34,20,0,1.60,1,2.47,1239359,Y2,,,0,14.958,clean
34,21,0,1.55,1,2.65,26822,Y4,,,0,14.348,clean
34,22,0,1.64,1,2.47,95665,Y4,,,0,14.263,clean
34,23,0,1.53,1,2.23,1376063,Y4,,,0,14.864,clean
34,24,0,1.39,1,2.37,943601,Y4,,,0,15.702,clean
34,25,0,1.45,1,2.38,774354,Y4,,,0,15.927,clean
34,26,0,1.68,1,2.43,451505,Y4,,,0,15.267,clean
34,27,0,1.53,698,2.67,1067072,Y4,,,0,14.755,clean
34,28,0,1.69,1,2.35,939578,Y4,,,0,14.418,clean
34,29,0,1.72,1,2.57,1184195,Y2,,,0,14.536,clean
34,30,0,1.57,1,2.46,1363188,Y2,,,0,15.045,clean
34,31,0,1.78,1,2.61,903726,Y2,,,0,15.424,clean
34,32,0,1.42,403,2.32,594378,Y2,,,0,14.994,clean
34,33,0,1.62,1,2.38,246584,Y2,,,0,14.052,clean
34,34,0,1.76,1,2.33,578284,Y2,,,0,13.515,clean
34,35,0,1.86,1,2.44,1179993,Y2,,,0,13.656,clean
34,36,0,1.74,1,2.42,1124114,Y2,,,0,13.874,clean
34,37,0,1.53,1,2.43,265807,Y4,,,0,13.818,clean
34,38,0,1.54,1,2.36,297368,Y2,,,0,13.616,clean
34,39,0,1.62,1,2.50,443995,Y2,,,0,13.155,clean
34,40,0,2.22,1,2.56,816733,Y2,,,0,12.660,clean
34,41,0,1.94,1,2.28,544935,Y4,,,0,12.677,clean
34,42,0,1.70,1,2.52,785530,Y4,,,0,13.015,clean
34,43,0,1.71,1,2.68,712037,Y4,,,0,13.221,clean
34,44,0,1.84,1,2.54,93609,Y2,,,0,12.898,clean
34,45,0,1.79,1,2.36,329465,Y4,,,0,12.359,clean
34,46,0,1.94,1,2.42,1348346,Y4,,,0,12.165,clean
34,47,0,1.81,1,2.32,98169,Y2,,,0,12.273,clean
34,48,0,2.53,1,2.24,803947,Y4,0.24/noise-like,0.24/noise-like,0,12.387,hump-note
34,49,0,2.13,1,2.48,724643,Y2,,,0,12.342,clean
34,50,0,1.98,1,2.43,1397163,Y2,,,0,11.839,clean
34,51,0,2.14,1,2.44,609845,Y2,,,0,10.776,clean
34,52,0,2.53,1,2.58,1224160,Y2,0.00/noise-like,0.24/noise-like,0,9.788,hump-note
34,53,0,2.49,1,2.43,1292109,Y2,,,0,9.396,clean
34,54,0,2.72,1,2.39,528753,Y4,0.00/?,0.00/?,0,9.161,hump-note
34,55,0,2.84,1,2.23,1377672,Y2,0.00/noise-like,0.00/noise-like,0,8.674,hump-note
34,56,0,3.13,1,2.65,1318574,Y2,0.00/noise-like,0.00/noise-like,0,7.869,hump-note
34,57,0,0,-1,0,0,-,,,0,6.648,QUARANTINE:dark-lane range=54 distinct=54
34,58,0,0,-1,0,0,-,,,0,5.434,QUARANTINE:dark-lane range=47 distinct=47
34,59,0,0,-1,0,0,-,,,0,4.458,QUARANTINE:dark-lane range=40 distinct=41
34,60,0,0,-1,0,0,-,,,0,3.731,QUARANTINE:dark-lane range=33 distinct=33
34,61,0,0,-1,0,0,-,,,0,3.246,QUARANTINE:dark-lane range=29 distinct=30
34,62,0,0,-1,0,0,-,,,0,2.739,QUARANTINE:dark-lane range=24 distinct=25
34,63,0,0,-1,0,0,-,,,0,2.237,QUARANTINE:dark-lane range=19 distinct=20
35,0,0,5.80,1,2.45,553608,Y2,0.00/noise-like,0.24/noise-like,0,18.845,SPECTRAL-LINE
35,1,0,1.51,41,2.34,508010,Y2,,,0,18.369,clean
35,2,0,1.45,1,2.52,448644,Y4,,,0,17.810,clean
35,3,0,1.55,1,2.46,859201,Y2,,,0,17.280,clean
35,4,0,1.43,619,2.43,420839,Y2,,,0,17.122,clean
35,5,0,1.44,1,2.46,78768,Y4,,,0,17.427,clean
35,6,0,1.46,1,2.33,988930,Y4,,,0,17.625,clean
35,7,0,1.36,505,2.44,265539,Y2,,,0,17.327,clean
35,8,0,1.55,1,2.38,385612,Y4,,,0,16.878,clean
35,9,0,1.46,1,2.42,18239,Y2,,,0,16.767,clean
35,10,0,1.50,1,2.33,1362026,Y2,,,0,16.693,clean
35,11,0,1.62,1,2.99,925273,Y4,,,0,16.706,clean
35,12,0,1.60,1,2.33,81360,Y4,,,0,16.804,clean
35,13,0,1.47,1,2.90,111759,Y2,,,0,16.490,clean
35,14,0,1.43,1,2.43,205994,Y4,,,0,15.782,clean
35,15,0,1.56,1,2.42,326246,Y2,,,0,15.381,clean
35,16,0,1.30,1244,2.47,118643,Y4,,,0,15.536,clean
35,17,0,1.40,884,2.34,126332,Y4,,,0,15.910,clean
35,18,0,1.64,492,2.46,167191,Y2,,,0,17.501,clean
35,19,0,1.78,1,2.25,578910,Y2,,,0,15.838,clean
35,20,0,1.72,1,2.45,522316,Y2,,,0,14.934,clean
35,21,0,1.55,1,2.53,221282,Y4,,,0,14.361,clean
35,22,0,1.69,1,2.41,1444548,Y2,,,0,14.254,clean
35,23,0,1.71,1,2.64,1443118,Y2,,,0,14.851,clean
35,24,0,1.45,1,2.37,1308024,Y4,,,0,15.705,clean
35,25,0,1.71,1,2.40,263661,Y4,,,0,15.925,clean
35,26,0,1.40,1,2.30,1417994,Y4,,,0,15.270,clean
35,27,0,1.52,625,2.45,765055,Y4,,,0,14.732,clean
35,28,0,1.55,1,2.32,181317,Y2,,,0,14.410,clean
35,29,0,1.60,1,2.43,214577,Y4,,,0,14.540,clean
35,30,0,1.58,1,2.23,1073331,Y2,,,0,15.076,clean
35,31,0,1.78,1,2.79,74118,Y4,,,0,15.464,clean
35,32,0,3.25,1,22.54,179,Y2,0.00/noise-like,0.00/noise-like,0,13.637,FAM-HIT
35,33,0,1.78,1,2.28,127226,Y2,,,0,14.072,clean
35,34,0,1.83,1,2.29,1459926,Y4,,,0,13.537,clean
35,35,0,1.46,1,2.33,939220,Y2,,,0,13.667,clean
35,36,0,1.93,1,2.33,1041412,Y4,,,0,13.854,clean
35,37,0,1.65,1,2.32,394553,Y2,,,0,13.829,clean
35,38,0,1.78,1,2.53,1401097,Y2,,,0,13.633,clean
35,39,0,1.85,1,2.41,157267,Y2,,,0,13.150,clean
35,40,0,1.79,1,2.33,732511,Y4,,,0,12.663,clean
35,41,0,2.31,1,2.24,444263,Y4,,,0,12.690,clean
35,42,0,1.88,1,2.47,512749,Y2,,,0,13.006,clean
35,43,0,1.75,1,2.32,421464,Y4,,,0,13.223,clean
35,44,0,1.95,1,2.31,839889,Y4,,,0,12.932,clean
35,45,0,1.95,1,2.75,822634,Y2,,,0,12.366,clean
35,46,0,1.98,1,2.40,290036,Y2,,,0,12.169,clean
35,47,0,2.18,1,2.41,1461178,Y4,,,0,12.280,clean
35,48,0,2.24,1,2.36,841051,Y2,,,0,12.406,clean
35,49,0,1.69,1,2.36,776142,Y2,,,0,12.353,clean
35,50,0,1.90,1,2.43,810027,Y2,,,0,11.870,clean
35,51,0,2.04,1,2.49,699431,Y2,,,0,10.787,clean
35,52,0,2.17,1,2.41,1071632,Y4,,,0,9.783,clean
35,53,0,2.62,1,2.47,1265287,Y2,0.24/noise-like,0.00/noise-like,0,9.397,hump-note
35,54,0,2.51,1,2.46,605643,Y2,0.00/noise-like,0.00/noise-like,0,9.146,hump-note
35,55,0,3.04,1,2.33,1366138,Y2,0.00/noise-like,0.24/noise-like,0,8.689,hump-note
35,56,0,3.30,1,2.66,419140,Y2,0.00/noise-like,0.00/noise-like,0,7.863,hump-note
35,57,0,0,-1,0,0,-,,,0,6.652,QUARANTINE:dark-lane range=63 distinct=60
35,60,0,0,-1,0,0,-,,,0,3.739,QUARANTINE:dark-lane range=32 distinct=33
35,61,0,0,-1,0,0,-,,,0,3.243,QUARANTINE:dark-lane range=28 distinct=28
35,62,0,0,-1,0,0,-,,,0,2.734,QUARANTINE:dark-lane range=26 distinct=26
35,63,0,0,-1,0,0,-,,,0,2.239,QUARANTINE:dark-lane range=19 distinct=20
36,0,0,4.87,1,2.31,1077890,Y4,0.00/?,0.24/noise-like,0,18.904,hump-note
36,1,0,1.37,13,2.36,760853,Y4,,,0,18.370,clean
36,2,0,1.61,1,2.44,760227,Y4,,,0,17.759,clean
36,3,0,1.40,1,2.39,821292,Y2,,,0,17.227,clean
36,4,0,1.38,1468,2.42,1177400,Y2,,,0,17.139,clean
36,5,0,1.64,1,2.52,1288533,Y2,,,0,17.398,clean
36,6,0,1.50,1,2.33,229329,Y4,,,0,17.574,clean
36,7,0,1.74,1,2.37,667781,Y2,,,0,17.316,clean
36,8,0,1.51,1,2.35,838727,Y2,,,0,16.847,clean
36,9,0,1.72,1,2.44,1064748,Y2,,,0,16.719,clean
36,10,0,1.43,1,2.63,119358,Y4,,,0,16.699,clean
36,11,0,1.35,1,2.63,64373,Y2,,,0,16.707,clean
36,12,0,1.52,1,2.37,177741,Y4,,,0,16.796,clean
36,13,0,1.45,1,2.32,137597,Y4,,,0,16.462,clean
36,14,0,1.67,1,2.34,821471,Y4,,,0,15.796,clean
36,15,0,1.53,1,2.36,595272,Y4,,,0,15.374,clean
36,16,0,1.40,1534,2.48,1429796,Y4,,,0,15.505,clean
36,17,0,1.59,1,2.33,184804,Y2,,,0,15.886,clean
36,18,0,1.64,422,2.37,278503,Y2,,,0,17.511,clean
36,19,0,1.67,1,2.58,888795,Y4,,,0,15.805,clean
36,20,0,1.50,1,2.38,694066,Y4,,,0,14.949,clean
36,21,0,1.73,1,2.39,1252,Y2,,,0,14.336,clean
36,22,0,1.66,1,2.45,1272798,Y2,,,0,14.273,clean
36,23,0,1.69,1,2.44,184715,Y2,,,0,14.869,clean
36,24,0,1.52,1,2.42,776231,Y4,,,0,15.744,clean
36,25,0,1.41,1,2.37,155032,Y2,,,0,15.933,clean
36,26,0,1.64,1,2.41,265986,Y4,,,0,15.284,clean
36,27,0,1.66,1,2.61,20653,Y2,,,0,14.773,clean
36,28,0,1.45,1,2.61,630856,Y4,,,0,14.418,clean
36,29,0,1.49,357,2.43,1352191,Y2,,,0,14.533,clean
36,30,0,1.72,1,2.37,1178384,Y4,,,0,15.042,clean
36,31,0,1.55,1,2.27,1164705,Y2,,,0,15.417,clean
36,32,0,2.51,1,2.45,95487,Y4,0.00/noise-like,0.24/noise-like,0,15.011,hump-note
36,33,0,1.55,1,2.47,212610,Y4,,,0,14.061,clean
36,34,0,1.78,1,2.51,1290053,Y2,,,0,13.525,clean
36,35,0,1.84,1,2.56,60707,Y4,,,0,13.643,clean
36,36,0,1.67,1,2.29,559688,Y2,,,0,13.849,clean
36,37,0,1.67,1,2.29,672877,Y4,,,0,13.829,clean
36,38,0,1.80,1,2.57,552624,Y4,,,0,13.619,clean
36,39,0,2.04,1,2.38,170499,Y2,,,0,13.154,clean
36,40,0,2.00,1,2.25,214756,Y2,,,0,12.658,clean
36,41,0,1.86,1,2.45,667870,Y2,,,0,12.700,clean
36,42,0,1.74,1,2.46,295937,Y4,,,0,13.016,clean
36,43,0,2.12,1,2.42,1090407,Y4,,,0,13.240,clean
36,44,0,1.85,1,2.32,91463,Y4,,,0,12.896,clean
36,45,0,2.21,1,2.28,1030505,Y4,,,0,12.375,clean
36,46,0,1.90,1,2.55,1055628,Y2,,,0,12.186,clean
36,47,0,1.85,1,2.43,837743,Y4,,,0,12.281,clean
36,48,0,2.49,1,2.19,626206,Y4,,,0,12.400,clean
36,49,0,1.82,1,2.56,130355,Y2,,,0,12.327,clean
36,50,0,1.98,1,2.58,1321435,Y2,,,0,11.868,clean
36,51,0,1.82,1,2.54,556916,Y2,,,0,10.777,clean
36,52,0,2.51,1,2.50,1185626,Y2,0.00/noise-like,0.00/noise-like,0,9.767,hump-note
36,53,0,2.28,1,2.39,46670,Y2,,,0,9.376,clean
36,54,0,2.79,1,2.47,319004,Y2,0.24/noise-like,0.00/noise-like,0,9.155,hump-note
36,55,0,3.22,1,2.59,501484,Y4,0.24/noise-like,0.00/noise-like,0,8.684,hump-note
36,56,0,3.29,1,2.36,1307845,Y2,0.00/noise-like,0.00/noise-like,0,7.869,hump-note
36,57,0,0,-1,0,0,-,,,0,6.650,QUARANTINE:dark-lane range=59 distinct=57
36,58,0,0,-1,0,0,-,,,0,5.439,QUARANTINE:dark-lane range=51 distinct=46
36,59,0,0,-1,0,0,-,,,0,4.459,QUARANTINE:dark-lane range=38 distinct=39
36,60,0,0,-1,0,0,-,,,0,3.744,QUARANTINE:dark-lane range=35 distinct=34
36,61,0,0,-1,0,0,-,,,0,3.245,QUARANTINE:dark-lane range=29 distinct=29
36,62,0,0,-1,0,0,-,,,0,2.735,QUARANTINE:dark-lane range=23 distinct=24
36,63,0,0,-1,0,0,-,,,0,2.237,QUARANTINE:dark-lane range=21 distinct=21
37,0,0,5.36,1,2.44,1309723,Y4,0.24/noise-like,0.00/noise-like,0,18.868,SPECTRAL-LINE
37,1,0,1.49,1,2.46,582308,Y4,,,0,18.350,clean
37,2,0,1.37,1,2.32,1090318,Y2,,,0,17.723,clean
37,3,0,1.55,1,2.31,476629,Y4,,,0,17.233,clean
37,4,0,1.55,1,2.37,335991,Y4,,,0,17.113,clean
37,5,0,1.40,1,2.29,323743,Y4,,,0,17.387,clean
37,6,0,1.57,1,0.00,0,-,,,0,17.618,clean
37,7,0,1.44,1,2.45,992954,Y4,,,0,17.321,clean
37,8,0,1.37,367,2.48,207782,Y2,,,0,16.856,clean
37,9,0,1.50,1,2.57,606090,Y4,,,0,16.768,clean
37,10,0,1.59,1,2.37,637114,Y2,,,0,16.723,clean
37,11,0,1.36,617,2.39,1126438,Y2,,,0,16.695,clean
37,12,0,1.55,1,2.34,159681,Y2,,,0,16.803,clean
37,13,0,1.72,1,2.40,891477,Y4,,,0,16.479,clean
37,14,0,1.74,1,2.53,694782,Y4,,,0,15.774,clean
37,15,0,1.64,1,2.40,465989,Y2,,,0,15.390,clean
37,16,0,1.50,1,2.49,999928,Y2,,,0,15.517,clean
37,17,0,1.59,1,2.57,1019329,Y4,,,0,15.886,clean
37,18,0,1.66,392,2.51,1297474,Y2,,,0,17.507,clean
37,19,0,1.62,1,2.44,779271,Y4,,,0,15.837,clean
37,20,0,1.47,1,2.59,432462,Y4,,,0,14.970,clean
37,21,0,1.54,1,2.26,779808,Y4,,,0,14.346,clean
37,22,0,1.45,1,2.40,33528,Y2,,,0,14.258,clean
37,23,0,1.57,1,2.37,516325,Y2,,,0,14.864,clean
37,24,0,1.49,1,2.34,700325,Y2,,,0,15.717,clean
37,25,0,1.57,1,2.42,1165599,Y4,,,0,15.919,clean
37,26,0,1.76,1,2.25,1068503,Y2,,,0,15.257,clean
37,27,0,1.59,1,2.76,506043,Y4,,,0,14.732,clean
37,28,0,1.76,1,2.56,1333237,Y2,,,0,14.393,clean
37,29,0,1.66,1,2.42,196695,Y4,,,0,14.531,clean
37,30,0,1.64,1,2.42,561923,Y4,,,0,15.054,clean
37,31,0,1.82,1,2.65,42290,Y2,,,0,15.452,clean
37,32,0,2.79,1,2.55,1319289,Y4,0.00/noise-like,0.00/noise-like,0,15.013,hump-note
37,33,0,1.86,1,2.39,991881,Y2,,,0,14.045,clean
37,34,0,1.59,1,2.56,573188,Y2,,,0,13.526,clean
37,35,0,1.73,1,2.37,451863,Y4,,,0,13.645,clean
37,36,0,1.49,1,2.39,1245439,Y4,,,0,13.826,clean
37,37,0,1.60,1,2.31,1162469,Y4,,,0,13.804,clean
37,38,0,1.86,1,2.37,1454115,Y2,,,0,13.604,clean
37,39,0,1.81,1,2.42,1127064,Y4,,,0,13.154,clean
37,40,0,2.16,1,2.29,833631,Y2,,,0,12.654,clean
37,41,0,1.73,1,2.38,122219,Y4,,,0,12.679,clean
37,42,0,1.79,1,2.30,185162,Y2,,,0,12.992,clean
37,43,0,1.73,1,2.27,124633,Y4,,,0,13.206,clean
37,44,0,1.69,1,2.54,775963,Y4,,,0,12.891,clean
37,45,0,2.08,1,2.35,68128,Y2,,,0,12.380,clean
37,46,0,1.94,1,2.59,867873,Y2,,,0,12.185,clean
37,47,0,1.99,1,2.62,866532,Y4,,,0,12.301,clean
37,48,0,5.00,1,2.48,646591,Y2,0.24/noise-like,0.00/noise-like,0,12.378,SPECTRAL-LINE
37,49,0,1.86,1,2.58,866532,Y4,,,0,12.344,clean
37,50,0,2.00,1,2.44,305593,Y2,,,0,11.846,clean
37,51,0,2.14,1,2.26,879675,Y2,,,0,10.761,clean
37,52,0,2.55,1,2.48,635326,Y2,0.00/noise-like,0.00/noise-like,0,9.769,hump-note
37,53,0,2.43,1,2.38,571936,Y2,,,0,9.373,clean
37,54,0,2.66,1,2.39,935107,Y4,0.00/noise-like,0.00/noise-like,0,9.141,hump-note
37,55,0,2.97,1,2.41,1165241,Y4,0.00/noise-like,0.00/noise-like,0,8.682,hump-note
37,56,0,2.96,1,2.56,655264,Y2,0.00/noise-like,0.00/noise-like,0,7.855,hump-note
37,57,0,0,-1,0,0,-,,,0,6.629,QUARANTINE:dark-lane range=57 distinct=56
37,58,0,0,-1,0,0,-,,,0,5.421,QUARANTINE:dark-lane range=45 distinct=46
37,59,0,0,-1,0,0,-,,,0,4.467,QUARANTINE:dark-lane range=36 distinct=37
37,60,0,0,-1,0,0,-,,,0,3.743,QUARANTINE:dark-lane range=33 distinct=34
37,61,0,0,-1,0,0,-,,,0,3.241,QUARANTINE:dark-lane range=29 distinct=29
37,62,0,0,-1,0,0,-,,,0,2.737,QUARANTINE:dark-lane range=23 distinct=24
37,63,0,0,-1,0,0,-,,,0,2.238,QUARANTINE:dark-lane range=19 distinct=20
38,0,0,0,-1,0,0,-,,,0,0,ERROR:FileNotFoundError
38,1,0,1.36,807,2.36,528753,Y4,,,0,18.325,clean
38,2,0,1.53,1,2.39,944495,Y2,,,0,17.772,clean
38,3,0,1.58,1,2.22,523299,Y4,,,0,17.238,clean
38,4,0,1.49,1,2.29,1028985,Y4,,,0,17.106,clean
38,5,0,1.37,1167,2.47,746191,Y2,,,1,17.429,clean
38,6,0,1.36,741,2.46,974000,Y4,,,0,17.652,clean
38,7,0,1.53,1,2.31,1044005,Y2,,,1,17.342,clean
38,8,0,1.46,1,2.63,1056790,Y4,,,0,16.876,clean
38,9,0,1.47,1,2.49,964880,Y4,,,0,16.738,clean
38,10,0,1.66,1,2.43,1076460,Y2,,,0,16.668,clean
38,11,0,1.59,1,2.53,1036406,Y2,,,0,16.724,clean
38,12,0,1.55,1,2.36,774086,Y4,,,0,16.782,clean
38,13,0,1.42,1,2.41,529826,Y4,,,0,16.473,clean
38,14,0,1.61,1,2.47,1150936,Y2,,,0,15.753,clean
38,15,0,1.43,1,2.44,16004,Y2,,,0,15.390,clean
38,16,0,1.42,765,2.44,236839,Y4,,,0,15.489,clean
38,17,0,1.66,1,2.53,268668,Y2,,,0,15.899,clean
38,18,0,1.61,521,2.51,986516,Y2,,,1,17.488,clean
38,19,0,1.72,1,2.54,56595,Y4,,,1,15.813,clean
38,20,0,1.59,1,2.51,550479,Y4,,,0,14.970,clean
38,21,0,1.93,1,2.42,297904,Y2,,,1,14.331,clean
38,22,0,1.45,1,2.28,110775,Y4,,,0,14.255,clean
38,23,0,1.59,1,2.35,1392066,Y2,,,0,14.851,clean
38,24,0,1.66,1,2.34,713289,Y2,,,0,15.713,clean
38,25,0,1.38,599,2.36,49442,Y2,,,0,15.922,clean
38,26,0,1.71,1,2.69,386149,Y2,,,1,15.264,clean
38,27,0,1.77,1,2.25,304431,Y2,,,1,14.749,clean
38,28,0,1.44,1,2.19,1433730,Y4,,,0,14.434,clean
38,29,0,1.69,1,2.28,1082987,Y4,,,0,14.516,clean
38,30,0,1.57,1,2.22,572741,Y4,,,1,15.037,clean
38,31,0,1.38,1,2.27,785977,Y4,,,0,15.460,clean
38,32,0,3.38,1,2.31,1114368,Y2,0.24/noise-like,0.00/noise-like,0,14.967,hump-note
38,33,0,1.96,1,2.35,577748,Y2,,,0,14.048,clean
38,34,0,1.63,1,2.37,385791,Y4,,,1,13.511,clean
38,35,0,1.72,1,2.31,146896,Y2,,,0,13.652,clean
38,36,0,2.06,1,2.62,152975,Y4,,,2,13.842,clean
38,37,0,1.67,1,2.63,623614,Y2,,,0,13.837,clean
38,38,0,1.81,1,2.51,866443,Y4,,,0,13.623,clean
38,39,0,1.71,1,2.40,624418,Y4,,,0,13.182,clean
38,40,0,1.72,1,2.40,111401,Y2,,,0,12.682,clean
38,41,0,1.95,1,2.47,78052,Y4,,,0,12.676,clean
38,42,0,1.79,1,2.25,1314551,Y4,,,0,13.004,clean
38,43,0,1.93,1,2.63,837117,Y2,,,0,13.214,clean
38,44,0,2.03,1,2.29,86725,Y2,,,0,12.898,clean
38,45,0,2.05,1,2.32,1432478,Y2,,,0,12.376,clean
38,46,0,1.88,1,2.46,630230,Y4,,,0,12.179,clean
38,47,0,1.71,1,2.66,1033723,Y2,,,2,12.309,clean
38,48,0,4.03,1,2.30,821203,Y2,0.00/noise-like,0.24/noise-like,1,12.366,hump-note
38,49,0,1.93,1,2.27,946194,Y2,,,1,12.343,clean
38,50,0,2.10,1,2.41,556469,Y2,,,1,11.862,clean
38,51,0,2.12,1,2.77,1428902,Y4,,,0,10.759,clean
38,52,0,2.37,1,2.42,84221,Y4,,,0,9.764,clean
38,53,0,2.47,1,2.29,154227,Y2,,,0,9.389,clean
38,54,0,2.53,1,2.33,988752,Y2,0.00/noise-like,0.24/noise-like,0,9.148,hump-note
38,55,0,2.81,1,2.43,119805,Y2,0.00/noise-like,0.00/noise-like,0,8.689,hump-note
38,56,0,3.24,1,2.25,536710,Y2,0.00/?,0.00/noise-like,0,7.874,hump-note
38,57,0,0,-1,0,0,-,,,0,6.651,QUARANTINE:dark-lane range=58 distinct=57
38,58,0,0,-1,0,0,-,,,0,5.432,QUARANTINE:dark-lane range=47 distinct=47
38,59,0,0,-1,0,0,-,,,0,4.460,QUARANTINE:dark-lane range=39 distinct=40
38,60,0,0,-1,0,0,-,,,0,3.738,QUARANTINE:dark-lane range=32 distinct=32
38,61,0,0,-1,0,0,-,,,0,3.247,QUARANTINE:dark-lane range=28 distinct=29
38,62,0,0,-1,0,0,-,,,0,2.735,QUARANTINE:dark-lane range=23 distinct=24
39,0,0,5.39,1,2.37,1069486,Y4,0.00/?,0.00/noise-like,0,18.888,SPECTRAL-LINE
39,1,0,1.57,1,2.31,1313746,Y2,,,0,18.344,clean
39,2,0,1.55,1,2.58,526965,Y4,,,0,17.763,clean
39,3,0,1.50,1,2.60,49084,Y4,,,0,17.246,clean
39,4,0,1.50,1,2.58,1153976,Y4,,,0,17.150,clean
39,5,0,1.36,482,2.70,489056,Y2,,,0,17.377,clean
39,6,0,1.66,1,2.52,580430,Y4,,,0,17.608,clean
39,7,0,1.38,1,2.30,423700,Y2,,,0,17.322,clean
39,8,0,1.64,1,2.37,1201630,Y4,,,0,16.898,clean
39,9,0,1.37,1349,2.49,332236,Y2,,,0,16.791,clean
39,10,0,1.44,1,2.40,512481,Y4,,,0,16.698,clean
39,11,0,1.40,247,2.47,112742,Y4,,,0,16.733,clean
39,12,0,1.51,1,2.36,1153439,Y4,,,0,16.801,clean
39,13,0,1.55,1,2.29,753611,Y4,,,0,16.502,clean
39,14,0,1.87,1,2.57,1426578,Y4,,,0,15.790,clean
39,15,0,1.49,1,2.30,1158535,Y4,,,0,15.388,clean
39,16,0,1.35,1089,2.25,51498,Y4,,,0,15.524,clean
39,17,0,1.55,1,2.39,1412451,Y2,,,0,15.907,clean
39,18,0,1.72,1,2.59,212252,Y2,,,0,17.540,clean
39,19,0,1.79,1,2.36,629157,Y4,,,0,15.814,clean
39,20,0,1.54,1,2.49,1184642,Y2,,,0,14.984,clean
39,21,0,1.63,1,2.46,462234,Y4,,,0,14.329,clean
39,22,0,1.71,1,2.32,25928,Y2,,,0,14.268,clean
39,23,0,1.62,1,2.41,143319,Y2,,,0,14.843,clean
39,24,0,1.53,1,2.41,190705,Y2,,,0,15.742,clean
39,25,0,1.49,1,2.45,577927,Y2,,,0,15.930,clean
39,26,0,1.36,733,2.36,94950,Y2,,,0,15.278,clean
39,27,0,1.62,669,2.40,606537,Y2,,,0,14.769,clean
39,28,0,1.53,1,2.48,166923,Y2,,,0,14.401,clean
39,29,0,1.63,1,2.43,1026213,Y4,,,0,14.563,clean
39,30,0,1.62,1,2.41,362724,Y4,,,0,15.058,clean
39,31,0,1.49,1,2.45,292718,Y2,,,0,15.483,clean
39,32,0,1.44,893,2.44,1395911,Y2,,,0,15.007,clean
39,33,0,1.78,1,2.61,1010031,Y4,,,0,14.044,clean
39,34,0,1.66,1,2.43,732154,Y4,,,0,13.560,clean
39,35,0,1.88,1,2.37,1457244,Y4,,,0,13.662,clean
39,36,0,1.68,1,2.35,388205,Y2,,,0,13.850,clean
39,37,0,1.63,1,2.40,1178116,Y2,,,0,13.827,clean
39,38,0,1.49,1,2.39,536,Y4,,,0,13.625,clean
39,39,0,1.64,1,2.31,647038,Y2,,,0,13.159,clean
39,40,0,2.07,1,2.35,389278,Y4,,,0,12.673,clean
39,41,0,1.82,1,2.33,55343,Y2,,,0,12.699,clean
39,42,0,1.74,1,2.58,366837,Y4,,,0,13.027,clean
39,43,0,1.59,1,2.55,168353,Y4,,,0,13.235,clean
39,44,0,1.93,1,2.41,1405835,Y2,,,0,12.912,clean
39,45,0,1.81,1,2.35,974536,Y2,,,0,12.404,clean
39,46,0,1.94,1,2.25,1213253,Y4,,,0,12.209,clean
39,47,0,2.15,1,2.26,1177222,Y4,,,0,12.314,clean
39,48,0,4.44,1,2.43,1454115,Y2,0.00/noise-like,0.24/noise-like,0,12.424,hump-note
39,49,0,1.75,1,2.33,369608,Y2,,,0,12.339,clean
39,50,0,1.78,1,2.38,313193,Y4,,,0,11.881,clean
39,51,0,1.97,1,2.41,1366585,Y4,,,0,10.778,clean
39,52,0,2.41,1,2.34,61691,Y4,,,0,9.777,clean
39,53,0,2.67,1,2.49,290841,Y2,0.00/noise-like,0.00/noise-like,1,9.402,hump-note
39,54,0,2.56,1,2.43,1105428,Y2,0.00/noise-like,0.00/noise-like,1,9.143,hump-note
39,55,0,3.05,1,2.65,977576,Y4,0.24/noise-like,0.00/noise-like,1,8.683,hump-note
39,56,0,3.01,1,2.38,117481,Y2,0.00/noise-like,0.00/noise-like,0,7.863,hump-note
39,57,0,0,-1,0,0,-,,,0,6.648,QUARANTINE:dark-lane range=56 distinct=57
39,58,0,0,-1,0,0,-,,,0,5.438,QUARANTINE:dark-lane range=46 distinct=45
39,59,0,0,-1,0,0,-,,,0,4.464,QUARANTINE:dark-lane range=37 distinct=37
39,60,0,0,-1,0,0,-,,,0,3.743,QUARANTINE:dark-lane range=34 distinct=34
39,62,0,0,-1,0,0,-,,,0,2.734,QUARANTINE:dark-lane range=24 distinct=25
39,63,0,0,-1,0,0,-,,,0,2.240,QUARANTINE:dark-lane range=24 distinct=22
40,0,0,4.20,1,2.40,181228,Y4,0.00/noise-like,0.24/noise-like,0,18.911,hump-note
40,1,0,1.47,1,2.49,50694,Y4,,,0,18.440,clean
40,2,0,1.54,1,2.46,872076,Y2,,,0,17.846,clean
40,3,0,1.38,1,2.31,1255453,Y4,,,0,17.299,clean
40,4,0,1.71,1,2.27,1256704,Y2,,,0,17.157,clean
40,5,0,1.50,1,2.55,969976,Y4,,,0,17.489,clean
40,6,0,1.54,1,2.33,5186,Y4,,,0,17.669,clean
40,7,0,1.39,1144,2.43,65535,Y2,,,0,17.375,clean
40,8,0,1.43,203,2.23,1234442,Y2,,,0,16.905,clean
40,9,0,1.55,1,2.37,524461,Y2,,,0,16.788,clean
40,10,0,1.51,1,2.46,512928,Y2,,,0,16.717,clean
40,11,0,1.37,757,2.66,551641,Y2,,,0,16.755,clean
40,12,0,1.72,1,2.35,762910,Y4,,,0,16.846,clean
40,13,0,1.46,1,2.45,1265287,Y2,,,0,16.537,clean
40,14,0,1.59,1,2.35,243276,Y2,,,0,15.822,clean
40,15,0,1.84,1,2.36,139028,Y4,,,0,15.414,clean
40,16,0,1.43,440,2.38,648826,Y4,,,0,15.558,clean
40,17,0,1.71,1,2.52,738502,Y2,,,0,15.961,clean
40,18,0,1.66,217,2.58,764340,Y2,,,0,17.572,clean
40,19,0,1.59,1,2.28,191331,Y2,,,0,15.865,clean
40,20,0,1.60,1,2.59,1075566,Y2,,,0,15.006,clean
40,21,0,1.80,1,2.45,1334578,Y4,,,0,14.386,clean
40,22,0,1.64,1,2.51,93520,Y2,,,0,14.295,clean
40,23,0,1.74,1,2.32,156641,Y2,,,0,14.864,clean
40,24,0,1.35,1265,2.83,1464844,Y4,,,0,15.771,clean
40,25,0,1.64,1,2.35,1023531,Y4,,,0,15.986,clean
40,26,0,1.60,1,2.45,1248658,Y4,,,0,15.321,clean
40,27,0,1.57,669,2.41,874132,Y2,,,0,14.811,clean
40,28,0,1.87,1,2.23,264645,Y2,,,0,14.421,clean
40,29,0,1.77,1,2.39,396341,Y4,,,0,14.574,clean
40,30,0,1.43,1303,2.39,715345,Y2,,,0,15.082,clean
40,31,0,1.61,1,2.45,505507,Y2,,,0,15.447,clean
40,32,0,2.23,1,2.37,1442671,Y4,,,0,15.029,clean
40,33,0,1.70,1,2.37,572562,Y4,,,0,14.061,clean
40,34,0,1.48,1,2.36,87440,Y4,,,0,13.530,clean
40,35,0,1.86,1,2.33,4828,Y4,,,0,13.710,clean
40,36,0,1.48,1,2.33,1246601,Y2,,,0,13.874,clean
40,37,0,1.76,1,2.63,1024425,Y2,,,0,13.868,clean
40,38,0,1.82,1,2.35,1336455,Y2,,,0,13.678,clean
40,39,0,1.59,1,2.44,289500,Y2,,,0,13.216,clean
40,40,0,1.70,1,2.38,452042,Y2,,,0,12.745,clean
40,41,0,2.04,1,2.43,648290,Y4,,,0,12.740,clean
40,42,0,1.67,1,2.53,263214,Y4,,,0,13.072,clean
40,43,0,2.13,1,2.27,766307,Y2,,,0,13.255,clean
40,44,0,1.75,1,2.39,224769,Y4,,,0,12.942,clean
40,45,0,1.88,1,2.40,290126,Y2,,,0,12.390,clean
40,46,0,1.95,1,2.48,603676,Y2,,,0,12.214,clean
40,47,0,1.86,1,2.41,268757,Y2,,,0,12.322,clean
40,48,0,3.68,1,2.35,329465,Y2,0.00/noise-like,0.00/noise-like,0,12.445,hump-note
40,49,0,1.89,1,2.42,1396716,Y4,,,0,12.382,clean
40,50,0,1.76,1,2.53,899524,Y2,,,0,11.881,clean
40,51,0,2.22,1,2.66,538319,Y4,,,0,10.810,clean
40,52,0,2.58,1,2.70,162631,Y4,0.24/noise-like,0.00/noise-like,0,9.788,hump-note
40,53,0,2.55,1,2.54,462145,Y2,0.00/noise-like,0.24/noise-like,0,9.432,hump-note
40,54,0,2.77,1,2.88,52929,Y2,0.00/noise-like,0.24/noise-like,2,9.201,hump-note
40,55,0,2.62,1,2.32,136882,Y4,0.00/noise-like,0.00/noise-like,2,8.725,hump-note
40,56,0,3.08,1,2.84,907928,Y4,0.00/noise-like,0.24/noise-like,0,7.921,hump-note
40,57,0,0,-1,0,0,-,,,0,6.683,QUARANTINE:dark-lane range=60 distinct=57
40,58,0,0,-1,0,0,-,,,0,5.452,QUARANTINE:dark-lane range=46 distinct=47
40,59,0,0,-1,0,0,-,,,0,4.474,QUARANTINE:dark-lane range=37 distinct=38
40,60,0,0,-1,0,0,-,,,0,3.749,QUARANTINE:dark-lane range=33 distinct=33
40,61,0,0,-1,0,0,-,,,0,3.249,QUARANTINE:dark-lane range=30 distinct=30
40,62,0,0,-1,0,0,-,,,0,2.746,QUARANTINE:dark-lane range=23 distinct=24
40,63,0,0,-1,0,0,-,,,1,2.241,QUARANTINE:dark-lane range=21 distinct=22
41,0,0,4.30,1,2.64,618517,Y2,0.00/?,0.00/?,0,18.909,hump-note
41,1,0,1.46,1,2.54,884414,Y4,,,0,18.367,clean
41,2,0,1.61,1,2.20,629514,Y4,,,0,17.740,clean
41,3,0,1.59,1,2.32,992328,Y2,,,0,17.241,clean
41,4,0,1.32,466,2.80,620037,Y2,,,0,17.130,clean
41,5,0,1.46,1,2.49,417620,Y4,,,0,17.418,clean
41,6,0,1.42,1,2.40,165671,Y2,,,0,17.584,clean
41,7,0,1.53,1,2.55,952542,Y2,,,0,17.337,clean
41,8,0,1.53,1,0.00,0,-,,,0,16.878,clean
41,9,0,1.84,1,2.40,897825,Y4,,,0,16.750,clean
41,10,0,1.33,1249,2.44,1375526,Y4,,,0,16.674,clean
41,11,0,1.39,841,2.47,589281,Y4,,,0,16.700,clean
41,12,0,1.53,1,2.45,516415,Y2,,,0,16.819,clean
41,13,0,1.65,1,2.42,413239,Y2,,,0,16.477,clean
41,14,0,1.73,1,2.49,460804,Y4,,,0,15.781,clean
41,15,0,1.37,76,2.32,448912,Y4,,,0,15.390,clean
41,16,0,1.37,319,2.42,1077175,Y4,,,0,15.497,clean
41,17,0,1.54,1,2.41,188738,Y4,,,0,15.882,clean
41,18,0,1.72,1,2.37,191867,Y2,,,0,17.501,clean
41,19,0,1.67,1,2.33,902921,Y4,,,0,15.825,clean
41,20,0,1.54,1,2.28,170767,Y2,,,0,14.965,clean
41,21,0,1.50,1,2.38,33975,Y4,,,0,14.340,clean
41,22,0,1.76,1,2.48,201434,Y4,,,0,14.263,clean
41,23,0,1.49,1,2.33,692815,Y2,,,0,14.835,clean
41,24,0,1.42,1,2.50,861794,Y2,,,0,15.731,clean
41,25,0,1.68,1,2.36,187755,Y2,,,0,15.934,clean
41,26,0,1.40,896,2.45,434965,Y2,,,0,15.299,clean
41,27,0,1.61,1,2.62,44703,Y4,,,0,14.779,clean
41,28,0,1.81,1,2.29,167102,Y4,,,0,14.387,clean
41,29,0,1.68,1,2.53,80109,Y4,,,0,14.546,clean
41,30,0,1.68,1,2.35,937432,Y4,,,0,15.006,clean
41,31,0,1.47,1,2.28,63837,Y2,,,0,15.392,clean
41,32,0,1.52,1,2.47,689685,Y4,,,0,14.976,clean
41,33,0,1.32,488,2.38,110149,Y2,,,0,14.055,clean
41,34,0,1.78,1,2.33,1463503,Y2,,,0,13.512,clean
41,35,0,1.77,1,2.41,629961,Y4,,,0,13.659,clean
41,36,0,1.52,1,2.37,1089156,Y4,,,0,13.815,clean
41,37,0,1.76,1,2.36,467062,Y4,,,0,13.794,clean
41,38,0,1.44,1,2.57,916690,Y4,,,0,13.633,clean
41,39,0,1.87,1,2.48,1263142,Y2,,,0,13.175,clean
41,40,0,1.52,1,2.49,488430,Y4,,,0,12.681,clean
41,41,0,1.80,1,2.45,854462,Y4,,,0,12.703,clean
41,42,0,1.87,1,2.35,1028985,Y4,,,0,13.012,clean
41,43,0,2.01,1,2.57,1235157,Y2,,,0,13.234,clean
41,44,0,1.87,1,2.34,1087099,Y2,,,0,12.891,clean
41,45,0,1.83,1,2.27,1038104,Y4,,,0,12.348,clean
41,46,0,2.05,1,2.19,346899,Y4,,,0,12.184,clean
41,47,0,2.27,1,2.27,1462162,Y4,,,0,12.287,clean
41,48,0,5.21,1,2.31,871986,Y2,0.24/noise-like,0.00/noise-like,0,12.405,SPECTRAL-LINE
41,49,0,1.95,1,2.36,452399,Y2,,,0,12.342,clean
41,50,0,2.17,1,2.46,589103,Y4,,,0,11.845,clean
41,51,0,2.15,1,2.25,928313,Y4,,,0,10.778,clean
41,52,0,2.29,1,2.46,787407,Y4,,,0,9.775,clean
41,53,0,2.20,1,2.60,1117051,Y2,,,0,9.393,clean
41,54,0,2.51,1,2.57,932783,Y2,0.00/noise-like,0.00/noise-like,0,9.160,hump-note
41,55,0,3.01,1,2.23,915796,Y2,0.00/?,0.00/?,0,8.708,hump-note
41,56,0,3.35,1,2.39,770867,Y2,0.24/noise-like,0.42/WATCH,0,7.872,hump-note
41,57,0,0,-1,0,0,-,,,0,6.651,QUARANTINE:dark-lane range=58 distinct=58
41,59,0,0,-1,0,0,-,,,0,4.460,QUARANTINE:dark-lane range=37 distinct=38
41,61,0,0,-1,0,0,-,,,0,3.245,QUARANTINE:dark-lane range=26 distinct=27
41,62,0,0,-1,0,0,-,,,0,0,ERROR:PermissionError
42,0,0,4.60,1,2.33,351548,Y4,0.00/noise-like,0.00/noise-like,0,18.835,hump-note
42,1,0,1.35,907,2.24,359505,Y4,,,0,18.384,clean
42,2,0,1.58,1,2.44,139117,Y2,,,0,17.765,clean
42,3,0,1.68,1,2.31,562370,Y2,,,0,17.267,clean
42,4,0,1.34,1,2.55,928402,Y2,,,0,17.128,clean
42,5,0,1.51,1,2.19,93162,Y2,,,0,17.426,clean
42,6,0,1.64,1,2.62,161827,Y2,,,0,17.614,clean
42,7,0,1.56,1,2.36,934392,Y4,,,0,17.327,clean
42,8,0,1.44,1,2.51,421375,Y2,,,0,16.880,clean
42,9,0,1.60,1,2.34,323474,Y2,,,0,16.769,clean
42,10,0,1.46,1,2.51,118017,Y2,,,0,16.693,clean
42,11,0,1.52,1,2.29,1298726,Y4,,,0,16.700,clean
42,12,0,1.63,1,2.28,1308918,Y4,,,0,16.792,clean
42,13,0,1.50,1,2.38,367999,Y2,,,0,16.472,clean
42,14,0,1.58,1,2.48,131786,Y4,,,0,15.752,clean
42,15,0,1.32,1455,2.34,797957,Y2,,,0,15.358,clean
42,16,0,1.34,1120,2.27,433266,Y2,,,0,15.513,clean
42,17,0,1.51,1,2.38,93788,Y2,,,0,15.907,clean
42,18,0,1.63,375,2.41,898629,Y4,,,0,17.505,clean
42,19,0,1.54,1,2.61,699162,Y2,,,0,15.820,clean
42,20,0,1.42,1,2.47,187308,Y2,,,0,14.984,clean
42,21,0,1.63,1,2.39,338227,Y4,,,0,14.337,clean
42,22,0,1.68,1,2.39,1329035,Y4,,,0,14.279,clean
42,23,0,1.72,1,2.25,264466,Y4,,,0,14.833,clean
42,24,0,1.89,1,2.23,124902,Y4,,,0,15.746,clean
42,25,0,1.72,1,2.71,1329660,Y2,,,0,15.930,clean
42,26,0,1.74,1,2.37,364602,Y4,,,0,15.305,clean
42,27,0,1.48,1,2.30,505775,Y4,,,0,14.775,clean
42,28,0,1.56,1,2.45,1148969,Y4,,,0,14.397,clean
42,29,0,1.61,1,2.47,393838,Y4,,,0,14.557,clean
42,30,0,1.59,1,2.34,1235247,Y2,,,0,15.059,clean
42,31,0,1.38,1,2.32,1444459,Y4,,,0,15.444,clean
42,32,0,1.38,1416,2.53,350207,Y2,,,0,15.003,clean
42,33,0,1.73,1,2.62,495315,Y4,,,0,14.060,clean
42,34,0,1.58,1,2.39,1429528,Y4,,,0,13.494,clean
42,35,0,1.47,1,2.31,852317,Y4,,,0,13.625,clean
42,36,0,1.50,1,2.41,19580,Y2,,,0,13.839,clean
42,37,0,1.45,1,2.69,78320,Y4,,,0,13.825,clean
42,38,0,1.94,1,2.21,389010,Y2,,,0,13.633,clean
42,39,0,1.66,1,2.58,1374364,Y4,,,0,13.153,clean
42,40,0,1.75,1,2.42,1372039,Y2,,,0,12.661,clean
42,41,0,1.86,1,2.26,861078,Y4,,,0,12.678,clean
42,42,0,1.88,1,2.59,1247942,Y2,,,0,13.023,clean
42,43,0,2.15,637,2.37,1059473,Y4,,,0,13.270,clean
42,44,0,2.01,1,2.43,41038,Y4,,,0,12.885,clean
42,45,0,1.99,1,2.33,656337,Y2,,,0,12.374,clean
42,46,0,2.13,1,2.23,1440883,Y2,,,0,12.156,clean
42,47,0,2.05,1,2.41,536531,Y2,,,0,12.283,clean
42,48,0,2.52,1,2.47,1390457,Y4,0.00/noise-like,0.00/noise-like,0,12.387,hump-note
42,49,0,1.98,1,2.40,1103193,Y2,,,0,12.335,clean
42,50,0,1.97,1,2.26,1137614,Y4,,,0,11.859,clean
42,51,0,1.96,1,2.53,962287,Y2,,,0,10.771,clean
42,52,0,2.45,1,2.36,1074493,Y4,,,0,9.778,clean
42,53,0,2.54,1,2.46,864565,Y4,0.00/noise-like,0.00/noise-like,0,9.394,hump-note
42,54,0,2.49,1,2.36,1029968,Y2,,,0,9.152,clean
42,55,0,2.46,1,2.59,205547,Y2,,,0,8.681,clean
42,56,0,3.42,1,2.35,589013,Y2,0.00/?,0.00/?,0,7.885,hump-note
42,57,0,0,-1,0,0,-,,,0,6.648,QUARANTINE:dark-lane range=62 distinct=60
42,58,0,0,-1,0,0,-,,,0,5.436,QUARANTINE:dark-lane range=49 distinct=48
42,59,0,0,-1,0,0,-,,,0,4.465,QUARANTINE:dark-lane range=38 distinct=39
42,60,0,0,-1,0,0,-,,,0,3.744,QUARANTINE:dark-lane range=32 distinct=33
42,62,0,0,-1,0,0,-,,,0,2.733,QUARANTINE:dark-lane range=23 distinct=24
42,63,0,0,-1,0,0,-,,,0,2.239,QUARANTINE:dark-lane range=19 distinct=20
43,0,0,4.46,1,2.29,747442,Y4,0.00/noise-like,0.00/noise-like,0,18.877,hump-note
43,1,0,1.58,1,2.49,542432,Y4,,,0,18.369,clean
43,2,0,1.45,1,2.43,1072794,Y2,,,0,17.743,clean
43,3,0,1.45,1,2.46,1165956,Y2,,,0,17.232,clean
43,4,0,1.33,1,2.35,531793,Y2,,,0,17.078,clean
43,5,0,1.32,818,2.43,353336,Y4,,,0,17.434,clean
43,6,0,1.66,1,2.55,1188934,Y2,,,0,17.637,clean
43,7,0,1.64,1,2.53,1310080,Y2,,,0,17.293,clean
43,8,0,1.52,1,2.52,601083,Y4,,,0,16.893,clean
43,9,0,1.47,1,2.27,921607,Y4,,,0,16.700,clean
43,10,0,1.41,229,2.50,813335,Y4,,,0,16.667,clean
43,11,0,1.59,1,2.82,985712,Y2,,,0,16.725,clean
43,12,0,1.41,1,2.41,74118,Y2,,,0,16.791,clean
43,13,0,1.37,321,2.73,745475,Y4,,,0,16.485,clean
43,14,0,1.64,1,2.46,856519,Y2,,,0,15.768,clean
43,15,0,1.71,1,2.29,1000643,Y2,,,0,15.380,clean
43,16,0,1.40,1189,2.50,107735,Y2,,,0,15.506,clean
43,17,0,1.48,1,2.31,741005,Y2,,,0,15.865,clean
43,18,0,1.75,474,2.45,429243,Y4,,,0,17.510,clean
43,19,0,1.52,1,2.54,1200378,Y2,,,0,15.781,clean
43,20,0,1.60,1,2.45,1418889,Y2,,,0,14.951,clean
43,21,0,1.54,1,2.31,116944,Y2,,,0,14.329,clean
43,22,0,1.84,1,2.38,739664,Y2,,,0,14.231,clean
43,23,0,1.55,1,2.61,592500,Y2,,,0,14.831,clean
43,24,0,1.58,1,2.58,59098,Y4,,,0,15.704,clean
43,25,0,1.68,1,2.31,502735,Y4,,,0,15.924,clean
43,26,0,1.56,1,2.43,1286298,Y4,,,0,15.259,clean
43,27,0,1.75,1,2.37,235677,Y4,,,0,14.755,clean
43,28,0,1.68,1,2.29,1341015,Y2,,,0,14.420,clean
43,29,0,1.48,1,2.41,184715,Y2,,,0,14.537,clean
43,30,0,1.64,1,2.44,1274139,Y2,,,0,15.021,clean
43,31,0,1.67,1,2.52,331610,Y4,,,0,15.436,clean
43,32,0,2.25,1,2.42,267863,Y2,,,0,14.997,clean
43,33,0,1.75,1,2.63,90837,Y4,,,0,14.024,clean
43,34,0,1.61,1,2.61,556201,Y2,,,0,13.489,clean
43,35,0,1.75,1,2.39,271976,Y4,,,0,13.634,clean
43,36,0,1.83,1,2.51,24945,Y2,,,0,13.870,clean
43,37,0,1.58,1,2.38,605375,Y4,,,0,13.810,clean
43,38,0,1.61,1,2.52,558883,Y4,,,0,13.607,clean
43,39,0,1.43,1,2.44,782669,Y2,,,0,13.146,clean
43,40,0,1.87,1,2.24,225484,Y2,,,0,12.668,clean
43,41,0,1.93,1,2.36,706047,Y2,,,0,12.716,clean
43,42,0,1.82,1,2.67,9388,Y2,,,0,13.019,clean
43,43,0,1.72,1,2.35,388384,Y2,,,0,13.244,clean
43,44,0,1.91,1,2.42,569612,Y2,,,0,12.892,clean
43,45,0,1.68,1,2.66,1050800,Y2,,,0,12.375,clean
43,46,0,1.99,1,2.62,915974,Y2,,,0,12.173,clean
43,47,0,2.13,1,2.43,101030,Y2,,,0,12.287,clean
43,48,0,2.78,1,2.44,514179,Y4,0.00/?,0.00/?,0,12.405,hump-note
43,49,0,1.82,1,2.41,1108021,Y4,,,0,12.355,clean
43,50,0,2.08,1,2.26,328481,Y2,,,0,11.869,clean
43,51,0,2.12,1,2.42,1010656,Y2,,,0,10.766,clean
43,52,0,2.50,1,2.47,338763,Y2,0.24/noise-like,0.00/noise-like,0,9.796,hump-note
43,53,0,2.51,1,2.74,876725,Y2,0.00/noise-like,0.00/noise-like,0,9.390,hump-note
43,54,0,2.68,1,2.60,1432389,Y2,0.00/?,0.00/?,0,9.147,hump-note
43,55,0,2.67,1,2.33,764519,Y2,0.00/noise-like,0.00/noise-like,0,8.700,hump-note
43,56,0,2.63,1,2.44,824779,Y2,0.00/noise-like,0.00/noise-like,0,7.863,hump-note
43,57,0,0,-1,0,0,-,,,0,6.653,QUARANTINE:dark-lane range=61 distinct=59
43,58,0,0,-1,0,0,-,,,0,5.433,QUARANTINE:dark-lane range=51 distinct=48
43,59,0,0,-1,0,0,-,,,0,4.462,QUARANTINE:dark-lane range=40 distinct=41
43,61,0,0,-1,0,0,-,,,0,3.241,QUARANTINE:dark-lane range=27 distinct=28
44,0,0,4.49,1,2.54,1200557,Y2,0.00/noise-like,0.00/noise-like,0,18.909,hump-note
44,1,0,1.40,1,2.57,664562,Y2,,,0,18.337,clean
44,2,0,1.51,1,2.52,788122,Y2,,,0,17.794,clean
44,3,0,1.52,1,2.45,50068,Y2,,,0,17.269,clean
44,4,0,1.43,1,2.30,79572,Y4,,,0,17.159,clean
44,5,0,1.48,1,2.51,678599,Y2,,,0,17.461,clean
44,6,0,1.46,1,2.37,134736,Y2,,,0,17.651,clean
44,7,0,1.43,1,2.61,95308,Y2,,,0,17.365,clean
44,8,0,1.47,58,2.33,389278,Y2,,,0,16.891,clean
44,9,0,1.32,210,2.44,679582,Y4,,,0,16.753,clean
44,10,0,1.42,1327,3.20,1464844,Y4,0.00/noise-like,0.00/noise-like,0,16.721,FAM-HIT
44,11,0,1.62,1,2.34,510961,Y4,,,0,16.756,clean
44,12,0,1.44,1,2.55,310957,Y4,,,0,16.819,clean
44,13,0,1.55,1,2.38,778109,Y4,,,0,16.512,clean
44,14,0,1.67,1,2.39,1025945,Y2,,,0,15.823,clean
44,15,0,2.01,1,2.33,966489,Y4,,,0,15.430,clean
44,16,0,1.34,1074,2.42,377923,Y2,,,0,15.538,clean
44,17,0,1.65,1,2.48,566483,Y4,,,0,15.936,clean
44,18,0,1.65,1,2.37,241220,Y2,,,0,17.517,clean
44,19,0,1.40,1,2.52,950843,Y4,,,0,15.839,clean
44,20,0,1.43,1,2.41,395715,Y4,,,1,14.985,clean
44,21,0,1.50,1,2.30,1010031,Y4,,,0,14.376,clean
44,22,0,1.86,1,2.65,623345,Y2,,,0,14.290,clean
44,23,0,1.62,1,2.36,66876,Y2,,,0,14.865,clean
44,24,0,1.43,1,2.41,1361668,Y2,,,0,15.776,clean
44,25,0,1.63,1,2.61,200450,Y2,,,0,15.980,clean
44,26,0,1.63,1,2.41,1108021,Y2,,,0,15.310,clean
44,27,0,1.54,677,2.50,575602,Y4,,,0,14.786,clean
44,28,0,1.65,1,2.57,179172,Y2,,,0,14.418,clean
44,29,0,1.78,1,2.42,511140,Y4,,,0,14.582,clean
44,30,0,1.53,1,2.30,1323044,Y2,,,0,15.105,clean
44,31,0,1.40,1,2.43,166118,Y4,,,0,15.481,clean
44,32,0,3.22,1,2.42,1322240,Y4,0.00/noise-like,0.24/noise-like,0,15.018,hump-note
44,33,0,1.87,1,2.37,1197428,Y4,,,0,14.071,clean
44,34,0,1.62,1,2.24,141174,Y2,,,0,13.572,clean
44,35,0,1.52,1,2.40,386328,Y4,,,0,13.687,clean
44,36,0,1.73,1,2.47,332773,Y2,,,0,13.883,clean
44,37,0,1.67,1,2.45,1260281,Y4,,,0,13.829,clean
44,38,0,1.69,1,2.45,350654,Y2,,,0,13.625,clean
44,39,0,1.85,1,2.49,1285136,Y4,,,0,13.181,clean
44,40,0,2.01,1,2.53,438184,Y2,,,0,12.681,clean
44,41,0,1.84,1,2.56,226915,Y2,,,0,12.715,clean
44,42,0,1.70,1,2.50,163525,Y4,,,0,13.042,clean
44,43,0,1.79,1,2.41,1116425,Y4,,,0,13.249,clean
44,44,0,1.64,1,2.39,1111954,Y2,,,0,12.897,clean
44,45,0,2.16,1,2.40,61423,Y2,,,0,12.392,clean
44,46,0,2.07,1,2.66,234246,Y2,,,0,12.214,clean
44,47,0,1.72,1,2.37,896931,Y4,,,0,12.325,clean
44,48,0,2.34,1,2.51,749856,Y4,,,0,12.436,clean
44,49,0,1.62,1,2.50,1171321,Y2,,,0,12.346,clean
44,50,0,2.13,1,2.67,57578,Y2,,,0,11.887,clean
44,51,0,2.10,1,2.18,1215041,Y2,,,0,10.801,clean
44,52,0,2.56,1,2.20,1034707,Y2,0.00/noise-like,0.00/noise-like,0,9.799,hump-note
44,53,0,2.34,1,2.34,24229,Y4,,,0,9.394,clean
44,54,0,2.61,1,2.38,410467,Y2,0.00/?,0.00/?,1,9.165,hump-note
44,55,0,3.16,1,2.54,430048,Y4,0.00/noise-like,0.24/noise-like,0,8.703,hump-note
44,56,0,2.80,1,2.45,227541,Y2,0.00/noise-like,0.00/noise-like,0,7.877,hump-note
44,57,0,0,-1,0,0,-,,,0,6.650,QUARANTINE:dark-lane range=61 distinct=58
44,58,0,0,-1,0,0,-,,,0,5.447,QUARANTINE:dark-lane range=47 distinct=48
44,59,0,0,-1,0,0,-,,,0,4.473,QUARANTINE:dark-lane range=37 distinct=38
44,60,0,0,-1,0,0,-,,,0,3.750,QUARANTINE:dark-lane range=35 distinct=33
44,61,0,0,-1,0,0,-,,,0,3.251,QUARANTINE:dark-lane range=33 distinct=30
44,62,0,0,-1,0,0,-,,,0,2.737,QUARANTINE:dark-lane range=33 distinct=25
44,63,0,0,-1,0,0,-,,,1,2.240,QUARANTINE:dark-lane range=42 distinct=23
45,0,0,4.30,1,2.38,1123667,Y2,0.00/?,0.00/noise-like,0,18.863,hump-note
45,1,0,1.45,1,2.26,92000,Y4,,,0,18.333,clean
45,2,0,1.53,1,2.55,261605,Y4,,,0,17.769,clean
45,3,0,1.44,1,2.30,1416206,Y4,,,0,17.223,clean
45,4,0,1.57,1,2.30,1382947,Y4,,,0,17.125,clean
45,5,0,1.62,1,2.42,862688,Y2,,,0,17.399,clean
45,6,0,1.47,1,2.39,64194,Y4,,,0,17.642,clean
45,7,0,1.68,1,2.35,1366317,Y4,,,0,17.328,clean
45,8,0,1.52,1,2.67,1022369,Y2,,,0,16.878,clean
45,9,0,1.37,1,2.60,934929,Y2,,,0,16.767,clean
45,10,0,1.40,438,2.29,220746,Y2,,,0,16.693,clean
45,11,0,1.42,1,2.49,1282901,Y2,,,0,16.729,clean
45,12,0,1.39,1245,2.61,27716,Y2,,,0,16.795,clean
45,13,0,1.55,1,2.27,526607,Y2,,,0,16.452,clean
45,14,0,1.58,1,2.28,1335740,Y4,,,0,15.775,clean
45,15,0,1.62,1,2.46,1163632,Y4,,,0,15.358,clean
45,16,0,1.46,1,2.43,1150489,Y2,,,0,15.520,clean
45,17,0,1.63,1,2.42,1032114,Y2,,,0,15.898,clean
45,18,0,1.61,341,2.42,375241,Y2,,,0,17.525,clean
45,19,0,1.69,1,2.44,1064837,Y4,,,0,15.834,clean
45,20,0,1.75,1,2.43,621915,Y2,,,0,14.973,clean
45,21,0,1.87,1,2.33,203222,Y4,,,0,14.332,clean
45,22,0,1.52,1,2.32,666708,Y2,,,0,14.266,clean
45,23,0,1.51,1,2.25,767916,Y4,,,0,14.831,clean
45,24,0,1.52,1,2.48,428170,Y4,,,0,15.724,clean
45,25,0,1.43,1,2.35,1300335,Y2,,,0,15.906,clean
45,26,0,1.53,1,2.47,261784,Y4,,,0,15.283,clean
45,27,0,1.59,1,2.25,457853,Y2,,,0,14.773,clean
45,28,0,1.65,1,2.45,807524,Y2,,,0,14.379,clean
45,29,0,1.43,1,2.45,94861,Y2,,,0,14.561,clean
45,30,0,1.45,1,2.50,11086,Y4,,,0,15.054,clean
45,31,0,1.70,1,2.44,1377046,Y4,,,0,15.469,clean
45,32,0,1.43,306,2.63,818700,Y2,,,0,15.021,clean
45,33,0,1.81,1,2.34,1041859,Y4,,,0,14.035,clean
45,34,0,1.70,1,2.31,1226395,Y4,,,0,13.553,clean
45,35,0,1.75,1,2.50,1146287,Y2,,,0,13.653,clean
45,36,0,1.80,1,2.61,1097113,Y2,,,0,13.843,clean
45,37,0,1.73,1,2.75,1332432,Y4,,,0,13.837,clean
45,38,0,1.84,1,2.42,1399308,Y2,,,0,13.618,clean
45,39,0,1.95,1,2.55,104338,Y4,,,0,13.149,clean
45,40,0,1.74,1,2.31,265986,Y4,,,0,12.672,clean
45,41,0,1.75,1,2.37,1406729,Y2,,,0,12.659,clean
45,42,0,1.88,1,2.61,584900,Y4,,,0,13.017,clean
45,43,0,1.77,1,2.51,418872,Y2,,,0,13.251,clean
45,44,0,1.93,1,2.33,709981,Y4,,,0,12.901,clean
45,45,0,2.07,1,2.46,135452,Y2,,,0,12.382,clean
45,46,0,1.87,1,2.34,262946,Y4,,,0,12.188,clean
45,47,0,1.80,1,2.51,239164,Y2,,,0,12.277,clean
45,48,0,5.02,1,2.46,209123,Y2,0.00/noise-like,0.00/noise-like,0,12.391,SPECTRAL-LINE
45,49,0,1.83,1,2.78,945300,Y2,,,0,12.329,clean
45,50,0,2.15,1,2.63,1464844,Y2,,,0,11.861,clean
45,51,0,2.01,1,2.47,1228899,Y2,,,0,10.767,clean
45,52,0,2.21,1,2.49,1035422,Y4,,,0,9.778,clean
45,53,0,2.45,1,2.34,814408,Y4,,,0,9.379,clean
45,54,0,2.44,1,2.39,815839,Y4,,,0,9.151,clean
45,55,0,2.95,1,2.34,465631,Y4,0.00/noise-like,0.00/noise-like,0,8.692,hump-note
45,56,0,3.20,1,2.71,74387,Y4,0.24/noise-like,0.00/noise-like,0,7.878,hump-note
45,57,0,0,-1,0,0,-,,,0,6.654,QUARANTINE:dark-lane range=60 distinct=57
45,58,0,0,-1,0,0,-,,,0,5.436,QUARANTINE:dark-lane range=49 distinct=48
45,59,0,0,-1,0,0,-,,,0,4.470,QUARANTINE:dark-lane range=36 distinct=37
45,60,0,0,-1,0,0,-,,,0,3.741,QUARANTINE:dark-lane range=32 distinct=33
45,61,0,0,-1,0,0,-,,,0,3.241,QUARANTINE:dark-lane range=30 distinct=29
45,62,0,0,-1,0,0,-,,,0,2.732,QUARANTINE:dark-lane range=24 distinct=24
45,63,0,0,-1,0,0,-,,,0,2.238,QUARANTINE:dark-lane range=20 distinct=21
46,0,0,4.67,1,2.33,1312047,Y2,0.00/?,0.00/noise-like,0,18.841,hump-note
46,1,0,1.52,1,2.31,532061,Y4,,,0,18.358,clean
46,2,0,1.40,1,2.59,604480,Y4,,,0,17.745,clean
46,3,0,1.53,1,2.52,787854,Y2,,,0,17.217,clean
46,4,0,1.56,1,2.45,437021,Y4,,,0,17.128,clean
46,5,0,1.50,1,2.29,122309,Y2,,,0,17.390,clean
46,6,0,1.31,812,2.38,842839,Y4,,,0,17.625,clean
46,7,0,1.49,1,2.49,242740,Y4,,,0,17.335,clean
46,8,0,1.46,1,2.33,403315,Y2,,,0,16.862,clean
46,9,0,1.51,1,2.49,1275748,Y2,,,0,16.756,clean
46,10,0,1.53,1,2.42,932157,Y4,,,0,16.705,clean
46,11,0,1.52,1,2.38,1302570,Y2,,,0,16.717,clean
46,12,0,1.43,1,2.47,1219690,Y4,,,0,16.793,clean
46,13,0,1.62,1,2.57,424594,Y2,,,0,16.467,clean
46,14,0,1.68,1,2.50,1335830,Y4,,,0,15.779,clean
46,15,0,1.53,1,2.28,471979,Y4,,,0,15.369,clean
46,16,0,1.56,1,2.53,6080,Y2,,,0,15.523,clean
46,17,0,1.32,1,2.34,721693,Y4,,,0,15.909,clean
46,18,0,1.73,499,2.44,545561,Y2,,,0,17.511,clean
46,19,0,1.73,1,2.49,828803,Y4,,,0,15.809,clean
46,20,0,1.49,299,2.49,1317948,Y4,,,0,14.963,clean
46,21,0,1.44,1,2.36,1071274,Y4,,,0,14.356,clean
46,22,0,1.64,1,2.46,466794,Y4,,,0,14.261,clean
46,23,0,1.59,1,2.43,791430,Y2,,,0,14.822,clean
46,24,0,1.57,1,2.25,607073,Y4,,,0,15.723,clean
46,25,0,1.63,1,2.44,223339,Y2,,,0,15.934,clean
46,26,0,1.86,1,2.45,1445264,Y2,,,0,15.270,clean
46,27,0,1.72,1,2.61,1197428,Y4,,,0,14.732,clean
46,28,0,1.50,1,2.25,1399219,Y2,,,0,14.400,clean
46,29,0,1.87,1,2.36,70632,Y2,,,0,14.578,clean
46,30,0,1.63,1,2.30,1040876,Y2,,,0,15.055,clean
46,31,0,1.79,1,2.49,1159340,Y2,,,0,15.465,clean
46,32,0,2.90,1,2.39,1227558,Y4,0.00/noise-like,0.00/noise-like,0,15.051,hump-note
46,33,0,1.72,1,2.47,444531,Y4,,,0,14.053,clean
46,34,0,1.76,1,2.86,812888,Y4,,,0,13.525,clean
46,35,0,1.76,1,2.26,273138,Y4,,,0,13.650,clean
46,36,0,1.58,1,2.45,162721,Y2,,,0,13.845,clean
46,37,0,1.90,1,2.33,167638,Y2,,,0,13.815,clean
46,38,0,1.96,1,2.61,1460016,Y4,,,0,13.618,clean
46,39,0,1.73,1,2.49,1280665,Y2,,,0,13.157,clean
46,40,0,1.89,1,2.43,1298636,Y2,,,0,12.646,clean
46,41,0,2.06,1,2.38,503540,Y4,,,0,12.665,clean
46,42,0,1.75,1,2.52,1163542,Y2,,,0,13.007,clean
46,43,0,1.69,1,2.56,875473,Y4,,,0,13.251,clean
46,44,0,1.55,1,2.61,513911,Y2,,,0,12.871,clean
46,45,0,1.62,1,2.39,1087546,Y4,,,0,12.383,clean
46,46,0,1.65,1,2.67,1464844,Y2,,,0,12.187,clean
46,47,0,1.89,1,2.55,1357198,Y4,,,0,12.289,clean
46,48,0,2.49,1,2.31,314176,Y4,,,0,12.418,clean
46,49,0,1.86,1,2.28,74834,Y4,,,0,12.334,clean
46,50,0,2.00,1,2.32,134289,Y2,,,0,11.859,clean
46,51,0,2.28,1,2.21,1408249,Y4,,,0,10.778,clean
46,52,0,2.38,1,2.37,1015574,Y2,,,0,9.773,clean
46,53,0,2.47,1,2.31,44793,Y2,,,0,9.397,clean
46,54,0,2.51,1,2.30,1035422,Y4,0.00/noise-like,0.00/noise-like,0,9.152,hump-note
46,55,0,2.94,1,2.37,981152,Y2,0.00/noise-like,0.00/noise-like,0,8.680,hump-note
46,56,0,2.97,1,2.50,14752,Y2,0.00/noise-like,0.00/noise-like,0,7.865,hump-note
46,57,0,0,-1,0,0,-,,,0,6.653,QUARANTINE:dark-lane range=64 distinct=59
46,58,0,0,-1,0,0,-,,,0,5.427,QUARANTINE:dark-lane range=46 distinct=47
46,59,0,0,-1,0,0,-,,,0,4.461,QUARANTINE:dark-lane range=41 distinct=40
46,60,0,0,-1,0,0,-,,,0,3.742,QUARANTINE:dark-lane range=30 distinct=31
46,61,0,0,-1,0,0,-,,,0,3.244,QUARANTINE:dark-lane range=28 distinct=29
46,62,0,0,-1,0,0,-,,,0,2.738,QUARANTINE:dark-lane range=26 distinct=26
47,0,0,4.70,1,2.33,342339,Y4,0.00/noise-like,0.00/noise-like,0,18.886,hump-note
47,1,0,1.46,1,2.47,600994,Y4,,,0,18.366,clean
47,2,0,1.34,1266,2.40,560045,Y2,,,0,17.731,clean
47,3,0,1.38,1301,2.75,20921,Y2,,,0,17.206,clean
47,4,0,1.59,1,2.30,1076907,Y4,,,0,17.119,clean
47,5,0,1.66,1,2.66,515610,Y2,,,0,17.378,clean
47,6,0,1.33,103,2.24,990450,Y4,,,0,17.626,clean
47,7,0,1.37,1,2.20,322580,Y2,,,0,17.330,clean
47,8,0,1.35,763,2.57,467956,Y2,,,0,16.843,clean
47,9,0,1.44,44,2.43,1178473,Y2,,,0,16.730,clean
47,10,0,1.56,1,2.52,193298,Y2,,,0,16.725,clean
47,11,0,1.77,1,2.51,396252,Y4,,,0,16.712,clean
47,12,0,1.38,968,2.36,158429,Y2,,,0,16.789,clean
47,13,0,1.40,1,2.33,608236,Y4,,,0,16.465,clean
47,14,0,1.48,1,2.29,947088,Y2,,,0,15.773,clean
47,15,0,1.58,1,2.31,671625,Y2,,,0,15.386,clean
47,16,0,1.58,1,2.27,903279,Y2,,,0,15.513,clean
47,17,0,1.54,1,2.56,31829,Y4,,,0,15.898,clean
47,18,0,1.67,1,2.40,368893,Y2,,,0,17.496,clean
47,19,0,1.53,1,2.32,162095,Y4,,,0,15.798,clean
47,20,0,1.48,1,2.41,1091123,Y4,,,0,14.959,clean
47,21,0,1.81,1,2.63,291735,Y4,,,0,14.356,clean
47,22,0,1.68,1,2.43,874758,Y2,,,0,14.253,clean
47,23,0,1.48,1,2.47,619054,Y4,,,0,14.840,clean
47,24,0,1.46,1,2.44,1343518,Y4,,,0,15.716,clean
47,25,0,1.62,1,2.31,169873,Y2,,,0,15.929,clean
47,26,0,1.67,1,2.46,998586,Y4,,,0,15.267,clean
47,27,0,1.55,1,2.41,163704,Y2,,,0,14.721,clean
47,28,0,1.56,1,2.60,167549,Y4,,,0,14.399,clean
47,29,0,1.57,1,2.39,1359969,Y4,,,0,14.518,clean
47,30,0,1.64,1,2.35,1024157,Y4,,,0,15.038,clean
47,31,0,1.45,1,2.35,4828,Y2,,,0,15.457,clean
47,32,0,2.79,1,2.60,383556,Y4,0.00/?,0.00/?,0,14.998,hump-note
47,33,0,1.53,1,2.33,546366,Y2,,,0,14.062,clean
47,34,0,1.67,1,2.43,1047313,Y4,,,0,13.515,clean
47,35,0,1.72,1,2.34,293791,Y4,,,0,13.654,clean
47,36,0,1.88,1,2.34,851423,Y2,,,0,13.839,clean
47,37,0,1.82,1,2.36,204116,Y4,,,0,13.812,clean
47,38,0,1.74,1,2.40,1060009,Y2,,,0,13.599,clean
47,39,0,1.56,1,2.24,85741,Y4,,,0,13.153,clean
47,40,0,1.82,1,2.41,380874,Y4,,,0,12.656,clean
47,41,0,1.84,1,2.42,1369625,Y2,,,0,12.672,clean
47,42,0,1.73,1,2.39,1043558,Y4,,,0,12.977,clean
47,43,0,2.15,1,2.62,42290,Y2,,,0,13.238,clean
47,44,0,1.73,1,2.31,423521,Y2,,,0,12.890,clean
47,45,0,2.04,1,2.39,918210,Y2,,,0,12.365,clean
47,46,0,1.86,1,2.33,1094788,Y2,,,0,12.166,clean
47,47,0,2.02,1,2.57,1362830,Y2,,,0,12.305,clean
47,48,0,2.33,1,2.39,1193672,Y4,,,0,12.407,clean
47,49,0,1.91,1,2.32,480384,Y2,,,0,12.334,clean
47,50,0,1.82,1,2.78,1439989,Y4,,,0,11.861,clean
47,51,0,2.22,1,2.32,1205385,Y2,,,0,10.748,clean
47,52,0,2.31,1,2.45,103891,Y2,,,0,9.779,clean
47,53,0,2.60,1,2.37,80466,Y2,0.00/noise-like,0.00/noise-like,0,9.377,hump-note
47,54,0,2.70,1,2.41,839800,Y2,0.24/noise-like,0.00/noise-like,0,9.156,hump-note
47,55,0,2.96,1,2.42,971407,Y4,0.00/noise-like,0.24/noise-like,0,8.708,hump-note
47,56,0,2.92,1,2.51,159770,Y4,0.00/noise-like,0.00/noise-like,0,7.868,hump-note
47,57,0,0,-1,0,0,-,,,0,6.652,QUARANTINE:dark-lane range=62 distinct=57
47,58,0,0,-1,0,0,-,,,0,5.436,QUARANTINE:dark-lane range=49 distinct=46
47,59,0,0,-1,0,0,-,,,0,4.457,QUARANTINE:dark-lane range=40 distinct=40
47,60,0,0,-1,0,0,-,,,0,3.739,QUARANTINE:dark-lane range=30 distinct=31
47,61,0,0,-1,0,0,-,,,0,3.242,QUARANTINE:dark-lane range=28 distinct=29
47,62,0,0,-1,0,0,-,,,0,2.733,QUARANTINE:dark-lane range=24 distinct=25
47,63,0,0,-1,0,0,-,,,0,2.236,QUARANTINE:dark-lane range=20 distinct=21
48,0,0,5.70,1,2.31,784725,Y2,0.24/noise-like,0.00/noise-like,0,18.812,SPECTRAL-LINE
48,1,0,1.58,1,2.27,767291,Y4,,,0,18.363,clean
48,2,0,1.40,1,2.43,342518,Y4,,,0,17.763,clean
48,3,0,1.40,1,2.23,1159340,Y2,,,0,17.227,clean
48,4,0,1.55,1,2.26,1148969,Y2,,,0,17.125,clean
48,5,0,1.53,1,2.63,119179,Y4,,,0,17.410,clean
48,6,0,1.35,890,2.36,876367,Y2,,,1,17.610,clean
48,7,0,1.35,1,2.25,6258,Y4,,,0,17.337,clean
48,8,0,1.63,1,2.34,776321,Y2,,,0,16.872,clean
48,9,0,1.46,208,2.22,1386881,Y4,,,0,16.731,clean
48,10,0,1.43,1,2.58,1019686,Y4,,,0,16.699,clean
48,11,0,1.52,1,2.45,1092106,Y4,,,0,16.724,clean
48,12,0,1.43,911,2.46,121862,Y4,,,0,16.782,clean
48,13,0,1.66,1,2.29,1245797,Y2,,,0,16.487,clean
48,14,0,1.37,1,2.36,257581,Y2,,,0,15.764,clean
48,15,0,1.60,1,2.40,794023,Y2,,,0,15.386,clean
48,16,0,1.35,496,2.35,552803,Y4,,,0,15.525,clean
48,17,0,1.58,1,2.34,160396,Y4,,,0,15.883,clean
48,18,0,1.64,456,2.61,967205,Y4,,,0,17.568,clean
48,19,0,1.43,1,2.66,1377761,Y2,,,0,15.818,clean
48,20,0,1.72,1,2.40,1226127,Y2,,,0,14.948,clean
48,21,0,1.63,1,2.47,826120,Y4,,,0,14.327,clean
48,22,0,2.02,1,2.66,231922,Y2,,,0,14.248,clean
48,23,0,1.67,1,2.42,1375794,Y2,,,0,14.832,clean
48,24,0,1.42,1,2.28,1209855,Y2,,,0,15.705,clean
48,25,0,1.81,1,2.37,735283,Y2,,,0,15.943,clean
48,26,0,1.42,1,2.34,806898,Y4,,,0,15.262,clean
48,27,0,1.66,668,2.37,489324,Y2,,,0,14.746,clean
48,28,0,1.74,1,2.27,1362115,Y2,,,0,14.399,clean
48,29,0,1.58,1,2.32,1160949,Y2,,,0,14.558,clean
48,30,0,1.75,1,2.41,1208156,Y2,,,0,15.057,clean
48,31,0,1.42,1,2.40,113994,Y4,,,0,15.451,clean
48,32,0,1.39,1397,2.37,568450,Y2,,,0,15.014,clean
48,33,0,1.54,1,2.44,1271009,Y2,,,0,14.037,clean
48,34,0,1.82,1,2.32,163883,Y4,,,0,13.502,clean
48,35,0,1.64,1,2.42,152975,Y4,,,0,13.654,clean
48,36,0,1.67,1,2.41,188112,Y4,,,0,13.870,clean
48,37,0,1.64,1,2.30,135899,Y4,,,0,13.800,clean
48,38,0,2.05,1,2.52,3576,Y2,,,0,13.620,clean
48,39,0,1.71,1,2.40,867426,Y2,,,0,13.147,clean
48,40,0,1.96,1,2.43,514090,Y4,,,0,12.659,clean
48,41,0,2.08,1,2.22,1326531,Y2,,,0,12.647,clean
48,42,0,1.74,1,2.25,1333147,Y4,,,0,13.008,clean
48,43,0,1.60,1,2.38,1366138,Y4,,,0,13.227,clean
48,44,0,1.84,1,2.44,1244456,Y4,,,0,12.887,clean
48,45,0,2.02,1,2.51,371575,Y4,,,0,12.378,clean
48,46,0,1.71,1,2.39,1181513,Y4,,,0,12.185,clean
48,47,0,2.01,1,2.36,775784,Y4,,,0,12.304,clean
48,48,0,2.86,1,2.73,170767,Y2,0.00/?,0.24/noise-like,0,12.387,hump-note
48,49,0,1.91,1,2.37,159860,Y4,,,0,12.345,clean
48,50,0,2.05,1,2.47,700951,Y4,,,0,11.845,clean
48,51,0,2.25,1,2.57,612259,Y2,,,0,10.773,clean
48,52,0,2.54,1,2.29,663042,Y2,0.00/noise-like,0.00/noise-like,0,9.767,hump-note
48,53,0,2.49,1,2.63,47565,Y4,,,0,9.377,clean
48,54,0,2.30,1,2.27,182390,Y2,,,0,9.142,clean
48,55,0,2.51,1,2.68,370055,Y2,0.00/noise-like,0.00/noise-like,0,8.689,hump-note
48,56,0,3.45,1,2.35,631750,Y2,0.00/noise-like,0.00/noise-like,0,7.862,hump-note
48,59,0,0,-1,0,0,-,,,0,4.454,QUARANTINE:dark-lane range=42 distinct=40
48,60,0,0,-1,0,0,-,,,0,3.742,QUARANTINE:dark-lane range=31 distinct=32
48,62,0,0,-1,0,0,-,,,0,2.740,QUARANTINE:dark-lane range=24 distinct=25
48,63,0,0,-1,0,0,-,,,0,2.238,QUARANTINE:dark-lane range=20 distinct=21
49,0,0,4.76,1,2.26,983387,Y2,0.00/noise-like,0.00/noise-like,0,18.861,hump-note
49,1,0,1.63,1,2.38,23425,Y2,,,0,18.344,clean
49,2,0,1.53,1,2.46,966936,Y4,,,0,17.737,clean
49,3,0,1.42,1,2.84,707120,Y2,,,0,17.220,clean
49,4,0,1.49,1,2.53,352800,Y2,,,0,17.119,clean
49,5,0,1.49,1,2.41,62942,Y4,,,0,17.419,clean
49,6,0,1.57,1,2.50,815213,Y2,,,0,17.615,clean
49,7,0,1.51,1,2.38,1102567,Y4,,,0,17.334,clean
49,8,0,1.47,1,2.45,451595,Y2,,,0,16.880,clean
49,9,0,1.37,913,2.54,1431584,Y2,,,0,16.767,clean
49,10,0,1.41,515,2.45,247836,Y2,,,0,16.691,clean
49,11,0,1.37,900,2.44,798136,Y4,,,0,16.732,clean
49,12,0,1.31,1000,2.41,191957,Y4,,,0,16.797,clean
49,13,0,1.78,1,2.38,785172,Y2,,,0,16.493,clean
49,14,0,1.74,1,2.40,302196,Y2,,,0,15.745,clean
49,15,0,1.69,1,2.49,204206,Y2,,,0,15.372,clean
49,16,0,1.49,1,2.39,360757,Y4,,,0,15.497,clean
49,17,0,1.49,1,2.49,62585,Y2,,,0,15.884,clean
49,18,0,1.67,351,2.52,92268,Y2,,,0,17.535,clean
49,19,0,1.58,1,2.46,1292467,Y2,,,0,15.794,clean
49,20,0,1.54,1,2.52,165224,Y4,,,0,14.979,clean
49,21,0,1.67,1,2.34,103354,Y2,,,0,14.351,clean
49,22,0,1.77,1,2.60,747442,Y4,,,0,14.259,clean
49,23,0,1.44,1,2.35,890940,Y2,,,0,14.820,clean
49,24,0,1.33,233,2.32,207782,Y2,,,0,15.725,clean
49,25,0,1.37,467,2.43,620127,Y2,,,0,15.936,clean
49,26,0,1.62,1,2.47,931174,Y4,,,0,15.266,clean
49,27,0,1.71,1,2.42,453293,Y2,,,0,14.747,clean
49,28,0,1.55,1,2.28,80198,Y2,,,0,14.393,clean
49,29,0,1.70,1,2.32,199199,Y4,,,0,14.545,clean
49,30,0,1.60,1,2.60,95755,Y2,,,0,15.060,clean
49,31,0,1.42,1,2.28,207424,Y2,,,0,15.479,clean
49,32,0,2.93,1,2.57,142783,Y4,0.00/noise-like,0.00/noise-like,0,15.026,hump-note
49,33,0,1.66,1,2.29,480205,Y4,,,0,14.049,clean
49,34,0,2.04,1,2.49,1333505,Y2,,,0,13.520,clean
49,35,0,1.93,1,2.52,895858,Y2,,,0,13.668,clean
49,36,0,1.72,1,2.63,150114,Y4,,,0,13.865,clean
49,37,0,1.86,1,2.31,665814,Y2,,,0,13.821,clean
49,38,0,1.83,1,2.56,968277,Y2,,,0,13.606,clean
49,39,0,1.89,1,2.49,25213,Y2,,,0,13.129,clean
49,40,0,1.99,1,2.38,838727,Y2,,,0,12.635,clean
49,41,0,1.95,1,2.57,532061,Y2,,,0,12.672,clean
49,42,0,1.72,1,2.47,1088351,Y2,,,0,13.010,clean
49,43,0,1.93,1,2.46,288337,Y2,,,0,13.229,clean
49,44,0,1.90,1,2.31,1368821,Y2,,,0,12.923,clean
49,45,0,1.95,1,2.32,720173,Y4,,,0,12.392,clean
49,46,0,1.90,1,2.31,139654,Y2,,,0,12.169,clean
49,47,0,1.93,1,2.65,507653,Y4,,,0,12.277,clean
49,48,0,2.05,1,2.55,159323,Y4,,,0,12.406,clean
49,49,0,1.72,1,2.44,85741,Y2,,,0,12.330,clean
49,50,0,1.98,1,2.34,407070,Y2,,,0,11.851,clean
49,51,0,2.41,1,2.47,831932,Y2,,,0,10.761,clean
49,52,0,2.33,1,2.34,273049,Y4,,,0,9.761,clean
49,53,0,2.35,1,2.58,215918,Y4,,,0,9.383,clean
49,54,0,2.58,1,2.35,568718,Y4,0.00/?,0.00/noise-like,0,9.126,hump-note
49,55,0,2.90,1,2.55,654727,Y4,0.24/noise-like,0.24/noise-like,0,8.679,hump-note
49,56,0,3.02,1,2.34,1092464,Y4,0.00/noise-like,0.00/noise-like,0,7.860,hump-note
49,57,0,0,-1,0,0,-,,,0,6.656,QUARANTINE:dark-lane range=60 distinct=58
49,58,0,0,-1,0,0,-,,,0,5.424,QUARANTINE:dark-lane range=44 distinct=45
49,59,0,0,-1,0,0,-,,,0,4.463,QUARANTINE:dark-lane range=40 distinct=39
49,60,0,0,-1,0,0,-,,,0,3.746,QUARANTINE:dark-lane range=31 distinct=32
49,61,0,0,-1,0,0,-,,,0,3.242,QUARANTINE:dark-lane range=29 distinct=30
49,62,0,0,-1,0,0,-,,,0,2.737,QUARANTINE:dark-lane range=24 distinct=25
49,63,0,0,-1,0,0,-,,,0,2.242,QUARANTINE:dark-lane range=18 distinct=19
50,0,0,4.62,1,2.54,1397431,Y4,0.24/noise-like,0.00/noise-like,0,18.877,hump-note
50,1,0,1.60,1,2.60,558436,Y4,,,0,18.387,clean
50,2,0,1.51,1,2.32,201792,Y4,,,0,17.761,clean
50,3,0,1.68,1,2.28,302285,Y2,,,0,17.245,clean
50,4,0,1.44,1,2.41,1445711,Y4,,,0,17.105,clean
50,5,0,1.40,1414,2.36,1281112,Y4,,,0,17.402,clean
50,6,0,1.71,1,2.49,426203,Y2,,,0,17.600,clean
50,7,0,1.48,1,2.42,1058310,Y4,,,0,17.329,clean
50,8,0,1.43,1,2.33,1382679,Y2,,,0,16.851,clean
50,9,0,1.51,1,2.42,182837,Y2,,,0,16.727,clean
50,10,0,1.47,1,2.35,497729,Y4,,,0,16.687,clean
50,11,0,1.42,1053,2.35,1030236,Y4,,,0,16.720,clean
50,12,0,1.65,1,2.25,97185,Y4,,,0,16.828,clean
50,13,0,1.35,307,2.33,566036,Y4,,,0,16.473,clean
50,14,0,1.52,1,2.52,29057,Y4,,,0,15.782,clean
50,15,0,1.48,1,2.33,31918,Y2,,,0,15.368,clean
50,16,0,1.37,1,2.40,684142,Y4,,,0,15.534,clean
50,17,0,1.53,1,2.60,292271,Y2,,,0,15.914,clean
50,18,0,1.69,431,2.34,27895,Y2,,,0,17.517,clean
50,19,0,1.59,1,2.38,111848,Y2,,,0,15.820,clean
50,20,0,1.83,1,2.51,30935,Y4,,,0,14.939,clean
50,21,0,1.76,1,2.36,600725,Y4,,,0,14.341,clean
50,22,0,2.03,1,2.32,563174,Y2,,,0,14.256,clean
50,23,0,1.55,1,2.33,1058847,Y2,,,0,14.848,clean
50,24,0,1.65,1,2.34,44703,Y4,,,0,15.712,clean
50,25,0,1.55,1,2.43,1034170,Y2,,,0,15.918,clean
50,26,0,1.58,1,2.53,488162,Y4,,,0,15.295,clean
50,27,0,1.60,1,2.43,100762,Y2,,,0,14.718,clean
50,28,0,1.56,1,2.34,1292109,Y2,,,0,14.397,clean
50,29,0,1.81,1,2.34,1460016,Y4,,,0,14.549,clean
50,30,0,1.61,1,2.57,1436144,Y2,,,0,15.057,clean
50,31,0,1.56,1,2.33,1158357,Y2,,,0,15.456,clean
50,32,0,2.60,1,2.25,669926,Y4,0.00/noise-like,0.00/noise-like,0,14.996,hump-note
50,33,0,1.93,1,2.63,168622,Y4,,,0,14.062,clean
50,34,0,1.94,1,2.33,107825,Y4,,,0,13.524,clean
50,35,0,1.62,1,2.29,1205385,Y4,,,0,13.670,clean
50,36,0,1.85,1,2.47,350565,Y2,,,0,13.883,clean
50,37,0,1.66,1,2.69,614852,Y2,,,0,13.817,clean
50,38,0,1.73,1,2.50,350207,Y4,,,0,13.604,clean
50,39,0,1.90,1,2.53,91016,Y2,,,0,13.130,clean
50,40,0,1.70,1,2.42,1259655,Y2,,,0,12.658,clean
50,41,0,1.86,1,2.21,301570,Y4,,,0,12.678,clean
50,42,0,1.96,1,2.26,755042,Y4,,,0,12.998,clean
50,43,0,2.32,171,2.32,1007169,Y4,,,0,13.257,clean
50,44,0,1.88,1,2.35,111222,Y4,,,0,12.895,clean
50,45,0,1.90,1,2.46,1387596,Y4,,,0,12.379,clean
50,46,0,1.99,1,2.33,877976,Y2,,,0,12.183,clean
50,47,0,1.93,1,2.22,64641,Y2,,,0,12.291,clean
50,48,0,2.41,1,2.59,462681,Y2,,,0,12.417,clean
50,49,0,1.74,1,2.32,957280,Y4,,,0,12.351,clean
50,50,0,2.04,1,2.54,999212,Y4,,,0,11.857,clean
50,51,0,2.19,1,2.48,827193,Y2,,,0,10.748,clean
50,52,0,2.48,1,2.36,273228,Y2,,,0,9.774,clean
50,53,0,2.69,1,2.41,1009226,Y4,0.00/noise-like,0.00/noise-like,0,9.391,hump-note
50,54,0,2.68,1,2.25,1035869,Y2,0.00/noise-like,0.00/noise-like,0,9.165,hump-note
50,55,0,2.57,1,2.64,791699,Y4,0.00/noise-like,0.00/noise-like,0,8.700,hump-note
50,56,0,3.42,1,2.41,1337796,Y2,0.24/noise-like,0.24/noise-like,0,7.849,hump-note
50,57,0,0,-1,0,0,-,,,0,6.644,QUARANTINE:dark-lane range=55 distinct=56
50,58,0,0,-1,0,0,-,,,0,5.438,QUARANTINE:dark-lane range=45 distinct=46
50,59,0,0,-1,0,0,-,,,0,4.471,QUARANTINE:dark-lane range=40 distinct=41
50,60,0,0,-1,0,0,-,,,0,3.749,QUARANTINE:dark-lane range=31 distinct=32
50,61,0,0,-1,0,0,-,,,0,3.243,QUARANTINE:dark-lane range=29 distinct=30
50,62,0,0,-1,0,0,-,,,0,2.736,QUARANTINE:dark-lane range=24 distinct=25
50,63,0,0,-1,0,0,-,,,0,2.240,QUARANTINE:dark-lane range=21 distinct=21
51,0,0,4.83,1,2.36,852764,Y2,0.00/?,0.00/noise-like,0,18.884,hump-note
51,1,0,1.43,1329,2.62,477165,Y4,,,0,18.363,clean
51,2,0,1.59,1,2.23,113994,Y2,,,0,17.753,clean
51,3,0,1.35,1095,2.35,597686,Y2,,,0,17.265,clean
51,4,0,1.44,1,2.45,66161,Y2,,,0,17.102,clean
51,5,0,1.35,1166,2.49,1261264,Y4,,,0,17.405,clean
51,6,0,1.40,1,2.30,118554,Y2,,,0,17.622,clean
51,7,0,1.35,340,2.29,706851,Y4,,,0,17.309,clean
51,8,0,1.49,1,2.54,1225054,Y4,,,0,16.857,clean
51,9,0,1.59,1,2.35,516951,Y4,,,0,16.770,clean
51,10,0,1.63,1,2.61,193477,Y2,,,0,16.688,clean
51,11,0,1.43,1,2.58,426292,Y4,,,0,16.730,clean
51,12,0,1.59,1,2.49,322491,Y4,,,0,16.801,clean
51,13,0,1.56,1,2.54,98348,Y4,,,0,16.475,clean
51,14,0,1.51,1,2.37,878960,Y2,,,0,15.769,clean
51,15,0,1.51,1,2.36,885844,Y2,,,0,15.386,clean
51,16,0,1.46,1,2.23,195801,Y2,,,0,15.519,clean
51,17,0,1.52,1,2.34,1100779,Y2,,,0,15.892,clean
51,18,0,1.73,1,2.46,104517,Y2,,,0,17.508,clean
51,19,0,1.41,1,2.48,29325,Y4,,,0,15.816,clean
51,20,0,1.82,1,2.53,1050711,Y4,,,0,14.951,clean
51,21,0,1.86,1,2.29,769526,Y4,,,0,14.349,clean
51,22,0,1.70,1,2.44,1102120,Y2,,,0,14.294,clean
51,23,0,1.75,1,2.67,1192063,Y4,,,0,14.846,clean
51,24,0,1.51,1,2.47,522763,Y4,,,0,15.699,clean
51,25,0,1.70,1,2.45,1324743,Y4,,,0,15.922,clean
51,26,0,1.68,1,2.55,759870,Y2,,,0,15.254,clean
51,27,0,1.83,1,2.42,805557,Y4,,,0,14.713,clean
51,28,0,1.69,1,2.32,775516,Y4,,,0,14.408,clean
51,29,0,1.58,1,2.47,1440614,Y4,,,0,14.540,clean
51,30,0,1.47,1,2.37,1191348,Y2,,,0,15.050,clean
51,31,0,1.71,1,2.56,1057416,Y4,,,0,15.484,clean
51,32,0,3.16,1,2.40,1197428,Y2,0.00/?,0.00/noise-like,0,15.008,hump-note
51,33,0,1.75,1,2.42,1348436,Y2,,,0,14.077,clean
51,34,0,1.89,1,2.45,289768,Y2,,,0,13.538,clean
51,35,0,1.90,1,2.22,775248,Y2,,,0,13.677,clean
51,36,0,1.91,1,2.44,451237,Y2,,,0,13.844,clean
51,37,0,1.90,1,2.34,1084685,Y4,,,0,13.800,clean
51,38,0,1.49,1,2.36,764340,Y4,,,0,13.608,clean
51,39,0,1.86,1,2.56,301749,Y4,,,0,13.150,clean
51,40,0,1.97,1,2.32,969529,Y2,,,0,12.662,clean
51,41,0,1.84,1,2.50,215918,Y4,,,0,12.683,clean
51,42,0,1.79,1,2.50,937074,Y2,,,0,13.012,clean
51,43,0,1.76,1,2.47,252217,Y4,,,0,13.229,clean
51,44,0,1.72,1,2.43,284672,Y4,,,0,12.891,clean
51,45,0,1.63,1,2.55,448197,Y2,,,0,12.389,clean
51,46,0,1.80,1,2.26,1415044,Y2,,,0,12.173,clean
51,47,0,2.06,1,2.34,1377404,Y2,,,0,12.299,clean
51,48,0,2.20,1,2.32,984639,Y2,,,1,12.407,clean
51,49,0,1.99,1,2.44,48637,Y2,,,0,12.335,clean
51,50,0,1.90,1,2.31,212342,Y4,,,0,11.859,clean
51,51,0,2.32,1,2.31,1012892,Y4,,,0,10.777,clean
51,52,0,2.28,1,2.31,261337,Y4,,,0,9.772,clean
51,53,0,2.65,1,2.33,1180351,Y2,0.00/noise-like,0.00/noise-like,0,9.399,hump-note
51,54,0,2.66,1,2.67,1148790,Y2,0.00/noise-like,0.00/noise-like,0,9.146,hump-note
51,55,0,2.50,1,2.39,660896,Y4,,,0,8.691,clean
51,56,0,2.98,1,2.41,229508,Y4,0.00/noise-like,0.00/noise-like,0,7.880,hump-note
51,58,0,0,-1,0,0,-,,,0,5.421,QUARANTINE:dark-lane range=46 distinct=47
51,59,0,0,-1,0,0,-,,,0,4.455,QUARANTINE:dark-lane range=40 distinct=40
51,60,0,0,-1,0,0,-,,,0,3.742,QUARANTINE:dark-lane range=35 distinct=34
51,61,0,0,-1,0,0,-,,,0,3.247,QUARANTINE:dark-lane range=27 distinct=28
51,62,0,0,-1,0,0,-,,,0,2.737,QUARANTINE:dark-lane range=23 distinct=24
51,63,0,0,-1,0,0,-,,,0,2.243,QUARANTINE:dark-lane range=18 distinct=19
52,0,0,5.23,1,2.60,945210,Y4,0.00/noise-like,0.00/noise-like,0,18.888,SPECTRAL-LINE
52,1,0,1.35,1104,2.43,894338,Y2,,,0,18.366,clean
52,2,0,1.68,1,2.32,896215,Y4,,,0,17.714,clean
52,3,0,1.63,1,2.50,1058668,Y4,,,0,17.224,clean
52,4,0,1.66,1,2.51,72956,Y4,,,0,17.099,clean
52,5,0,1.57,1,2.63,435144,Y4,,,0,17.414,clean
52,6,0,1.61,1,2.22,391066,Y2,,,0,17.601,clean
52,7,0,1.69,1,2.69,16630,Y4,,,0,17.312,clean
52,8,0,1.58,1,2.74,194281,Y2,,,0,16.888,clean
52,9,0,1.37,1599,2.69,1297563,Y4,,,0,16.753,clean
52,10,0,1.42,1,2.38,724375,Y4,,,0,16.673,clean
52,11,0,1.59,1,2.22,1048923,Y2,,,0,16.721,clean
52,12,0,1.56,1,2.38,627100,Y2,,,0,16.830,clean
52,13,0,1.47,1,2.18,29951,Y2,,,0,16.452,clean
52,14,0,1.55,1,2.60,1404405,Y4,,,0,15.741,clean
52,15,0,1.69,1,2.34,1448840,Y4,,,0,15.346,clean
52,16,0,1.57,1,2.47,151008,Y2,,,0,15.506,clean
52,17,0,1.60,1,2.36,571042,Y2,,,0,15.893,clean
52,18,0,1.91,429,2.42,116229,Y2,,,0,17.504,clean
52,19,0,1.43,1,2.40,1072973,Y4,,,0,15.823,clean
52,20,0,1.55,1,2.53,783741,Y2,,,0,14.971,clean
52,21,0,1.52,1,2.58,642657,Y4,,,0,14.334,clean
52,22,0,1.44,1,2.70,633895,Y2,,,0,14.278,clean
52,23,0,1.48,1,2.63,24676,Y4,,,0,14.837,clean
52,24,0,1.46,1,2.70,558078,Y2,,,0,15.725,clean
52,25,0,1.51,1,2.40,602961,Y2,,,0,15.932,clean
52,26,0,1.83,1,2.32,947893,Y2,,,0,15.274,clean
52,27,0,1.66,1,2.39,303984,Y2,,,0,14.758,clean
52,28,0,1.36,1,2.71,894606,Y2,,,0,14.412,clean
52,29,0,1.67,1,2.46,1079321,Y2,,,0,14.517,clean
52,30,0,1.54,1,2.36,1407176,Y2,,,0,15.062,clean
52,31,0,1.58,1,2.28,347346,Y2,,,0,15.430,clean
52,32,0,1.42,992,2.24,1433194,Y2,,,0,14.994,clean
52,33,0,1.49,1,2.56,1085848,Y4,,,0,14.039,clean
52,34,0,1.85,1,2.54,1103193,Y4,,,0,13.495,clean
52,35,0,1.82,1,2.63,1341105,Y4,,,0,13.640,clean
52,36,0,1.59,1,2.39,243992,Y2,,,0,13.855,clean
52,37,0,1.63,1,2.53,1237303,Y4,,,0,13.807,clean
52,38,0,1.73,1,2.47,107378,Y4,,,0,13.614,clean
52,39,0,1.86,1,2.58,100762,Y2,,,0,13.142,clean
52,40,0,1.74,1,2.33,412524,Y2,,,0,12.678,clean
52,41,0,1.67,1,2.83,420392,Y2,,,0,12.676,clean
52,42,0,1.69,1,2.48,487089,Y2,,,0,13.007,clean
52,43,0,1.89,1,2.37,458747,Y4,,,0,13.217,clean
52,44,0,1.90,1,2.21,1386613,Y2,,,0,12.902,clean
52,45,0,1.91,1,2.41,1054555,Y2,,,0,12.363,clean
52,46,0,1.94,1,2.42,961125,Y4,,,0,12.179,clean
52,47,0,2.00,1,2.53,978917,Y2,,,0,12.306,clean
52,48,0,4.49,1,2.62,195712,Y2,0.24/noise-like,0.00/noise-like,0,12.405,hump-note
52,49,0,1.92,1,2.43,537962,Y2,,,0,12.318,clean
52,50,0,1.84,1,2.39,893176,Y4,,,0,11.846,clean
52,51,0,2.31,1,2.42,1381695,Y4,,,0,10.793,clean
52,52,0,2.14,1,2.54,1300067,Y4,,,0,9.773,clean
52,53,0,2.38,1,2.40,520796,Y2,,,0,9.382,clean
52,54,0,2.91,1,2.36,121325,Y2,0.00/noise-like,0.00/noise-like,0,9.158,hump-note
52,55,0,2.53,1,2.32,850976,Y2,0.00/noise-like,0.00/noise-like,0,8.678,hump-note
52,56,0,3.23,1,2.34,431389,Y2,0.00/noise-like,0.00/noise-like,0,7.862,hump-note
52,57,0,0,-1,0,0,-,,,0,6.658,QUARANTINE:dark-lane range=57 distinct=57
52,58,0,0,-1,0,0,-,,,0,5.440,QUARANTINE:dark-lane range=47 distinct=47
52,59,0,0,-1,0,0,-,,,0,4.457,QUARANTINE:dark-lane range=40 distinct=40
52,60,0,0,-1,0,0,-,,,0,3.742,QUARANTINE:dark-lane range=33 distinct=34
52,61,0,0,-1,0,0,-,,,0,3.243,QUARANTINE:dark-lane range=27 distinct=28
52,62,0,0,-1,0,0,-,,,0,2.739,QUARANTINE:dark-lane range=23 distinct=24
52,63,0,0,-1,0,0,-,,,0,2.239,QUARANTINE:dark-lane range=19 distinct=20
53,0,0,5.34,1,2.42,9298,Y2,0.00/noise-like,0.00/noise-like,0,18.812,SPECTRAL-LINE
53,1,0,1.40,1,2.38,1303017,Y4,,,0,18.337,clean
53,2,0,1.47,1,2.51,43005,Y2,,,0,17.788,clean
53,3,0,1.53,1,2.32,663668,Y4,,,0,17.253,clean
53,4,0,1.52,1,2.42,5186,Y2,,,0,17.088,clean
53,5,0,1.34,1546,2.27,811905,Y2,,,0,17.408,clean
53,6,0,1.33,1,2.33,162989,Y4,,,0,17.622,clean
53,7,0,1.73,1,2.42,1182050,Y4,,,0,17.355,clean
53,8,0,1.59,1,2.47,301301,Y2,,,0,16.887,clean
53,9,0,1.38,1004,2.31,1115263,Y4,,,0,16.743,clean
53,10,0,1.71,1,2.60,766933,Y4,,,0,16.672,clean
53,11,0,1.42,1,2.32,663668,Y4,,,0,16.714,clean
53,12,0,1.38,922,2.41,307828,Y2,,,0,16.783,clean
53,13,0,1.50,1,2.47,1253754,Y4,,,0,16.497,clean
53,14,0,1.47,1,2.34,427008,Y2,,,0,15.768,clean
53,15,0,1.38,981,2.22,588924,Y2,,,0,15.364,clean
53,16,0,1.33,1091,2.39,546813,Y2,,,0,15.528,clean
53,17,0,1.59,1,2.50,112116,Y2,,,0,15.855,clean
53,18,0,1.60,450,2.29,339925,Y2,,,0,17.511,clean
53,19,0,1.77,1,2.38,732064,Y2,,,0,15.810,clean
53,20,0,1.43,1,2.61,369877,Y4,,,0,14.967,clean
53,21,0,1.84,1,2.58,822723,Y4,,,0,14.363,clean
53,22,0,1.76,1,2.33,74476,Y4,,,0,14.258,clean
53,23,0,1.68,1,2.60,268936,Y4,,,0,14.856,clean
53,24,0,1.34,1,2.65,1057237,Y4,,,0,15.720,clean
53,25,0,1.77,1,2.97,41574,Y2,,,0,15.972,clean
53,26,0,1.64,1,2.28,76264,Y2,,,0,15.287,clean
53,27,0,1.63,689,2.30,903815,Y4,,,0,14.761,clean
53,28,0,1.65,1,2.48,1114190,Y2,,,0,14.410,clean
53,29,0,1.43,1,2.37,53555,Y2,,,0,14.544,clean
53,30,0,1.54,1,2.33,703633,Y2,,,0,15.038,clean
53,31,0,1.53,1,2.59,638455,Y2,,,0,15.417,clean
53,32,0,1.47,1,2.35,727057,Y4,,,0,14.995,clean
53,33,0,1.51,1,2.54,987142,Y2,,,0,14.050,clean
53,34,0,1.47,1,2.68,67770,Y2,,,0,13.509,clean
53,35,0,1.87,1,2.43,1165062,Y4,,,0,13.661,clean
53,36,0,1.94,1,2.40,221998,Y2,,,0,13.816,clean
53,37,0,1.38,1,2.80,220388,Y2,,,0,13.820,clean
53,38,0,1.99,1,2.47,32544,Y2,,,0,13.606,clean
53,39,0,1.89,1,2.42,469297,Y4,,,0,13.144,clean
53,40,0,1.67,1,2.34,1397967,Y4,,,0,12.688,clean
53,41,0,1.67,1,2.39,6884,Y2,,,0,12.693,clean
53,42,0,1.80,1,2.38,204384,Y2,,,0,13.014,clean
53,43,0,1.64,1,2.28,324637,Y2,,,0,13.213,clean
53,44,0,1.86,1,2.41,356287,Y2,,,0,12.885,clean
53,45,0,2.29,1,2.30,1089334,Y4,,,0,12.367,clean
53,46,0,1.70,1,2.45,774711,Y2,,,0,12.163,clean
53,47,0,1.59,1,2.31,1051337,Y4,,,0,12.305,clean
53,48,0,4.48,1,2.27,42737,Y2,0.00/?,0.24/noise-like,0,12.404,hump-note
53,49,0,1.87,1,2.28,1370430,Y4,,,0,12.336,clean
53,50,0,1.85,1,2.36,197589,Y2,,,0,11.873,clean
53,51,0,2.11,1,2.64,857413,Y4,,,0,10.757,clean
53,52,0,2.15,1,2.39,166923,Y4,,,0,9.780,clean
53,53,0,2.90,1,2.80,108004,Y2,0.00/noise-like,0.24/noise-like,0,9.390,hump-note
53,54,0,2.91,1,2.33,132054,Y4,0.00/noise-like,0.00/noise-like,0,9.154,hump-note
53,55,0,2.69,1,2.46,527322,Y4,0.00/noise-like,0.00/noise-like,0,8.690,hump-note
53,56,0,3.16,1,2.54,370771,Y2,0.00/noise-like,0.24/noise-like,0,7.878,hump-note
53,57,0,0,-1,0,0,-,,,0,6.644,QUARANTINE:dark-lane range=58 distinct=58
53,58,0,0,-1,0,0,-,,,0,5.444,QUARANTINE:dark-lane range=46 distinct=46
53,59,0,0,-1,0,0,-,,,0,4.452,QUARANTINE:dark-lane range=40 distinct=39
53,60,0,0,-1,0,0,-,,,0,3.742,QUARANTINE:dark-lane range=36 distinct=33
53,61,0,0,-1,0,0,-,,,0,3.244,QUARANTINE:dark-lane range=27 distinct=28
53,62,0,0,-1,0,0,-,,,0,2.737,QUARANTINE:dark-lane range=24 distinct=25
53,63,0,0,-1,0,0,-,,,0,2.236,QUARANTINE:dark-lane range=19 distinct=20
54,0,0,5.90,1,2.27,1089960,Y2,0.00/noise-like,0.00/noise-like,0,18.885,SPECTRAL-LINE
54,1,0,1.41,1,2.46,403941,Y2,,,0,18.389,clean
54,2,0,1.42,1,2.39,122845,Y2,,,0,17.777,clean
54,3,0,1.37,591,2.50,209123,Y4,,,0,17.248,clean
54,4,0,1.45,1,2.36,470191,Y4,,,0,17.119,clean
54,5,0,1.44,1380,2.31,1071185,Y4,,,0,17.418,clean
54,6,0,1.52,1,2.57,668496,Y4,,,0,17.619,clean
54,7,0,1.57,1,2.64,323296,Y2,,,0,17.339,clean
54,8,0,1.80,1,2.25,122398,Y4,,,0,16.847,clean
54,9,0,1.63,1,2.33,552714,Y2,,,0,16.739,clean
54,10,0,1.52,1,2.35,288337,Y4,,,0,16.673,clean
54,11,0,1.65,1,2.34,317842,Y2,,,0,16.743,clean
54,12,0,1.37,1,2.67,992507,Y4,,,0,16.797,clean
54,13,0,1.44,1,2.53,1453489,Y2,,,0,16.513,clean
54,14,0,1.46,1,2.28,174075,Y4,,,0,15.770,clean
54,15,0,1.55,1,2.55,1415581,Y4,,,1,15.366,clean
54,16,0,1.31,1,2.42,839263,Y2,,,0,15.506,clean
54,17,0,1.49,1,2.38,1080036,Y2,,,0,15.916,clean
54,18,0,1.62,561,2.49,405639,Y2,,,0,17.542,clean
54,19,0,1.43,1,2.35,594556,Y2,,,0,15.811,clean
54,20,0,1.59,1,2.45,197411,Y2,,,0,14.971,clean
54,21,0,1.65,1,2.40,941545,Y4,,,0,14.342,clean
54,22,0,1.56,1,2.26,497103,Y2,,,0,14.275,clean
54,23,0,1.61,1,2.49,1452327,Y2,,,0,14.840,clean
54,24,0,1.47,1,2.67,1045704,Y4,,,0,15.730,clean
54,25,0,1.40,1,2.39,1295596,Y4,,,0,15.970,clean
54,26,0,1.59,1,2.38,1434177,Y2,,,0,15.276,clean
54,27,0,1.70,1,2.72,1283169,Y4,,,0,14.746,clean
54,28,0,1.40,1,2.43,738859,Y4,,,0,14.415,clean
54,29,0,1.58,1,2.52,1157194,Y2,,,0,14.536,clean
54,30,0,1.51,1,2.57,1058936,Y4,,,0,15.034,clean
54,31,0,1.75,1,2.70,528395,Y4,,,0,15.419,clean
54,32,0,1.42,313,2.42,591427,Y2,,,0,14.995,clean
54,33,0,1.80,1,2.51,1104176,Y4,,,0,14.039,clean
54,34,0,1.59,1,2.42,338763,Y4,,,0,13.501,clean
54,35,0,1.62,1,2.56,1432925,Y4,,,0,13.639,clean
54,36,0,1.80,1,2.63,75728,Y2,,,0,13.849,clean
54,37,0,1.57,1,2.37,195533,Y2,,,0,13.814,clean
54,38,0,1.58,1,2.67,177205,Y2,,,0,13.642,clean
54,39,0,1.79,1,2.53,611901,Y2,,,0,13.152,clean
54,40,0,1.82,1,2.23,330895,Y4,,,0,12.693,clean
54,41,0,1.51,1,2.41,375599,Y4,,,0,12.691,clean
54,42,0,1.63,1,2.34,287354,Y4,,,0,13.001,clean
54,43,0,1.74,1,2.53,1102656,Y2,,,0,13.233,clean
54,44,0,1.81,1,2.49,295758,Y4,,,0,12.897,clean
54,45,0,1.96,1,2.47,1144588,Y2,,,0,12.381,clean
54,46,0,2.04,1,2.50,663131,Y4,,,0,12.196,clean
54,47,0,1.90,1,2.42,1331449,Y4,,,0,12.294,clean
54,48,0,4.74,1,2.27,41485,Y4,0.00/noise-like,0.00/?,0,12.411,hump-note
54,49,0,1.87,1,2.40,1335472,Y2,,,0,12.340,clean
54,50,0,1.82,1,2.42,292450,Y4,,,0,11.866,clean
54,51,0,2.18,1,2.17,60260,Y2,,,0,10.775,clean
54,52,0,2.48,1,2.35,1402348,Y4,,,0,9.781,clean
54,53,0,2.86,1,2.30,1226306,Y2,0.00/noise-like,0.24/noise-like,0,9.403,hump-note
54,54,0,2.66,1,2.49,524104,Y2,0.00/noise-like,0.00/noise-like,0,9.150,hump-note
54,55,0,2.53,1,2.50,1390010,Y4,0.24/noise-like,0.24/noise-like,0,8.686,hump-note
54,56,0,3.03,1,2.21,790715,Y4,0.00/noise-like,0.00/noise-like,0,7.879,hump-note
54,57,0,0,-1,0,0,-,,,0,6.656,QUARANTINE:dark-lane range=54 distinct=55
54,58,0,0,-1,0,0,-,,,0,5.438,QUARANTINE:dark-lane range=47 distinct=48
54,59,0,0,-1,0,0,-,,,0,4.453,QUARANTINE:dark-lane range=40 distinct=40
54,60,0,0,-1,0,0,-,,,0,3.741,QUARANTINE:dark-lane range=35 distinct=35
54,61,0,0,-1,0,0,-,,,0,3.247,QUARANTINE:dark-lane range=26 distinct=27
54,62,0,0,-1,0,0,-,,,0,2.736,QUARANTINE:dark-lane range=26 distinct=26
54,63,0,0,-1,0,0,-,,,0,2.240,QUARANTINE:dark-lane range=21 distinct=21
55,0,0,5.22,1,2.31,1097471,Y2,0.00/?,0.00/?,0,18.791,SPECTRAL-LINE
55,1,0,1.38,698,2.66,1127869,Y4,,,0,18.353,clean
55,2,0,1.43,1,2.37,1161307,Y2,,,0,17.754,clean
55,3,0,1.59,1,2.33,1464039,Y4,,,0,17.224,clean
55,4,0,1.37,1106,2.62,953346,Y4,,,0,17.093,clean
55,5,0,1.42,1,2.47,1133054,Y2,,,0,17.438,clean
55,6,0,1.41,1,2.48,738680,Y4,,,0,17.623,clean
55,7,0,1.42,1,2.47,1464844,Y4,,,0,17.335,clean
55,8,0,1.40,1,2.37,1320094,Y2,,,0,16.878,clean
55,9,0,1.39,1,2.48,227809,Y4,,,0,16.723,clean
55,10,0,1.33,316,2.48,733584,Y4,,,0,16.690,clean
55,11,0,1.67,1,2.36,450790,Y4,,,0,16.735,clean
55,12,0,1.32,1,2.48,1322061,Y4,,,0,16.807,clean
55,13,0,1.42,1,2.79,1179725,Y4,,,0,16.475,clean
55,14,0,1.66,1,2.35,219315,Y2,,,0,15.780,clean
55,15,0,1.56,1,2.41,583112,Y4,,,0,15.353,clean
55,16,0,1.43,1210,2.37,540823,Y4,,,0,15.481,clean
55,17,0,1.46,1,2.43,1458675,Y4,,,0,15.904,clean
55,18,0,1.69,438,2.41,565231,Y2,,,0,17.528,clean
55,19,0,1.73,1,2.33,138849,Y4,,,0,15.827,clean
55,20,0,1.35,349,2.36,1280040,Y2,,,0,14.979,clean
55,21,0,1.64,1,2.55,138402,Y4,,,0,14.360,clean
55,22,0,1.79,1,2.58,732154,Y4,,,0,14.262,clean
55,23,0,1.54,1,2.29,969797,Y4,,,0,14.845,clean
55,24,0,1.32,153,2.32,1101226,Y4,,,0,15.724,clean
55,25,0,1.48,1,2.42,979722,Y2,,,0,15.938,clean
55,26,0,1.62,1,2.81,861883,Y4,,,0,15.293,clean
55,27,0,1.60,1,2.37,499964,Y2,,,0,14.769,clean
55,28,0,1.67,1,2.46,1383305,Y2,,,0,14.399,clean
55,29,0,1.54,1,2.36,41932,Y4,,,0,14.567,clean
55,30,0,1.79,1,2.31,1457334,Y4,,,0,15.055,clean
55,31,0,1.59,1,2.25,854105,Y2,,,0,15.407,clean
55,32,0,2.99,1,2.52,214040,Y4,0.00/noise-like,0.00/noise-like,0,14.982,hump-note
55,33,0,1.91,1,2.37,1401454,Y2,,,0,14.051,clean
55,34,0,1.78,1,2.35,491560,Y2,,,0,13.515,clean
55,35,0,1.88,1,2.77,142694,Y2,,,0,13.639,clean
55,36,0,1.72,1,2.45,708908,Y2,,,0,13.835,clean
55,37,0,1.92,1,2.47,268489,Y2,,,0,13.824,clean
55,38,0,1.78,1,2.52,356287,Y2,,,0,13.648,clean
55,39,0,1.72,1,2.63,1104355,Y2,,,0,13.153,clean
55,40,0,2.15,1,2.29,553608,Y4,,,0,12.672,clean
55,41,0,1.80,1,2.38,124812,Y2,,,0,12.700,clean
55,42,0,1.79,1,2.38,156194,Y4,,,0,13.032,clean
55,43,0,1.76,1,2.28,211626,Y4,,,0,13.218,clean
55,44,0,1.93,1,2.41,961125,Y4,,,0,12.901,clean
55,45,0,2.02,1,2.65,609219,Y2,,,0,12.365,clean
55,46,0,2.10,1,2.47,633895,Y2,,,0,12.206,clean
55,47,0,2.04,1,2.44,955045,Y2,,,0,12.309,clean
55,48,0,4.55,1,2.40,706226,Y4,0.00/noise-like,0.00/noise-like,0,12.414,hump-note
55,49,0,1.89,1,2.51,566125,Y2,,,0,12.343,clean
55,50,0,2.06,1,2.40,510871,Y4,,,0,11.847,clean
55,51,0,2.13,1,2.38,956029,Y4,,,0,10.784,clean
55,52,0,2.52,1,2.45,57399,Y4,0.00/noise-like,0.00/noise-like,0,9.785,hump-note
55,53,0,2.70,1,2.47,485301,Y2,0.00/noise-like,0.24/noise-like,0,9.399,hump-note
55,54,0,2.89,1,2.85,729024,Y2,0.00/noise-like,0.24/noise-like,0,9.158,hump-note
55,55,0,2.47,1,2.37,32097,Y2,,,0,8.689,clean
55,56,0,3.05,1,2.34,1097023,Y2,0.00/?,0.24/noise-like,0,7.865,hump-note
55,57,0,0,-1,0,0,-,,,0,6.649,QUARANTINE:dark-lane range=59 distinct=58
55,58,0,0,-1,0,0,-,,,0,5.432,QUARANTINE:dark-lane range=45 distinct=46
55,59,0,0,-1,0,0,-,,,0,4.462,QUARANTINE:dark-lane range=40 distinct=41
55,62,0,0,-1,0,0,-,,,0,2.737,QUARANTINE:dark-lane range=25 distinct=26
56,0,0,4.55,1,2.50,637293,Y4,0.24/noise-like,0.00/noise-like,0,18.744,hump-note
56,1,0,1.37,129,2.75,148952,Y4,,,0,18.351,clean
56,2,0,1.36,1295,2.32,366122,Y4,,,0,17.773,clean
56,3,0,1.47,1,2.46,1318395,Y2,,,0,17.234,clean
56,4,0,1.58,1,2.55,641137,Y4,,,0,17.125,clean
56,5,0,1.59,1,2.45,274926,Y4,,,0,17.445,clean
56,6,0,1.31,1147,2.36,1450807,Y2,,,0,17.631,clean
56,7,0,1.38,239,2.52,603318,Y4,,,0,17.335,clean
56,8,0,1.40,1,2.26,892371,Y4,,,0,16.845,clean
56,9,0,1.40,1334,2.52,1250267,Y4,,,0,16.680,clean
56,10,0,1.53,1,2.29,488698,Y4,,,0,16.640,clean
56,11,0,1.40,1058,2.40,766307,Y4,,,0,16.714,clean
56,12,0,1.40,1337,2.64,188917,Y4,,,0,16.821,clean
56,13,0,1.54,1,2.37,1053929,Y2,,,0,16.503,clean
56,14,0,1.61,1,2.41,867695,Y2,,,0,15.742,clean
56,15,0,1.77,1,2.35,45598,Y4,,,0,15.384,clean
56,16,0,1.35,1,2.36,479937,Y4,,,0,15.520,clean
56,17,0,1.55,1,2.37,200361,Y4,,,0,15.880,clean
56,18,0,1.72,1,2.37,754774,Y2,,,0,17.539,clean
56,19,0,1.58,1,2.53,49621,Y4,,,0,15.811,clean
56,20,0,1.35,704,2.54,1009673,Y2,,,0,14.996,clean
56,21,0,1.85,1,2.49,1378298,Y4,,,0,14.354,clean
56,22,0,1.91,1,2.34,859648,Y4,,,0,14.261,clean
56,23,0,1.54,1,2.40,845969,Y2,,,0,14.871,clean
56,24,0,1.49,1,2.40,1197159,Y4,,,0,15.732,clean
56,25,0,1.62,1,2.92,652134,Y2,,,0,15.930,clean
56,26,0,1.61,1,2.42,1172751,Y2,,,0,15.322,clean
56,27,0,1.58,1,2.43,589818,Y4,,,0,14.786,clean
56,28,0,1.84,1,2.54,1099974,Y2,,,0,14.432,clean
56,29,0,1.75,1,2.54,1308382,Y2,,,0,14.527,clean
56,30,0,1.45,1063,2.45,682890,Y4,,,1,15.016,clean
56,31,0,1.68,1,2.35,918567,Y4,,,0,15.364,clean
56,32,0,1.43,1162,2.32,279397,Y4,,,0,14.967,clean
56,33,0,2.05,1,2.67,39786,Y2,,,0,13.994,clean
56,34,0,1.72,1,2.36,1065642,Y4,,,0,13.468,clean
56,35,0,1.80,1,2.55,1208514,Y2,,,0,13.618,clean
56,36,0,1.78,1,2.27,736177,Y4,,,0,13.817,clean
56,37,0,1.75,1,2.44,1458049,Y4,,,0,13.835,clean
56,38,0,1.82,1,2.39,909984,Y4,,,0,13.641,clean
56,39,0,1.79,1,2.40,827998,Y4,,,0,13.194,clean
56,40,0,1.88,1,2.49,475019,Y2,,,0,12.717,clean
56,41,0,1.86,1,2.29,1064479,Y4,,,0,12.722,clean
56,42,0,1.49,1,2.35,796080,Y2,,,0,13.057,clean
56,43,0,1.84,1,2.57,150561,Y4,,,0,13.273,clean
56,44,0,1.78,1,2.35,1333773,Y2,,,0,12.904,clean
56,45,0,1.84,1,2.23,1215488,Y4,,,0,12.384,clean
56,46,0,1.89,1,2.47,918746,Y2,,,0,12.191,clean
56,47,0,1.78,1,2.56,139564,Y4,,,0,12.290,clean
56,48,0,2.57,1,2.34,356823,Y2,0.00/noise-like,0.00/noise-like,0,12.411,hump-note
56,49,0,2.05,1,2.29,512481,Y2,,,0,12.313,clean
56,50,0,2.07,1,2.45,1245618,Y4,,,0,11.865,clean
56,51,0,1.86,1,2.39,907481,Y4,,,0,10.792,clean
56,52,0,2.13,1,2.30,1350582,Y2,,,0,9.783,clean
56,53,0,2.41,1,2.31,497460,Y2,,,0,9.407,clean
56,54,0,2.35,1,2.28,816017,Y2,,,0,9.173,clean
56,55,0,2.87,1,2.48,573635,Y2,0.24/noise-like,0.24/noise-like,0,8.713,hump-note
56,56,0,3.47,1,2.44,486016,Y2,0.00/noise-like,0.24/noise-like,0,7.894,hump-note
56,57,0,0,-1,0,0,-,,,0,6.666,QUARANTINE:dark-lane range=55 distinct=56
56,58,0,0,-1,0,0,-,,,0,5.446,QUARANTINE:dark-lane range=50 distinct=46
56,59,0,0,-1,0,0,-,,,0,4.447,QUARANTINE:dark-lane range=39 distinct=40
56,60,0,0,-1,0,0,-,,,0,3.744,QUARANTINE:dark-lane range=35 distinct=35
56,61,0,0,-1,0,0,-,,,0,3.245,QUARANTINE:dark-lane range=29 distinct=29
56,62,0,0,-1,0,0,-,,,1,2.743,QUARANTINE:dark-lane range=23 distinct=24
56,63,0,0,-1,0,0,-,,,0,2.234,QUARANTINE:dark-lane range=20 distinct=21
57,0,0,5.58,1,2.46,1000911,Y2,0.00/noise-like,0.00/noise-like,0,18.875,SPECTRAL-LINE
57,1,0,1.64,1,2.40,546098,Y4,,,0,18.365,clean
57,2,0,1.39,1,2.51,893712,Y4,,,0,17.798,clean
57,3,0,1.46,1,2.18,1171947,Y4,,,0,17.260,clean
57,4,0,1.52,1,2.35,577569,Y2,,,0,17.118,clean
57,5,0,1.43,1,2.53,627726,Y4,,,0,17.409,clean
57,6,0,1.46,1,2.43,24050,Y4,,,0,17.600,clean
57,7,0,1.53,1,2.31,922769,Y4,,,0,17.340,clean
57,8,0,1.53,1,2.37,553787,Y2,,,0,16.872,clean
57,9,0,1.38,1,2.35,230044,Y4,,,0,16.719,clean
57,10,0,1.64,1,2.76,1282543,Y2,,,0,16.640,clean
57,11,0,1.59,1,2.38,447035,Y4,,,0,16.724,clean
57,12,0,1.78,1,2.34,977933,Y4,,,0,16.782,clean
57,13,0,1.63,1,2.31,727952,Y2,,,0,16.495,clean
57,14,0,1.50,1,2.53,1158267,Y4,,,0,15.780,clean
57,15,0,1.73,1,2.30,698090,Y2,,,0,15.358,clean
57,16,0,1.53,1,2.53,89675,Y4,,,0,15.500,clean
57,17,0,1.45,1,2.39,1136720,Y4,,,0,15.904,clean
57,18,0,1.57,318,2.20,570327,Y2,,,0,17.543,clean
57,19,0,1.59,1,2.35,1363099,Y2,,,0,15.817,clean
57,20,0,1.42,1,2.50,830054,Y4,,,0,14.948,clean
57,21,0,1.58,1,2.40,595808,Y2,,,0,14.353,clean
57,22,0,1.81,1,2.41,598222,Y2,,,0,14.245,clean
57,23,0,1.55,1,2.41,501662,Y2,,,0,14.841,clean
57,24,0,1.51,1,2.36,434875,Y4,,,0,15.706,clean
57,25,0,1.58,1,2.59,1439184,Y4,,,0,15.914,clean
57,26,0,1.63,1,2.46,1128405,Y2,,,0,15.298,clean
57,27,0,1.51,700,2.49,935465,Y4,,,0,14.755,clean
57,28,0,1.55,1,2.40,546008,Y4,,,0,14.392,clean
57,29,0,1.82,1,2.52,1125455,Y4,,,0,14.542,clean
57,30,0,1.84,1,2.70,272781,Y2,,,0,15.006,clean
57,31,0,1.58,1,2.54,439525,Y4,,,0,15.385,clean
57,32,0,1.41,1182,2.63,717670,Y2,,,0,15.024,clean
57,33,0,1.56,1,2.27,481278,Y4,,,0,14.055,clean
57,34,0,1.68,1,2.28,631124,Y2,,,0,13.504,clean
57,35,0,1.66,1,2.42,59992,Y4,,,0,13.626,clean
57,36,0,1.97,1,2.54,1184106,Y4,,,0,13.839,clean
57,37,0,1.73,1,2.53,488520,Y2,,,0,13.821,clean
57,38,0,1.73,1,2.57,713468,Y4,,,0,13.635,clean
57,39,0,1.83,1,2.49,426292,Y4,,,0,13.170,clean
57,40,0,1.77,1,2.33,1453489,Y4,,,0,12.679,clean
57,41,0,1.79,1,2.39,1098722,Y2,,,0,12.687,clean
57,42,0,1.98,1,2.38,992864,Y4,,,0,13.016,clean
57,43,0,2.03,1,2.30,1171142,Y4,,,0,13.256,clean
57,44,0,1.63,1,2.36,286907,Y4,,,0,12.912,clean
57,45,0,2.05,1,2.29,564516,Y4,,,0,12.389,clean
57,46,0,1.72,1,2.33,911683,Y2,,,0,12.185,clean
57,47,0,1.78,1,2.37,689238,Y2,,,0,12.291,clean
57,48,0,2.39,1,2.39,1236141,Y2,,,0,12.404,clean
57,49,0,1.94,1,2.48,1329750,Y2,,,0,12.347,clean
57,50,0,2.20,1,2.33,831038,Y2,,,0,11.863,clean
57,51,0,2.00,1,2.23,1081288,Y2,,,0,10.781,clean
57,52,0,2.46,1,2.32,949860,Y4,,,0,9.772,clean
57,53,0,3.07,1,2.55,1431048,Y2,0.00/noise-like,0.00/noise-like,0,9.390,hump-note
57,54,0,2.53,1,2.26,4292,Y4,0.24/noise-like,0.00/noise-like,0,9.145,hump-note
57,55,0,3.23,1,2.37,296563,Y4,0.00/noise-like,0.00/noise-like,0,8.699,hump-note
57,56,0,3.32,1,2.51,138313,Y2,0.00/noise-like,0.00/noise-like,0,7.880,hump-note
57,57,0,0,-1,0,0,-,,,0,6.657,QUARANTINE:dark-lane range=57 distinct=57
57,58,0,0,-1,0,0,-,,,0,5.439,QUARANTINE:dark-lane range=46 distinct=47
57,59,0,0,-1,0,0,-,,,0,4.464,QUARANTINE:dark-lane range=39 distinct=40
57,60,0,0,-1,0,0,-,,,0,3.742,QUARANTINE:dark-lane range=33 distinct=33
57,61,0,0,-1,0,0,-,,,0,3.247,QUARANTINE:dark-lane range=28 distinct=29
57,62,0,0,-1,0,0,-,,,0,2.735,QUARANTINE:dark-lane range=24 distinct=25
57,63,0,0,-1,0,0,-,,,0,2.237,QUARANTINE:dark-lane range=21 distinct=22
58,0,0,4.90,1,2.38,1268506,Y4,0.00/noise-like,0.00/noise-like,0,18.714,hump-note
58,1,0,1.41,1,2.31,4649,Y4,,,0,18.376,clean
58,2,0,1.43,1,2.41,25749,Y4,,,0,17.785,clean
58,3,0,1.63,1,2.46,632912,Y2,,,0,17.203,clean
58,4,0,1.38,1,2.48,1201004,Y2,,,0,17.114,clean
58,5,0,1.50,1,2.29,575602,Y4,,,0,17.408,clean
58,6,0,1.52,1,2.36,662148,Y2,,,0,17.628,clean
58,7,0,1.54,1,2.46,1340389,Y4,,,0,17.318,clean
58,8,0,1.50,1,2.46,1287192,Y4,,,0,16.913,clean
58,9,0,1.47,1,2.44,227004,Y4,,,0,16.779,clean
58,10,0,1.32,890,2.45,359505,Y2,,,0,16.719,clean
58,11,0,1.68,1,2.63,1212269,Y4,,,0,16.742,clean
58,12,0,1.47,1,2.36,1271367,Y2,,,0,16.835,clean
58,13,0,1.48,1,2.62,931799,Y2,,,0,16.503,clean
58,14,0,1.51,1,2.43,80645,Y2,,,0,15.783,clean
58,15,0,1.57,1,2.32,1294345,Y2,,,0,15.404,clean
58,16,0,1.33,475,2.30,1307756,Y2,,,0,15.532,clean
58,17,0,1.61,1,2.30,1171052,Y4,,,0,15.896,clean
58,18,0,1.83,1,2.41,495404,Y2,,,0,17.537,clean
58,19,0,1.45,1,2.37,1117229,Y4,,,0,15.809,clean
58,20,0,1.51,1,2.31,469923,Y2,,,0,14.982,clean
58,21,0,1.83,1,2.65,966310,Y2,,,0,14.370,clean
58,22,0,1.90,1,2.30,881821,Y4,,,0,14.245,clean
58,23,0,1.66,1,2.32,1110613,Y2,,,0,14.844,clean
58,24,0,1.41,1,2.43,65714,Y2,,,0,15.746,clean
58,25,0,1.50,1,2.46,8672,Y2,,,0,15.955,clean
58,26,0,1.57,1,2.31,719726,Y2,,,0,15.262,clean
58,27,0,1.58,1,2.65,349224,Y4,,,0,14.748,clean
58,28,0,1.63,1,2.33,140190,Y4,,,0,14.413,clean
58,29,0,1.83,1,2.70,1383305,Y2,,,0,14.535,clean
58,30,0,1.36,1023,2.66,59634,Y4,,,0,15.028,clean
58,31,0,1.49,1,2.39,1437038,Y2,,,0,15.437,clean
58,32,0,2.28,1,2.49,906229,Y2,,,0,15.037,clean
58,33,0,1.73,1,2.34,594020,Y2,,,0,14.031,clean
58,34,0,1.95,1,2.34,285834,Y4,,,0,13.544,clean
58,35,0,1.93,1,2.22,357091,Y2,,,0,13.659,clean
58,36,0,1.80,1,2.31,539213,Y4,,,0,13.859,clean
58,37,0,1.85,1,2.51,412703,Y2,,,0,13.841,clean
58,38,0,1.68,1,2.64,748068,Y4,,,0,13.602,clean
58,39,0,2.17,1,2.53,648558,Y4,,,0,13.164,clean
58,40,0,1.80,1,2.51,661165,Y2,,,0,12.648,clean
58,41,0,1.93,1,2.35,177383,Y4,,,0,12.662,clean
58,42,0,2.13,1,2.39,870377,Y4,,,0,13.029,clean
58,43,0,1.71,1,2.55,561029,Y4,,,0,13.225,clean
58,44,0,1.99,1,2.29,61870,Y2,,,0,12.885,clean
58,45,0,1.79,1,2.32,369519,Y2,,,0,12.356,clean
58,46,0,1.97,1,2.20,1146197,Y2,,,0,12.192,clean
58,47,0,2.18,1,2.62,174344,Y4,,,0,12.290,clean
58,48,0,2.51,1,2.40,108808,Y2,0.24/noise-like,0.00/noise-like,0,12.403,hump-note
58,49,0,1.87,1,2.46,375241,Y2,,,0,12.335,clean
58,50,0,2.01,1,2.41,1233816,Y2,,,0,11.861,clean
58,51,0,2.36,1,2.54,838369,Y4,,,0,10.763,clean
58,52,0,2.46,1,2.71,11891,Y4,,,0,9.766,clean
58,53,0,2.25,1,2.55,566572,Y2,,,0,9.391,clean
58,54,0,2.81,1,2.41,802875,Y4,0.00/noise-like,0.00/noise-like,0,9.131,hump-note
58,55,0,2.49,1,2.49,804216,Y2,,,0,8.691,clean
58,56,0,3.14,1,2.37,17971,Y4,0.00/noise-like,0.24/noise-like,0,7.887,hump-note
58,57,0,0,-1,0,0,-,,,0,6.660,QUARANTINE:dark-lane range=56 distinct=56
58,59,0,0,-1,0,0,-,,,0,4.462,QUARANTINE:dark-lane range=39 distinct=39
58,60,0,0,-1,0,0,-,,,0,3.741,QUARANTINE:dark-lane range=37 distinct=33
58,61,0,0,-1,0,0,-,,,0,3.246,QUARANTINE:dark-lane range=27 distinct=28
59,0,0,5.02,1,2.45,1449019,Y2,0.00/noise-like,0.24/noise-like,0,18.807,SPECTRAL-LINE
59,1,0,1.43,1,2.50,905603,Y2,,,0,18.397,clean
59,2,0,1.33,1325,2.46,201255,Y2,,,0,17.790,clean
59,3,0,1.50,1,2.48,14752,Y2,,,0,17.248,clean
59,4,0,1.81,1,2.30,1229525,Y2,,,0,17.133,clean
59,5,0,1.49,1,2.46,702649,Y2,,,0,17.427,clean
59,6,0,1.56,1,2.42,46581,Y2,,,0,17.649,clean
59,7,0,1.51,1,2.43,508994,Y2,,,0,17.355,clean
59,8,0,1.56,1,2.47,1298815,Y2,,,0,16.853,clean
59,9,0,1.48,1,2.49,231743,Y2,,,0,16.752,clean
59,10,0,1.42,1,2.25,877887,Y2,,,0,16.699,clean
59,11,0,1.57,1,2.68,1340032,Y2,,,0,16.720,clean
59,12,0,1.41,1,2.55,233173,Y2,,,0,16.837,clean
59,13,0,1.38,1,2.64,386149,Y4,,,0,16.517,clean
59,14,0,1.52,1,2.53,260711,Y4,,,0,15.786,clean
59,15,0,1.62,1,2.38,1278967,Y2,,,0,15.416,clean
59,16,0,1.39,1136,2.34,822097,Y4,,,0,15.522,clean
59,17,0,1.43,1,2.25,208765,Y2,,,0,15.904,clean
59,18,0,1.63,394,2.58,781327,Y2,,,0,17.567,clean
59,19,0,1.49,1,2.31,1442134,Y2,,,0,15.836,clean
59,20,0,1.69,1,2.55,550926,Y4,,,0,15.001,clean
59,21,0,1.41,1000,2.24,134021,Y4,,,0,14.364,clean
59,22,0,1.60,1,2.34,795722,Y4,,,0,14.285,clean
59,23,0,1.50,719,2.31,477970,Y2,,,0,14.861,clean
59,24,0,1.33,1292,2.56,890315,Y2,,,0,15.729,clean
59,25,0,1.51,1,2.40,1136899,Y4,,,0,15.940,clean
59,26,0,1.42,723,2.38,336528,Y4,,,0,15.285,clean
59,27,0,1.67,1,2.59,1095951,Y4,,,0,14.762,clean
59,28,0,1.60,1,2.57,271708,Y2,,,0,14.417,clean
59,29,0,1.45,1,2.26,112206,Y2,,,0,14.554,clean
59,30,0,1.43,1,2.40,272334,Y2,,,0,15.085,clean
59,31,0,1.48,1,2.36,10818,Y2,,,0,15.464,clean
59,32,0,2.35,1,2.34,957906,Y2,,,0,15.013,clean
59,33,0,1.65,1,2.38,21726,Y4,,,0,14.046,clean
59,34,0,1.42,1,2.65,1040697,Y4,,,0,13.528,clean
59,35,0,1.92,1,2.41,628531,Y2,,,0,13.659,clean
59,36,0,1.71,1,2.42,148147,Y4,,,0,13.855,clean
59,37,0,1.63,1,2.69,262320,Y2,,,0,13.848,clean
59,38,0,1.63,1,2.41,887543,Y4,,,0,13.645,clean
59,39,0,1.83,1,2.58,1452506,Y2,,,0,13.195,clean
59,40,0,2.14,1,2.47,789464,Y2,,,0,12.675,clean
59,41,0,1.89,1,2.56,38892,Y2,,,0,12.719,clean
59,42,0,1.93,1,2.43,1036227,Y4,,,0,13.029,clean
59,43,0,1.61,1,2.42,780970,Y4,,,0,13.255,clean
59,44,0,1.87,1,2.47,1359165,Y2,,,0,12.926,clean
59,45,0,1.84,1,2.46,134200,Y2,,,0,12.391,clean
59,46,0,1.91,1,2.31,16004,Y4,,,0,12.207,clean
59,47,0,1.88,1,2.24,1098901,Y2,,,0,12.308,clean
59,48,0,2.48,1,2.27,885129,Y2,,,0,12.419,clean
59,49,0,2.15,1,2.25,131071,Y4,,,0,12.360,clean
59,50,0,1.94,1,2.41,802875,Y4,,,0,11.856,clean
59,51,0,2.25,1,2.43,488073,Y2,,,0,10.794,clean
59,52,0,2.81,1,2.42,603050,Y4,0.42/WATCH,0.00/noise-like,0,9.770,hump-note
59,53,0,2.47,1,2.21,260621,Y2,,,0,9.411,clean
59,54,0,2.93,1,2.50,866443,Y4,0.00/noise-like,0.00/noise-like,0,9.139,hump-note
59,55,0,2.92,1,2.47,478059,Y4,0.00/noise-like,0.00/noise-like,0,8.703,hump-note
59,56,0,2.80,1,2.46,119627,Y2,0.24/noise-like,0.24/noise-like,0,7.872,hump-note
59,58,0,0,-1,0,0,-,,,0,5.437,QUARANTINE:dark-lane range=48 distinct=48
59,59,0,0,-1,0,0,-,,,0,0,ERROR:PermissionError
59,60,0,0,-1,0,0,-,,,0,3.741,QUARANTINE:dark-lane range=31 distinct=32
59,62,0,0,-1,0,0,-,,,0,2.741,QUARANTINE:dark-lane range=22 distinct=23
59,63,0,0,-1,0,0,-,,,0,2.241,QUARANTINE:dark-lane range=21 distinct=21
60,0,0,4.33,1,2.41,348598,Y2,0.24/noise-like,0.00/noise-like,0,18.717,hump-note
60,1,0,1.40,1,2.27,294954,Y4,,,0,18.379,clean
60,2,0,1.36,1,2.51,72509,Y2,,,0,17.780,clean
60,3,0,1.35,62,2.35,460267,Y4,,,0,17.248,clean
60,4,0,1.59,1,2.21,1024783,Y4,,,0,17.114,clean
60,5,0,1.69,1,2.40,8672,Y4,,,0,17.417,clean
60,6,0,1.40,717,2.34,7421,Y2,,,0,17.594,clean
60,7,0,1.44,1,2.35,95308,Y4,,,0,17.360,clean
60,8,0,1.60,1,2.40,1417905,Y4,,,0,16.894,clean
60,9,0,1.61,1,2.39,233978,Y4,,,0,16.740,clean
60,10,0,1.56,1,2.31,1058578,Y2,,,0,16.701,clean
60,11,0,1.46,1,2.30,981152,Y2,,,0,16.730,clean
60,12,0,1.42,1,2.60,938058,Y2,,,0,16.784,clean
60,13,0,1.53,1,2.35,499248,Y4,,,0,16.471,clean
60,14,0,1.58,1,2.60,1464844,Y4,,,0,15.789,clean
60,15,0,1.45,1,2.23,1052320,Y2,,,0,15.374,clean
60,16,0,1.42,1299,2.33,612795,Y4,,,0,15.519,clean
60,17,0,1.53,1,2.34,1267076,Y4,,,0,15.903,clean
60,18,0,1.61,318,2.41,176221,Y2,,,0,17.531,clean
60,19,0,1.59,1,2.46,764877,Y4,,,0,15.817,clean
60,20,0,1.35,1,2.19,118643,Y2,,,0,14.956,clean
60,21,0,1.51,1,2.44,13769,Y2,,,0,14.338,clean
60,22,0,1.61,1,2.62,985175,Y2,,,0,14.239,clean
60,23,0,1.73,1,2.35,752360,Y4,,,0,14.834,clean
60,24,0,1.51,1,2.37,441402,Y4,,,0,15.711,clean
60,25,0,1.38,1,2.33,984818,Y4,,,0,15.953,clean
60,26,0,1.66,1,2.54,1119733,Y4,,,0,15.285,clean
60,27,0,1.56,1,2.85,501841,Y2,,,0,14.789,clean
60,28,0,1.76,1,2.57,1045793,Y4,,,0,14.407,clean
60,29,0,1.60,1,2.37,1012892,Y2,,,0,14.563,clean
60,30,0,1.80,1,2.29,955045,Y4,,,0,15.050,clean
60,31,0,1.55,1,2.61,1275480,Y2,,,0,15.458,clean
60,32,0,1.36,488,2.48,221640,Y2,,,0,15.024,clean
60,33,0,1.92,1,2.49,240058,Y4,,,0,14.060,clean
60,34,0,1.88,1,2.46,944763,Y4,,,0,13.510,clean
60,35,0,1.76,1,2.58,37104,Y2,,,0,13.672,clean
60,36,0,1.50,1,2.36,117838,Y4,,,0,13.859,clean
60,37,0,1.70,1,2.48,1351655,Y2,,,0,13.833,clean
60,38,0,1.63,1,2.34,218064,Y2,,,0,13.629,clean
60,39,0,1.58,1,2.28,1415044,Y2,,,0,13.148,clean
60,40,0,1.82,1,2.49,1275569,Y2,,,0,12.673,clean
60,41,0,1.83,1,2.37,211895,Y2,,,0,12.676,clean
60,42,0,1.59,1,2.66,1415044,Y4,,,0,13.013,clean
60,43,0,2.08,1,2.25,231475,Y4,,,0,13.236,clean
60,44,0,1.85,1,2.36,848651,Y4,,,0,12.900,clean
60,45,0,1.97,1,2.34,708640,Y2,,,0,12.393,clean
60,46,0,2.18,1,2.44,476807,Y4,,,0,12.199,clean
60,47,0,2.00,1,2.32,1420140,Y2,,,0,12.300,clean
60,48,0,4.42,1,2.30,250518,Y2,0.24/noise-like,0.00/noise-like,0,12.414,hump-note
60,49,0,1.88,1,2.36,1296222,Y4,,,0,12.346,clean
60,50,0,1.97,1,2.31,699431,Y4,,,0,11.859,clean
60,51,0,2.22,1,2.41,6527,Y2,,,0,10.790,clean
60,52,0,2.19,1,2.61,1097471,Y4,,,0,9.765,clean
60,53,0,2.80,1,2.48,513375,Y4,0.00/noise-like,0.24/noise-like,0,9.398,hump-note
60,54,0,2.59,1,2.26,963092,Y2,0.00/noise-like,0.24/noise-like,0,9.138,hump-note
60,55,0,2.83,1,2.42,130981,Y4,0.00/noise-like,0.24/noise-like,0,8.676,hump-note
60,56,0,3.29,1,2.50,960767,Y2,0.00/noise-like,0.00/noise-like,0,7.874,hump-note
60,57,0,0,-1,0,0,-,,,0,6.652,QUARANTINE:dark-lane range=63 distinct=58
60,58,0,0,-1,0,0,-,,,0,5.437,QUARANTINE:dark-lane range=47 distinct=46
60,59,0,0,-1,0,0,-,,,0,4.464,QUARANTINE:dark-lane range=38 distinct=38
60,60,0,0,-1,0,0,-,,,0,3.746,QUARANTINE:dark-lane range=33 distinct=34
60,61,0,0,-1,0,0,-,,,0,3.243,QUARANTINE:dark-lane range=27 distinct=27
60,62,0,0,-1,0,0,-,,,0,2.732,QUARANTINE:dark-lane range=23 distinct=24
60,63,0,0,-1,0,0,-,,,0,2.239,QUARANTINE:dark-lane range=19 distinct=20
61,0,0,5.93,1,2.64,319451,Y4,0.24/noise-like,0.00/noise-like,0,18.868,SPECTRAL-LINE
61,1,0,1.61,1,2.28,48995,Y2,,,0,18.367,clean
61,2,0,1.37,1,2.52,470281,Y2,,,0,17.783,clean
61,3,0,1.46,932,2.49,265986,Y2,,,0,17.261,clean
61,4,0,1.41,1,2.42,996619,Y2,,,0,17.110,clean
61,5,0,1.55,1,2.58,843108,Y4,,,0,17.404,clean
61,6,0,1.37,1,2.31,705779,Y4,,,0,17.618,clean
61,7,0,1.63,1,2.27,985801,Y4,,,0,17.338,clean
61,8,0,1.65,1,2.52,152975,Y4,,,0,16.861,clean
61,9,0,1.50,1,2.64,1342088,Y4,,,0,16.757,clean
61,10,0,1.61,1,2.38,784278,Y4,,,0,16.676,clean
61,11,0,1.49,1,2.22,580162,Y4,,,0,16.734,clean
61,12,0,1.61,1,2.46,1177400,Y4,,,0,16.795,clean
61,13,0,1.37,985,2.57,845969,Y2,,,0,16.512,clean
61,14,0,1.52,1,2.38,1207709,Y4,,,0,15.766,clean
61,15,0,1.53,1,2.43,876367,Y2,,,0,15.357,clean
61,16,0,1.42,1,2.37,1355857,Y2,,,0,15.544,clean
61,17,0,1.44,618,2.33,1001984,Y2,,,0,15.935,clean
61,18,0,1.70,1,2.27,408411,Y4,,,0,17.506,clean
61,19,0,1.53,1,2.34,1125187,Y4,,,0,15.826,clean
61,20,0,1.70,1,2.35,108093,Y2,,,0,14.968,clean
61,21,0,1.64,1,2.70,1338065,Y4,,,0,14.346,clean
61,22,0,1.65,1,2.34,258476,Y2,,,0,14.268,clean
61,23,0,1.82,1,2.48,406712,Y2,,,0,14.841,clean
61,24,0,1.47,1,2.34,555575,Y4,,,0,15.728,clean
61,25,0,1.69,1,2.38,972658,Y2,,,0,15.949,clean
61,26,0,1.60,1,2.29,988483,Y2,,,0,15.265,clean
61,27,0,1.61,669,2.30,217617,Y2,,,0,14.778,clean
61,28,0,1.63,1,2.38,758439,Y2,,,0,14.406,clean
61,29,0,1.64,1,2.64,491738,Y4,,,0,14.554,clean
61,30,0,1.64,1,2.62,727504,Y4,,,0,15.023,clean
61,31,0,1.75,1,2.29,135094,Y2,,,0,15.446,clean
61,32,0,3.14,1,2.45,554949,Y4,0.00/noise-like,0.24/noise-like,0,14.992,hump-note
61,33,0,1.99,1,2.25,1031220,Y4,,,0,14.060,clean
61,34,0,1.95,1,2.22,1029611,Y4,,,0,13.506,clean
61,35,0,1.89,1,2.47,827372,Y4,,,0,13.651,clean
61,36,0,1.66,1,2.23,1313925,Y2,,,0,13.851,clean
61,37,0,1.79,1,2.45,690222,Y4,,,0,13.842,clean
61,38,0,1.66,1,2.36,477523,Y2,,,0,13.620,clean
61,39,0,2.02,1,2.27,171572,Y4,,,0,13.164,clean
61,40,0,1.98,1,2.46,1464754,Y4,,,0,12.680,clean
61,41,0,1.58,1,2.39,484139,Y2,,,0,12.693,clean
61,42,0,2.08,1,2.35,191420,Y4,,,0,13.022,clean
61,43,0,1.87,1,2.33,563353,Y2,,,0,13.248,clean
61,44,0,2.17,1,2.41,414938,Y2,,,0,12.872,clean
61,45,0,1.81,1,2.45,1431316,Y2,,,0,12.380,clean
61,46,0,2.01,1,2.55,290036,Y4,,,0,12.203,clean
61,47,0,1.80,1,2.50,1306236,Y2,,,0,12.291,clean
61,48,0,4.14,1,2.31,1169622,Y2,0.00/noise-like,0.00/noise-like,0,12.409,hump-note
61,49,0,1.99,1,2.43,67770,Y4,,,0,12.323,clean
61,50,0,1.97,1,2.43,325710,Y2,,,0,11.850,clean
61,51,0,2.41,1,2.32,1215041,Y4,,,0,10.777,clean
61,52,0,2.43,1,2.23,480384,Y2,,,0,9.768,clean
61,53,0,2.49,1,2.52,276804,Y2,,,0,9.385,clean
61,54,0,2.80,1,2.43,1140743,Y4,0.00/noise-like,0.24/noise-like,0,9.139,hump-note
61,55,0,2.85,1,2.59,693977,Y4,0.24/noise-like,0.00/noise-like,0,8.678,hump-note
61,56,0,3.50,1,2.48,1140922,Y4,0.00/noise-like,0.00/noise-like,0,7.870,hump-note
61,57,0,0,-1,0,0,-,,,0,6.654,QUARANTINE:dark-lane range=56 distinct=55
61,60,0,0,-1,0,0,-,,,0,3.738,QUARANTINE:dark-lane range=35 distinct=34
61,61,0,0,-1,0,0,-,,,0,3.250,QUARANTINE:dark-lane range=30 distinct=31
61,62,0,0,-1,0,0,-,,,0,2.732,QUARANTINE:dark-lane range=23 distinct=24
61,63,0,0,-1,0,0,-,,,0,2.237,QUARANTINE:dark-lane range=18 distinct=19
62,0,0,5.47,1,2.44,500679,Y2,0.00/?,0.00/?,0,18.917,SPECTRAL-LINE
62,1,0,1.37,1,2.29,1022547,Y4,,,0,18.363,clean
62,2,0,1.40,1,2.44,588566,Y2,,,0,17.786,clean
62,3,0,1.36,1252,2.47,285745,Y2,,,0,17.227,clean
62,4,0,1.33,947,2.41,1416475,Y4,,,0,17.124,clean
62,5,0,1.37,1449,2.39,575244,Y2,,,0,17.421,clean
62,6,0,1.41,1,2.48,872254,Y2,,,0,17.654,clean
62,7,0,1.37,156,2.29,202507,Y2,,,0,17.324,clean
62,8,0,1.41,1,2.34,1228184,Y2,,,0,16.875,clean
62,9,0,1.55,1,2.66,1051337,Y4,,,0,16.763,clean
62,10,0,1.39,1277,2.43,1140743,Y4,,,0,16.692,clean
62,11,0,1.48,1,2.47,548333,Y2,,,0,16.740,clean
62,12,0,1.39,84,2.31,378907,Y4,,,0,16.793,clean
62,13,0,1.46,1,2.60,837207,Y2,,,0,16.468,clean
62,14,0,1.67,1,2.49,1373112,Y2,,,0,15.762,clean
62,15,0,1.65,1,2.47,669211,Y4,,,0,15.386,clean
62,16,0,1.52,1,2.22,706494,Y2,,,0,15.514,clean
62,17,0,1.46,1,2.34,1242042,Y4,,,0,15.906,clean
62,18,0,1.83,1,2.31,1015216,Y2,,,0,17.518,clean
62,19,0,1.48,1,2.30,1128316,Y2,,,0,15.822,clean
62,20,0,1.66,1,2.49,778735,Y4,,,0,14.960,clean
62,21,0,1.52,1,2.37,1167566,Y4,,,0,14.346,clean
62,22,0,1.79,1,2.48,393391,Y4,,,0,14.246,clean
62,23,0,1.43,1,2.50,359416,Y4,,,0,14.857,clean
62,24,0,1.63,1,2.26,710785,Y4,,,0,15.707,clean
62,25,0,1.63,1,2.58,1464844,Y2,,,0,15.961,clean
62,26,0,1.66,1,2.55,1239091,Y4,,,0,15.292,clean
62,27,0,1.62,1,2.47,292003,Y2,,,0,14.768,clean
62,28,0,1.62,1,2.45,1315981,Y4,,,0,14.421,clean
62,29,0,1.64,1,2.43,1126170,Y4,,,0,14.566,clean
62,30,0,1.55,1,2.39,1321077,Y4,,,1,15.059,clean
62,31,0,1.57,1,2.38,90748,Y2,,,0,15.453,clean
62,32,0,1.32,201,2.33,610113,Y4,,,0,14.992,clean
62,33,0,1.80,1,2.76,284761,Y2,,,0,14.039,clean
62,34,0,2.05,1,2.35,1110345,Y4,,,0,13.507,clean
62,35,0,1.82,1,2.30,676095,Y4,,,0,13.658,clean
62,36,0,1.89,1,2.56,53287,Y2,,,0,13.845,clean
62,37,0,1.71,1,2.40,274748,Y4,,,0,13.829,clean
62,38,0,1.87,1,2.35,946105,Y4,,,0,13.617,clean
62,39,0,1.89,1,2.36,456333,Y2,,,0,13.161,clean
62,40,0,1.81,1,2.37,850350,Y2,,,0,12.690,clean
62,41,0,1.59,1,2.59,786424,Y2,,,0,12.690,clean
62,42,0,1.63,1,2.40,44703,Y2,,,0,13.017,clean
62,43,0,1.77,1,2.35,1302749,Y4,,,0,13.226,clean
62,44,0,1.84,1,2.45,201702,Y2,,,0,12.894,clean
62,45,0,2.10,1,2.56,809669,Y4,,,0,12.374,clean
62,46,0,2.06,1,2.32,1090944,Y2,,,0,12.178,clean
62,47,0,1.78,1,2.41,271797,Y2,,,0,12.283,clean
62,48,0,4.47,1,2.42,351995,Y4,0.24/noise-like,0.00/noise-like,0,12.390,hump-note
62,49,0,1.56,1,2.62,1401454,Y4,,,0,12.333,clean
62,50,0,1.93,1,2.24,7957,Y2,,,0,11.872,clean
62,51,0,2.15,1,2.45,1238644,Y4,,,0,10.760,clean
62,52,0,2.49,1,2.34,471532,Y2,,,0,9.781,clean
62,53,0,2.85,1,2.31,470906,Y2,0.00/noise-like,0.00/noise-like,0,9.396,hump-note
62,54,0,2.68,1,2.34,774980,Y2,0.00/noise-like,0.00/noise-like,0,9.148,hump-note
62,55,0,2.61,1,2.41,64909,Y2,0.00/noise-like,0.00/noise-like,0,8.696,hump-note
62,56,0,3.34,1,2.38,828713,Y4,0.24/noise-like,0.00/noise-like,0,7.854,hump-note
62,57,0,0,-1,0,0,-,,,0,6.659,QUARANTINE:dark-lane range=56 distinct=54
62,59,0,0,-1,0,0,-,,,0,4.461,QUARANTINE:dark-lane range=38 distinct=39
62,60,0,0,-1,0,0,-,,,0,3.736,QUARANTINE:dark-lane range=33 distinct=33
62,61,0,0,-1,0,0,-,,,0,3.249,QUARANTINE:dark-lane range=28 distinct=29
62,62,0,0,-1,0,0,-,,,1,2.734,QUARANTINE:dark-lane range=25 distinct=26
62,63,0,0,-1,0,0,-,,,0,2.239,QUARANTINE:dark-lane range=21 distinct=22
63,0,0,4.85,1,2.51,1239538,Y2,0.00/noise-like,0.00/?,0,18.793,hump-note
63,1,0,1.32,415,2.44,442207,Y4,,,0,18.379,clean
63,2,0,1.38,1,2.34,663936,Y4,,,0,17.768,clean
63,3,0,1.38,1,2.80,423789,Y2,,,0,17.259,clean
63,4,0,1.53,1,2.29,702024,Y4,,,0,17.092,clean
63,5,0,1.49,1,2.27,478596,Y4,,,0,17.411,clean
63,6,0,1.45,1,2.41,575155,Y2,,,0,17.609,clean
63,7,0,1.42,1,2.52,237197,Y4,,,0,17.353,clean
63,8,0,1.50,1,2.36,1206815,Y4,,,0,16.880,clean
63,9,0,1.46,1,2.42,1338243,Y2,,,0,16.705,clean
63,10,0,1.41,807,2.50,1322508,Y4,,,0,16.688,clean
63,11,0,1.46,1,2.42,575513,Y4,,,0,16.715,clean
63,12,0,1.39,249,2.34,118196,Y2,,,0,16.828,clean
63,13,0,1.49,1,2.27,923216,Y2,,,0,16.501,clean
63,14,0,1.48,1,2.45,1314551,Y2,,,0,15.789,clean
63,15,0,1.44,1,2.40,729561,Y2,,,0,15.343,clean
63,16,0,1.40,576,2.95,826567,Y4,,,0,15.495,clean
63,17,0,1.43,1,2.36,569165,Y2,,,0,15.908,clean
63,18,0,1.74,1,2.42,695318,Y4,,,0,17.523,clean
63,19,0,1.45,1,2.39,1423538,Y4,,,0,15.819,clean
63,20,0,1.65,1,2.35,1237750,Y2,,,0,14.980,clean
63,21,0,1.45,861,2.31,726700,Y4,,,0,14.343,clean
63,22,0,1.69,1,2.25,1191616,Y4,,,0,14.259,clean
63,23,0,1.55,1,2.38,460982,Y2,,,0,14.844,clean
63,24,0,1.35,1,2.87,380248,Y2,,,0,15.752,clean
63,25,0,1.46,1,2.34,1272708,Y2,,,0,15.964,clean
63,26,0,1.72,1,2.49,779629,Y4,,,0,15.315,clean
63,27,0,1.76,1,2.31,356197,Y2,,,0,14.787,clean
63,28,0,1.62,1,2.36,198126,Y4,,,0,14.412,clean
63,29,0,1.51,1,2.75,684768,Y2,,,0,14.533,clean
63,30,0,1.74,1,2.28,696748,Y2,,,0,14.997,clean
63,31,0,1.58,1,2.50,1281828,Y4,,,0,15.385,clean
63,32,0,2.30,1,2.26,1262963,Y4,,,0,14.980,clean
63,33,0,1.64,1,2.49,875384,Y4,,,0,14.039,clean
63,34,0,1.56,1,2.40,332594,Y2,,,0,13.494,clean
63,35,0,1.75,1,2.24,530362,Y4,,,0,13.632,clean
63,36,0,1.59,1,2.29,914097,Y4,,,0,13.866,clean
63,37,0,1.72,1,2.64,467420,Y4,,,0,13.834,clean
63,38,0,2.12,1,2.35,665367,Y4,,,0,13.660,clean
63,39,0,1.81,1,2.42,898719,Y4,,,0,13.188,clean
63,40,0,1.80,1,2.30,669926,Y4,,,0,12.694,clean
63,41,0,1.72,1,2.53,496119,Y4,,,0,12.701,clean
63,42,0,1.72,1,2.31,89765,Y2,,,0,13.034,clean
63,43,0,1.75,1,2.48,521779,Y4,,,0,13.256,clean
63,44,0,2.17,1,2.56,1178652,Y4,,,0,12.892,clean
63,45,0,1.95,1,2.43,69469,Y4,,,0,12.397,clean
63,46,0,1.82,1,2.48,1384020,Y4,,,0,12.188,clean
63,47,0,1.85,1,2.38,418514,Y4,,,0,12.313,clean
63,48,0,4.79,1,2.25,946283,Y2,0.00/?,0.00/?,0,12.402,hump-note
63,49,0,1.73,1,2.45,240773,Y2,,,0,12.356,clean
63,50,0,2.29,1,2.37,110686,Y2,,,0,11.880,clean
63,51,0,2.15,1,2.53,232190,Y2,,,0,10.791,clean
63,52,0,2.66,1,2.47,890046,Y2,0.24/noise-like,0.00/noise-like,0,9.785,hump-note
63,53,0,2.30,1,2.48,1406461,Y4,,,0,9.396,clean
63,54,0,2.29,1,2.85,910163,Y4,,,0,9.151,clean
63,55,0,2.61,1,2.86,1271009,Y4,0.00/noise-like,0.00/noise-like,0,8.708,hump-note
63,56,0,3.20,1,2.40,1258761,Y4,0.00/noise-like,0.00/noise-like,0,7.881,hump-note
63,59,0,0,-1,0,0,-,,,0,4.457,QUARANTINE:dark-lane range=37 distinct=38
63,60,0,0,-1,0,0,-,,,0,3.742,QUARANTINE:dark-lane range=35 distinct=34
63,62,0,0,-1,0,0,-,,,0,2.740,QUARANTINE:dark-lane range=25 distinct=25
63,63,0,0,-1,0,0,-,,,0,2.236,QUARANTINE:dark-lane range=20 distinct=21
64,0,0,5.91,1,2.72,1201719,Y2,0.00/noise-like,0.00/noise-like,0,18.887,SPECTRAL-LINE
64,1,0,1.78,1,2.48,203848,Y4,,,0,18.351,clean
64,2,0,1.51,1,2.30,216275,Y2,,,0,17.786,clean
64,3,0,1.60,1,2.62,10014,Y4,,,0,17.258,clean
64,4,0,1.51,1,2.37,1392603,Y2,,,0,17.154,clean
64,5,0,1.35,1189,2.44,1150668,Y4,,,0,17.443,clean
64,6,0,1.40,1,2.50,14484,Y2,,,0,17.634,clean
64,7,0,1.39,850,2.29,1233369,Y2,,,0,17.310,clean
64,8,0,1.41,1469,2.54,217706,Y2,,,0,16.865,clean
64,9,0,1.42,520,2.49,1353443,Y4,,,0,16.777,clean
64,10,0,1.49,1,2.34,216454,Y2,,,0,16.691,clean
64,11,0,1.47,1,2.32,1412183,Y4,,,0,16.721,clean
64,12,0,1.43,1,2.51,1176327,Y2,,,0,16.820,clean
64,13,0,1.49,1,2.30,278771,Y2,,,0,16.515,clean
64,14,0,1.56,1,2.46,303090,Y2,,,0,15.778,clean
64,15,0,1.58,1,2.29,166476,Y4,,,0,15.389,clean
64,16,0,1.31,800,2.63,785530,Y4,,,0,15.516,clean
64,17,0,1.72,1,2.47,81182,Y2,,,0,15.890,clean
64,18,0,1.63,1,2.33,790536,Y2,,,0,17.530,clean
64,19,0,1.62,1,2.56,543147,Y2,,,0,15.810,clean
64,20,0,1.58,1,2.43,833184,Y2,,,0,14.997,clean
64,21,0,1.67,1,2.44,688165,Y4,,,0,14.351,clean
64,22,0,1.59,1,2.38,122398,Y4,,,0,14.260,clean
64,23,0,1.59,1,2.57,123471,Y4,,,0,14.840,clean
64,24,0,1.52,1,2.28,1008689,Y2,,,0,15.759,clean
64,25,0,1.49,1,2.38,110239,Y2,,,0,15.965,clean
64,26,0,1.48,1,2.28,283152,Y4,,,0,15.318,clean
64,27,0,1.53,664,2.42,1395822,Y2,,,0,14.770,clean
64,28,0,1.70,1,2.69,334561,Y4,,,0,14.440,clean
64,29,0,1.81,1,2.40,392228,Y2,,,0,14.535,clean
64,30,0,1.43,1,2.50,547975,Y4,,,0,15.028,clean
64,31,0,1.58,1,2.28,466615,Y4,,,0,15.413,clean
64,32,0,2.95,1,2.68,1143247,Y4,0.00/noise-like,0.24/noise-like,0,14.990,hump-note
64,33,0,1.58,1,2.25,170678,Y4,,,0,14.030,clean
64,34,0,1.48,1,2.38,551105,Y4,,,0,13.503,clean
64,35,0,1.68,1,2.55,72420,Y4,,,0,13.667,clean
64,36,0,1.87,1,2.21,297993,Y4,,,0,13.844,clean
64,37,0,1.61,1,2.66,1391083,Y4,,,0,13.826,clean
64,38,0,1.70,1,2.47,1433820,Y2,,,0,13.663,clean
64,39,0,1.77,1,2.48,764161,Y2,,,0,13.192,clean
64,40,0,1.75,1,2.48,888884,Y2,,,0,12.710,clean
64,41,0,2.05,1,2.50,960678,Y4,,,0,12.695,clean
64,42,0,1.98,1,2.78,102997,Y2,,,0,13.043,clean
64,43,0,1.71,1,2.43,1158983,Y4,,,0,13.242,clean
64,44,0,1.80,1,2.43,1289338,Y4,,,0,12.927,clean
64,45,0,1.70,1,2.45,1336187,Y2,,,0,12.387,clean
64,46,0,1.89,1,2.30,989646,Y4,,,0,12.186,clean
64,47,0,1.97,1,2.48,1415849,Y4,,,0,12.292,clean
64,48,0,4.16,1,2.48,908911,Y2,0.00/noise-like,0.24/noise-like,0,12.413,hump-note
64,49,0,1.75,1,2.54,205278,Y2,,,0,12.355,clean
64,50,0,1.80,1,2.32,870287,Y2,,,0,11.862,clean
64,51,0,2.14,1,2.45,622451,Y2,,,0,10.785,clean
64,52,0,2.49,1,2.43,1216561,Y2,,,0,9.789,clean
64,53,0,2.47,1,2.26,356823,Y2,,,0,9.398,clean
64,54,0,2.51,1,2.42,40501,Y2,0.00/noise-like,0.00/?,0,9.161,hump-note
64,55,0,3.04,1,2.73,1013607,Y4,0.00/noise-like,0.24/noise-like,0,8.701,hump-note
64,56,0,3.47,1,2.46,386238,Y4,0.24/noise-like,0.24/noise-like,0,7.897,hump-note
64,57,0,0,-1,0,0,-,,,0,6.665,QUARANTINE:dark-lane range=60 distinct=58
64,58,0,0,-1,0,0,-,,,0,5.450,QUARANTINE:dark-lane range=48 distinct=48
64,59,0,0,-1,0,0,-,,,0,4.465,QUARANTINE:dark-lane range=36 distinct=37
64,60,0,0,-1,0,0,-,,,0,3.742,QUARANTINE:dark-lane range=34 distinct=34
64,61,0,0,-1,0,0,-,,,0,3.242,QUARANTINE:dark-lane range=29 distinct=30
64,62,0,0,-1,0,0,-,,,0,2.743,QUARANTINE:dark-lane range=23 distinct=24
65,0,0,3.99,1,2.26,144571,Y2,0.00/noise-like,0.00/noise-like,0,18.761,hump-note
65,1,0,1.47,1,2.83,63211,Y2,,,0,18.360,clean
65,2,0,1.45,1,2.46,711411,Y2,,,0,17.741,clean
65,3,0,1.35,1106,2.26,284135,Y4,,,0,17.239,clean
65,4,0,1.53,1,2.38,1375794,Y2,,,0,17.139,clean
65,5,0,1.51,1,2.33,1411021,Y2,,,0,17.414,clean
65,6,0,1.50,1,2.35,265628,Y4,,,0,17.647,clean
65,7,0,1.48,1,2.41,59545,Y2,,,0,17.323,clean
65,8,0,1.51,1,2.56,1355857,Y4,,,0,16.848,clean
65,9,0,1.39,174,2.44,255883,Y4,,,0,16.731,clean
65,10,0,1.35,882,2.36,999749,Y2,,,0,16.676,clean
65,11,0,1.55,1,2.49,472248,Y2,,,0,16.738,clean
65,12,0,1.50,1,2.66,241041,Y4,,,0,16.845,clean
65,13,0,1.59,1,2.41,1119822,Y2,,,0,16.472,clean
65,14,0,1.48,1,2.43,1344860,Y4,,,0,15.775,clean
65,15,0,1.60,1,2.26,525892,Y2,,,0,15.405,clean
65,16,0,1.44,1,2.30,2593,Y4,,,0,15.516,clean
65,17,0,1.34,1,2.27,725090,Y4,,,0,15.883,clean
65,18,0,1.59,363,2.42,580698,Y4,,,0,17.536,clean
65,19,0,1.50,1,2.55,697017,Y2,,,0,15.838,clean
65,20,0,1.68,1,2.41,643104,Y2,,,0,14.982,clean
65,21,0,1.55,1,2.47,427276,Y2,,,0,14.340,clean
65,22,0,1.87,1,2.57,829607,Y2,,,0,14.239,clean
65,23,0,1.52,1,2.52,36746,Y2,,,0,14.826,clean
65,24,0,1.40,1,2.29,54449,Y4,,,0,15.743,clean
65,25,0,1.61,1,2.29,970781,Y2,,,0,15.979,clean
65,26,0,1.55,1,2.57,90390,Y2,,,0,15.307,clean
65,27,0,1.61,1,2.45,1271904,Y4,,,0,14.789,clean
65,28,0,1.66,1,2.69,826567,Y2,,,0,14.428,clean
65,29,0,1.67,1,2.60,450343,Y2,,,0,14.532,clean
65,30,0,1.50,1,2.51,901222,Y2,,,0,14.997,clean
65,31,0,1.50,1,2.29,926703,Y4,,,0,15.406,clean
65,32,0,3.09,1,2.45,160307,Y4,0.00/noise-like,0.00/noise-like,0,14.982,hump-note
65,33,0,1.64,1,2.43,386596,Y4,,,0,14.033,clean
65,34,0,1.71,1,2.47,525355,Y4,,,0,13.470,clean
65,35,0,1.86,1,2.53,1259029,Y4,,,0,13.612,clean
65,36,0,1.63,1,2.41,192314,Y2,,,0,13.828,clean
65,37,0,1.72,1,2.41,251591,Y4,,,0,13.821,clean
65,38,0,1.87,1,2.80,633359,Y2,,,0,13.645,clean
65,39,0,1.74,1,2.48,395805,Y2,,,0,13.156,clean
65,40,0,1.82,1,2.36,289053,Y2,,,0,12.675,clean
65,41,0,1.76,1,2.21,1308560,Y2,,,0,12.716,clean
65,42,0,1.92,1,2.39,331521,Y4,,,0,13.017,clean
65,43,0,1.82,1,2.55,266165,Y2,,,0,13.247,clean
65,44,0,1.59,1,2.26,333399,Y4,,,0,12.904,clean
65,45,0,1.99,1,2.28,237376,Y2,,,0,12.367,clean
65,46,0,1.82,1,2.62,562638,Y2,,,0,12.209,clean
65,47,0,1.96,1,2.32,571936,Y2,,,0,12.317,clean
65,48,0,2.93,1,2.44,901133,Y4,0.00/noise-like,0.00/?,0,12.407,hump-note
65,49,0,2.05,1,2.55,399381,Y4,,,0,12.335,clean
65,50,0,1.98,1,2.58,648201,Y2,,,0,11.858,clean
65,51,0,2.20,1,2.40,626564,Y2,,,0,10.774,clean
65,52,0,2.41,1,2.50,1391619,Y4,,,0,9.783,clean
65,53,0,2.38,1,2.50,1344502,Y4,,,0,9.411,clean
65,54,0,2.78,1,2.42,1352280,Y4,0.24/noise-like,0.24/noise-like,0,9.174,hump-note
65,55,0,2.74,1,2.42,827998,Y2,0.00/noise-like,0.00/noise-like,0,8.686,hump-note
65,56,0,2.85,1,2.45,1421839,Y4,0.24/noise-like,0.00/noise-like,0,7.890,hump-note
65,57,0,0,-1,0,0,-,,,0,6.671,QUARANTINE:dark-lane range=55 distinct=55
65,58,0,0,-1,0,0,-,,,0,5.446,QUARANTINE:dark-lane range=45 distinct=46
65,59,0,0,-1,0,0,-,,,0,4.457,QUARANTINE:dark-lane range=39 distinct=39
65,60,0,0,-1,0,0,-,,,0,3.741,QUARANTINE:dark-lane range=33 distinct=33
65,61,0,0,-1,0,0,-,,,0,3.244,QUARANTINE:dark-lane range=29 distinct=30
65,62,0,0,-1,0,0,-,,,0,2.736,QUARANTINE:dark-lane range=25 distinct=25
65,63,0,0,-1,0,0,-,,,0,2.237,QUARANTINE:dark-lane range=20 distinct=20
66,0,0,6.30,1,2.51,309795,Y2,0.00/?,0.24/noise-like,0,18.879,SPECTRAL-LINE
66,1,0,1.42,1,2.66,1081467,Y2,,,0,18.380,clean
66,2,0,1.37,535,2.27,506759,Y4,,,0,17.777,clean
66,3,0,1.66,1,2.30,366837,Y2,,,0,17.286,clean
66,4,0,1.50,1,2.28,543773,Y2,,,0,17.102,clean
66,5,0,1.40,1,2.39,462145,Y4,,,0,17.430,clean
66,6,0,1.53,1,2.31,89049,Y4,,,0,17.602,clean
66,7,0,1.36,755,2.51,1121610,Y2,,,0,17.327,clean
66,8,0,1.66,1,2.23,12249,Y2,,,0,16.909,clean
66,9,0,1.48,1,2.44,72777,Y2,,,0,16.731,clean
66,10,0,1.50,1,2.26,426918,Y2,,,0,16.704,clean
66,11,0,1.43,1,2.36,576586,Y4,,,0,16.729,clean
66,12,0,1.79,1,2.39,86814,Y2,,,0,16.779,clean
66,13,0,1.41,1,2.49,66608,Y4,,,0,16.532,clean
66,14,0,1.94,1,2.37,1120985,Y2,,,0,15.772,clean
66,15,0,1.59,1,2.24,923216,Y2,,,0,15.386,clean
66,16,0,1.41,1331,2.46,883430,Y4,,,0,15.526,clean
66,17,0,1.67,1,2.45,153601,Y4,,,0,15.910,clean
66,18,0,1.63,357,2.46,963271,Y4,,,0,17.527,clean
66,19,0,1.62,1,2.40,84490,Y2,,,0,15.814,clean
66,20,0,1.71,1,2.37,864834,Y4,,,0,14.983,clean
66,21,0,1.66,1,2.43,1059741,Y4,,,0,14.377,clean
66,22,0,1.63,1,2.50,918210,Y2,,,0,14.278,clean
66,23,0,1.81,1,2.45,600904,Y4,,,0,14.843,clean
66,24,0,1.54,1,2.67,260621,Y2,,,0,15.726,clean
66,25,0,1.59,1,2.76,241846,Y2,,,0,15.942,clean
66,26,0,1.69,1,2.30,811636,Y2,,,0,15.278,clean
66,27,0,1.78,1,2.60,1281828,Y4,,,0,14.770,clean
66,28,0,1.72,1,2.47,1353353,Y2,,,0,14.424,clean
66,29,0,1.52,1,2.31,770777,Y2,,,0,14.529,clean
66,30,0,1.55,1,2.51,1319200,Y2,,,0,15.010,clean
66,31,0,1.57,1,2.38,355750,Y2,,,0,15.419,clean
66,32,0,1.33,312,2.54,62138,Y4,,,0,14.992,clean
66,33,0,1.55,1,2.44,626296,Y4,,,0,14.051,clean
66,34,0,1.76,1,2.33,726968,Y2,,,0,13.527,clean
66,35,0,1.54,1,2.60,1274586,Y4,,,0,13.672,clean
66,36,0,1.73,1,2.38,751108,Y4,,,0,13.848,clean
66,37,0,1.75,1,2.46,1115441,Y4,,,0,13.817,clean
66,38,0,1.64,1,2.34,126690,Y2,,,0,13.643,clean
66,39,0,1.66,1,2.48,815392,Y2,,,0,13.157,clean
66,40,0,1.69,1,2.39,1058221,Y2,,,0,12.718,clean
66,41,0,1.79,1,2.42,93251,Y2,,,0,12.706,clean
66,42,0,1.65,1,2.41,1075119,Y4,,,0,13.039,clean
66,43,0,1.62,1,2.38,983208,Y2,,,0,13.238,clean
66,44,0,1.84,1,2.52,13143,Y4,,,0,12.903,clean
66,45,0,2.04,1,2.38,771403,Y4,,,0,12.375,clean
66,46,0,1.75,1,2.34,38177,Y2,,,0,12.186,clean
66,47,0,2.09,1,2.63,1106590,Y4,,,0,12.308,clean
66,48,0,2.39,1,2.24,185341,Y2,,,0,12.441,clean
66,49,0,1.93,1,2.29,368357,Y4,,,0,12.334,clean
66,50,0,1.81,1,2.43,144839,Y2,,,0,11.891,clean
66,51,0,2.04,1,2.37,225574,Y4,,,0,10.799,clean
66,52,0,2.44,1,2.51,25928,Y4,,,0,9.782,clean
66,53,0,2.54,1,2.68,132769,Y2,0.00/?,0.00/noise-like,0,9.393,hump-note
66,54,0,2.49,1,2.45,761569,Y4,,,0,9.153,clean
66,55,0,2.48,1,2.40,78142,Y2,,,0,8.699,clean
66,56,0,2.90,1,2.42,1040876,Y4,0.24/noise-like,0.00/noise-like,0,7.873,hump-note
66,57,0,0,-1,0,0,-,,,0,6.663,QUARANTINE:dark-lane range=64 distinct=57
66,58,0,0,-1,0,0,-,,,0,5.437,QUARANTINE:dark-lane range=49 distinct=48
66,59,0,0,-1,0,0,-,,,0,4.462,QUARANTINE:dark-lane range=36 distinct=37
66,60,0,0,-1,0,0,-,,,0,3.741,QUARANTINE:dark-lane range=34 distinct=35
66,61,0,0,-1,0,0,-,,,0,3.248,QUARANTINE:dark-lane range=29 distinct=29
66,62,0,0,-1,0,0,-,,,0,2.735,QUARANTINE:dark-lane range=24 distinct=25
66,63,0,0,-1,0,0,-,,,0,2.232,QUARANTINE:dark-lane range=21 distinct=21
67,0,0,5.51,1,2.29,1355052,Y4,0.00/noise-like,0.00/noise-like,0,18.757,SPECTRAL-LINE
67,1,0,1.65,1,2.23,195175,Y2,,,0,18.353,clean
67,2,0,1.41,1,2.20,283331,Y2,,,1,17.761,clean
67,3,0,1.37,1379,2.39,719637,Y4,,,0,17.250,clean
67,4,0,1.50,1,2.53,412971,Y4,,,0,17.112,clean
67,5,0,1.45,1,2.40,1184016,Y2,,,0,17.393,clean
67,6,0,1.44,1,2.47,751466,Y2,,,0,17.649,clean
67,7,0,1.57,1,2.47,1095951,Y2,,,0,17.324,clean
67,8,0,1.38,1,2.43,1308650,Y4,,,0,16.881,clean
67,9,0,1.42,423,2.30,267416,Y4,,,0,16.769,clean
67,10,0,1.40,1057,2.40,715166,Y4,,,0,16.740,clean
67,11,0,1.53,1,2.40,714272,Y2,,,0,16.739,clean
67,12,0,1.40,531,2.34,881463,Y2,,,0,16.802,clean
67,13,0,1.71,1,2.52,103891,Y2,,,0,16.486,clean
67,14,0,1.67,1,2.42,72420,Y4,,,0,15.761,clean
67,15,0,1.51,1,2.39,1278341,Y4,,,0,15.405,clean
67,16,0,1.36,913,2.25,858575,Y2,,,0,15.553,clean
67,17,0,1.50,1,2.33,854552,Y4,,,0,15.874,clean
67,18,0,1.72,268,2.30,355661,Y2,,,0,17.478,clean
67,19,0,1.68,1,2.61,32187,Y4,,,0,15.835,clean
67,20,0,1.75,1,2.42,657588,Y2,,,0,14.985,clean
67,21,0,1.57,1,2.49,203133,Y4,,,0,14.362,clean
67,22,0,1.75,1,2.39,183642,Y4,,,0,14.267,clean
67,23,0,1.91,1,2.31,1275927,Y2,,,0,14.832,clean
67,24,0,1.58,1,2.49,1006812,Y4,,,0,15.729,clean
67,25,0,1.71,1,2.21,70721,Y2,,,0,15.941,clean
67,26,0,1.43,1,2.35,848472,Y2,,,0,15.313,clean
67,27,0,1.56,1,2.42,736892,Y2,,,0,14.737,clean
67,28,0,1.45,1,2.41,1248300,Y2,,,0,14.406,clean
67,29,0,1.55,1,2.66,248194,Y2,,,0,14.555,clean
67,30,0,1.49,1,2.49,3397,Y4,,,0,15.074,clean
67,31,0,1.43,599,2.34,149041,Y2,,,0,15.468,clean
67,32,0,1.56,1,2.35,511587,Y2,,,0,15.021,clean
67,33,0,1.64,1,2.53,835508,Y2,,,0,14.037,clean
67,34,0,1.52,1,2.47,339299,Y2,,,0,13.540,clean
67,35,0,1.60,1,2.27,287980,Y4,,,0,13.655,clean
67,36,0,1.55,1,2.32,701845,Y4,,,0,13.859,clean
67,37,0,1.75,1,2.49,17345,Y2,,,0,13.804,clean
67,38,0,1.50,1,2.32,1382142,Y2,,,0,13.636,clean
67,39,0,1.63,1,2.44,492901,Y4,,,0,13.137,clean
67,40,0,1.79,1,2.44,340998,Y2,,,0,12.662,clean
67,41,0,2.00,1,2.64,477076,Y2,,,0,12.703,clean
67,42,0,1.55,1,2.30,285119,Y2,,,0,13.017,clean
67,43,0,1.73,1,2.23,1268148,Y2,,,0,13.247,clean
67,44,0,1.67,1,2.51,3219,Y2,,,0,12.882,clean
67,45,0,1.89,1,2.62,824869,Y4,,,0,12.366,clean
67,46,0,2.10,1,2.37,390977,Y4,,,0,12.192,clean
67,47,0,1.70,1,2.33,781864,Y2,,,0,12.295,clean
67,48,0,4.51,1,2.33,155658,Y4,0.00/noise-like,0.00/noise-like,0,12.416,hump-note
67,49,0,1.97,1,2.41,679582,Y2,,,0,12.340,clean
67,50,0,2.00,1,2.44,1032203,Y2,,,0,11.855,clean
67,51,0,2.27,1,2.62,137240,Y2,,,0,10.784,clean
67,52,0,2.73,1,2.40,872612,Y4,0.00/?,0.24/noise-like,0,9.791,hump-note
67,53,0,2.32,1,2.35,241309,Y4,,,0,9.382,clean
67,54,0,2.66,1,2.85,979543,Y2,0.00/noise-like,0.00/noise-like,0,9.160,hump-note
67,55,0,2.75,1,2.42,1442224,Y2,0.00/noise-like,0.00/noise-like,0,8.694,hump-note
67,56,0,3.37,1,2.32,592321,Y2,0.00/noise-like,0.00/noise-like,0,7.866,hump-note
67,57,0,0,-1,0,0,-,,,0,6.660,QUARANTINE:dark-lane range=60 distinct=57
67,58,0,0,-1,0,0,-,,,0,5.432,QUARANTINE:dark-lane range=51 distinct=49
67,59,0,0,-1,0,0,-,,,0,4.460,QUARANTINE:dark-lane range=36 distinct=37
67,60,0,0,-1,0,0,-,,,0,3.736,QUARANTINE:dark-lane range=32 distinct=32
67,61,0,0,-1,0,0,-,,,0,3.246,QUARANTINE:dark-lane range=27 distinct=28
67,62,0,0,-1,0,0,-,,,0,2.734,QUARANTINE:dark-lane range=23 distinct=24
67,63,0,0,-1,0,0,-,,,0,2.242,QUARANTINE:dark-lane range=19 distinct=20
68,0,0,7.77,1,2.27,714004,Y4,0.00/noise-like,0.00/noise-like,0,18.891,SPECTRAL-LINE
68,1,0,1.42,740,2.48,1033634,Y2,,,0,18.381,clean
68,2,0,1.36,322,2.40,504971,Y4,,,0,17.769,clean
68,3,0,1.39,1004,2.44,271350,Y4,,,0,17.253,clean
68,4,0,1.43,1220,2.34,1134574,Y2,,,0,17.104,clean
68,5,0,1.56,1,2.26,734836,Y2,,,0,17.390,clean
68,6,0,1.42,925,2.36,587672,Y2,,,0,17.631,clean
68,7,0,1.41,803,2.60,131607,Y4,,,0,17.342,clean
68,8,0,1.51,1,2.34,1174539,Y2,,,0,16.867,clean
68,9,0,1.46,1,2.26,518739,Y4,,,0,16.767,clean
68,10,0,1.34,84,2.24,1070470,Y2,,,0,16.701,clean
68,11,0,1.40,1,2.32,844449,Y4,,,0,16.722,clean
68,12,0,1.37,1,2.39,877082,Y2,,,0,16.785,clean
68,13,0,1.87,1,2.43,987679,Y2,,,0,16.491,clean
68,14,0,1.78,1,2.52,409037,Y4,,,0,15.783,clean
68,15,0,1.78,1,2.31,1201540,Y4,,,0,15.381,clean
68,16,0,1.41,1469,2.44,1048565,Y2,,,0,15.551,clean
68,17,0,1.49,1,2.85,731081,Y4,,,0,15.879,clean
68,18,0,1.64,1,2.73,18239,Y2,,,0,17.528,clean
68,19,0,1.68,1,2.52,171214,Y2,,,0,15.822,clean
68,20,0,1.62,1,2.32,314623,Y4,,,0,14.997,clean
68,21,0,1.45,1,2.26,28789,Y2,,,0,14.339,clean
68,22,0,1.72,1,2.40,283509,Y4,,,0,14.222,clean
68,23,0,1.62,1,2.35,391066,Y2,,,0,14.859,clean
68,24,0,1.83,1,2.30,107825,Y2,,,0,15.728,clean
68,25,0,1.60,1,2.39,766754,Y4,,,0,15.979,clean
68,26,0,1.59,1,2.65,228792,Y4,,,0,15.268,clean
68,27,0,1.52,1,2.43,263304,Y2,,,0,14.752,clean
68,28,0,1.86,1,2.37,1175880,Y2,,,0,14.415,clean
68,29,0,1.63,1,2.32,1237392,Y2,,,0,14.572,clean
68,30,0,1.64,1,2.31,91106,Y2,,,0,15.040,clean
68,31,0,1.91,1,2.46,196069,Y2,,,0,15.427,clean
68,32,0,1.81,1,2.67,1100510,Y4,,,0,15.025,clean
68,33,0,1.84,1,2.35,305057,Y2,,,0,14.059,clean
68,34,0,1.84,1,2.26,974983,Y2,,,0,13.524,clean
68,35,0,1.54,1,2.30,1341283,Y2,,,0,13.667,clean
68,36,0,1.46,1,2.48,235945,Y2,,,0,13.887,clean
68,37,0,1.56,1,2.42,361294,Y4,,,0,13.827,clean
68,38,0,1.65,1,2.31,523835,Y2,,,0,13.626,clean
68,39,0,1.59,1,2.38,1280934,Y4,,,0,13.153,clean
68,40,0,1.78,1,2.42,724107,Y4,,,0,12.650,clean
68,41,0,1.82,1,2.28,551283,Y4,,,0,12.689,clean
68,42,0,1.65,1,2.31,252664,Y4,,,0,13.014,clean
68,43,0,1.51,1,2.59,456780,Y4,,,0,13.222,clean
68,44,0,1.59,1,2.46,476360,Y2,,,0,12.872,clean
68,45,0,1.98,1,2.43,585616,Y4,,,0,12.377,clean
68,46,0,1.79,1,2.55,1383215,Y2,,,0,12.191,clean
68,47,0,1.93,1,2.52,180155,Y2,,,0,12.312,clean
68,48,0,3.13,1,2.53,575513,Y2,0.00/noise-like,0.00/noise-like,0,12.411,hump-note
68,49,0,1.86,1,2.58,1263589,Y4,,,0,12.355,clean
68,50,0,2.09,1,2.54,179976,Y4,,,0,11.851,clean
68,51,0,2.02,1,2.39,1021653,Y2,,,0,10.776,clean
68,52,0,2.52,1,2.49,329643,Y4,0.00/noise-like,0.00/noise-like,0,9.774,hump-note
68,53,0,2.78,1,2.39,1344234,Y2,0.00/?,0.00/noise-like,0,9.394,hump-note
68,54,0,2.81,1,2.36,130355,Y2,0.00/noise-like,0.00/noise-like,0,9.133,hump-note
68,55,0,2.86,1,2.54,760049,Y4,0.00/noise-like,0.00/noise-like,0,8.697,hump-note
68,56,0,3.22,1,2.33,437558,Y2,0.00/noise-like,0.00/noise-like,0,7.870,hump-note
68,57,0,4.21,1,44.14,1431,Y4,0.00/noise-like,0.00/noise-like,1,6.754,FAM-HIT
68,58,0,0,-1,0,0,-,,,0,5.438,QUARANTINE:dark-lane range=44 distinct=44
68,59,0,0,-1,0,0,-,,,0,4.468,QUARANTINE:dark-lane range=38 distinct=37
68,60,0,0,-1,0,0,-,,,0,3.735,QUARANTINE:dark-lane range=31 distinct=32
68,61,0,0,-1,0,0,-,,,0,3.245,QUARANTINE:dark-lane range=29 distinct=29
68,62,0,0,-1,0,0,-,,,0,2.735,QUARANTINE:dark-lane range=22 distinct=23
68,63,0,0,-1,0,0,-,,,0,2.241,QUARANTINE:dark-lane range=18 distinct=19
69,0,0,7.03,1,2.57,239879,Y2,0.00/?,0.00/noise-like,0,18.890,SPECTRAL-LINE
69,1,0,1.52,1,2.55,50962,Y4,,,0,18.368,clean
69,2,0,1.57,1,2.33,738144,Y2,,,0,17.757,clean
69,3,0,1.45,1,2.64,744760,Y4,,,0,17.273,clean
69,4,0,1.40,325,2.58,445604,Y4,,,0,17.139,clean
69,5,0,1.53,1,2.28,637382,Y4,,,0,17.401,clean
69,6,0,1.49,1,2.68,670910,Y4,,,0,17.577,clean
69,7,0,1.47,1,2.42,1150131,Y2,,,0,17.356,clean
69,8,0,1.48,1,2.34,1178652,Y4,,,0,16.869,clean
69,9,0,1.60,1,2.36,1348436,Y4,,,0,16.743,clean
69,10,0,1.61,1,2.68,1429528,Y4,,,0,16.705,clean
69,11,0,1.59,1,2.39,1193762,Y2,,,0,16.760,clean
69,12,0,1.40,1,2.47,209302,Y2,,,0,16.803,clean
69,13,0,1.58,1,2.58,294060,Y2,,,0,16.473,clean
69,14,0,1.44,1,2.48,1037389,Y4,,,0,15.798,clean
69,15,0,1.83,1,2.63,439882,Y2,,,0,15.392,clean
69,16,0,1.65,1,2.43,712305,Y4,,,0,15.534,clean
69,17,0,1.49,1,2.61,1002789,Y4,,,0,15.910,clean
69,18,0,1.55,368,2.33,187397,Y2,,,0,17.517,clean
69,19,0,1.50,1,2.40,1153529,Y2,,,0,15.832,clean
69,20,0,1.61,1,2.53,551820,Y2,,,0,15.012,clean
69,21,0,1.55,1,2.36,108004,Y4,,,0,14.351,clean
69,22,0,1.79,1,2.36,1197964,Y4,,,0,14.279,clean
69,23,0,1.61,1,2.29,997871,Y2,,,0,14.861,clean
69,24,0,1.60,1,2.60,542074,Y2,,,0,15.742,clean
69,25,0,1.66,1,2.35,101477,Y2,,,0,15.978,clean
69,26,0,1.65,1,2.52,233352,Y2,,,0,15.258,clean
69,27,0,1.53,679,2.53,446051,Y4,,,0,14.725,clean
69,28,0,1.48,1,2.56,431925,Y4,,,0,14.381,clean
69,29,0,1.56,1,2.28,977844,Y4,,,0,14.542,clean
69,30,0,1.62,1,2.43,1266271,Y4,,,0,15.061,clean
69,31,0,1.39,1,2.65,1167387,Y2,,,0,15.462,clean
69,32,0,3.21,1,2.55,1045704,Y4,0.00/noise-like,0.00/noise-like,0,15.016,hump-note
69,33,0,1.64,1,2.63,402957,Y4,,,0,14.050,clean
69,34,0,1.67,1,2.51,698447,Y4,,,0,13.514,clean
69,35,0,1.64,1,2.62,629872,Y2,,,0,13.656,clean
69,36,0,1.70,1,2.68,811905,Y4,,,0,13.858,clean
69,37,0,1.53,1,2.61,14484,Y4,,,0,13.828,clean
69,38,0,1.62,1,2.38,794470,Y4,,,0,13.653,clean
69,39,0,1.81,1,2.27,261784,Y2,,,0,13.175,clean
69,40,0,2.04,1,2.26,135809,Y2,,,0,12.662,clean
69,41,0,1.85,1,2.27,209302,Y2,,,0,12.684,clean
69,42,0,1.94,1,2.56,1179814,Y2,,,0,13.005,clean
69,43,0,1.96,1,2.28,1001358,Y4,,,0,13.232,clean
69,44,0,1.78,1,2.40,971764,Y2,,,0,12.922,clean
69,45,0,1.63,1,2.45,334382,Y4,,,0,12.358,clean
69,46,0,1.96,1,2.42,351638,Y2,,,0,12.181,clean
69,47,0,2.02,1,2.51,450611,Y4,,,0,12.295,clean
69,48,0,2.64,1,2.46,518203,Y2,0.24/noise-like,0.00/noise-like,0,12.421,hump-note
69,49,0,1.92,1,2.34,313103,Y2,,,0,12.327,clean
69,50,0,2.01,1,2.81,470191,Y2,,,0,11.862,clean
69,51,0,1.96,1,2.34,959426,Y2,,,0,10.794,clean
69,52,0,2.81,1,2.40,1189560,Y4,0.00/noise-like,0.00/noise-like,0,9.797,hump-note
69,53,0,2.33,1,2.43,254810,Y4,,,0,9.384,clean
69,54,0,2.76,1,2.94,1363993,Y4,0.00/noise-like,0.00/noise-like,0,9.143,hump-note
69,55,0,2.32,1,2.39,1405209,Y2,,,0,8.692,clean
69,56,0,2.90,1,2.43,1314640,Y2,0.00/noise-like,0.00/noise-like,0,7.872,hump-note
69,57,0,0,-1,0,0,-,,,0,6.656,QUARANTINE:dark-lane range=57 distinct=56
69,58,0,0,-1,0,0,-,,,0,5.436,QUARANTINE:dark-lane range=47 distinct=47
69,59,0,0,-1,0,0,-,,,0,4.463,QUARANTINE:dark-lane range=37 distinct=38
69,60,0,0,-1,0,0,-,,,0,3.740,QUARANTINE:dark-lane range=33 distinct=33
69,61,0,0,-1,0,0,-,,,0,3.244,QUARANTINE:dark-lane range=27 distinct=28
69,62,0,0,-1,0,0,-,,,0,2.738,QUARANTINE:dark-lane range=23 distinct=24
69,63,0,0,-1,0,0,-,,,0,2.247,QUARANTINE:dark-lane range=19 distinct=20
70,0,0,4.79,1,2.62,478417,Y2,0.00/noise-like,0.00/noise-like,0,18.725,hump-note
70,1,0,1.40,1,2.53,981331,Y2,,,0,18.353,clean
70,2,0,1.43,1376,2.39,849277,Y2,,,0,17.753,clean
70,3,0,1.53,1,2.33,146538,Y2,,,0,17.274,clean
70,4,0,1.52,1,2.47,73761,Y2,,,0,17.105,clean
70,5,0,1.63,1,2.50,247926,Y2,,,0,17.439,clean
70,6,0,1.40,1,2.35,138670,Y2,,,0,17.597,clean
70,7,0,1.42,1,2.56,346810,Y2,,,0,17.336,clean
70,8,0,1.65,1,2.35,470549,Y2,,,0,16.859,clean
70,9,0,1.46,1,2.52,59992,Y2,,,0,16.741,clean
70,10,0,1.34,1,2.46,826120,Y2,,,0,16.722,clean
70,11,0,1.42,1,2.41,543594,Y2,,,0,16.734,clean
70,12,0,1.52,1,2.27,697106,Y2,,,0,16.805,clean
70,13,0,1.46,1,2.38,112832,Y4,,,0,16.453,clean
70,14,0,1.66,1,2.62,177115,Y4,,,0,15.738,clean
70,15,0,1.63,1,2.37,1403421,Y2,,,0,15.373,clean
70,16,0,1.37,936,2.34,876009,Y2,,,0,15.507,clean
70,17,0,1.54,1,2.54,929385,Y2,,,0,15.872,clean
70,18,0,1.72,1,2.73,27984,Y2,,,0,17.519,clean
70,19,0,1.52,1,2.33,146091,Y4,,,0,15.796,clean
70,20,0,1.44,1,2.75,1176953,Y2,,,0,14.981,clean
70,21,0,1.71,1,2.63,384897,Y4,,,0,14.381,clean
70,22,0,1.94,1,2.53,1380175,Y4,,,0,14.248,clean
70,23,0,1.90,1,2.27,1079321,Y2,,,0,14.845,clean
70,24,0,1.57,1,2.48,1067072,Y4,,,0,15.745,clean
70,25,0,1.57,1,2.33,973731,Y2,,,0,15.969,clean
70,26,0,1.44,283,2.96,220746,Y4,,,0,15.274,clean
70,27,0,1.54,661,2.21,781685,Y4,,,0,14.746,clean
70,28,0,1.61,1,2.43,192314,Y4,,,0,14.385,clean
70,29,0,1.73,1,2.47,1424253,Y4,,,0,14.536,clean
70,30,0,1.80,1,2.65,136524,Y2,,,0,15.045,clean
70,31,0,1.45,1,2.29,898629,Y4,,,0,15.452,clean
70,32,0,1.33,559,2.47,75370,Y2,,,0,15.013,clean
70,33,0,1.70,1,2.70,941545,Y4,,,0,14.046,clean
70,34,0,1.75,1,2.38,518739,Y4,,,0,13.533,clean
70,35,0,1.89,1,2.24,292182,Y4,,,0,13.638,clean
70,36,0,1.67,1,2.28,378549,Y4,,,0,13.855,clean
70,37,0,1.55,1,2.33,840515,Y2,,,0,13.821,clean
70,38,0,1.69,1,2.21,1194835,Y2,,,0,13.647,clean
70,39,0,1.95,1,2.48,130713,Y2,,,0,13.155,clean
70,40,0,1.91,1,2.34,904977,Y2,,,0,12.673,clean
70,41,0,1.78,1,2.34,205994,Y4,,,0,12.661,clean
70,42,0,1.73,1,2.45,1423448,Y4,,,0,13.015,clean
70,43,0,1.88,1,2.68,733495,Y4,,,0,13.232,clean
70,44,0,1.83,1,2.43,1039177,Y2,,,0,12.897,clean
70,45,0,2.01,1,2.31,24319,Y2,,,0,12.375,clean
70,46,0,1.64,1,2.47,903815,Y2,,,0,12.172,clean
70,47,0,1.89,1,2.42,912219,Y2,,,0,12.281,clean
70,48,0,5.01,1,2.46,732332,Y2,0.00/noise-like,0.00/noise-like,0,12.393,SPECTRAL-LINE
70,49,0,1.81,1,2.20,79572,Y2,,,0,12.326,clean
70,50,0,2.26,1,2.33,1071095,Y4,,,0,11.853,clean
70,51,0,2.39,1,2.55,181675,Y4,,,0,10.790,clean
70,52,0,2.47,1,2.27,854462,Y4,,,0,9.784,clean
70,53,0,2.33,1,2.34,661254,Y2,,,0,9.383,clean
70,54,0,2.55,1,2.39,1094967,Y4,0.00/noise-like,0.00/noise-like,0,9.165,hump-note
70,55,0,2.85,1,2.34,146985,Y4,0.00/noise-like,0.24/noise-like,0,8.680,hump-note
70,56,0,3.06,1,2.48,185877,Y4,0.00/?,0.00/noise-like,0,7.870,hump-note
70,57,0,0,-1,0,0,-,,,0,6.645,QUARANTINE:dark-lane range=58 distinct=58
70,58,0,0,-1,0,0,-,,,0,5.438,QUARANTINE:dark-lane range=51 distinct=49
70,59,0,0,-1,0,0,-,,,0,4.468,QUARANTINE:dark-lane range=42 distinct=41
70,60,0,0,-1,0,0,-,,,0,3.747,QUARANTINE:dark-lane range=35 distinct=35
70,61,0,0,-1,0,0,-,,,0,3.243,QUARANTINE:dark-lane range=28 distinct=29
70,62,0,0,-1,0,0,-,,,0,2.730,QUARANTINE:dark-lane range=25 distinct=26
70,63,0,0,-1,0,0,-,,,0,2.242,QUARANTINE:dark-lane range=20 distinct=21
71,0,0,4.47,1,2.43,395983,Y4,0.00/?,0.00/?,0,18.727,hump-note
71,1,0,1.56,1,2.28,821024,Y4,,,0,18.373,clean
71,2,0,1.68,1,2.53,441939,Y2,,,0,17.793,clean
71,3,0,1.38,1014,2.32,278413,Y2,,,0,17.255,clean
71,4,0,1.46,1,2.55,545114,Y2,,,0,17.111,clean
71,5,0,1.49,1,2.55,485927,Y2,,,0,17.443,clean
71,6,0,1.59,1,2.52,241041,Y2,,,0,17.633,clean
71,7,0,1.60,1,2.63,1088619,Y4,,,0,17.340,clean
71,8,0,1.79,1,2.59,125796,Y4,,,0,16.853,clean
71,9,0,1.35,1482,2.33,1246244,Y2,,,0,16.765,clean
71,10,0,1.31,781,2.30,1079500,Y4,,,0,16.671,clean
71,11,0,1.39,1,2.51,1072526,Y2,,,0,16.733,clean
71,12,0,1.53,1,2.34,178993,Y4,,,0,16.820,clean
71,13,0,1.62,1,2.65,862688,Y2,,,0,16.480,clean
71,14,0,1.64,1,2.25,1284152,Y2,,,0,15.775,clean
71,15,0,1.65,1,2.39,130177,Y4,,,0,15.382,clean
71,16,0,1.40,735,2.39,111669,Y4,,,0,15.512,clean
71,17,0,1.66,1,2.39,845432,Y2,,,0,15.894,clean
71,18,0,1.63,1,2.43,82165,Y2,,,0,17.509,clean
71,19,0,1.65,1,2.39,1313120,Y2,,,0,15.818,clean
71,20,0,1.51,1002,2.38,59813,Y2,,,0,14.960,clean
71,21,0,1.81,1,2.39,761569,Y2,,,0,14.360,clean
71,22,0,1.83,1,2.14,1292825,Y2,,,0,14.277,clean
71,23,0,1.70,1,2.77,1154065,Y4,,,0,14.863,clean
71,24,0,1.39,1,2.78,165313,Y4,,,0,15.726,clean
71,25,0,1.55,1,2.28,1132876,Y4,,,0,15.962,clean
71,26,0,1.77,1,2.53,468224,Y2,,,0,15.301,clean
71,27,0,1.62,1,2.18,364065,Y2,,,0,14.749,clean
71,28,0,1.73,1,2.28,242740,Y2,,,0,14.403,clean
71,29,0,1.70,1,2.31,815302,Y4,,,0,14.566,clean
71,30,0,1.46,1,2.55,1431227,Y4,,,0,15.028,clean
71,31,0,1.36,1,2.39,1358002,Y2,,,0,15.443,clean
71,32,0,3.22,1,2.26,423968,Y4,0.00/noise-like,0.00/noise-like,0,15.013,hump-note
71,33,0,1.73,1,2.89,383914,Y2,,,0,14.048,clean
71,34,0,1.80,1,2.29,528485,Y2,,,0,13.520,clean
71,35,0,1.87,1,2.39,656247,Y2,,,0,13.666,clean
71,36,0,1.70,1,2.65,1188666,Y2,,,0,13.835,clean
71,37,0,1.84,1,2.57,848025,Y4,,,0,13.819,clean
71,38,0,1.66,1,2.55,77516,Y2,,,0,13.636,clean
71,39,0,1.60,1,2.40,1422018,Y4,,,0,13.153,clean
71,40,0,1.97,1,2.82,122845,Y2,,,0,12.671,clean
71,41,0,1.73,1,2.52,938594,Y2,,,0,12.693,clean
71,42,0,1.77,1,2.51,1119196,Y4,,,0,13.034,clean
71,43,0,1.93,1,2.24,29862,Y2,,,0,13.219,clean
71,44,0,1.65,1,2.51,924647,Y4,,,0,12.905,clean
71,45,0,1.72,1,2.68,260264,Y2,,,0,12.380,clean
71,46,0,2.01,1,2.36,334918,Y4,,,0,12.189,clean
71,47,0,1.87,1,2.34,753075,Y4,,,0,12.296,clean
71,48,0,4.26,1,2.34,595897,Y4,0.00/noise-like,0.24/noise-like,0,12.392,hump-note
71,49,0,2.12,1,2.36,246227,Y2,,,0,12.345,clean
71,50,0,1.66,1,2.42,490844,Y2,,,0,11.874,clean
71,51,0,2.29,1,2.36,1312762,Y2,,,0,10.793,clean
71,52,0,2.65,1,2.31,969887,Y2,0.24/noise-like,0.00/noise-like,0,9.786,hump-note
71,53,0,2.38,1,2.63,416815,Y2,,,0,9.374,clean
71,54,0,3.00,1,2.44,247657,Y4,0.00/noise-like,0.24/noise-like,0,9.155,hump-note
71,55,0,2.87,1,2.42,162810,Y2,0.24/noise-like,0.24/noise-like,0,8.680,hump-note
71,56,0,3.19,1,2.44,1167566,Y4,0.24/noise-like,0.00/noise-like,0,7.876,hump-note
71,58,0,0,-1,0,0,-,,,0,5.429,QUARANTINE:dark-lane range=51 distinct=50
71,59,0,0,-1,0,0,-,,,0,4.471,QUARANTINE:dark-lane range=38 distinct=39
71,60,0,0,-1,0,0,-,,,0,3.740,QUARANTINE:dark-lane range=36 distinct=33
71,61,0,0,-1,0,0,-,,,0,3.245,QUARANTINE:dark-lane range=27 distinct=28
71,62,0,0,-1,0,0,-,,,0,2.734,QUARANTINE:dark-lane range=25 distinct=26
71,63,0,0,-1,0,0,-,,,0,2.240,QUARANTINE:dark-lane range=20 distinct=21
72,0,0,5.66,1,2.45,252128,Y4,0.00/?,0.00/?,0,18.774,SPECTRAL-LINE
72,1,0,1.43,1,2.29,268668,Y2,,,0,18.384,clean
72,2,0,1.50,1,2.44,497639,Y4,,,0,17.766,clean
72,3,0,1.36,762,2.36,1005292,Y4,,,0,17.245,clean
72,4,0,1.41,1,2.37,274748,Y2,,,0,17.104,clean
72,5,0,1.47,1,2.31,1018435,Y4,,,0,17.395,clean
72,6,0,1.50,1,2.62,312835,Y2,,,0,17.649,clean
72,7,0,1.59,1,2.47,1035422,Y2,,,0,17.359,clean
72,8,0,1.32,1,2.56,454456,Y4,,,0,16.876,clean
72,9,0,1.47,1,2.39,678599,Y4,,,0,16.778,clean
72,10,0,1.44,1,2.38,330359,Y2,,,0,16.722,clean
72,11,0,1.61,1,2.36,171751,Y2,,,0,16.710,clean
72,12,0,1.63,1,2.75,25123,Y2,,,0,16.824,clean
72,13,0,1.54,1,2.35,301480,Y2,,,0,16.515,clean
72,14,0,1.54,1,2.28,1097918,Y2,,,0,15.806,clean
72,15,0,1.47,1096,0.00,0,-,,,0,15.419,clean
72,16,0,1.33,1,2.41,277609,Y4,,,0,15.545,clean
72,17,0,1.78,1,2.45,1206189,Y4,,,0,15.940,clean
72,18,0,1.60,458,2.38,279486,Y4,,,0,17.550,clean
72,19,0,1.64,1,2.39,1105875,Y4,,,0,15.838,clean
72,20,0,1.65,1,2.32,660717,Y4,,,0,14.981,clean
72,21,0,1.74,1,2.29,589728,Y2,,,0,14.372,clean
72,22,0,1.38,1,2.42,965148,Y2,,,0,14.263,clean
72,23,0,1.83,1,2.29,881016,Y2,,,0,14.844,clean
72,24,0,1.72,1,2.36,466704,Y4,,,0,15.725,clean
72,25,0,1.40,120,2.51,224859,Y2,,,0,15.967,clean
72,26,0,1.45,1,2.53,1291931,Y2,,,0,15.266,clean
72,27,0,1.44,695,2.34,1059204,Y4,,,0,14.780,clean
72,28,0,1.62,1,2.62,714988,Y4,,,0,14.404,clean
72,29,0,1.62,1,2.57,412792,Y2,,,0,14.529,clean
72,30,0,1.63,1,2.44,7689,Y2,,,0,15.101,clean
72,31,0,1.62,1,2.29,899971,Y4,,,0,15.488,clean
72,32,0,2.87,1,2.36,1362920,Y2,0.00/noise-like,0.00/noise-like,0,15.022,hump-note
72,33,0,2.01,1,2.46,104249,Y2,,,0,14.058,clean
72,34,0,1.60,1,2.52,580251,Y4,,,0,13.546,clean
72,35,0,1.63,1,2.31,915527,Y2,,,0,13.644,clean
72,36,0,1.62,1,2.59,1039803,Y2,,,0,13.878,clean
72,37,0,1.83,1,2.40,1403242,Y4,,,0,13.822,clean
72,38,0,1.68,1,2.31,79036,Y2,,,0,13.625,clean
72,39,0,1.66,1,2.40,74387,Y2,,,0,13.152,clean
72,40,0,1.81,1,2.52,1404047,Y4,,,0,12.662,clean
72,41,0,1.73,1,2.38,821739,Y2,,,0,12.670,clean
72,42,0,1.88,1,2.49,142872,Y2,,,0,13.002,clean
72,43,0,1.74,1,2.40,543058,Y4,,,0,13.242,clean
72,44,0,1.48,1,2.44,1255900,Y4,,,0,12.898,clean
72,45,0,1.85,1,2.37,396252,Y4,,,0,12.376,clean
72,46,0,2.11,1,2.36,1087546,Y2,,,0,12.204,clean
72,47,0,1.87,1,2.26,294596,Y4,,,0,12.308,clean
72,48,0,2.46,1,2.50,877887,Y4,,,0,12.420,clean
72,49,0,1.68,1,2.56,1049191,Y4,,,0,12.353,clean
72,50,0,1.88,1,2.31,909716,Y2,,,0,11.872,clean
72,51,0,2.22,1,2.31,1308382,Y2,,,0,10.793,clean
72,52,0,2.74,1,2.50,1152456,Y2,0.00/noise-like,0.24/noise-like,0,9.785,hump-note
72,53,0,2.56,1,2.45,666529,Y2,0.00/noise-like,0.24/noise-like,0,9.386,hump-note
72,54,0,2.50,1,2.36,1399934,Y2,0.24/noise-like,0.00/noise-like,1,9.147,hump-note
72,55,0,2.94,1,2.27,1224607,Y2,0.00/noise-like,0.00/noise-like,0,8.688,hump-note
72,56,0,3.19,1,2.78,796795,Y2,0.00/noise-like,0.00/noise-like,0,7.879,hump-note
72,57,0,0,-1,0,0,-,,,0,6.665,QUARANTINE:dark-lane range=59 distinct=58
72,58,0,0,-1,0,0,-,,,0,5.439,QUARANTINE:dark-lane range=46 distinct=46
72,59,0,0,-1,0,0,-,,,0,4.472,QUARANTINE:dark-lane range=40 distinct=40
72,60,0,0,-1,0,0,-,,,0,3.743,QUARANTINE:dark-lane range=34 distinct=35
72,61,0,0,-1,0,0,-,,,0,3.246,QUARANTINE:dark-lane range=28 distinct=29
72,62,0,0,-1,0,0,-,,,0,2.745,QUARANTINE:dark-lane range=24 distinct=25
72,63,0,0,-1,0,0,-,,,0,2.241,QUARANTINE:dark-lane range=18 distinct=19
73,0,0,6.33,1,2.47,655174,Y2,0.00/noise-like,0.00/noise-like,0,18.861,SPECTRAL-LINE
73,1,0,1.61,1,2.27,1132160,Y2,,,0,18.363,clean
73,2,0,1.42,416,2.30,1296401,Y4,,,0,17.754,clean
73,3,0,1.42,1,2.41,1067251,Y4,,,0,17.251,clean
73,4,0,1.39,1,2.45,1002699,Y2,,,0,17.098,clean
73,5,0,1.40,1,2.41,510335,Y2,,,0,17.401,clean
73,6,0,1.32,1327,2.31,100672,Y2,,,0,17.642,clean
73,7,0,1.52,1,2.45,959694,Y2,,,0,17.351,clean
73,8,0,1.56,1,2.46,52482,Y4,,,0,16.891,clean
73,9,0,1.57,1,2.31,42290,Y4,,,0,16.735,clean
73,10,0,1.60,1,2.41,521153,Y2,,,0,16.687,clean
73,11,0,1.50,1,2.43,106841,Y4,,,0,16.725,clean
73,12,0,1.49,1,2.47,414222,Y2,,,0,16.810,clean
73,13,0,1.73,1,2.47,1138777,Y4,,,0,16.464,clean
73,14,0,1.42,1,2.33,168264,Y2,,,0,15.788,clean
73,15,0,1.58,1,2.22,1097649,Y2,,,0,15.377,clean
73,16,0,1.39,1,2.39,178277,Y4,,,0,15.538,clean
73,17,0,1.46,1,2.42,1229346,Y2,,,0,15.901,clean
73,18,0,1.69,435,2.38,365674,Y2,,,0,17.512,clean
73,19,0,1.64,1,2.40,413865,Y2,,,0,15.813,clean
73,20,0,1.65,1,2.62,536,Y4,,,0,14.984,clean
73,21,0,1.37,1,2.57,1121074,Y2,,,0,14.336,clean
73,22,0,1.88,1,2.48,170052,Y4,,,0,14.254,clean
73,23,0,1.94,1,2.37,510871,Y4,,,0,14.835,clean
73,24,0,1.45,1,2.62,1441062,Y2,,,0,15.749,clean
73,25,0,1.44,1,2.31,47386,Y4,,,0,15.968,clean
73,26,0,1.70,1,2.47,131518,Y4,,,0,15.282,clean
73,27,0,1.46,710,2.53,172734,Y4,,,0,14.742,clean
73,28,0,1.48,1,2.47,735104,Y2,,,0,14.433,clean
73,29,0,1.54,1,2.39,1437306,Y2,,,0,14.537,clean
73,30,0,1.73,1,2.73,589728,Y4,,,0,15.072,clean
73,31,0,1.44,1,2.63,475109,Y2,,,0,15.482,clean
73,32,0,3.39,1,2.32,151008,Y4,0.00/noise-like,0.00/noise-like,0,14.997,hump-note
73,33,0,1.75,1,2.66,105679,Y4,,,0,14.050,clean
73,34,0,1.87,1,2.35,706226,Y2,,,0,13.519,clean
73,35,0,1.97,1,2.63,75102,Y2,,,0,13.656,clean
73,36,0,1.50,1,2.59,1063317,Y2,,,0,13.827,clean
73,37,0,1.60,1,2.26,404388,Y2,,,0,13.800,clean
73,38,0,1.72,1,2.52,1128763,Y2,,,0,13.605,clean
73,39,0,1.78,1,2.43,216991,Y2,,,0,13.118,clean
73,40,0,1.80,1,2.34,1339048,Y2,,,0,12.671,clean
73,41,0,2.10,1,2.63,1048565,Y2,,,0,12.672,clean
73,42,0,1.88,1,2.44,411183,Y2,,,0,12.980,clean
73,43,0,1.81,1,2.39,313818,Y2,,,0,13.231,clean
73,44,0,1.96,1,2.54,1266718,Y2,,,0,12.917,clean
73,45,0,1.63,1,2.34,141442,Y4,,,0,12.400,clean
73,46,0,1.93,1,2.43,1390189,Y2,,,0,12.165,clean
73,47,0,1.93,1,2.46,1125634,Y2,,,0,12.270,clean
73,48,0,2.38,1,2.57,933498,Y4,,,0,12.392,clean
73,49,0,1.97,1,2.35,362188,Y4,,,0,12.336,clean
73,50,0,2.45,1,2.34,1332879,Y2,,,0,11.855,clean
73,51,0,2.14,1,2.42,44525,Y4,,,0,10.761,clean
73,52,0,2.18,1,2.29,290126,Y2,,,0,9.794,clean
73,53,0,2.66,1,2.39,1262248,Y4,0.00/noise-like,0.00/noise-like,0,9.393,hump-note
73,54,0,2.69,1,2.46,94235,Y2,0.00/noise-like,0.00/noise-like,0,9.165,hump-note
73,55,0,2.72,1,2.41,922680,Y4,0.24/noise-like,0.00/noise-like,0,8.697,hump-note
73,56,0,3.05,1,2.38,340462,Y2,0.00/noise-like,0.00/noise-like,0,7.857,hump-note
73,57,0,0,-1,0,0,-,,,0,6.648,QUARANTINE:dark-lane range=56 distinct=57
73,58,0,0,-1,0,0,-,,,0,5.434,QUARANTINE:dark-lane range=46 distinct=47
73,59,0,0,-1,0,0,-,,,0,4.465,QUARANTINE:dark-lane range=39 distinct=39
73,60,0,0,-1,0,0,-,,,0,3.743,QUARANTINE:dark-lane range=36 distinct=36
73,61,0,0,-1,0,0,-,,,0,3.248,QUARANTINE:dark-lane range=29 distinct=30
73,62,0,0,-1,0,0,-,,,0,2.744,QUARANTINE:dark-lane range=23 distinct=24
73,63,0,0,-1,0,0,-,,,0,2.240,QUARANTINE:dark-lane range=20 distinct=21
74,0,0,8.17,1,2.39,24229,Y2,0.24/noise-like,0.00/noise-like,0,18.837,SPECTRAL-LINE
74,1,0,1.42,1,2.70,1173913,Y4,,,0,18.367,clean
74,2,0,1.38,1,2.43,1250088,Y4,,,0,17.740,clean
74,3,0,1.52,1,2.53,700772,Y2,,,0,17.242,clean
74,4,0,1.51,1,2.60,736266,Y2,,,0,17.141,clean
74,5,0,1.46,1,2.28,614583,Y2,,,0,17.415,clean
74,6,0,1.46,898,2.47,702649,Y4,,,0,17.632,clean
74,7,0,1.37,1476,2.40,169158,Y2,,,0,17.308,clean
74,8,0,1.49,1,2.43,635684,Y4,,,0,16.892,clean
74,9,0,1.57,1,2.36,639707,Y2,,,0,16.768,clean
74,10,0,1.54,1,2.42,496119,Y2,,,0,16.698,clean
74,11,0,1.57,1,2.63,1014858,Y4,,,0,16.705,clean
74,12,0,1.43,1,2.46,523835,Y4,,,0,16.814,clean
74,13,0,1.48,1,3.05,752717,Y2,0.00/noise-like,0.24/noise-like,0,16.468,FAM-HIT
74,14,0,1.46,1,2.48,53912,Y2,,,0,15.795,clean
74,15,0,1.90,1,2.36,17077,Y2,,,0,15.366,clean
74,16,0,1.63,1,2.34,353962,Y4,,,0,15.504,clean
74,17,0,1.84,1,2.43,1338512,Y2,,,0,15.912,clean
74,18,0,1.59,386,2.51,885040,Y4,,,0,17.524,clean
74,19,0,1.49,1,2.97,881284,Y2,,,0,15.833,clean
74,20,0,1.72,1,2.28,118017,Y2,,,0,14.963,clean
74,21,0,1.39,979,2.42,128746,Y4,,,0,14.347,clean
74,22,0,1.70,1,2.46,931799,Y2,,,0,14.296,clean
74,23,0,1.52,1,2.42,29236,Y4,,,0,14.863,clean
74,24,0,1.62,1,2.36,996709,Y4,,,0,15.731,clean
74,25,0,1.62,1,2.64,563622,Y2,,,0,15.955,clean
74,26,0,1.44,1,2.97,160217,Y4,,,1,15.261,clean
74,27,0,1.55,663,2.53,604302,Y4,,,0,14.732,clean
74,28,0,1.65,1,2.46,732422,Y2,,,0,14.426,clean
74,29,0,1.50,1,2.59,1251966,Y2,,,0,14.549,clean
74,30,0,1.55,1,2.26,1270115,Y2,,,0,15.090,clean
74,31,0,1.62,1,2.31,307649,Y4,,,0,15.484,clean
74,32,0,2.98,1,2.30,78052,Y4,0.00/noise-like,0.24/noise-like,0,15.011,hump-note
74,33,0,1.65,1,2.50,810385,Y2,,,0,14.083,clean
74,34,0,1.74,1,2.38,270724,Y2,,,0,13.551,clean
74,35,0,1.54,1,2.49,1460016,Y4,,,0,13.680,clean
74,36,0,1.78,1,2.34,469565,Y2,,,0,13.858,clean
74,37,0,1.74,1,2.35,1428902,Y2,,,0,13.830,clean
74,38,0,1.97,1,2.50,118822,Y4,,,0,13.638,clean
74,39,0,1.93,1,2.44,689417,Y2,,,0,13.150,clean
74,40,0,1.70,1,2.31,225484,Y4,,,0,12.638,clean
74,41,0,2.08,1,2.53,859648,Y2,,,0,12.663,clean
74,42,0,2.07,1,2.45,264019,Y2,,,0,12.989,clean
74,43,0,1.68,1,2.34,1085490,Y4,,,0,13.240,clean
74,44,0,1.70,1,2.25,1037747,Y2,,,0,12.920,clean
74,45,0,1.84,1,2.38,361741,Y4,,,0,12.398,clean
74,46,0,1.68,1,2.47,180602,Y4,,,0,12.173,clean
74,47,0,2.06,1,2.58,1284331,Y4,,,0,12.290,clean
74,48,0,2.59,1,2.62,1318485,Y4,0.00/noise-like,0.00/noise-like,0,12.426,hump-note
74,49,0,2.09,1,2.33,386596,Y4,,,0,12.352,clean
74,50,0,1.75,1,2.62,693172,Y2,,,0,11.871,clean
74,51,0,2.33,1,2.42,847757,Y2,,,0,10.771,clean
74,52,0,2.22,1,2.68,131786,Y2,,,0,9.775,clean
74,53,0,2.17,1,2.37,1233995,Y2,,,0,9.374,clean
74,54,0,2.67,1,2.49,1297206,Y4,0.00/noise-like,0.00/noise-like,0,9.153,hump-note
74,55,0,2.71,1,2.41,845253,Y4,0.00/noise-like,0.00/noise-like,0,8.684,hump-note
74,56,0,3.37,1,2.51,1222819,Y4,0.00/noise-like,0.00/noise-like,0,7.868,hump-note
74,57,0,0,-1,0,0,-,,,0,6.654,QUARANTINE:dark-lane range=66 distinct=59
74,58,0,0,-1,0,0,-,,,7,5.438,QUARANTINE:dark-lane range=117 distinct=55
74,59,0,0,-1,0,0,-,,,0,4.465,QUARANTINE:dark-lane range=41 distinct=39
74,60,0,0,-1,0,0,-,,,0,3.748,QUARANTINE:dark-lane range=37 distinct=34
74,61,0,0,-1,0,0,-,,,0,3.248,QUARANTINE:dark-lane range=27 distinct=28
74,62,0,0,-1,0,0,-,,,0,2.736,QUARANTINE:dark-lane range=24 distinct=25
74,63,0,0,-1,0,0,-,,,0,2.242,QUARANTINE:dark-lane range=19 distinct=20
75,0,0,8.06,1,2.49,73761,Y4,0.00/noise-like,0.00/noise-like,0,18.916,SPECTRAL-LINE
75,1,0,1.44,1,2.63,243992,Y4,,,0,18.386,clean
75,2,0,1.46,1,2.39,19401,Y4,,,0,17.775,clean
75,3,0,1.41,1,2.50,584632,Y2,,,0,17.269,clean
75,4,0,1.51,1,2.43,982583,Y2,,,0,17.154,clean
75,5,0,1.35,1543,2.46,791430,Y4,,,0,17.439,clean
75,6,0,1.53,1,2.43,223696,Y4,,,0,17.654,clean
75,7,0,1.42,1,2.31,374526,Y4,,,0,17.382,clean
75,8,0,1.37,696,2.47,43541,Y2,,,0,16.902,clean
75,9,0,1.53,1,2.38,32812,Y2,,,0,16.774,clean
75,10,0,1.43,1,2.34,978917,Y4,,,0,16.746,clean
75,11,0,1.42,14,2.28,507206,Y2,,,0,16.773,clean
75,12,0,1.52,1,2.45,1265824,Y2,,,0,16.816,clean
75,13,0,1.47,1,2.35,534743,Y2,,,0,16.530,clean
75,14,0,1.82,1,2.71,1348078,Y4,,,0,15.804,clean
75,15,0,1.67,1,2.40,40948,Y2,,,0,15.419,clean
75,16,0,1.44,1,2.62,1006812,Y2,,,0,15.545,clean
75,17,0,1.65,1,2.28,193655,Y4,,,0,15.945,clean
75,18,0,1.66,491,2.37,15825,Y2,,,0,17.574,clean
75,19,0,1.43,1,2.49,1400113,Y4,,,0,15.834,clean
75,20,0,1.92,1,2.38,191510,Y2,,,0,15.004,clean
75,21,0,1.67,1,2.48,661075,Y4,,,0,14.364,clean
75,22,0,1.76,1,2.40,665992,Y4,,,0,14.275,clean
75,23,0,1.58,1,2.43,343591,Y4,,,0,14.874,clean
75,24,0,1.48,1,2.31,656605,Y4,,,0,15.761,clean
75,25,0,1.66,1,2.48,36478,Y4,,,0,15.982,clean
75,26,0,1.44,1,6.23,5096,Y4,0.24/noise-like,0.00/noise-like,6,15.328,FAM-HIT
75,27,0,1.54,702,2.51,1147717,Y4,,,0,14.766,clean
75,28,0,1.69,1,2.48,699520,Y2,,,0,14.440,clean
75,29,0,1.70,1,2.61,585526,Y4,,,0,14.553,clean
75,30,0,1.50,1,2.78,1349330,Y4,,,0,15.069,clean
75,31,0,1.51,1,2.35,1176059,Y4,,,0,15.492,clean
75,32,0,2.83,1,2.53,15199,Y4,0.00/noise-like,0.00/noise-like,0,15.034,hump-note
75,33,0,1.78,1,2.23,1394928,Y2,,,0,14.083,clean
75,34,0,1.83,1,2.40,1188576,Y2,,,0,13.554,clean
75,35,0,1.79,1,2.26,568092,Y4,,,0,13.690,clean
75,36,0,1.94,1,2.28,110775,Y2,,,0,13.888,clean
75,37,0,1.42,1,2.36,1105875,Y2,,,0,13.820,clean
75,38,0,1.68,1,2.43,1878,Y2,,,0,13.649,clean
75,39,0,1.82,1,2.57,416279,Y2,,,0,13.190,clean
75,40,0,1.79,1,2.66,230402,Y4,,,0,12.696,clean
75,41,0,1.72,1,2.41,1461893,Y2,,,0,12.703,clean
75,42,0,1.90,1,2.69,713110,Y4,,,0,13.034,clean
75,43,0,1.91,1,2.59,515074,Y2,,,0,13.218,clean
75,44,0,1.60,1,2.29,1450449,Y2,,,0,12.924,clean
75,45,0,1.90,1,2.72,141799,Y4,,,0,12.391,clean
75,46,0,1.96,1,2.64,275910,Y2,,,0,12.200,clean
75,47,0,2.16,1,2.86,287980,Y4,,,0,12.301,clean
75,48,0,2.46,1,2.71,537783,Y4,,,0,12.425,clean
75,49,0,1.67,1,2.39,1022995,Y2,,,0,12.370,clean
75,50,0,1.92,1,2.47,5364,Y4,,,0,11.877,clean
75,51,0,2.00,1,2.26,1066267,Y2,,,0,10.785,clean
75,52,0,2.46,1,2.53,1112491,Y2,,,0,9.778,clean
75,53,0,2.66,1,2.50,1281291,Y2,0.00/noise-like,0.00/noise-like,0,9.407,hump-note
75,54,0,2.42,1,2.44,58740,Y2,,,0,9.153,clean
75,55,0,3.16,1,2.58,782847,Y2,0.00/noise-like,0.00/noise-like,1,8.700,hump-note
75,56,0,3.04,1,2.33,73314,Y2,0.00/noise-like,0.00/noise-like,0,7.874,hump-note
75,57,0,0,-1,0,0,-,,,0,6.649,QUARANTINE:dark-lane range=55 distinct=56
75,58,0,0,-1,0,0,-,,,13,5.453,QUARANTINE:dark-lane range=45 distinct=46
75,59,0,0,-1,0,0,-,,,0,4.465,QUARANTINE:dark-lane range=36 distinct=37
75,60,0,0,-1,0,0,-,,,0,3.751,QUARANTINE:dark-lane range=31 distinct=32
75,61,0,0,-1,0,0,-,,,0,3.250,QUARANTINE:dark-lane range=27 distinct=28
75,62,0,0,-1,0,0,-,,,0,2.739,QUARANTINE:dark-lane range=24 distinct=25
75,63,0,0,-1,0,0,-,,,0,2.245,QUARANTINE:dark-lane range=20 distinct=21
76,0,0,8.22,1,2.26,1370341,Y2,0.00/noise-like,0.00/noise-like,0,18.905,SPECTRAL-LINE
76,1,0,1.43,1,2.28,768363,Y4,,,0,18.402,clean
76,2,0,1.55,1,2.45,1039714,Y2,,,0,17.785,clean
76,3,0,1.66,1,2.32,800282,Y4,,,0,17.287,clean
76,4,0,1.39,1,2.32,1148790,Y2,,,0,17.169,clean
76,5,0,1.42,1,2.41,1162,Y2,,,0,17.416,clean
76,6,0,1.35,388,2.64,1301318,Y4,,,0,17.655,clean
76,7,0,1.39,1,2.34,671983,Y4,,,0,17.355,clean
76,8,0,1.37,365,2.43,349134,Y4,,,0,16.908,clean
76,9,0,1.75,1,2.42,1050711,Y2,,,0,16.760,clean
76,10,0,1.53,1,2.50,655442,Y4,,,0,16.733,clean
76,11,0,1.86,1,2.38,753343,Y2,,,0,16.791,clean
76,12,0,1.62,1,2.25,1433551,Y4,,,0,16.832,clean
76,13,0,1.45,1,2.40,325531,Y4,,,0,16.506,clean
76,14,0,1.59,1,2.35,1461089,Y2,,,0,15.799,clean
76,15,0,1.48,1,2.38,48190,Y2,,,0,15.411,clean
76,16,0,1.52,1,2.37,501573,Y4,,,0,15.532,clean
76,17,0,1.53,1,2.37,706226,Y4,,,0,15.947,clean
76,18,0,1.82,1,2.58,263214,Y2,,,0,17.562,clean
76,19,0,1.57,1,2.43,1151383,Y2,,,0,15.852,clean
76,20,0,1.70,1,2.66,912040,Y2,,,0,15.020,clean
76,21,0,2.00,1,2.42,1236498,Y4,,,0,14.371,clean
76,22,0,1.75,1,2.26,740737,Y4,,,0,14.291,clean
76,23,0,1.44,1,2.33,559062,Y2,,,0,14.901,clean
76,24,0,1.58,1,2.50,1397341,Y4,,,0,15.750,clean
76,25,0,1.40,222,2.20,125527,Y2,,,0,15.983,clean
76,26,0,1.36,1,3.84,9388,Y4,0.00/noise-like,0.24/noise-like,3,15.287,FAM-HIT
76,27,0,1.51,1,2.53,798315,Y4,,,0,14.775,clean
76,28,0,1.57,1,2.28,1034975,Y4,,,0,14.434,clean
76,29,0,1.65,1,2.55,1364887,Y4,,,0,14.559,clean
76,30,0,1.64,1,2.34,973642,Y4,,,0,15.089,clean
76,31,0,1.59,1,2.41,258297,Y4,,,0,15.481,clean
76,32,0,2.82,1,2.39,414759,Y2,0.00/noise-like,0.00/noise-like,0,15.036,hump-note
76,33,0,1.76,1,2.36,1240522,Y4,,,0,14.080,clean
76,34,0,1.78,1,2.69,1436412,Y4,,,0,13.538,clean
76,35,0,1.84,1,2.48,192404,Y4,,,0,13.670,clean
76,36,0,1.56,1,2.37,431120,Y4,,,0,13.893,clean
76,37,0,1.81,1,2.51,248194,Y2,,,0,13.848,clean
76,38,0,1.85,1,2.83,102639,Y2,,,0,13.636,clean
76,39,0,1.83,1,2.35,227004,Y4,,,0,13.182,clean
76,40,0,1.76,1,2.35,725538,Y4,,,0,12.693,clean
76,41,0,1.90,1,2.58,1168728,Y2,,,0,12.689,clean
76,42,0,1.83,1,2.41,619769,Y2,,,0,13.026,clean
76,43,0,2.02,1,2.62,1162291,Y4,,,0,13.239,clean
76,44,0,1.83,1,2.44,921875,Y4,,,0,12.920,clean
76,45,0,2.02,1,2.41,1195192,Y4,,,0,12.399,clean
76,46,0,1.78,1,2.36,1292646,Y4,,,0,12.224,clean
76,47,0,1.87,1,2.70,554144,Y4,,,0,12.302,clean
76,48,0,2.50,1,2.50,1172751,Y2,,,0,12.435,clean
76,49,0,1.81,1,2.53,382662,Y2,,,0,12.348,clean
76,50,0,2.01,1,2.27,35405,Y2,,,0,11.874,clean
76,51,0,2.31,1,2.45,145644,Y4,,,0,10.777,clean
76,52,0,2.33,1,2.52,410736,Y4,,,0,9.801,clean
76,53,0,2.34,1,2.54,61333,Y4,,,0,9.425,clean
76,54,0,2.57,1,2.40,56326,Y2,0.00/noise-like,0.00/noise-like,0,9.153,hump-note
76,55,0,2.40,1,2.34,470102,Y2,,,0,8.706,clean
76,56,0,3.13,1,2.43,881195,Y2,0.00/noise-like,0.00/noise-like,0,7.872,hump-note
76,57,0,0,-1,0,0,-,,,0,6.664,QUARANTINE:dark-lane range=60 distinct=58
76,58,0,0,-1,0,0,-,,,8,5.449,QUARANTINE:dark-lane range=51 distinct=47
76,59,0,0,-1,0,0,-,,,0,4.476,QUARANTINE:dark-lane range=39 distinct=39
76,60,0,0,-1,0,0,-,,,0,3.745,QUARANTINE:dark-lane range=31 distinct=32
76,61,0,0,-1,0,0,-,,,0,3.253,QUARANTINE:dark-lane range=28 distinct=28
76,62,0,0,-1,0,0,-,,,0,2.739,QUARANTINE:dark-lane range=23 distinct=24
76,63,0,0,-1,0,0,-,,,0,2.249,QUARANTINE:dark-lane range=19 distinct=20
77,0,0,8.16,1,2.43,854462,Y2,0.00/noise-like,0.00/noise-like,0,18.919,SPECTRAL-LINE
77,1,0,1.66,1,2.25,104785,Y2,,,0,18.448,clean
77,2,0,1.40,1,2.37,731796,Y4,,,0,17.833,clean
77,3,0,1.33,1,2.33,201792,Y4,,,0,17.314,clean
77,4,0,1.42,1,2.48,95218,Y4,,,0,17.142,clean
77,5,0,1.41,1,2.47,836849,Y4,,,0,17.438,clean
77,6,0,1.55,1,2.37,1114547,Y2,,,0,17.694,clean
77,7,0,1.38,1,2.30,712126,Y4,,,0,17.389,clean
77,8,0,1.58,1,2.24,984013,Y2,,,0,16.912,clean
77,9,0,1.60,1,2.34,1240164,Y2,,,0,16.832,clean
77,10,0,1.34,1244,2.34,819147,Y4,,,0,16.752,clean
77,11,0,1.55,1,2.73,1346558,Y2,,,0,16.809,clean
77,12,0,1.62,1,2.50,1356125,Y2,,,0,16.862,clean
77,13,0,1.66,1,2.50,353873,Y2,,,0,16.522,clean
77,14,0,1.58,1,2.54,726879,Y4,,,0,15.832,clean
77,15,0,1.65,1,2.51,628352,Y2,,,0,15.462,clean
77,16,0,1.46,1,2.26,602961,Y4,,,0,15.545,clean
77,17,0,1.49,1,2.39,450790,Y4,,,0,15.934,clean
77,18,0,1.61,1,2.45,764072,Y2,,,0,17.574,clean
77,19,0,1.67,1,2.41,1441062,Y4,,,0,15.872,clean
77,20,0,1.44,1042,2.61,1210570,Y4,,,0,15.014,clean
77,21,0,1.78,1,2.42,154853,Y4,,,0,14.390,clean
77,22,0,1.78,1,2.41,916332,Y2,,,0,14.308,clean
77,23,0,1.58,1,2.52,259459,Y2,,,0,14.871,clean
77,24,0,1.56,1,2.46,170857,Y4,,,0,15.777,clean
77,25,0,1.50,1,2.45,1197606,Y4,,,0,15.996,clean
77,26,0,1.42,818,2.43,623345,Y2,,,0,15.336,clean
77,27,0,1.79,1,2.37,1106948,Y4,,,0,14.804,clean
77,28,0,1.66,1,2.59,511855,Y4,,,0,14.439,clean
77,29,0,1.69,1,2.37,193030,Y2,,,0,14.607,clean
77,30,0,1.72,1,2.30,1349598,Y4,,,0,15.102,clean
77,31,0,1.49,1,2.27,1335651,Y2,,,0,15.514,clean
77,32,0,2.97,1,2.62,826031,Y2,0.24/noise-like,0.00/noise-like,0,15.079,hump-note
77,33,0,1.88,1,2.31,525445,Y4,,,0,14.087,clean
77,34,0,1.46,1,2.31,794292,Y4,,,0,13.562,clean
77,35,0,1.64,1,2.71,413328,Y2,,,0,13.704,clean
77,36,0,1.71,1,2.42,367284,Y2,,,0,13.918,clean
77,37,0,1.70,1,2.43,1074135,Y4,,,0,13.855,clean
77,38,0,2.06,1,2.41,514179,Y4,,,0,13.648,clean
77,39,0,1.70,1,2.40,565857,Y2,,,0,13.190,clean
77,40,0,1.57,1,2.39,100493,Y2,,,0,12.695,clean
77,41,0,2.11,1,2.38,755578,Y2,,,0,12.709,clean
77,42,0,1.51,1,2.34,10103,Y2,,,0,13.050,clean
77,43,0,1.68,1,2.24,695854,Y4,,,0,13.267,clean
77,44,0,1.55,1,2.65,741005,Y2,,,0,12.931,clean
77,45,0,1.87,1,2.56,54002,Y2,,,0,12.428,clean
77,46,0,2.04,1,2.55,641316,Y2,,,0,12.208,clean
77,47,0,1.96,1,2.53,453472,Y4,,,0,12.317,clean
77,48,0,2.59,1,2.31,869036,Y2,0.00/noise-like,0.24/noise-like,0,12.423,hump-note
77,49,0,2.00,1,2.50,1024514,Y2,,,0,12.393,clean
77,50,0,2.11,1,2.44,767648,Y4,,,0,11.888,clean
77,51,0,2.10,1,2.46,485122,Y4,,,0,10.783,clean
77,52,0,2.34,1,2.40,583291,Y2,,,0,9.796,clean
77,53,0,2.16,1,2.33,1065284,Y4,,,0,9.405,clean
77,54,0,2.34,1,2.41,861526,Y2,,,1,9.175,clean
77,55,0,2.79,1,2.31,415921,Y2,0.00/noise-like,0.24/noise-like,0,8.699,hump-note
77,56,0,3.39,1,2.34,1015216,Y2,0.00/noise-like,0.00/noise-like,0,7.877,hump-note
77,57,0,0,-1,0,0,-,,,0,6.663,QUARANTINE:dark-lane range=57 distinct=58
77,58,0,0,-1,0,0,-,,,0,5.442,QUARANTINE:dark-lane range=48 distinct=48
77,59,0,0,-1,0,0,-,,,0,4.473,QUARANTINE:dark-lane range=41 distinct=41
77,60,0,0,-1,0,0,-,,,0,3.746,QUARANTINE:dark-lane range=36 distinct=36
77,61,0,0,-1,0,0,-,,,0,3.249,QUARANTINE:dark-lane range=30 distinct=30
77,62,0,0,-1,0,0,-,,,0,2.742,QUARANTINE:dark-lane range=29 distinct=25
77,63,0,0,-1,0,0,-,,,0,2.246,QUARANTINE:dark-lane range=31 distinct=21
78,0,0,0,-1,0,0,-,,,0,0,ERROR:FileNotFoundError
78,1,0,1.50,1,2.49,444353,Y4,,,0,18.407,clean
78,2,0,1.38,1270,2.37,409394,Y4,,,0,17.752,clean
78,3,0,1.45,1,2.42,457674,Y4,,,0,17.265,clean
78,4,0,1.57,1,2.38,920177,Y4,,,0,17.133,clean
78,5,0,1.48,1,2.30,917763,Y2,,,0,17.424,clean
78,6,0,1.39,1,2.29,107199,Y4,,,0,17.638,clean
78,7,0,1.34,380,2.44,181049,Y2,,,0,17.355,clean
78,8,0,1.63,1,2.34,1453131,Y4,,,0,16.880,clean
78,9,0,1.59,1,2.52,1287013,Y2,,,0,16.777,clean
78,10,0,1.50,1,2.45,563353,Y4,,,0,16.702,clean
78,11,0,1.60,1,2.59,361651,Y2,,,0,16.743,clean
78,12,0,1.44,1,2.66,273675,Y4,,,0,16.841,clean
78,13,0,1.45,1,2.56,981063,Y2,,,0,16.492,clean
78,14,0,1.57,1,2.46,104785,Y2,,,0,15.798,clean
78,15,0,1.38,1,2.44,150830,Y4,,,0,15.400,clean
78,16,0,1.37,27,2.53,1464844,Y4,,,0,15.578,clean
78,17,0,1.64,1,2.50,115603,Y4,,,0,15.935,clean
78,18,0,1.62,458,2.46,1262069,Y4,,,0,17.542,clean
78,19,0,1.45,1,2.37,19401,Y2,,,0,15.830,clean
78,20,0,1.58,1,2.39,22709,Y2,,,0,14.978,clean
78,21,0,1.71,1,2.38,1220137,Y2,,,0,14.362,clean
78,22,0,1.66,1,2.38,713915,Y4,,,0,14.267,clean
78,23,0,1.36,965,2.42,11444,Y2,,,0,14.870,clean
78,24,0,1.56,1,2.39,1141369,Y4,,,0,15.748,clean
78,25,0,1.46,1,2.48,4292,Y2,,,0,15.970,clean
78,26,0,1.63,1,2.54,492454,Y4,,,0,15.290,clean
78,27,0,1.51,1,2.29,232637,Y2,,,0,14.757,clean
78,28,0,1.61,1,2.70,858039,Y4,,,0,14.411,clean
78,29,0,1.46,1,2.41,1230866,Y2,,,0,14.604,clean
78,30,0,1.85,1,2.59,135630,Y2,,,0,15.063,clean
78,31,0,1.80,1,2.44,1276821,Y4,,,0,15.488,clean
78,32,0,2.03,1,2.54,121415,Y4,,,0,15.005,clean
78,33,0,1.61,1,2.48,360489,Y4,,,0,14.071,clean
78,34,0,1.65,1,2.31,1084059,Y4,,,0,13.554,clean
78,35,0,1.46,1,2.43,914901,Y4,,,0,13.654,clean
78,36,0,1.89,1,2.28,1017898,Y2,,,0,13.895,clean
78,37,0,1.52,1,2.26,770509,Y4,,,0,13.847,clean
78,38,0,2.25,1,2.41,511050,Y4,,,0,13.659,clean
78,39,0,1.86,1,2.64,465274,Y4,,,0,13.159,clean
78,40,0,1.86,1,2.78,855267,Y2,,,0,12.678,clean
78,41,0,1.88,1,2.39,934392,Y4,,,0,12.655,clean
78,42,0,1.85,1,2.41,1098454,Y2,,,0,13.014,clean
78,43,0,1.79,1,2.58,1050442,Y2,,,0,13.243,clean
78,44,0,1.85,1,2.71,314802,Y2,,,0,12.914,clean
78,45,0,1.72,1,2.34,13232,Y4,,,0,12.395,clean
78,46,0,1.59,1,2.27,599921,Y4,,,0,12.197,clean
78,47,0,1.86,1,2.45,745296,Y4,,,0,12.311,clean
78,48,0,4.92,1,2.37,1073,Y4,0.00/noise-like,0.00/noise-like,0,12.419,hump-note
78,49,0,2.01,1,2.39,37551,Y4,,,0,12.372,clean
78,50,0,2.10,1,2.51,384003,Y4,,,0,11.871,clean
78,51,0,1.87,1,2.43,804484,Y4,,,0,10.760,clean
78,52,0,2.14,1,2.38,6437,Y2,,,0,9.794,clean
78,53,0,2.59,1,2.61,646859,Y2,0.24/noise-like,0.00/noise-like,0,9.388,hump-note
78,54,0,2.60,1,2.23,308901,Y4,0.00/noise-like,0.24/noise-like,1,9.155,hump-note
78,55,0,2.62,1,2.63,145644,Y4,0.00/noise-like,0.00/noise-like,0,8.693,hump-note
78,56,0,3.51,1,2.31,540376,Y2,0.24/noise-like,0.00/noise-like,0,7.886,hump-note
78,57,0,0,-1,0,0,-,,,0,6.668,QUARANTINE:dark-lane range=59 distinct=60
78,58,0,0,-1,0,0,-,,,0,5.436,QUARANTINE:dark-lane range=49 distinct=48
78,59,0,0,-1,0,0,-,,,0,4.464,QUARANTINE:dark-lane range=41 distinct=41
78,60,0,0,-1,0,0,-,,,0,3.745,QUARANTINE:dark-lane range=32 distinct=33
78,61,0,0,-1,0,0,-,,,0,3.248,QUARANTINE:dark-lane range=27 distinct=28
78,62,0,0,-1,0,0,-,,,0,2.737,QUARANTINE:dark-lane range=24 distinct=25
78,63,0,0,-1,0,0,-,,,0,2.246,QUARANTINE:dark-lane range=21 distinct=22
79,0,0,6.66,1,2.54,1068950,Y4,0.00/noise-like,0.00/noise-like,0,18.933,SPECTRAL-LINE
79,1,0,1.47,1119,2.33,1321703,Y2,,,0,18.439,clean
79,2,0,1.45,352,2.31,329107,Y4,,,0,17.844,clean
79,3,0,1.41,1,2.31,558525,Y4,,,0,17.317,clean
79,4,0,1.40,1,2.32,240773,Y4,,,0,17.209,clean
79,5,0,1.36,429,2.50,1010209,Y2,,,0,17.505,clean
79,6,0,1.35,1,2.40,1081645,Y2,,,0,17.663,clean
79,7,0,1.34,1,2.49,638098,Y4,,,0,17.388,clean
79,8,0,1.45,1,2.35,240594,Y4,,,0,16.954,clean
79,9,0,1.44,1,2.35,65178,Y4,,,0,16.805,clean
79,10,0,1.58,1,2.52,1006901,Y4,,,0,16.785,clean
79,11,0,1.39,1,2.52,656694,Y4,,,0,16.797,clean
79,12,0,1.40,991,2.42,322402,Y4,,,0,16.889,clean
79,13,0,1.47,1,2.44,1323134,Y4,,,0,16.554,clean
79,14,0,1.52,1,2.26,1464754,Y4,,,0,15.831,clean
79,15,0,1.68,1,2.40,1420230,Y4,,,0,15.429,clean
79,16,0,1.43,1,2.27,221729,Y4,,,0,15.578,clean
79,17,0,1.47,1,2.51,369519,Y2,,,0,15.953,clean
79,18,0,1.65,1,2.46,445604,Y4,,,0,17.605,clean
79,19,0,1.52,1,2.38,1242042,Y2,,,0,15.868,clean
79,20,0,1.67,1,2.44,280380,Y4,,,0,15.067,clean
79,21,0,1.65,1,2.51,104874,Y4,,,0,14.396,clean
79,22,0,1.59,1,2.28,1247227,Y2,,,0,14.308,clean
79,23,0,1.50,1,2.53,156730,Y2,,,0,14.869,clean
79,24,0,1.78,1,2.27,1330465,Y2,,,0,15.802,clean
79,25,0,1.54,1,2.50,1456618,Y2,,,0,16.006,clean
79,26,0,1.44,1,2.35,1431942,Y2,,,0,15.315,clean
79,27,0,1.59,1,2.60,1427203,Y2,,,0,14.800,clean
79,28,0,1.58,1,2.35,456870,Y4,,,0,14.450,clean
79,29,0,1.45,1,2.60,259548,Y4,,,0,14.609,clean
79,30,0,1.76,1,2.46,713736,Y2,,,0,15.101,clean
79,31,0,1.72,1,2.29,507116,Y2,,,0,15.531,clean
79,32,0,3.10,1,2.33,77963,Y4,0.00/?,0.00/noise-like,0,15.042,hump-note
79,33,0,1.83,1,2.40,213236,Y4,,,0,14.150,clean
79,34,0,1.40,1,2.28,77963,Y4,,,0,13.591,clean
79,35,0,1.65,1,2.76,1214147,Y2,,,0,13.737,clean
79,36,0,1.70,1,2.51,574172,Y4,,,0,13.926,clean
79,37,0,1.59,1,2.36,735193,Y4,,,0,13.872,clean
79,38,0,1.73,1,2.37,602961,Y4,,,0,13.657,clean
79,39,0,1.99,1,2.33,799298,Y4,,,0,13.220,clean
79,40,0,1.62,1,2.25,886649,Y2,,,0,12.733,clean
79,41,0,1.67,1,2.73,1406103,Y2,,,0,12.735,clean
79,42,0,1.81,1,2.43,1020402,Y2,,,0,13.059,clean
79,43,0,1.74,1,2.50,502020,Y2,,,0,13.277,clean
79,44,0,1.50,1,2.52,1376778,Y4,,,0,12.955,clean
79,45,0,1.80,1,2.37,974178,Y4,,,0,12.423,clean
79,46,0,2.18,1,2.41,181675,Y4,,,0,12.243,clean
79,47,0,1.98,1,2.49,648558,Y4,,,0,12.325,clean
79,48,0,2.72,1,2.42,327230,Y2,0.24/noise-like,0.24/noise-like,0,12.432,hump-note
79,49,0,1.78,1,2.33,735462,Y2,,,0,12.368,clean
79,50,0,2.00,1,2.42,372022,Y4,,,0,11.918,clean
79,51,0,2.37,1,2.34,1137257,Y2,,,0,10.804,clean
79,52,0,2.28,1,2.26,406176,Y4,,,0,9.818,clean
79,53,0,2.38,1,2.32,224948,Y2,,,1,9.412,clean
79,54,0,2.89,1,2.43,663310,Y2,0.00/noise-like,0.00/noise-like,1,9.166,hump-note
79,55,0,2.55,1,2.34,560224,Y2,0.00/noise-like,0.00/noise-like,1,8.703,hump-note
79,56,0,3.05,1,2.50,444889,Y2,0.24/noise-like,0.00/noise-like,0,7.890,hump-note
79,58,0,0,-1,0,0,-,,,0,5.450,QUARANTINE:dark-lane range=46 distinct=47
79,59,0,0,-1,0,0,-,,,0,4.480,QUARANTINE:dark-lane range=38 distinct=39
79,61,0,0,-1,0,0,-,,,0,3.254,QUARANTINE:dark-lane range=27 distinct=28
79,62,0,0,-1,0,0,-,,,0,2.746,QUARANTINE:dark-lane range=23 distinct=24
79,63,0,0,-1,0,0,-,,,0,2.244,QUARANTINE:dark-lane range=20 distinct=21
80,0,0,5.46,1,2.36,962734,Y4,0.00/noise-like,0.00/noise-like,0,18.776,SPECTRAL-LINE
80,1,0,1.33,1127,2.63,152797,Y2,,,0,18.388,clean
80,2,0,1.34,298,2.36,1369715,Y4,,,0,17.806,clean
80,3,0,1.51,1,2.44,392944,Y2,,,0,17.252,clean
80,4,0,1.44,1,2.48,614405,Y2,,,0,17.146,clean
80,5,0,1.41,1,2.34,443548,Y4,,,0,17.481,clean
80,6,0,1.57,1,2.57,753343,Y4,,,0,17.648,clean
80,7,0,1.45,1,2.29,1450270,Y2,,,0,17.364,clean
80,8,0,1.49,1,2.92,1179367,Y2,,,0,16.889,clean
80,9,0,1.46,1,2.47,463754,Y4,,,0,16.790,clean
80,10,0,1.57,1,2.32,87887,Y2,,,1,16.752,clean
80,11,0,1.57,1,2.34,965059,Y2,,,0,16.748,clean
80,12,0,1.48,1,2.32,175059,Y4,,,0,16.835,clean
80,13,0,1.59,1,2.30,1228452,Y4,,,0,16.546,clean
80,14,0,1.38,1,2.32,338405,Y4,,,0,15.817,clean
80,15,0,1.70,1,2.59,1179188,Y2,,,0,15.404,clean
80,16,0,1.49,1,2.51,1012713,Y4,,,0,15.554,clean
80,17,0,1.48,1,2.60,863761,Y2,,,0,15.948,clean
80,18,0,1.70,1,2.71,43720,Y4,,,0,17.552,clean
80,19,0,1.39,1,2.64,1340836,Y4,,,0,15.852,clean
80,20,0,1.58,1,2.71,423878,Y4,,,0,15.002,clean
80,21,0,1.76,1,2.43,168443,Y2,,,0,14.366,clean
80,22,0,1.65,1,2.38,136346,Y2,,,0,14.289,clean
80,23,0,1.82,1,2.45,969976,Y2,,,0,14.877,clean
80,24,0,1.46,1,2.40,505686,Y4,,,0,15.730,clean
80,25,0,1.49,1,2.29,832289,Y2,,,0,15.993,clean
80,26,0,1.66,1,2.66,713110,Y4,,,0,15.269,clean
80,27,0,1.76,1,2.35,1054823,Y2,,,0,14.774,clean
80,28,0,1.45,1,2.49,1114279,Y2,,,0,14.419,clean
80,29,0,1.59,1,2.33,1162,Y2,,,0,14.546,clean
80,30,0,1.67,1,2.40,1278073,Y2,,,0,15.072,clean
80,31,0,1.42,1,2.39,439525,Y2,,,0,15.468,clean
80,32,0,2.48,1,2.51,769079,Y4,,,0,15.025,clean
80,33,0,1.70,1,2.65,14395,Y4,,,0,14.080,clean
80,34,0,1.92,1,2.47,316143,Y2,,,0,13.535,clean
80,35,0,1.81,1,2.41,1087368,Y2,,,0,13.702,clean
80,36,0,1.79,1,2.43,531346,Y4,,,0,13.890,clean
80,37,0,1.70,1,2.26,108719,Y2,,,0,13.856,clean
80,38,0,1.87,1,2.31,1119375,Y4,,,0,13.655,clean
80,39,0,1.76,1,2.27,517488,Y2,,,0,13.173,clean
80,40,0,1.83,1,2.36,960410,Y4,,,0,12.706,clean
80,41,0,1.88,1,2.40,306308,Y2,,,0,12.696,clean
80,42,0,2.02,1,2.40,696480,Y2,,,0,13.032,clean
80,43,0,1.89,1,2.42,838548,Y2,,,0,13.251,clean
80,44,0,2.01,1,2.36,334382,Y2,,,0,12.912,clean
80,45,0,1.56,1,2.33,1346380,Y4,,,0,12.400,clean
80,46,0,1.90,1,2.49,53287,Y4,,,0,12.193,clean
80,47,0,1.85,1,2.54,184536,Y4,,,0,12.301,clean
80,48,0,3.81,1,2.33,1252592,Y2,0.00/noise-like,0.00/noise-like,0,12.414,hump-note
80,49,0,1.96,1,2.34,1095504,Y4,,,0,12.368,clean
80,50,0,2.21,1,2.44,1364350,Y2,,,0,11.901,clean
80,51,0,2.26,1,2.39,642926,Y4,,,0,10.790,clean
80,52,0,0,-1,0,0,-,,,0,0,ERROR:FileNotFoundError
80,53,0,2.22,1,2.40,646591,Y4,,,0,9.408,clean
80,54,0,2.53,1,2.35,639617,Y2,0.00/noise-like,0.24/noise-like,0,9.158,hump-note
80,55,0,2.79,1,2.20,596613,Y2,0.24/noise-like,0.00/noise-like,1,8.720,hump-note
80,56,0,2.92,1,2.71,150204,Y2,0.24/noise-like,0.00/noise-like,0,7.883,hump-note
80,57,0,0,-1,0,0,-,,,0,6.665,QUARANTINE:dark-lane range=65 distinct=59
80,59,0,0,-1,0,0,-,,,0,4.470,QUARANTINE:dark-lane range=41 distinct=42
80,61,0,0,-1,0,0,-,,,0,3.248,QUARANTINE:dark-lane range=29 distinct=29
80,62,0,0,-1,0,0,-,,,1,2.740,QUARANTINE:dark-lane range=23 distinct=24
80,63,0,0,-1,0,0,-,,,0,2.243,QUARANTINE:dark-lane range=18 distinct=19
81,0,0,6.97,1,2.37,435144,Y4,0.00/noise-like,0.00/noise-like,0,18.905,SPECTRAL-LINE
81,1,0,1.39,1,2.40,1374722,Y4,,,0,18.402,clean
81,2,0,1.59,1,2.31,155300,Y2,,,0,17.831,clean
81,3,0,1.56,1,2.41,798225,Y4,,,0,17.325,clean
81,4,0,1.53,1,2.54,831217,Y2,,,0,17.145,clean
81,5,0,1.47,1,2.61,61065,Y2,,,0,17.484,clean
81,6,0,1.34,1065,2.67,1168102,Y2,,,0,17.636,clean
81,7,0,1.75,1,2.25,170410,Y4,,,0,17.381,clean
81,8,0,1.39,811,2.41,196159,Y2,,,0,16.910,clean
81,9,0,1.50,1,2.26,1220137,Y4,,,0,16.805,clean
81,10,0,1.42,1,2.41,788122,Y4,,,0,16.741,clean
81,11,0,1.49,1,2.25,829339,Y2,,,0,16.774,clean
81,12,0,1.54,1,2.28,764877,Y4,,,0,16.868,clean
81,13,0,1.70,1,2.37,1453310,Y2,,,0,16.487,clean
81,14,0,1.45,1,2.58,837475,Y2,,,0,15.866,clean
81,15,0,1.54,1,2.43,568360,Y2,,,0,15.435,clean
81,16,0,1.68,1,2.48,88066,Y2,,,0,15.552,clean
81,17,0,1.47,1,2.32,1160592,Y2,,,0,15.967,clean
81,18,0,1.66,393,2.88,989288,Y2,,,0,17.590,clean
81,19,0,1.37,1,2.32,47386,Y4,,,0,15.862,clean
81,20,0,1.56,1,2.38,406802,Y4,,,0,15.001,clean
81,21,0,1.93,1,2.63,299782,Y4,,,0,14.372,clean
81,22,0,1.80,1,2.38,1292288,Y4,,,0,14.296,clean
81,23,0,1.50,1,2.38,1215756,Y4,,,0,14.890,clean
81,24,0,1.58,1,2.59,1037121,Y2,,,0,15.781,clean
81,25,0,1.64,1,2.48,824600,Y2,,,0,16.030,clean
81,26,0,1.68,1,2.42,445604,Y4,,,0,15.310,clean
81,27,0,1.55,1,2.35,214219,Y2,,,0,14.769,clean
81,28,0,1.73,1,2.47,70542,Y4,,,0,14.443,clean
81,29,0,1.57,1,2.32,205189,Y2,,,0,14.607,clean
81,30,0,1.44,1,2.46,778288,Y2,,,0,15.120,clean
81,31,0,1.68,1,2.53,95665,Y2,,,0,15.548,clean
81,32,0,3.04,1,2.46,677258,Y2,0.00/noise-like,0.42/WATCH,0,15.058,hump-note
81,33,0,1.59,1,2.95,1127154,Y2,,,1,14.093,clean
81,34,0,1.90,1,2.33,958711,Y4,,,0,13.552,clean
81,35,0,1.61,1,2.30,1253128,Y2,,,0,13.708,clean
81,36,0,1.75,1,2.64,250965,Y2,,,0,13.929,clean
81,37,0,1.95,1,2.49,27180,Y4,,,0,13.847,clean
81,38,0,1.78,1,2.49,879943,Y4,,,0,13.656,clean
81,39,0,1.65,1,2.23,804394,Y4,,,0,13.187,clean
81,40,0,1.77,1,2.38,686646,Y4,,,0,12.668,clean
81,41,0,1.93,1,2.48,1042306,Y2,,,0,12.718,clean
81,42,0,1.67,1,2.37,1437217,Y4,,,0,13.050,clean
81,43,0,1.99,1,2.55,178188,Y4,,,0,13.262,clean
81,44,0,1.62,1,2.40,915706,Y4,,,0,12.932,clean
81,45,0,1.53,1,2.36,1229882,Y2,,,0,12.423,clean
81,46,0,2.13,1,2.43,146359,Y4,,,0,12.233,clean
81,47,0,2.07,1,2.39,894606,Y2,,,0,12.304,clean
81,48,0,4.43,1,2.42,315607,Y2,0.00/noise-like,0.00/noise-like,0,12.427,hump-note
81,49,0,1.94,1,2.46,571132,Y4,,,0,12.371,clean
81,50,0,2.07,1,2.47,848651,Y2,,,0,11.897,clean
81,51,0,2.39,1,2.42,992864,Y4,,,0,10.790,clean
81,52,0,2.31,1,2.38,297993,Y2,,,0,9.807,clean
81,53,0,2.27,1,2.37,196517,Y4,,,0,9.406,clean
81,54,0,2.49,1,2.29,82433,Y2,,,0,9.154,clean
81,55,0,2.58,1,2.43,838816,Y4,0.00/?,0.00/?,0,8.712,hump-note
81,56,0,3.38,1,2.40,43184,Y2,0.24/noise-like,0.00/noise-like,1,7.894,hump-note
81,57,0,0,-1,0,0,-,,,0,6.666,QUARANTINE:dark-lane range=56 distinct=56
81,58,0,0,-1,0,0,-,,,0,5.443,QUARANTINE:dark-lane range=56 distinct=49
81,59,0,0,-1,0,0,-,,,0,4.472,QUARANTINE:dark-lane range=39 distinct=40
81,60,0,0,-1,0,0,-,,,0,3.755,QUARANTINE:dark-lane range=32 distinct=33
81,61,0,0,-1,0,0,-,,,0,3.253,QUARANTINE:dark-lane range=29 distinct=29
81,63,0,0,-1,0,0,-,,,0,2.245,QUARANTINE:dark-lane range=33 distinct=23
82,0,0,6.45,1,2.23,392228,Y4,0.00/noise-like,0.24/noise-like,0,18.900,SPECTRAL-LINE
82,1,0,1.43,1,2.35,293791,Y4,,,0,18.410,clean
82,2,0,1.58,1,2.43,171036,Y4,,,0,17.808,clean
82,3,0,1.41,1,2.40,154316,Y4,,,0,17.273,clean
82,4,0,1.34,1,2.39,583112,Y2,,,0,17.155,clean
82,5,0,1.55,1,3.03,1231849,Y2,0.24/noise-like,0.00/?,0,17.471,FAM-HIT
82,6,0,1.54,1,2.39,971496,Y4,,,0,17.679,clean
82,7,0,1.50,1,2.51,1291126,Y4,,,0,17.373,clean
82,8,0,1.63,1,2.42,1029700,Y2,,,0,16.898,clean
82,9,0,1.36,1,2.43,306308,Y4,,,0,16.799,clean
82,10,0,1.61,1,2.60,1440614,Y2,,,0,16.741,clean
82,11,0,1.39,387,2.61,230581,Y4,,,0,16.805,clean
82,12,0,1.57,1,2.44,737250,Y4,,,0,16.863,clean
82,13,0,1.38,1,2.48,65088,Y2,,,0,16.531,clean
82,14,0,1.57,1,2.37,1038820,Y2,,,0,15.827,clean
82,15,0,1.49,1,2.65,285029,Y2,,,0,15.420,clean
82,16,0,1.38,1,2.36,576854,Y2,,,0,15.554,clean
82,17,0,1.63,1,2.35,390619,Y4,,,0,15.961,clean
82,18,0,1.74,1,2.45,527054,Y2,,,0,17.545,clean
82,19,0,1.66,1,2.43,315696,Y4,,,0,15.834,clean
82,20,0,1.40,478,2.37,319004,Y2,,,0,15.000,clean
82,21,0,1.82,1,2.34,1421839,Y4,,,0,14.363,clean
82,22,0,1.69,1,2.71,1265198,Y4,,,0,14.287,clean
82,23,0,1.45,1,2.60,272244,Y4,,,0,14.887,clean
82,24,0,1.73,1,2.36,481725,Y4,,,0,15.767,clean
82,25,0,1.72,1,2.51,45776,Y4,,,0,15.964,clean
82,26,0,1.37,582,2.67,1372218,Y4,,,0,15.312,clean
82,27,0,1.78,1,2.53,1081914,Y4,,,0,14.772,clean
82,28,0,1.72,1,2.39,437558,Y4,,,0,14.430,clean
82,29,0,1.51,1,2.37,491470,Y4,,,0,14.602,clean
82,30,0,1.64,1,2.34,547081,Y2,,,0,15.125,clean
82,31,0,1.56,1,2.35,1420677,Y4,,,0,15.519,clean
82,32,0,2.99,1,2.31,1051068,Y4,0.00/noise-like,0.24/noise-like,0,15.027,hump-note
82,33,0,1.47,1,2.43,805199,Y4,,,0,14.100,clean
82,34,0,1.70,1,2.45,1385540,Y2,,,0,13.560,clean
82,35,0,1.89,1,2.27,1108021,Y4,,,0,13.705,clean
82,36,0,1.81,1,2.34,577569,Y2,,,0,13.890,clean
82,37,0,1.76,1,2.44,1296222,Y2,,,0,13.865,clean
82,38,0,1.66,1,2.44,467330,Y4,,,0,13.650,clean
82,39,0,1.68,1,2.35,141889,Y2,,,0,13.167,clean
82,40,0,1.74,1,2.38,434518,Y2,,,0,12.676,clean
82,41,0,1.89,1,2.61,1331985,Y4,,,0,12.711,clean
82,42,0,2.37,1,2.62,963807,Y2,,,0,13.021,clean
82,43,0,1.76,1,2.64,1068592,Y4,,,0,13.257,clean
82,44,0,1.85,1,2.42,474572,Y4,,,0,12.902,clean
82,45,0,1.71,1,2.41,930816,Y4,,,0,12.410,clean
82,46,0,2.03,1,2.39,1464844,Y2,,,0,12.212,clean
82,47,0,2.02,1,2.43,1232207,Y2,,,0,12.292,clean
82,48,0,4.23,1,2.44,1213342,Y2,0.00/noise-like,0.00/noise-like,0,12.411,hump-note
82,49,0,1.73,1,2.21,594199,Y4,,,0,12.391,clean
82,50,0,2.14,1,2.70,1270831,Y4,,,0,11.864,clean
82,51,0,2.26,1,2.27,144213,Y2,,,0,10.796,clean
82,52,0,2.22,1,2.34,1396537,Y2,,,1,9.795,clean
82,53,0,2.52,1,2.68,1331180,Y4,0.00/noise-like,0.00/noise-like,1,9.402,hump-note
82,54,0,2.75,1,2.40,188649,Y2,0.24/noise-like,0.24/noise-like,0,9.161,hump-note
82,55,0,2.73,1,2.20,1336992,Y2,0.00/noise-like,0.00/noise-like,0,8.689,hump-note
82,56,0,3.04,1,2.36,1109451,Y4,0.00/noise-like,0.00/noise-like,0,7.875,hump-note
82,59,0,0,-1,0,0,-,,,0,4.477,QUARANTINE:dark-lane range=40 distinct=40
82,60,0,0,-1,0,0,-,,,0,3.751,QUARANTINE:dark-lane range=34 distinct=32
82,62,0,0,-1,0,0,-,,,0,2.743,QUARANTINE:dark-lane range=26 distinct=27
82,63,0,0,-1,0,0,-,,,0,2.244,QUARANTINE:dark-lane range=32 distinct=21
83,0,0,7.35,1,2.65,1009941,Y2,0.00/noise-like,0.00/noise-like,0,18.889,SPECTRAL-LINE
83,1,0,1.38,1376,2.50,1257777,Y4,,,0,18.377,clean
83,2,0,1.39,439,2.56,936717,Y4,,,0,17.806,clean
83,3,0,1.43,1,2.39,557363,Y4,,,0,17.293,clean
83,4,0,1.63,1,2.37,1196533,Y4,,,0,17.146,clean
83,5,0,1.56,1,2.43,874758,Y2,,,0,17.435,clean
83,6,0,1.34,746,2.27,1427293,Y2,,,0,17.610,clean
83,7,0,1.48,1,2.29,477523,Y2,,,0,17.342,clean
83,8,0,1.56,1,2.40,1444548,Y4,,,0,16.894,clean
83,9,0,1.35,1,2.38,820398,Y4,,,0,16.749,clean
83,10,0,1.80,1,2.42,740021,Y4,,,0,16.717,clean
83,11,0,1.56,1,2.45,1208335,Y4,,,0,16.773,clean
83,12,0,1.50,1,2.44,1391977,Y2,,,0,16.856,clean
83,13,0,1.63,1,2.34,1044720,Y4,,,0,16.490,clean
83,14,0,1.58,1,2.39,36210,Y2,,,0,15.806,clean
83,15,0,1.44,290,2.27,1380712,Y2,,,0,15.375,clean
83,16,0,1.46,1,2.81,176311,Y2,,,0,15.515,clean
83,17,0,1.71,1,2.26,725627,Y2,,,0,15.931,clean
83,18,0,1.78,1,2.30,306755,Y2,,,0,17.520,clean
83,19,0,1.46,1,2.66,1165956,Y2,,,0,15.848,clean
83,20,0,1.61,1,2.36,1278162,Y4,,,0,14.962,clean
83,21,0,1.76,1,2.40,1305789,Y2,,,0,14.354,clean
83,22,0,1.81,1,2.34,976771,Y4,,,0,14.256,clean
83,23,0,1.44,1,2.29,154853,Y2,,,0,14.879,clean
83,24,0,1.61,1,2.48,1200646,Y4,,,0,15.722,clean
83,25,0,1.51,1,2.32,807971,Y4,,,0,15.967,clean
83,26,0,1.52,1,2.29,313193,Y4,,,0,15.288,clean
83,27,0,1.76,1,2.31,28342,Y2,,,0,14.733,clean
83,28,0,1.86,1,2.28,430226,Y4,,,0,14.404,clean
83,29,0,1.75,1,2.58,1268595,Y4,,,0,14.549,clean
83,30,0,1.61,1,2.38,1426309,Y2,,,0,15.067,clean
83,31,0,1.64,1,2.32,1095057,Y4,,,0,15.500,clean
83,32,0,1.34,798,2.39,368983,Y2,,,0,15.003,clean
83,33,0,1.64,1,2.50,671893,Y4,,,0,14.081,clean
83,34,0,1.77,1,2.40,400990,Y2,,,0,13.540,clean
83,35,0,1.70,1,2.61,1071006,Y4,,,0,13.669,clean
83,36,0,1.69,1,2.59,920981,Y2,,,0,13.871,clean
83,37,0,1.45,1,2.30,1432300,Y4,,,0,13.813,clean
83,38,0,1.59,1,2.29,1453757,Y2,,,0,13.664,clean
83,39,0,1.72,1,2.33,656068,Y2,,,0,13.154,clean
83,40,0,1.94,1,2.46,905514,Y4,,,0,12.675,clean
83,41,0,1.71,1,2.26,1075476,Y2,,,0,12.679,clean
83,42,0,1.92,1,2.46,252038,Y2,,,0,13.032,clean
83,43,0,1.68,1,2.34,544488,Y4,,,0,13.252,clean
83,44,0,1.69,1,2.30,8762,Y4,,,0,12.894,clean
83,45,0,1.71,1,2.50,94324,Y2,,,0,12.400,clean
83,46,0,1.62,1,2.62,1135290,Y2,,,0,12.177,clean
83,47,0,1.85,1,2.24,1260012,Y2,,,0,12.286,clean
83,48,0,3.32,1,2.23,79036,Y2,0.00/noise-like,0.00/noise-like,0,12.400,hump-note
83,49,0,1.61,1,2.49,599295,Y4,,,0,12.334,clean
83,50,0,1.82,1,2.38,122309,Y2,,,0,11.847,clean
83,51,0,2.30,1,2.28,106663,Y4,,,0,10.775,clean
83,52,0,2.75,1,2.31,1266807,Y4,0.00/noise-like,0.00/noise-like,0,9.787,hump-note
83,53,0,2.26,1,2.38,36389,Y4,,,0,9.398,clean
83,54,0,2.82,1,2.66,1428455,Y2,0.00/noise-like,0.00/noise-like,0,9.146,hump-note
83,55,0,2.79,1,2.40,640601,Y2,0.24/noise-like,0.24/noise-like,0,8.694,hump-note
83,56,0,3.37,1,2.28,198841,Y4,0.00/noise-like,0.00/noise-like,0,7.865,hump-note
83,57,0,0,-1,0,0,-,,,0,6.652,QUARANTINE:dark-lane range=56 distinct=57
83,58,0,0,-1,0,0,-,,,0,5.428,QUARANTINE:dark-lane range=47 distinct=47
83,59,0,0,-1,0,0,-,,,0,4.470,QUARANTINE:dark-lane range=37 distinct=38
83,60,0,0,-1,0,0,-,,,0,3.739,QUARANTINE:dark-lane range=38 distinct=35
83,61,0,0,-1,0,0,-,,,0,3.244,QUARANTINE:dark-lane range=30 distinct=30
83,62,0,0,-1,0,0,-,,,0,2.732,QUARANTINE:dark-lane range=24 distinct=25
83,63,0,0,-1,0,0,-,,,0,2.244,QUARANTINE:dark-lane range=20 distinct=21
84,0,0,6.23,1,2.45,1055092,Y2,0.42/WATCH,0.00/noise-like,0,18.841,SPECTRAL-LINE
84,1,0,1.43,258,2.60,394374,Y4,,,0,18.340,clean
84,2,0,1.43,813,2.32,728220,Y2,,,0,17.745,clean
84,3,0,1.37,446,2.43,958353,Y4,,,0,17.223,clean
84,4,0,1.60,1,2.51,724107,Y2,,,0,17.107,clean
84,5,0,1.61,1,2.44,280827,Y2,,,0,17.424,clean
84,6,0,1.44,1,2.34,204831,Y4,,,0,17.625,clean
84,7,0,1.49,1,2.33,1224786,Y2,,,0,17.342,clean
84,8,0,1.46,173,2.38,607431,Y2,,,0,16.890,clean
84,9,0,1.42,1,2.38,651062,Y2,,,0,16.735,clean
84,10,0,1.57,1,2.38,856340,Y4,,,0,16.692,clean
84,11,0,1.63,1,2.61,701576,Y4,,,0,16.728,clean
84,12,0,1.57,1,2.55,647217,Y4,,,0,16.786,clean
84,13,0,1.73,1,2.54,1437485,Y2,,,0,16.474,clean
84,14,0,1.61,1,2.23,815839,Y2,,,0,15.800,clean
84,15,0,1.55,1,2.35,1371682,Y4,,,0,15.372,clean
84,16,0,1.47,1,2.26,1333594,Y4,,,0,15.497,clean
84,17,0,1.57,1,2.48,396341,Y2,,,0,15.931,clean
84,18,0,1.72,1,2.36,1096576,Y2,,,0,17.517,clean
84,19,0,1.50,1,2.37,176668,Y4,,,0,15.833,clean
84,20,0,1.59,1,2.48,30935,Y4,,,0,14.966,clean
84,21,0,1.79,1,2.57,850439,Y2,,,0,14.360,clean
84,22,0,1.81,1,2.51,1425952,Y4,,,0,14.251,clean
84,23,0,1.53,1,2.39,1373023,Y2,,,0,14.869,clean
84,24,0,1.37,1,2.44,1101583,Y4,,,0,15.718,clean
84,25,0,1.57,1,2.44,311315,Y2,,,0,15.928,clean
84,26,0,1.42,1,2.30,149131,Y4,,,0,15.249,clean
84,27,0,1.60,1,2.30,895768,Y4,,,0,14.736,clean
84,28,0,1.65,1,2.39,259370,Y4,,,0,14.399,clean
84,29,0,1.54,1,2.28,124097,Y4,,,0,14.557,clean
84,30,0,1.78,1,2.46,359595,Y4,,,0,15.046,clean
84,31,0,1.83,1,2.36,668228,Y2,,,0,15.463,clean
84,32,0,1.38,468,2.34,699431,Y2,,,0,15.004,clean
84,33,0,1.75,1,2.47,181675,Y4,,,0,14.062,clean
84,34,0,1.75,1,2.39,401527,Y2,,,0,13.538,clean
84,35,0,1.52,1,2.32,409931,Y2,,,0,13.697,clean
84,36,0,1.78,1,2.46,123292,Y2,,,0,13.859,clean
84,37,0,1.75,1,2.42,480562,Y2,,,0,13.846,clean
84,38,0,1.79,1,2.48,451773,Y2,,,0,13.626,clean
84,39,0,1.67,1,2.50,1248300,Y2,,,0,13.158,clean
84,40,0,1.58,1,2.35,1415044,Y2,,,1,12.637,clean
84,41,0,1.74,1,2.58,1334041,Y2,,,0,12.639,clean
84,42,0,1.87,1,2.35,892192,Y4,,,0,13.005,clean
84,43,0,1.64,1,2.62,1261890,Y4,,,0,13.226,clean
84,44,0,1.88,1,2.41,881642,Y2,,,0,12.906,clean
84,45,0,1.96,1,2.30,1173824,Y2,,,0,12.387,clean
84,46,0,2.04,1,2.42,32187,Y4,,,0,12.184,clean
84,47,0,1.80,1,2.52,945121,Y2,,,0,12.298,clean
84,48,0,5.13,1,2.42,898004,Y4,0.24/noise-like,0.00/noise-like,0,12.404,SPECTRAL-LINE
84,49,0,1.58,1,2.38,1187235,Y2,,,0,12.339,clean
84,50,0,2.00,1,2.25,736892,Y2,,,0,11.855,clean
84,51,0,2.27,1,2.56,15289,Y4,,,0,10.773,clean
84,52,0,2.42,1,2.49,69559,Y2,,,0,9.775,clean
84,53,0,2.23,1,3.02,1056343,Y2,0.00/noise-like,0.00/?,0,9.390,FAM-HIT
84,54,0,2.70,1,2.31,48012,Y4,0.00/?,0.00/?,0,9.146,hump-note
84,55,0,2.69,1,2.46,226557,Y2,0.00/?,0.00/noise-like,0,8.681,hump-note
84,56,0,3.30,1,2.48,219494,Y4,0.00/noise-like,0.24/noise-like,0,7.870,hump-note
84,57,0,0,-1,0,0,-,,,0,6.630,QUARANTINE:dark-lane range=61 distinct=58
84,58,0,0,-1,0,0,-,,,0,5.430,QUARANTINE:dark-lane range=50 distinct=48
84,59,0,0,-1,0,0,-,,,0,4.469,QUARANTINE:dark-lane range=39 distinct=39
84,60,0,0,-1,0,0,-,,,0,3.744,QUARANTINE:dark-lane range=34 distinct=35
84,61,0,0,-1,0,0,-,,,0,3.244,QUARANTINE:dark-lane range=28 distinct=29
84,62,0,0,-1,0,0,-,,,0,2.734,QUARANTINE:dark-lane range=23 distinct=24
84,63,0,0,-1,0,0,-,,,0,2.243,QUARANTINE:dark-lane range=21 distinct=22
85,0,0,6.17,1,2.39,597149,Y2,0.00/noise-like,0.00/noise-like,0,18.963,SPECTRAL-LINE
85,1,0,1.41,1,2.38,1412541,Y2,,,0,18.443,clean
85,2,0,1.61,1,2.39,8851,Y2,,,0,17.845,clean
85,3,0,1.54,1,2.62,115782,Y4,,,0,17.331,clean
85,4,0,1.38,1060,2.36,357807,Y4,,,0,17.207,clean
85,5,0,1.51,1,2.38,586241,Y2,,,0,17.452,clean
85,6,0,1.48,1,2.37,735909,Y4,,,0,17.688,clean
85,7,0,1.45,1,2.30,500321,Y2,,,0,17.409,clean
85,8,0,1.57,1,2.40,790715,Y4,,,0,16.944,clean
85,9,0,1.40,1,2.36,161380,Y2,,,1,16.836,clean
85,10,0,1.45,1,2.51,42200,Y2,,,0,16.742,clean
85,11,0,1.51,1,2.42,308722,Y2,,,0,16.787,clean
85,12,0,1.55,1,2.25,690937,Y4,,,0,16.849,clean
85,13,0,1.64,1,2.72,454366,Y2,,,0,16.552,clean
85,14,0,1.53,1,2.67,354141,Y4,,,0,15.840,clean
85,15,0,1.61,1,2.58,224143,Y4,,,0,15.430,clean
85,16,0,1.40,1,2.39,949323,Y2,,,0,15.569,clean
85,17,0,1.44,1,2.20,1396179,Y4,,,0,15.981,clean
85,18,0,1.76,1,2.62,261515,Y4,,,0,17.604,clean
85,19,0,1.63,1,2.37,140280,Y4,,,0,15.875,clean
85,20,0,1.53,1,2.30,485748,Y2,,,0,15.034,clean
85,21,0,1.80,1,2.54,766665,Y2,,,0,14.419,clean
85,22,0,1.63,1,2.32,1212984,Y2,,,0,14.308,clean
85,23,0,1.84,1,2.44,1137882,Y4,,,0,14.887,clean
85,24,0,1.70,1,2.56,552803,Y4,,,0,15.757,clean
85,25,0,1.77,1,2.52,556558,Y2,,,0,15.986,clean
85,26,0,1.61,1,2.48,309438,Y4,,,2,15.337,clean
85,27,0,1.58,1,2.29,155747,Y4,,,0,14.783,clean
85,28,0,1.75,1,2.54,200272,Y4,,,0,14.438,clean
85,29,0,1.81,1,2.30,7868,Y2,,,0,14.608,clean
85,30,0,1.63,1,2.39,496566,Y2,,,0,15.105,clean
85,31,0,1.46,1,2.40,542611,Y4,,,0,15.498,clean
85,32,0,2.23,1,2.36,579536,Y4,,,0,15.053,clean
85,33,0,1.56,1,2.60,1061618,Y4,,,0,14.114,clean
85,34,0,1.80,1,2.36,924647,Y2,,,0,13.557,clean
85,35,0,1.71,1,2.53,197768,Y4,,,0,13.700,clean
85,36,0,1.80,1,2.42,58830,Y2,,,0,13.909,clean
85,37,0,1.54,1,2.36,684321,Y4,,,0,13.871,clean
85,38,0,1.71,1,2.36,21547,Y2,,,0,13.682,clean
85,39,0,1.66,1,2.55,703812,Y2,,,0,13.220,clean
85,40,0,1.74,1,2.23,42647,Y2,,,0,12.717,clean
85,41,0,1.85,1,2.29,1259834,Y4,,,0,12.729,clean
85,42,0,1.62,1,2.41,899076,Y4,,,0,13.063,clean
85,43,0,1.43,1,2.48,493437,Y2,,,0,13.276,clean
85,44,0,1.78,1,2.55,735462,Y4,,,0,12.957,clean
85,45,0,1.76,1,2.83,324100,Y4,,,0,12.418,clean
85,46,0,1.79,1,2.37,159681,Y2,,,0,12.247,clean
85,47,0,2.06,1,2.90,452936,Y4,,,0,12.333,clean
85,48,0,2.55,1,2.65,1426309,Y2,0.24/noise-like,0.24/noise-like,0,12.441,hump-note
85,49,0,1.71,1,2.27,1380712,Y4,,,0,12.392,clean
85,50,0,2.03,1,2.40,136882,Y4,,,0,11.887,clean
85,51,0,2.57,1,2.34,127226,Y2,0.00/noise-like,0.24/noise-like,0,10.816,hump-note
85,52,0,2.31,1,2.73,1237214,Y4,,,0,9.803,clean
85,53,0,2.29,1,2.55,541091,Y2,,,0,9.418,clean
85,54,0,2.50,1,2.47,579178,Y4,0.24/noise-like,0.00/noise-like,3,9.163,hump-note
85,55,0,2.91,1,2.31,588119,Y2,0.00/noise-like,0.00/noise-like,0,8.709,hump-note
85,56,0,3.26,1,2.48,608951,Y4,0.00/noise-like,0.00/noise-like,0,7.892,hump-note
85,57,0,0,-1,0,0,-,,,0,6.667,QUARANTINE:dark-lane range=53 distinct=53
85,59,0,0,-1,0,0,-,,,0,4.477,QUARANTINE:dark-lane range=41 distinct=39
85,60,0,0,-1,0,0,-,,,0,3.756,QUARANTINE:dark-lane range=32 distinct=33
85,61,0,0,-1,0,0,-,,,0,3.256,QUARANTINE:dark-lane range=29 distinct=30
85,62,0,0,-1,0,0,-,,,0,2.749,QUARANTINE:dark-lane range=24 distinct=25
85,63,0,0,-1,0,0,-,,,0,2.249,QUARANTINE:dark-lane range=23 distinct=21
86,0,0,6.10,1,2.42,946730,Y2,0.00/noise-like,0.24/noise-like,0,18.797,SPECTRAL-LINE
86,1,0,1.50,1,2.46,616461,Y2,,,0,18.395,clean
86,2,0,1.86,1,2.46,473410,Y2,,,0,17.818,clean
86,3,0,1.37,236,2.39,549227,Y2,,,0,17.289,clean
86,4,0,1.53,1,2.22,1218349,Y4,,,0,17.161,clean
86,5,0,1.41,88,2.39,1260906,Y2,,,0,17.431,clean
86,6,0,1.63,1,2.55,1359165,Y4,,,0,17.671,clean
86,7,0,1.55,1,2.66,422269,Y4,,,0,17.351,clean
86,8,0,1.47,883,2.75,121415,Y2,,,0,16.900,clean
86,9,0,1.48,1,2.62,62048,Y2,,,0,16.783,clean
86,10,0,1.52,1,2.34,423163,Y2,,,0,16.742,clean
86,11,0,1.61,1,2.34,1033723,Y2,,,0,16.748,clean
86,12,0,1.66,1,2.54,371218,Y4,,,0,16.841,clean
86,13,0,1.47,1,2.60,924915,Y4,,,0,16.529,clean
86,14,0,1.52,1,2.38,985801,Y2,,,0,15.790,clean
86,15,0,1.70,1,2.68,1048028,Y4,,,0,15.382,clean
86,16,0,1.35,969,2.34,126421,Y2,,,0,15.534,clean
86,17,0,1.55,1,2.37,830144,Y2,,,0,15.933,clean
86,18,0,1.67,318,2.45,702560,Y4,,,0,17.546,clean
86,19,0,1.60,1,2.38,773817,Y4,,,0,15.850,clean
86,20,0,1.36,1,2.30,666529,Y4,,,0,14.973,clean
86,21,0,1.66,1,2.48,152439,Y4,,,0,14.383,clean
86,22,0,1.53,1,2.29,1141816,Y4,,,0,14.290,clean
86,23,0,1.78,1,2.36,4828,Y2,,,0,14.870,clean
86,24,0,1.53,1,2.33,1081467,Y2,,,0,15.749,clean
86,25,0,1.75,1,2.41,791878,Y4,,,0,15.989,clean
86,26,0,1.63,1,2.40,793844,Y2,,,0,15.329,clean
86,27,0,1.66,1,2.39,683695,Y2,,,0,14.775,clean
86,28,0,1.45,1,2.63,388384,Y2,,,0,14.418,clean
86,29,0,1.47,1,2.71,278145,Y2,,,0,14.557,clean
86,30,0,1.53,1,2.30,351727,Y4,,,0,15.095,clean
86,31,0,1.47,691,2.65,67681,Y4,,,0,15.502,clean
86,32,0,2.84,1,2.26,1070291,Y2,0.00/?,0.00/noise-like,0,15.051,hump-note
86,33,0,1.76,1,2.35,1104712,Y2,,,0,14.076,clean
86,34,0,1.57,1,2.39,905782,Y2,,,0,13.583,clean
86,35,0,1.76,1,2.45,879675,Y4,,,0,13.687,clean
86,36,0,1.61,1,2.62,191420,Y4,,,0,13.877,clean
86,37,0,1.80,1,2.28,1379639,Y2,,,0,13.828,clean
86,38,0,1.86,1,2.57,1114190,Y4,,,0,13.665,clean
86,39,0,2.02,1,2.33,455171,Y2,,,0,13.172,clean
86,40,0,2.06,1,2.53,743061,Y4,,,0,12.698,clean
86,41,0,1.90,1,2.33,6348,Y2,,,0,12.694,clean
86,42,0,1.80,1,2.53,1418620,Y2,,,0,13.050,clean
86,43,0,1.72,1,2.54,190079,Y4,,,0,13.242,clean
86,44,0,1.81,1,2.40,28074,Y2,,,0,12.931,clean
86,45,0,1.80,1,2.50,259548,Y4,,,0,12.400,clean
86,46,0,1.91,1,2.57,1270026,Y2,,,0,12.208,clean
86,47,0,1.81,1,2.52,1096040,Y4,,,0,12.318,clean
86,48,0,3.80,1,2.41,995725,Y2,0.24/noise-like,0.00/noise-like,0,12.419,hump-note
86,49,0,2.14,1,2.56,769168,Y2,,,0,12.357,clean
86,50,0,2.10,1,2.45,447,Y2,,,0,11.891,clean
86,51,0,2.03,1,2.54,910699,Y4,,,0,10.782,clean
86,52,0,2.46,1,2.27,1228273,Y2,,,0,9.808,clean
86,53,0,2.32,1,2.55,165671,Y4,,,0,9.402,clean
86,54,0,2.42,1,2.33,1419514,Y4,,,1,9.171,clean
86,55,0,2.71,1,2.35,1321971,Y4,0.00/?,0.00/?,0,8.700,hump-note
86,56,0,3.36,1,2.74,320256,Y2,0.00/noise-like,0.00/noise-like,0,7.862,hump-note
86,59,0,0,-1,0,0,-,,,0,4.472,QUARANTINE:dark-lane range=37 distinct=38
86,60,0,0,-1,0,0,-,,,0,3.747,QUARANTINE:dark-lane range=33 distinct=34
86,61,0,0,-1,0,0,-,,,0,3.252,QUARANTINE:dark-lane range=30 distinct=30
86,62,0,0,-1,0,0,-,,,0,2.741,QUARANTINE:dark-lane range=22 distinct=23
86,63,0,0,-1,0,0,-,,,0,2.242,QUARANTINE:dark-lane range=19 distinct=20
87,0,0,4.75,1,2.56,1127422,Y2,0.00/noise-like,0.00/noise-like,0,18.742,hump-note
87,1,0,1.43,426,2.28,537068,Y2,,,0,18.388,clean
87,2,0,1.53,1,2.55,1391351,Y2,,,0,17.797,clean
87,3,0,1.51,1,2.37,1398683,Y4,,,0,17.262,clean
87,4,0,1.37,1,2.35,1054198,Y2,,,0,17.122,clean
87,5,0,1.39,1,2.47,913739,Y4,,,0,17.439,clean
87,6,0,1.37,1534,2.60,737429,Y2,,,0,17.635,clean
87,7,0,1.54,1,2.31,1462430,Y2,,,0,17.346,clean
87,8,0,1.39,1003,2.29,1217365,Y2,,,0,16.890,clean
87,9,0,1.54,1,2.56,678778,Y2,,,0,16.778,clean
87,10,0,1.80,1,2.33,997514,Y2,,,0,16.707,clean
87,11,0,1.32,1,2.40,1199216,Y4,,,0,16.747,clean
87,12,0,1.49,388,2.31,692368,Y2,,,0,16.842,clean
87,13,0,1.53,1,2.26,375688,Y2,,,0,16.522,clean
87,14,0,1.64,1,2.27,870377,Y4,,,0,15.786,clean
87,15,0,1.72,1,2.55,350922,Y4,,,0,15.410,clean
87,16,0,1.46,1,2.60,1330286,Y4,,,0,15.533,clean
87,17,0,1.47,1,2.45,1413167,Y4,,,0,15.901,clean
87,18,0,1.58,414,2.46,502735,Y2,,,0,17.541,clean
87,19,0,1.44,1,2.36,781506,Y4,,,0,15.830,clean
87,20,0,1.68,1,2.23,755221,Y4,,,0,15.006,clean
87,21,0,1.72,1,2.25,714183,Y2,,,0,14.376,clean
87,22,0,1.89,1,2.41,479668,Y4,,,0,14.300,clean
87,23,0,1.60,1,2.25,270635,Y4,,,0,14.867,clean
87,24,0,1.37,1107,3.01,824511,Y4,0.00/noise-like,0.00/noise-like,0,15.737,FAM-HIT
87,25,0,1.65,1,2.37,1412094,Y4,,,0,15.983,clean
87,26,0,1.88,1,2.36,449717,Y2,,,0,15.312,clean
87,27,0,1.93,1,2.26,639260,Y4,,,0,14.736,clean
87,28,0,1.70,1,2.41,967383,Y2,,,0,14.437,clean
87,29,0,1.66,1,2.37,399917,Y4,,,0,14.564,clean
87,30,0,1.56,1,2.39,12606,Y2,,,0,15.079,clean
87,31,0,1.37,1,2.46,214577,Y4,,,1,15.463,clean
87,32,0,2.12,1,2.55,137508,Y2,,,0,15.017,clean
87,33,0,1.94,1,2.29,146627,Y2,,,0,14.084,clean
87,34,0,1.93,1,2.31,927418,Y2,,,0,13.547,clean
87,35,0,1.47,1,2.41,819415,Y4,,,0,13.683,clean
87,36,0,1.59,1,2.44,1219332,Y4,,,0,13.877,clean
87,37,0,1.74,1,2.45,1271904,Y2,,,0,13.866,clean
87,38,0,1.65,1,2.24,172913,Y2,,,0,13.616,clean
87,39,0,2.38,1,2.52,712126,Y2,,,0,13.153,clean
87,40,0,1.60,1,2.29,1396000,Y4,,,0,12.701,clean
87,41,0,1.93,1,2.46,366032,Y2,,,0,12.704,clean
87,42,0,1.68,1,2.48,798315,Y2,,,0,13.021,clean
87,43,0,1.92,1,2.35,1046866,Y2,,,0,13.250,clean
87,44,0,2.04,1,2.53,2056,Y4,,,0,12.880,clean
87,45,0,1.64,1,2.38,758171,Y2,,,0,12.391,clean
87,46,0,1.78,1,2.56,297636,Y2,,,0,12.183,clean
87,47,0,1.78,1,2.38,216365,Y2,,,0,12.302,clean
87,48,0,4.59,1,2.46,1294881,Y4,0.00/noise-like,0.00/noise-like,0,12.398,hump-note
87,49,0,2.20,1,2.86,1147807,Y2,,,0,12.349,clean
87,50,0,2.14,1,2.35,1213074,Y2,,,0,11.890,clean
87,51,0,2.21,1,2.68,152260,Y2,,,0,10.778,clean
87,52,0,2.72,1,2.44,81003,Y4,0.00/noise-like,0.00/noise-like,0,9.784,hump-note
87,53,0,2.54,1,2.43,1322597,Y4,0.24/noise-like,0.24/noise-like,0,9.385,hump-note
87,54,0,2.79,1,2.46,593483,Y2,0.00/noise-like,0.24/noise-like,0,9.162,hump-note
87,55,0,2.93,1,2.49,940382,Y4,0.00/noise-like,0.00/noise-like,0,8.695,hump-note
87,56,0,2.92,1,2.41,131875,Y2,0.00/noise-like,0.00/noise-like,0,7.869,hump-note
87,57,0,0,-1,0,0,-,,,0,6.649,QUARANTINE:dark-lane range=65 distinct=58
87,58,0,0,-1,0,0,-,,,0,5.441,QUARANTINE:dark-lane range=53 distinct=51
87,59,0,0,-1,0,0,-,,,0,4.472,QUARANTINE:dark-lane range=41 distinct=40
87,60,0,0,-1,0,0,-,,,0,3.742,QUARANTINE:dark-lane range=34 distinct=35
87,61,0,0,-1,0,0,-,,,0,3.247,QUARANTINE:dark-lane range=26 distinct=27
87,62,0,0,-1,0,0,-,,,0,2.740,QUARANTINE:dark-lane range=24 distinct=25
87,63,0,0,-1,0,0,-,,,3,2.255,QUARANTINE:dark-lane range=20 distinct=21
88,0,0,6.98,1,2.33,1270026,Y4,0.00/noise-like,0.00/noise-like,0,18.855,SPECTRAL-LINE
88,1,0,1.56,1,2.23,903457,Y4,,,0,18.419,clean
88,2,0,1.40,1,2.36,1227736,Y4,,,0,17.811,clean
88,3,0,1.52,1,2.43,162184,Y4,,,0,17.290,clean
88,4,0,1.32,456,2.22,777930,Y2,,,0,17.145,clean
88,5,0,1.46,1,2.38,317305,Y4,,,0,17.471,clean
88,6,0,1.51,1,2.40,144571,Y2,,,0,17.672,clean
88,7,0,1.69,1,2.29,490755,Y2,,,0,17.348,clean
88,8,0,1.51,1,2.50,215650,Y2,,,0,16.897,clean
88,9,0,1.44,1,2.30,1299798,Y4,,,0,16.805,clean
88,10,0,1.36,285,2.46,1058936,Y2,,,0,16.740,clean
88,11,0,1.47,1,2.43,569254,Y2,,,0,16.745,clean
88,12,0,1.40,1,2.34,1091301,Y4,,,0,16.837,clean
88,13,0,1.47,1,2.73,671089,Y2,,,0,16.541,clean
88,14,0,1.58,1,2.43,164598,Y4,,,0,15.818,clean
88,15,0,1.88,1,2.19,245601,Y2,,,0,15.407,clean
88,16,0,1.42,258,2.57,633001,Y4,,,0,15.497,clean
88,17,0,1.32,1,2.29,502646,Y2,,,0,15.925,clean
88,18,0,1.59,351,2.45,364780,Y2,,,0,17.541,clean
88,19,0,1.62,1,2.17,853837,Y4,,,0,15.841,clean
88,20,0,1.59,1,2.40,524998,Y4,,,0,14.991,clean
88,21,0,1.85,1,2.50,766307,Y2,,,0,14.385,clean
88,22,0,1.70,1,2.47,160575,Y2,,,0,14.291,clean
88,23,0,1.42,1,2.64,1002699,Y4,,,0,14.863,clean
88,24,0,1.64,1,2.40,1083434,Y4,,,0,15.757,clean
88,25,0,1.47,939,2.47,198305,Y4,,,0,15.966,clean
88,26,0,1.50,1,2.64,715256,Y4,,,0,15.311,clean
88,27,0,1.63,1,2.35,27537,Y2,,,0,14.757,clean
88,28,0,1.69,1,2.57,118643,Y2,,,0,14.427,clean
88,29,0,1.80,1,2.59,59277,Y2,,,0,14.554,clean
88,30,0,1.54,1,2.48,346363,Y2,,,0,15.074,clean
88,31,0,1.62,1,2.46,102997,Y4,,,1,15.513,clean
88,32,0,2.89,1,2.30,967026,Y2,0.00/noise-like,0.00/noise-like,0,15.049,hump-note
88,33,0,1.74,1,2.30,469208,Y4,,,0,14.088,clean
88,34,0,2.03,1,2.46,270456,Y4,,,0,13.559,clean
88,35,0,1.88,1,2.19,1013696,Y4,,,0,13.686,clean
88,36,0,1.77,1,2.30,582397,Y4,,,0,13.862,clean
88,37,0,1.84,1,2.36,61423,Y2,,,0,13.848,clean
88,38,0,1.56,1,2.44,184804,Y2,,,0,13.630,clean
88,39,0,1.59,1,2.40,1244545,Y2,,,0,13.180,clean
88,40,0,1.65,1,2.52,216365,Y2,,,0,12.686,clean
88,41,0,2.10,1,2.38,1387596,Y4,,,0,12.671,clean
88,42,0,1.62,1,2.42,1168460,Y4,,,0,13.037,clean
88,43,0,1.82,1,2.53,326157,Y4,,,0,13.264,clean
88,44,0,1.93,1,2.36,547618,Y4,,,0,12.927,clean
88,45,0,2.19,1,2.42,561923,Y4,,,0,12.406,clean
88,46,0,1.99,1,2.75,335276,Y2,,,0,12.218,clean
88,47,0,1.80,1,2.36,756651,Y4,,,0,12.307,clean
88,48,0,4.40,1,2.42,102997,Y2,0.24/noise-like,0.00/noise-like,0,12.465,hump-note
88,49,0,2.05,1,2.45,321060,Y4,,,0,12.368,clean
88,50,0,1.90,1,2.78,1182854,Y2,,,0,11.865,clean
88,51,0,2.20,1,2.65,1243651,Y4,,,0,10.788,clean
88,52,0,2.14,1,2.38,808239,Y2,,,0,9.780,clean
88,53,0,2.84,1,2.50,64731,Y2,0.24/noise-like,0.00/noise-like,0,9.408,hump-note
88,54,0,2.63,1,2.41,378728,Y4,0.00/noise-like,0.00/noise-like,1,9.149,hump-note
88,55,0,3.05,1,2.34,1247674,Y2,0.00/?,0.00/noise-like,0,8.692,hump-note
88,56,0,3.13,1,2.42,923485,Y2,0.00/?,0.00/?,0,7.885,hump-note
88,57,0,0,-1,0,0,-,,,0,6.657,QUARANTINE:dark-lane range=57 distinct=57
88,58,0,0,-1,0,0,-,,,0,5.442,QUARANTINE:dark-lane range=50 distinct=48
88,60,0,0,-1,0,0,-,,,0,3.748,QUARANTINE:dark-lane range=35 distinct=34
88,61,0,0,-1,0,0,-,,,0,3.249,QUARANTINE:dark-lane range=27 distinct=28
88,62,0,0,-1,0,0,-,,,0,2.734,QUARANTINE:dark-lane range=24 distinct=25
88,63,0,0,-1,0,0,-,,,4,2.255,QUARANTINE:dark-lane range=19 distinct=20
89,0,0,5.58,1,2.43,22352,Y2,0.24/noise-like,0.00/noise-like,0,18.830,SPECTRAL-LINE
89,1,0,1.39,1,2.34,95844,Y4,,,0,18.373,clean
89,2,0,1.77,1,2.35,857681,Y2,,,0,17.823,clean
89,3,0,1.83,1,2.28,690043,Y4,,,0,17.274,clean
89,4,0,1.53,1,2.38,1361042,Y4,,,0,17.154,clean
89,5,0,1.74,1,2.56,197411,Y2,,,0,17.473,clean
89,6,0,1.37,916,2.36,1162469,Y4,,,0,17.671,clean
89,7,0,1.48,1,2.65,87082,Y2,,,0,17.384,clean
89,8,0,1.73,1,2.47,116766,Y4,,,0,16.884,clean
89,9,0,1.60,1,2.53,383288,Y2,,,0,16.783,clean
89,10,0,1.52,1,2.28,1023173,Y4,,,0,16.724,clean
89,11,0,1.31,1354,2.47,923842,Y4,,,0,16.785,clean
89,12,0,1.48,1,2.47,974178,Y2,,,0,16.853,clean
89,13,0,1.67,1,2.57,148147,Y4,,,0,16.493,clean
89,14,0,1.62,1,2.32,180244,Y4,,,0,15.816,clean
89,15,0,1.68,1,2.30,278592,Y2,,,0,15.396,clean
89,16,0,1.55,1,2.40,612527,Y2,,,0,15.578,clean
89,17,0,1.76,1,2.17,1207173,Y2,,,0,15.956,clean
89,18,0,1.80,1,2.47,395358,Y2,,,0,17.560,clean
89,19,0,1.34,1406,2.60,746369,Y2,,,0,15.852,clean
89,20,0,1.34,405,2.48,342697,Y2,,,0,15.005,clean
89,21,0,1.60,1,2.30,1339674,Y2,,,0,14.372,clean
89,22,0,1.57,1,2.58,386417,Y2,,,0,14.290,clean
89,23,0,1.61,1,2.47,1269221,Y2,,,0,14.858,clean
89,24,0,1.61,1,2.18,581414,Y2,,,0,15.752,clean
89,25,0,1.50,1,2.46,1155585,Y4,,,0,15.976,clean
89,26,0,1.48,1,2.35,166029,Y4,,,0,15.302,clean
89,27,0,1.87,1,2.53,1171768,Y2,,,0,14.755,clean
89,28,0,1.56,1,2.37,1120090,Y2,,,0,14.453,clean
89,29,0,1.60,1,2.34,1344681,Y2,,,0,14.581,clean
89,30,0,1.59,1,2.31,259817,Y4,,,0,15.095,clean
89,31,0,1.40,1026,2.44,1464486,Y2,,,1,15.494,clean
89,32,0,3.05,1,2.58,343859,Y2,0.00/noise-like,0.00/noise-like,0,15.046,hump-note
89,33,0,1.84,1,2.45,841230,Y4,,,0,14.094,clean
89,34,0,2.03,1,2.59,676453,Y2,,,0,13.545,clean
89,35,0,1.91,1,2.54,57936,Y2,,,0,13.695,clean
89,36,0,1.91,1,2.48,1084149,Y4,,,0,13.873,clean
89,37,0,2.09,1,2.70,62048,Y4,,,0,13.858,clean
89,38,0,1.84,1,2.34,510514,Y2,,,0,13.651,clean
89,39,0,1.86,1,2.39,432283,Y4,,,0,13.194,clean
89,40,0,1.75,1,2.37,860184,Y2,,,0,12.713,clean
89,41,0,1.73,1,2.47,666440,Y4,,,0,12.710,clean
89,42,0,1.69,1,2.87,1425058,Y2,,,0,13.053,clean
89,43,0,1.48,1,2.31,1245528,Y2,,,0,13.250,clean
89,44,0,1.95,1,2.37,43005,Y2,,,0,12.904,clean
89,45,0,1.88,1,2.42,360042,Y2,,,0,12.389,clean
89,46,0,1.89,1,2.33,215471,Y4,,,0,12.200,clean
89,47,0,1.96,1,2.64,986338,Y2,,,0,12.313,clean
89,48,0,2.28,1,2.36,1013696,Y4,,,0,12.428,clean
89,49,0,1.75,1,2.57,671804,Y2,,,0,12.366,clean
89,50,0,2.14,1,2.28,1230508,Y2,,,0,11.884,clean
89,51,0,2.16,1,2.33,43184,Y4,,,0,10.790,clean
89,52,0,2.78,1,2.76,214934,Y2,0.24/noise-like,0.00/noise-like,0,9.799,hump-note
89,53,0,2.40,1,2.38,162363,Y2,,,0,9.412,clean
89,54,0,2.49,1,2.32,557810,Y4,,,0,9.159,clean
89,55,0,2.87,1,2.29,448197,Y4,0.00/noise-like,0.24/noise-like,0,8.700,hump-note
89,56,0,3.33,1,2.40,156462,Y2,0.00/noise-like,0.00/noise-like,0,7.880,hump-note
89,57,0,0,-1,0,0,-,,,0,6.662,QUARANTINE:dark-lane range=54 distinct=55
89,58,0,0,-1,0,0,-,,,0,5.438,QUARANTINE:dark-lane range=44 distinct=45
89,59,0,0,-1,0,0,-,,,0,4.471,QUARANTINE:dark-lane range=39 distinct=40
89,60,0,0,-1,0,0,-,,,0,3.752,QUARANTINE:dark-lane range=32 distinct=33
89,61,0,0,-1,0,0,-,,,0,3.253,QUARANTINE:dark-lane range=31 distinct=31
89,62,0,0,-1,0,0,-,,,0,2.746,QUARANTINE:dark-lane range=24 distinct=25
89,63,0,0,-1,0,0,-,,,6,2.269,QUARANTINE:dark-lane range=19 distinct=20
90,0,0,6.23,1,2.57,1431853,Y2,0.00/?,0.00/noise-like,0,18.902,SPECTRAL-LINE
90,1,0,1.39,940,2.41,39786,Y4,,,0,18.427,clean
90,2,0,1.36,1093,2.33,386417,Y4,,,0,17.784,clean
90,3,0,1.56,1,2.49,3576,Y2,,,0,17.283,clean
90,4,0,1.48,1,2.38,737071,Y4,,,0,17.127,clean
90,5,0,1.38,1,2.56,440150,Y2,,,0,17.460,clean
90,6,0,1.63,1,2.31,1395822,Y2,,,0,17.665,clean
90,7,0,1.43,1,2.39,83148,Y2,,,0,17.370,clean
90,8,0,1.42,1,2.24,856787,Y2,,,0,16.875,clean
90,9,0,1.64,1,2.46,170767,Y2,,,0,16.768,clean
90,10,0,1.60,1,2.31,162363,Y4,,,0,16.717,clean
90,11,0,1.47,1,2.32,938416,Y4,,,0,16.752,clean
90,12,0,1.37,1,2.35,1083076,Y2,,,0,16.809,clean
90,13,0,1.58,1,2.29,679314,Y4,,,0,16.489,clean
90,14,0,1.55,1,2.55,904977,Y2,,,0,15.818,clean
90,15,0,1.44,493,2.31,1446515,Y2,,,0,15.395,clean
90,16,0,1.41,1193,2.38,104785,Y2,,,0,15.544,clean
90,17,0,1.63,1,2.21,827730,Y2,,,0,15.933,clean
90,18,0,1.68,1,2.46,214845,Y2,,,0,17.546,clean
90,19,0,1.46,1,2.37,805199,Y2,,,0,15.821,clean
90,20,0,1.66,1,2.29,417888,Y2,,,0,15.002,clean
90,21,0,1.77,1,2.57,1068056,Y2,,,0,14.355,clean
90,22,0,1.86,1,2.34,13858,Y4,,,0,14.298,clean
90,23,0,1.58,1,2.49,1285672,Y2,,,0,14.883,clean
90,24,0,1.59,1,2.26,405550,Y4,,,0,15.750,clean
90,25,0,1.65,1,2.71,82880,Y4,,,2,16.005,clean
90,26,0,1.54,1,2.34,1011819,Y4,,,0,15.294,clean
90,27,0,1.82,1,2.41,549674,Y2,,,0,14.785,clean
90,28,0,1.82,1,2.50,1261175,Y2,,,0,14.411,clean
90,29,0,1.66,1,2.40,1241863,Y4,,,0,14.557,clean
90,30,0,1.64,1,2.51,148147,Y2,,,0,15.053,clean
90,31,0,1.55,1,2.44,1078963,Y2,,,0,15.449,clean
90,32,0,1.33,465,2.30,1410753,Y4,,,0,15.019,clean
90,33,0,1.77,1,2.39,605732,Y4,,,0,14.078,clean
90,34,0,1.95,1,2.65,453562,Y2,,,0,13.530,clean
90,35,0,1.76,1,2.39,1446068,Y2,,,0,13.677,clean
90,36,0,1.60,1,2.42,680298,Y2,,,0,13.852,clean
90,37,0,1.79,1,2.48,186235,Y2,,,0,13.827,clean
90,38,0,1.59,1,2.34,975072,Y2,,,0,13.657,clean
90,39,0,2.29,1,2.18,153512,Y4,,,0,13.189,clean
90,40,0,1.88,1,2.37,194550,Y2,,,0,12.690,clean
90,41,0,1.87,1,2.27,1032203,Y2,,,0,12.681,clean
90,42,0,2.04,1,2.47,1437485,Y4,,,0,13.058,clean
90,43,0,1.77,1,2.28,441939,Y4,,,0,13.265,clean
90,44,0,1.91,1,2.59,116229,Y4,,,0,12.931,clean
90,45,0,1.97,1,2.45,1445800,Y4,,,0,12.408,clean
90,46,0,1.59,1,2.44,745565,Y2,,,0,12.199,clean
90,47,0,1.82,1,2.44,651598,Y2,,,0,12.310,clean
90,48,0,4.70,1,2.44,673413,Y2,0.24/noise-like,0.00/noise-like,0,12.419,hump-note
90,49,0,1.74,1,2.41,85831,Y2,,,0,12.343,clean
90,50,0,1.90,1,2.43,125527,Y2,,,0,11.869,clean
90,51,0,1.91,1,2.27,507832,Y2,,,0,10.797,clean
90,52,0,2.61,1,2.85,1356035,Y4,0.00/noise-like,0.00/noise-like,0,9.781,hump-note
90,53,0,2.88,1,2.40,716954,Y4,0.00/noise-like,0.00/noise-like,0,9.404,hump-note
90,54,0,2.51,1,2.50,62138,Y2,0.00/noise-like,0.00/noise-like,1,9.164,hump-note
90,55,0,2.76,1,2.41,596344,Y4,0.00/?,0.00/noise-like,1,8.697,hump-note
90,56,0,2.82,1,2.35,247210,Y2,0.24/noise-like,0.24/noise-like,0,7.882,hump-note
90,57,0,0,-1,0,0,-,,,13,6.678,QUARANTINE:dark-lane range=180 distinct=61
90,58,0,0,-1,0,0,-,,,0,5.443,QUARANTINE:dark-lane range=50 distinct=49
90,59,0,0,-1,0,0,-,,,0,4.479,QUARANTINE:dark-lane range=37 distinct=38
90,60,0,0,-1,0,0,-,,,0,3.750,QUARANTINE:dark-lane range=32 distinct=32
90,61,0,0,-1,0,0,-,,,0,3.252,QUARANTINE:dark-lane range=29 distinct=29
90,62,0,0,-1,0,0,-,,,0,2.741,QUARANTINE:dark-lane range=25 distinct=25
91,0,0,4.75,1,2.23,303179,Y2,0.00/noise-like,0.00/noise-like,0,18.798,hump-note
91,1,0,1.43,1,2.48,176311,Y4,,,0,18.431,clean
91,2,0,1.37,1,2.30,1257241,Y2,,,0,17.828,clean
91,3,0,1.48,1,2.86,473768,Y4,,,0,17.290,clean
91,4,0,1.43,1452,2.34,1046419,Y2,,,0,17.113,clean
91,5,0,1.33,1316,2.26,21547,Y2,,,0,17.434,clean
91,6,0,1.48,1,2.26,376314,Y2,,,0,17.682,clean
91,7,0,1.41,403,2.45,304431,Y2,,,0,17.400,clean
91,8,0,1.42,204,2.53,479490,Y4,,,0,16.915,clean
91,9,0,1.55,1,2.34,594914,Y4,,,0,16.787,clean
91,10,0,1.55,1,2.34,179619,Y2,,,0,16.737,clean
91,11,0,1.58,1,2.40,51498,Y2,,,0,16.778,clean
91,12,0,1.50,1,2.33,1444370,Y4,,,0,16.855,clean
91,13,0,1.65,1,2.43,243366,Y2,,,0,16.498,clean
91,14,0,1.40,1,2.34,610918,Y4,,,0,15.811,clean
91,15,0,1.57,1,2.38,1363099,Y4,,,0,15.429,clean
91,16,0,1.39,215,2.29,1047224,Y2,,,0,15.559,clean
91,17,0,1.84,1,2.37,465631,Y4,,,0,15.955,clean
91,18,0,1.69,1,2.44,148058,Y2,,,0,17.574,clean
91,19,0,1.49,1,2.36,103265,Y2,,,0,15.831,clean
91,20,0,1.53,1,2.38,142872,Y2,,,0,15.006,clean
91,21,0,1.66,1,2.70,1339138,Y4,,,0,14.366,clean
91,22,0,1.60,1,2.45,204206,Y2,,,0,14.292,clean
91,23,0,1.65,1,2.35,146985,Y4,,,0,14.916,clean
91,24,0,1.64,1,2.38,635236,Y2,,,0,15.760,clean
91,25,0,1.39,1,2.21,686377,Y4,,,0,16.006,clean
91,26,0,1.78,1,2.46,198394,Y2,,,0,15.295,clean
91,27,0,1.48,1,2.56,214845,Y4,,,0,14.759,clean
91,28,0,1.53,1,2.41,607520,Y4,,,0,14.448,clean
91,29,0,1.46,1,2.75,146896,Y4,,,0,14.593,clean
91,30,0,1.82,1,2.69,171393,Y4,,,0,15.121,clean
91,31,0,1.62,1,2.46,875652,Y2,,,0,15.512,clean
91,32,0,2.81,1,2.34,555575,Y4,0.00/?,0.00/noise-like,0,15.057,hump-note
91,33,0,1.81,1,2.58,172108,Y4,,,0,14.081,clean
91,34,0,1.67,1,2.56,358969,Y2,,,0,13.554,clean
91,35,0,1.85,1,2.40,218332,Y4,,,0,13.729,clean
91,36,0,1.69,1,2.49,976861,Y4,,,0,13.890,clean
91,37,0,1.58,1,2.40,1138061,Y4,,,0,13.851,clean
91,38,0,1.93,1,2.34,882089,Y2,,,0,13.629,clean
91,39,0,1.70,1,2.48,851870,Y4,,,0,13.168,clean
91,40,0,1.96,1,2.35,876009,Y4,,,0,12.678,clean
91,41,0,2.08,1,2.53,378370,Y2,,,0,12.670,clean
91,42,0,1.85,1,2.31,547707,Y2,,,0,13.036,clean
91,43,0,1.75,1,2.31,1181692,Y4,,,0,13.242,clean
91,44,0,1.87,1,2.30,331253,Y4,,,0,12.914,clean
91,45,0,1.70,1,2.33,175148,Y4,,,0,12.398,clean
91,46,0,2.05,1,2.42,41842,Y2,,,0,12.202,clean
91,47,0,1.61,1,2.38,475109,Y4,,,0,12.320,clean
91,48,0,4.85,1,2.46,883341,Y2,0.00/noise-like,0.00/noise-like,0,12.421,hump-note
91,49,0,2.09,1,2.28,334561,Y2,,,0,12.397,clean
91,50,0,1.95,1,2.38,1163363,Y2,,,0,11.915,clean
91,51,0,2.13,1,2.30,1417190,Y2,,,0,10.804,clean
91,52,0,3.02,1,2.61,132233,Y4,0.24/noise-like,0.24/noise-like,0,9.808,hump-note
91,53,0,2.56,1,2.39,841767,Y2,0.24/noise-like,0.24/noise-like,0,9.405,hump-note
91,54,0,2.90,1,2.38,798941,Y4,0.00/noise-like,0.00/noise-like,0,9.169,hump-note
91,55,0,2.86,1,2.41,1328677,Y2,0.24/noise-like,0.00/noise-like,0,8.705,hump-note
91,56,0,3.39,1,2.32,149488,Y4,0.00/noise-like,0.00/noise-like,0,7.880,hump-note
91,57,0,0,-1,0,0,-,,,0,6.661,QUARANTINE:dark-lane range=58 distinct=58
91,59,0,0,-1,0,0,-,,,0,4.475,QUARANTINE:dark-lane range=41 distinct=42
91,61,0,0,-1,0,0,-,,,0,3.246,QUARANTINE:dark-lane range=29 distinct=29
91,62,0,0,-1,0,0,-,,,0,2.746,QUARANTINE:dark-lane range=25 distinct=26
91,63,0,0,-1,0,0,-,,,0,2.248,QUARANTINE:dark-lane range=19 distinct=20
92,0,0,5.15,1,2.35,559151,Y4,0.00/noise-like,0.00/?,0,18.833,SPECTRAL-LINE
92,1,0,1.34,1,2.35,45329,Y2,,,0,18.363,clean
92,2,0,1.52,1,2.48,210643,Y4,,,0,17.752,clean
92,3,0,1.51,1,2.67,1116067,Y2,,,0,17.282,clean
92,4,0,1.72,1,2.38,1272619,Y2,,,0,17.091,clean
92,5,0,1.34,1283,2.45,219405,Y4,,,0,17.441,clean
92,6,0,1.44,1074,2.52,846595,Y4,,,0,17.627,clean
92,7,0,1.53,1,2.39,1135111,Y4,,,0,17.338,clean
92,8,0,1.54,1,2.33,1456440,Y4,,,0,16.868,clean
92,9,0,1.48,1,2.35,1222998,Y2,,,0,16.759,clean
92,10,0,1.41,1,2.36,7242,Y4,,,0,16.742,clean
92,11,0,1.42,1,2.42,450701,Y2,,,0,16.731,clean
92,12,0,1.56,1,2.38,1119465,Y2,,,0,16.806,clean
92,13,0,1.35,834,2.55,407428,Y4,,,0,16.467,clean
92,14,0,1.39,1,2.52,245959,Y2,,,0,15.756,clean
92,15,0,1.54,1,2.34,1126081,Y2,,,0,15.404,clean
92,16,0,1.35,1338,2.44,1378298,Y4,,,0,15.552,clean
92,17,0,1.71,1,2.35,972927,Y2,,,0,15.920,clean
92,18,0,1.67,304,2.49,207245,Y2,,,0,17.533,clean
92,19,0,1.39,1080,2.43,363261,Y4,,,0,15.830,clean
92,20,0,1.59,1,2.36,682265,Y2,,,0,14.992,clean
92,21,0,1.59,1,2.52,603586,Y4,,,0,14.360,clean
92,22,0,1.69,1,2.50,1089603,Y4,,,0,14.283,clean
92,23,0,1.69,1,2.24,147790,Y2,,,0,14.829,clean
92,24,0,1.57,1,2.41,1291215,Y2,,,0,15.722,clean
92,25,0,1.70,1,2.40,182658,Y4,,,0,15.983,clean
92,26,0,1.62,1,2.49,933856,Y2,,,0,15.301,clean
92,27,0,1.81,1,2.33,229776,Y2,,,0,14.737,clean
92,28,0,1.45,1,2.42,411630,Y4,,,0,14.433,clean
92,29,0,1.94,1,2.56,318021,Y4,,,0,14.549,clean
92,30,0,1.49,1,2.32,1023531,Y2,,,0,15.083,clean
92,31,0,1.53,1,2.47,1152903,Y4,,,0,15.490,clean
92,32,0,2.35,1,2.39,649095,Y4,,,0,15.020,clean
92,33,0,1.62,1,2.27,1207888,Y4,,,0,14.076,clean
92,34,0,1.60,1,2.49,705868,Y4,,,0,13.549,clean
92,35,0,1.71,1,2.39,1364172,Y2,,,0,13.684,clean
92,36,0,2.09,1,2.42,1463324,Y2,,,0,13.871,clean
92,37,0,1.62,1,2.64,1458228,Y4,,,0,13.851,clean
92,38,0,1.80,1,2.59,751823,Y2,,,0,13.640,clean
92,39,0,1.86,1,2.26,72598,Y4,,,0,13.145,clean
92,40,0,1.55,1,2.74,659019,Y2,,,0,12.672,clean
92,41,0,1.84,1,2.51,75728,Y2,,,0,12.683,clean
92,42,0,1.94,1,2.22,713199,Y4,,,0,13.022,clean
92,43,0,1.87,1,2.37,277698,Y4,,,0,13.257,clean
92,44,0,1.88,1,2.26,851244,Y2,,,0,12.900,clean
92,45,0,1.61,1,2.32,1152992,Y2,,,0,12.387,clean
92,46,0,1.76,1,2.40,194460,Y2,,,0,12.176,clean
92,47,0,1.86,1,2.52,890225,Y2,,,0,12.293,clean
92,48,0,4.48,1,2.28,1026481,Y4,0.00/?,0.00/?,0,12.424,hump-note
92,49,0,1.92,1,2.50,205100,Y2,,,0,12.349,clean
92,50,0,1.93,1,2.35,51230,Y4,,,0,11.892,clean
92,51,0,2.10,1,2.50,919819,Y2,,,0,10.783,clean
92,52,0,2.34,1,2.37,495404,Y4,,,0,9.798,clean
92,53,0,2.34,1,2.66,773638,Y4,,,0,9.375,clean
92,54,0,3.07,1,2.55,74297,Y4,0.00/?,0.00/noise-like,0,9.156,hump-note
92,55,0,2.61,1,2.41,1139581,Y2,0.00/noise-like,0.00/noise-like,0,8.692,hump-note
92,56,0,2.97,1,2.39,1336813,Y2,0.00/?,0.00/?,0,7.869,hump-note
92,58,0,0,-1,0,0,-,,,0,5.438,QUARANTINE:dark-lane range=54 distinct=50
92,59,0,0,-1,0,0,-,,,0,4.469,QUARANTINE:dark-lane range=42 distinct=42
92,60,0,0,-1,0,0,-,,,0,3.741,QUARANTINE:dark-lane range=34 distinct=34
92,61,0,0,-1,0,0,-,,,0,3.247,QUARANTINE:dark-lane range=27 distinct=28
92,62,0,0,-1,0,0,-,,,0,2.736,QUARANTINE:dark-lane range=28 distinct=27
92,63,0,0,-1,0,0,-,,,0,2.245,QUARANTINE:dark-lane range=23 distinct=22
93,0,0,4.39,1,2.40,896305,Y2,0.00/noise-like,0.00/noise-like,0,18.741,hump-note
93,1,0,1.40,902,2.26,307202,Y2,,,0,18.404,clean
93,2,0,1.57,1,2.35,695139,Y2,,,0,17.814,clean
93,3,0,1.36,1170,2.46,100136,Y4,,,0,17.245,clean
93,4,0,1.33,173,2.42,123113,Y4,,,0,17.143,clean
93,5,0,1.37,214,2.33,179887,Y4,,,0,17.445,clean
93,6,0,1.35,647,2.64,1166224,Y2,,,0,17.636,clean
93,7,0,1.49,1,2.46,304878,Y2,,,0,17.335,clean
93,8,0,1.57,1,2.48,444084,Y4,,,0,16.863,clean
93,9,0,1.35,440,2.37,307828,Y2,,,1,16.815,clean
93,10,0,1.44,1,2.51,343502,Y4,,,0,16.713,clean
93,11,0,1.83,1,2.39,45955,Y4,,,0,16.742,clean
93,12,0,1.81,1,2.89,791430,Y4,,,0,16.795,clean
93,13,0,1.59,1,2.45,405192,Y2,,,0,16.512,clean
93,14,0,1.47,1,2.42,807524,Y2,,,0,15.786,clean
93,15,0,1.55,1,2.48,1454383,Y2,,,0,15.387,clean
93,16,0,1.42,1,2.33,930190,Y2,,,0,15.499,clean
93,17,0,1.62,1,2.49,245601,Y2,,,0,15.914,clean
93,18,0,1.66,1,2.52,573367,Y4,,,0,17.534,clean
93,19,0,1.71,1,2.30,213146,Y2,,,0,15.851,clean
93,20,0,1.64,1,2.33,871092,Y4,,,0,14.952,clean
93,21,0,1.57,1,2.50,174791,Y4,,,0,14.374,clean
93,22,0,1.70,1,2.51,915974,Y2,,,0,14.268,clean
93,23,0,1.55,1,2.46,465363,Y2,,,0,14.851,clean
93,24,0,1.55,1,2.32,249624,Y4,,,0,15.739,clean
93,25,0,1.39,1,2.73,764340,Y4,,,0,15.948,clean
93,26,0,1.67,1,2.37,263751,Y2,,,0,15.268,clean
93,27,0,1.51,1,2.44,579000,Y2,,,0,14.748,clean
93,28,0,1.72,1,2.44,495851,Y4,,,0,14.409,clean
93,29,0,1.56,1,2.40,894696,Y4,,,0,14.579,clean
93,30,0,1.57,1,2.25,1278609,Y4,,,0,15.077,clean
93,31,0,1.47,1,2.42,1128584,Y4,,,1,15.495,clean
93,32,0,1.37,1388,2.67,748962,Y4,,,0,15.022,clean
93,33,0,1.80,1,2.60,1116872,Y2,,,0,14.075,clean
93,34,0,1.80,1,2.40,874043,Y2,,,0,13.551,clean
93,35,0,1.61,1,2.36,1335919,Y2,,,0,13.700,clean
93,36,0,1.57,1,2.42,1410127,Y4,,,0,13.863,clean
93,37,0,1.76,1,2.35,407159,Y4,,,0,13.832,clean
93,38,0,1.92,1,2.47,969619,Y2,,,0,13.649,clean
93,39,0,1.91,1,2.24,1007259,Y4,,,0,13.121,clean
93,40,0,1.69,1,2.20,271529,Y2,,,0,12.664,clean
93,41,0,1.99,1,2.29,1040965,Y2,,,0,12.669,clean
93,42,0,2.21,1,2.46,1158535,Y4,,,0,13.012,clean
93,43,0,2.05,1,2.43,684679,Y4,,,0,13.233,clean
93,44,0,1.89,1,2.33,863045,Y4,,,0,12.907,clean
93,45,0,2.01,1,2.36,8494,Y4,,,0,12.395,clean
93,46,0,1.78,1,2.41,380158,Y2,,,0,12.191,clean
93,47,0,1.92,1,2.52,1414597,Y4,,,0,12.310,clean
93,48,0,2.95,1,2.57,1253486,Y4,0.00/noise-like,0.00/noise-like,0,12.421,hump-note
93,49,0,1.68,1,2.58,378191,Y4,,,0,12.341,clean
93,50,0,1.84,1,2.36,1235783,Y4,,,0,11.853,clean
93,51,0,2.01,1,2.45,122845,Y2,,,0,10.787,clean
93,52,0,2.53,1,2.53,217348,Y2,0.00/?,0.24/noise-like,0,9.781,hump-note
93,53,0,2.66,1,2.22,449628,Y2,0.00/?,0.00/?,1,9.394,hump-note
93,54,0,2.72,1,2.19,1268059,Y2,0.24/noise-like,0.24/noise-like,1,9.155,hump-note
93,55,0,2.69,1,2.26,577927,Y2,0.00/noise-like,0.24/noise-like,1,8.692,hump-note
93,56,0,3.39,1,2.40,1277536,Y2,0.00/noise-like,0.00/noise-like,0,7.872,hump-note
93,57,0,0,-1,0,0,-,,,0,6.658,QUARANTINE:dark-lane range=56 distinct=56
93,58,0,0,-1,0,0,-,,,0,5.441,QUARANTINE:dark-lane range=47 distinct=47
93,59,0,0,-1,0,0,-,,,0,4.454,QUARANTINE:dark-lane range=42 distinct=40
93,60,0,0,-1,0,0,-,,,0,3.743,QUARANTINE:dark-lane range=32 distinct=31
93,61,0,0,-1,0,0,-,,,0,3.245,QUARANTINE:dark-lane range=29 distinct=30
93,62,0,0,-1,0,0,-,,,0,2.742,QUARANTINE:dark-lane range=24 distinct=25
93,63,0,0,-1,0,0,-,,,5,2.253,QUARANTINE:dark-lane range=19 distinct=20
94,0,0,4.84,1,2.63,154227,Y4,0.00/noise-like,0.00/noise-like,0,18.891,hump-note
94,1,0,1.49,1,2.35,745833,Y2,,,0,18.421,clean
94,2,0,1.36,505,2.30,1243830,Y2,,,0,17.808,clean
94,3,0,1.58,1,2.53,242651,Y4,,,0,17.289,clean
94,4,0,1.53,1,2.41,1160681,Y4,,,0,17.163,clean
94,5,0,1.56,1,2.33,133932,Y2,,,0,17.482,clean
94,6,0,1.56,1,2.46,916868,Y2,,,0,17.670,clean
94,7,0,1.38,841,2.27,726342,Y4,,,0,17.412,clean
94,8,0,1.44,1,2.26,554413,Y4,,,0,16.946,clean
94,9,0,1.47,1,2.51,1103640,Y2,,,0,16.820,clean
94,10,0,1.44,1,2.37,458390,Y2,,,0,16.753,clean
94,11,0,1.57,1,2.51,494778,Y2,,,0,16.787,clean
94,12,0,1.53,541,2.46,910252,Y2,,,0,16.877,clean
94,13,0,1.56,1,2.34,999123,Y4,,,0,16.530,clean
94,14,0,1.65,1,2.44,1440614,Y2,,,0,15.854,clean
94,15,0,1.52,1,2.37,625491,Y4,,,0,15.446,clean
94,16,0,1.33,306,2.68,913024,Y2,,,0,15.597,clean
94,17,0,1.39,1,2.32,368357,Y4,,,0,15.954,clean
94,18,0,1.70,1,2.47,175953,Y2,,,0,17.565,clean
94,19,0,1.47,1,2.52,90837,Y2,,,0,15.882,clean
94,20,0,1.61,1,2.35,612438,Y4,,,0,15.032,clean
94,21,0,1.80,1,2.54,351906,Y4,,,0,14.414,clean
94,22,0,1.69,1,2.36,1356751,Y2,,,0,14.308,clean
94,23,0,1.59,1,2.53,1458317,Y4,,,0,14.904,clean
94,24,0,1.41,1,2.36,126600,Y2,,,0,15.773,clean
94,25,0,1.72,1,2.77,172466,Y4,,,0,16.012,clean
94,26,0,1.42,1,2.38,888437,Y2,,,0,15.320,clean
94,27,0,1.50,1,2.41,19759,Y4,,,0,14.775,clean
94,28,0,1.67,1,2.76,31739,Y4,,,0,14.436,clean
94,29,0,1.60,1,2.36,1065016,Y2,,,0,14.590,clean
94,30,0,1.70,1,2.26,28521,Y4,,,0,15.127,clean
94,31,0,1.54,1,2.50,80377,Y2,,,0,15.507,clean
94,32,0,1.36,95,2.42,925273,Y2,,,0,15.081,clean
94,33,0,1.60,1,2.45,71704,Y2,,,0,14.092,clean
94,34,0,1.78,1,2.50,348508,Y2,,,0,13.546,clean
94,35,0,1.69,1,2.34,736982,Y4,,,0,13.712,clean
94,36,0,1.78,1,2.56,602871,Y2,,,0,13.892,clean
94,37,0,1.66,1,2.60,1020044,Y4,,,0,13.868,clean
94,38,0,1.68,1,2.51,243187,Y2,,,0,13.678,clean
94,39,0,1.80,1,2.41,1067340,Y4,,,0,13.218,clean
94,40,0,1.86,1,2.71,339925,Y2,,,0,12.711,clean
94,41,0,1.63,1,2.54,1285493,Y2,,,0,12.709,clean
94,42,0,1.79,1,2.49,1383662,Y2,,,0,13.070,clean
94,43,0,1.79,1,2.30,180602,Y2,,,0,13.283,clean
94,44,0,1.70,1,2.46,835687,Y2,,,0,12.932,clean
94,45,0,2.09,1,2.31,841767,Y2,,,0,12.430,clean
94,46,0,1.69,1,2.42,604391,Y2,,,0,12.229,clean
94,47,0,2.09,1,2.32,122488,Y2,,,0,12.351,clean
94,48,0,2.84,1,2.39,1026660,Y4,0.00/noise-like,0.00/noise-like,0,12.450,hump-note
94,49,0,1.66,1,2.40,260264,Y4,,,0,12.379,clean
94,50,0,1.96,1,2.65,974625,Y4,,,0,11.901,clean
94,51,0,1.94,1,2.22,1212716,Y4,,,0,10.791,clean
94,52,0,2.46,1,2.47,1252055,Y4,,,0,9.811,clean
94,53,0,2.66,1,2.38,860453,Y4,0.00/?,0.00/noise-like,0,9.407,hump-note
94,54,0,2.59,1,2.37,585616,Y2,0.00/noise-like,0.00/noise-like,2,9.186,hump-note
94,55,0,2.99,1,2.37,661790,Y4,0.24/noise-like,0.00/?,2,8.702,hump-note
94,56,0,3.27,1,2.38,1353532,Y4,0.00/?,0.24/noise-like,0,7.884,hump-note
94,58,0,0,-1,0,0,-,,,1,5.451,QUARANTINE:dark-lane range=48 distinct=49
94,59,0,0,-1,0,0,-,,,0,4.471,QUARANTINE:dark-lane range=39 distinct=39
94,62,0,0,-1,0,0,-,,,1,2.747,QUARANTINE:dark-lane range=39 distinct=25
94,63,0,0,-1,0,0,-,,,2,2.245,QUARANTINE:dark-lane range=42 distinct=23
95,0,0,3.42,1,2.43,6974,Y2,0.00/?,0.00/noise-like,0,18.815,hump-note
95,1,0,1.53,1,2.29,1290500,Y2,,,0,18.432,clean
95,2,0,1.41,1,2.25,405103,Y4,,,0,17.836,clean
95,3,0,1.38,1364,2.43,414222,Y4,,,0,17.357,clean
95,4,0,1.52,1,2.38,144571,Y2,,,0,17.178,clean
95,5,0,1.59,1,2.33,871360,Y2,,,0,17.465,clean
95,6,0,1.36,191,2.46,6437,Y4,,,0,17.698,clean
95,7,0,1.39,509,2.46,230938,Y4,,,0,17.401,clean
95,8,0,1.63,1,2.24,135273,Y4,,,0,16.952,clean
95,9,0,1.56,1,2.46,966847,Y2,,,0,16.870,clean
95,10,0,1.63,1,2.43,1347989,Y2,,,0,16.784,clean
95,11,0,1.62,1,2.40,82970,Y4,,,0,16.810,clean
95,12,0,1.58,1,2.60,331253,Y2,,,0,16.884,clean
95,13,0,1.50,1,2.43,1104623,Y4,,,0,16.572,clean
95,14,0,1.51,1,2.42,508547,Y2,,,0,15.829,clean
95,15,0,1.66,1,2.36,1086920,Y4,,,0,15.455,clean
95,16,0,1.40,536,2.49,1133680,Y2,,,0,15.597,clean
95,17,0,1.59,1,2.50,253916,Y2,,,0,15.978,clean
95,18,0,1.73,1,2.31,231385,Y4,,,0,17.612,clean
95,19,0,1.52,1,2.49,50515,Y4,,,0,15.875,clean
95,20,0,1.72,1,2.43,349939,Y2,,,0,15.038,clean
95,21,0,1.92,1,2.30,1137257,Y4,,,0,14.403,clean
95,22,0,2.02,1,2.32,162005,Y2,,,0,14.320,clean
95,23,0,1.58,1,2.56,282526,Y4,,,0,14.911,clean
95,24,0,1.75,1,2.41,758976,Y4,,,0,15.788,clean
95,25,0,1.46,1,2.33,585884,Y2,,,0,16.020,clean
95,26,0,1.68,1,2.51,1004130,Y4,,,0,15.358,clean
95,27,0,1.67,1,2.57,438809,Y2,,,0,14.825,clean
95,28,0,1.68,1,2.41,1047134,Y2,,,0,14.491,clean
95,29,0,1.54,1,2.26,12964,Y4,,,0,14.603,clean
95,30,0,1.57,1,2.48,855267,Y4,,,0,15.127,clean
95,31,0,1.54,1,2.44,823259,Y2,,,0,15.515,clean
95,32,0,2.79,1,2.51,241578,Y2,0.00/noise-like,0.00/noise-like,0,15.073,hump-note
95,33,0,1.87,1,2.47,330359,Y2,,,0,14.130,clean
95,34,0,1.53,1,2.62,504076,Y2,,,0,13.585,clean
95,35,0,1.68,1,2.49,385523,Y4,,,0,13.733,clean
95,36,0,1.96,1,2.40,305235,Y2,,,0,13.930,clean
95,37,0,1.77,1,2.38,47833,Y2,,,0,13.878,clean
95,38,0,1.78,1,2.37,342518,Y4,,,0,13.674,clean
95,39,0,1.79,1,2.50,86278,Y4,,,0,13.227,clean
95,40,0,1.87,1,2.46,1195818,Y4,,,0,12.699,clean
95,41,0,1.73,1,2.35,675827,Y4,,,0,12.722,clean
95,42,0,1.84,1,2.33,61601,Y2,,,0,13.080,clean
95,43,0,1.53,1,2.56,305682,Y4,,,0,13.277,clean
95,44,0,1.99,1,2.68,405014,Y2,,,0,12.910,clean
95,45,0,1.75,1,2.41,337958,Y2,,,0,12.421,clean
95,46,0,2.18,1,2.34,44614,Y4,,,0,12.221,clean
95,47,0,1.87,1,2.38,1353979,Y2,,,0,12.355,clean
95,48,0,2.33,1,2.34,491828,Y2,,,0,12.442,clean
95,49,0,1.81,1,2.31,982225,Y2,,,0,12.392,clean
95,50,0,2.13,1,2.43,26196,Y2,,,0,11.915,clean
95,51,0,2.21,1,2.29,846237,Y2,,,0,10.808,clean
95,52,0,2.57,1,2.48,394016,Y2,0.24/noise-like,0.00/noise-like,0,9.829,hump-note
95,53,0,2.61,1,2.41,1208335,Y4,0.24/noise-like,0.24/noise-like,1,9.426,hump-note
95,54,0,2.59,1,2.29,894427,Y2,0.24/noise-like,0.24/noise-like,2,9.185,hump-note
95,55,0,2.42,1,2.50,673413,Y2,,,0,8.719,clean
95,56,0,3.48,1,2.38,417978,Y4,0.00/noise-like,0.00/noise-like,0,7.882,hump-note
95,58,0,0,-1,0,0,-,,,0,5.455,QUARANTINE:dark-lane range=51 distinct=50
95,59,0,0,-1,0,0,-,,,0,4.480,QUARANTINE:dark-lane range=41 distinct=39
95,60,0,0,-1,0,0,-,,,0,3.762,QUARANTINE:dark-lane range=34 distinct=33
95,61,0,0,-1,0,0,-,,,0,3.258,QUARANTINE:dark-lane range=30 distinct=31
95,62,0,0,-1,0,0,-,,,0,2.748,QUARANTINE:dark-lane range=23 distinct=24
95,63,0,0,-1,0,0,-,,,1,2.252,QUARANTINE:dark-lane range=19 distinct=20
96,0,0,5.00,1,2.31,56595,Y2,0.00/?,0.00/noise-like,0,18.855,hump-note
96,1,0,1.42,1,2.50,8225,Y2,,,0,18.389,clean
96,2,0,1.37,460,2.41,580698,Y4,,,0,17.775,clean
96,3,0,1.47,1,2.38,1464844,Y2,,,0,17.260,clean
96,4,0,1.35,224,2.63,1065463,Y2,,,0,17.131,clean
96,5,0,1.47,1,2.51,57131,Y2,,,0,17.432,clean
96,6,0,1.61,1,2.40,69827,Y2,,,0,17.648,clean
96,7,0,1.40,1,2.54,950038,Y2,,,0,17.352,clean
96,8,0,1.46,1,2.36,1374722,Y2,,,0,16.888,clean
96,9,0,1.56,1,2.32,106841,Y2,,,0,16.800,clean
96,10,0,1.48,1,2.38,492901,Y4,,,0,16.734,clean
96,11,0,1.48,1,2.58,1219779,Y4,,,0,16.776,clean
96,12,0,1.58,1,2.58,521332,Y4,,,0,16.830,clean
96,13,0,1.60,1,2.43,114441,Y4,,,0,16.505,clean
96,14,0,1.76,1,2.36,538856,Y4,,,0,15.806,clean
96,15,0,1.74,1,2.59,275999,Y2,,,0,15.384,clean
96,16,0,1.58,1,2.35,317574,Y4,,,0,15.535,clean
96,17,0,1.66,1,2.27,138044,Y4,,,0,15.924,clean
96,18,0,1.67,461,2.37,304431,Y4,,,0,17.530,clean
96,19,0,1.51,1,2.29,720352,Y2,,,0,15.825,clean
96,20,0,1.73,1,2.47,106484,Y2,,,0,14.981,clean
96,21,0,1.60,1,2.71,336796,Y2,,,0,14.366,clean
96,22,0,1.72,1,2.44,1105785,Y4,,,0,14.287,clean
96,23,0,1.75,1,2.54,129998,Y2,,,0,14.846,clean
96,24,0,1.63,1,2.38,1034796,Y4,,,0,15.739,clean
96,25,0,1.56,1,2.36,1208425,Y2,,,0,15.957,clean
96,26,0,1.51,1,2.44,566751,Y4,,,0,15.317,clean
96,27,0,1.52,657,2.43,518471,Y4,,,0,14.758,clean
96,28,0,1.46,1,2.26,137597,Y4,,,0,14.411,clean
96,29,0,1.73,1,2.31,489414,Y2,,,0,14.550,clean
96,30,0,1.80,1,2.40,125170,Y2,,,0,15.079,clean
96,31,0,1.69,1,2.23,1167387,Y2,,,0,15.488,clean
96,32,0,2.32,1,2.47,634879,Y4,,,0,15.029,clean
96,33,0,1.75,1,2.34,1227200,Y2,,,0,14.052,clean
96,34,0,1.71,1,2.35,367194,Y2,,,0,13.538,clean
96,35,0,1.58,1,2.45,213414,Y2,,,0,13.670,clean
96,36,0,1.72,1,2.30,322849,Y2,,,0,13.890,clean
96,37,0,1.81,1,2.38,1397341,Y2,,,0,13.859,clean
96,38,0,1.82,1,2.52,1336277,Y4,,,0,13.642,clean
96,39,0,1.85,1,2.51,412524,Y4,,,0,13.151,clean
96,40,0,1.71,1,2.32,69380,Y4,,,0,12.676,clean
96,41,0,1.74,1,2.51,1257062,Y4,,,0,12.666,clean
96,42,0,1.81,1,2.31,271797,Y2,,,0,13.014,clean
96,43,0,1.72,1,2.63,343680,Y4,,,0,13.242,clean
96,44,0,2.16,1,2.42,925004,Y4,,,0,12.898,clean
96,45,0,1.80,1,2.40,670463,Y2,,,0,12.412,clean
96,46,0,2.10,1,2.53,347346,Y2,,,0,12.191,clean
96,47,0,2.21,1,2.43,1379460,Y2,,,0,12.299,clean
96,48,0,2.52,1,2.19,193834,Y4,0.00/noise-like,0.00/noise-like,0,12.402,hump-note
96,49,0,1.65,1,2.51,1012981,Y2,,,0,12.350,clean
96,50,0,1.87,1,2.44,377923,Y4,,,0,11.879,clean
96,51,0,2.20,1,2.58,1149952,Y4,,,0,10.792,clean
96,52,0,2.27,1,2.56,221103,Y2,,,0,9.801,clean
96,53,0,2.61,1,2.45,291824,Y4,0.00/noise-like,0.00/?,0,9.415,hump-note
96,54,0,2.92,1,2.35,1287460,Y4,0.24/noise-like,0.00/?,0,9.170,hump-note
96,55,0,2.91,1,3.01,641584,Y4,0.00/noise-like,0.00/noise-like,0,8.692,FAM-HIT
96,56,0,2.90,1,2.41,129908,Y4,0.00/noise-like,0.00/?,0,7.873,hump-note
96,57,0,0,-1,0,0,-,,,0,6.660,QUARANTINE:dark-lane range=61 distinct=59
96,58,0,0,-1,0,0,-,,,0,5.438,QUARANTINE:dark-lane range=47 distinct=47
96,59,0,0,-1,0,0,-,,,0,4.467,QUARANTINE:dark-lane range=38 distinct=39
96,60,0,0,-1,0,0,-,,,0,3.744,QUARANTINE:dark-lane range=34 distinct=34
96,62,0,0,-1,0,0,-,,,0,2.740,QUARANTINE:dark-lane range=24 distinct=25
97,0,0,5.05,1,2.40,347078,Y4,0.24/noise-like,0.00/noise-like,0,18.856,SPECTRAL-LINE
97,1,0,1.64,1,2.52,994474,Y2,,,0,18.400,clean
97,2,0,1.45,1399,2.74,1007885,Y2,,,0,17.801,clean
97,3,0,1.43,294,2.47,1392871,Y2,,,0,17.256,clean
97,4,0,1.63,1,2.42,909179,Y4,,,0,17.096,clean
97,5,0,1.56,1,2.20,676721,Y2,,,0,17.473,clean
97,6,0,1.39,1,2.43,1169890,Y2,,,0,17.666,clean
97,7,0,1.42,680,2.70,64015,Y4,,,0,17.358,clean
97,8,0,1.62,1,2.47,334829,Y2,,,0,16.908,clean
97,9,0,1.51,1,2.43,831038,Y2,,,0,16.816,clean
97,10,0,1.46,1,2.35,380427,Y2,,,0,16.716,clean
97,11,0,1.47,1,2.72,923127,Y2,,,0,16.750,clean
97,12,0,1.63,1,2.53,709802,Y2,,,0,16.835,clean
97,13,0,1.53,1,2.30,837386,Y2,,,0,16.492,clean
97,14,0,1.56,1,2.49,252306,Y2,,,0,15.790,clean
97,15,0,1.57,1,2.51,1248032,Y4,,,0,15.385,clean
97,16,0,1.46,1,2.96,1054734,Y2,,,0,15.531,clean
97,17,0,1.49,1,2.61,131071,Y2,,,0,15.932,clean
97,18,0,1.58,356,2.38,70274,Y2,,,0,17.549,clean
97,19,0,1.54,1,2.52,466168,Y4,,,0,15.834,clean
97,20,0,1.55,1,2.56,840247,Y4,,,0,14.985,clean
97,21,0,1.54,1,2.61,1034439,Y2,,,0,14.373,clean
97,22,0,1.61,1,2.47,1094431,Y2,,,0,14.285,clean
97,23,0,1.63,1,2.63,221819,Y2,,,0,14.861,clean
97,24,0,1.35,1,2.56,1453757,Y2,,,0,15.735,clean
97,25,0,1.71,1,2.33,132233,Y2,,,0,15.944,clean
97,26,0,1.47,1,2.47,1385629,Y4,,,0,15.267,clean
97,27,0,1.89,1,2.34,484139,Y2,,,0,14.755,clean
97,28,0,1.59,1,2.49,772029,Y4,,,0,14.417,clean
97,29,0,1.48,1,2.71,1022816,Y2,,,0,14.555,clean
97,30,0,1.36,765,2.31,1026303,Y4,,,0,15.088,clean
97,31,0,1.35,1387,2.39,517935,Y4,,,0,15.522,clean
97,32,0,3.01,1,2.40,1140743,Y2,0.00/noise-like,0.00/noise-like,0,15.047,hump-note
97,33,0,1.88,1,2.51,737429,Y4,,,0,14.069,clean
97,34,0,1.91,1,2.40,1447499,Y4,,,0,13.542,clean
97,35,0,1.81,1,2.31,80556,Y4,,,0,13.695,clean
97,36,0,1.53,1,2.31,163257,Y4,,,0,13.867,clean
97,37,0,1.92,1,2.41,1200199,Y2,,,0,13.853,clean
97,38,0,1.64,1,2.34,713289,Y4,,,0,13.635,clean
97,39,0,1.77,1,2.29,1062512,Y2,,,0,13.153,clean
97,40,0,1.76,1,2.58,212878,Y2,,,0,12.704,clean
97,41,0,1.80,1,2.61,838459,Y2,,,0,12.702,clean
97,42,0,1.77,1,2.25,1120359,Y2,,,0,13.026,clean
97,43,0,1.80,1,2.41,233889,Y2,,,0,13.241,clean
97,44,0,1.96,1,2.47,352889,Y2,,,0,12.909,clean
97,45,0,2.14,1,2.35,1311600,Y4,,,0,12.415,clean
97,46,0,1.82,1,2.26,911862,Y4,,,0,12.188,clean
97,47,0,2.00,1,2.25,579715,Y2,,,0,12.309,clean
97,48,0,2.26,1,2.34,113189,Y2,,,0,12.410,clean
97,49,0,2.02,1,2.92,1411289,Y4,,,0,12.352,clean
97,50,0,2.07,1,2.51,240415,Y4,,,0,11.884,clean
97,51,0,2.16,1,2.40,319093,Y2,,,0,10.776,clean
97,52,0,2.77,1,2.48,821114,Y4,0.00/?,0.00/?,0,9.774,hump-note
97,53,0,2.66,1,2.43,471622,Y4,0.24/noise-like,0.24/noise-like,0,9.398,hump-note
97,54,0,2.72,1,2.30,413686,Y4,0.00/noise-like,0.24/noise-like,0,9.155,hump-note
97,55,0,2.86,1,2.32,39965,Y4,0.00/noise-like,0.24/noise-like,0,8.690,hump-note
97,56,0,2.84,1,2.20,1371682,Y4,0.00/noise-like,0.00/noise-like,0,7.865,hump-note
97,57,0,0,-1,0,0,-,,,0,6.666,QUARANTINE:dark-lane range=56 distinct=57
97,58,0,0,-1,0,0,-,,,0,5.441,QUARANTINE:dark-lane range=44 distinct=45
97,59,0,0,-1,0,0,-,,,0,4.466,QUARANTINE:dark-lane range=39 distinct=40
97,60,0,0,-1,0,0,-,,,0,3.744,QUARANTINE:dark-lane range=32 distinct=33
97,61,0,0,-1,0,0,-,,,0,3.247,QUARANTINE:dark-lane range=29 distinct=30
97,62,0,0,-1,0,0,-,,,0,2.743,QUARANTINE:dark-lane range=24 distinct=25
97,63,0,0,-1,0,0,-,,,0,2.246,QUARANTINE:dark-lane range=22 distinct=23
98,0,0,3.43,1,2.75,134915,Y2,0.00/noise-like,0.24/noise-like,0,18.784,hump-note
98,1,0,1.42,1,2.45,870734,Y2,,,0,18.368,clean
98,2,0,1.50,1,2.64,1212001,Y4,,,0,17.785,clean
98,3,0,1.45,1,2.27,1338333,Y2,,,0,17.281,clean
98,4,0,1.52,1,2.39,742167,Y4,,,0,17.123,clean
98,5,0,1.55,1,2.39,64194,Y4,,,0,17.452,clean
98,6,0,1.59,1,2.53,172913,Y4,,,0,17.636,clean
98,7,0,1.54,1,2.41,625938,Y4,,,0,17.361,clean
98,8,0,1.57,1,2.40,403136,Y4,,,0,16.922,clean
98,9,0,1.48,1,2.47,41217,Y2,,,0,16.790,clean
98,10,0,1.53,1,2.36,550658,Y4,,,0,16.744,clean
98,11,0,1.70,1,2.38,870556,Y4,,,0,16.781,clean
98,12,0,1.37,1,2.35,1038462,Y4,,,0,16.833,clean
98,13,0,1.42,1,2.66,734478,Y4,,,0,16.525,clean
98,14,0,1.76,1,2.34,215560,Y2,,,0,15.790,clean
98,15,0,1.81,1,2.29,630051,Y2,,,0,15.396,clean
98,16,0,1.71,1,2.80,657409,Y4,,,0,15.554,clean
98,17,0,1.49,1,2.71,1429886,Y4,,,0,15.941,clean
98,18,0,1.57,436,2.67,729114,Y2,,,0,17.540,clean
98,19,0,1.52,1,2.50,1451969,Y4,,,0,15.827,clean
98,20,0,1.40,1,2.73,682086,Y4,,,0,15.004,clean
98,21,0,1.87,1,2.42,1417190,Y2,,,0,14.385,clean
98,22,0,1.70,1,2.55,994921,Y4,,,0,14.279,clean
98,23,0,1.85,1,2.72,448644,Y4,,,0,14.859,clean
98,24,0,1.68,1,2.75,931352,Y4,,,0,15.701,clean
98,25,0,1.42,1,2.49,311404,Y4,,,0,15.989,clean
98,26,0,1.43,1,2.37,599116,Y4,,,0,15.297,clean
98,27,0,1.83,1,2.40,89765,Y4,,,0,14.794,clean
98,28,0,1.86,1,2.30,975519,Y2,,,0,14.424,clean
98,29,0,1.52,1,2.86,873506,Y2,,,0,14.584,clean
98,30,0,1.72,1,2.39,953525,Y4,,,0,15.102,clean
98,31,0,1.63,1,2.51,1136720,Y4,,,0,15.515,clean
98,32,0,1.43,894,2.45,194103,Y4,,,0,15.036,clean
98,33,0,1.81,1,2.48,236124,Y4,,,0,14.099,clean
98,34,0,1.68,1,2.35,372916,Y2,,,0,13.556,clean
98,35,0,1.70,1,2.53,1177490,Y4,,,0,13.693,clean
98,36,0,1.52,1,2.36,127852,Y2,,,0,13.880,clean
98,37,0,1.54,1,2.38,472695,Y2,,,0,13.869,clean
98,38,0,1.75,1,2.44,871807,Y2,,,0,13.646,clean
98,39,0,1.76,1,2.39,587493,Y2,,,0,13.174,clean
98,40,0,1.66,1,2.41,614583,Y4,,,0,12.683,clean
98,41,0,1.67,1,2.48,8315,Y4,,,0,12.714,clean
98,42,0,1.61,1,2.51,436753,Y2,,,0,13.011,clean
98,43,0,1.68,1,2.32,1249462,Y2,,,0,13.246,clean
98,44,0,1.68,1,2.35,941187,Y2,,,0,12.911,clean
98,45,0,1.70,1,2.46,576764,Y2,,,0,12.388,clean
98,46,0,1.84,1,2.42,56952,Y4,,,0,12.210,clean
98,47,0,1.79,1,2.38,342071,Y4,,,0,12.308,clean
98,48,0,4.81,1,2.35,1224250,Y4,0.00/noise-like,0.24/noise-like,0,12.420,hump-note
98,49,0,1.82,1,2.48,1063943,Y2,,,0,12.371,clean
98,50,0,1.83,1,2.42,586957,Y2,,,0,11.885,clean
98,51,0,1.85,1,2.29,44167,Y2,,,0,10.781,clean
98,52,0,2.53,1,2.38,872344,Y4,0.00/noise-like,0.00/?,0,9.786,hump-note
98,53,0,2.36,1,2.59,1039088,Y4,,,0,9.376,clean
98,54,0,2.51,1,2.65,1013160,Y4,0.24/noise-like,0.00/noise-like,0,9.168,hump-note
98,55,0,2.60,1,2.46,1021564,Y4,0.00/noise-like,0.00/noise-like,0,8.705,hump-note
98,56,0,2.78,1,2.32,615120,Y4,0.00/noise-like,0.00/noise-like,0,7.884,hump-note
98,57,0,0,-1,0,0,-,,,0,6.654,QUARANTINE:dark-lane range=55 distinct=53
98,58,0,0,-1,0,0,-,,,0,5.440,QUARANTINE:dark-lane range=45 distinct=46
98,59,0,0,-1,0,0,-,,,0,4.469,QUARANTINE:dark-lane range=41 distinct=39
98,60,0,0,-1,0,0,-,,,0,3.751,QUARANTINE:dark-lane range=33 distinct=34
98,61,0,0,-1,0,0,-,,,0,3.254,QUARANTINE:dark-lane range=27 distinct=28
98,62,0,0,-1,0,0,-,,,0,2.737,QUARANTINE:dark-lane range=28 distinct=25
98,63,0,0,-1,0,0,-,,,0,2.242,QUARANTINE:dark-lane range=23 distinct=23
99,0,0,5.40,1,2.51,920355,Y2,0.00/noise-like,0.00/noise-like,0,18.855,SPECTRAL-LINE
99,1,0,1.54,1,2.25,356197,Y4,,,0,18.403,clean
99,2,0,1.48,1,2.40,288874,Y4,,,0,17.795,clean
99,3,0,1.38,501,2.41,901222,Y2,,,0,17.283,clean
99,4,0,1.52,1,2.39,358522,Y2,,,0,17.122,clean
99,5,0,1.42,1,2.38,792682,Y2,,,0,17.469,clean
99,6,0,1.44,1,2.38,1402706,Y4,,,0,17.651,clean
99,7,0,1.39,1,2.46,974357,Y4,,,0,17.387,clean
99,8,0,1.65,1,2.46,34064,Y2,,,0,16.877,clean
99,9,0,1.61,1,2.51,802964,Y4,,,0,16.775,clean
99,10,0,1.77,1,2.22,907570,Y4,,,0,16.676,clean
99,11,0,1.52,1,2.38,28789,Y4,,,0,16.751,clean
99,12,0,1.47,1,2.23,1340836,Y2,,,0,16.808,clean
99,13,0,1.42,298,2.18,360936,Y2,,,0,16.497,clean
99,14,0,1.55,1,2.54,596255,Y4,,,0,15.781,clean
99,15,0,1.58,1,2.36,1428634,Y2,,,0,15.392,clean
99,16,0,1.57,1,2.34,254631,Y4,,,0,15.517,clean
99,17,0,1.46,1,2.59,1249194,Y2,,,0,15.952,clean
99,18,0,1.62,525,2.58,625581,Y4,,,0,17.536,clean
99,19,0,1.51,1,2.41,598580,Y2,,,0,15.833,clean
99,20,0,1.77,1,2.55,1362473,Y2,,,0,15.004,clean
99,21,0,1.51,1,2.36,49531,Y4,,,0,14.366,clean
99,22,0,1.57,1,2.52,381231,Y2,,,0,14.305,clean
99,23,0,1.71,1,2.42,985354,Y4,,,0,14.862,clean
99,24,0,1.52,1,2.35,1146019,Y4,,,0,15.738,clean
99,25,0,1.73,1,2.40,1223892,Y2,,,0,15.974,clean
99,26,0,1.68,1,2.38,565141,Y4,,,0,15.290,clean
99,27,0,1.50,1,2.51,1023442,Y2,,,0,14.767,clean
99,28,0,1.64,1,2.54,189722,Y2,,,0,14.419,clean
99,29,0,1.62,1,2.54,945300,Y2,,,0,14.551,clean
99,30,0,1.67,1,2.46,625402,Y2,,,0,15.083,clean
99,31,0,1.71,1,2.44,1455098,Y2,,,0,15.460,clean
99,32,0,3.10,1,2.40,1103640,Y2,0.00/noise-like,0.00/noise-like,0,15.025,hump-note
99,33,0,1.69,1,2.41,592053,Y2,,,0,14.069,clean
99,34,0,1.93,1,2.48,404656,Y4,,,0,13.546,clean
99,35,0,1.83,1,2.96,1208872,Y2,,,0,13.670,clean
99,36,0,1.49,1,2.74,722945,Y2,,,0,13.881,clean
99,37,0,1.72,1,2.44,991791,Y2,,,0,13.833,clean
99,38,0,1.77,1,2.32,980794,Y2,,,0,13.638,clean
99,39,0,1.98,1,2.63,8047,Y2,,,0,13.171,clean
99,40,0,1.72,1,2.32,143498,Y4,,,0,12.699,clean
99,41,0,1.68,1,2.37,67592,Y2,,,0,12.693,clean
99,42,0,1.60,1,2.33,1464218,Y4,,,0,13.028,clean
99,43,0,1.95,1,2.36,312030,Y2,,,0,13.239,clean
99,44,0,1.66,1,2.34,467598,Y2,,,0,12.887,clean
99,45,0,1.74,1,2.49,1184821,Y4,,,0,12.383,clean
99,46,0,1.90,1,2.33,415295,Y4,,,0,12.196,clean
99,47,0,2.18,1,2.49,1382947,Y4,,,0,12.319,clean
99,48,0,2.41,1,2.46,1109183,Y2,,,0,12.414,clean
99,49,0,1.64,1,2.43,279576,Y4,,,0,12.382,clean
99,50,0,2.21,1,2.32,1025945,Y4,,,0,11.879,clean
99,51,0,2.02,1,2.53,527322,Y4,,,0,10.804,clean
99,52,0,2.33,1,2.36,321865,Y2,,,0,9.803,clean
99,53,0,2.36,1,2.28,1281738,Y2,,,0,9.402,clean
99,54,0,2.69,1,2.33,304162,Y4,0.42/WATCH,0.00/noise-like,0,9.158,hump-note
99,55,0,2.82,1,2.41,43094,Y2,0.00/noise-like,0.00/noise-like,0,8.693,hump-note
99,56,0,3.34,1,2.37,1330197,Y4,0.00/noise-like,0.24/noise-like,0,7.868,hump-note
99,57,0,0,-1,0,0,-,,,0,6.658,QUARANTINE:dark-lane range=63 distinct=58
99,58,0,0,-1,0,0,-,,,0,5.442,QUARANTINE:dark-lane range=52 distinct=48
99,59,0,0,-1,0,0,-,,,0,4.466,QUARANTINE:dark-lane range=37 distinct=38
99,60,0,0,-1,0,0,-,,,0,3.746,QUARANTINE:dark-lane range=36 distinct=35
99,61,0,0,-1,0,0,-,,,0,3.240,QUARANTINE:dark-lane range=26 distinct=27
99,62,0,0,-1,0,0,-,,,0,2.736,QUARANTINE:dark-lane range=24 distinct=25
99,63,0,0,-1,0,0,-,,,0,2.242,QUARANTINE:dark-lane range=22 distinct=23
100,0,0,5.57,1,2.25,599921,Y2,0.00/noise-like,0.00/noise-like,0,18.934,SPECTRAL-LINE
100,1,0,1.46,1,2.24,14663,Y2,,,0,18.458,clean
100,2,0,1.55,1,2.31,345379,Y4,,,0,17.838,clean
100,3,0,1.32,1471,2.40,1122057,Y2,,,0,17.324,clean
100,4,0,1.44,1,2.54,707120,Y4,,,0,17.211,clean
100,5,0,1.41,1,2.31,1047492,Y4,,,0,17.474,clean
100,6,0,1.42,1,2.34,699073,Y2,,,0,17.700,clean
100,7,0,1.46,1,2.33,677168,Y4,,,0,17.393,clean
100,8,0,1.54,1,2.33,134200,Y4,,,0,16.955,clean
100,9,0,1.49,1,2.26,545114,Y2,,,0,16.846,clean
100,10,0,1.48,1,2.46,232548,Y2,,,0,16.772,clean
100,11,0,1.58,1,2.48,308722,Y4,,,0,16.805,clean
100,12,0,1.43,1,2.51,964165,Y2,,,0,16.866,clean
100,13,0,1.47,1,2.45,647217,Y2,,,0,16.532,clean
100,14,0,1.74,1,2.40,1203865,Y2,,,0,15.842,clean
100,15,0,1.67,1,2.27,154942,Y4,,,0,15.444,clean
100,16,0,1.38,1253,2.28,428349,Y2,,,0,15.587,clean
100,17,0,1.38,1468,2.56,1281649,Y2,,,0,15.978,clean
100,18,0,1.80,1,2.44,663400,Y2,,,0,17.593,clean
100,19,0,1.53,1,2.41,442564,Y4,,,0,15.879,clean
100,20,0,1.51,1,2.33,529289,Y2,,,0,15.061,clean
100,21,0,1.85,1,2.20,686735,Y2,,,0,14.423,clean
100,22,0,1.43,1,2.54,902653,Y4,,,0,14.313,clean
100,23,0,1.74,1,2.38,767916,Y4,,,0,14.929,clean
100,24,0,1.47,1,2.39,1024783,Y2,,,0,15.798,clean
100,25,0,1.50,1,2.37,1199931,Y4,,,0,16.039,clean
100,26,0,1.55,1,2.48,275642,Y2,,,0,15.342,clean
100,27,0,1.70,1,2.56,918210,Y4,,,0,14.801,clean
100,28,0,1.70,1,2.32,1038909,Y4,,,0,14.475,clean
100,29,0,1.71,1,2.40,1137435,Y4,,,0,14.588,clean
100,30,0,1.79,1,2.48,859916,Y2,,,0,15.124,clean
100,31,0,1.47,1,2.65,538141,Y2,,,0,15.538,clean
100,32,0,3.30,1,2.25,867963,Y2,0.00/noise-like,0.00/noise-like,0,15.053,hump-note
100,33,0,1.74,1,2.63,780791,Y2,,,0,14.100,clean
100,34,0,1.90,1,2.79,1119643,Y4,,,0,13.578,clean
100,35,0,2.12,1,2.42,1443475,Y4,,,0,13.707,clean
100,36,0,1.68,1,2.39,799119,Y4,,,0,13.925,clean
100,37,0,1.65,1,2.44,1028538,Y2,,,0,13.885,clean
100,38,0,1.52,1,2.24,1429349,Y4,,,0,13.683,clean
100,39,0,1.62,1,2.61,115961,Y2,,,0,13.201,clean
100,40,0,1.87,1,2.41,1034170,Y2,,,0,12.729,clean
100,41,0,1.66,1,2.52,1131177,Y2,,,0,12.740,clean
100,42,0,1.95,1,2.28,1317859,Y2,,,0,13.075,clean
100,43,0,1.93,1,2.38,1039982,Y4,,,0,13.292,clean
100,44,0,1.60,1,2.27,655621,Y4,,,0,12.951,clean
100,45,0,1.92,1,2.47,1067072,Y2,,,0,12.437,clean
100,46,0,1.94,1,2.33,609219,Y2,,,0,12.259,clean
100,47,0,1.99,1,2.44,1419783,Y4,,,0,12.344,clean
100,48,0,2.28,1,2.33,259727,Y2,,,0,12.455,clean
100,49,0,1.61,1,2.60,617087,Y4,,,0,12.402,clean
100,50,0,1.73,1,2.48,95218,Y4,,,0,11.903,clean
100,51,0,1.97,1,2.25,640422,Y2,,,0,10.837,clean
100,52,0,2.67,1,2.42,1444191,Y2,0.00/noise-like,0.24/noise-like,0,9.810,hump-note
100,53,0,2.37,1,2.40,680029,Y2,,,0,9.413,clean
100,54,0,2.55,1,2.37,494510,Y4,0.00/noise-like,0.00/noise-like,1,9.178,hump-note
100,55,0,2.81,1,2.53,161827,Y4,0.24/noise-like,0.00/noise-like,0,8.725,hump-note
100,56,0,3.04,1,2.36,1115620,Y2,0.00/noise-like,0.00/noise-like,0,7.891,hump-note
100,57,0,0,-1,0,0,-,,,0,6.672,QUARANTINE:dark-lane range=59 distinct=58
100,58,0,0,-1,0,0,-,,,0,5.452,QUARANTINE:dark-lane range=48 distinct=48
100,59,0,0,-1,0,0,-,,,0,4.475,QUARANTINE:dark-lane range=39 distinct=39
100,60,0,0,-1,0,0,-,,,0,3.756,QUARANTINE:dark-lane range=31 distinct=32
100,61,0,0,-1,0,0,-,,,0,3.255,QUARANTINE:dark-lane range=27 distinct=28
100,62,0,0,-1,0,0,-,,,0,2.743,QUARANTINE:dark-lane range=29 distinct=27
100,63,0,0,-1,0,0,-,,,1,2.249,QUARANTINE:dark-lane range=35 distinct=23
101,0,0,5.34,1,2.46,267059,Y4,0.00/noise-like,0.24/noise-like,0,18.945,SPECTRAL-LINE
101,1,0,1.61,1,2.44,1406640,Y2,,,0,18.441,clean
101,2,0,1.36,1,2.36,904888,Y4,,,0,17.837,clean
101,3,0,1.53,1,2.46,963986,Y4,,,0,17.317,clean
101,4,0,1.47,345,2.52,671804,Y4,,,0,17.168,clean
101,5,0,1.52,1,2.43,359595,Y2,,,0,17.476,clean
101,6,0,1.43,1,2.57,93341,Y2,,,0,17.691,clean
101,7,0,1.55,1,2.28,1293540,Y4,,,0,17.374,clean
101,8,0,1.66,1,2.30,1316696,Y4,,,0,16.941,clean
101,9,0,1.52,1,2.60,779361,Y4,,,0,16.796,clean
101,10,0,1.42,1,2.22,1123220,Y4,,,1,16.748,clean
101,11,0,1.38,1188,2.32,176221,Y4,,,0,16.773,clean
101,12,0,1.53,1,2.71,1228184,Y4,,,0,16.889,clean
101,13,0,1.41,785,2.43,1443475,Y4,,,0,16.535,clean
101,14,0,1.56,1,2.35,129819,Y4,,,0,15.845,clean
101,15,0,1.64,1,2.58,1227915,Y4,,,0,15.435,clean
101,16,0,1.41,1,2.40,87529,Y2,,,0,15.549,clean
101,17,0,1.65,1,2.66,77337,Y4,,,0,15.970,clean
101,18,0,1.66,418,2.23,1055270,Y2,,,0,17.548,clean
101,19,0,1.66,1,2.32,245154,Y4,,,0,15.858,clean
101,20,0,1.78,1,2.50,160754,Y4,,,0,15.012,clean
101,21,0,1.63,1,2.43,1094520,Y4,,,0,14.400,clean
101,22,0,1.56,1,2.29,539571,Y4,,,0,14.313,clean
101,23,0,1.67,1,2.25,1329303,Y2,,,0,14.894,clean
101,24,0,1.48,1,2.79,1271456,Y2,,,0,15.784,clean
101,25,0,1.39,1,2.44,291735,Y4,,,0,16.033,clean
101,26,0,1.53,1,2.23,304878,Y4,,,0,15.318,clean
101,27,0,1.70,1,2.56,1360953,Y2,,,0,14.788,clean
101,28,0,1.49,1,2.32,1254648,Y2,,,0,14.444,clean
101,29,0,1.71,1,2.37,700325,Y2,,,0,14.590,clean
101,30,0,1.54,1,2.22,1201004,Y4,,,0,15.119,clean
101,31,0,1.40,1,2.53,1195192,Y4,,,0,15.537,clean
101,32,0,2.95,1,2.30,1441419,Y4,0.00/noise-like,0.00/noise-like,0,15.070,hump-note
101,33,0,1.73,1,2.24,750303,Y4,,,0,14.120,clean
101,34,0,1.74,1,2.81,1367837,Y4,,,0,13.561,clean
101,35,0,1.86,1,2.39,79751,Y2,,,0,13.713,clean
101,36,0,1.68,1,2.59,1294702,Y4,,,0,13.908,clean
101,37,0,1.63,1,2.41,166118,Y4,,,0,13.857,clean
101,38,0,1.61,1,2.70,534922,Y2,,,0,13.670,clean
101,39,0,1.71,1,2.26,1177043,Y2,,,0,13.215,clean
101,40,0,1.89,1,2.51,372469,Y2,,,0,12.698,clean
101,41,0,1.73,1,2.40,988215,Y2,,,0,12.711,clean
101,42,0,1.79,1,2.30,173181,Y4,,,0,13.043,clean
101,43,0,1.68,1,2.33,1016825,Y4,,,0,13.308,clean
101,44,0,1.79,1,2.47,517219,Y4,,,0,12.955,clean
101,45,0,1.77,1,2.25,1090586,Y4,,,0,12.397,clean
101,46,0,2.14,1,2.35,165582,Y4,,,0,12.241,clean
101,47,0,1.86,1,2.73,108272,Y2,,,0,12.341,clean
101,48,0,2.46,1,2.30,142962,Y2,,,1,12.441,clean
101,49,0,1.94,1,2.40,851065,Y2,,,0,12.376,clean
101,50,0,1.86,1,2.36,387758,Y4,,,0,11.917,clean
101,51,0,2.24,1,2.37,20117,Y2,,,0,10.791,clean
101,52,0,2.18,1,2.75,1378745,Y2,,,0,9.807,clean
101,53,0,2.67,1,2.48,962287,Y4,0.24/noise-like,0.00/noise-like,1,9.425,hump-note
101,54,0,2.77,1,2.54,202328,Y2,0.00/noise-like,0.24/noise-like,1,9.181,hump-note
101,55,0,2.75,1,2.32,218600,Y2,0.24/noise-like,0.00/noise-like,1,8.715,hump-note
101,56,0,3.06,1,2.28,297189,Y2,0.00/noise-like,0.00/noise-like,0,7.900,hump-note
101,57,0,0,-1,0,0,-,,,0,6.669,QUARANTINE:dark-lane range=56 distinct=56
101,58,0,0,-1,0,0,-,,,0,5.453,QUARANTINE:dark-lane range=54 distinct=49
101,59,0,0,-1,0,0,-,,,0,4.475,QUARANTINE:dark-lane range=37 distinct=38
101,60,0,0,-1,0,0,-,,,0,3.754,QUARANTINE:dark-lane range=34 distinct=34
101,61,0,0,-1,0,0,-,,,0,3.250,QUARANTINE:dark-lane range=28 distinct=29
101,62,0,0,-1,0,0,-,,,1,2.746,QUARANTINE:dark-lane range=31 distinct=27
101,63,0,0,-1,0,0,-,,,0,2.247,QUARANTINE:dark-lane range=26 distinct=21
102,0,0,5.59,1,2.40,122666,Y2,0.24/noise-like,0.24/noise-like,0,18.857,SPECTRAL-LINE
102,1,0,1.37,1,2.42,780612,Y4,,,0,18.387,clean
102,2,0,1.33,1,2.70,450343,Y2,,,0,17.779,clean
102,3,0,1.40,1371,2.38,401884,Y4,,,0,17.259,clean
102,4,0,1.68,1,2.58,205189,Y4,,,0,17.111,clean
102,5,0,1.53,1,2.28,1245707,Y2,,,0,17.446,clean
102,6,0,1.36,1,2.29,235498,Y4,,,0,17.607,clean
102,7,0,1.38,1,2.37,1146108,Y2,,,0,17.304,clean
102,8,0,1.43,1,2.29,1314014,Y4,,,0,16.867,clean
102,9,0,1.73,1,2.44,644267,Y2,,,0,16.781,clean
102,10,0,1.45,1,2.39,107378,Y2,,,0,16.721,clean
102,11,0,1.49,1,2.42,297815,Y4,,,0,16.723,clean
102,12,0,1.65,1,2.24,287443,Y2,,,0,16.828,clean
102,13,0,1.52,1,2.36,737160,Y4,,,0,16.485,clean
102,14,0,1.51,1,2.40,645161,Y4,,,0,15.775,clean
102,15,0,1.41,1,2.39,485659,Y4,,,0,15.382,clean
102,16,0,1.54,1,2.51,245243,Y4,,,0,15.519,clean
102,17,0,1.43,1,2.39,800014,Y2,,,0,15.895,clean
102,18,0,1.70,318,2.47,5633,Y4,,,0,17.498,clean
102,19,0,1.64,1,2.34,450701,Y2,,,0,15.821,clean
102,20,0,1.63,1,2.40,107199,Y2,,,0,14.974,clean
102,21,0,1.69,1,2.36,603050,Y4,,,0,14.348,clean
102,22,0,1.94,1,2.56,627995,Y2,,,0,14.288,clean
102,23,0,1.87,1,2.60,683695,Y4,,,0,14.855,clean
102,24,0,1.65,1,2.49,514716,Y4,,,0,15.708,clean
102,25,0,1.43,1,2.38,498354,Y2,,,0,15.977,clean
102,26,0,1.39,1,2.32,155210,Y2,,,0,15.303,clean
102,27,0,1.62,1,2.42,467688,Y4,,,0,14.732,clean
102,28,0,1.90,1,2.39,576138,Y4,,,0,14.396,clean
102,29,0,1.49,1,2.39,1098007,Y2,,,0,14.521,clean
102,30,0,1.87,1,2.60,784189,Y4,,,0,15.084,clean
102,31,0,1.68,1,2.62,681639,Y2,,,1,15.480,clean
102,32,0,2.74,1,2.57,863850,Y4,0.00/noise-like,0.24/noise-like,0,15.003,hump-note
102,33,0,1.66,1,2.54,628173,Y2,,,0,14.053,clean
102,34,0,1.80,1,2.50,254184,Y2,,,0,13.558,clean
102,35,0,1.66,1,2.43,248641,Y4,,,0,13.682,clean
102,36,0,1.51,1,2.26,784725,Y2,,,0,13.856,clean
102,37,0,1.57,1,2.41,1415044,Y4,,,0,13.834,clean
102,38,0,1.66,1,2.40,196606,Y4,,,0,13.625,clean
102,39,0,1.90,1,2.28,544131,Y2,,,0,13.160,clean
102,40,0,1.62,1,2.47,1033008,Y4,,,0,12.657,clean
102,41,0,1.77,1,2.37,37104,Y2,,,0,12.677,clean
102,42,0,1.80,1,2.68,548422,Y2,,,0,13.022,clean
102,43,0,1.83,1,2.28,678688,Y4,,,0,13.241,clean
102,44,0,1.82,1,2.37,1127779,Y4,,,0,12.899,clean
102,45,0,2.09,1,2.59,1464576,Y4,,,0,12.387,clean
102,46,0,1.61,1,2.60,1303196,Y4,,,0,12.195,clean
102,47,0,1.65,1,2.46,1174539,Y4,,,0,12.305,clean
102,48,0,2.58,1,2.29,224233,Y2,0.00/noise-like,0.00/noise-like,0,12.405,hump-note
102,49,0,2.21,1,2.19,185341,Y2,,,0,12.346,clean
102,50,0,1.91,1,2.42,72688,Y2,,,0,11.878,clean
102,51,0,2.03,1,2.37,384718,Y2,,,0,10.768,clean
102,52,0,2.29,1,2.35,47296,Y4,,,0,9.784,clean
102,53,0,2.51,1,2.58,449002,Y2,0.00/noise-like,0.00/noise-like,0,9.387,hump-note
102,54,0,2.68,1,2.38,74655,Y2,0.24/noise-like,0.24/noise-like,0,9.153,hump-note
102,55,0,2.62,1,2.68,1020670,Y4,0.00/noise-like,0.00/noise-like,0,8.678,hump-note
102,56,0,2.95,1,2.32,343591,Y2,0.24/noise-like,0.00/noise-like,0,7.867,hump-note
102,57,0,0,-1,0,0,-,,,0,6.648,QUARANTINE:dark-lane range=58 distinct=56
102,58,0,0,-1,0,0,-,,,0,5.437,QUARANTINE:dark-lane range=44 distinct=45
102,59,0,0,-1,0,0,-,,,0,4.459,QUARANTINE:dark-lane range=38 distinct=39
102,60,0,0,-1,0,0,-,,,0,3.741,QUARANTINE:dark-lane range=35 distinct=34
102,61,0,0,-1,0,0,-,,,0,3.248,QUARANTINE:dark-lane range=29 distinct=30
102,62,0,0,-1,0,0,-,,,0,2.737,QUARANTINE:dark-lane range=22 distinct=23
102,63,0,0,-1,0,0,-,,,8,2.265,QUARANTINE:dark-lane range=20 distinct=21
103,0,0,5.88,1,2.50,762373,Y4,0.00/noise-like,0.00/noise-like,0,18.831,SPECTRAL-LINE
103,1,0,1.34,573,2.41,490844,Y2,,,0,18.363,clean
103,2,0,1.72,1,2.27,663042,Y2,,,0,17.759,clean
103,3,0,1.57,1,2.40,1409322,Y2,,,0,17.271,clean
103,4,0,1.58,1,2.57,1331449,Y2,,,0,17.120,clean
103,5,0,1.62,1,2.32,714540,Y4,,,0,17.401,clean
103,6,0,1.61,1,2.40,1147449,Y4,,,0,17.631,clean
103,7,0,1.48,1,2.28,585437,Y2,,,0,17.358,clean
103,8,0,1.64,1,2.43,70095,Y4,,,0,16.889,clean
103,9,0,1.45,1354,2.48,546277,Y4,,,0,16.770,clean
103,10,0,1.42,1,2.23,40054,Y2,,,0,16.700,clean
103,11,0,1.63,1,2.38,1268148,Y2,,,0,16.754,clean
103,12,0,1.37,987,2.37,392407,Y2,,,0,16.821,clean
103,13,0,1.48,1,2.55,707835,Y2,,,0,16.493,clean
103,14,0,1.64,1,2.20,269920,Y2,,,0,15.789,clean
103,15,0,1.40,1,2.42,1363635,Y4,,,0,15.391,clean
103,16,0,1.37,1,2.55,960499,Y4,,,0,15.519,clean
103,17,0,1.32,534,2.50,438452,Y2,,,0,15.937,clean
103,18,0,1.73,1,2.48,147253,Y2,,,0,17.528,clean
103,19,0,1.58,1,2.39,450701,Y4,,,0,15.816,clean
103,20,0,1.68,1,2.36,1459032,Y2,,,0,14.980,clean
103,21,0,1.71,1,2.42,646502,Y2,,,0,14.388,clean
103,22,0,1.71,1,2.51,773102,Y2,,,0,14.271,clean
103,23,0,1.63,1,2.77,167191,Y4,,,0,14.839,clean
103,24,0,1.34,823,2.32,1371503,Y2,,,0,15.719,clean
103,25,0,1.46,1,2.32,133663,Y4,,,0,15.957,clean
103,26,0,1.53,1,2.35,1001179,Y4,,,0,15.279,clean
103,27,0,1.59,1,2.42,622898,Y2,,,0,14.749,clean
103,28,0,1.59,1,2.56,765234,Y2,,,0,14.399,clean
103,29,0,1.70,1,2.35,621289,Y4,,,0,14.531,clean
103,30,0,1.51,1,2.34,685036,Y2,,,0,15.062,clean
103,31,0,1.58,1,2.58,1092911,Y2,,,0,15.509,clean
103,32,0,2.81,1,2.37,1395464,Y2,0.00/noise-like,0.24/noise-like,0,15.013,hump-note
103,33,0,2.02,1,2.49,633985,Y4,,,0,14.059,clean
103,34,0,1.94,1,2.41,405461,Y2,,,0,13.537,clean
103,35,0,1.73,1,2.60,272423,Y4,,,0,13.670,clean
103,36,0,1.75,1,2.55,1174182,Y4,,,0,13.865,clean
103,37,0,1.74,1,2.57,1272172,Y4,,,0,13.849,clean
103,38,0,1.50,1,2.45,746816,Y2,,,0,13.617,clean
103,39,0,1.97,1,2.29,70184,Y4,,,0,13.141,clean
103,40,0,1.77,1,2.44,15557,Y4,,,0,12.670,clean
103,41,0,1.82,1,2.74,53018,Y4,,,0,12.671,clean
103,42,0,1.71,1,2.53,80734,Y2,,,0,13.017,clean
103,43,0,1.48,1,2.62,1388580,Y2,,,0,13.249,clean
103,44,0,1.75,1,2.47,560850,Y4,,,0,12.879,clean
103,45,0,1.90,1,2.25,1609,Y4,,,0,12.393,clean
103,46,0,1.73,1,2.45,1267165,Y4,,,0,12.208,clean
103,47,0,1.88,1,2.32,437915,Y4,,,0,12.283,clean
103,48,0,2.46,1,2.38,1293808,Y4,,,0,12.405,clean
103,49,0,1.81,1,2.30,74029,Y2,,,0,12.337,clean
103,50,0,1.79,1,2.23,1224697,Y2,,,0,11.865,clean
103,51,0,2.21,1,2.34,1154065,Y2,,,0,10.767,clean
103,52,0,2.53,1,2.37,537604,Y4,0.00/noise-like,0.24/noise-like,0,9.782,hump-note
103,53,0,2.83,1,2.46,289500,Y2,0.00/noise-like,0.24/noise-like,0,9.402,hump-note
103,54,0,2.92,1,2.52,558615,Y4,0.00/noise-like,0.24/noise-like,0,9.157,hump-note
103,55,0,2.54,1,2.39,1296133,Y2,0.24/noise-like,0.00/noise-like,0,8.681,hump-note
103,56,0,2.84,1,2.51,110775,Y2,0.00/noise-like,0.24/noise-like,0,7.881,hump-note
103,57,0,0,-1,0,0,-,,,0,6.651,QUARANTINE:dark-lane range=55 distinct=56
103,58,0,0,-1,0,0,-,,,0,5.438,QUARANTINE:dark-lane range=46 distinct=46
103,59,0,0,-1,0,0,-,,,0,4.465,QUARANTINE:dark-lane range=39 distinct=39
103,60,0,0,-1,0,0,-,,,0,3.749,QUARANTINE:dark-lane range=35 distinct=35
103,61,0,0,-1,0,0,-,,,0,3.243,QUARANTINE:dark-lane range=29 distinct=29
103,62,0,0,-1,0,0,-,,,0,2.740,QUARANTINE:dark-lane range=23 distinct=24
103,63,0,0,-1,0,0,-,,,0,2.243,QUARANTINE:dark-lane range=20 distinct=21
104,0,0,5.13,1,2.37,639439,Y2,0.24/noise-like,0.00/noise-like,0,18.886,SPECTRAL-LINE
104,1,0,1.38,976,2.30,1350224,Y4,,,0,18.382,clean
104,2,0,1.40,141,2.54,703454,Y2,,,0,17.799,clean
104,3,0,1.53,1,2.40,1047224,Y2,,,0,17.237,clean
104,4,0,1.53,1,2.34,1262248,Y4,,,0,17.129,clean
104,5,0,1.39,1,2.24,992328,Y4,,,0,17.435,clean
104,6,0,1.59,1,2.33,47296,Y2,,,0,17.636,clean
104,7,0,1.52,1,2.53,789642,Y2,,,0,17.355,clean
104,8,0,1.53,1,2.30,304341,Y2,,,0,16.904,clean
104,9,0,1.51,1,2.33,1377225,Y2,,,0,16.765,clean
104,10,0,1.53,1,2.50,1171589,Y4,,,0,16.737,clean
104,11,0,1.41,1,2.43,10997,Y2,,,0,16.716,clean
104,12,0,1.40,1007,2.26,819325,Y4,,,0,16.820,clean
104,13,0,1.78,1,2.64,967741,Y2,,,0,16.485,clean
104,14,0,1.52,1,2.31,1111329,Y2,,,0,15.815,clean
104,15,0,1.64,1,2.47,1342714,Y4,,,0,15.411,clean
104,16,0,1.53,1,2.44,119895,Y4,,,0,15.540,clean
104,17,0,1.62,1,2.42,1082718,Y4,,,0,15.938,clean
104,18,0,1.60,1,2.43,293702,Y2,,,0,17.499,clean
104,19,0,1.89,1,2.44,144392,Y2,,,0,15.840,clean
104,20,0,1.62,1,2.39,547796,Y2,,,0,14.972,clean
104,21,0,1.85,1,2.51,110418,Y2,,,0,14.367,clean
104,22,0,1.60,1,2.31,197589,Y2,,,0,14.281,clean
104,23,0,1.61,1,2.43,313997,Y4,,,0,14.859,clean
104,24,0,1.61,1,2.38,347078,Y2,,,0,15.740,clean
104,25,0,1.50,1,2.47,1328588,Y4,,,0,15.975,clean
104,26,0,1.71,1,2.55,338227,Y4,,,0,15.294,clean
104,27,0,1.55,698,2.56,640690,Y4,,,0,14.778,clean
104,28,0,1.48,1,2.45,1150757,Y2,,,0,14.428,clean
104,29,0,1.99,1,2.38,1091123,Y4,,,0,14.574,clean
104,30,0,1.74,1,2.47,1259118,Y4,,,0,15.066,clean
104,31,0,1.73,1,2.26,523388,Y4,,,0,15.475,clean
104,32,0,3.17,1,2.62,1446784,Y4,0.00/noise-like,0.00/noise-like,0,15.032,hump-note
104,33,0,1.55,1,2.30,1047403,Y4,,,0,14.047,clean
104,34,0,1.57,1,2.48,1201183,Y2,,,0,13.511,clean
104,35,0,2.04,1,2.48,807077,Y4,,,0,13.671,clean
104,36,0,1.79,1,2.48,903726,Y2,,,0,13.860,clean
104,37,0,1.96,1,2.48,444084,Y4,,,0,13.841,clean
104,38,0,1.87,1,2.30,59277,Y4,,,0,13.627,clean
104,39,0,1.79,1,2.44,1361489,Y4,,,0,13.187,clean
104,40,0,1.77,1,2.44,1355678,Y4,,,0,12.682,clean
104,41,0,1.84,1,2.26,1118124,Y4,,,0,12.680,clean
104,42,0,2.35,1,2.50,362992,Y4,,,0,13.035,clean
104,43,0,2.02,1,2.49,392765,Y4,,,0,13.253,clean
104,44,0,1.72,1,2.24,638545,Y2,,,0,12.885,clean
104,45,0,1.88,1,2.49,325263,Y4,,,0,12.378,clean
104,46,0,2.06,1,2.35,726074,Y4,,,0,12.199,clean
104,47,0,1.66,1,2.48,1072168,Y2,,,0,12.296,clean
104,48,0,2.53,1,2.36,415921,Y2,0.00/noise-like,0.00/noise-like,0,12.423,hump-note
104,49,0,2.09,1,2.45,89139,Y4,,,0,12.355,clean
104,50,0,2.13,1,2.76,432819,Y2,,,0,11.874,clean
104,51,0,2.17,1,2.56,315696,Y2,,,0,10.778,clean
104,52,0,2.26,1,2.29,70363,Y2,,,0,9.783,clean
104,53,0,2.55,1,2.26,101566,Y4,0.00/noise-like,0.00/noise-like,0,9.402,hump-note
104,54,0,2.50,1,2.39,741005,Y4,,,0,9.157,clean
104,55,0,2.90,1,2.20,491738,Y2,0.00/noise-like,0.00/noise-like,0,8.708,hump-note
104,56,0,3.40,1,2.56,642926,Y2,0.00/noise-like,0.00/noise-like,0,7.886,hump-note
104,57,0,0,-1,0,0,-,,,0,6.649,QUARANTINE:dark-lane range=58 distinct=58
104,58,0,0,-1,0,0,-,,,0,5.441,QUARANTINE:dark-lane range=49 distinct=48
104,59,0,0,-1,0,0,-,,,0,4.463,QUARANTINE:dark-lane range=37 distinct=38
104,60,0,0,-1,0,0,-,,,0,3.741,QUARANTINE:dark-lane range=32 distinct=32
104,61,0,0,-1,0,0,-,,,0,3.248,QUARANTINE:dark-lane range=27 distinct=28
104,62,0,0,-1,0,0,-,,,0,2.740,QUARANTINE:dark-lane range=28 distinct=27
104,63,0,0,-1,0,0,-,,,0,2.237,QUARANTINE:dark-lane range=19 distinct=20
105,0,0,5.43,1,2.51,27627,Y2,0.00/noise-like,0.00/noise-like,0,18.862,SPECTRAL-LINE
105,1,0,1.60,1,2.66,76890,Y2,,,0,18.370,clean
105,2,0,1.31,1250,2.44,167012,Y4,,,0,17.743,clean
105,3,0,1.56,1,2.37,170678,Y2,,,0,17.266,clean
105,4,0,1.46,1,2.36,1165062,Y4,,,0,17.123,clean
105,5,0,1.58,1,2.58,939935,Y2,,,0,17.420,clean
105,6,0,1.67,1,2.37,102282,Y4,,,0,17.614,clean
105,7,0,1.44,780,2.61,1072437,Y2,,,0,17.331,clean
105,8,0,1.93,1,2.58,1405120,Y4,,,0,16.854,clean
105,9,0,1.48,1,2.64,69827,Y4,,,0,16.752,clean
105,10,0,1.67,1,2.50,741631,Y4,,,0,16.691,clean
105,11,0,1.60,1,2.25,1244009,Y2,,,0,16.719,clean
105,12,0,1.38,1,2.43,101924,Y4,,,0,16.829,clean
105,13,0,1.44,1,2.39,149578,Y2,,,0,16.475,clean
105,14,0,1.37,1029,2.43,80287,Y4,,,0,15.799,clean
105,15,0,1.57,1,2.45,1156837,Y2,,,0,15.397,clean
105,16,0,1.38,1369,2.31,1021743,Y4,,,0,15.518,clean
105,17,0,1.40,1,2.46,865638,Y4,,,0,15.932,clean
105,18,0,1.66,321,2.44,1064211,Y2,,,0,17.527,clean
105,19,0,1.60,1,2.41,24676,Y2,,,0,15.804,clean
105,20,0,1.66,1,2.37,1123846,Y2,,,0,14.980,clean
105,21,0,1.64,1,2.38,107735,Y2,,,0,14.358,clean
105,22,0,1.70,1,2.33,407606,Y4,,,0,14.271,clean
105,23,0,1.60,1,2.39,286013,Y2,,,0,14.864,clean
105,24,0,1.41,863,2.59,1123041,Y2,,,0,15.717,clean
105,25,0,1.53,1,2.34,34600,Y2,,,0,15.967,clean
105,26,0,1.59,1,2.45,81360,Y2,,,0,15.262,clean
105,27,0,1.55,1,2.90,44703,Y2,,,0,14.761,clean
105,28,0,1.79,1,2.34,1360685,Y2,,,0,14.398,clean
105,29,0,1.82,1,2.23,190169,Y2,,,0,14.566,clean
105,30,0,1.70,1,2.29,1197606,Y4,,,0,15.020,clean
105,31,0,1.70,1,2.41,651509,Y4,,,0,15.468,clean
105,32,0,2.77,1,2.46,321150,Y2,0.24/noise-like,0.00/noise-like,0,15.011,hump-note
105,33,0,1.55,1,2.32,128478,Y2,,,0,14.075,clean
105,34,0,1.58,1,2.43,1365602,Y4,,,0,13.522,clean
105,35,0,1.53,1,2.35,1178026,Y2,,,0,13.669,clean
105,36,0,1.80,1,2.30,1139760,Y4,,,0,13.834,clean
105,37,0,1.61,1,2.40,1001179,Y4,,,0,13.808,clean
105,38,0,1.74,1,2.26,493795,Y4,,,0,13.636,clean
105,39,0,2.22,1,2.37,614762,Y4,,,0,13.142,clean
105,40,0,1.78,1,2.29,1092196,Y4,,,0,12.690,clean
105,41,0,1.94,1,2.35,425130,Y4,,,0,12.657,clean
105,42,0,1.81,1,2.52,374705,Y2,,,0,13.014,clean
105,43,0,1.73,1,2.58,915706,Y4,,,0,13.219,clean
105,44,0,1.91,1,2.33,285566,Y2,,,0,12.882,clean
105,45,0,2.19,1,2.55,470102,Y4,,,0,12.371,clean
105,46,0,2.23,1,2.36,1108289,Y2,,,0,12.175,clean
105,47,0,1.79,1,2.69,1226574,Y2,,,0,12.290,clean
105,48,0,2.53,1,2.49,1404762,Y2,0.00/noise-like,0.00/noise-like,0,12.409,hump-note
105,49,0,1.84,1,2.37,412434,Y4,,,0,12.321,clean
105,50,0,1.99,1,2.52,454813,Y2,,,0,11.874,clean
105,51,0,2.18,1,2.48,1055896,Y4,,,0,10.783,clean
105,52,0,2.48,1,2.47,226021,Y2,,,0,9.792,clean
105,53,0,2.99,1,2.23,66072,Y2,0.00/noise-like,0.24/noise-like,0,9.398,hump-note
105,54,0,2.35,1,2.34,979722,Y2,,,0,9.156,clean
105,55,0,2.78,1,2.56,665456,Y4,0.00/noise-like,0.00/noise-like,0,8.702,hump-note
105,56,0,3.18,1,2.45,241309,Y2,0.00/noise-like,0.00/noise-like,0,7.889,hump-note
105,57,0,0,-1,0,0,-,,,0,6.654,QUARANTINE:dark-lane range=57 distinct=58
105,58,0,0,-1,0,0,-,,,0,5.435,QUARANTINE:dark-lane range=47 distinct=48
105,59,0,0,-1,0,0,-,,,0,4.464,QUARANTINE:dark-lane range=39 distinct=39
105,60,0,0,-1,0,0,-,,,0,3.739,QUARANTINE:dark-lane range=33 distinct=34
105,61,0,0,-1,0,0,-,,,0,3.244,QUARANTINE:dark-lane range=29 distinct=30
105,62,0,0,-1,0,0,-,,,0,2.738,QUARANTINE:dark-lane range=24 distinct=25
105,63,0,0,-1,0,0,-,,,0,2.239,QUARANTINE:dark-lane range=19 distinct=20
106,0,0,6.52,1,2.74,194192,Y2,0.00/noise-like,0.00/noise-like,0,18.902,SPECTRAL-LINE
106,1,0,1.28,932,2.48,1427650,Y4,,,0,18.410,clean
106,2,0,1.59,1,2.31,277966,Y2,,,0,17.821,clean
106,3,0,1.42,1,2.35,165850,Y2,,,0,17.336,clean
106,4,0,1.38,291,2.82,231475,Y2,,,0,17.165,clean
106,5,0,1.77,1,2.44,1403332,Y4,,,0,17.484,clean
106,6,0,1.36,837,2.31,315696,Y2,,,0,17.667,clean
106,7,0,1.52,1,2.33,237554,Y2,,,0,17.387,clean
106,8,0,1.56,1,2.44,758439,Y4,,,0,16.924,clean
106,9,0,1.31,1358,2.47,1101851,Y2,,,0,16.834,clean
106,10,0,1.33,559,2.40,1181513,Y2,,,0,16.740,clean
106,11,0,1.44,1,2.42,799388,Y4,,,0,16.776,clean
106,12,0,1.38,1032,2.60,73940,Y2,,,0,16.843,clean
106,13,0,1.69,1,2.64,755310,Y4,,,0,16.527,clean
106,14,0,1.37,1,2.44,193566,Y2,,,0,15.812,clean
106,15,0,1.47,1,2.36,76443,Y2,,,0,15.418,clean
106,16,0,1.48,1,2.49,717580,Y2,,,0,15.577,clean
106,17,0,1.55,1,2.44,1213878,Y2,,,0,15.940,clean
106,18,0,1.60,319,2.37,248909,Y2,,,0,17.580,clean
106,19,0,1.66,1,2.25,1240343,Y4,,,0,15.861,clean
106,20,0,1.71,1,2.53,779361,Y2,,,0,15.012,clean
106,21,0,1.54,1,2.58,1441956,Y4,,,0,14.407,clean
106,22,0,1.51,1,2.46,475824,Y4,,,0,14.307,clean
106,23,0,1.57,1,2.38,559598,Y4,,,0,14.883,clean
106,24,0,1.46,1,2.54,861794,Y4,,,0,15.732,clean
106,25,0,1.43,1,2.42,655085,Y4,,,0,16.012,clean
106,26,0,1.57,1,2.24,616282,Y2,,,0,15.274,clean
106,27,0,1.72,1,2.37,167280,Y2,,,0,14.786,clean
106,28,0,1.60,1,2.34,831306,Y4,,,0,14.457,clean
106,29,0,1.67,1,2.38,703007,Y2,,,0,14.564,clean
106,30,0,1.87,1,2.50,516415,Y4,,,0,15.125,clean
106,31,0,1.56,1,2.71,293344,Y2,,,0,15.487,clean
106,32,0,3.01,1,2.38,1038909,Y2,0.00/noise-like,0.00/noise-like,0,15.060,hump-note
106,33,0,1.82,1,2.52,1331896,Y2,,,0,14.100,clean
106,34,0,1.67,1,2.43,1336902,Y2,,,0,13.568,clean
106,35,0,1.78,1,2.36,618339,Y2,,,0,13.728,clean
106,36,0,1.65,1,2.34,1334757,Y2,,,0,13.897,clean
106,37,0,1.63,1,2.35,954330,Y4,,,0,13.877,clean
106,38,0,1.70,1,2.33,1397163,Y2,,,0,13.676,clean
106,39,0,1.77,1,2.25,1387149,Y2,,,0,13.195,clean
106,40,0,1.82,1,2.39,526875,Y4,,,0,12.697,clean
106,41,0,1.82,1,2.66,1245618,Y2,,,0,12.715,clean
106,42,0,1.58,1,2.56,79215,Y4,,,0,13.066,clean
106,43,0,1.70,1,2.40,285655,Y4,,,0,13.292,clean
106,44,0,1.94,1,2.38,221819,Y2,,,0,12.951,clean
106,45,0,2.28,1,2.39,1392514,Y2,,,0,12.415,clean
106,46,0,1.95,1,2.35,774622,Y4,,,0,12.206,clean
106,47,0,1.77,1,2.46,783741,Y4,,,0,12.333,clean
106,48,0,2.50,1,2.34,154406,Y4,,,0,12.417,clean
106,49,0,1.72,1,2.31,141621,Y2,,,0,12.355,clean
106,50,0,1.83,1,2.55,1069486,Y4,,,0,11.898,clean
106,51,0,2.11,1,2.46,622630,Y4,,,0,10.813,clean
106,52,0,2.55,1,2.52,1424342,Y2,0.00/noise-like,0.00/noise-like,0,9.791,hump-note
106,53,0,3.18,1,2.42,679404,Y2,0.00/noise-like,0.00/noise-like,0,9.393,hump-note
106,54,0,2.43,1,2.75,92536,Y4,,,1,9.165,clean
106,55,0,2.60,1,2.54,1410753,Y4,0.24/noise-like,0.24/noise-like,0,8.707,hump-note
106,56,0,2.95,1,2.36,203401,Y4,0.00/noise-like,0.24/noise-like,0,7.884,hump-note
106,57,0,0,-1,0,0,-,,,0,6.663,QUARANTINE:dark-lane range=62 distinct=60
106,58,0,0,-1,0,0,-,,,0,5.444,QUARANTINE:dark-lane range=49 distinct=48
106,59,0,0,-1,0,0,-,,,0,4.477,QUARANTINE:dark-lane range=41 distinct=39
106,60,0,0,-1,0,0,-,,,0,3.749,QUARANTINE:dark-lane range=30 distinct=31
106,61,0,0,-1,0,0,-,,,0,3.254,QUARANTINE:dark-lane range=29 distinct=29
106,62,0,0,-1,0,0,-,,,0,2.743,QUARANTINE:dark-lane range=25 distinct=26
106,63,0,0,-1,0,0,-,,,0,2.250,QUARANTINE:dark-lane range=20 distinct=21
107,0,0,5.97,1,2.43,216365,Y2,0.24/noise-like,0.00/noise-like,0,18.909,SPECTRAL-LINE
107,1,0,1.35,739,2.50,1010388,Y4,,,0,18.387,clean
107,2,0,1.36,1,2.34,85115,Y4,,,0,17.790,clean
107,3,0,1.51,1,2.92,8583,Y2,,,0,17.277,clean
107,4,0,1.40,1286,2.50,63479,Y4,,,0,17.153,clean
107,5,0,1.59,1,2.40,787765,Y2,,,0,17.439,clean
107,6,0,1.52,1,2.46,501484,Y4,,,0,17.677,clean
107,7,0,1.54,1,2.56,1415402,Y4,,,0,17.346,clean
107,8,0,1.49,1,2.39,1390815,Y4,,,0,16.896,clean
107,9,0,1.53,1,2.46,122219,Y2,,,0,16.774,clean
107,10,0,1.47,1,2.46,1315624,Y4,,,0,16.747,clean
107,11,0,1.45,1,2.24,1129299,Y2,,,0,16.730,clean
107,12,0,1.41,1,2.31,235051,Y4,,,0,16.842,clean
107,13,0,1.34,1268,2.38,1323134,Y4,,,0,16.516,clean
107,14,0,1.43,1,2.53,470996,Y4,,,0,15.806,clean
107,15,0,1.64,1,2.30,1032740,Y4,,,0,15.405,clean
107,16,0,1.63,1,2.50,298709,Y4,,,0,15.549,clean
107,17,0,1.44,1,2.70,860542,Y2,,,0,15.904,clean
107,18,0,1.75,1,2.36,681549,Y2,,,0,17.547,clean
107,19,0,1.34,639,2.30,944495,Y4,,,0,15.858,clean
107,20,0,1.49,1,2.51,961214,Y2,,,0,15.001,clean
107,21,0,1.65,1,2.42,628173,Y4,,,0,14.387,clean
107,22,0,1.48,1,2.43,894248,Y4,,,0,14.297,clean
107,23,0,1.57,1,2.32,50515,Y4,,,0,14.873,clean
107,24,0,1.68,1,2.38,1350671,Y2,,,0,15.741,clean
107,25,0,1.57,1,2.33,643551,Y4,,,0,15.981,clean
107,26,0,1.53,1,2.43,10192,Y2,,,0,15.312,clean
107,27,0,1.60,1,2.23,1054913,Y2,,,0,14.763,clean
107,28,0,1.47,1,2.42,1284510,Y4,,,0,14.430,clean
107,29,0,1.60,1,2.27,982761,Y4,,,0,14.579,clean
107,30,0,1.65,1,2.41,698715,Y2,,,0,15.094,clean
107,31,0,1.40,1,2.33,335187,Y4,,,0,15.461,clean
107,32,0,2.99,1,2.42,340194,Y2,0.00/noise-like,0.00/noise-like,0,15.040,hump-note
107,33,0,1.80,1,2.53,982851,Y4,,,0,14.057,clean
107,34,0,1.84,1,2.31,1244724,Y4,,,0,13.533,clean
107,35,0,1.73,1,2.71,1291037,Y4,,,0,13.690,clean
107,36,0,1.48,1,2.37,91732,Y2,,,0,13.890,clean
107,37,0,1.77,1,2.56,614047,Y2,,,0,13.853,clean
107,38,0,1.66,1,2.17,1131535,Y4,,,0,13.644,clean
107,39,0,1.79,1,2.18,119805,Y4,,,0,13.167,clean
107,40,0,1.88,1,2.27,1304448,Y4,,,0,12.692,clean
107,41,0,1.81,1,2.32,25928,Y4,,,0,12.689,clean
107,42,0,1.77,1,2.83,511944,Y4,,,0,13.041,clean
107,43,0,1.76,1,2.38,889957,Y2,,,0,13.252,clean
107,44,0,1.74,1,2.73,749677,Y2,,,0,12.909,clean
107,45,0,1.83,1,2.29,33617,Y4,,,0,12.385,clean
107,46,0,1.66,1,2.54,518918,Y4,,,0,12.197,clean
107,47,0,1.98,1,2.43,597954,Y2,,,0,12.320,clean
107,48,0,2.22,1,2.24,616193,Y4,,,0,12.445,clean
107,49,0,1.96,1,2.55,397235,Y2,,,0,12.362,clean
107,50,0,2.00,1,2.44,876278,Y4,,,0,11.919,clean
107,51,0,2.32,1,2.27,443280,Y2,,,0,10.783,clean
107,52,0,2.61,1,2.91,211537,Y2,0.24/noise-like,0.00/noise-like,0,9.812,hump-note
107,53,0,2.91,1,2.42,422269,Y2,0.00/noise-like,0.00/noise-like,0,9.395,hump-note
107,54,0,2.98,1,2.41,632375,Y2,0.00/noise-like,0.24/noise-like,0,9.156,hump-note
107,55,0,2.57,1,2.27,1292735,Y2,0.24/noise-like,0.00/noise-like,0,8.702,hump-note
107,56,0,3.42,1,2.57,197142,Y2,0.00/noise-like,0.24/noise-like,0,7.884,hump-note
107,57,0,0,-1,0,0,-,,,0,6.659,QUARANTINE:dark-lane range=60 distinct=58
107,58,0,0,-1,0,0,-,,,0,5.436,QUARANTINE:dark-lane range=48 distinct=47
107,59,0,0,-1,0,0,-,,,0,4.475,QUARANTINE:dark-lane range=39 distinct=39
107,60,0,0,-1,0,0,-,,,0,3.754,QUARANTINE:dark-lane range=33 distinct=33
107,61,0,0,-1,0,0,-,,,0,3.251,QUARANTINE:dark-lane range=27 distinct=28
107,62,0,0,-1,0,0,-,,,0,2.740,QUARANTINE:dark-lane range=24 distinct=25
107,63,0,0,-1,0,0,-,,,0,2.244,QUARANTINE:dark-lane range=20 distinct=21
108,0,0,6.39,1,2.43,437289,Y2,0.00/noise-like,0.24/noise-like,0,18.936,SPECTRAL-LINE
108,1,0,1.61,1,2.39,1011193,Y4,,,0,18.434,clean
108,2,0,1.48,1,2.36,756830,Y2,,,0,17.824,clean
108,3,0,1.63,1,2.34,1206815,Y4,,,0,17.320,clean
108,4,0,1.41,1,2.47,1405299,Y4,,,0,17.169,clean
108,5,0,1.69,1,2.52,1415133,Y2,,,0,17.492,clean
108,6,0,1.48,1,2.38,1423627,Y2,,,0,17.681,clean
108,7,0,1.71,1,2.48,89943,Y4,,,0,17.381,clean
108,8,0,1.39,1,2.41,34332,Y4,,,0,16.960,clean
108,9,0,1.41,1396,2.73,198662,Y2,,,0,16.799,clean
108,10,0,1.64,1,2.37,1025140,Y4,,,0,16.757,clean
108,11,0,1.43,16,2.46,1239985,Y2,,,0,16.774,clean
108,12,0,1.66,1,2.34,1448125,Y2,,,0,16.877,clean
108,13,0,1.41,1,2.57,722140,Y2,,,0,16.545,clean
108,14,0,1.47,1,2.34,875741,Y2,,,0,15.826,clean
108,15,0,1.48,1,2.58,364333,Y4,,,0,15.412,clean
108,16,0,1.68,1,2.36,364870,Y2,,,0,15.554,clean
108,17,0,1.44,1,2.30,1424700,Y2,,,0,15.984,clean
108,18,0,1.68,336,2.42,988394,Y4,,,0,17.599,clean
108,19,0,1.66,1,2.59,548512,Y4,,,0,15.844,clean
108,20,0,1.45,1,2.29,796616,Y4,,,0,14.985,clean
108,21,0,1.67,1,2.40,82701,Y4,,,0,14.396,clean
108,22,0,1.63,1,2.46,643462,Y4,,,0,14.294,clean
108,23,0,1.64,1,2.43,501662,Y4,,,0,14.884,clean
108,24,0,1.52,1,2.49,961751,Y2,,,0,15.773,clean
108,25,0,1.31,507,2.43,903279,Y4,,,0,15.976,clean
108,26,0,1.44,1036,2.54,350922,Y2,,,0,15.315,clean
108,27,0,1.74,1,2.50,1062781,Y4,,,0,14.834,clean
108,28,0,1.85,1,2.44,316054,Y4,,,0,14.440,clean
108,29,0,1.77,1,2.65,1195639,Y2,,,0,14.569,clean
108,30,0,1.67,1,2.26,1225233,Y2,,,0,15.084,clean
108,31,0,1.47,1,2.47,481009,Y2,,,0,15.498,clean
108,32,0,3.05,1,2.41,397682,Y2,0.00/noise-like,0.00/noise-like,0,15.074,hump-note
108,33,0,1.81,1,2.45,1362741,Y2,,,0,14.091,clean
108,34,0,1.75,1,2.68,1138330,Y4,,,0,13.568,clean
108,35,0,1.77,1,2.53,1055539,Y2,,,0,13.704,clean
108,36,0,1.75,1,2.36,1421750,Y2,,,0,13.896,clean
108,37,0,1.50,1,2.51,310600,Y4,,,0,13.845,clean
108,38,0,1.90,1,2.37,831932,Y2,,,0,13.651,clean
108,39,0,1.69,1,2.34,1360416,Y4,,,0,13.208,clean
108,40,0,2.04,1,2.42,1376599,Y2,,,0,12.689,clean
108,41,0,1.81,1,2.27,749052,Y4,,,0,12.692,clean
108,42,0,2.07,1,2.58,974536,Y4,,,0,13.051,clean
108,43,0,1.52,1,2.58,1071185,Y4,,,0,13.275,clean
108,44,0,1.82,1,2.37,61154,Y2,,,0,12.920,clean
108,45,0,2.00,1,2.34,302553,Y4,,,0,12.434,clean
108,46,0,1.95,1,2.35,201702,Y4,,,0,12.223,clean
108,47,0,1.76,1,2.31,828445,Y4,,,0,12.333,clean
108,48,0,2.11,1,2.44,578642,Y2,,,0,12.456,clean
108,49,0,1.49,1,2.35,495136,Y4,,,0,12.369,clean
108,50,0,1.81,1,2.69,1049817,Y4,,,0,11.889,clean
108,51,0,2.01,1,2.47,752985,Y2,,,0,10.800,clean
108,52,0,2.29,1,2.66,1315713,Y2,,,0,9.792,clean
108,53,0,2.63,1,2.24,259727,Y4,0.24/noise-like,0.24/noise-like,0,9.415,hump-note
108,54,0,2.10,1,2.36,383019,Y2,,,1,9.163,clean
108,55,0,2.31,1,2.28,190884,Y2,,,0,8.708,clean
108,56,0,3.08,1,2.37,1268953,Y2,0.00/noise-like,0.00/noise-like,0,7.899,hump-note
108,57,0,0,-1,0,0,-,,,0,6.669,QUARANTINE:dark-lane range=58 distinct=56
108,58,0,0,-1,0,0,-,,,2,5.442,QUARANTINE:dark-lane range=46 distinct=46
108,59,0,0,-1,0,0,-,,,0,4.476,QUARANTINE:dark-lane range=38 distinct=38
108,60,0,0,-1,0,0,-,,,0,3.752,QUARANTINE:dark-lane range=33 distinct=33
108,61,0,0,-1,0,0,-,,,0,3.254,QUARANTINE:dark-lane range=28 distinct=29
108,62,0,0,-1,0,0,-,,,0,2.742,QUARANTINE:dark-lane range=23 distinct=24
108,63,0,0,-1,0,0,-,,,1,2.245,QUARANTINE:dark-lane range=20 distinct=21
109,0,0,4.83,1,2.32,108451,Y2,0.00/noise-like,0.00/noise-like,0,18.892,hump-note
109,1,0,1.39,1,2.30,108719,Y2,,,0,18.395,clean
109,2,0,1.36,963,2.43,736535,Y2,,,0,17.829,clean
109,3,0,1.57,1,2.44,155479,Y2,,,0,17.259,clean
109,4,0,1.40,1,2.43,36746,Y2,,,0,17.145,clean
109,5,0,1.43,856,2.43,1313210,Y4,,,0,17.437,clean
109,6,0,1.35,1167,2.29,466168,Y4,,,0,17.633,clean
109,7,0,1.35,679,2.45,398129,Y2,,,0,17.350,clean
109,8,0,1.65,1,2.32,278950,Y2,,,0,16.900,clean
109,9,0,1.37,900,2.58,550568,Y2,,,0,16.806,clean
109,10,0,1.73,1,2.22,1358718,Y2,,,0,16.694,clean
109,11,0,1.56,1,2.49,852227,Y4,,,0,16.731,clean
109,12,0,1.52,1,2.53,1149863,Y4,,,0,16.839,clean
109,13,0,1.89,1,2.40,7153,Y2,,,0,16.501,clean
109,14,0,1.43,1,2.83,1131088,Y4,,,0,15.797,clean
109,15,0,1.47,1,2.36,1130641,Y4,,,0,15.388,clean
109,16,0,1.32,892,2.31,998408,Y2,,,0,15.524,clean
109,17,0,1.45,1,2.32,771224,Y4,,,0,15.933,clean
109,18,0,1.62,334,2.60,425309,Y2,,,0,17.547,clean
109,19,0,1.43,1,2.33,175774,Y2,,,0,15.847,clean
109,20,0,1.80,1,2.19,467688,Y4,,,0,14.997,clean
109,21,0,1.65,1,2.32,583291,Y2,,,0,14.362,clean
109,22,0,1.80,1,2.31,1439363,Y2,,,0,14.278,clean
109,23,0,1.70,1,2.33,780523,Y2,,,0,14.897,clean
109,24,0,1.63,1,2.42,1387954,Y2,,,0,15.752,clean
109,25,0,1.44,1,2.51,86099,Y2,,,0,16.004,clean
109,26,0,1.53,1,2.45,76443,Y4,,,0,15.291,clean
109,27,0,1.57,1,2.58,397861,Y4,,,0,14.752,clean
109,28,0,1.73,1,2.36,662148,Y4,,,0,14.414,clean
109,29,0,1.94,1,2.66,683516,Y2,,,0,14.601,clean
109,30,0,1.55,1,2.30,217438,Y2,,,0,15.060,clean
109,31,0,1.69,1,2.40,741810,Y4,,,0,15.499,clean
109,32,0,3.05,1,2.41,59366,Y2,0.00/noise-like,0.00/noise-like,0,15.028,hump-note
109,33,0,1.79,1,2.30,1263410,Y4,,,0,14.101,clean
109,34,0,1.68,1,2.29,44614,Y4,,,0,13.559,clean
109,35,0,1.71,1,2.43,709355,Y4,,,0,13.676,clean
109,36,0,1.65,1,2.25,129640,Y4,,,0,13.869,clean
109,37,0,1.73,1,2.61,163525,Y2,,,0,13.842,clean
109,38,0,1.82,1,2.63,1206815,Y4,,,0,13.666,clean
109,39,0,1.67,1,2.46,784904,Y4,,,0,13.150,clean
109,40,0,1.92,1,2.37,1137704,Y2,,,0,12.688,clean
109,41,0,1.55,1,2.59,43631,Y4,,,0,12.696,clean
109,42,0,1.96,1,2.41,1346022,Y2,,,0,13.020,clean
109,43,0,1.72,1,2.42,869662,Y4,,,0,13.234,clean
109,44,0,1.76,1,2.52,1233727,Y4,,,0,12.940,clean
109,45,0,2.10,1,2.30,980258,Y4,,,0,12.407,clean
109,46,0,1.98,1,2.46,410020,Y2,,,0,12.171,clean
109,47,0,1.88,1,2.15,379622,Y4,,,0,12.290,clean
109,48,0,2.32,1,2.49,1455277,Y2,,,0,12.431,clean
109,49,0,1.80,1,2.29,65356,Y4,,,0,12.369,clean
109,50,0,1.77,1,2.61,223339,Y4,,,0,11.899,clean
109,51,0,2.17,1,2.46,446856,Y2,,,0,10.801,clean
109,52,0,2.35,1,2.60,1414061,Y4,,,0,9.794,clean
109,53,0,2.56,1,2.47,1354337,Y2,0.24/noise-like,0.24/noise-like,0,9.414,hump-note
109,54,0,2.72,1,2.33,670284,Y2,0.00/noise-like,0.00/noise-like,0,9.161,hump-note
109,55,0,2.92,1,2.86,615746,Y2,0.00/noise-like,0.00/noise-like,0,8.698,hump-note
109,56,0,3.24,1,2.55,239968,Y2,0.00/noise-like,0.00/noise-like,0,7.886,hump-note
109,57,0,0,-1,0,0,-,,,0,6.664,QUARANTINE:dark-lane range=56 distinct=55
109,58,0,0,-1,0,0,-,,,0,5.447,QUARANTINE:dark-lane range=45 distinct=46
109,59,0,0,-1,0,0,-,,,0,4.474,QUARANTINE:dark-lane range=38 distinct=39
109,60,0,0,-1,0,0,-,,,0,3.755,QUARANTINE:dark-lane range=35 distinct=35
109,61,0,0,-1,0,0,-,,,0,3.248,QUARANTINE:dark-lane range=28 distinct=29
109,62,0,0,-1,0,0,-,,,0,2.742,QUARANTINE:dark-lane range=23 distinct=24
109,63,0,0,-1,0,0,-,,,0,2.243,QUARANTINE:dark-lane range=19 distinct=20
110,0,0,6.73,1,2.63,1371860,Y4,0.00/noise-like,0.00/noise-like,0,18.884,SPECTRAL-LINE
110,1,0,1.36,1214,2.37,1154423,Y4,,,0,18.394,clean
110,2,0,1.52,1,2.54,940651,Y4,,,1,17.754,clean
110,3,0,1.54,1,2.37,876456,Y2,,,0,17.303,clean
110,4,0,1.47,1,2.60,1295239,Y4,,,0,17.120,clean
110,5,0,1.53,1,2.28,551999,Y2,,,0,17.420,clean
110,6,0,1.44,1,2.52,966400,Y4,,,0,17.627,clean
110,7,0,1.44,1,2.35,188202,Y2,,,0,17.389,clean
110,8,0,1.45,1,2.29,41395,Y2,,,0,16.895,clean
110,9,0,1.36,323,2.35,534117,Y2,,,0,16.793,clean
110,10,0,1.47,1,2.35,27895,Y4,,,0,16.756,clean
110,11,0,1.37,1,2.63,585169,Y4,,,0,16.752,clean
110,12,0,1.56,1,2.28,629961,Y4,,,0,16.819,clean
110,13,0,1.65,1,2.34,1000285,Y4,,,0,16.490,clean
110,14,0,1.32,177,2.39,730187,Y2,,,0,15.797,clean
110,15,0,1.70,1,2.78,346005,Y4,,,0,15.387,clean
110,16,0,1.46,1,2.44,178993,Y2,,,0,15.524,clean
110,17,0,1.48,1,2.50,1464844,Y2,,,0,15.908,clean
110,18,0,1.67,1,2.31,265986,Y4,,,0,17.543,clean
110,19,0,1.47,1,2.44,361115,Y2,,,0,15.847,clean
110,20,0,1.74,1,2.59,375956,Y2,,,0,14.967,clean
110,21,0,1.64,1,2.27,659019,Y4,,,0,14.359,clean
110,22,0,1.34,1,2.55,486910,Y2,,,0,14.286,clean
110,23,0,1.53,1,2.35,307918,Y4,,,0,14.875,clean
110,24,0,1.68,1,2.57,199646,Y2,,,0,15.744,clean
110,25,0,1.71,1,2.32,881642,Y2,,,0,15.975,clean
110,26,0,1.58,1,2.35,1026928,Y4,,,0,15.288,clean
110,27,0,1.69,1,2.37,134110,Y4,,,0,14.791,clean
110,28,0,1.55,1,2.45,113189,Y2,,,0,14.400,clean
110,29,0,1.77,1,2.44,996441,Y4,,,0,14.585,clean
110,30,0,1.60,1,6.50,85294,Y4,0.00/noise-like,0.00/noise-like,8,15.080,FAM-HIT
110,31,0,1.74,1,2.28,529289,Y2,,,0,15.488,clean
110,32,0,3.15,1,2.76,1114547,Y2,0.24/noise-like,0.00/noise-like,0,14.976,hump-note
110,33,0,1.71,1,2.40,1247853,Y4,,,0,14.086,clean
110,34,0,1.79,1,2.54,974000,Y4,,,0,13.536,clean
110,35,0,1.99,1,2.25,452399,Y2,,,0,13.688,clean
110,36,0,1.57,1,2.39,230938,Y4,,,0,13.875,clean
110,37,0,1.67,1,2.53,194013,Y4,,,0,13.848,clean
110,38,0,1.77,1,2.39,829965,Y4,,,0,13.679,clean
110,39,0,1.82,1,2.42,119627,Y4,,,0,13.169,clean
110,40,0,1.93,1,2.35,70363,Y2,,,0,12.669,clean
110,41,0,2.19,1,2.24,668317,Y2,,,0,12.684,clean
110,42,0,1.71,1,2.47,1428813,Y4,,,0,13.045,clean
110,43,0,1.61,1,2.43,171125,Y2,,,0,13.252,clean
110,44,0,1.64,1,2.35,251144,Y2,,,0,12.911,clean
110,45,0,1.99,1,2.37,1230687,Y4,,,0,12.392,clean
110,46,0,1.82,1,2.49,922948,Y4,,,0,12.166,clean
110,47,0,1.88,1,2.71,1286477,Y4,,,0,12.286,clean
110,48,0,2.54,1,2.37,719458,Y2,0.00/noise-like,0.24/noise-like,0,12.408,hump-note
110,49,0,2.00,1,2.21,150919,Y2,,,0,12.349,clean
110,50,0,2.26,1,2.38,64462,Y2,,,0,11.878,clean
110,51,0,2.53,1,2.48,50336,Y4,0.00/noise-like,0.24/noise-like,0,10.788,hump-note
110,52,0,2.53,1,2.29,453830,Y2,0.00/noise-like,0.24/noise-like,0,9.787,hump-note
110,53,0,2.64,1,2.45,523746,Y4,0.24/noise-like,0.00/noise-like,1,9.375,hump-note
110,54,0,2.73,1,2.53,591338,Y2,0.00/noise-like,0.00/noise-like,0,9.173,hump-note
110,55,0,2.85,1,2.45,1198590,Y4,0.00/noise-like,0.00/noise-like,0,8.685,hump-note
110,56,0,3.08,1,2.32,1439720,Y2,0.00/noise-like,0.00/noise-like,0,7.870,hump-note
110,57,0,0,-1,0,0,-,,,0,6.647,QUARANTINE:dark-lane range=63 distinct=59
110,58,0,0,-1,0,0,-,,,0,5.438,QUARANTINE:dark-lane range=46 distinct=47
110,59,0,0,-1,0,0,-,,,0,4.472,QUARANTINE:dark-lane range=40 distinct=40
110,60,0,0,-1,0,0,-,,,0,3.742,QUARANTINE:dark-lane range=35 distinct=34
110,61,0,0,-1,0,0,-,,,0,3.248,QUARANTINE:dark-lane range=30 distinct=29
110,62,0,0,-1,0,0,-,,,20,2.784,QUARANTINE:dark-lane range=23 distinct=24
110,63,0,0,-1,0,0,-,,,0,2.243,QUARANTINE:dark-lane range=20 distinct=21
111,0,0,6.40,1,2.16,1322061,Y2,0.00/noise-like,0.00/noise-like,0,18.870,SPECTRAL-LINE
111,1,0,1.33,299,2.27,364959,Y2,,,0,18.366,clean
111,2,0,1.39,1,2.40,1187325,Y2,,,0,17.767,clean
111,3,0,1.39,1,2.35,917584,Y2,,,0,17.260,clean
111,4,0,1.55,1,2.48,120789,Y2,,,0,17.136,clean
111,5,0,1.50,1280,2.29,1038015,Y2,,,0,17.418,clean
111,6,0,1.44,1,2.34,81539,Y2,,,0,17.608,clean
111,7,0,1.48,1,2.19,1238644,Y4,,,0,17.362,clean
111,8,0,1.51,1,2.77,1014054,Y4,,,0,16.887,clean
111,9,0,1.43,1,2.31,586063,Y4,,,0,16.777,clean
111,10,0,1.51,1,2.36,139117,Y2,,,0,16.692,clean
111,11,0,1.72,1,2.74,876904,Y4,,,0,16.728,clean
111,12,0,1.46,1,2.48,391871,Y2,,,0,16.791,clean
111,13,0,1.66,1,2.53,1091212,Y2,,,0,16.466,clean
111,14,0,1.52,1,2.34,1009673,Y2,,,0,15.779,clean
111,15,0,1.42,1,2.51,661343,Y4,,,0,15.355,clean
111,16,0,1.47,1,2.46,1336366,Y4,,,0,15.549,clean
111,17,0,1.56,1,2.54,161648,Y4,,,0,15.919,clean
111,18,0,1.91,1,2.51,661254,Y2,,,0,17.500,clean
111,19,0,1.54,1,2.34,912756,Y4,,,0,15.826,clean
111,20,0,1.63,1,2.31,992239,Y4,,,0,14.970,clean
111,21,0,1.56,1,2.33,216186,Y4,,,0,14.361,clean
111,22,0,1.71,1,2.58,1042932,Y2,,,0,14.263,clean
111,23,0,1.65,1,2.72,268221,Y4,,,0,14.839,clean
111,24,0,1.50,1,2.50,124633,Y2,,,0,15.741,clean
111,25,0,1.44,1,2.37,31471,Y2,,,0,15.969,clean
111,26,0,1.83,1,2.48,1444101,Y2,,,0,15.280,clean
111,27,0,1.60,708,2.39,708640,Y2,,,0,14.760,clean
111,28,0,1.80,1,2.64,769794,Y4,,,0,14.406,clean
111,29,0,1.58,1,2.33,345021,Y4,,,0,14.541,clean
111,30,0,1.68,1,2.29,702649,Y4,,,0,15.043,clean
111,31,0,1.47,1,2.45,209302,Y4,,,0,15.479,clean
111,32,0,2.82,1,2.35,149578,Y2,0.00/noise-like,0.00/noise-like,0,15.012,hump-note
111,33,0,1.76,1,2.40,351459,Y4,,,0,14.073,clean
111,34,0,1.89,1,2.55,97901,Y2,,,0,13.530,clean
111,35,0,1.92,1,2.34,1209140,Y2,,,0,13.673,clean
111,36,0,1.60,1,2.45,1436412,Y4,,,0,13.845,clean
111,37,0,1.58,1,2.33,795722,Y4,,,0,13.820,clean
111,38,0,1.77,1,2.58,930905,Y4,,,0,13.624,clean
111,39,0,1.84,1,2.43,516683,Y2,,,0,13.128,clean
111,40,0,2.13,1,2.49,517577,Y4,,,0,12.660,clean
111,41,0,1.97,1,2.35,1282811,Y2,,,0,12.678,clean
111,42,0,2.01,1,2.32,244439,Y4,,,0,13.022,clean
111,43,0,1.86,1,2.38,190705,Y4,,,0,13.203,clean
111,44,0,2.03,1,2.31,1168549,Y2,,,0,12.911,clean
111,45,0,1.80,1,2.36,1056433,Y2,,,0,12.389,clean
111,46,0,1.89,1,2.37,1115799,Y4,,,0,12.164,clean
111,47,0,2.25,1,2.49,1404226,Y2,,,0,12.295,clean
111,48,0,2.08,1,2.44,96023,Y2,,,1,12.385,clean
111,49,0,1.89,1,2.36,1448840,Y4,,,0,12.339,clean
111,50,0,1.91,1,2.35,7331,Y2,,,0,11.856,clean
111,51,0,2.15,1,2.39,853837,Y4,,,0,10.764,clean
111,52,0,2.38,1,2.47,141442,Y2,,,0,9.782,clean
111,53,0,2.50,1,2.41,669479,Y2,0.00/noise-like,0.42/WATCH,0,9.373,hump-note
111,54,0,2.16,1,2.29,870466,Y2,,,0,9.147,clean
111,55,0,2.94,1,2.76,227630,Y2,0.24/noise-like,0.24/noise-like,0,8.686,hump-note
111,56,0,2.91,1,2.47,475019,Y2,0.00/noise-like,0.00/noise-like,0,7.864,hump-note
111,57,0,0,-1,0,0,-,,,0,6.651,QUARANTINE:dark-lane range=57 distinct=56
111,58,0,0,-1,0,0,-,,,0,5.430,QUARANTINE:dark-lane range=50 distinct=48
111,59,0,0,-1,0,0,-,,,0,4.454,QUARANTINE:dark-lane range=41 distinct=40
111,60,0,0,-1,0,0,-,,,0,3.741,QUARANTINE:dark-lane range=32 distinct=33
111,61,0,0,-1,0,0,-,,,0,3.242,QUARANTINE:dark-lane range=28 distinct=29
111,62,0,0,-1,0,0,-,,,0,2.739,QUARANTINE:dark-lane range=23 distinct=24
111,63,0,0,-1,0,0,-,,,0,2.245,QUARANTINE:dark-lane range=21 distinct=21
112,0,0,5.70,1,2.73,792682,Y4,0.00/noise-like,0.24/noise-like,0,18.890,SPECTRAL-LINE
112,1,0,1.42,1,2.27,859201,Y2,,,0,18.384,clean
112,2,0,1.41,1,2.41,438899,Y4,,,0,17.769,clean
112,3,0,1.37,1,2.37,390351,Y4,,,0,17.259,clean
112,4,0,1.35,777,2.64,65804,Y2,,,0,17.157,clean
112,5,0,1.52,1,2.39,565410,Y2,,,0,17.443,clean
112,6,0,1.53,1,2.37,39697,Y2,,,0,17.632,clean
112,7,0,1.50,1,2.29,863224,Y4,,,0,17.347,clean
112,8,0,1.52,1,2.50,257313,Y4,,,0,16.889,clean
112,9,0,1.57,1,2.30,180513,Y4,,,0,16.779,clean
112,10,0,1.61,1,2.42,620306,Y4,,,0,16.715,clean
112,11,0,1.39,1,2.36,132769,Y2,,,0,16.726,clean
112,12,0,1.32,1098,2.27,630051,Y2,,,0,16.832,clean
112,13,0,1.48,1,2.59,338674,Y2,,,0,16.455,clean
112,14,0,1.34,399,2.46,540465,Y2,,,0,15.770,clean
112,15,0,1.45,1,2.64,1445532,Y4,,,0,15.368,clean
112,16,0,1.37,1,2.27,1386523,Y2,,,0,15.494,clean
112,17,0,1.67,1,2.39,340641,Y4,,,0,15.900,clean
112,18,0,1.68,1,3.10,1246870,Y4,0.00/noise-like,0.24/noise-like,0,17.545,FAM-HIT
112,19,0,1.50,1,2.37,1059920,Y4,,,0,15.826,clean
112,20,0,1.38,126,2.35,362545,Y4,,,0,14.992,clean
112,21,0,1.88,1,2.25,949234,Y2,,,0,14.354,clean
112,22,0,1.56,1,2.20,701755,Y2,,,0,14.282,clean
112,23,0,1.63,1,2.38,1337171,Y2,,,0,14.828,clean
112,24,0,1.38,1,2.34,839800,Y2,,,0,15.728,clean
112,25,0,1.51,1,2.43,86367,Y2,,,0,15.939,clean
112,26,0,1.67,1,2.41,851959,Y4,,,0,15.272,clean
112,27,0,1.67,1,2.43,910431,Y4,,,0,14.742,clean
112,28,0,1.55,1,2.46,465631,Y2,,,0,14.404,clean
112,29,0,1.38,1,2.45,599295,Y2,,,0,14.558,clean
112,30,0,1.81,1,2.47,158787,Y2,,,0,15.053,clean
112,31,0,1.89,1,2.58,8225,Y4,,,2,15.469,clean
112,32,0,3.06,1,2.57,1219511,Y4,0.00/noise-like,0.00/noise-like,0,15.027,hump-note
112,33,0,1.57,1,2.43,1023620,Y4,,,0,14.079,clean
112,34,0,1.61,1,2.57,853479,Y4,,,0,13.508,clean
112,35,0,1.73,1,2.52,11355,Y2,,,0,13.660,clean
112,36,0,1.59,1,2.36,391513,Y2,,,0,13.856,clean
112,37,0,1.46,1,2.25,767112,Y2,,,0,13.812,clean
112,38,0,1.83,1,2.39,13769,Y4,,,0,13.636,clean
112,39,0,2.00,1,2.37,591606,Y2,,,0,13.155,clean
112,40,0,1.95,1,2.49,1427025,Y2,,,0,12.653,clean
112,41,0,1.63,1,2.36,410110,Y2,,,0,12.661,clean
112,42,0,1.78,1,2.61,163704,Y4,,,0,13.019,clean
112,43,0,1.77,1,2.49,1096487,Y4,,,0,13.244,clean
112,44,0,1.88,1,2.44,1379550,Y4,,,0,12.917,clean
112,45,0,2.12,1,2.38,159234,Y2,,,0,12.383,clean
112,46,0,2.09,1,2.39,1407176,Y2,,,0,12.186,clean
112,47,0,2.01,1,2.27,1002163,Y4,,,0,12.290,clean
112,48,0,2.59,1,2.35,1144856,Y2,0.24/noise-like,0.00/noise-like,0,12.411,hump-note
112,49,0,1.76,1,2.45,368178,Y2,,,0,12.344,clean
112,50,0,2.08,1,2.34,212073,Y4,,,0,11.861,clean
112,51,0,2.35,1,2.43,724286,Y4,,,0,10.766,clean
112,52,0,2.32,1,2.26,1110613,Y4,,,0,9.780,clean
112,53,0,2.77,1,2.46,938326,Y2,0.00/noise-like,0.00/noise-like,0,9.380,hump-note
112,54,0,3.02,1,2.39,351638,Y2,0.00/noise-like,0.00/noise-like,0,9.162,hump-note
112,55,0,2.64,1,2.46,788927,Y4,0.00/noise-like,0.00/noise-like,0,8.692,hump-note
112,56,0,3.43,1,2.34,715971,Y4,0.24/noise-like,0.24/noise-like,0,7.878,hump-note
112,57,0,0,-1,0,0,-,,,0,6.659,QUARANTINE:dark-lane range=61 distinct=58
112,58,0,0,-1,0,0,-,,,0,5.430,QUARANTINE:dark-lane range=48 distinct=47
112,59,0,0,-1,0,0,-,,,0,4.469,QUARANTINE:dark-lane range=38 distinct=38
112,60,0,0,-1,0,0,-,,,0,3.741,QUARANTINE:dark-lane range=34 distinct=33
112,61,0,0,-1,0,0,-,,,0,3.249,QUARANTINE:dark-lane range=29 distinct=29
112,62,0,0,-1,0,0,-,,,0,2.737,QUARANTINE:dark-lane range=24 distinct=25
112,63,0,0,-1,0,0,-,,,3,2.251,QUARANTINE:dark-lane range=160 distinct=26
113,0,0,5.79,1,2.54,252843,Y2,0.00/noise-like,0.00/noise-like,0,18.883,SPECTRAL-LINE
113,1,0,1.36,464,2.50,1385629,Y4,,,0,18.395,clean
113,2,0,1.50,1,2.45,313193,Y2,,,0,17.794,clean
113,3,0,1.35,1382,2.35,362009,Y4,,,0,17.302,clean
113,4,0,1.53,1,2.51,1272798,Y2,,,0,17.170,clean
113,5,0,1.64,1,2.45,1137882,Y4,,,0,17.426,clean
113,6,0,1.37,1,2.29,659019,Y2,,,0,17.664,clean
113,7,0,1.66,1,2.26,78678,Y4,,,0,17.378,clean
113,8,0,1.65,1,2.42,992507,Y4,,,0,16.934,clean
113,9,0,1.45,1,2.58,655532,Y2,,,0,16.783,clean
113,10,0,1.38,921,2.42,135094,Y4,,,0,16.760,clean
113,11,0,1.42,1,2.43,32544,Y2,,,0,16.760,clean
113,12,0,1.53,1,2.59,386059,Y2,,,0,16.859,clean
113,13,0,1.63,1,2.33,556737,Y4,,,0,16.530,clean
113,14,0,1.65,1,2.55,425577,Y2,,,0,15.845,clean
113,15,0,1.65,1,2.48,1091659,Y2,,,0,15.425,clean
113,16,0,1.56,1,2.56,144750,Y4,,,0,15.570,clean
113,17,0,1.39,128,2.34,1384199,Y4,,,0,15.965,clean
113,18,0,1.60,388,2.40,187844,Y2,,,0,17.543,clean
113,19,0,1.36,771,2.67,568002,Y4,,,0,15.847,clean
113,20,0,1.35,1351,2.49,626564,Y2,,,0,14.983,clean
113,21,0,1.60,1,2.36,515610,Y2,,,0,14.401,clean
113,22,0,1.69,1,2.78,187755,Y4,,,0,14.277,clean
113,23,0,1.60,1,2.62,103533,Y4,,,0,14.888,clean
113,24,0,1.48,1,2.30,714093,Y2,,,0,15.771,clean
113,25,0,1.52,1,2.33,839531,Y4,,,0,15.978,clean
113,26,0,1.82,1,2.38,422895,Y4,,,0,15.318,clean
113,27,0,1.67,1,2.52,1298904,Y4,,,0,14.777,clean
113,28,0,1.45,1,2.27,689060,Y4,,,0,14.455,clean
113,29,0,1.84,1,2.59,114709,Y2,,,0,14.587,clean
113,30,0,1.68,1,2.35,148505,Y4,,,0,15.117,clean
113,31,0,1.57,1,2.35,969708,Y4,,,0,15.492,clean
113,32,0,2.68,1,2.30,1312315,Y4,0.00/noise-like,0.00/noise-like,0,15.030,hump-note
113,33,0,1.50,1,2.57,92357,Y2,,,0,14.092,clean
113,34,0,1.64,1,2.37,816822,Y4,,,0,13.566,clean
113,35,0,1.86,1,2.33,1270831,Y4,,,0,13.684,clean
113,36,0,1.52,1,2.35,723660,Y2,,,0,13.872,clean
113,37,0,1.67,1,2.45,409394,Y2,,,0,13.866,clean
113,38,0,1.81,1,2.44,255615,Y2,,,0,13.666,clean
113,39,0,1.58,1,2.58,1331896,Y4,,,0,13.181,clean
113,40,0,2.06,1,2.40,420302,Y4,,,0,12.706,clean
113,41,0,1.86,1,2.33,1288265,Y4,,,0,12.689,clean
113,42,0,1.75,1,2.30,205010,Y2,,,0,13.049,clean
113,43,0,1.79,1,2.12,1461893,Y2,,,0,13.259,clean
113,44,0,2.05,1,2.31,213593,Y2,,,1,12.928,clean
113,45,0,1.79,1,2.23,688076,Y4,,,0,12.399,clean
113,46,0,2.07,1,2.30,36299,Y4,,,0,12.225,clean
113,47,0,2.01,1,2.68,215918,Y2,,,0,12.322,clean
113,48,0,2.30,1,2.36,637650,Y4,,,0,12.422,clean
113,49,0,1.87,1,2.37,1331538,Y4,,,0,12.360,clean
113,50,0,1.98,1,2.52,916958,Y2,,,0,11.884,clean
113,51,0,2.36,1,2.96,227720,Y4,,,0,10.789,clean
113,52,0,2.38,1,2.64,903726,Y2,,,0,9.808,clean
113,53,0,2.71,1,2.41,820130,Y2,0.00/noise-like,0.24/noise-like,0,9.406,hump-note
113,54,0,2.94,1,2.24,574350,Y2,0.00/noise-like,0.00/noise-like,1,9.169,hump-note
113,55,0,3.05,1,2.38,437111,Y4,0.00/noise-like,0.24/noise-like,1,8.720,hump-note
113,56,0,3.45,1,2.45,632554,Y4,0.24/noise-like,0.00/noise-like,0,7.898,hump-note
113,57,0,0,-1,0,0,-,,,0,6.662,QUARANTINE:dark-lane range=58 distinct=58
113,58,0,0,-1,0,0,-,,,0,5.449,QUARANTINE:dark-lane range=49 distinct=49
113,59,0,0,-1,0,0,-,,,1,4.473,QUARANTINE:dark-lane range=56 distinct=41
113,60,0,0,-1,0,0,-,,,0,3.751,QUARANTINE:dark-lane range=32 distinct=33
113,61,0,0,-1,0,0,-,,,0,3.246,QUARANTINE:dark-lane range=29 distinct=30
113,62,0,0,-1,0,0,-,,,0,2.739,QUARANTINE:dark-lane range=30 distinct=27
113,63,0,0,-1,0,0,-,,,1,2.246,QUARANTINE:dark-lane range=50 distinct=21
114,0,0,4.58,1,2.34,709265,Y2,0.24/noise-like,0.00/noise-like,0,18.902,hump-note
114,1,0,1.35,1,2.40,405997,Y4,,,0,18.435,clean
114,2,0,1.52,1,2.52,1174271,Y2,,,0,17.839,clean
114,3,0,1.38,938,2.28,76979,Y2,,,0,17.314,clean
114,4,0,1.51,1,2.42,742704,Y4,,,0,17.153,clean
114,5,0,1.46,1,2.85,447482,Y2,,,0,17.434,clean
114,6,0,1.64,1,2.47,1285851,Y2,,,0,17.691,clean
114,7,0,1.51,1,2.59,799298,Y4,,,0,17.400,clean
114,8,0,1.47,1,2.34,915349,Y2,,,0,16.867,clean
114,9,0,1.54,1,2.45,750571,Y4,,,0,16.823,clean
114,10,0,1.51,277,2.27,1431227,Y4,,,0,16.760,clean
114,11,0,1.35,1,2.38,271797,Y4,,,0,16.768,clean
114,12,0,1.52,1,2.70,457138,Y2,,,0,16.846,clean
114,13,0,1.43,1,2.36,1254648,Y2,,,0,16.541,clean
114,14,0,1.57,1,2.46,111043,Y2,,,0,15.829,clean
114,15,0,1.68,1,2.82,140190,Y4,,,0,15.424,clean
114,16,0,1.41,1,2.30,905693,Y4,,,0,15.541,clean
114,17,0,1.64,1,2.66,951290,Y4,,,0,15.940,clean
114,18,0,1.63,268,2.85,72777,Y4,,,0,17.557,clean
114,19,0,1.48,1,2.50,176758,Y2,,,0,15.850,clean
114,20,0,1.53,1,2.41,74744,Y2,,,0,15.016,clean
114,21,0,1.58,1,2.51,1300246,Y4,,,0,14.381,clean
114,22,0,1.77,1,2.36,782132,Y4,,,0,14.315,clean
114,23,0,1.87,1,2.43,159860,Y4,,,0,14.892,clean
114,24,0,1.42,1,2.39,270098,Y4,,,0,15.774,clean
114,25,0,1.49,1,2.45,514269,Y4,,,0,16.002,clean
114,26,0,1.56,1,2.41,931352,Y2,,,0,15.328,clean
114,27,0,1.71,1,2.39,1455277,Y4,,,0,14.799,clean
114,28,0,2.08,1,2.39,688881,Y2,,,0,14.435,clean
114,29,0,1.71,1,2.53,1010388,Y4,,,0,14.583,clean
114,30,0,1.62,1,2.56,217170,Y2,,,1,15.105,clean
114,31,0,1.50,1448,2.37,430584,Y4,,,0,15.488,clean
114,32,0,2.74,1,2.32,1405567,Y2,0.24/noise-like,0.24/noise-like,0,15.047,hump-note
114,33,0,1.57,1,2.51,96202,Y4,,,0,14.082,clean
114,34,0,1.90,1,2.64,1330286,Y2,,,0,13.563,clean
114,35,0,2.05,1,2.36,363261,Y2,,,0,13.689,clean
114,36,0,1.92,1,2.47,744402,Y4,,,0,13.907,clean
114,37,0,1.61,1,2.87,863045,Y4,,,0,13.878,clean
114,38,0,1.86,1,2.47,818700,Y4,,,0,13.649,clean
114,39,0,1.74,1,2.32,1346290,Y4,,,0,13.170,clean
114,40,0,1.86,1,2.55,70542,Y4,,,0,12.710,clean
114,41,0,2.17,1,2.28,641495,Y4,,,0,12.704,clean
114,42,0,2.05,1,2.40,261426,Y4,,,0,13.056,clean
114,43,0,1.74,1,2.25,422537,Y2,,,0,13.250,clean
114,44,0,1.83,1,2.31,212431,Y2,,,0,12.951,clean
114,45,0,1.86,1,2.38,396162,Y2,,,0,12.422,clean
114,46,0,1.73,1,2.40,19401,Y4,,,0,12.215,clean
114,47,0,2.15,1,2.62,467509,Y4,,,0,12.339,clean
114,48,0,2.19,1,2.41,1006633,Y2,,,0,12.460,clean
114,49,0,1.78,1,2.45,1042575,Y2,,,0,12.362,clean
114,50,0,1.76,1,2.78,291109,Y4,,,0,11.882,clean
114,51,0,2.17,1,2.38,448108,Y2,,,0,10.810,clean
114,52,0,1.97,1,2.39,1314998,Y4,,,0,9.813,clean
114,53,0,2.89,1,2.30,1071185,Y2,0.24/noise-like,0.00/noise-like,1,9.413,hump-note
114,54,0,2.69,1,2.45,109076,Y4,0.00/noise-like,0.24/noise-like,0,9.167,hump-note
114,55,0,2.65,1,2.51,771940,Y4,0.24/noise-like,0.00/noise-like,1,8.705,hump-note
114,56,0,3.14,1,2.36,490665,Y2,0.00/noise-like,0.00/noise-like,0,7.872,hump-note
114,57,0,0,-1,0,0,-,,,0,6.679,QUARANTINE:dark-lane range=56 distinct=57
114,58,0,0,-1,0,0,-,,,1,5.446,QUARANTINE:dark-lane range=47 distinct=47
114,59,0,0,-1,0,0,-,,,0,4.477,QUARANTINE:dark-lane range=41 distinct=42
114,60,0,0,-1,0,0,-,,,0,3.759,QUARANTINE:dark-lane range=32 distinct=33
114,61,0,0,-1,0,0,-,,,0,3.253,QUARANTINE:dark-lane range=29 distinct=29
114,62,0,0,-1,0,0,-,,,1,2.751,QUARANTINE:dark-lane range=32 distinct=25
114,63,0,0,-1,0,0,-,,,0,2.249,QUARANTINE:dark-lane range=31 distinct=22
115,0,0,3.25,1,2.50,1260728,Y2,0.00/noise-like,0.24/noise-like,0,18.844,hump-note
115,1,0,1.67,1,2.40,1008868,Y2,,,0,18.383,clean
115,2,0,1.39,1,2.46,518650,Y2,,,0,17.787,clean
115,3,0,1.73,1,2.49,1057506,Y2,,,0,17.275,clean
115,4,0,1.43,1,2.60,468403,Y2,,,0,17.105,clean
115,5,0,1.40,327,2.40,232100,Y2,,,0,17.438,clean
115,6,0,1.40,1,2.37,1461893,Y2,,,0,17.674,clean
115,7,0,1.38,1268,2.35,1161575,Y2,,,0,17.376,clean
115,8,0,1.49,1,2.43,1331270,Y4,,,0,16.915,clean
115,9,0,1.58,1,2.40,52929,Y2,,,0,16.781,clean
115,10,0,1.47,1,2.46,1408517,Y2,,,0,16.715,clean
115,11,0,1.39,289,2.39,352263,Y2,,,0,16.762,clean
115,12,0,1.59,1,2.47,1402706,Y2,,,0,16.853,clean
115,13,0,1.40,1,2.36,221461,Y2,,,0,16.520,clean
115,14,0,1.51,1,2.87,416726,Y4,,,0,15.782,clean
115,15,0,1.56,1,2.45,735283,Y2,,,0,15.401,clean
115,16,0,1.39,1088,2.22,1433015,Y2,,,0,15.535,clean
115,17,0,1.36,432,2.40,280470,Y4,,,0,15.926,clean
115,18,0,1.65,401,2.41,440508,Y2,,,0,17.550,clean
115,19,0,1.68,1,2.54,533491,Y2,,,0,15.841,clean
115,20,0,1.85,1,2.41,635236,Y2,,,0,14.986,clean
115,21,0,1.51,1,2.33,100315,Y2,,,0,14.358,clean
115,22,0,1.71,1,2.38,129998,Y4,,,0,14.288,clean
115,23,0,1.59,1,2.35,1452237,Y4,,,0,14.867,clean
115,24,0,1.59,1,2.47,190794,Y2,,,0,15.754,clean
115,25,0,1.62,1,2.32,225931,Y4,,,0,15.980,clean
115,26,0,1.70,1,2.30,556648,Y4,,,0,15.303,clean
115,27,0,1.57,1,2.32,1064748,Y4,,,0,14.776,clean
115,28,0,1.55,1,2.19,509530,Y2,,,0,14.436,clean
115,29,0,1.34,1,2.36,1377314,Y4,,,0,14.568,clean
115,30,0,1.66,1,3.15,24050,Y4,0.24/noise-like,0.00/noise-like,2,15.085,FAM-HIT
115,31,0,1.70,1,2.53,1432836,Y2,,,0,15.488,clean
115,32,0,3.14,1,2.31,31829,Y4,0.00/noise-like,0.00/noise-like,0,15.043,hump-note
115,33,0,1.65,1,2.33,1444995,Y4,,,0,14.089,clean
115,34,0,1.63,1,2.33,1397610,Y4,,,0,13.526,clean
115,35,0,1.61,1,2.33,107199,Y2,,,0,13.653,clean
115,36,0,1.83,1,2.24,1254112,Y4,,,0,13.866,clean
115,37,0,1.45,1,2.42,560135,Y4,,,0,13.845,clean
115,38,0,1.55,1,2.30,803143,Y4,,,0,13.630,clean
115,39,0,1.82,1,2.47,632733,Y2,,,0,13.176,clean
115,40,0,1.61,1,2.59,1160055,Y4,,,0,12.686,clean
115,41,0,1.53,1,2.44,487089,Y4,,,0,12.689,clean
115,42,0,1.93,1,2.42,1077533,Y4,,,0,13.013,clean
115,43,0,1.75,1,2.43,1161128,Y2,,,0,13.247,clean
115,44,0,2.08,1,2.24,1359880,Y2,,,0,12.902,clean
115,45,0,1.76,1,2.30,61870,Y2,,,0,12.372,clean
115,46,0,1.88,1,2.63,101835,Y2,,,0,12.187,clean
115,47,0,2.01,1,2.54,1152366,Y2,,,0,12.301,clean
115,48,0,2.42,1,2.54,676364,Y2,,,0,12.430,clean
115,49,0,1.89,1,2.45,687003,Y4,,,0,12.363,clean
115,50,0,2.09,1,2.39,507295,Y4,,,0,11.900,clean
115,51,0,2.10,1,2.26,634074,Y2,,,0,10.781,clean
115,52,0,2.18,1,2.33,1302660,Y4,,,0,9.786,clean
115,53,0,2.35,1,2.72,920087,Y4,,,0,9.416,clean
115,54,0,2.36,1,2.36,19491,Y4,,,1,9.185,clean
115,55,0,2.95,1,2.21,1331627,Y4,0.00/noise-like,0.00/noise-like,1,8.697,hump-note
115,56,0,3.23,1,2.32,690848,Y2,0.00/noise-like,0.00/noise-like,0,7.877,hump-note
115,57,0,0,-1,0,0,-,,,0,6.663,QUARANTINE:dark-lane range=55 distinct=56
115,58,0,0,-1,0,0,-,,,0,5.442,QUARANTINE:dark-lane range=45 distinct=46
115,59,0,0,-1,0,0,-,,,0,4.467,QUARANTINE:dark-lane range=43 distinct=40
115,60,0,0,-1,0,0,-,,,0,3.751,QUARANTINE:dark-lane range=33 distinct=34
115,61,0,0,-1,0,0,-,,,0,3.247,QUARANTINE:dark-lane range=26 distinct=27
115,62,0,0,-1,0,0,-,,,5,2.757,QUARANTINE:dark-lane range=25 distinct=26
115,63,0,0,-1,0,0,-,,,0,2.241,QUARANTINE:dark-lane range=21 distinct=21
116,0,0,3.70,1,2.42,337064,Y4,0.00/noise-like,0.24/noise-like,0,18.885,hump-note
116,1,0,1.57,1,2.72,280023,Y4,,,0,18.392,clean
116,2,0,1.86,1,2.34,1074225,Y4,,,0,17.753,clean
116,3,0,1.39,1462,2.27,582397,Y4,,,0,17.237,clean
116,4,0,1.34,153,2.57,1412541,Y4,,,0,17.099,clean
116,5,0,1.42,1,2.37,197142,Y2,,,0,17.439,clean
116,6,0,1.44,657,2.31,553519,Y4,,,0,17.630,clean
116,7,0,1.67,1,2.54,1351923,Y2,,,0,17.332,clean
116,8,0,1.44,1314,2.33,794470,Y2,,,0,16.894,clean
116,9,0,1.65,1,2.53,154942,Y4,,,0,16.774,clean
116,10,0,1.50,1,2.31,317842,Y2,,,0,16.712,clean
116,11,0,1.42,1,2.33,695229,Y4,,,0,16.724,clean
116,12,0,1.36,1,2.32,466615,Y2,,,0,16.815,clean
116,13,0,1.72,1,2.38,1162827,Y2,,,0,16.497,clean
116,14,0,1.55,1,3.11,450611,Y4,0.00/noise-like,0.00/noise-like,0,15.783,FAM-HIT
116,15,0,1.41,1127,2.29,741273,Y2,,,0,15.397,clean
116,16,0,1.45,1,2.54,934213,Y2,,,0,15.499,clean
116,17,0,1.50,1,2.31,52661,Y2,,,0,15.883,clean
116,18,0,1.64,1,2.83,381052,Y4,,,0,17.527,clean
116,19,0,1.41,1,2.50,1137346,Y2,,,0,15.817,clean
116,20,0,1.54,1,2.45,198305,Y4,,,0,15.002,clean
116,21,0,1.59,1,2.51,858575,Y2,,,0,14.358,clean
116,22,0,1.68,1,2.68,600636,Y4,,,0,14.283,clean
116,23,0,1.79,1,2.38,800014,Y4,,,0,14.861,clean
116,24,0,1.43,981,2.16,1164347,Y4,,,0,15.762,clean
116,25,0,1.48,1,2.38,1330644,Y2,,,0,15.964,clean
116,26,0,1.69,1,2.46,1196444,Y4,,,0,15.287,clean
116,27,0,1.72,1,2.33,1112759,Y4,,,0,14.759,clean
116,28,0,1.66,1,2.59,71704,Y4,,,0,14.409,clean
116,29,0,1.85,1,2.47,100583,Y2,,,0,14.592,clean
116,30,0,1.60,1,5.15,169426,Y4,0.00/noise-like,0.00/noise-like,3,15.081,FAM-HIT
116,31,0,1.70,1,2.50,233173,Y4,,,0,15.489,clean
116,32,0,2.79,1,2.47,12070,Y2,0.24/noise-like,0.00/noise-like,0,14.991,hump-note
116,33,0,1.68,1,2.31,239611,Y4,,,0,14.096,clean
116,34,0,1.78,1,2.50,900596,Y2,,,0,13.540,clean
116,35,0,1.87,1,2.92,947982,Y4,,,0,13.675,clean
116,36,0,1.54,1,2.43,126421,Y2,,,0,13.845,clean
116,37,0,1.45,1,2.20,511765,Y4,,,0,13.836,clean
116,38,0,1.71,1,2.61,210553,Y2,,,0,13.637,clean
116,39,0,1.92,1,2.43,118464,Y4,,,0,13.161,clean
116,40,0,2.01,1,2.51,831753,Y4,,,0,12.659,clean
116,41,0,1.81,1,2.46,736982,Y4,,,0,12.667,clean
116,42,0,1.75,1,2.19,378639,Y2,,,0,13.009,clean
116,43,0,1.83,1,2.46,1291126,Y2,,,0,13.269,clean
116,44,0,1.73,1,2.90,37104,Y4,,,0,12.907,clean
116,45,0,1.90,1,2.70,1039714,Y4,,,0,12.397,clean
116,46,0,2.09,1,2.46,1160234,Y2,,,0,12.200,clean
116,47,0,1.87,1,2.36,1451343,Y2,,,0,12.302,clean
116,48,0,2.52,1,2.45,1128763,Y4,0.00/noise-like,0.00/noise-like,0,12.403,hump-note
116,49,0,1.84,1,2.51,668317,Y2,,,0,12.333,clean
116,50,0,1.76,1,2.37,723749,Y4,,,0,11.868,clean
116,51,0,2.69,1,2.34,843376,Y4,0.00/noise-like,0.00/noise-like,0,10.772,hump-note
116,52,0,2.39,1,2.31,79036,Y4,,,0,9.787,clean
116,53,0,2.47,1,2.30,7600,Y4,,,0,9.402,clean
116,54,0,3.17,1,2.39,391692,Y2,0.24/noise-like,0.00/noise-like,1,9.144,hump-note
116,55,0,2.57,1,2.45,532150,Y2,0.00/noise-like,0.24/noise-like,0,8.692,hump-note
116,56,0,3.33,1,2.89,426739,Y2,0.00/noise-like,0.00/noise-like,0,7.875,hump-note
116,57,0,0,-1,0,0,-,,,0,6.650,QUARANTINE:dark-lane range=59 distinct=58
116,58,0,0,-1,0,0,-,,,0,5.438,QUARANTINE:dark-lane range=49 distinct=48
116,59,0,0,-1,0,0,-,,,1,4.469,QUARANTINE:dark-lane range=91 distinct=41
116,60,0,0,-1,0,0,-,,,0,3.741,QUARANTINE:dark-lane range=32 distinct=32
116,61,0,0,-1,0,0,-,,,0,3.239,QUARANTINE:dark-lane range=30 distinct=29
116,62,0,0,-1,0,0,-,,,8,2.759,QUARANTINE:dark-lane range=24 distinct=25
116,63,0,0,-1,0,0,-,,,0,2.241,QUARANTINE:dark-lane range=19 distinct=20
117,0,0,4.65,1,2.46,399113,Y4,0.00/noise-like,0.00/noise-like,0,18.876,hump-note
117,1,0,1.61,1,2.53,17345,Y4,,,0,18.421,clean
117,2,0,1.46,474,2.42,354230,Y4,,,0,17.817,clean
117,3,0,1.55,1,2.47,1242936,Y2,,,0,17.269,clean
117,4,0,1.54,1,2.50,752896,Y2,,,0,17.163,clean
117,5,0,1.66,1,2.38,39876,Y4,,,0,17.477,clean
117,6,0,1.39,1236,2.57,1020044,Y4,,,0,17.698,clean
117,7,0,1.39,589,2.26,706047,Y4,,,0,17.385,clean
117,8,0,1.53,1,2.41,467062,Y4,,,0,16.926,clean
117,9,0,1.54,1,2.40,1167566,Y4,,,0,16.772,clean
117,10,0,1.46,1263,2.34,1165509,Y4,,,0,16.772,clean
117,11,0,1.57,1,2.67,1152813,Y4,,,0,16.766,clean
117,12,0,1.43,1,2.38,1096219,Y4,,,0,16.870,clean
117,13,0,1.37,1,2.47,323385,Y2,,,0,16.508,clean
117,14,0,1.42,1,2.46,1010388,Y2,,,0,15.806,clean
117,15,0,1.63,1,2.52,62406,Y2,,,0,15.375,clean
117,16,0,1.53,1,2.29,636667,Y2,,,0,15.567,clean
117,17,0,1.53,1,2.43,294238,Y2,,,0,15.936,clean
117,18,0,1.64,405,2.39,287533,Y2,,,0,17.552,clean
117,19,0,1.49,1,2.52,1295686,Y4,,,0,15.860,clean
117,20,0,1.57,1,2.35,130802,Y4,,,0,15.002,clean
117,21,0,1.77,1,2.57,240147,Y2,,,0,14.365,clean
117,22,0,1.62,1,2.69,398308,Y2,,,0,14.268,clean
117,23,0,1.60,1,2.45,433981,Y2,,,0,14.867,clean
117,24,0,1.58,1,2.33,595182,Y4,,,0,15.759,clean
117,25,0,1.62,1,2.54,484407,Y2,,,0,15.981,clean
117,26,0,1.57,1,2.37,988662,Y4,,,0,15.306,clean
117,27,0,1.57,1,2.71,642657,Y4,,,0,14.810,clean
117,28,0,1.55,1,2.25,41395,Y2,,,0,14.449,clean
117,29,0,1.53,1,2.55,1277000,Y2,,,0,14.559,clean
117,30,0,1.55,1,4.01,55701,Y4,0.24/noise-like,0.00/noise-like,3,15.096,FAM-HIT
117,31,0,1.66,1,2.30,446588,Y2,,,0,15.494,clean
117,32,0,2.57,1,2.48,238985,Y2,0.00/noise-like,0.24/noise-like,0,15.038,hump-note
117,33,0,1.58,1,2.35,458390,Y4,,,0,14.077,clean
117,34,0,1.68,1,2.38,278771,Y2,,,0,13.567,clean
117,35,0,1.65,1,2.29,220031,Y2,,,0,13.665,clean
117,36,0,1.62,1,2.40,769258,Y2,,,0,13.896,clean
117,37,0,1.71,1,2.92,907391,Y2,,,0,13.837,clean
117,38,0,1.72,1,2.39,1341909,Y2,,,0,13.657,clean
117,39,0,1.55,1,2.30,766128,Y4,,,0,13.178,clean
117,40,0,2.32,1,2.48,19759,Y4,,,0,12.682,clean
117,41,0,1.72,1,2.48,216633,Y2,,,0,12.699,clean
117,42,0,1.94,1,2.46,679135,Y4,,,0,13.055,clean
117,43,0,1.67,1,2.43,204027,Y2,,,0,13.259,clean
117,44,0,1.66,1,2.41,18418,Y4,,,0,12.936,clean
117,45,0,1.90,1,2.45,41753,Y4,,,0,12.412,clean
117,46,0,2.12,1,2.29,893980,Y4,,,0,12.200,clean
117,47,0,2.06,1,2.57,26912,Y4,,,0,12.297,clean
117,48,0,2.28,1,2.57,955939,Y2,,,0,12.407,clean
117,49,0,2.05,1,2.72,634074,Y2,,,0,12.361,clean
117,50,0,1.95,1,2.55,336796,Y4,,,0,11.867,clean
117,51,0,2.17,1,2.35,733137,Y2,,,0,10.803,clean
117,52,0,2.41,1,2.42,31829,Y4,,,0,9.813,clean
117,53,0,2.60,1,2.54,1067877,Y4,0.00/noise-like,0.00/noise-like,0,9.403,hump-note
117,54,0,2.55,1,2.36,234693,Y2,0.00/noise-like,0.00/noise-like,0,9.176,hump-note
117,55,0,2.67,1,2.75,914007,Y4,0.00/noise-like,0.24/noise-like,0,8.696,hump-note
117,56,0,3.25,1,2.34,255167,Y4,0.24/noise-like,0.00/noise-like,0,7.879,hump-note
117,57,0,0,-1,0,0,-,,,0,6.661,QUARANTINE:dark-lane range=63 distinct=58
117,58,0,0,-1,0,0,-,,,0,5.443,QUARANTINE:dark-lane range=48 distinct=47
117,59,0,0,-1,0,0,-,,,0,4.465,QUARANTINE:dark-lane range=42 distinct=41
117,60,0,0,-1,0,0,-,,,0,3.752,QUARANTINE:dark-lane range=33 distinct=34
117,61,0,0,-1,0,0,-,,,0,3.247,QUARANTINE:dark-lane range=29 distinct=30
117,62,0,0,-1,0,0,-,,,10,2.758,QUARANTINE:dark-lane range=25 distinct=26
117,63,0,0,-1,0,0,-,,,0,2.244,QUARANTINE:dark-lane range=20 distinct=21
118,0,0,4.74,1,2.29,1074672,Y4,0.00/noise-like,0.00/noise-like,0,18.958,hump-note
118,1,0,1.33,725,2.40,1217544,Y4,,,0,18.439,clean
118,2,0,1.47,1,2.42,1288533,Y4,,,0,17.828,clean
118,3,0,1.77,1,2.38,1306593,Y4,,,0,17.338,clean
118,4,0,1.40,1,2.39,764698,Y4,,,0,17.138,clean
118,5,0,1.55,1,2.36,526339,Y4,,,0,17.474,clean
118,6,0,1.46,1,2.63,691116,Y2,,,0,17.683,clean
118,7,0,1.41,1,2.58,829875,Y4,,,0,17.367,clean
118,8,0,1.34,1,2.51,1388490,Y4,,,0,16.918,clean
118,9,0,1.44,1,2.21,577122,Y2,,,0,16.853,clean
118,10,0,1.53,1,2.44,408590,Y2,,,0,16.777,clean
118,11,0,1.48,1,2.53,50247,Y2,,,0,16.788,clean
118,12,0,1.46,1,2.33,687271,Y2,,,0,16.824,clean
118,13,0,1.75,1,2.60,1006275,Y2,,,0,16.541,clean
118,14,0,1.51,1,2.39,530452,Y2,,,0,15.848,clean
118,15,0,1.37,632,2.27,1168817,Y2,,,0,15.445,clean
118,16,0,1.61,1,2.49,344932,Y4,,,0,15.567,clean
118,17,0,1.71,1,2.33,177026,Y4,,,0,15.980,clean
118,18,0,1.71,314,2.41,181139,Y4,,,0,17.566,clean
118,19,0,1.56,1,2.38,1323581,Y2,,,0,15.897,clean
118,20,0,1.63,1,2.52,198841,Y2,,,0,15.028,clean
118,21,0,1.76,1,2.35,8941,Y2,,,0,14.384,clean
118,22,0,1.74,1,2.57,1420140,Y2,,,0,14.313,clean
118,23,0,1.48,1,2.47,197411,Y2,,,0,14.901,clean
118,24,0,1.67,1,2.25,368267,Y4,,,0,15.772,clean
118,25,0,1.49,1,2.56,131071,Y4,,,0,16.009,clean
118,26,0,1.39,1,2.63,1405030,Y4,,,0,15.351,clean
118,27,0,1.73,1,2.54,704795,Y2,,,0,14.802,clean
118,28,0,1.46,1,2.33,713646,Y2,,,0,14.467,clean
118,29,0,1.56,1,2.74,587493,Y4,,,0,14.593,clean
118,30,0,1.37,1,3.35,53912,Y4,0.00/noise-like,0.00/noise-like,3,15.118,FAM-HIT
118,31,0,1.37,1,2.38,68575,Y2,,,0,15.531,clean
118,32,0,3.01,1,2.35,227451,Y4,0.00/noise-like,0.00/noise-like,0,15.090,hump-note
118,33,0,1.77,1,2.54,514805,Y2,,,0,14.108,clean
118,34,0,1.74,1,2.27,1196533,Y4,,,0,13.564,clean
118,35,0,1.71,1,2.39,626564,Y4,,,0,13.701,clean
118,36,0,1.50,1,2.45,16093,Y4,,,0,13.910,clean
118,37,0,1.73,1,2.37,892550,Y2,,,0,13.876,clean
118,38,0,1.64,1,2.34,1028627,Y4,,,0,13.690,clean
118,39,0,1.74,1,2.25,562727,Y2,,,0,13.207,clean
118,40,0,1.83,1,2.35,280201,Y2,,,0,12.699,clean
118,41,0,1.85,1,2.57,1135111,Y2,,,0,12.726,clean
118,42,0,1.83,1,2.46,4828,Y2,,,0,13.077,clean
118,43,0,1.66,1,2.22,919998,Y2,,,0,13.282,clean
118,44,0,2.07,1,2.40,1042932,Y4,,,0,12.934,clean
118,45,0,1.80,1,2.39,806451,Y2,,,0,12.420,clean
118,46,0,2.07,1,2.39,229061,Y4,,,0,12.248,clean
118,47,0,2.05,1,2.64,453830,Y4,,,0,12.326,clean
118,48,0,2.42,1,2.39,486016,Y4,,,0,12.437,clean
118,49,0,1.95,1,2.36,230223,Y2,,,0,12.374,clean
118,50,0,2.14,1,2.59,937521,Y4,,,0,11.921,clean
118,51,0,2.15,1,2.23,92894,Y2,,,0,10.817,clean
118,52,0,2.46,1,2.29,889152,Y4,,,0,9.803,clean
118,53,0,2.65,1,2.35,6706,Y4,0.00/noise-like,0.00/noise-like,0,9.415,hump-note
118,54,0,2.74,1,2.39,755042,Y4,0.00/noise-like,0.24/noise-like,2,9.178,hump-note
118,55,0,3.09,1,2.26,28968,Y4,0.24/noise-like,0.00/noise-like,0,8.728,hump-note
118,56,0,3.34,1,2.40,537336,Y2,0.24/noise-like,0.24/noise-like,0,7.898,hump-note
118,57,0,0,-1,0,0,-,,,0,6.673,QUARANTINE:dark-lane range=58 distinct=57
118,58,0,0,-1,0,0,-,,,0,5.452,QUARANTINE:dark-lane range=46 distinct=47
118,59,0,0,-1,0,0,-,,,0,4.476,QUARANTINE:dark-lane range=39 distinct=40
118,60,0,0,-1,0,0,-,,,0,3.748,QUARANTINE:dark-lane range=33 distinct=34
118,61,0,0,-1,0,0,-,,,0,3.257,QUARANTINE:dark-lane range=28 distinct=29
118,62,0,0,-1,0,0,-,,,12,2.763,QUARANTINE:dark-lane range=24 distinct=25
118,63,0,0,-1,0,0,-,,,0,2.247,QUARANTINE:dark-lane range=19 distinct=20
119,0,0,5.43,1,2.34,1063585,Y4,0.00/noise-like,0.00/noise-like,0,18.941,SPECTRAL-LINE
119,1,0,1.79,1,2.26,134915,Y2,,,0,18.400,clean
119,2,0,1.37,1,2.43,28342,Y4,,,1,17.819,clean
119,3,0,1.47,1,2.24,1443654,Y4,,,0,17.275,clean
119,4,0,1.38,831,2.41,719279,Y4,,,0,17.179,clean
119,5,0,1.36,188,2.43,410289,Y2,,,0,17.454,clean
119,6,0,1.52,1,2.36,1001447,Y2,,,0,17.657,clean
119,7,0,1.40,1,2.41,101030,Y4,,,0,17.368,clean
119,8,0,1.60,1,2.69,692636,Y4,,,0,16.900,clean
119,9,0,1.48,1,2.51,606179,Y4,,,0,16.797,clean
119,10,0,1.48,1,2.22,950754,Y4,,,0,16.777,clean
119,11,0,1.34,1,2.23,1253396,Y4,,,0,16.765,clean
119,12,0,1.87,1,2.40,781596,Y4,,,0,16.857,clean
119,13,0,1.43,1,2.41,739217,Y2,,,0,16.515,clean
119,14,0,1.58,1,2.40,856966,Y4,,,0,15.821,clean
119,15,0,1.56,1,2.27,1388937,Y2,,,0,15.420,clean
119,16,0,1.40,1000,2.58,741452,Y4,,,0,15.553,clean
119,17,0,1.71,1,2.69,89228,Y4,,,0,15.944,clean
119,18,0,1.68,438,2.45,963360,Y2,,,0,17.595,clean
119,19,0,1.53,1,2.49,446677,Y4,,,0,15.835,clean
119,20,0,1.56,1,2.41,1040161,Y2,,,0,15.003,clean
119,21,0,1.95,1,2.42,1300871,Y2,,,0,14.391,clean
119,22,0,1.76,1,2.58,195533,Y4,,,0,14.289,clean
119,23,0,1.73,1,2.44,161648,Y4,,,0,14.882,clean
119,24,0,1.45,1,2.37,248551,Y4,,,0,15.773,clean
119,25,0,1.57,1,2.37,641674,Y2,,,0,16.003,clean
119,26,0,1.63,1,2.26,292629,Y2,,,0,15.317,clean
119,27,0,1.68,1,2.31,646323,Y2,,,0,14.781,clean
119,28,0,1.49,1,2.38,474572,Y2,,,0,14.428,clean
119,29,0,1.51,1,2.70,1035243,Y2,,,0,14.577,clean
119,30,0,1.56,1,2.95,189185,Y4,,,5,15.098,clean
119,31,0,1.61,1,2.41,93609,Y4,,,0,15.525,clean
119,32,0,2.98,1,2.50,990629,Y2,0.24/noise-like,0.00/noise-like,0,15.035,hump-note
119,33,0,1.91,1,2.26,229686,Y2,,,0,14.102,clean
119,34,0,1.99,1,2.32,372916,Y4,,,0,13.579,clean
119,35,0,1.99,1,2.22,633627,Y4,,,0,13.706,clean
119,36,0,1.82,1,2.44,238448,Y4,,,0,13.894,clean
119,37,0,1.76,1,2.37,597507,Y2,,,0,13.844,clean
119,38,0,1.77,1,2.56,759333,Y4,,,0,13.630,clean
119,39,0,1.89,1,2.69,448108,Y4,,,0,13.170,clean
119,40,0,1.70,1,2.42,1423717,Y4,,,0,12.675,clean
119,41,0,1.79,1,2.50,1013696,Y2,,,0,12.698,clean
119,42,0,1.86,1,2.39,716060,Y2,,,0,13.066,clean
119,43,0,1.77,1,2.71,201434,Y4,,,0,13.261,clean
119,44,0,1.80,1,2.75,32455,Y4,,,0,12.936,clean
119,45,0,2.04,1,2.27,1003683,Y2,,,0,12.402,clean
119,46,0,1.90,1,2.31,30041,Y2,,,0,12.198,clean
119,47,0,1.94,1,2.45,1307577,Y2,,,0,12.284,clean
119,48,0,2.58,1,2.29,949144,Y4,0.24/noise-like,0.24/noise-like,0,12.439,hump-note
119,49,0,1.89,1,2.32,47565,Y2,,,0,12.346,clean
119,50,0,2.19,1,2.48,755131,Y4,,,0,11.900,clean
119,51,0,2.35,1,2.46,1294613,Y4,,,0,10.805,clean
119,52,0,2.17,1,2.62,1136005,Y4,,,0,9.790,clean
119,53,0,2.53,1,2.47,161737,Y2,0.00/noise-like,0.00/noise-like,0,9.407,hump-note
119,54,0,3.06,1,2.66,50783,Y4,0.00/noise-like,0.00/noise-like,1,9.172,hump-note
119,55,0,2.71,1,2.80,120789,Y4,0.00/noise-like,0.00/noise-like,0,8.696,hump-note
119,56,0,3.19,1,2.35,1256436,Y2,0.00/noise-like,0.00/noise-like,0,7.887,hump-note
119,57,0,0,-1,0,0,-,,,0,6.682,QUARANTINE:dark-lane range=61 distinct=60
119,58,0,0,-1,0,0,-,,,0,5.447,QUARANTINE:dark-lane range=49 distinct=49
119,59,0,0,-1,0,0,-,,,0,4.474,QUARANTINE:dark-lane range=37 distinct=38
119,60,0,0,-1,0,0,-,,,0,3.750,QUARANTINE:dark-lane range=31 distinct=32
119,61,0,0,-1,0,0,-,,,0,3.253,QUARANTINE:dark-lane range=30 distinct=31
119,62,0,0,-1,0,0,-,,,15,2.783,QUARANTINE:dark-lane range=197 distinct=36
119,63,0,0,-1,0,0,-,,,0,2.245,QUARANTINE:dark-lane range=27 distinct=23
120,0,0,4.55,1,2.47,368536,Y4,0.42/WATCH,0.00/noise-like,0,18.869,hump-note
120,1,0,1.46,1,2.55,177026,Y4,,,0,18.358,clean
120,2,0,1.51,1,2.43,966758,Y4,,,0,17.758,clean
120,3,0,1.61,1,2.35,30935,Y4,,,0,17.255,clean
120,4,0,1.66,1,2.37,906676,Y2,,,0,17.106,clean
120,5,0,1.39,1,2.40,108808,Y2,,,0,17.437,clean
120,6,0,1.40,1,2.55,23961,Y2,,,0,17.609,clean
120,7,0,1.35,249,2.31,1194566,Y4,,,0,17.347,clean
120,8,0,1.38,1,2.34,1100510,Y2,,,0,16.881,clean
120,9,0,1.44,1,2.40,506759,Y4,,,0,16.770,clean
120,10,0,1.47,1,2.37,330359,Y4,,,0,16.733,clean
120,11,0,1.65,1,2.51,1084417,Y2,,,0,16.740,clean
120,12,0,1.50,1,2.53,788212,Y2,,,0,16.816,clean
120,13,0,1.46,1,2.58,13322,Y2,,,0,16.451,clean
120,14,0,1.47,1,2.29,1137346,Y2,,,0,15.756,clean
120,15,0,1.50,1,2.36,56058,Y2,,,0,15.398,clean
120,16,0,1.44,1,2.37,447840,Y4,,,0,15.507,clean
120,17,0,1.46,1,2.36,845522,Y2,,,0,15.925,clean
120,18,0,1.72,1,2.49,579625,Y2,,,0,17.528,clean
120,19,0,1.74,1,2.31,1329392,Y2,,,0,15.807,clean
120,20,0,1.79,1,2.46,661433,Y2,,,0,14.959,clean
120,21,0,1.73,1,2.50,455081,Y2,,,0,14.368,clean
120,22,0,1.60,1,2.37,956565,Y2,,,0,14.245,clean
120,23,0,1.66,1,2.48,434339,Y2,,,0,14.850,clean
120,24,0,1.62,1,2.47,545204,Y2,,,0,15.748,clean
120,25,0,1.41,1,2.29,1045436,Y4,,,0,15.937,clean
120,26,0,1.54,1,2.52,1077622,Y4,,,0,15.264,clean
120,27,0,1.73,1,2.38,184178,Y2,,,0,14.762,clean
120,28,0,1.76,1,2.68,385702,Y2,,,0,14.437,clean
120,29,0,1.85,1,2.54,686020,Y2,,,0,14.538,clean
120,30,0,1.65,1,2.87,65446,Y4,,,2,15.102,clean
120,31,0,1.58,1,2.65,914276,Y4,,,0,15.467,clean
120,32,0,3.37,1,2.40,485748,Y2,0.24/noise-like,0.00/noise-like,0,14.988,hump-note
120,33,0,1.54,1,2.39,146002,Y2,,,0,14.037,clean
120,34,0,1.79,1,2.34,724196,Y2,,,0,13.541,clean
120,35,0,1.77,1,2.41,1237392,Y4,,,0,13.685,clean
120,36,0,1.78,1,2.48,191063,Y2,,,0,13.864,clean
120,37,0,2.00,1,2.43,1050174,Y4,,,0,13.858,clean
120,38,0,1.78,1,2.42,256419,Y2,,,0,13.617,clean
120,39,0,1.61,1,2.48,1065105,Y2,,,0,13.158,clean
120,40,0,1.65,1,2.32,87351,Y4,,,0,12.671,clean
120,41,0,1.86,1,2.28,1029521,Y4,,,0,12.681,clean
120,42,0,1.87,1,2.35,11712,Y2,,,0,13.018,clean
120,43,0,1.97,1,2.39,410020,Y2,,,0,13.243,clean
120,44,0,1.93,1,2.43,648290,Y4,,,0,12.899,clean
120,45,0,1.93,1,2.36,914633,Y2,,,0,12.377,clean
120,46,0,1.99,1,2.55,489324,Y4,,,0,12.205,clean
120,47,0,1.57,1,2.50,840247,Y4,,,0,12.301,clean
120,48,0,2.65,1,2.33,402063,Y2,0.24/noise-like,0.00/noise-like,0,12.406,hump-note
120,49,0,1.84,1,2.33,286818,Y2,,,0,12.375,clean
120,50,0,1.97,1,2.44,254005,Y2,,,0,11.881,clean
120,51,0,1.86,1,2.58,318468,Y4,,,0,10.784,clean
120,52,0,2.31,1,2.46,1404315,Y2,,,0,9.791,clean
120,53,0,2.58,1,2.30,165671,Y4,0.00/noise-like,0.24/noise-like,0,9.379,hump-note
120,54,0,2.56,1,2.41,650793,Y2,0.00/noise-like,0.00/noise-like,0,9.152,hump-note
120,55,0,2.78,1,2.51,1118392,Y2,0.00/noise-like,0.24/noise-like,0,8.676,hump-note
120,56,0,3.33,1,2.54,1206905,Y4,0.00/noise-like,0.00/noise-like,0,7.862,hump-note
120,57,0,0,-1,0,0,-,,,0,6.662,QUARANTINE:dark-lane range=58 distinct=58
120,58,0,0,-1,0,0,-,,,0,5.430,QUARANTINE:dark-lane range=51 distinct=47
120,59,0,0,-1,0,0,-,,,0,4.461,QUARANTINE:dark-lane range=43 distinct=42
120,60,0,0,-1,0,0,-,,,0,3.742,QUARANTINE:dark-lane range=32 distinct=33
120,61,0,0,-1,0,0,-,,,0,3.247,QUARANTINE:dark-lane range=28 distinct=29
120,62,0,0,-1,0,0,-,,,2,2.742,QUARANTINE:dark-lane range=23 distinct=24
120,63,0,0,-1,0,0,-,,,0,2.244,QUARANTINE:dark-lane range=19 distinct=20
121,0,0,5.73,1,2.52,351369,Y4,0.00/noise-like,0.24/noise-like,0,18.874,SPECTRAL-LINE
121,1,0,1.39,961,2.27,9924,Y4,,,0,18.404,clean
121,2,0,1.41,1,2.47,597686,Y4,,,1,17.825,clean
121,3,0,1.37,1,2.32,213414,Y2,,,0,17.295,clean
121,4,0,1.42,1160,2.39,1124561,Y2,,,0,17.173,clean
121,5,0,1.51,1,2.36,75996,Y4,,,0,17.478,clean
121,6,0,1.39,1,2.40,1140475,Y4,,,0,17.673,clean
121,7,0,1.62,1,2.50,973195,Y4,,,0,17.360,clean
121,8,0,1.54,1,2.27,228167,Y2,,,0,16.943,clean
121,9,0,1.61,1,2.28,1190275,Y4,,,0,16.804,clean
121,10,0,1.54,1,2.58,1189023,Y4,,,0,16.709,clean
121,11,0,1.41,1,2.34,277251,Y4,,,0,16.808,clean
121,12,0,1.48,1,2.29,113457,Y2,,,0,16.846,clean
121,13,0,1.39,1120,2.42,169426,Y2,,,0,16.498,clean
121,14,0,1.47,1,2.67,112385,Y2,,,0,15.844,clean
121,15,0,1.44,350,2.31,5007,Y2,,,0,15.427,clean
121,16,0,1.43,1002,2.56,969708,Y4,,,0,15.550,clean
121,17,0,1.66,1,2.32,1385629,Y2,,,0,15.952,clean
121,18,0,1.76,1,2.48,507295,Y4,,,0,17.602,clean
121,19,0,1.90,1,2.41,625402,Y2,,,0,15.856,clean
121,20,0,1.51,1,2.48,1194924,Y2,,,0,15.001,clean
121,21,0,1.57,1,2.81,662595,Y2,,,0,14.403,clean
121,22,0,1.73,1,2.40,833094,Y4,,,0,14.285,clean
121,23,0,1.68,1,2.32,1079768,Y4,,,0,14.860,clean
121,24,0,1.39,1329,2.38,505328,Y2,,,0,15.758,clean
121,25,0,1.57,1,2.33,989199,Y4,,,0,15.966,clean
121,26,0,1.55,1,2.31,361115,Y2,,,0,15.295,clean
121,27,0,1.55,1,2.44,115961,Y2,,,0,14.786,clean
121,28,0,1.56,1,2.71,1027822,Y4,,,0,14.450,clean
121,29,0,1.60,1,2.52,939041,Y2,,,0,14.564,clean
121,30,0,1.53,1,3.22,248730,Y4,0.24/noise-like,0.00/noise-like,9,15.121,FAM-HIT
121,31,0,1.63,1,2.50,1083344,Y2,,,0,15.495,clean
121,32,0,2.92,1,2.47,428081,Y2,0.00/noise-like,0.00/noise-like,0,15.052,hump-note
121,33,0,1.81,1,2.27,196964,Y4,,,0,14.103,clean
121,34,0,1.40,1,2.47,486284,Y4,,,0,13.558,clean
121,35,0,1.97,1,2.32,318557,Y2,,,0,13.702,clean
121,36,0,1.70,1,2.38,214666,Y2,,,0,13.911,clean
121,37,0,1.60,1,2.46,1083970,Y4,,,0,13.858,clean
121,38,0,1.58,1,2.58,257134,Y4,,,0,13.640,clean
121,39,0,1.70,1,2.33,683606,Y2,,,0,13.183,clean
121,40,0,1.79,1,2.26,210911,Y2,,,0,12.701,clean
121,41,0,1.83,1,2.35,772655,Y2,,,0,12.691,clean
121,42,0,1.51,1,2.50,829697,Y2,,,0,13.063,clean
121,43,0,1.52,1,2.33,888616,Y2,,,0,13.286,clean
121,44,0,2.03,1,2.59,915617,Y2,,,0,12.929,clean
121,45,0,2.14,1,2.45,462145,Y2,,,0,12.415,clean
121,46,0,1.65,1,2.49,1063585,Y2,,,0,12.204,clean
121,47,0,1.75,1,2.54,935197,Y2,,,0,12.308,clean
121,48,0,2.49,1,2.41,962108,Y4,,,0,12.453,clean
121,49,0,1.81,1,2.39,405461,Y4,,,0,12.389,clean
121,50,0,1.79,1,2.32,860631,Y4,,,0,11.900,clean
121,51,0,2.11,1,2.48,939846,Y4,,,0,10.800,clean
121,52,0,2.41,1,2.37,958800,Y4,,,0,9.796,clean
121,53,0,2.26,1,2.32,673145,Y2,,,1,9.399,clean
121,54,0,2.70,1,2.34,1453131,Y2,0.00/noise-like,0.00/noise-like,1,9.171,hump-note
121,55,0,2.79,1,2.31,87619,Y2,0.00/noise-like,0.00/noise-like,1,8.686,hump-note
121,56,0,3.15,1,3.01,68396,Y4,0.00/noise-like,0.24/noise-like,0,7.882,FAM-HIT
121,57,0,0,-1,0,0,-,,,0,6.667,QUARANTINE:dark-lane range=58 distinct=58
121,58,0,0,-1,0,0,-,,,0,5.438,QUARANTINE:dark-lane range=46 distinct=47
121,59,0,0,-1,0,0,-,,,0,4.478,QUARANTINE:dark-lane range=38 distinct=39
121,60,0,0,-1,0,0,-,,,0,3.750,QUARANTINE:dark-lane range=31 distinct=32
121,61,0,0,-1,0,0,-,,,0,3.251,QUARANTINE:dark-lane range=27 distinct=28
121,62,0,0,-1,0,0,-,,,16,2.795,QUARANTINE:dark-lane range=26 distinct=27
121,63,0,0,-1,0,0,-,,,0,2.247,QUARANTINE:dark-lane range=30 distinct=22
122,0,0,5.48,1,2.41,19491,Y4,0.00/noise-like,0.00/noise-like,0,19.023,SPECTRAL-LINE
122,1,0,1.36,485,2.27,76711,Y4,,,0,18.483,clean
122,2,0,1.41,1004,2.33,1233280,Y2,,,1,17.846,clean
122,3,0,1.59,1,2.52,1420677,Y2,,,0,17.335,clean
122,4,0,1.36,1,2.49,1325548,Y4,,,0,17.183,clean
122,5,0,1.44,1,2.33,149935,Y2,,,0,17.531,clean
122,6,0,1.50,1398,2.75,664383,Y2,,,0,17.724,clean
122,7,0,1.55,1,2.40,215292,Y4,,,0,17.414,clean
122,8,0,1.42,1,2.55,266880,Y2,,,0,16.964,clean
122,9,0,1.41,630,2.47,383645,Y4,,,1,16.880,clean
122,10,0,1.54,1,2.28,104070,Y2,,,0,16.822,clean
122,11,0,1.41,1,2.47,1092285,Y2,,,0,16.865,clean
122,12,0,1.60,1,2.40,1010299,Y2,,,0,16.892,clean
122,13,0,1.70,1,2.42,827372,Y4,,,0,16.575,clean
122,14,0,1.48,1,2.52,522226,Y4,,,0,15.880,clean
122,15,0,1.75,1,2.39,663579,Y2,,,0,15.464,clean
122,16,0,1.38,313,2.55,504345,Y4,,,0,15.609,clean
122,17,0,1.43,1,2.73,793487,Y2,,,0,16.016,clean
122,18,0,1.61,373,2.33,620395,Y2,,,0,17.622,clean
122,19,0,1.44,1,2.47,759870,Y2,,,0,15.892,clean
122,20,0,1.42,1,2.50,194639,Y2,,,0,15.073,clean
122,21,0,1.85,1,2.32,503093,Y2,,,0,14.432,clean
122,22,0,1.63,1,2.52,202686,Y2,,,0,14.341,clean
122,23,0,1.75,1,2.49,1404852,Y2,,,0,14.945,clean
122,24,0,1.59,1,2.49,37372,Y2,,,0,15.815,clean
122,25,0,1.67,1,2.57,136346,Y4,,,1,16.050,clean
122,26,0,1.83,1,2.46,508368,Y2,,,0,15.363,clean
122,27,0,1.67,1,2.57,508547,Y4,,,0,14.830,clean
122,28,0,1.73,1,2.33,94146,Y2,,,0,14.493,clean
122,29,0,1.52,1,2.43,86993,Y2,,,0,14.631,clean
122,30,0,1.73,1,2.41,1401901,Y2,,,1,15.165,clean
122,31,0,1.38,1,2.35,173628,Y2,,,0,15.576,clean
122,32,0,3.20,1,2.45,1072884,Y2,0.00/noise-like,0.00/noise-like,0,15.095,hump-note
122,33,0,1.57,1,2.52,860721,Y4,,,0,14.144,clean
122,34,0,1.74,1,2.26,946909,Y4,,,0,13.594,clean
122,35,0,1.96,1,2.59,701308,Y4,,,0,13.730,clean
122,36,0,1.77,1,2.39,286102,Y2,,,0,13.946,clean
122,37,0,1.71,1,2.24,302553,Y4,,,0,13.880,clean
122,38,0,1.52,1,2.36,228345,Y2,,,0,13.691,clean
122,39,0,2.12,1,2.39,1326174,Y4,,,0,13.232,clean
122,40,0,1.95,1,2.54,41574,Y4,,,0,12.734,clean
122,41,0,1.63,1,2.50,1405478,Y2,,,0,12.765,clean
122,42,0,1.78,1,2.42,533223,Y4,,,0,13.111,clean
122,43,0,1.72,1,2.38,307471,Y2,,,0,13.294,clean
122,44,0,1.70,1,2.32,525266,Y4,,,0,12.968,clean
122,45,0,1.68,1,2.19,221550,Y2,,,0,12.458,clean
122,46,0,1.77,1,2.34,292182,Y4,,,0,12.252,clean
122,47,0,1.84,1,2.51,1412988,Y4,,,0,12.339,clean
122,48,0,2.35,1,2.56,1093358,Y2,,,1,12.482,clean
122,49,0,2.07,1,2.38,544220,Y4,,,0,12.398,clean
122,50,0,1.81,1,2.29,1280487,Y2,,,0,11.912,clean
122,51,0,2.40,1,2.51,1446515,Y2,,,0,10.829,clean
122,52,0,2.53,1,2.40,1407444,Y2,0.00/noise-like,0.00/noise-like,0,9.845,hump-note
122,53,0,2.60,1,2.22,73314,Y2,0.24/noise-like,0.00/noise-like,3,9.431,hump-note
122,54,0,2.70,1,2.31,132233,Y4,0.00/noise-like,0.24/noise-like,3,9.196,hump-note
122,55,0,2.86,1,2.51,280023,Y2,0.00/noise-like,0.00/noise-like,0,8.739,hump-note
122,56,0,3.19,1,2.59,415474,Y4,0.24/noise-like,0.00/noise-like,0,7.906,hump-note
122,57,0,0,-1,0,0,-,,,0,6.696,QUARANTINE:dark-lane range=57 distinct=57
122,58,0,0,-1,0,0,-,,,1,5.464,QUARANTINE:dark-lane range=49 distinct=49
122,59,0,0,-1,0,0,-,,,0,4.483,QUARANTINE:dark-lane range=38 distinct=38
122,60,0,0,-1,0,0,-,,,0,3.761,QUARANTINE:dark-lane range=30 distinct=31
122,61,0,0,-1,0,0,-,,,0,3.258,QUARANTINE:dark-lane range=27 distinct=28
122,62,0,0,-1,0,0,-,,,5,2.761,QUARANTINE:dark-lane range=24 distinct=25
122,63,0,0,-1,0,0,-,,,3,2.251,QUARANTINE:dark-lane range=21 distinct=22
123,0,0,4.79,1,2.30,1462519,Y4,0.00/noise-like,0.00/noise-like,0,18.961,hump-note
123,1,0,1.33,1289,2.78,194103,Y2,,,0,18.439,clean
123,2,0,1.53,1,2.35,1113743,Y4,,,0,17.851,clean
123,3,0,1.57,1,2.34,194281,Y4,,,0,17.337,clean
123,4,0,1.59,1,2.46,210553,Y4,,,0,17.224,clean
123,5,0,1.43,1,2.47,1034707,Y4,,,0,17.512,clean
123,6,0,1.69,1,2.32,1141280,Y4,,,0,17.749,clean
123,7,0,1.58,1,2.29,473052,Y2,,,0,17.410,clean
123,8,0,1.50,1,2.43,1300335,Y2,,,0,16.963,clean
123,9,0,1.39,771,2.38,51051,Y4,,,0,16.874,clean
123,10,0,1.37,1,2.56,571132,Y2,,,0,16.785,clean
123,11,0,1.57,1,2.29,34064,Y4,,,0,16.815,clean
123,12,0,1.56,1,2.43,1221210,Y4,,,0,16.885,clean
123,13,0,1.38,789,2.36,1260638,Y4,,,0,16.567,clean
123,14,0,1.50,1,2.35,141174,Y2,,,0,15.849,clean
123,15,0,1.65,1,2.57,1394123,Y4,,,0,15.435,clean
123,16,0,1.40,1,2.35,45151,Y2,,,0,15.564,clean
123,17,0,1.33,581,2.63,340730,Y2,,,0,15.966,clean
123,18,0,1.59,1,2.34,745118,Y4,,,0,17.599,clean
123,19,0,1.50,1,2.28,1350313,Y4,,,0,15.893,clean
123,20,0,1.68,1,2.38,1208603,Y4,,,0,15.031,clean
123,21,0,1.75,1,2.47,528306,Y2,,,0,14.407,clean
123,22,0,1.67,1,2.43,1425952,Y2,,,0,14.334,clean
123,23,0,1.59,1,2.52,37551,Y2,,,0,14.908,clean
123,24,0,1.54,1,2.29,1231849,Y4,,,0,15.781,clean
123,25,0,1.51,1,2.55,191778,Y4,,,0,16.028,clean
123,26,0,1.45,1,2.60,432462,Y2,,,0,15.327,clean
123,27,0,1.66,1,2.30,1371324,Y2,,,0,14.810,clean
123,28,0,1.66,1,2.21,894159,Y4,,,0,14.472,clean
123,29,0,1.59,1,2.65,1172841,Y2,,,0,14.603,clean
123,30,0,1.65,1,2.52,497192,Y2,,,0,15.119,clean
123,31,0,1.80,1,2.27,149846,Y4,,,0,15.538,clean
123,32,0,2.92,1,2.42,1028001,Y4,0.00/noise-like,0.00/noise-like,0,15.096,hump-note
123,33,0,1.47,1,2.40,296116,Y4,,,0,14.134,clean
123,34,0,1.82,1,2.44,333488,Y4,,,0,13.600,clean
123,35,0,1.77,1,2.45,776947,Y4,,,0,13.720,clean
123,36,0,1.98,1,2.32,128835,Y2,,,1,13.936,clean
123,37,0,1.51,1,2.35,995457,Y4,,,0,13.870,clean
123,38,0,1.79,1,2.55,696391,Y2,,,0,13.664,clean
123,39,0,1.40,1,2.53,745654,Y2,,,0,13.208,clean
123,40,0,1.71,1,2.81,1094520,Y4,,,0,12.701,clean
123,41,0,1.98,1,2.53,725985,Y4,,,0,12.755,clean
123,42,0,1.79,1,2.32,735641,Y2,,,0,13.052,clean
123,43,0,1.77,1,2.53,1154691,Y2,,,0,13.301,clean
123,44,0,1.93,1,2.35,133663,Y4,,,0,12.954,clean
123,45,0,1.77,1,2.38,1464844,Y4,,,0,12.424,clean
123,46,0,2.00,1,2.59,394464,Y4,,,0,12.232,clean
123,47,0,1.75,1,2.71,703543,Y2,,,0,12.336,clean
123,48,0,2.63,1,2.44,600815,Y2,0.00/noise-like,0.00/noise-like,0,12.478,hump-note
123,49,0,1.94,1,2.41,572026,Y4,,,0,12.403,clean
123,50,0,2.18,1,2.34,141531,Y4,,,0,11.911,clean
123,51,0,2.47,1,2.27,654817,Y4,,,0,10.823,clean
123,52,0,2.54,1,2.48,413060,Y2,0.24/noise-like,0.00/noise-like,0,9.813,hump-note
123,53,0,2.32,1,2.25,1103818,Y4,,,0,9.411,clean
123,54,0,2.30,1,2.40,1261711,Y4,,,1,9.196,clean
123,55,0,2.84,1,2.41,1056433,Y4,0.00/noise-like,0.00/noise-like,0,8.732,hump-note
123,56,0,2.81,1,2.31,251412,Y2,0.00/noise-like,0.00/noise-like,0,7.896,hump-note
123,57,0,0,-1,0,0,-,,,0,6.669,QUARANTINE:dark-lane range=56 distinct=57
123,58,0,0,-1,0,0,-,,,0,5.452,QUARANTINE:dark-lane range=50 distinct=47
123,59,0,0,-1,0,0,-,,,0,4.481,QUARANTINE:dark-lane range=40 distinct=40
123,60,0,0,-1,0,0,-,,,0,3.763,QUARANTINE:dark-lane range=32 distinct=33
123,61,0,0,-1,0,0,-,,,0,3.257,QUARANTINE:dark-lane range=31 distinct=31
123,62,0,0,-1,0,0,-,,,0,2.749,QUARANTINE:dark-lane range=23 distinct=24
123,63,0,0,-1,0,0,-,,,0,2.252,QUARANTINE:dark-lane range=20 distinct=21
124,0,0,4.68,1,2.34,583649,Y4,0.00/noise-like,0.00/noise-like,0,18.940,hump-note
124,1,0,1.46,1,2.66,91821,Y2,,,0,18.409,clean
124,2,0,1.34,1193,2.43,128478,Y2,,,0,17.796,clean
124,3,0,1.61,1,2.36,44793,Y4,,,0,17.287,clean
124,4,0,1.40,1,2.47,251144,Y4,,,0,17.171,clean
124,5,0,1.61,1,2.48,1081645,Y2,,,0,17.461,clean
124,6,0,1.63,1,2.30,56148,Y2,,,0,17.678,clean
124,7,0,1.63,1,2.38,386328,Y2,,,0,17.366,clean
124,8,0,1.84,1,2.49,179440,Y2,,,0,16.946,clean
124,9,0,1.81,1,2.51,1132429,Y4,,,0,16.826,clean
124,10,0,1.55,1,2.25,19312,Y2,,,0,16.741,clean
124,11,0,1.64,1,2.44,883877,Y2,,,0,16.767,clean
124,12,0,1.48,1,2.50,233978,Y4,,,0,16.871,clean
124,13,0,1.50,1,2.32,44078,Y2,,,0,16.537,clean
124,14,0,1.41,1,2.46,40144,Y4,,,0,15.813,clean
124,15,0,1.66,1,2.69,1057684,Y4,,,0,15.413,clean
124,16,0,1.51,1,2.36,1263499,Y4,,,0,15.566,clean
124,17,0,1.65,1,2.50,1409680,Y4,,,0,15.963,clean
124,18,0,1.63,253,2.24,174344,Y4,,,0,17.570,clean
124,19,0,1.73,1,2.42,151545,Y2,,,0,15.857,clean
124,20,0,1.75,1,2.36,583291,Y4,,,0,15.020,clean
124,21,0,1.44,1,2.41,1279593,Y4,,,0,14.374,clean
124,22,0,1.56,1,2.85,16183,Y4,,,0,14.305,clean
124,23,0,1.47,124,2.32,1186252,Y2,,,0,14.872,clean
124,24,0,1.39,1,2.45,1013070,Y2,,,0,15.805,clean
124,25,0,1.54,1,2.54,708103,Y2,,,0,15.994,clean
124,26,0,1.49,1,2.40,1215577,Y2,,,0,15.301,clean
124,27,0,1.47,680,2.51,636756,Y2,,,0,14.800,clean
124,28,0,1.60,1,2.70,328302,Y4,,,0,14.469,clean
124,29,0,1.39,1,2.55,328213,Y2,,,0,14.566,clean
124,30,0,1.68,1,2.39,388116,Y2,,,0,15.120,clean
124,31,0,1.70,1,2.22,1007617,Y4,,,0,15.513,clean
124,32,0,2.91,1,2.53,29415,Y2,0.00/noise-like,0.24/noise-like,0,15.080,hump-note
124,33,0,1.44,1,2.53,226915,Y2,,,0,14.092,clean
124,34,0,1.51,1,2.70,1404583,Y4,,,0,13.566,clean
124,35,0,1.51,1,2.40,878423,Y4,,,0,13.730,clean
124,36,0,1.67,1,2.41,189990,Y2,,,0,13.884,clean
124,37,0,1.42,1,2.38,177830,Y4,,,0,13.883,clean
124,38,0,1.57,1,2.52,848293,Y2,,,0,13.660,clean
124,39,0,1.93,1,2.52,801176,Y4,,,0,13.184,clean
124,40,0,1.85,1,2.26,130534,Y2,,,0,12.694,clean
124,41,0,2.07,1,2.34,266165,Y2,,,0,12.693,clean
124,42,0,2.11,1,2.53,218332,Y2,,,0,13.043,clean
124,43,0,1.82,1,2.47,664204,Y4,,,0,13.269,clean
124,44,0,1.72,1,2.18,335902,Y2,,,0,12.919,clean
124,45,0,1.78,1,2.53,161737,Y2,,,0,12.404,clean
124,46,0,1.61,1,2.39,344664,Y2,,,0,12.221,clean
124,47,0,1.92,1,2.32,1391977,Y2,,,0,12.321,clean
124,48,0,2.34,1,2.40,1370698,Y2,,,0,12.442,clean
124,49,0,2.38,1,2.57,441939,Y2,,,0,12.387,clean
124,50,0,1.75,1,2.67,399917,Y2,,,0,11.876,clean
124,51,0,2.16,1,2.42,486732,Y2,,,0,10.807,clean
124,52,0,2.35,1,2.58,1320988,Y4,,,0,9.789,clean
124,53,0,2.49,1,2.22,66698,Y2,,,0,9.427,clean
124,54,0,2.66,1,2.71,723302,Y2,0.00/noise-like,0.00/noise-like,0,9.174,hump-note
124,55,0,2.96,1,2.32,916064,Y4,0.24/noise-like,0.24/noise-like,0,8.705,hump-note
124,56,0,2.96,1,2.35,1244366,Y4,0.00/noise-like,0.24/noise-like,0,7.888,hump-note
124,57,0,0,-1,0,0,-,,,0,6.658,QUARANTINE:dark-lane range=59 distinct=58
124,58,0,0,-1,0,0,-,,,0,5.449,QUARANTINE:dark-lane range=46 distinct=47
124,59,0,0,-1,0,0,-,,,0,4.476,QUARANTINE:dark-lane range=41 distinct=41
124,60,0,0,-1,0,0,-,,,0,3.754,QUARANTINE:dark-lane range=31 distinct=32
124,61,0,0,-1,0,0,-,,,0,3.249,QUARANTINE:dark-lane range=30 distinct=29
124,62,0,0,-1,0,0,-,,,0,2.743,QUARANTINE:dark-lane range=24 distinct=25
124,63,0,0,-1,0,0,-,,,0,2.245,QUARANTINE:dark-lane range=19 distinct=20
125,0,0,5.81,1,2.57,383109,Y2,0.24/noise-like,0.00/noise-like,0,18.846,SPECTRAL-LINE
125,1,0,1.67,1,2.47,387847,Y4,,,0,18.385,clean
125,2,0,1.59,1,2.46,873238,Y4,,,0,17.785,clean
125,3,0,1.32,482,2.53,345737,Y4,,,0,17.254,clean
125,4,0,1.56,1,2.44,787854,Y4,,,0,17.130,clean
125,5,0,1.42,1,2.51,575334,Y4,,,0,17.429,clean
125,6,0,1.50,1,2.47,143319,Y4,,,0,17.633,clean
125,7,0,1.38,1,2.56,1435965,Y4,,,0,17.360,clean
125,8,0,1.47,1,2.47,1370341,Y4,,,0,16.908,clean
125,9,0,1.57,1,2.47,1339585,Y4,,,0,16.780,clean
125,10,0,1.64,1,2.28,658214,Y4,,,0,16.731,clean
125,11,0,1.46,1,2.49,1198143,Y2,,,0,16.768,clean
125,12,0,1.43,480,2.40,1081556,Y2,,,0,16.835,clean
125,13,0,1.70,1,2.20,1223266,Y4,,,0,16.497,clean
125,14,0,1.68,1,2.37,161469,Y4,,,0,15.780,clean
125,15,0,1.64,1,2.45,525355,Y4,,,0,15.372,clean
125,16,0,1.34,1576,2.51,1236230,Y2,,,0,15.545,clean
125,17,0,1.41,509,2.29,859201,Y4,,,0,15.908,clean
125,18,0,1.59,1,2.23,1369268,Y4,,,0,17.547,clean
125,19,0,1.54,1,2.61,525802,Y4,,,0,15.821,clean
125,20,0,1.60,1,2.40,85384,Y2,,,0,14.990,clean
125,21,0,1.69,1,2.31,1088977,Y2,,,0,14.364,clean
125,22,0,1.69,1,2.44,19222,Y2,,,0,14.278,clean
125,23,0,1.70,1,2.29,446588,Y4,,,0,14.846,clean
125,24,0,1.39,669,2.29,913203,Y2,,,0,15.749,clean
125,25,0,1.70,1,2.49,784457,Y4,,,0,15.942,clean
125,26,0,1.49,1,2.42,1054287,Y4,,,0,15.279,clean
125,27,0,1.49,1,2.63,331163,Y4,,,0,14.767,clean
125,28,0,1.61,1,2.85,39339,Y4,,,0,14.414,clean
125,29,0,1.56,1,2.34,1111597,Y2,,,0,14.551,clean
125,30,0,1.39,1,2.42,1311332,Y2,,,0,15.074,clean
125,31,0,1.38,1,3.16,87172,Y4,0.00/noise-like,0.00/noise-like,3,15.501,FAM-HIT
125,32,0,2.54,1,2.52,290930,Y2,0.24/noise-like,0.00/noise-like,0,15.047,hump-note
125,33,0,1.66,1,2.56,167906,Y4,,,0,14.063,clean
125,34,0,1.86,1,2.42,22352,Y4,,,0,13.535,clean
125,35,0,1.58,1,2.47,1248837,Y2,,,0,13.681,clean
125,36,0,1.46,1,2.40,640869,Y4,,,0,13.872,clean
125,37,0,1.63,1,2.33,1021028,Y2,,,0,13.828,clean
125,38,0,1.55,1,2.55,306755,Y4,,,0,13.614,clean
125,39,0,1.75,1,2.33,143230,Y4,,,0,13.169,clean
125,40,0,1.69,1,2.50,559509,Y2,,,0,12.669,clean
125,41,0,1.87,1,2.39,1061887,Y2,,,0,12.681,clean
125,42,0,1.67,1,2.30,1194119,Y2,,,0,13.030,clean
125,43,0,1.54,1,2.28,319183,Y4,,,0,13.249,clean
125,44,0,1.72,1,2.66,181139,Y4,,,0,12.911,clean
125,45,0,1.87,1,2.32,76354,Y2,,,0,12.375,clean
125,46,0,2.04,1,2.32,50783,Y4,,,0,12.180,clean
125,47,0,1.97,1,2.40,1288444,Y2,,,0,12.321,clean
125,48,0,2.68,1,2.54,427723,Y2,0.24/noise-like,0.24/noise-like,0,12.428,hump-note
125,49,0,2.12,1,2.51,308007,Y2,,,0,12.356,clean
125,50,0,2.18,1,2.51,48459,Y2,,,0,11.872,clean
125,51,0,2.10,1,2.37,528842,Y2,,,0,10.770,clean
125,52,0,2.23,1,2.57,916690,Y2,,,0,9.789,clean
125,53,0,2.68,1,2.24,175327,Y2,0.00/noise-like,0.00/noise-like,0,9.399,hump-note
125,54,0,2.47,1,2.38,333399,Y4,,,0,9.153,clean
125,55,0,2.68,1,2.27,520438,Y4,0.00/noise-like,0.00/noise-like,0,8.714,hump-note
125,56,0,3.63,1,2.36,737876,Y2,0.00/noise-like,0.24/noise-like,0,7.875,hump-note
125,57,0,0,-1,0,0,-,,,0,6.665,QUARANTINE:dark-lane range=62 distinct=57
125,58,0,0,-1,0,0,-,,,0,5.434,QUARANTINE:dark-lane range=45 distinct=46
125,59,0,0,-1,0,0,-,,,0,4.468,QUARANTINE:dark-lane range=39 distinct=39
125,60,0,0,-1,0,0,-,,,0,3.750,QUARANTINE:dark-lane range=31 distinct=32
125,61,0,0,-1,0,0,-,,,0,3.243,QUARANTINE:dark-lane range=30 distinct=31
125,62,0,0,-1,0,0,-,,,0,2.741,QUARANTINE:dark-lane range=24 distinct=25
125,63,0,0,-1,0,0,-,,,13,2.278,QUARANTINE:dark-lane range=19 distinct=20
126,0,0,5.42,1,2.38,1187146,Y4,0.00/noise-like,0.24/noise-like,0,18.866,SPECTRAL-LINE
126,1,0,1.42,1,2.39,46045,Y4,,,0,18.402,clean
126,2,0,1.46,1,2.37,181496,Y2,,,0,17.812,clean
126,3,0,1.40,1,2.52,972301,Y4,,,0,17.320,clean
126,4,0,1.55,1,2.25,411719,Y4,,,0,17.166,clean
126,5,0,1.39,1,2.21,8941,Y2,,,0,17.453,clean
126,6,0,1.47,590,2.30,776947,Y2,,,0,17.666,clean
126,7,0,1.59,1,2.44,1375169,Y2,,,0,17.355,clean
126,8,0,1.59,1,2.37,148773,Y4,,,0,16.928,clean
126,9,0,1.46,1,2.55,717133,Y4,,,0,16.790,clean
126,10,0,1.69,1,2.44,457853,Y2,,,0,16.746,clean
126,11,0,1.52,1,2.37,42200,Y4,,,0,16.772,clean
126,12,0,1.84,1,2.42,468761,Y4,,,0,16.870,clean
126,13,0,1.41,1,2.45,385970,Y2,,,0,16.520,clean
126,14,0,1.38,1,2.34,79662,Y4,,,0,15.831,clean
126,15,0,1.44,1,2.56,922948,Y4,,,0,15.421,clean
126,16,0,1.39,1,2.38,186235,Y2,,,0,15.570,clean
126,17,0,1.65,1,2.49,1167476,Y4,,,0,15.921,clean
126,18,0,1.64,535,2.69,137776,Y2,,,0,17.567,clean
126,19,0,1.52,1,2.36,485033,Y4,,,0,15.852,clean
126,20,0,1.59,1,2.32,323921,Y2,,,0,14.986,clean
126,21,0,1.60,1,2.50,179082,Y2,,,0,14.382,clean
126,22,0,1.79,1,2.49,76622,Y4,,,0,14.296,clean
126,23,0,1.69,1,2.35,443995,Y4,,,0,14.886,clean
126,24,0,1.63,1,2.50,160575,Y2,,,0,15.783,clean
126,25,0,1.44,1,2.45,821739,Y2,,,0,15.955,clean
126,26,0,1.71,1,2.63,1401454,Y4,,,0,15.321,clean
126,27,0,1.80,1,5.45,2056,Y4,0.00/noise-like,0.24/noise-like,4,14.797,FAM-HIT
126,28,0,1.81,1,2.44,734389,Y2,,,0,14.433,clean
126,29,0,1.60,1,2.49,1215577,Y4,,,0,14.593,clean
126,30,0,1.89,1,2.56,1000285,Y4,,,0,15.130,clean
126,31,0,1.59,1,2.75,1152009,Y4,,,0,15.526,clean
126,32,0,3.22,1,2.45,209481,Y4,0.00/noise-like,0.00/noise-like,0,15.060,hump-note
126,33,0,1.48,1,2.48,11355,Y2,,,0,14.088,clean
126,34,0,1.60,1,2.43,82165,Y2,,,0,13.550,clean
126,35,0,1.56,1,2.43,260174,Y2,,,0,13.683,clean
126,36,0,1.72,1,2.52,968277,Y2,,,0,13.888,clean
126,37,0,1.67,1,2.59,1425147,Y4,,,2,13.848,clean
126,38,0,1.64,1,2.31,193298,Y4,,,0,13.646,clean
126,39,0,1.64,1,2.48,300944,Y4,,,0,13.183,clean
126,40,0,1.79,1,2.27,78320,Y2,,,0,12.698,clean
126,41,0,1.63,1,2.38,1173735,Y4,,,0,12.695,clean
126,42,0,1.79,1,2.38,1026571,Y4,,,0,13.026,clean
126,43,0,1.68,1,2.37,422090,Y2,,,0,13.257,clean
126,44,0,1.65,1,2.50,946373,Y2,,,0,12.910,clean
126,45,0,1.80,1,2.22,98169,Y2,,,0,12.415,clean
126,46,0,1.87,1,2.53,1410127,Y4,,,0,12.205,clean
126,47,0,1.71,1,2.57,1423717,Y2,,,0,12.339,clean
126,48,0,2.59,1,2.50,673145,Y4,0.00/noise-like,0.24/noise-like,0,12.422,hump-note
126,49,0,1.91,1,2.31,433713,Y2,,,0,12.373,clean
126,50,0,1.68,1,2.36,267148,Y4,,,0,11.891,clean
126,51,0,2.15,1,2.39,378728,Y2,,,0,10.809,clean
126,52,0,2.53,1,2.60,111669,Y2,0.24/noise-like,0.00/noise-like,0,9.802,hump-note
126,53,0,2.41,1,2.63,59545,Y4,,,0,9.415,clean
126,54,0,2.46,1,2.31,845522,Y4,,,1,9.175,clean
126,55,0,2.68,1,2.24,4739,Y2,0.00/noise-like,0.00/noise-like,0,8.703,hump-note
126,56,0,3.02,1,2.38,506312,Y2,0.00/noise-like,0.00/noise-like,0,7.881,hump-note
126,57,0,0,-1,0,0,-,,,0,6.663,QUARANTINE:dark-lane range=57 distinct=58
126,58,0,0,-1,0,0,-,,,0,5.444,QUARANTINE:dark-lane range=47 distinct=46
126,59,0,0,-1,0,0,-,,,10,4.488,QUARANTINE:dark-lane range=39 distinct=38
126,60,0,0,-1,0,0,-,,,0,3.752,QUARANTINE:dark-lane range=33 distinct=34
126,61,0,0,-1,0,0,-,,,0,3.254,QUARANTINE:dark-lane range=28 distinct=29
126,62,0,0,-1,0,0,-,,,1,2.743,QUARANTINE:dark-lane range=31 distinct=27
126,63,0,0,-1,0,0,-,,,0,2.242,QUARANTINE:dark-lane range=30 distinct=24
127,0,0,5.66,1,2.28,1092017,Y2,0.00/noise-like,0.24/noise-like,0,18.879,SPECTRAL-LINE
127,1,0,1.66,1,2.68,1203597,Y4,,,0,18.367,clean
127,2,0,1.35,916,2.62,1176417,Y4,,,0,17.754,clean
127,3,0,1.38,794,2.47,266522,Y4,,,0,17.235,clean
127,4,0,1.39,1,2.57,472516,Y4,,,0,17.124,clean
127,5,0,1.46,1,2.35,224590,Y2,,,0,17.394,clean
127,6,0,1.54,1,2.39,1304179,Y2,,,0,17.670,clean
127,7,0,1.44,983,2.50,398129,Y2,,,0,17.361,clean
127,8,0,1.39,1,2.37,1105875,Y4,,,0,16.882,clean
127,9,0,1.38,426,2.29,360489,Y2,,,0,16.768,clean
127,10,0,1.53,1,2.32,1448125,Y4,,,0,16.708,clean
127,11,0,1.68,1,2.32,234604,Y4,,,0,16.745,clean
127,12,0,1.54,1,2.47,474930,Y2,,,0,16.844,clean
127,13,0,1.55,1,2.39,546008,Y4,,,0,16.511,clean
127,14,0,1.53,1,2.37,566036,Y2,,,0,15.792,clean
127,15,0,1.65,1,2.55,289589,Y2,,,0,15.398,clean
127,16,0,1.44,1,2.38,854284,Y2,,,0,15.519,clean
127,17,0,1.59,1,2.36,1274854,Y2,,,0,15.899,clean
127,18,0,1.56,1,2.91,1266092,Y2,,,0,17.536,clean
127,19,0,1.39,1,2.26,1183480,Y2,,,0,15.813,clean
127,20,0,1.63,1,2.53,186056,Y4,,,0,15.003,clean
127,21,0,1.79,1,2.32,1203418,Y2,,,0,14.344,clean
127,22,0,1.58,1,2.54,1383126,Y2,,,0,14.271,clean
127,23,0,1.75,1,2.27,541359,Y4,,,0,14.846,clean
127,24,0,1.70,1,2.38,449270,Y2,,,0,15.706,clean
127,25,0,1.62,1,2.45,752270,Y4,,,0,15.954,clean
127,26,0,1.58,1,2.50,1370877,Y4,,,0,15.275,clean
127,27,0,1.56,1,2.40,1352102,Y4,,,0,14.753,clean
127,28,0,1.58,1,2.45,921428,Y4,,,0,14.419,clean
127,29,0,1.55,1,2.45,342518,Y4,,,0,14.543,clean
127,30,0,1.47,1,2.51,371844,Y4,,,0,15.061,clean
127,31,0,1.80,1,2.89,1464844,Y4,,,0,15.461,clean
127,32,0,3.19,1,2.61,265181,Y2,0.00/noise-like,0.00/noise-like,0,15.027,hump-note
127,33,0,1.77,1,2.48,668854,Y2,,,0,14.054,clean
127,34,0,1.61,1,2.40,865549,Y4,,,0,13.553,clean
127,35,0,1.97,1,2.49,1198769,Y4,,,0,13.681,clean
127,36,0,1.64,1,2.26,528574,Y2,,,0,13.860,clean
127,37,0,1.94,1,2.28,161827,Y4,,,0,13.827,clean
127,38,0,1.84,1,2.45,1099616,Y4,,,0,13.674,clean
127,39,0,1.80,1,2.37,1285493,Y4,,,0,13.152,clean
127,40,0,1.92,1,2.41,44256,Y4,,,0,12.690,clean
127,41,0,1.89,1,2.50,120252,Y2,,,0,12.697,clean
127,42,0,1.70,1,2.28,1115710,Y4,,,0,13.030,clean
127,43,0,1.71,1,2.47,404656,Y4,,,0,13.236,clean
127,44,0,1.68,1,2.58,456333,Y4,,,0,12.924,clean
127,45,0,1.70,1,2.44,1307577,Y2,,,0,12.384,clean
127,46,0,2.12,1,2.42,1392782,Y2,,,0,12.205,clean
127,47,0,1.96,1,2.28,98616,Y2,,,0,12.328,clean
127,48,0,2.57,1,2.28,518829,Y2,0.00/noise-like,0.00/noise-like,0,12.425,hump-note
127,49,0,1.98,1,2.40,465542,Y4,,,0,12.374,clean
127,50,0,1.67,1,2.27,372380,Y2,,,0,11.895,clean
127,51,0,2.15,1,2.50,441760,Y4,,,0,10.787,clean
127,52,0,2.19,1,2.32,1282275,Y2,,,0,9.783,clean
127,53,0,2.67,1,2.55,655890,Y2,0.00/noise-like,0.00/noise-like,0,9.381,hump-note
127,54,0,2.64,1,2.97,1270741,Y4,0.00/noise-like,0.00/noise-like,0,9.154,hump-note
127,55,0,2.64,1,2.51,102907,Y2,0.00/noise-like,0.00/noise-like,0,8.686,hump-note
127,56,0,3.09,1,2.22,675112,Y2,0.00/noise-like,0.00/noise-like,0,7.886,hump-note
127,57,0,0,-1,0,0,-,,,0,6.659,QUARANTINE:dark-lane range=60 distinct=56
127,58,0,0,-1,0,0,-,,,0,5.443,QUARANTINE:dark-lane range=48 distinct=48
127,59,0,0,-1,0,0,-,,,0,4.469,QUARANTINE:dark-lane range=40 distinct=41
127,60,0,0,-1,0,0,-,,,0,3.750,QUARANTINE:dark-lane range=34 distinct=32
127,61,0,0,-1,0,0,-,,,0,3.249,QUARANTINE:dark-lane range=27 distinct=28
127,62,0,0,-1,0,0,-,,,0,2.737,QUARANTINE:dark-lane range=23 distinct=24
127,63,0,0,-1,0,0,-,,,0,2.242,QUARANTINE:dark-lane range=21 distinct=22
