block,chan,pol,spec_ratio,spec_bin,fam_best,fam_hz,fam_tag,vm_sign,vm_diff,spikes,rms,verdict
0,0,0,1.42,1254,2.64,973284,Y2,,,0,20.687,clean
0,1,0,1.42,1,2.28,1077354,Y2,,,0,19.563,clean
0,2,0,1.34,1643,2.35,1349688,Y2,,,0,18.619,clean
0,3,0,1.50,1,2.46,1121163,Y2,,,0,17.949,clean
0,4,0,1.32,870,2.46,818431,Y4,,,0,17.856,clean
0,5,0,1.52,1,2.35,761300,Y4,,,0,18.046,clean
0,6,0,1.47,1,2.25,128478,Y2,,,0,18.000,clean
0,7,0,1.59,1,2.33,347167,Y2,,,0,17.428,clean
0,8,0,1.50,1,2.39,250340,Y2,,,0,16.739,clean
0,9,0,1.39,444,2.68,220656,Y4,,,0,16.211,clean
0,10,0,1.56,1,2.36,586510,Y2,,,0,16.251,clean
0,11,0,1.81,1,2.22,765145,Y4,,,0,16.631,clean
0,12,0,1.45,357,2.38,285208,Y4,,,0,16.865,clean
0,13,0,1.63,1,2.26,300407,Y2,,,0,16.681,clean
0,14,0,1.44,1,2.41,1365870,Y4,,,0,16.223,clean
0,15,0,1.69,1,2.52,1157552,Y2,,,0,15.879,clean
0,16,0,1.44,1,2.54,178277,Y2,,,0,16.179,clean
0,17,0,1.57,1,2.28,87976,Y2,,,0,16.877,clean
0,18,0,1.78,653,2.43,162184,Y2,,,0,19.203,clean
0,19,0,1.57,1,2.41,943691,Y4,,,0,17.226,clean
0,20,0,1.60,1,2.45,770241,Y2,,,0,16.358,clean
0,21,0,1.40,1,2.34,1144946,Y4,,,0,15.642,clean
0,22,0,1.58,1,2.54,341445,Y2,,,0,15.403,clean
0,23,0,1.37,1,2.51,429600,Y2,,,0,15.759,clean
0,24,0,1.79,1,2.47,1277357,Y2,,,0,16.109,clean
0,25,0,2.26,204,2.53,32991,Y4,,,0,16.016,clean
0,26,0,1.46,1,2.31,634879,Y4,,,0,15.409,clean
0,27,0,1.89,1,2.41,77516,Y2,,,0,14.981,clean
0,28,0,1.73,1,2.42,536352,Y2,,,0,14.444,clean
0,29,0,1.68,1,2.37,1386344,Y4,,,0,14.644,clean
0,30,0,1.70,1,2.73,651777,Y4,,,0,15.031,clean
0,31,0,1.73,1,2.39,1035154,Y4,,,0,14.983,clean
0,32,0,1.37,1000,2.59,1351297,Y4,,,0,14.400,clean
0,33,0,1.53,1,2.34,321686,Y2,,,0,13.817,clean
0,34,0,1.69,1,2.37,1228094,Y4,,,0,13.627,clean
0,35,0,1.68,1,2.27,414848,Y2,,,0,14.015,clean
0,36,0,1.73,1,2.58,742525,Y4,,,0,14.546,clean
0,37,0,1.68,1,2.60,1072973,Y2,,,0,14.687,clean
0,38,0,1.54,1,2.27,496924,Y2,,,0,14.152,clean
0,39,0,1.96,1,2.42,16183,Y2,,,0,13.492,clean
0,40,0,1.65,1,2.62,1279593,Y4,,,0,13.196,clean
0,41,0,1.70,1,2.36,1464844,Y4,,,0,13.410,clean
0,42,0,1.87,1,2.33,282705,Y2,,,0,13.889,clean
0,43,0,1.64,1,2.32,1372486,Y2,,,0,14.109,clean
0,44,0,1.95,1,2.42,1102120,Y2,,,0,13.608,clean
0,45,0,1.82,1,2.43,614583,Y4,,,0,12.803,clean
0,46,0,1.93,1,2.52,842214,Y2,,,0,12.260,clean
0,47,0,1.97,1,2.48,314087,Y2,,,0,12.138,clean
0,48,0,1.82,1,2.75,762105,Y4,,,0,12.335,clean
0,49,0,1.90,1,2.48,66966,Y4,,,0,12.418,clean
0,50,0,2.02,1,2.30,529915,Y2,,,0,11.932,clean
0,51,0,2.14,1,2.36,732869,Y4,,,0,11.084,clean
0,52,0,2.41,1,2.36,80734,Y2,,,0,10.296,clean
0,53,0,2.42,1,2.40,1105428,Y2,,,0,9.746,clean
0,54,0,2.39,1,2.51,876009,Y2,,,0,9.361,clean
0,55,0,2.46,1,2.34,809133,Y4,,,0,8.875,clean
0,56,0,3.34,1,2.21,1205832,Y4,0.00/noise-like,0.00/noise-like,0,7.948,hump-note
0,57,0,0,-1,0,0,-,,,0,6.780,QUARANTINE:dark-lane range=60 distinct=59
0,58,0,0,-1,0,0,-,,,0,5.753,QUARANTINE:dark-lane range=49 distinct=50
0,59,0,0,-1,0,0,-,,,0,4.884,QUARANTINE:dark-lane range=43 distinct=43
0,60,0,0,-1,0,0,-,,,0,4.157,QUARANTINE:dark-lane range=37 distinct=37
0,61,0,0,-1,0,0,-,,,0,3.556,QUARANTINE:dark-lane range=33 distinct=33
0,62,0,0,-1,0,0,-,,,0,2.963,QUARANTINE:dark-lane range=24 distinct=25
0,63,0,0,-1,0,0,-,,,0,2.403,QUARANTINE:dark-lane range=19 distinct=20
1,0,0,1.39,627,2.53,83148,Y2,,,0,20.710,clean
1,1,0,1.43,1113,2.71,518739,Y2,,,0,19.551,clean
1,2,0,1.47,1643,2.31,1262337,Y4,,,0,18.553,clean
1,3,0,1.37,811,2.49,220746,Y4,,,0,17.928,clean
1,4,0,1.74,1,2.68,1304448,Y4,,,0,17.864,clean
1,5,0,1.54,1,2.47,370860,Y4,,,0,18.034,clean
1,6,0,1.33,1433,2.59,780344,Y4,,,0,17.945,clean
1,7,0,1.71,1,2.62,593930,Y4,,,0,17.417,clean
1,8,0,1.33,272,2.39,1084685,Y4,,,0,16.744,clean
1,9,0,1.53,1,2.46,1409858,Y2,,,0,16.232,clean
1,10,0,1.67,1,2.33,99957,Y2,,,0,16.233,clean
1,11,0,1.40,1251,2.53,745565,Y2,,,0,16.646,clean
1,12,0,1.58,1,2.28,1395196,Y4,,,0,16.877,clean
1,13,0,1.39,1,2.76,312030,Y2,,,0,16.692,clean
1,14,0,1.65,1,2.50,80824,Y4,,,0,16.217,clean
1,15,0,1.83,1,2.46,198483,Y4,,,0,15.917,clean
1,16,0,1.43,1423,2.48,1026660,Y4,,,0,16.177,clean
1,17,0,1.49,1,2.35,1162469,Y2,,,0,16.852,clean
1,18,0,1.74,730,2.48,982851,Y4,,,0,19.137,clean
1,19,0,1.42,158,2.44,80377,Y2,,,0,17.227,clean
1,20,0,1.63,1,2.44,706851,Y2,,,0,16.332,clean
1,21,0,1.63,1,2.47,755489,Y2,,,0,15.650,clean
1,22,0,1.79,1,2.40,336528,Y4,,,0,15.406,clean
1,23,0,1.67,1,2.43,317752,Y2,,,0,15.747,clean
1,24,0,1.66,1,2.30,573277,Y4,,,0,16.136,clean
1,25,0,2.30,204,2.37,628263,Y2,,,0,15.998,clean
1,26,0,1.39,1,2.76,889510,Y2,,,0,15.398,clean
1,27,0,1.65,615,2.40,542969,Y4,,,0,14.973,clean
1,28,0,1.67,1,2.73,105590,Y4,,,0,14.445,clean
1,29,0,1.60,1,2.50,392944,Y2,,,0,14.670,clean
1,30,0,1.79,1,2.40,719905,Y2,,,0,15.034,clean
1,31,0,1.88,1,2.44,848562,Y4,,,0,14.959,clean
1,32,0,1.36,367,2.44,413775,Y4,,,0,14.411,clean
1,33,0,1.89,1,2.40,714988,Y4,,,0,13.797,clean
1,34,0,1.87,1,2.30,171840,Y2,,,0,13.636,clean
1,35,0,1.84,1,2.53,834167,Y2,,,0,13.998,clean
1,36,0,1.73,1,2.29,91642,Y2,,,0,14.539,clean
1,37,0,1.55,1,2.33,1248658,Y2,,,0,14.619,clean
1,38,0,1.86,1,2.31,196874,Y2,,,0,14.159,clean
1,39,0,1.80,1,2.69,52214,Y4,,,0,13.501,clean
1,40,0,1.77,1,2.37,758708,Y2,,,0,13.193,clean
1,41,0,1.62,1,2.36,1349419,Y4,,,0,13.408,clean
1,42,0,1.97,1,2.41,977397,Y2,,,0,13.856,clean
1,43,0,1.84,1,2.31,1260191,Y4,,,0,14.089,clean
1,44,0,1.75,1,2.40,1248837,Y4,,,0,13.622,clean
1,45,0,1.70,1,2.51,326782,Y2,,,0,12.776,clean
1,46,0,1.93,1,2.27,250518,Y2,,,0,12.267,clean
1,47,0,1.89,1,2.30,1371771,Y2,,,0,12.139,clean
1,48,0,1.78,1,2.46,1397341,Y4,,,0,12.351,clean
1,49,0,1.86,1,2.45,419855,Y2,,,0,12.392,clean
1,50,0,1.97,1,2.63,1322865,Y2,,,0,11.942,clean
1,51,0,2.09,1,2.47,214845,Y4,,,0,11.089,clean
1,52,0,2.21,1,2.29,833452,Y4,,,0,10.288,clean
1,53,0,2.34,1,2.47,944674,Y4,,,0,9.718,clean
1,54,0,2.52,1,2.30,73940,Y4,0.00/noise-like,0.00/noise-like,0,9.360,hump-note
1,55,0,2.99,1,2.25,380158,Y2,0.00/noise-like,0.00/noise-like,0,8.898,hump-note
1,56,0,3.05,1,2.35,615031,Y2,0.00/noise-like,0.24/noise-like,0,7.939,hump-note
1,57,0,0,-1,0,0,-,,,0,6.777,QUARANTINE:dark-lane range=57 distinct=58
1,58,0,0,-1,0,0,-,,,0,5.741,QUARANTINE:dark-lane range=47 distinct=48
1,59,0,0,-1,0,0,-,,,0,4.875,QUARANTINE:dark-lane range=46 distinct=44
1,60,0,0,-1,0,0,-,,,0,4.155,QUARANTINE:dark-lane range=35 distinct=36
1,61,0,0,-1,0,0,-,,,0,3.555,QUARANTINE:dark-lane range=30 distinct=31
1,62,0,0,-1,0,0,-,,,0,2.953,QUARANTINE:dark-lane range=26 distinct=27
1,63,0,0,-1,0,0,-,,,0,2.400,QUARANTINE:dark-lane range=23 distinct=23
2,0,0,1.39,750,2.33,108361,Y2,,,0,20.694,clean
2,1,0,1.42,285,2.37,292987,Y2,,,0,19.603,clean
2,2,0,1.41,981,2.36,1438737,Y4,,,0,18.581,clean
2,3,0,1.41,805,2.41,944227,Y4,,,0,17.956,clean
2,4,0,1.57,1,2.37,724375,Y2,,,0,17.793,clean
2,5,0,1.51,1,2.32,686467,Y4,,,0,18.049,clean
2,6,0,1.60,1478,2.42,161290,Y2,,,0,17.964,clean
2,7,0,1.41,1,2.40,3755,Y2,,,0,17.437,clean
2,8,0,1.42,1,2.49,846595,Y2,,,0,16.730,clean
2,9,0,1.43,1,2.33,1129478,Y4,,,0,16.236,clean
2,10,0,1.61,1,2.35,59634,Y2,,,0,16.242,clean
2,11,0,1.46,1,2.32,623971,Y4,,,0,16.657,clean
2,12,0,1.49,1,2.33,1414508,Y4,,,0,16.869,clean
2,13,0,1.38,80,2.28,971138,Y2,,,0,16.716,clean
2,14,0,1.62,1,2.43,1003414,Y4,,,0,16.192,clean
2,15,0,1.62,1,2.38,135273,Y2,,,0,15.921,clean
2,16,0,1.51,1,2.48,130713,Y2,,,0,16.193,clean
2,17,0,1.31,132,2.40,246406,Y4,,,0,16.881,clean
2,18,0,1.54,771,2.45,373453,Y4,,,0,19.190,clean
2,19,0,1.49,1,2.69,780791,Y2,,,0,17.244,clean
2,20,0,1.61,1,2.52,540644,Y4,,,0,16.330,clean
2,21,0,1.41,1189,2.57,601441,Y4,,,0,15.633,clean
2,22,0,1.63,1,2.25,430763,Y4,,,0,15.393,clean
2,23,0,1.69,1,2.56,1192421,Y4,,,0,15.744,clean
2,24,0,1.45,1,2.34,96649,Y4,,,0,16.130,clean
2,25,0,2.11,204,2.31,891566,Y2,,,0,16.007,clean
2,26,0,1.56,1,2.35,153601,Y4,,,0,15.382,clean
2,27,0,1.85,632,2.37,1184464,Y2,,,0,14.955,clean
2,28,0,1.68,1,2.32,981152,Y4,,,0,14.462,clean
2,29,0,1.66,1,2.29,888079,Y2,,,0,14.673,clean
2,30,0,1.50,1,2.32,900328,Y2,,,0,15.004,clean
2,31,0,1.62,1,2.57,23872,Y4,,,0,14.991,clean
2,32,0,1.55,291,2.37,349581,Y4,,,0,14.426,clean
2,33,0,1.73,1,2.30,492275,Y4,,,0,13.797,clean
2,34,0,1.67,1,2.36,260711,Y4,,,0,13.645,clean
2,35,0,1.88,1,2.32,563353,Y4,,,0,14.001,clean
2,36,0,1.55,1,2.25,1009852,Y2,,,0,14.558,clean
2,37,0,1.69,1,2.34,488788,Y2,,,0,14.682,clean
2,38,0,1.61,1,2.33,397593,Y2,,,0,14.195,clean
2,39,0,1.96,1,2.31,561476,Y4,,,0,13.500,clean
2,40,0,1.96,1,2.54,183821,Y4,,,0,13.171,clean
2,41,0,1.65,1,2.30,901580,Y2,,,0,13.414,clean
2,42,0,1.59,1,2.55,1364529,Y2,,,0,13.878,clean
2,43,0,1.99,1,2.21,1211643,Y4,,,0,14.090,clean
2,44,0,1.64,1,2.49,292361,Y4,,,0,13.610,clean
2,45,0,1.92,1,2.76,251949,Y2,,,0,12.805,clean
2,46,0,1.62,1,2.48,922859,Y4,,,0,12.279,clean
2,47,0,1.80,1,2.47,611186,Y2,,,0,12.143,clean
2,48,0,1.50,1,2.53,901401,Y4,,,0,12.317,clean
2,49,0,2.08,1,2.43,341356,Y2,,,0,12.395,clean
2,50,0,1.99,1,2.52,1062512,Y4,,,0,11.920,clean
2,51,0,2.10,1,2.30,189543,Y4,,,0,11.090,clean
2,52,0,2.20,1,2.20,592232,Y2,,,0,10.296,clean
2,53,0,2.24,1,2.30,1412541,Y4,,,0,9.729,clean
2,54,0,2.45,1,2.34,306398,Y2,,,0,9.367,clean
2,55,0,2.90,1,2.24,938505,Y2,0.00/noise-like,0.24/noise-like,0,8.868,hump-note
2,56,0,2.92,1,2.29,1053751,Y2,0.00/noise-like,0.24/noise-like,0,7.948,hump-note
2,57,0,0,-1,0,0,-,,,0,6.793,QUARANTINE:dark-lane range=57 distinct=57
2,58,0,0,-1,0,0,-,,,0,5.742,QUARANTINE:dark-lane range=52 distinct=48
2,59,0,0,-1,0,0,-,,,0,4.875,QUARANTINE:dark-lane range=42 distinct=43
2,60,0,0,-1,0,0,-,,,0,4.168,QUARANTINE:dark-lane range=35 distinct=36
2,61,0,0,-1,0,0,-,,,0,3.558,QUARANTINE:dark-lane range=29 distinct=30
2,62,0,0,-1,0,0,-,,,0,2.958,QUARANTINE:dark-lane range=27 distinct=27
2,63,0,0,-1,0,0,-,,,0,2.395,QUARANTINE:dark-lane range=20 distinct=21
3,0,0,1.43,555,2.41,1116693,Y2,,,0,20.685,clean
3,1,0,1.41,960,2.39,858486,Y4,,,0,19.579,clean
3,2,0,1.37,298,2.29,632644,Y2,,,0,18.559,clean
3,3,0,1.52,1,2.43,131965,Y4,,,0,17.970,clean
3,4,0,1.36,1381,2.37,850439,Y4,,,0,17.843,clean
3,5,0,1.53,1,2.52,1163363,Y4,,,0,18.020,clean
3,6,0,1.66,1,2.44,916600,Y2,,,0,17.961,clean
3,7,0,1.33,1016,2.47,777662,Y4,,,0,17.424,clean
3,8,0,1.49,1,2.37,1142800,Y4,,,0,16.775,clean
3,9,0,1.67,1,2.27,408947,Y2,,,0,16.242,clean
3,10,0,1.47,1,2.63,1017630,Y2,,,0,16.235,clean
3,11,0,1.32,1360,2.52,730097,Y4,,,0,16.639,clean
3,12,0,1.49,1,2.28,912488,Y2,,,0,16.905,clean
3,13,0,1.37,16,2.63,40501,Y4,,,0,16.704,clean
3,14,0,1.39,1371,2.27,1335025,Y4,,,0,16.213,clean
3,15,0,1.55,1,2.34,1317322,Y4,,,0,15.923,clean
3,16,0,1.53,1,2.35,1036763,Y2,,,0,16.196,clean
3,17,0,1.70,1,2.52,279129,Y4,,,0,16.873,clean
3,18,0,1.57,785,2.61,393033,Y2,,,0,19.192,clean
3,19,0,1.38,46,2.45,1391798,Y4,,,0,17.238,clean
3,20,0,1.39,1,2.53,1037121,Y2,,,0,16.376,clean
3,21,0,1.45,1370,2.49,166118,Y4,,,0,15.653,clean
3,22,0,1.74,1,2.73,519991,Y4,,,0,15.447,clean
3,23,0,1.56,1,2.63,49442,Y2,,,0,15.759,clean
3,24,0,1.52,1,2.47,1459032,Y4,,,0,16.138,clean
3,25,0,2.11,204,2.48,467598,Y4,,,0,16.007,clean
3,26,0,1.40,1,2.30,1003861,Y2,,,0,15.404,clean
3,27,0,1.81,1,2.36,1457155,Y4,,,0,14.955,clean
3,28,0,1.64,1,2.35,488251,Y4,,,0,14.422,clean
3,29,0,1.62,1,2.29,106663,Y4,,,0,14.658,clean
3,30,0,1.45,1,2.47,860542,Y2,,,0,15.031,clean
3,31,0,1.80,1,2.42,1000017,Y2,,,0,14.984,clean
3,32,0,1.35,1210,2.48,1312405,Y4,,,0,14.396,clean
3,33,0,1.65,1,2.29,17077,Y2,,,0,13.809,clean
3,34,0,1.77,1,2.32,167638,Y2,,,0,13.633,clean
3,35,0,1.82,1,2.38,429779,Y2,,,0,14.010,clean
3,36,0,1.68,1,2.49,1376778,Y4,,,0,14.564,clean
3,37,0,1.45,1,2.53,357896,Y2,,,0,14.681,clean
3,38,0,1.62,1,2.35,1146376,Y2,,,0,14.166,clean
3,39,0,1.69,1,2.54,1053661,Y2,,,0,13.491,clean
3,40,0,1.76,1,2.25,95040,Y4,,,0,13.186,clean
3,41,0,1.89,1,2.54,964522,Y4,,,0,13.388,clean
3,42,0,1.99,1,2.39,1227826,Y2,,,0,13.878,clean
3,43,0,1.69,1,2.30,101477,Y2,,,0,14.127,clean
3,44,0,1.71,1,2.40,1609,Y4,,,0,13.634,clean
3,45,0,1.80,1,2.55,1154423,Y4,,,0,12.802,clean
3,46,0,1.93,1,2.36,1027912,Y4,,,0,12.288,clean
3,47,0,1.79,1,2.47,664741,Y2,,,0,12.133,clean
3,48,0,1.88,1,2.45,28878,Y2,,,0,12.319,clean
3,49,0,1.75,1,2.66,144571,Y4,,,0,12.404,clean
3,50,0,1.79,1,2.52,936359,Y2,,,0,11.938,clean
3,51,0,2.36,1,2.40,196874,Y4,,,0,11.081,clean
3,52,0,2.16,1,2.55,201076,Y2,,,0,10.302,clean
3,53,0,2.46,1,2.32,490308,Y2,,,0,9.709,clean
3,54,0,2.35,1,2.55,26643,Y2,,,0,9.372,clean
3,55,0,2.53,1,2.31,41753,Y4,0.00/noise-like,0.24/noise-like,0,8.861,hump-note
3,56,0,3.24,1,2.45,904620,Y4,0.00/noise-like,0.00/noise-like,0,7.951,hump-note
3,57,0,0,-1,0,0,-,,,0,6.792,QUARANTINE:dark-lane range=59 distinct=60
3,58,0,0,-1,0,0,-,,,0,5.743,QUARANTINE:dark-lane range=49 distinct=50
3,59,0,0,-1,0,0,-,,,0,4.877,QUARANTINE:dark-lane range=44 distinct=44
3,60,0,0,-1,0,0,-,,,0,4.164,QUARANTINE:dark-lane range=37 distinct=37
3,61,0,0,-1,0,0,-,,,0,3.565,QUARANTINE:dark-lane range=30 distinct=31
3,62,0,0,-1,0,0,-,,,0,2.955,QUARANTINE:dark-lane range=27 distinct=28
3,63,0,0,-1,0,0,-,,,0,2.396,QUARANTINE:dark-lane range=21 distinct=22
4,0,0,1.37,1229,2.42,1165777,Y2,,,0,20.769,clean
4,1,0,1.49,1,2.35,89496,Y2,,,0,19.559,clean
4,2,0,1.48,1,2.41,477880,Y2,,,0,18.574,clean
4,3,0,1.64,1,2.45,1126885,Y2,,,0,18.011,clean
4,4,0,1.41,1,2.41,272691,Y4,,,0,17.859,clean
4,5,0,1.48,1,2.23,98437,Y2,,,0,18.029,clean
4,6,0,1.75,1478,2.28,488073,Y2,,,0,18.015,clean
4,7,0,1.50,1,2.47,335813,Y2,,,0,17.429,clean
4,8,0,1.45,1,2.29,149578,Y2,,,0,16.746,clean
4,9,0,1.58,1,2.48,865728,Y2,,,0,16.254,clean
4,10,0,1.38,1,2.29,1343340,Y2,,,0,16.239,clean
4,11,0,1.50,1,2.36,73940,Y4,,,0,16.598,clean
4,12,0,1.53,1,2.45,513643,Y4,,,0,16.861,clean
4,13,0,1.40,1,2.26,1463056,Y2,,,0,16.736,clean
4,14,0,1.61,1,2.47,381410,Y4,,,0,16.222,clean
4,15,0,1.61,1,2.28,128210,Y2,,,0,15.915,clean
4,16,0,1.63,1,2.40,345737,Y2,,,0,16.181,clean
4,17,0,1.46,1,2.31,1224875,Y2,,,0,16.861,clean
4,18,0,1.60,726,2.60,167370,Y2,,,0,19.192,clean
4,19,0,1.52,1,2.72,45508,Y2,,,0,17.230,clean
4,20,0,1.58,1,2.60,243902,Y2,,,0,16.337,clean
4,21,0,1.46,1,2.47,130355,Y2,,,0,15.632,clean
4,22,0,1.65,1,2.56,1278967,Y4,,,0,15.413,clean
4,23,0,1.64,1,2.37,635415,Y2,,,0,15.777,clean
4,24,0,1.57,1,2.40,1458675,Y2,,,0,16.153,clean
4,25,0,2.22,204,3.44,81182,Y4,0.00/noise-like,0.00/noise-like,2,16.018,FAM-HIT
4,26,0,1.66,1,2.44,115156,Y2,,,0,15.396,clean
4,27,0,1.91,1,2.23,1376152,Y2,,,0,14.964,clean
4,28,0,1.36,1,2.57,519454,Y4,,,0,14.446,clean
4,29,0,1.69,1,2.61,180066,Y4,,,0,14.657,clean
4,30,0,1.67,1,2.79,43988,Y2,,,0,15.035,clean
4,31,0,1.77,1,2.41,227720,Y4,,,0,15.008,clean
4,32,0,1.38,936,2.44,1452059,Y2,,,0,14.390,clean
4,33,0,1.77,1,2.67,1226753,Y2,,,0,13.799,clean
4,34,0,1.63,1,2.33,630051,Y2,,,0,13.649,clean
4,35,0,1.98,1,2.37,956565,Y2,,,0,13.993,clean
4,36,0,1.72,1,2.31,9477,Y2,,,0,14.538,clean
4,37,0,1.84,1,2.43,792503,Y2,,,1,14.664,clean
4,38,0,1.51,1,2.37,351459,Y4,,,0,14.189,clean
4,39,0,1.43,1,2.55,1106590,Y2,,,0,13.516,clean
4,40,0,1.80,1,2.31,275373,Y4,,,0,13.201,clean
4,41,0,1.82,1,2.31,435412,Y4,,,0,13.413,clean
4,42,0,1.87,1,2.56,1068056,Y2,,,0,13.897,clean
4,43,0,1.73,1,2.38,1277089,Y4,,,0,14.141,clean
4,44,0,1.81,1,2.58,634432,Y4,,,0,13.632,clean
4,45,0,1.91,1,2.38,196427,Y2,,,0,12.816,clean
4,46,0,2.14,1,2.38,1464844,Y4,,,0,12.241,clean
4,47,0,1.92,1,2.42,689596,Y2,,,0,12.147,clean
4,48,0,1.86,1,2.55,347793,Y4,,,0,12.330,clean
4,49,0,2.13,1,2.30,306398,Y2,,,0,12.418,clean
4,50,0,1.84,1,2.72,1354784,Y4,,,0,11.921,clean
4,51,0,1.94,1,2.39,148952,Y2,,,0,11.101,clean
4,52,0,2.70,1,2.42,1451254,Y2,0.00/noise-like,0.00/noise-like,0,10.299,hump-note
4,53,0,2.42,1,2.61,879228,Y2,,,0,9.728,clean
4,54,0,2.71,1,2.32,904262,Y2,0.00/noise-like,0.00/noise-like,0,9.365,hump-note
4,55,0,2.80,1,2.30,1237214,Y4,0.00/noise-like,0.24/noise-like,0,8.853,hump-note
4,56,0,3.17,1,2.49,1252681,Y4,0.00/noise-like,0.24/noise-like,0,7.955,hump-note
4,57,0,0,-1,0,0,-,,,11,6.825,QUARANTINE:dark-lane range=58 distinct=57
4,58,0,0,-1,0,0,-,,,0,5.747,QUARANTINE:dark-lane range=50 distinct=48
4,59,0,0,-1,0,0,-,,,0,4.898,QUARANTINE:dark-lane range=41 distinct=42
4,60,0,0,-1,0,0,-,,,0,4.164,QUARANTINE:dark-lane range=36 distinct=37
4,61,0,0,-1,0,0,-,,,0,3.559,QUARANTINE:dark-lane range=28 distinct=29
4,62,0,0,-1,0,0,-,,,0,2.961,QUARANTINE:dark-lane range=27 distinct=27
4,63,0,0,-1,0,0,-,,,0,2.399,QUARANTINE:dark-lane range=20 distinct=21
5,0,0,1.35,437,2.44,167370,Y4,,,0,20.701,clean
5,1,0,1.58,1,2.49,588477,Y2,,,0,19.626,clean
5,2,0,1.37,1643,2.31,1376599,Y4,,,0,18.590,clean
5,3,0,1.43,1,2.36,353336,Y2,,,0,17.926,clean
5,4,0,1.46,1,2.52,1252323,Y2,,,0,17.859,clean
5,5,0,1.75,1,2.29,433534,Y2,,,0,18.019,clean
5,6,0,1.59,1478,2.38,1227558,Y2,,,0,18.017,clean
5,7,0,1.48,1,2.34,267595,Y4,,,0,17.441,clean
5,8,0,1.42,1,2.29,309527,Y4,,,0,16.748,clean
5,9,0,1.37,588,2.36,241935,Y2,,,0,16.233,clean
5,10,0,1.64,1,3.09,1368999,Y4,0.00/noise-like,0.00/noise-like,0,16.207,FAM-HIT
5,11,0,1.60,1,2.52,991881,Y4,,,0,16.627,clean
5,12,0,1.35,1,2.51,800818,Y4,,,0,16.907,clean
5,13,0,1.57,1,2.29,1098275,Y4,,,0,16.663,clean
5,14,0,1.65,1,2.38,710160,Y4,,,0,16.186,clean
5,15,0,1.57,1,2.39,1015484,Y4,,,0,15.921,clean
5,16,0,1.69,1,2.56,1298904,Y4,,,0,16.187,clean
5,17,0,1.75,1,2.41,709176,Y4,,,0,16.867,clean
5,18,0,1.55,704,2.39,199020,Y2,,,0,19.209,clean
5,19,0,1.46,1,2.47,772119,Y2,,,0,17.233,clean
5,20,0,1.49,1,2.50,1372665,Y4,,,0,16.371,clean
5,21,0,1.50,1,2.34,1342356,Y4,,,0,15.625,clean
5,22,0,1.63,1,2.66,645787,Y4,,,0,15.388,clean
5,23,0,1.59,1,2.42,1120448,Y4,,,0,15.742,clean
5,24,0,1.44,1,2.41,513643,Y2,,,0,16.119,clean
5,25,0,2.23,204,8.78,1788,Y4,0.24/noise-like,0.24/noise-like,9,16.029,FAM-HIT
5,26,0,1.62,1,2.65,427902,Y2,,,0,15.378,clean
5,27,0,1.65,601,2.49,873238,Y2,,,0,14.981,clean
5,28,0,1.66,1,2.41,1120716,Y2,,,0,14.463,clean
5,29,0,1.42,1,2.41,1520,Y2,,,0,14.680,clean
5,30,0,1.61,1,2.27,730813,Y2,,,0,15.034,clean
5,31,0,1.72,1,2.52,794470,Y2,,,0,14.969,clean
5,32,0,1.33,531,2.40,620663,Y4,,,0,14.423,clean
5,33,0,1.69,1,2.40,468582,Y4,,,0,13.814,clean
5,34,0,1.79,1,2.37,1120359,Y4,,,0,13.638,clean
5,35,0,1.73,1,2.44,1345038,Y4,,,0,14.008,clean
5,36,0,1.40,1,2.50,1371145,Y4,,,0,14.538,clean
5,37,0,1.68,1,2.39,1264483,Y4,,,0,14.667,clean
5,38,0,1.66,1,2.56,118375,Y4,,,0,14.188,clean
5,39,0,2.01,1,2.16,1182675,Y2,,,0,13.523,clean
5,40,0,1.66,1,2.36,813246,Y2,,,0,13.197,clean
5,41,0,1.87,1,2.44,519186,Y2,,,0,13.427,clean
5,42,0,1.64,1,2.20,1309812,Y2,,,0,13.879,clean
5,43,0,1.86,1,2.41,902295,Y2,,,0,14.143,clean
5,44,0,1.55,1,2.62,1326978,Y4,,,0,13.621,clean
5,45,0,1.85,1,2.50,905961,Y2,,,0,12.785,clean
5,46,0,1.60,1,2.46,237912,Y4,,,0,12.253,clean
5,47,0,2.21,1,2.40,402600,Y2,,,0,12.141,clean
5,48,0,1.62,1,2.42,635505,Y4,,,0,12.347,clean
5,49,0,1.91,1,2.43,34422,Y4,,,0,12.420,clean
5,50,0,1.86,1,2.59,532418,Y2,,,0,11.930,clean
5,51,0,2.00,1,2.48,1259744,Y2,,,0,11.072,clean
5,52,0,2.00,1,2.40,950932,Y2,,,0,10.297,clean
5,53,0,2.46,1,2.33,243276,Y4,,,0,9.727,clean
5,54,0,2.45,1,2.36,308543,Y2,,,0,9.371,clean
5,55,0,2.70,1,2.42,1354694,Y4,0.00/noise-like,0.00/noise-like,0,8.878,hump-note
5,56,0,3.23,1,2.47,19222,Y4,0.00/noise-like,0.00/noise-like,0,7.951,hump-note
5,57,0,0,-1,0,0,-,,,14,6.803,QUARANTINE:dark-lane range=57 distinct=57
5,58,0,0,-1,0,0,-,,,0,5.743,QUARANTINE:dark-lane range=53 distinct=51
5,59,0,0,-1,0,0,-,,,0,4.874,QUARANTINE:dark-lane range=44 distinct=44
5,60,0,0,-1,0,0,-,,,0,4.170,QUARANTINE:dark-lane range=39 distinct=38
5,61,0,0,-1,0,0,-,,,0,3.552,QUARANTINE:dark-lane range=29 distinct=30
5,62,0,0,-1,0,0,-,,,0,2.960,QUARANTINE:dark-lane range=26 distinct=27
5,63,0,0,-1,0,0,-,,,0,2.403,QUARANTINE:dark-lane range=20 distinct=21
6,0,0,1.34,788,2.39,308812,Y4,,,0,20.718,clean
6,1,0,1.34,1,2.80,881106,Y4,,,0,19.564,clean
6,2,0,1.45,1,2.59,1411647,Y4,,,0,18.554,clean
6,3,0,1.53,1,2.29,787050,Y2,,,0,17.966,clean
6,4,0,1.48,1,2.47,1253128,Y2,,,0,17.834,clean
6,5,0,1.70,1,2.31,671178,Y4,,,0,18.014,clean
6,6,0,1.65,1,2.32,1325727,Y2,,,0,17.970,clean
6,7,0,1.34,798,2.34,607073,Y2,,,0,17.437,clean
6,8,0,1.41,1,2.68,787675,Y2,,,0,16.765,clean
6,9,0,1.50,1,2.36,103980,Y4,,,0,16.249,clean
6,10,0,1.40,1,2.59,853837,Y4,,,0,16.259,clean
6,11,0,1.35,1,2.82,378370,Y4,,,0,16.616,clean
6,12,0,1.53,1,2.42,908643,Y4,,,0,16.868,clean
6,13,0,1.53,1,2.48,1077622,Y2,,,0,16.715,clean
6,14,0,1.67,1,2.53,162274,Y2,,,0,16.215,clean
6,15,0,1.57,1,2.41,687808,Y4,,,0,15.888,clean
6,16,0,1.40,1,2.29,314444,Y4,,,0,16.187,clean
6,17,0,1.66,1,2.37,1432121,Y4,,,0,16.868,clean
6,18,0,1.57,777,2.44,30667,Y4,,,0,19.176,clean
6,19,0,1.43,1,2.58,1417637,Y4,,,0,17.263,clean
6,20,0,1.59,1,2.96,143141,Y4,,,0,16.345,clean
6,21,0,1.46,1,2.35,365496,Y2,,,0,15.656,clean
6,22,0,1.65,1,2.46,1464844,Y2,,,0,15.395,clean
6,23,0,1.57,1,2.37,717133,Y2,,,0,15.713,clean
6,24,0,1.51,1,2.33,455886,Y4,,,0,16.134,clean
6,25,0,1.70,204,3.17,79483,Y4,0.00/noise-like,0.24/noise-like,3,16.013,FAM-HIT
6,26,0,1.72,1,2.29,1229435,Y4,,,0,15.393,clean
6,27,0,1.79,1,2.34,1051247,Y4,,,0,14.939,clean
6,28,0,1.45,1,2.39,514001,Y4,,,0,14.441,clean
6,29,0,1.51,1,2.21,32276,Y4,,,0,14.680,clean
6,30,0,1.52,1,2.50,886559,Y4,,,0,15.015,clean
6,31,0,1.50,1,2.51,141978,Y4,,,0,14.954,clean
6,32,0,1.39,20,2.23,991523,Y2,,,0,14.416,clean
6,33,0,1.74,1,2.45,1241326,Y2,,,0,13.822,clean
6,34,0,1.86,1,2.48,550568,Y4,,,0,13.654,clean
6,35,0,1.67,1,2.56,736892,Y2,,,0,14.032,clean
6,36,0,1.85,1,2.47,393122,Y2,,,0,14.559,clean
6,37,0,1.64,1,2.60,316232,Y2,,,0,14.649,clean
6,38,0,1.68,1,2.37,1449287,Y4,,,0,14.184,clean
6,39,0,1.54,1,2.52,1079857,Y4,,,0,13.513,clean
6,40,0,1.72,1,2.34,576764,Y4,,,0,13.195,clean
6,41,0,1.73,1,2.35,1251966,Y4,,,0,13.409,clean
6,42,0,1.83,1,2.28,567377,Y4,,,0,13.873,clean
6,43,0,1.45,1,2.52,1276821,Y2,,,0,14.133,clean
6,44,0,1.73,1,2.46,927508,Y2,,,0,13.616,clean
6,45,0,1.78,1,2.48,969529,Y4,,,0,12.800,clean
6,46,0,1.91,1,2.44,479579,Y2,,,0,12.281,clean
6,47,0,1.98,1,2.28,1404136,Y2,,,0,12.153,clean
6,48,0,1.77,1,2.34,348687,Y2,,,0,12.351,clean
6,49,0,1.96,1,2.58,197679,Y4,,,0,12.396,clean
6,50,0,1.79,1,2.35,878781,Y4,,,0,11.919,clean
6,51,0,2.10,1,2.23,245601,Y2,,,0,11.095,clean
6,52,0,2.30,1,2.42,1286566,Y4,,,0,10.288,clean
6,53,0,2.57,1,2.37,482351,Y4,0.00/noise-like,0.00/noise-like,0,9.759,hump-note
6,54,0,2.72,1,2.54,118017,Y2,0.00/noise-like,0.24/noise-like,0,9.355,hump-note
6,55,0,2.72,1,2.50,1131982,Y2,0.00/noise-like,0.00/noise-like,0,8.861,hump-note
6,56,0,3.09,1,2.48,90301,Y2,0.00/noise-like,0.00/noise-like,0,7.943,hump-note
6,57,0,0,-1,0,0,-,,,4,6.795,QUARANTINE:dark-lane range=65 distinct=58
6,58,0,0,-1,0,0,-,,,0,5.733,QUARANTINE:dark-lane range=50 distinct=50
6,59,0,0,-1,0,0,-,,,0,4.876,QUARANTINE:dark-lane range=41 distinct=42
6,60,0,0,-1,0,0,-,,,0,4.165,QUARANTINE:dark-lane range=41 distinct=38
6,61,0,0,-1,0,0,-,,,0,3.557,QUARANTINE:dark-lane range=29 distinct=30
6,62,0,0,-1,0,0,-,,,0,2.961,QUARANTINE:dark-lane range=25 distinct=26
6,63,0,0,-1,0,0,-,,,0,2.399,QUARANTINE:dark-lane range=19 distinct=20
7,0,0,1.41,882,2.55,92715,Y4,,,0,20.708,clean
7,1,0,1.49,1,2.27,773370,Y2,,,0,19.597,clean
7,2,0,1.33,597,2.65,400364,Y2,,,0,18.543,clean
7,3,0,1.66,1,2.62,128835,Y2,,,0,17.962,clean
7,4,0,1.67,1,2.56,560582,Y2,,,0,17.857,clean
7,5,0,1.41,1393,2.26,385433,Y4,,,0,18.047,clean
7,6,0,1.58,1,2.42,938505,Y4,,,0,17.958,clean
7,7,0,1.50,1,2.41,332862,Y4,,,0,17.449,clean
7,8,0,1.54,1,2.47,570148,Y2,,,0,16.732,clean
7,9,0,1.64,1,2.54,693172,Y4,,,0,16.242,clean
7,10,0,1.41,234,2.43,1346648,Y2,,,0,16.259,clean
7,11,0,1.48,1,2.46,531077,Y2,,,0,16.598,clean
7,12,0,1.38,1,2.50,185162,Y2,,,0,16.869,clean
7,13,0,1.36,527,2.47,317395,Y4,,,0,16.674,clean
7,14,0,1.36,133,2.36,1402438,Y4,,,0,16.213,clean
7,15,0,1.59,1,2.62,760853,Y4,,,0,15.894,clean
7,16,0,1.80,1,2.27,923663,Y2,,,0,16.183,clean
7,17,0,1.53,1,2.68,698537,Y4,,,0,16.876,clean
7,18,0,1.53,768,2.38,1283169,Y4,,,0,19.182,clean
7,19,0,1.54,1,2.46,581771,Y2,,,0,17.224,clean
7,20,0,1.46,1,2.17,437379,Y2,,,0,16.356,clean
7,21,0,1.47,1,2.29,373006,Y2,,,0,15.632,clean
7,22,0,1.71,1,2.47,599205,Y4,,,0,15.410,clean
7,23,0,1.47,1,2.41,1126975,Y4,,,0,15.740,clean
7,24,0,1.43,1,2.50,36836,Y2,,,0,16.147,clean
7,25,0,1.96,204,2.32,1173198,Y4,,,0,16.030,clean
7,26,0,1.36,386,2.45,1313567,Y4,,,0,15.402,clean
7,27,0,1.79,623,2.39,1258045,Y4,,,0,14.970,clean
7,28,0,1.37,116,2.45,1407802,Y4,,,0,14.456,clean
7,29,0,1.50,1,2.36,2861,Y2,,,0,14.660,clean
7,30,0,1.69,1,2.68,1269579,Y4,,,0,15.009,clean
7,31,0,1.69,1,2.54,1176238,Y4,,,0,14.951,clean
7,32,0,1.34,1171,2.36,151813,Y4,,,0,14.426,clean
7,33,0,1.86,1,2.35,772119,Y4,,,0,13.806,clean
7,34,0,1.96,1,2.45,807613,Y4,,,0,13.645,clean
7,35,0,1.72,1,2.43,1127064,Y2,,,0,14.028,clean
7,36,0,1.59,1,2.47,886381,Y4,,,0,14.548,clean
7,37,0,1.68,1,2.57,128210,Y4,,,0,14.667,clean
7,38,0,1.88,1,2.28,918657,Y4,,,0,14.175,clean
7,39,0,1.74,1,2.90,73135,Y4,,,0,13.523,clean
7,40,0,1.84,1,2.40,659019,Y4,,,0,13.196,clean
7,41,0,1.68,1,2.45,358522,Y2,,,0,13.412,clean
7,42,0,1.81,1,2.35,215113,Y2,,,0,13.879,clean
7,43,0,1.55,1,2.34,215650,Y2,,,0,14.095,clean
7,44,0,1.52,1,2.28,15467,Y4,,,0,13.623,clean
7,45,0,1.85,1,2.40,1054555,Y4,,,0,12.799,clean
7,46,0,1.69,1,2.50,679940,Y4,,,0,12.268,clean
7,47,0,1.98,1,2.32,551194,Y2,,,0,12.131,clean
7,48,0,1.66,1,2.60,312746,Y2,,,0,12.330,clean
7,49,0,2.00,1,2.33,626296,Y2,,,0,12.397,clean
7,50,0,1.88,1,2.26,1006722,Y2,,,0,11.900,clean
7,51,0,2.05,1,2.33,520349,Y4,,,0,11.083,clean
7,52,0,2.22,1,2.66,1439273,Y4,,,0,10.290,clean
7,53,0,2.43,1,2.49,40144,Y2,,,0,9.731,clean
7,54,0,2.48,1,2.79,1327515,Y4,,,0,9.363,clean
7,55,0,2.86,1,2.83,803947,Y4,0.00/noise-like,0.24/noise-like,0,8.854,hump-note
7,56,0,3.11,1,2.62,699073,Y2,0.00/noise-like,0.00/noise-like,0,7.942,hump-note
7,57,0,0,-1,0,0,-,,,0,6.782,QUARANTINE:dark-lane range=60 distinct=58
7,58,0,0,-1,0,0,-,,,0,5.749,QUARANTINE:dark-lane range=50 distinct=50
7,59,0,0,-1,0,0,-,,,0,4.874,QUARANTINE:dark-lane range=44 distinct=44
7,60,0,0,-1,0,0,-,,,0,4.163,QUARANTINE:dark-lane range=38 distinct=39
7,61,0,0,-1,0,0,-,,,0,3.556,QUARANTINE:dark-lane range=30 distinct=31
7,62,0,0,-1,0,0,-,,,0,2.958,QUARANTINE:dark-lane range=27 distinct=28
7,63,0,0,-1,0,0,-,,,0,2.400,QUARANTINE:dark-lane range=22 distinct=23
8,0,0,1.39,962,2.36,552446,Y4,,,0,20.727,clean
8,1,0,1.49,1,2.32,154138,Y4,,,0,19.564,clean
8,2,0,1.37,1,2.55,245869,Y2,,,0,18.563,clean
8,3,0,1.48,1,2.28,195622,Y2,,,0,17.946,clean
8,4,0,1.46,1,2.47,329733,Y4,,,0,17.844,clean
8,5,0,1.55,1,2.41,160217,Y2,,,0,18.035,clean
8,6,0,1.46,1478,2.37,751734,Y2,,,0,18.008,clean
8,7,0,1.40,899,2.53,1039356,Y2,,,0,17.437,clean
8,8,0,1.65,1,2.42,1440167,Y2,,,0,16.751,clean
8,9,0,1.37,1457,2.33,1180083,Y2,,,0,16.245,clean
8,10,0,1.48,1,2.38,975251,Y2,,,0,16.250,clean
8,11,0,1.52,1,2.52,517040,Y4,,,0,16.608,clean
8,12,0,1.53,1,2.42,146270,Y4,,,0,16.826,clean
8,13,0,1.58,1,2.52,704259,Y2,,,0,16.702,clean
8,14,0,1.64,1,2.32,216544,Y2,,,0,16.199,clean
8,15,0,1.64,1,2.72,1131266,Y2,,,0,15.892,clean
8,16,0,1.49,1,2.73,836670,Y4,,,0,16.217,clean
8,17,0,1.41,1,2.59,318110,Y2,,,0,16.862,clean
8,18,0,1.61,648,2.25,300050,Y4,,,0,19.196,clean
8,19,0,1.59,1,2.51,332952,Y4,,,0,17.235,clean
8,20,0,1.58,1,2.28,270456,Y2,,,0,16.368,clean
8,21,0,1.62,1,2.43,1038283,Y4,,,0,15.626,clean
8,22,0,1.35,1,2.25,12338,Y2,,,0,15.401,clean
8,23,0,1.55,1,2.35,441223,Y2,,,0,15.749,clean
8,24,0,1.47,258,2.38,388831,Y2,,,0,16.139,clean
8,25,0,2.22,204,2.51,515699,Y4,,,0,15.998,clean
8,26,0,1.63,1,2.73,201881,Y4,,,0,15.394,clean
8,27,0,1.97,1,2.29,153154,Y4,,,0,14.977,clean
8,28,0,1.58,1,2.36,89318,Y4,,,0,14.427,clean
8,29,0,1.85,1,2.35,1110613,Y4,,,0,14.672,clean
8,30,0,1.48,1,2.51,1437843,Y2,,,0,15.026,clean
8,31,0,1.65,1,2.41,1044899,Y4,,,0,14.980,clean
8,32,0,1.43,1270,2.27,1402438,Y2,,,0,14.404,clean
8,33,0,1.56,1,2.33,999749,Y4,,,0,13.817,clean
8,34,0,2.03,1,2.34,1036316,Y4,,,0,13.660,clean
8,35,0,1.62,1,2.29,567466,Y4,,,0,13.994,clean
8,36,0,1.60,1,2.34,1385987,Y4,,,0,14.526,clean
8,37,0,1.86,1,2.49,1109988,Y2,,,0,14.659,clean
8,38,0,1.82,1,2.36,554681,Y2,,,0,14.165,clean
8,39,0,1.91,1,2.47,160843,Y4,,,0,13.521,clean
8,40,0,2.08,1,2.28,807256,Y4,,,0,13.190,clean
8,41,0,1.53,1,2.39,1317233,Y2,,,0,13.407,clean
8,42,0,1.62,1,2.42,198394,Y2,,,0,13.882,clean
8,43,0,2.04,1,2.40,325441,Y4,,,0,14.131,clean
8,44,0,1.64,1,2.44,984728,Y2,,,0,13.625,clean
8,45,0,1.73,1,2.37,901312,Y4,,,0,12.804,clean
8,46,0,1.91,1,2.40,156999,Y2,,,0,12.269,clean
8,47,0,1.80,1,2.31,59992,Y4,,,0,12.123,clean
8,48,0,1.85,1,2.22,1087099,Y2,,,0,12.320,clean
8,49,0,1.88,1,2.57,963718,Y4,,,0,12.395,clean
8,50,0,1.80,1,2.58,907034,Y4,,,0,11.943,clean
8,51,0,1.88,1,2.45,908285,Y4,,,0,11.078,clean
8,52,0,2.47,1,2.35,1016647,Y2,,,0,10.269,clean
8,53,0,2.49,1,2.33,942171,Y4,,,0,9.740,clean
8,54,0,2.62,1,2.52,470012,Y2,0.00/noise-like,0.00/noise-like,0,9.361,hump-note
8,55,0,2.59,1,2.37,49800,Y2,0.24/noise-like,0.00/noise-like,0,8.875,hump-note
8,56,0,3.25,1,2.37,819415,Y2,0.00/noise-like,0.24/noise-like,0,7.943,hump-note
8,57,0,0,-1,0,0,-,,,0,6.778,QUARANTINE:dark-lane range=58 distinct=58
8,58,0,0,-1,0,0,-,,,0,5.735,QUARANTINE:dark-lane range=50 distinct=49
8,59,0,0,-1,0,0,-,,,0,4.870,QUARANTINE:dark-lane range=42 distinct=43
8,60,0,0,-1,0,0,-,,,0,4.169,QUARANTINE:dark-lane range=36 distinct=37
8,61,0,0,-1,0,0,-,,,0,3.555,QUARANTINE:dark-lane range=30 distinct=31
8,62,0,0,-1,0,0,-,,,0,2.960,QUARANTINE:dark-lane range=25 distinct=26
8,63,0,0,-1,0,0,-,,,0,2.401,QUARANTINE:dark-lane range=20 distinct=21
9,0,0,1.36,1371,2.34,110060,Y2,,,0,20.705,clean
9,1,0,1.37,955,2.82,645876,Y2,,,0,19.591,clean
9,2,0,1.47,1,2.31,142783,Y2,,,0,18.580,clean
9,3,0,1.57,1,2.69,966489,Y2,,,0,17.941,clean
9,4,0,1.35,1544,2.27,1203597,Y2,,,0,17.835,clean
9,5,0,1.43,190,2.40,1255453,Y2,,,0,18.029,clean
9,6,0,1.77,1478,2.96,29951,Y2,,,0,17.984,clean
9,7,0,1.56,1,2.80,908196,Y4,,,2,17.425,clean
9,8,0,1.48,1,2.55,110865,Y2,,,0,16.745,clean
9,9,0,1.68,1,2.26,263482,Y2,,,0,16.257,clean
9,10,0,1.40,1317,2.51,99778,Y4,,,0,16.243,clean
9,11,0,1.52,1,2.69,564784,Y2,,,0,16.656,clean
9,12,0,1.40,1,2.35,1010746,Y4,,,0,16.866,clean
9,13,0,1.48,1,2.36,830233,Y4,,,0,16.712,clean
9,14,0,1.44,1,2.28,1212895,Y4,,,0,16.238,clean
9,15,0,1.67,1,2.32,232458,Y4,,,0,15.937,clean
9,16,0,1.47,1,2.30,1106769,Y4,,,0,16.192,clean
9,17,0,1.52,1,2.25,487894,Y2,,,0,16.888,clean
9,18,0,1.63,717,2.25,955582,Y4,,,0,19.226,clean
9,19,0,1.56,1,2.33,390172,Y4,,,0,17.274,clean
9,20,0,1.60,1,2.32,1291752,Y2,,,0,16.350,clean
9,21,0,1.66,1,2.38,372201,Y2,,,0,15.656,clean
9,22,0,1.44,1490,2.57,1396716,Y2,,,0,15.412,clean
9,23,0,1.58,1,2.41,1261443,Y4,,,0,15.774,clean
9,24,0,1.58,1,2.20,421464,Y4,,,0,16.103,clean
9,25,0,2.10,204,2.79,410378,Y4,,,1,16.038,clean
9,26,0,1.49,1,2.39,1065373,Y2,,,0,15.380,clean
9,27,0,1.58,627,2.51,653923,Y4,,,0,14.975,clean
9,28,0,1.67,1,2.54,367820,Y4,,,0,14.465,clean
9,29,0,1.71,1,2.43,588566,Y4,,,0,14.697,clean
9,30,0,1.58,1,2.60,814140,Y4,,,0,14.994,clean
9,31,0,1.68,1,2.63,61601,Y4,,,0,14.972,clean
9,32,0,1.35,723,2.51,255078,Y2,,,0,14.401,clean
9,33,0,1.68,1,2.50,482976,Y2,,,0,13.790,clean
9,34,0,1.77,1,2.42,1324922,Y2,,,0,13.642,clean
9,35,0,1.74,1,2.44,368983,Y4,,,0,14.010,clean
9,36,0,1.48,1,2.49,785619,Y4,,,0,14.506,clean
9,37,0,1.75,1,2.53,972837,Y4,,,0,14.677,clean
9,38,0,1.76,1,2.62,257492,Y4,,,0,14.166,clean
9,39,0,1.67,1,2.59,604033,Y2,,,0,13.525,clean
9,40,0,1.56,1,2.64,747889,Y4,,,0,13.193,clean
9,41,0,1.52,1,2.27,316948,Y4,,,0,13.401,clean
9,42,0,1.76,1,2.39,593841,Y2,,,0,13.884,clean
9,43,0,1.80,1,2.80,328124,Y2,,,0,14.130,clean
9,44,0,1.55,1,2.52,1330644,Y2,,,0,13.614,clean
9,45,0,1.88,1,2.32,765145,Y2,,,0,12.791,clean
9,46,0,1.67,1,2.38,1214594,Y4,,,0,12.283,clean
9,47,0,2.06,1,2.43,179350,Y2,,,0,12.114,clean
9,48,0,1.65,1,2.37,1442939,Y4,,,0,12.344,clean
9,49,0,1.98,1,2.50,995189,Y4,,,0,12.422,clean
9,50,0,1.91,1,2.42,535816,Y4,,,0,11.913,clean
9,51,0,2.30,1,2.30,1403153,Y4,,,0,11.085,clean
9,52,0,2.08,1,2.47,1181692,Y2,,,0,10.293,clean
9,53,0,2.66,1,2.31,4202,Y2,0.00/noise-like,0.00/noise-like,0,9.735,hump-note
9,54,0,2.65,1,2.34,1461446,Y4,0.00/noise-like,0.00/noise-like,0,9.367,hump-note
9,55,0,2.35,1,2.45,1284242,Y4,,,0,8.853,clean
9,56,0,3.02,1,2.51,808954,Y2,0.00/noise-like,0.00/noise-like,0,7.961,hump-note
9,57,0,0,-1,0,0,-,,,6,6.783,QUARANTINE:dark-lane range=62 distinct=61
9,58,0,0,-1,0,0,-,,,0,5.744,QUARANTINE:dark-lane range=55 distinct=52
9,59,0,0,-1,0,0,-,,,0,4.876,QUARANTINE:dark-lane range=43 distinct=43
9,60,0,0,-1,0,0,-,,,0,4.166,QUARANTINE:dark-lane range=36 distinct=37
9,61,0,0,-1,0,0,-,,,0,3.562,QUARANTINE:dark-lane range=30 distinct=31
9,62,0,0,-1,0,0,-,,,0,2.952,QUARANTINE:dark-lane range=27 distinct=27
9,63,0,0,-1,0,0,-,,,0,2.403,QUARANTINE:dark-lane range=20 distinct=21
10,0,0,1.36,22,2.98,1262784,Y2,,,0,20.705,clean
10,1,0,1.36,1539,2.51,356108,Y4,,,0,19.570,clean
10,2,0,1.39,843,2.49,1461267,Y4,,,0,18.586,clean
10,3,0,1.39,1,2.47,155032,Y4,,,0,17.970,clean
10,4,0,1.45,1,2.39,1423270,Y4,,,0,17.836,clean
10,5,0,1.52,1,2.36,938952,Y2,,,0,18.038,clean
10,6,0,1.49,1,2.28,308901,Y4,,,0,17.974,clean
10,7,0,1.48,536,2.42,556827,Y2,,,0,17.448,clean
10,8,0,1.54,1,2.47,285119,Y4,,,0,16.743,clean
10,9,0,1.43,363,2.51,1379281,Y4,,,0,16.214,clean
10,10,0,1.63,1,2.31,1062423,Y4,,,0,16.230,clean
10,11,0,1.38,423,2.38,1112491,Y2,,,0,16.626,clean
10,12,0,1.51,1,2.56,863224,Y2,,,0,16.880,clean
10,13,0,1.48,1,2.37,1196623,Y4,,,0,16.712,clean
10,14,0,1.49,1,2.22,34779,Y4,,,0,16.198,clean
10,15,0,1.46,1,2.79,1464844,Y2,,,0,15.902,clean
10,16,0,1.48,1,2.41,892192,Y4,,,0,16.182,clean
10,17,0,1.53,1,2.35,119001,Y2,,,0,16.867,clean
10,18,0,1.61,797,2.53,5275,Y4,,,0,19.136,clean
10,19,0,1.47,1,2.35,1308113,Y4,,,0,17.237,clean
10,20,0,1.48,1,2.60,425845,Y2,,,0,16.358,clean
10,21,0,1.47,1,2.70,482172,Y2,,,0,15.643,clean
10,22,0,1.75,1,2.28,618339,Y2,,,0,15.434,clean
10,23,0,1.67,1,2.60,117660,Y2,,,0,15.739,clean
10,24,0,1.47,1,2.50,1464307,Y4,,,0,16.132,clean
10,25,0,2.16,204,2.41,481546,Y4,,,1,16.023,clean
10,26,0,1.64,1,2.21,591874,Y4,,,0,15.391,clean
10,27,0,1.72,1,2.31,1026303,Y2,,,0,14.961,clean
10,28,0,1.51,1,2.63,561386,Y2,,,0,14.441,clean
10,29,0,1.58,1,2.54,118107,Y4,,,0,14.663,clean
10,30,0,2.08,1,2.38,741363,Y4,,,0,15.025,clean
10,31,0,1.62,1,2.39,532240,Y4,,,0,14.964,clean
10,32,0,1.36,815,2.61,375509,Y2,,,0,14.414,clean
10,33,0,1.62,1,2.45,588298,Y4,,,0,13.802,clean
10,34,0,1.96,1,2.65,279129,Y4,,,0,13.629,clean
10,35,0,1.75,1,2.39,799656,Y4,,,0,14.032,clean
10,36,0,1.53,1,2.40,1296580,Y2,,,0,14.546,clean
10,37,0,1.56,1,3.11,694692,Y2,0.24/noise-like,0.00/noise-like,0,14.649,FAM-HIT
10,38,0,1.79,1,2.51,174165,Y4,,,0,14.186,clean
10,39,0,1.72,1,2.24,696659,Y4,,,0,13.512,clean
10,40,0,1.93,1,2.32,43541,Y2,,,0,13.181,clean
10,41,0,1.83,1,2.33,1325816,Y4,,,0,13.427,clean
10,42,0,1.78,1,2.35,1082182,Y4,,,0,13.844,clean
10,43,0,1.45,1,2.34,43631,Y2,,,0,14.140,clean
10,44,0,1.68,1,2.33,31382,Y4,,,0,13.613,clean
10,45,0,2.16,1,2.46,1353532,Y2,,,0,12.798,clean
10,46,0,2.07,1,2.28,1315087,Y2,,,0,12.286,clean
10,47,0,1.72,1,2.65,414759,Y2,,,0,12.131,clean
10,48,0,1.83,1,2.70,404298,Y2,,,0,12.344,clean
10,49,0,1.66,1,2.55,345916,Y2,,,0,12.415,clean
10,50,0,2.27,1,2.62,1029521,Y4,,,0,11.934,clean
10,51,0,2.22,1,2.51,1352280,Y2,,,0,11.088,clean
10,52,0,2.28,1,2.34,346541,Y2,,,0,10.297,clean
10,53,0,2.33,1,2.73,179082,Y2,,,0,9.730,clean
10,54,0,2.46,1,2.30,665456,Y2,,,0,9.353,clean
10,55,0,2.66,1,2.72,1019508,Y2,0.00/noise-like,0.00/noise-like,0,8.868,hump-note
10,56,0,3.24,1,2.44,332236,Y2,0.00/noise-like,0.24/noise-like,0,7.955,hump-note
10,57,0,0,-1,0,0,-,,,3,6.795,QUARANTINE:dark-lane range=58 distinct=58
10,58,0,0,-1,0,0,-,,,0,5.746,QUARANTINE:dark-lane range=53 distinct=52
10,59,0,0,-1,0,0,-,,,0,4.880,QUARANTINE:dark-lane range=42 distinct=43
10,60,0,0,-1,0,0,-,,,0,4.162,QUARANTINE:dark-lane range=38 distinct=37
10,61,0,0,-1,0,0,-,,,0,3.563,QUARANTINE:dark-lane range=37 distinct=31
10,62,0,0,-1,0,0,-,,,0,2.959,QUARANTINE:dark-lane range=25 distinct=26
10,63,0,0,-1,0,0,-,,,0,2.400,QUARANTINE:dark-lane range=20 distinct=21
11,0,0,1.37,83,2.55,984997,Y4,,,0,20.742,clean
11,1,0,1.35,153,2.58,576764,Y4,,,0,19.555,clean
11,2,0,1.39,370,2.36,1452684,Y4,,,0,18.584,clean
11,3,0,1.58,1,2.32,608146,Y2,,,0,17.983,clean
11,4,0,1.49,1,2.46,1237124,Y4,,,0,17.856,clean
11,5,0,1.39,947,2.52,465631,Y4,,,0,18.029,clean
11,6,0,1.38,1478,2.55,1419872,Y2,,,0,18.007,clean
11,7,0,1.68,1,2.34,1115352,Y4,,,0,17.424,clean
11,8,0,1.47,1,2.69,612617,Y2,,,0,16.739,clean
11,9,0,1.59,1,2.48,39607,Y4,,,0,16.240,clean
11,10,0,1.66,1,2.31,325710,Y4,,,0,16.235,clean
11,11,0,1.56,1,2.46,772387,Y2,,,0,16.622,clean
11,12,0,1.84,1,2.40,346184,Y4,,,0,16.876,clean
11,13,0,1.34,1,2.31,1053482,Y2,,,0,16.712,clean
11,14,0,1.51,1,2.41,1232743,Y2,,,0,16.219,clean
11,15,0,1.79,1,2.44,939757,Y4,,,0,15.932,clean
11,16,0,1.49,1,2.28,321150,Y4,,,0,16.175,clean
11,17,0,1.72,1,2.56,1052588,Y2,,,0,16.866,clean
11,18,0,1.55,761,2.30,29325,Y2,,,0,19.207,clean
11,19,0,1.47,1,2.54,909716,Y4,,,0,17.245,clean
11,20,0,1.36,1390,2.38,65267,Y2,,,0,16.329,clean
11,21,0,1.39,1,2.48,670373,Y4,,,0,15.647,clean
11,22,0,1.78,1,2.44,478506,Y4,,,0,15.394,clean
11,23,0,1.58,1,2.66,230938,Y2,,,0,15.723,clean
11,24,0,1.57,1,2.42,1428276,Y2,,,0,16.095,clean
11,25,0,1.79,204,2.45,60707,Y2,,,0,15.997,clean
11,26,0,1.43,1,2.69,34779,Y4,,,0,15.388,clean
11,27,0,1.97,1,2.37,385523,Y2,,,0,14.949,clean
11,28,0,1.62,1,2.59,304878,Y4,,,0,14.449,clean
11,29,0,1.51,1,2.36,935286,Y2,,,0,14.705,clean
11,30,0,1.67,1,2.29,262320,Y2,,,0,15.024,clean
11,31,0,1.56,1,2.30,977129,Y4,,,0,14.995,clean
11,32,0,1.45,1,2.47,1023352,Y4,,,0,14.396,clean
11,33,0,1.53,1,2.44,195891,Y4,,,0,13.813,clean
11,34,0,1.69,1,2.71,487179,Y4,,,0,13.649,clean
11,35,0,1.41,1,2.34,1301676,Y2,,,0,14.003,clean
11,36,0,1.44,1,2.30,1002878,Y4,,,0,14.563,clean
11,37,0,1.52,1,2.35,889599,Y2,,,0,14.654,clean
11,38,0,1.65,1,2.49,411630,Y4,,,0,14.188,clean
11,39,0,1.82,1,2.51,5275,Y4,,,0,13.522,clean
11,40,0,1.70,1,2.42,545204,Y2,,,0,13.222,clean
11,41,0,1.50,1,2.25,289142,Y2,,,0,13.405,clean
11,42,0,1.85,1,2.47,728577,Y2,,,0,13.863,clean
11,43,0,1.51,1,2.52,280559,Y4,,,0,14.106,clean
11,44,0,1.83,1,2.56,827640,Y2,,,0,13.623,clean
11,45,0,1.89,1,2.40,1053035,Y2,,,0,12.808,clean
11,46,0,1.61,1,2.39,982493,Y4,,,0,12.265,clean
11,47,0,2.05,1,2.37,760406,Y2,,,0,12.126,clean
11,48,0,1.89,1,2.45,654459,Y2,,,0,12.326,clean
11,49,0,1.84,1,2.31,980884,Y4,,,0,12.424,clean
11,50,0,2.11,1,2.32,1361847,Y2,,,0,11.927,clean
11,51,0,1.83,1,2.37,378102,Y4,,,0,11.084,clean
11,52,0,2.17,1,2.55,93430,Y2,,,0,10.287,clean
11,53,0,2.56,1,2.38,898987,Y2,0.00/noise-like,0.00/noise-like,0,9.727,hump-note
11,54,0,2.49,1,2.48,1152456,Y4,,,0,9.361,clean
11,55,0,2.80,1,2.40,896126,Y4,0.00/noise-like,0.00/noise-like,0,8.867,hump-note
11,56,0,3.25,1,2.37,845790,Y2,0.00/noise-like,0.00/noise-like,0,7.961,hump-note
11,57,0,0,-1,0,0,-,,,0,6.778,QUARANTINE:dark-lane range=59 distinct=59
11,58,0,0,-1,0,0,-,,,0,5.745,QUARANTINE:dark-lane range=51 distinct=52
11,59,0,0,-1,0,0,-,,,0,4.870,QUARANTINE:dark-lane range=44 distinct=43
11,60,0,0,-1,0,0,-,,,0,4.158,QUARANTINE:dark-lane range=39 distinct=39
11,61,0,0,-1,0,0,-,,,0,3.560,QUARANTINE:dark-lane range=33 distinct=34
11,62,0,0,-1,0,0,-,,,0,2.963,QUARANTINE:dark-lane range=26 distinct=27
11,63,0,0,-1,0,0,-,,,0,2.401,QUARANTINE:dark-lane range=20 distinct=21
12,0,0,1.38,576,2.53,8762,Y2,,,0,20.721,clean
12,1,0,1.46,122,2.55,225395,Y2,,,0,19.582,clean
12,2,0,1.45,1,2.65,1274943,Y2,,,0,18.612,clean
12,3,0,1.40,137,2.57,754863,Y4,,,0,17.973,clean
12,4,0,1.50,1,2.44,342339,Y2,,,0,17.868,clean
12,5,0,1.44,1,2.59,1398414,Y4,,,0,18.044,clean
12,6,0,1.40,1478,2.37,218332,Y2,,,0,17.964,clean
12,7,0,1.60,1,2.65,46313,Y2,,,0,17.418,clean
12,8,0,1.43,1197,2.37,636846,Y4,,,0,16.766,clean
12,9,0,1.56,1,2.47,551105,Y2,,,0,16.212,clean
12,10,0,1.46,1,2.47,111222,Y2,,,0,16.232,clean
12,11,0,1.59,1,2.34,947624,Y4,,,0,16.642,clean
12,12,0,1.53,1,2.25,266701,Y2,,,0,16.877,clean
12,13,0,1.52,1,2.51,17524,Y2,,,0,16.705,clean
12,14,0,1.66,1,2.33,631839,Y2,,,0,16.202,clean
12,15,0,1.35,287,2.65,857949,Y2,,,0,15.904,clean
12,16,0,1.82,1,2.35,1429796,Y4,,,0,16.199,clean
12,17,0,1.40,347,2.25,769347,Y4,,,0,16.850,clean
12,18,0,1.54,704,2.40,56058,Y4,,,0,19.210,clean
12,19,0,1.36,544,2.42,71704,Y2,,,0,17.261,clean
12,20,0,1.51,1,2.50,385255,Y2,,,0,16.342,clean
12,21,0,1.48,1,2.22,1389295,Y2,,,0,15.647,clean
12,22,0,1.55,1,2.55,259817,Y2,,,0,15.383,clean
12,23,0,1.41,1,2.62,232369,Y4,,,0,15.727,clean
12,24,0,1.50,1,2.46,761837,Y4,,,0,16.137,clean
12,25,0,2.06,204,2.25,990897,Y4,,,0,16.006,clean
12,26,0,1.62,1,2.47,129819,Y4,,,0,15.383,clean
12,27,0,1.68,1,2.47,342518,Y4,,,0,14.975,clean
12,28,0,1.80,1,2.47,742346,Y2,,,0,14.418,clean
12,29,0,2.02,1,2.47,1422107,Y2,,,0,14.662,clean
12,30,0,1.53,1,2.39,213504,Y4,,,0,15.026,clean
12,31,0,1.43,1,2.47,1298815,Y2,,,0,14.998,clean
12,32,0,1.34,701,2.52,200987,Y4,,,0,14.421,clean
12,33,0,1.89,1,2.46,145286,Y4,,,0,13.825,clean
12,34,0,1.49,1,2.52,703990,Y4,,,0,13.636,clean
12,35,0,1.67,1,2.67,214398,Y2,,,0,14.005,clean
12,36,0,1.92,1,2.30,560582,Y4,,,0,14.542,clean
12,37,0,1.68,1,2.44,318289,Y2,,,0,14.663,clean
12,38,0,1.55,1,2.41,508547,Y2,,,0,14.191,clean
12,39,0,1.54,1,2.63,1100779,Y4,,,0,13.506,clean
12,40,0,1.77,1,2.57,1406372,Y2,,,0,13.202,clean
12,41,0,1.63,1,2.58,1314014,Y4,,,0,13.406,clean
12,42,0,1.66,1,2.42,126868,Y2,,,0,13.873,clean
12,43,0,1.61,1,2.42,1098365,Y4,,,0,14.120,clean
12,44,0,1.53,1,2.37,1113743,Y4,,,0,13.665,clean
12,45,0,1.83,1,2.54,1149505,Y2,,,0,12.802,clean
12,46,0,2.03,1,2.55,854105,Y2,,,0,12.268,clean
12,47,0,1.75,1,2.26,626,Y2,,,0,12.132,clean
12,48,0,1.95,1,2.51,358790,Y4,,,0,12.339,clean
12,49,0,2.08,1,2.55,541896,Y2,,,0,12.403,clean
12,50,0,1.80,1,2.36,1028717,Y2,,,0,11.917,clean
12,51,0,2.00,1,2.57,59545,Y2,,,0,11.099,clean
12,52,0,2.16,1,2.67,1382053,Y2,,,0,10.309,clean
12,53,0,2.98,1,2.32,123739,Y4,0.00/noise-like,0.00/noise-like,0,9.754,hump-note
12,54,0,2.62,1,2.32,1342714,Y2,0.24/noise-like,0.24/noise-like,0,9.351,hump-note
12,55,0,2.51,1,2.26,1175165,Y2,0.24/noise-like,0.00/noise-like,0,8.869,hump-note
12,56,0,3.24,1,2.44,1127869,Y2,0.00/noise-like,0.00/noise-like,0,7.954,hump-note
12,57,0,0,-1,0,0,-,,,0,6.772,QUARANTINE:dark-lane range=58 distinct=59
12,58,0,0,-1,0,0,-,,,0,5.737,QUARANTINE:dark-lane range=49 distinct=50
12,59,0,0,-1,0,0,-,,,0,4.878,QUARANTINE:dark-lane range=43 distinct=43
12,60,0,0,-1,0,0,-,,,0,4.160,QUARANTINE:dark-lane range=38 distinct=37
12,61,0,0,-1,0,0,-,,,0,3.563,QUARANTINE:dark-lane range=31 distinct=32
12,62,0,0,-1,0,0,-,,,0,2.958,QUARANTINE:dark-lane range=25 distinct=26
12,63,0,0,-1,0,0,-,,,0,2.400,QUARANTINE:dark-lane range=20 distinct=21
13,0,0,1.36,1036,2.38,761926,Y4,,,0,20.731,clean
13,1,0,1.42,1,2.56,294417,Y2,,,0,19.578,clean
13,2,0,1.35,1,2.50,521243,Y4,,,0,18.576,clean
13,3,0,1.32,564,2.29,1330376,Y2,,,0,18.003,clean
13,4,0,1.36,1,2.53,1069933,Y4,,,0,17.822,clean
13,5,0,1.39,769,2.23,568628,Y2,,,0,18.056,clean
13,6,0,1.62,1,2.50,672072,Y2,,,0,17.947,clean
13,7,0,1.68,1,2.32,1267791,Y4,,,0,17.451,clean
13,8,0,1.35,153,2.50,1427740,Y4,,,0,16.756,clean
13,9,0,1.52,1,2.39,1083165,Y4,,,0,16.236,clean
13,10,0,1.48,1,2.23,66966,Y2,,,0,16.264,clean
13,11,0,1.40,1,2.27,1110077,Y4,,,0,16.608,clean
13,12,0,1.47,1,2.23,355124,Y4,,,0,16.872,clean
13,13,0,1.63,1,2.53,452667,Y4,,,0,16.702,clean
13,14,0,1.45,1,2.30,1098096,Y2,,,0,16.192,clean
13,15,0,1.39,1,2.27,125080,Y2,,,0,15.933,clean
13,16,0,1.58,1,2.43,1118839,Y2,,,0,16.170,clean
13,17,0,1.64,1,2.18,860274,Y2,,,0,16.852,clean
13,18,0,1.63,751,2.40,396430,Y2,,,0,19.207,clean
13,19,0,1.47,1,2.30,338942,Y4,,,0,17.232,clean
13,20,0,1.59,1,2.44,373363,Y2,,,0,16.320,clean
13,21,0,1.38,1467,2.33,150293,Y2,,,0,15.639,clean
13,22,0,1.84,1,2.65,1345664,Y2,,,0,15.396,clean
13,23,0,1.80,1,2.46,170052,Y4,,,0,15.716,clean
13,24,0,1.44,1,2.56,465274,Y2,,,0,16.138,clean
13,25,0,2.11,204,2.32,217259,Y4,,,0,15.982,clean
13,26,0,1.50,1,2.36,1305699,Y4,,,0,15.377,clean
13,27,0,1.67,633,2.56,1021028,Y2,,,0,14.962,clean
13,28,0,1.70,1,2.39,1091391,Y2,,,0,14.446,clean
13,29,0,1.65,1,2.29,777572,Y2,,,0,14.689,clean
13,30,0,1.60,1,2.45,1104265,Y4,,,0,14.998,clean
13,31,0,1.56,1,2.23,1344949,Y2,,,0,14.968,clean
13,32,0,1.53,383,2.51,296205,Y2,,,0,14.423,clean
13,33,0,1.77,1,2.34,362456,Y2,,,0,13.838,clean
13,34,0,1.89,1,2.62,1387686,Y4,,,0,13.612,clean
13,35,0,1.65,1,2.26,1274228,Y2,,,0,14.009,clean
13,36,0,1.60,1,2.40,862420,Y4,,,0,14.527,clean
13,37,0,1.63,1,2.30,1323938,Y2,,,0,14.628,clean
13,38,0,1.79,1,2.32,1360238,Y2,,,0,14.162,clean
13,39,0,2.04,1,2.53,802159,Y2,,,0,13.522,clean
13,40,0,1.63,1,2.23,300586,Y4,,,0,13.177,clean
13,41,0,1.77,1,2.69,1169443,Y2,,,0,13.411,clean
13,42,0,1.65,1,2.38,1040339,Y2,,,0,13.883,clean
13,43,0,1.70,1,2.64,541180,Y2,,,0,14.121,clean
13,44,0,1.94,1,2.32,86904,Y2,,,0,13.623,clean
13,45,0,1.83,1,2.38,261515,Y2,,,0,12.782,clean
13,46,0,2.06,1,2.50,305504,Y4,,,0,12.250,clean
13,47,0,1.94,1,2.38,1203507,Y4,,,0,12.117,clean
13,48,0,1.73,1,2.44,367373,Y2,,,0,12.326,clean
13,49,0,2.05,1,2.59,558257,Y2,,,0,12.397,clean
13,50,0,1.85,1,2.34,836134,Y2,,,0,11.920,clean
13,51,0,2.14,1,2.46,1197606,Y4,,,0,11.071,clean
13,52,0,2.07,1,2.31,1259476,Y2,,,0,10.285,clean
13,53,0,2.22,1,2.37,311941,Y4,,,0,9.714,clean
13,54,0,2.64,1,2.32,1031756,Y2,0.00/noise-like,0.00/noise-like,0,9.366,hump-note
13,55,0,2.85,1,2.70,327945,Y2,0.00/noise-like,0.00/noise-like,0,8.854,hump-note
13,56,0,3.26,1,2.73,783205,Y4,0.24/noise-like,0.24/noise-like,0,7.947,hump-note
13,57,0,0,-1,0,0,-,,,0,6.778,QUARANTINE:dark-lane range=58 distinct=56
13,58,0,0,-1,0,0,-,,,0,5.746,QUARANTINE:dark-lane range=49 distinct=50
13,59,0,0,-1,0,0,-,,,0,4.871,QUARANTINE:dark-lane range=43 distinct=43
13,60,0,0,-1,0,0,-,,,0,4.161,QUARANTINE:dark-lane range=38 distinct=37
13,61,0,0,-1,0,0,-,,,0,3.557,QUARANTINE:dark-lane range=33 distinct=33
13,62,0,0,-1,0,0,-,,,0,2.961,QUARANTINE:dark-lane range=26 distinct=27
13,63,0,0,-1,0,0,-,,,0,2.399,QUARANTINE:dark-lane range=20 distinct=21
14,0,0,1.37,862,2.36,590891,Y2,,,0,20.726,clean
14,1,0,1.41,348,2.41,179797,Y2,,,0,19.592,clean
14,2,0,1.58,1,2.43,35137,Y2,,,0,18.547,clean
14,3,0,1.57,1,2.34,905782,Y2,,,0,17.965,clean
14,4,0,1.33,374,2.56,1018882,Y2,,,0,17.849,clean
14,5,0,1.46,1,2.56,880659,Y2,,,0,18.069,clean
14,6,0,1.45,1478,2.60,283509,Y4,,,0,17.992,clean
14,7,0,1.44,1,2.52,893801,Y4,,,0,17.383,clean
14,8,0,1.49,1,2.44,563800,Y4,,,0,16.741,clean
14,9,0,1.73,1,2.49,309438,Y4,,,0,16.215,clean
14,10,0,1.47,1,2.63,953704,Y2,,,0,16.232,clean
14,11,0,1.38,1,2.40,1317501,Y4,,,0,16.615,clean
14,12,0,1.63,1,2.36,1115263,Y2,,,0,16.863,clean
14,13,0,1.34,14,2.55,1286477,Y4,,,0,16.706,clean
14,14,0,1.42,1,2.27,1079857,Y2,,,0,16.218,clean
14,15,0,1.76,1,2.23,1042128,Y4,,,0,15.925,clean
14,16,0,1.77,1,2.44,1331538,Y2,,,0,16.176,clean
14,17,0,1.52,1,2.31,984460,Y2,,,0,16.871,clean
14,18,0,1.57,679,2.38,1046956,Y4,,,0,19.201,clean
14,19,0,1.62,1,2.30,200719,Y2,,,0,17.234,clean
14,20,0,1.66,1,2.59,910431,Y4,,,0,16.337,clean
14,21,0,1.70,1,2.34,993401,Y4,,,0,15.641,clean
14,22,0,1.52,1,2.50,1396716,Y4,,,0,15.421,clean
14,23,0,1.36,1404,2.28,30309,Y2,,,0,15.762,clean
14,24,0,1.64,1,2.38,995547,Y4,,,0,16.135,clean
14,25,0,1.91,204,2.41,7153,Y2,,,0,15.980,clean
14,26,0,1.38,1196,2.26,37283,Y2,,,1,15.396,clean
14,27,0,1.66,1,2.53,123829,Y4,,,0,14.972,clean
14,28,0,1.90,1,2.50,1415849,Y2,,,0,14.453,clean
14,29,0,1.90,1,2.74,739753,Y2,,,0,14.667,clean
14,30,0,1.81,1,2.64,791073,Y2,,,0,14.997,clean
14,31,0,1.44,1,2.33,650257,Y4,,,0,14.987,clean
14,32,0,1.32,769,2.32,713110,Y2,,,0,14.408,clean
14,33,0,1.85,1,2.72,468224,Y2,,,0,13.815,clean
14,34,0,1.74,1,2.26,1032114,Y4,,,0,13.639,clean
14,35,0,1.48,1,2.58,1171499,Y2,,,0,13.995,clean
14,36,0,1.44,1,2.26,330180,Y4,,,0,14.550,clean
14,37,0,1.81,1,2.42,516236,Y4,,,0,14.637,clean
14,38,0,1.57,1,2.49,473678,Y2,,,0,14.175,clean
14,39,0,1.89,1,2.55,754952,Y4,,,0,13.485,clean
14,40,0,1.88,1,2.67,1210570,Y4,,,0,13.193,clean
14,41,0,1.83,1,2.33,1144320,Y2,,,0,13.414,clean
14,42,0,1.59,1,2.69,697196,Y4,,,0,13.877,clean
14,43,0,1.71,1,2.30,1439542,Y2,,,0,14.078,clean
14,44,0,1.73,1,2.41,408322,Y2,,,0,13.617,clean
14,45,0,2.01,1,2.71,771224,Y2,,,0,12.793,clean
14,46,0,1.91,1,2.46,1205564,Y2,,,0,12.235,clean
14,47,0,2.10,1,2.58,1408428,Y4,,,0,12.155,clean
14,48,0,1.71,1234,2.71,238091,Y2,,,0,12.351,clean
14,49,0,1.78,1,2.31,310779,Y4,,,0,12.423,clean
14,50,0,2.03,1,2.30,424415,Y2,,,0,11.924,clean
14,51,0,1.95,1,2.44,983208,Y4,,,0,11.059,clean
14,52,0,2.45,1,2.36,936091,Y4,,,0,10.276,clean
14,53,0,2.34,1,2.37,1093268,Y2,,,0,9.728,clean
14,54,0,2.35,1,2.38,13322,Y2,,,0,9.378,clean
14,55,0,2.64,1,2.30,412703,Y2,0.24/noise-like,0.00/noise-like,0,8.861,hump-note
14,56,0,2.90,1,2.39,1200289,Y2,0.00/noise-like,0.00/noise-like,0,7.945,hump-note
14,57,0,0,-1,0,0,-,,,0,6.791,QUARANTINE:dark-lane range=61 distinct=59
14,58,0,0,-1,0,0,-,,,0,5.739,QUARANTINE:dark-lane range=48 distinct=49
14,59,0,0,-1,0,0,-,,,0,4.881,QUARANTINE:dark-lane range=41 distinct=42
14,60,0,0,-1,0,0,-,,,0,4.163,QUARANTINE:dark-lane range=37 distinct=37
14,61,0,0,-1,0,0,-,,,0,3.562,QUARANTINE:dark-lane range=31 distinct=32
14,62,0,0,-1,0,0,-,,,0,2.955,QUARANTINE:dark-lane range=26 distinct=27
14,63,0,0,-1,0,0,-,,,0,2.400,QUARANTINE:dark-lane range=20 distinct=21
15,0,0,1.36,1325,2.47,206262,Y4,,,0,20.725,clean
15,1,0,1.35,1,2.44,689685,Y2,,,0,19.576,clean
15,2,0,1.36,1643,2.30,122845,Y4,,,0,18.550,clean
15,3,0,1.44,1,2.45,148684,Y2,,,0,17.982,clean
15,4,0,1.43,1,2.49,16630,Y4,,,0,17.861,clean
15,5,0,1.41,955,2.38,1294523,Y4,,,0,18.045,clean
15,6,0,1.56,1,2.32,914097,Y2,,,0,17.925,clean
15,7,0,1.34,1049,2.26,1332164,Y4,,,0,17.477,clean
15,8,0,1.40,1,2.44,205636,Y2,,,0,16.757,clean
15,9,0,1.38,1,2.40,1412809,Y4,,,0,16.218,clean
15,10,0,1.47,1,2.62,1305610,Y2,,,0,16.239,clean
15,11,0,1.43,1523,2.54,453025,Y4,,,0,16.610,clean
15,12,0,1.64,1,2.53,66340,Y2,,,0,16.905,clean
15,13,0,1.65,1,2.50,77248,Y2,,,0,16.717,clean
15,14,0,1.41,1,2.38,1438558,Y2,,,0,16.233,clean
15,15,0,1.54,1,2.37,1384825,Y4,,,0,15.923,clean
15,16,0,1.41,1,2.55,698805,Y2,,,0,16.168,clean
15,17,0,1.35,1351,2.62,1197159,Y2,,,0,16.858,clean
15,18,0,1.51,715,2.46,466704,Y2,,,0,19.202,clean
15,19,0,1.39,544,2.55,398308,Y2,,,0,17.225,clean
15,20,0,1.50,1,2.33,396967,Y2,,,0,16.324,clean
15,21,0,1.44,1,2.42,24587,Y4,,,0,15.627,clean
15,22,0,1.59,1,2.37,1230240,Y4,,,0,15.394,clean
15,23,0,1.64,1,2.37,1402974,Y2,,,0,15.754,clean
15,24,0,1.62,1,2.32,1256347,Y2,,,0,16.116,clean
15,25,0,1.90,204,2.47,634700,Y4,,,0,16.010,clean
15,26,0,1.52,1,2.64,797063,Y2,,,0,15.394,clean
15,27,0,1.65,1,2.30,316143,Y2,,,0,14.957,clean
15,28,0,1.50,1,2.57,636935,Y2,,,0,14.424,clean
15,29,0,1.43,1,2.37,370324,Y2,,,0,14.690,clean
15,30,0,1.52,1,2.47,60976,Y2,,,0,15.012,clean
15,31,0,1.48,1,2.45,1338422,Y4,,,0,14.984,clean
15,32,0,1.29,480,2.76,1113385,Y2,,,0,14.413,clean
15,33,0,1.88,1,2.43,486106,Y4,,,0,13.799,clean
15,34,0,1.54,1,2.44,403672,Y2,,,0,13.624,clean
15,35,0,1.38,624,2.40,1185626,Y2,,,0,13.992,clean
15,36,0,1.54,1,2.59,495315,Y4,,,0,14.530,clean
15,37,0,1.62,1,2.30,355661,Y2,,,0,14.648,clean
15,38,0,1.85,1,2.23,750929,Y2,,,0,14.165,clean
15,39,0,1.81,1,2.37,883788,Y4,,,0,13.504,clean
15,40,0,1.91,1,2.63,231564,Y2,,,0,13.197,clean
15,41,0,1.64,1,2.42,804752,Y4,,,0,13.417,clean
15,42,0,1.76,1,2.30,77069,Y2,,,0,13.858,clean
15,43,0,1.69,1,2.33,1464665,Y4,,,0,14.105,clean
15,44,0,1.74,1,2.25,236571,Y4,,,0,13.644,clean
15,45,0,1.83,1,2.29,94861,Y4,,,0,12.790,clean
15,46,0,1.87,1,2.37,413150,Y4,,,0,12.242,clean
15,47,0,1.91,1,2.32,122398,Y2,,,0,12.147,clean
15,48,0,1.77,1,2.46,987232,Y4,,,0,12.324,clean
15,49,0,1.72,1,2.42,519365,Y2,,,0,12.403,clean
15,50,0,1.90,1,2.27,869215,Y4,,,0,11.907,clean
15,51,0,2.18,1,2.55,381768,Y4,,,0,11.086,clean
15,52,0,2.29,1,2.42,1202345,Y2,,,0,10.285,clean
15,53,0,2.72,1,2.61,381231,Y4,0.24/noise-like,0.00/noise-like,0,9.731,hump-note
15,54,0,2.48,1,2.31,707388,Y4,,,0,9.363,clean
15,55,0,2.54,1,2.43,48906,Y2,0.00/noise-like,0.00/noise-like,0,8.859,hump-note
15,56,0,3.57,1,2.56,610292,Y2,0.00/noise-like,0.00/noise-like,0,7.957,hump-note
15,57,0,0,-1,0,0,-,,,0,6.788,QUARANTINE:dark-lane range=58 distinct=58
15,58,0,0,-1,0,0,-,,,0,5.726,QUARANTINE:dark-lane range=49 distinct=50
15,59,0,0,-1,0,0,-,,,0,4.882,QUARANTINE:dark-lane range=41 distinct=42
15,60,0,0,-1,0,0,-,,,0,4.157,QUARANTINE:dark-lane range=35 distinct=35
15,61,0,0,-1,0,0,-,,,0,3.564,QUARANTINE:dark-lane range=33 distinct=33
15,62,0,0,-1,0,0,-,,,0,2.954,QUARANTINE:dark-lane range=26 distinct=27
15,63,0,0,-1,0,0,-,,,0,2.400,QUARANTINE:dark-lane range=21 distinct=22
16,0,0,1.38,974,2.56,480562,Y2,,,0,20.692,clean
16,1,0,1.49,1,2.31,266433,Y4,,,0,19.600,clean
16,2,0,1.37,874,2.36,1358718,Y2,,,0,18.565,clean
16,3,0,1.57,1,2.31,906050,Y2,,,0,17.949,clean
16,4,0,1.56,1,2.33,513196,Y2,,,0,17.834,clean
16,5,0,1.54,1,2.32,426561,Y4,,,0,18.052,clean
16,6,0,1.47,1478,2.68,301749,Y2,,,0,17.974,clean
16,7,0,1.44,1,2.38,926346,Y2,,,0,17.401,clean
16,8,0,1.44,780,2.69,503093,Y4,,,0,16.745,clean
16,9,0,1.52,1,2.32,423878,Y2,,,0,16.212,clean
16,10,0,1.51,1,2.72,787407,Y2,,,0,16.225,clean
16,11,0,1.38,1,2.45,967830,Y4,,,0,16.584,clean
16,12,0,1.49,1,2.23,1081377,Y2,,,0,16.877,clean
16,13,0,1.72,1,2.53,627458,Y4,,,0,16.704,clean
16,14,0,1.73,1,2.32,401348,Y2,,,0,16.213,clean
16,15,0,1.44,1,2.37,328034,Y4,,,0,15.919,clean
16,16,0,1.61,1,2.22,1182318,Y4,,,0,16.172,clean
16,17,0,1.50,1,2.36,1336813,Y2,,,0,16.879,clean
16,18,0,1.61,723,2.37,45687,Y2,,,0,19.177,clean
16,19,0,1.62,1,2.41,106305,Y2,,,0,17.254,clean
16,20,0,1.37,393,2.35,1221389,Y4,,,0,16.339,clean
16,21,0,1.77,1,2.34,1020134,Y4,,,0,15.660,clean
16,22,0,1.62,1,2.40,257760,Y2,,,0,15.392,clean
16,23,0,1.42,1,2.50,301480,Y4,,,0,15.744,clean
16,24,0,1.45,1,2.26,605106,Y4,,,0,16.129,clean
16,25,0,2.35,204,2.46,518113,Y2,,,0,16.019,clean
16,26,0,1.72,1,2.68,501484,Y2,,,0,15.424,clean
16,27,0,1.56,641,2.61,1334220,Y4,,,0,14.969,clean
16,28,0,1.75,1,2.62,885129,Y2,,,0,14.455,clean
16,29,0,1.47,1,2.60,1096576,Y2,,,0,14.673,clean
16,30,0,1.60,1,2.69,872880,Y2,,,0,15.027,clean
16,31,0,1.63,1,2.60,1307487,Y4,,,0,14.982,clean
16,32,0,1.33,294,2.34,1233995,Y2,,,0,14.396,clean
16,33,0,1.78,1,2.57,847757,Y4,,,0,13.804,clean
16,34,0,1.69,1,2.55,1032203,Y4,,,0,13.639,clean
16,35,0,1.79,1,2.72,81539,Y2,,,0,14.029,clean
16,36,0,1.85,1,2.34,362098,Y2,,,0,14.536,clean
16,37,0,1.57,1,2.92,69827,Y4,,,0,14.662,clean
16,38,0,1.65,1,2.43,849813,Y2,,,0,14.165,clean
16,39,0,1.86,1,2.33,311852,Y4,,,0,13.514,clean
16,40,0,2.02,1,2.25,1082808,Y4,,,0,13.209,clean
16,41,0,1.81,1,2.56,1331270,Y4,,,0,13.432,clean
16,42,0,1.64,1,2.56,446051,Y4,,,0,13.875,clean
16,43,0,2.12,1,2.50,175595,Y4,,,0,14.133,clean
16,44,0,1.59,1,2.24,1273602,Y2,,,0,13.640,clean
16,45,0,1.92,1,2.39,706494,Y4,,,0,12.772,clean
16,46,0,1.80,1,2.53,347346,Y2,,,0,12.286,clean
16,47,0,2.09,1,2.58,83059,Y2,,,0,12.150,clean
16,48,0,1.84,1234,2.26,1055539,Y2,,,0,12.319,clean
16,49,0,1.72,1,2.41,575870,Y4,,,0,12.395,clean
16,50,0,2.01,1,2.35,279039,Y4,,,0,11.928,clean
16,51,0,2.02,1,2.32,2682,Y2,,,0,11.089,clean
16,52,0,1.95,1,2.49,1338959,Y2,,,0,10.287,clean
16,53,0,2.45,1,2.40,37730,Y2,,,0,9.738,clean
16,54,0,2.58,1,2.35,902295,Y4,0.00/noise-like,0.24/noise-like,0,9.349,hump-note
16,55,0,2.93,1,2.41,502020,Y2,0.00/noise-like,0.00/noise-like,0,8.862,hump-note
16,56,0,3.22,1,2.32,1109809,Y4,0.24/noise-like,0.00/noise-like,0,7.955,hump-note
16,57,0,0,-1,0,0,-,,,0,6.786,QUARANTINE:dark-lane range=59 distinct=59
16,58,0,0,-1,0,0,-,,,0,5.749,QUARANTINE:dark-lane range=50 distinct=50
16,59,0,0,-1,0,0,-,,,0,4.879,QUARANTINE:dark-lane range=44 distinct=44
16,60,0,0,-1,0,0,-,,,0,4.157,QUARANTINE:dark-lane range=39 distinct=37
16,61,0,0,-1,0,0,-,,,0,3.555,QUARANTINE:dark-lane range=32 distinct=33
16,62,0,0,-1,0,0,-,,,0,2.954,QUARANTINE:dark-lane range=27 distinct=26
16,63,0,0,-1,0,0,-,,,0,2.397,QUARANTINE:dark-lane range=21 distinct=22
17,0,0,1.47,715,2.46,32902,Y4,,,0,20.683,clean
17,1,0,1.39,1369,2.77,1267165,Y4,,,0,19.553,clean
17,2,0,1.35,923,2.48,245154,Y4,,,0,18.578,clean
17,3,0,1.71,1,2.44,822991,Y2,,,0,17.942,clean
17,4,0,1.55,1,2.48,1216918,Y2,,,0,17.848,clean
17,5,0,1.46,1,2.37,76890,Y2,,,1,18.061,clean
17,6,0,1.39,1510,2.35,1447588,Y4,,,0,17.979,clean
17,7,0,1.47,1,2.35,33617,Y2,,,0,17.468,clean
17,8,0,1.51,1,2.20,583380,Y2,,,0,16.755,clean
17,9,0,1.31,339,2.74,229329,Y2,,,0,16.256,clean
17,10,0,1.38,1,2.52,507474,Y4,,,0,16.223,clean
17,11,0,1.36,720,2.41,207603,Y2,,,0,16.628,clean
17,12,0,1.37,568,2.41,209481,Y4,,,0,16.877,clean
17,13,0,1.44,1,2.43,1145393,Y4,,,0,16.706,clean
17,14,0,1.45,1,2.39,413597,Y4,,,0,16.222,clean
17,15,0,1.47,1,2.47,219047,Y2,,,0,15.929,clean
17,16,0,1.71,1,2.91,1125008,Y4,,,0,16.173,clean
17,17,0,1.44,1,2.38,32097,Y2,,,0,16.886,clean
17,18,0,1.54,676,2.37,352174,Y2,,,0,19.168,clean
17,19,0,1.41,1,2.48,717312,Y4,,,0,17.213,clean
17,20,0,1.83,1,2.37,73493,Y2,,,0,16.366,clean
17,21,0,1.71,1,2.50,51945,Y4,,,0,15.633,clean
17,22,0,1.72,1,2.68,492096,Y4,,,0,15.394,clean
17,23,0,1.47,1,2.30,609934,Y4,,,0,15.763,clean
17,24,0,1.62,1,2.48,899792,Y4,,,0,16.173,clean
17,25,0,2.15,204,3.13,7331,Y4,0.00/noise-like,0.24/noise-like,4,16.014,FAM-HIT
17,26,0,1.71,1,2.28,567377,Y4,,,0,15.380,clean
17,27,0,1.60,617,2.67,799924,Y2,,,0,14.961,clean
17,28,0,1.57,1,2.38,1432925,Y4,,,0,14.451,clean
17,29,0,1.54,1,2.44,1265377,Y2,,,0,14.677,clean
17,30,0,1.55,1,2.31,1404405,Y4,,,0,15.013,clean
17,31,0,1.57,1,2.34,452042,Y2,,,0,14.996,clean
17,32,0,1.43,765,2.47,640064,Y4,,,0,14.426,clean
17,33,0,1.96,1,2.40,367999,Y4,,,0,13.799,clean
17,34,0,1.83,1,2.48,344664,Y2,,,0,13.661,clean
17,35,0,1.84,1,2.32,153512,Y2,,,0,14.023,clean
17,36,0,1.53,1,2.41,1228362,Y4,,,0,14.539,clean
17,37,0,1.84,1,2.52,1346916,Y4,,,0,14.652,clean
17,38,0,1.90,1,2.36,1128495,Y4,,,0,14.188,clean
17,39,0,1.74,1,2.35,146985,Y2,,,1,13.489,clean
17,40,0,1.57,1,2.37,1383662,Y2,,,0,13.212,clean
17,41,0,1.60,1,2.38,304162,Y2,,,0,13.386,clean
17,42,0,1.67,1,2.44,1274854,Y2,,,0,13.906,clean
17,43,0,1.78,1,2.52,143856,Y4,,,0,14.096,clean
17,44,0,1.72,1,2.21,217527,Y4,,,0,13.648,clean
17,45,0,2.16,1,2.47,750482,Y4,,,0,12.796,clean
17,46,0,1.79,1,2.66,1385361,Y2,,,0,12.280,clean
17,47,0,1.89,1,2.36,727147,Y2,,,0,12.134,clean
17,48,0,1.91,1234,2.35,68754,Y2,,,0,12.346,clean
17,49,0,1.91,1,2.24,492275,Y4,,,0,12.405,clean
17,50,0,1.95,1,2.50,252038,Y2,,,0,11.910,clean
17,51,0,2.00,1,2.40,612617,Y4,,,0,11.090,clean
17,52,0,2.28,1,2.65,1433372,Y2,,,0,10.308,clean
17,53,0,2.21,1,2.52,331342,Y4,,,0,9.714,clean
17,54,0,2.11,1,2.58,98169,Y2,,,0,9.351,clean
17,55,0,2.56,1,2.38,1287460,Y2,0.00/noise-like,0.00/noise-like,0,8.857,hump-note
17,56,0,3.39,1,2.50,563979,Y4,0.00/noise-like,0.00/noise-like,0,7.938,hump-note
17,57,0,0,-1,0,0,-,,,17,6.804,QUARANTINE:dark-lane range=62 distinct=58
17,58,0,0,-1,0,0,-,,,0,5.746,QUARANTINE:dark-lane range=56 distinct=51
17,59,0,0,-1,0,0,-,,,0,4.888,QUARANTINE:dark-lane range=47 distinct=44
17,60,0,0,-1,0,0,-,,,0,4.161,QUARANTINE:dark-lane range=34 distinct=35
17,61,0,0,-1,0,0,-,,,0,3.560,QUARANTINE:dark-lane range=29 distinct=30
17,62,0,0,-1,0,0,-,,,0,2.957,QUARANTINE:dark-lane range=24 distinct=25
17,63,0,0,-1,0,0,-,,,0,2.395,QUARANTINE:dark-lane range=21 distinct=22
18,0,0,1.34,1052,2.48,310063,Y4,,,0,20.699,clean
18,1,0,1.40,1,2.37,817448,Y2,,,0,19.582,clean
18,2,0,1.38,415,2.40,1196265,Y2,,,0,18.571,clean
18,3,0,1.33,888,2.56,884682,Y4,,,0,17.942,clean
18,4,0,1.37,1363,2.63,439525,Y2,,,0,17.850,clean
18,5,0,1.53,1,2.48,591695,Y2,,,0,18.081,clean
18,6,0,1.54,1,2.41,243455,Y4,,,0,17.977,clean
18,7,0,1.40,568,2.30,296026,Y2,,,0,17.424,clean
18,8,0,1.40,397,2.30,352085,Y4,,,0,16.731,clean
18,9,0,1.33,1468,2.38,286907,Y4,,,0,16.232,clean
18,10,0,1.58,1,2.28,9030,Y4,,,0,16.247,clean
18,11,0,1.61,1,2.36,903815,Y4,,,0,16.604,clean
18,12,0,1.73,1,2.22,306845,Y2,,,0,16.876,clean
18,13,0,1.31,312,2.46,1132071,Y4,,,0,16.699,clean
18,14,0,1.69,1,2.70,583380,Y2,,,0,16.221,clean
18,15,0,1.72,1,2.48,283241,Y2,,,0,15.922,clean
18,16,0,1.55,1,2.42,1284242,Y4,,,0,16.206,clean
18,17,0,1.56,1,2.29,1399219,Y4,,,0,16.888,clean
18,18,0,1.61,671,2.31,1041949,Y4,,,0,19.187,clean
18,19,0,1.50,1,2.48,729203,Y2,,,0,17.231,clean
18,20,0,1.63,1,2.48,815392,Y2,,,0,16.334,clean
18,21,0,1.63,1,2.48,608414,Y4,,,0,15.628,clean
18,22,0,1.75,1,2.46,766039,Y4,,,0,15.406,clean
18,23,0,1.43,1,2.34,1425415,Y4,,,0,15.729,clean
18,24,0,1.46,1,2.41,340730,Y4,,,0,16.121,clean
18,25,0,1.98,204,2.28,149220,Y4,,,0,16.007,clean
18,26,0,1.82,1,2.41,1197428,Y4,,,0,15.391,clean
18,27,0,1.84,1,2.24,1449734,Y4,,,0,14.955,clean
18,28,0,1.38,1,2.46,411272,Y2,,,0,14.464,clean
18,29,0,1.82,1,2.60,2414,Y2,,,0,14.698,clean
18,30,0,1.75,1,2.44,335634,Y4,,,0,15.016,clean
18,31,0,1.80,1,2.26,1030415,Y4,,,0,14.974,clean
18,32,0,1.39,1064,2.34,177205,Y4,,,0,14.415,clean
18,33,0,1.70,1,2.47,734121,Y2,,,0,13.794,clean
18,34,0,1.87,1,2.34,916153,Y4,,,0,13.649,clean
18,35,0,1.65,1,2.30,914276,Y4,,,0,14.029,clean
18,36,0,1.58,1,2.58,940830,Y4,,,0,14.525,clean
18,37,0,1.64,1,2.36,455260,Y2,,,0,14.643,clean
18,38,0,1.72,1,2.71,577837,Y4,,,0,14.173,clean
18,39,0,1.74,1,2.32,27895,Y2,,,0,13.507,clean
18,40,0,2.00,1,2.20,700951,Y4,,,0,13.191,clean
18,41,0,1.76,1,2.34,123918,Y2,,,0,13.403,clean
18,42,0,1.56,1,2.34,407070,Y2,,,0,13.887,clean
18,43,0,1.63,1,2.40,1072705,Y2,,,0,14.126,clean
18,44,0,2.09,1,2.55,331610,Y4,,,0,13.649,clean
18,45,0,1.81,1,2.22,1028270,Y4,,,0,12.787,clean
18,46,0,2.11,1,2.37,251591,Y2,,,0,12.259,clean
18,47,0,1.80,1,2.33,1116961,Y2,,,0,12.141,clean
18,48,0,1.68,1,2.25,265628,Y2,,,0,12.333,clean
18,49,0,1.84,1,2.38,1384825,Y4,,,0,12.428,clean
18,50,0,1.93,1,2.50,131160,Y2,,,0,11.925,clean
18,51,0,2.26,1,2.45,857860,Y2,,,0,11.081,clean
18,52,0,2.39,1,2.57,909001,Y4,,,0,10.295,clean
18,53,0,2.59,1,2.36,379354,Y2,0.00/noise-like,0.24/noise-like,0,9.741,hump-note
18,54,0,2.44,1,2.82,965327,Y2,,,0,9.371,clean
18,55,0,2.66,1,2.36,642747,Y2,0.00/noise-like,0.00/noise-like,0,8.877,hump-note
18,56,0,3.27,1,2.51,169337,Y4,0.00/noise-like,0.24/noise-like,0,7.938,hump-note
18,57,0,0,-1,0,0,-,,,0,6.782,QUARANTINE:dark-lane range=57 distinct=56
18,58,0,0,-1,0,0,-,,,0,5.749,QUARANTINE:dark-lane range=53 distinct=50
18,59,0,0,-1,0,0,-,,,0,4.888,QUARANTINE:dark-lane range=42 distinct=41
18,60,0,0,-1,0,0,-,,,0,4.155,QUARANTINE:dark-lane range=36 distinct=37
18,61,0,0,-1,0,0,-,,,0,3.558,QUARANTINE:dark-lane range=30 distinct=31
18,62,0,0,-1,0,0,-,,,0,2.958,QUARANTINE:dark-lane range=24 distinct=25
18,63,0,0,-1,0,0,-,,,0,2.404,QUARANTINE:dark-lane range=19 distinct=20
19,0,0,1.35,358,2.22,278950,Y4,,,0,20.750,clean
19,1,0,1.39,1,2.43,139207,Y2,,,0,19.614,clean
19,2,0,1.41,1,2.86,1339316,Y2,,,0,18.561,clean
19,3,0,1.33,717,2.48,494421,Y4,,,0,17.978,clean
19,4,0,1.35,1,3.07,1464844,Y4,0.00/noise-like,0.00/noise-like,0,17.836,FAM-HIT
19,5,0,1.73,1,2.56,504524,Y2,,,0,18.043,clean
19,6,0,1.46,1478,2.41,445873,Y4,,,0,17.985,clean
19,7,0,1.45,1,2.33,572562,Y2,,,0,17.438,clean
19,8,0,1.44,1,2.45,231743,Y2,,,0,16.746,clean
19,9,0,1.41,1,2.84,931978,Y2,,,0,16.226,clean
19,10,0,1.52,1,2.45,522226,Y4,,,0,16.260,clean
19,11,0,1.40,1512,2.36,152439,Y2,,,0,16.610,clean
19,12,0,1.62,1,2.42,825405,Y4,,,0,16.868,clean
19,13,0,1.53,1,2.42,862420,Y2,,,0,16.720,clean
19,14,0,1.44,1,2.35,66787,Y4,,,0,16.223,clean
19,15,0,1.49,1,2.46,480384,Y2,,,0,15.927,clean
19,16,0,1.54,1,2.43,779182,Y4,,,0,16.152,clean
19,17,0,1.38,1,2.49,857234,Y4,,,0,16.854,clean
19,18,0,1.61,730,2.69,1108378,Y4,,,0,19.172,clean
19,19,0,1.45,1,2.38,709534,Y4,,,0,17.248,clean
19,20,0,1.54,1,2.34,923663,Y4,,,0,16.357,clean
19,21,0,1.48,1,2.29,500500,Y2,,,0,15.659,clean
19,22,0,1.65,1,2.41,902206,Y2,,,0,15.389,clean
19,23,0,1.50,1,2.50,661343,Y4,,,0,15.729,clean
19,24,0,1.71,1,2.72,297278,Y4,,,0,16.144,clean
19,25,0,1.87,204,2.27,617176,Y2,,,0,15.987,clean
19,26,0,1.57,1,2.46,1319110,Y2,,,0,15.404,clean
19,27,0,1.77,1,2.41,31471,Y4,,,0,14.958,clean
19,28,0,1.84,1,2.40,798494,Y2,,,0,14.449,clean
19,29,0,1.76,1,2.52,536889,Y2,,,0,14.669,clean
19,30,0,1.72,1,2.41,941634,Y4,,,0,15.015,clean
19,31,0,1.78,1,2.50,1394391,Y2,,,0,14.988,clean
19,32,0,1.31,353,2.47,1096398,Y4,,,0,14.409,clean
19,33,0,1.66,1,2.71,763625,Y2,,,0,13.807,clean
19,34,0,1.50,1,2.70,1173198,Y4,,,0,13.662,clean
19,35,0,1.81,1,2.56,1323938,Y4,,,0,14.032,clean
19,36,0,1.47,1,2.32,985891,Y2,,,0,14.548,clean
19,37,0,1.60,1,2.24,73045,Y2,,,0,14.684,clean
19,38,0,1.78,1,2.75,622898,Y2,,,0,14.190,clean
19,39,0,2.09,1,2.29,993222,Y4,,,0,13.508,clean
19,40,0,1.63,1,2.72,846505,Y4,,,0,13.208,clean
19,41,0,1.60,1,2.38,761122,Y2,,,0,13.407,clean
19,42,0,1.86,1,2.46,799656,Y4,,,0,13.860,clean
19,43,0,1.66,1,2.34,230759,Y2,,,0,14.107,clean
19,44,0,1.68,1,2.31,945836,Y4,,,0,13.629,clean
19,45,0,1.85,1,2.28,1183838,Y4,,,0,12.810,clean
19,46,0,1.87,1,2.34,397861,Y4,,,0,12.267,clean
19,47,0,1.81,1,2.48,565499,Y2,,,0,12.137,clean
19,48,0,1.83,1,2.33,751734,Y2,,,0,12.335,clean
19,49,0,1.91,1,2.38,187755,Y4,,,0,12.414,clean
19,50,0,1.74,1,2.41,122219,Y2,,,0,11.920,clean
19,51,0,2.16,1,2.46,1220852,Y4,,,0,11.073,clean
19,52,0,2.44,1,2.44,936359,Y2,,,0,10.307,clean
19,53,0,2.09,1,2.56,233531,Y2,,,0,9.750,clean
19,54,0,2.28,1,2.43,244886,Y2,,,0,9.371,clean
19,55,0,2.91,1,2.46,58293,Y2,0.00/noise-like,0.00/noise-like,0,8.854,hump-note
19,56,0,3.17,1,2.46,465274,Y2,0.00/noise-like,0.24/noise-like,0,7.971,hump-note
19,57,0,0,-1,0,0,-,,,0,6.779,QUARANTINE:dark-lane range=63 distinct=60
19,58,0,0,-1,0,0,-,,,0,5.729,QUARANTINE:dark-lane range=46 distinct=45
19,59,0,0,-1,0,0,-,,,0,4.879,QUARANTINE:dark-lane range=43 distinct=44
19,60,0,0,-1,0,0,-,,,0,4.161,QUARANTINE:dark-lane range=37 distinct=38
19,61,0,0,-1,0,0,-,,,0,3.558,QUARANTINE:dark-lane range=33 distinct=33
19,62,0,0,-1,0,0,-,,,0,2.954,QUARANTINE:dark-lane range=27 distinct=26
19,63,0,0,-1,0,0,-,,,0,2.401,QUARANTINE:dark-lane range=23 distinct=23
20,0,0,1.37,669,2.38,380427,Y4,,,0,20.757,clean
20,1,0,1.72,1,2.60,180513,Y2,,,0,19.628,clean
20,2,0,1.33,242,2.44,1405299,Y2,,,0,18.562,clean
20,3,0,1.46,1,2.32,198841,Y4,,,0,17.971,clean
20,4,0,1.56,1,2.37,685126,Y2,,,0,17.849,clean
20,5,0,1.46,1,2.30,70810,Y4,,,0,18.032,clean
20,6,0,1.52,1478,2.36,451952,Y4,,,0,17.990,clean
20,7,0,1.38,1010,2.37,494868,Y2,,,0,17.437,clean
20,8,0,1.56,1,2.72,890404,Y4,,,0,16.730,clean
20,9,0,1.43,1,2.47,1208782,Y2,,,0,16.225,clean
20,10,0,1.48,1,2.31,831664,Y2,,,0,16.245,clean
20,11,0,1.52,1,2.22,343591,Y4,,,0,16.604,clean
20,12,0,1.51,1,2.36,447303,Y4,,,0,16.888,clean
20,13,0,1.56,1,2.33,845164,Y4,,,0,16.707,clean
20,14,0,1.52,1,2.47,1223803,Y4,,,0,16.207,clean
20,15,0,1.40,1,2.66,401974,Y4,,,0,15.921,clean
20,16,0,1.65,1,2.32,825763,Y4,,,0,16.141,clean
20,17,0,1.56,1,2.43,103623,Y2,,,0,16.866,clean
20,18,0,1.69,747,2.25,1213968,Y4,,,0,19.207,clean
20,19,0,1.57,1,2.45,1445979,Y4,,,0,17.255,clean
20,20,0,1.41,1,2.46,685573,Y2,,,0,16.355,clean
20,21,0,1.34,1,2.63,1384288,Y2,,,0,15.626,clean
20,22,0,1.54,1,2.56,723749,Y4,,,0,15.414,clean
20,23,0,1.63,1,2.54,1105338,Y4,,,0,15.731,clean
20,24,0,1.45,1288,2.35,362813,Y4,,,0,16.109,clean
20,25,0,1.85,204,2.44,1109988,Y4,,,0,16.002,clean
20,26,0,1.78,1,2.47,1288265,Y2,,,0,15.394,clean
20,27,0,1.69,630,2.44,228614,Y4,,,0,14.958,clean
20,28,0,1.57,1,2.35,821650,Y4,,,0,14.432,clean
20,29,0,1.60,1,2.37,844181,Y4,,,0,14.687,clean
20,30,0,1.62,1,2.46,402331,Y2,,,0,15.045,clean
20,31,0,1.60,1,2.26,44346,Y4,,,0,14.997,clean
20,32,0,1.34,168,2.78,388652,Y4,,,0,14.430,clean
20,33,0,1.70,1,2.30,1417637,Y2,,,0,13.802,clean
20,34,0,1.60,1,2.44,80287,Y2,,,0,13.657,clean
20,35,0,1.73,1,2.35,12964,Y2,,,0,14.005,clean
20,36,0,1.60,1,2.42,738949,Y4,,,0,14.515,clean
20,37,0,1.72,1,2.55,735641,Y2,,,0,14.689,clean
20,38,0,1.74,1,2.80,841588,Y4,,,0,14.153,clean
20,39,0,1.74,1,2.38,191420,Y4,,,0,13.515,clean
20,40,0,1.73,1,2.41,835776,Y4,,,0,13.194,clean
20,41,0,1.66,1,2.39,857681,Y2,,,0,13.415,clean
20,42,0,1.64,1,2.36,798762,Y2,,,0,13.878,clean
20,43,0,1.73,1,2.37,202149,Y2,,,0,14.117,clean
20,44,0,1.99,1,2.47,33706,Y2,,,0,13.614,clean
20,45,0,2.20,1,2.58,839978,Y4,,,0,12.794,clean
20,46,0,1.83,1,2.42,80913,Y4,,,0,12.290,clean
20,47,0,1.86,1,2.42,251502,Y4,,,0,12.128,clean
20,48,0,2.09,1,2.41,134289,Y4,,,0,12.351,clean
20,49,0,1.65,1,2.82,386685,Y4,,,0,12.431,clean
20,50,0,2.01,1,2.27,912130,Y4,,,0,11.928,clean
20,51,0,1.92,1,2.41,95308,Y4,,,0,11.080,clean
20,52,0,2.26,1,2.32,1209408,Y2,,,0,10.302,clean
20,53,0,2.35,1,2.33,307202,Y2,,,0,9.734,clean
20,54,0,2.65,1,2.33,158250,Y2,0.00/noise-like,0.24/noise-like,0,9.352,hump-note
20,55,0,2.88,1,2.26,265449,Y4,0.00/noise-like,0.00/noise-like,0,8.889,hump-note
20,56,0,2.66,1,2.31,959426,Y4,0.24/noise-like,0.00/noise-like,0,7.946,hump-note
20,57,0,0,-1,0,0,-,,,0,6.781,QUARANTINE:dark-lane range=57 distinct=57
20,58,0,0,-1,0,0,-,,,0,5.743,QUARANTINE:dark-lane range=52 distinct=49
20,59,0,0,-1,0,0,-,,,0,4.872,QUARANTINE:dark-lane range=45 distinct=46
20,60,0,0,-1,0,0,-,,,0,4.168,QUARANTINE:dark-lane range=37 distinct=37
20,61,0,0,-1,0,0,-,,,0,3.561,QUARANTINE:dark-lane range=31 distinct=31
20,62,0,0,-1,0,0,-,,,0,2.959,QUARANTINE:dark-lane range=28 distinct=28
20,63,0,0,-1,0,0,-,,,0,2.402,QUARANTINE:dark-lane range=19 distinct=20
21,0,0,1.35,223,2.33,1275390,Y2,,,0,20.706,clean
21,1,0,1.38,1505,2.31,778109,Y2,,,0,19.579,clean
21,2,0,1.47,1643,2.29,203043,Y2,,,0,18.564,clean
21,3,0,1.36,1010,2.62,949949,Y2,,,0,17.963,clean
21,4,0,1.56,1,2.45,376493,Y2,,,0,17.858,clean
21,5,0,1.36,1303,2.44,1084596,Y4,,,0,18.087,clean
21,6,0,1.51,1,2.25,1143157,Y2,,,0,17.979,clean
21,7,0,1.51,1,2.46,142694,Y2,,,0,17.429,clean
21,8,0,1.49,1,2.50,284582,Y4,,,0,16.721,clean
21,9,0,1.41,1,2.37,805,Y2,,,0,16.237,clean
21,10,0,1.48,1,2.33,75907,Y4,,,0,16.201,clean
21,11,0,1.70,1,2.32,117749,Y2,,,0,16.633,clean
21,12,0,1.34,1,2.54,702739,Y4,,,0,16.895,clean
21,13,0,1.35,548,2.85,1205832,Y4,,,0,16.719,clean
21,14,0,1.42,1,2.40,1310080,Y2,,,0,16.226,clean
21,15,0,1.62,1,2.45,438899,Y2,,,0,15.918,clean
21,16,0,1.79,1,2.65,994921,Y4,,,0,16.167,clean
21,17,0,1.43,1,2.65,679046,Y2,,,0,16.872,clean
21,18,0,1.58,790,2.29,44793,Y2,,,0,19.177,clean
21,19,0,1.43,1099,2.31,318468,Y2,,,0,17.261,clean
21,20,0,1.60,1,2.47,1369804,Y4,,,0,16.381,clean
21,21,0,1.47,1,2.37,177294,Y4,,,0,15.656,clean
21,22,0,1.55,1,2.41,235945,Y4,,,0,15.396,clean
21,23,0,1.36,1,2.36,299066,Y2,,,0,15.739,clean
21,24,0,1.63,1,2.32,552714,Y4,,,0,16.127,clean
21,25,0,2.08,204,2.62,240147,Y2,,,0,16.011,clean
21,26,0,1.58,1,2.52,214130,Y4,,,0,15.394,clean
21,27,0,1.81,1,2.60,38624,Y4,,,0,14.969,clean
21,28,0,1.68,1,2.67,39786,Y2,,,0,14.440,clean
21,29,0,1.70,1,2.43,929564,Y2,,,0,14.678,clean
21,30,0,1.59,1,2.36,842124,Y4,,,0,15.016,clean
21,31,0,1.84,1,2.25,111759,Y4,,,0,14.985,clean
21,32,0,1.46,1185,2.84,601709,Y2,,,0,14.391,clean
21,33,0,1.55,1,2.39,664830,Y2,,,0,13.834,clean
21,34,0,1.71,1,2.24,1196176,Y2,,,0,13.639,clean
21,35,0,1.51,1,2.44,854731,Y2,,,0,14.016,clean
21,36,0,1.53,1,2.35,1177579,Y4,,,0,14.540,clean
21,37,0,1.67,1,2.38,295848,Y4,,,0,14.669,clean
21,38,0,1.74,1,2.32,626832,Y2,,,0,14.176,clean
21,39,0,1.89,1,2.42,437200,Y2,,,0,13.483,clean
21,40,0,1.81,1,2.32,99242,Y2,,,0,13.184,clean
21,41,0,1.76,1,2.42,792950,Y2,,,0,13.433,clean
21,42,0,2.16,1,2.44,785172,Y4,,,0,13.872,clean
21,43,0,1.65,1,2.42,800014,Y2,,,0,14.141,clean
21,44,0,1.92,1,2.41,1354963,Y4,,,0,13.625,clean
21,45,0,2.12,1,2.47,1270205,Y2,,,0,12.797,clean
21,46,0,1.70,1,2.45,1319021,Y4,,,0,12.267,clean
21,47,0,1.85,1,2.39,87976,Y4,,,0,12.141,clean
21,48,0,1.74,1,2.55,1250982,Y2,,,0,12.340,clean
21,49,0,1.88,1,2.53,49621,Y2,,,0,12.397,clean
21,50,0,2.18,1,2.53,400096,Y4,,,0,11.930,clean
21,51,0,2.07,1,2.43,1084954,Y2,,,0,11.085,clean
21,52,0,2.34,1,2.45,952989,Y4,,,0,10.283,clean
21,53,0,2.38,1,2.33,86814,Y2,,,0,9.742,clean
21,54,0,2.56,1,2.78,288874,Y2,0.24/noise-like,0.00/noise-like,0,9.370,hump-note
21,55,0,2.53,1,2.74,317395,Y2,0.24/noise-like,0.00/noise-like,0,8.849,hump-note
21,56,0,3.00,1,2.30,1144946,Y4,0.00/noise-like,0.00/noise-like,0,7.958,hump-note
21,57,0,0,-1,0,0,-,,,0,6.793,QUARANTINE:dark-lane range=59 distinct=57
21,58,0,0,-1,0,0,-,,,0,5.749,QUARANTINE:dark-lane range=49 distinct=49
21,59,0,0,-1,0,0,-,,,0,4.874,QUARANTINE:dark-lane range=43 distinct=43
21,60,0,0,-1,0,0,-,,,0,4.169,QUARANTINE:dark-lane range=35 distinct=36
21,61,0,0,-1,0,0,-,,,0,3.562,QUARANTINE:dark-lane range=30 distinct=31
21,62,0,0,-1,0,0,-,,,0,2.960,QUARANTINE:dark-lane range=25 distinct=26
21,63,0,0,-1,0,0,-,,,0,2.396,QUARANTINE:dark-lane range=21 distinct=22
22,0,0,1.33,591,2.52,153333,Y2,,,0,20.715,clean
22,1,0,1.37,1223,2.53,571132,Y4,,,0,19.573,clean
22,2,0,1.35,1643,2.43,780880,Y2,,,0,18.586,clean
22,3,0,1.47,896,2.39,286549,Y2,,,0,17.951,clean
22,4,0,1.37,1070,2.27,1080662,Y4,,,0,17.856,clean
22,5,0,1.57,1,2.35,36567,Y2,,,0,18.072,clean
22,6,0,1.50,1,2.49,6795,Y2,,,0,17.979,clean
22,7,0,1.54,1,2.36,1259208,Y4,,,0,17.418,clean
22,8,0,1.49,1,2.34,163704,Y4,,,0,16.735,clean
22,9,0,1.57,1,2.33,625670,Y2,,,0,16.238,clean
22,10,0,1.51,1,2.69,335455,Y2,,,0,16.240,clean
22,11,0,1.43,1124,2.64,39428,Y2,,,0,16.640,clean
22,12,0,1.58,1,2.34,303894,Y2,,,0,16.873,clean
22,13,0,1.64,1,2.28,196517,Y4,,,0,16.710,clean
22,14,0,1.33,49,2.54,317037,Y2,,,0,16.237,clean
22,15,0,1.39,976,2.34,653833,Y4,,,0,15.907,clean
22,16,0,1.38,1,2.55,1152724,Y2,,,0,16.165,clean
22,17,0,1.63,1,2.38,1315087,Y2,,,0,16.857,clean
22,18,0,1.71,772,2.43,898987,Y2,,,0,19.212,clean
22,19,0,1.49,1,2.72,1026034,Y4,,,0,17.239,clean
22,20,0,1.39,344,2.56,450253,Y4,,,0,16.372,clean
22,21,0,1.83,1,2.54,375599,Y4,,,0,15.633,clean
22,22,0,1.88,1,2.56,186950,Y4,,,0,15.396,clean
22,23,0,1.76,1,2.27,767648,Y4,,,0,15.737,clean
22,24,0,1.57,1,2.52,867426,Y4,,,0,16.143,clean
22,25,0,1.89,204,2.25,1233727,Y4,,,0,16.012,clean
22,26,0,1.69,1,2.32,1214147,Y4,,,0,15.398,clean
22,27,0,1.88,1,2.62,717402,Y2,,,0,14.945,clean
22,28,0,1.75,1,2.56,239342,Y2,,,0,14.495,clean
22,29,0,1.81,1,2.66,794023,Y4,,,0,14.675,clean
22,30,0,1.55,1,2.59,1338422,Y2,,,0,15.036,clean
22,31,0,1.35,1,2.27,890940,Y2,,,0,14.973,clean
22,32,0,1.37,1147,2.66,58025,Y2,,,0,14.420,clean
22,33,0,1.69,1,2.38,148952,Y2,,,0,13.816,clean
22,34,0,1.89,1,2.30,387222,Y4,,,0,13.672,clean
22,35,0,1.71,1,2.26,468045,Y4,,,0,14.010,clean
22,36,0,1.62,1,2.34,391066,Y4,,,0,14.562,clean
22,37,0,1.85,1,2.37,197500,Y2,,,0,14.674,clean
22,38,0,1.57,1,2.42,648201,Y2,,,0,14.184,clean
22,39,0,1.57,1,2.31,67323,Y2,,,0,13.520,clean
22,40,0,1.73,1,2.63,862598,Y2,,,0,13.190,clean
22,41,0,2.13,1,2.42,78410,Y2,,,0,13.428,clean
22,42,0,1.78,1,2.31,563264,Y2,,,0,13.882,clean
22,43,0,1.71,1,2.49,665545,Y4,,,0,14.123,clean
22,44,0,1.88,1,2.36,44435,Y2,,,0,13.621,clean
22,45,0,1.96,1,2.90,104249,Y2,,,0,12.788,clean
22,46,0,1.99,1,2.48,605196,Y4,,,0,12.274,clean
22,47,0,1.74,1,2.57,233442,Y2,,,0,12.136,clean
22,48,0,1.90,1234,2.43,576943,Y4,,,0,12.352,clean
22,49,0,1.88,1,2.34,1259834,Y2,,,0,12.439,clean
22,50,0,1.98,1,2.36,481457,Y2,,,0,11.913,clean
22,51,0,2.01,1,2.37,333756,Y2,,,0,11.092,clean
22,52,0,2.03,1,2.61,767022,Y2,,,0,10.307,clean
22,53,0,2.30,1,2.37,1077712,Y4,,,0,9.732,clean
22,54,0,2.62,1,2.56,369608,Y2,0.00/noise-like,0.24/noise-like,0,9.361,hump-note
22,55,0,3.16,1,2.33,689507,Y4,0.00/noise-like,0.00/noise-like,0,8.868,hump-note
22,56,0,3.12,1,2.27,241578,Y2,0.24/noise-like,0.24/noise-like,0,7.961,hump-note
22,57,0,0,-1,0,0,-,,,0,6.780,QUARANTINE:dark-lane range=59 distinct=59
22,58,0,0,-1,0,0,-,,,0,5.741,QUARANTINE:dark-lane range=49 distinct=49
22,59,0,0,-1,0,0,-,,,0,4.877,QUARANTINE:dark-lane range=42 distinct=43
22,60,0,0,-1,0,0,-,,,0,4.166,QUARANTINE:dark-lane range=38 distinct=37
22,61,0,0,-1,0,0,-,,,0,3.561,QUARANTINE:dark-lane range=31 distinct=31
22,62,0,0,-1,0,0,-,,,0,2.953,QUARANTINE:dark-lane range=28 distinct=27
22,63,0,0,-1,0,0,-,,,0,2.400,QUARANTINE:dark-lane range=21 distinct=22
23,0,0,1.39,1509,2.42,391155,Y2,,,0,20.703,clean
23,1,0,1.54,1,2.40,83238,Y4,,,0,19.551,clean
23,2,0,1.51,1,2.32,955582,Y2,,,0,18.554,clean
23,3,0,1.56,1,2.66,1168370,Y2,,,0,17.932,clean
23,4,0,1.36,803,2.33,374705,Y4,,,0,17.842,clean
23,5,0,1.43,1,2.38,400901,Y2,,,0,18.072,clean
23,6,0,1.31,1478,2.39,856429,Y4,,,0,17.971,clean
23,7,0,1.36,1,2.52,481367,Y4,,,0,17.471,clean
23,8,0,1.40,368,2.36,1441866,Y4,,,0,16.772,clean
23,9,0,1.47,1,2.48,1358628,Y2,,,0,16.255,clean
23,10,0,1.44,1,2.58,620216,Y4,,,0,16.223,clean
23,11,0,1.36,1,2.24,673413,Y2,,,0,16.611,clean
23,12,0,1.60,1,2.28,1272887,Y4,,,0,16.885,clean
23,13,0,1.41,1,2.48,187486,Y2,,,0,16.685,clean
23,14,0,1.54,1,2.36,644177,Y2,,,0,16.196,clean
23,15,0,1.75,1,2.31,441313,Y2,,,0,15.914,clean
23,16,0,1.80,1,2.38,284493,Y4,,,0,16.204,clean
23,17,0,1.43,1,2.81,935018,Y2,,,0,16.881,clean
23,18,0,1.61,830,2.47,6884,Y4,,,0,19.183,clean
23,19,0,1.67,1,2.31,908196,Y2,,,0,17.227,clean
23,20,0,1.46,1,2.62,358,Y2,,,0,16.354,clean
23,21,0,1.46,813,2.42,740290,Y4,,,0,15.646,clean
23,22,0,1.62,1,2.38,216901,Y2,,,0,15.413,clean
23,23,0,1.64,1,2.33,133574,Y4,,,0,15.758,clean
23,24,0,1.60,1,2.27,1087993,Y4,,,0,16.157,clean
23,25,0,1.88,204,2.40,975251,Y4,,,0,15.992,clean
23,26,0,1.48,1,2.25,1048744,Y2,,,0,15.372,clean
23,27,0,1.75,630,2.25,657678,Y2,,,0,14.972,clean
23,28,0,1.78,1,2.23,186414,Y2,,,0,14.458,clean
23,29,0,1.55,1,2.52,75728,Y2,,,0,14.662,clean
23,30,0,1.47,1,2.36,842929,Y4,,,0,15.027,clean
23,31,0,1.68,1,2.54,958443,Y2,,,0,14.970,clean
23,32,0,1.33,1557,2.37,794828,Y4,,,0,14.425,clean
23,33,0,1.81,1,2.52,302643,Y2,,,0,13.796,clean
23,34,0,2.04,1,2.44,1131982,Y2,,,0,13.649,clean
23,35,0,1.67,1,2.35,390977,Y2,,,0,14.039,clean
23,36,0,1.58,1,2.29,835240,Y2,,,0,14.553,clean
23,37,0,1.51,1,2.45,666529,Y4,,,0,14.660,clean
23,38,0,1.44,1,2.45,894517,Y2,,,0,14.163,clean
23,39,0,1.90,1,2.55,1407087,Y4,,,0,13.505,clean
23,40,0,1.72,1,2.67,1077890,Y2,,,0,13.209,clean
23,41,0,1.85,1,2.33,120431,Y2,,,0,13.426,clean
23,42,0,1.67,1,2.23,823081,Y4,,,0,13.874,clean
23,43,0,1.84,1,2.50,205815,Y4,,,0,14.115,clean
23,44,0,1.83,1,2.39,340194,Y2,,,0,13.609,clean
23,45,0,2.02,1,2.29,416100,Y2,,,0,12.776,clean
23,46,0,2.01,1,2.69,1209319,Y2,,,0,12.283,clean
23,47,0,1.84,1,2.66,392497,Y2,,,0,12.136,clean
23,48,0,1.87,1234,2.48,991523,Y2,,,0,12.349,clean
23,49,0,1.99,1,2.42,537872,Y4,,,0,12.410,clean
23,50,0,1.80,1,2.45,240862,Y4,,,0,11.908,clean
23,51,0,2.02,1,2.67,1090407,Y2,,,0,11.088,clean
23,52,0,2.34,1,2.45,144750,Y4,,,0,10.284,clean
23,53,0,2.50,1,2.47,41485,Y2,,,0,9.734,clean
23,54,0,2.50,1,2.39,18954,Y4,,,0,9.366,clean
23,55,0,2.58,1,2.73,63747,Y2,0.00/noise-like,0.24/noise-like,0,8.873,hump-note
23,56,0,3.55,1,2.45,857502,Y4,0.00/noise-like,0.24/noise-like,0,7.961,hump-note
23,57,0,0,-1,0,0,-,,,0,6.776,QUARANTINE:dark-lane range=63 distinct=58
23,58,0,0,-1,0,0,-,,,0,5.743,QUARANTINE:dark-lane range=52 distinct=51
23,59,0,0,-1,0,0,-,,,0,4.883,QUARANTINE:dark-lane range=40 distinct=41
23,60,0,0,-1,0,0,-,,,0,4.161,QUARANTINE:dark-lane range=35 distinct=36
23,61,0,0,-1,0,0,-,,,0,3.559,QUARANTINE:dark-lane range=33 distinct=32
23,62,0,0,-1,0,0,-,,,0,2.956,QUARANTINE:dark-lane range=25 distinct=26
23,63,0,0,-1,0,0,-,,,0,2.405,QUARANTINE:dark-lane range=22 distinct=23
24,0,0,1.36,371,2.62,961572,Y2,,,0,20.748,clean
24,1,0,1.36,793,2.52,162899,Y4,,,0,19.582,clean
24,2,0,1.39,1454,2.28,744492,Y4,,,0,18.567,clean
24,3,0,1.33,1050,2.48,970781,Y4,,,0,17.956,clean
24,4,0,1.36,1,2.64,220031,Y2,,,0,17.818,clean
24,5,0,1.32,559,2.43,4470,Y4,,,0,18.070,clean
24,6,0,1.38,1,2.37,99242,Y4,,,0,17.972,clean
24,7,0,1.44,1,2.63,1153618,Y4,,,0,17.460,clean
24,8,0,1.62,1,2.59,1021922,Y4,,,0,16.749,clean
24,9,0,1.50,1,2.28,1206815,Y2,,,0,16.220,clean
24,10,0,1.36,1,2.30,1069665,Y2,,,0,16.244,clean
24,11,0,1.69,1,2.34,737786,Y4,,,0,16.626,clean
24,12,0,1.62,1,2.63,1118660,Y4,,,0,16.920,clean
24,13,0,1.46,1,2.50,800371,Y2,,,0,16.698,clean
24,14,0,1.49,1,2.34,260085,Y2,,,0,16.212,clean
24,15,0,1.53,1,2.50,534385,Y2,,,0,15.913,clean
24,16,0,1.55,1,2.36,1458764,Y2,,,0,16.179,clean
24,17,0,1.63,1,2.81,1064390,Y4,,,0,16.876,clean
24,18,0,1.58,789,2.57,1262337,Y4,,,0,19.226,clean
24,19,0,1.40,1,2.48,246406,Y2,,,0,17.229,clean
24,20,0,1.38,724,2.57,184804,Y2,,,0,16.328,clean
24,21,0,1.69,1,2.36,1377493,Y4,,,0,15.640,clean
24,22,0,1.81,1,2.40,286549,Y2,,,0,15.410,clean
24,23,0,1.48,1,2.38,1189291,Y4,,,0,15.709,clean
24,24,0,1.51,1,2.31,1423359,Y2,,,0,16.114,clean
24,25,0,1.83,204,2.47,763536,Y2,,,0,16.004,clean
24,26,0,1.82,1,2.49,446767,Y4,,,0,15.400,clean
24,27,0,1.63,629,2.40,540107,Y2,,,0,14.977,clean
24,28,0,1.58,1,2.46,547349,Y4,,,0,14.461,clean
24,29,0,1.66,1,2.46,268,Y4,,,0,14.683,clean
24,30,0,1.82,1,2.36,1248121,Y2,,,0,15.014,clean
24,31,0,1.45,1,2.58,1294613,Y2,,,0,15.004,clean
24,32,0,1.36,1558,2.27,1232117,Y4,,,0,14.384,clean
24,33,0,1.82,1,2.40,255615,Y4,,,0,13.792,clean
24,34,0,2.04,1,2.41,1228005,Y2,,,0,13.658,clean
24,35,0,1.77,1,2.39,614494,Y2,,,0,14.005,clean
24,36,0,1.65,1,2.59,1184911,Y2,,,0,14.544,clean
24,37,0,1.49,1,2.55,864029,Y4,,,0,14.652,clean
24,38,0,1.72,1,2.41,355750,Y4,,,0,14.203,clean
24,39,0,1.79,1,2.16,697196,Y4,,,0,13.506,clean
24,40,0,1.76,1,2.36,611097,Y4,,,0,13.192,clean
24,41,0,1.89,1,2.59,662237,Y2,,,0,13.418,clean
24,42,0,1.85,1,2.41,1355141,Y4,,,0,13.886,clean
24,43,0,1.67,1,2.57,1452953,Y2,,,0,14.117,clean
24,44,0,1.67,1,2.43,780344,Y2,,,0,13.609,clean
24,45,0,1.96,1,2.40,890583,Y4,,,0,12.804,clean
24,46,0,1.88,1,2.50,482798,Y2,,,0,12.282,clean
24,47,0,1.70,1,3.00,985980,Y4,0.24/noise-like,0.00/noise-like,0,12.133,FAM-HIT
24,48,0,1.67,1,2.28,171840,Y4,,,0,12.348,clean
24,49,0,2.17,1,2.30,977308,Y4,,,0,12.431,clean
24,50,0,2.07,1,2.38,1218975,Y4,,,0,11.924,clean
24,51,0,2.18,1,2.95,123382,Y4,,,0,11.082,clean
24,52,0,2.24,1,2.37,8762,Y2,,,0,10.293,clean
24,53,0,2.15,1,2.41,1306415,Y4,,,0,9.729,clean
24,54,0,2.70,1,2.79,1400739,Y2,0.00/noise-like,0.00/noise-like,0,9.377,hump-note
24,55,0,2.68,1,2.35,550479,Y4,0.24/noise-like,0.24/noise-like,0,8.874,hump-note
24,56,0,3.70,1,2.39,722587,Y2,0.00/noise-like,0.00/noise-like,0,7.954,hump-note
24,57,0,0,-1,0,0,-,,,0,6.785,QUARANTINE:dark-lane range=60 distinct=59
24,58,0,0,-1,0,0,-,,,0,5.745,QUARANTINE:dark-lane range=51 distinct=51
24,59,0,0,-1,0,0,-,,,0,4.870,QUARANTINE:dark-lane range=44 distinct=43
24,60,0,0,-1,0,0,-,,,0,4.164,QUARANTINE:dark-lane range=35 distinct=35
24,61,0,0,-1,0,0,-,,,0,3.562,QUARANTINE:dark-lane range=29 distinct=30
24,62,0,0,-1,0,0,-,,,0,2.959,QUARANTINE:dark-lane range=25 distinct=26
24,63,0,0,-1,0,0,-,,,0,2.403,QUARANTINE:dark-lane range=21 distinct=22
25,0,0,1.44,589,2.41,632018,Y4,,,0,20.698,clean
25,1,0,1.44,1467,2.37,182122,Y2,,,0,19.570,clean
25,2,0,1.45,1,2.31,1420498,Y2,,,0,18.569,clean
25,3,0,1.44,1121,2.26,1134127,Y2,,,0,17.967,clean
25,4,0,1.52,1,2.42,369072,Y4,,,0,17.819,clean
25,5,0,1.46,1,2.41,899792,Y4,,,0,18.033,clean
25,6,0,1.35,1478,2.41,13500,Y4,,,0,17.964,clean
25,7,0,1.38,391,2.35,87708,Y2,,,0,17.451,clean
25,8,0,1.63,1,2.47,167012,Y4,,,0,16.747,clean
25,9,0,1.41,1,2.69,4381,Y2,,,0,16.226,clean
25,10,0,1.35,1,2.40,907481,Y4,,,0,16.275,clean
25,11,0,1.34,433,2.76,825673,Y2,,,0,16.598,clean
25,12,0,1.41,1,2.51,338495,Y2,,,0,16.890,clean
25,13,0,1.48,514,2.28,300497,Y2,,,0,16.717,clean
25,14,0,1.51,1,2.48,666440,Y4,,,0,16.210,clean
25,15,0,1.65,1,2.46,988752,Y2,,,0,15.913,clean
25,16,0,1.52,1,2.50,751555,Y4,,,0,16.194,clean
25,17,0,1.38,1,3.00,11891,Y2,0.00/noise-like,0.00/noise-like,0,16.889,FAM-HIT
25,18,0,1.66,857,2.37,715435,Y2,,,0,19.199,clean
25,19,0,1.44,1,2.35,1080841,Y2,,,0,17.228,clean
25,20,0,1.41,1,2.34,291198,Y2,,,0,16.354,clean
25,21,0,1.74,1,2.39,846952,Y4,,,0,15.628,clean
25,22,0,1.49,1,2.38,237018,Y4,,,0,15.418,clean
25,23,0,1.49,1,2.38,1023978,Y2,,,0,15.754,clean
25,24,0,1.64,1,2.27,1252,Y4,,,0,16.109,clean
25,25,0,1.98,204,2.26,1309276,Y4,,,0,15.995,clean
25,26,0,1.87,1,2.39,524819,Y2,,,0,15.409,clean
25,27,0,1.56,1,2.38,1244098,Y4,,,0,14.963,clean
25,28,0,1.68,1,2.39,1347363,Y4,,,0,14.456,clean
25,29,0,1.83,1,2.23,1190186,Y2,,,0,14.688,clean
25,30,0,1.40,1,2.33,684500,Y2,,,0,15.026,clean
25,31,0,1.69,1,2.38,98616,Y2,,,0,14.978,clean
25,32,0,1.33,446,2.64,1310527,Y2,,,0,14.414,clean
25,33,0,1.43,1,2.28,156373,Y2,,,0,13.800,clean
25,34,0,1.58,1,2.39,918031,Y2,,,0,13.619,clean
25,35,0,1.65,1,2.37,175953,Y4,,,0,13.998,clean
25,36,0,1.66,1,2.37,1202524,Y2,,,0,14.566,clean
25,37,0,1.58,1,2.41,59545,Y2,,,0,14.661,clean
25,38,0,1.56,1,2.40,436664,Y4,,,0,14.171,clean
25,39,0,1.76,1,2.63,504166,Y4,,,0,13.491,clean
25,40,0,1.74,1,2.54,73314,Y4,,,0,13.206,clean
25,41,0,1.77,1,2.26,502020,Y4,,,0,13.397,clean
25,42,0,1.80,1,2.36,56863,Y2,,,0,13.861,clean
25,43,0,1.71,1,2.34,344664,Y2,,,0,14.114,clean
25,44,0,1.72,1,2.42,874043,Y4,,,0,13.614,clean
25,45,0,1.93,1,2.38,1161307,Y4,,,0,12.783,clean
25,46,0,1.72,1,2.61,1427203,Y4,,,0,12.269,clean
25,47,0,1.74,1,2.39,1158088,Y2,,,0,12.140,clean
25,48,0,1.86,1,2.37,595003,Y2,,,0,12.311,clean
25,49,0,1.84,1,2.57,429153,Y2,,,0,12.389,clean
25,50,0,2.05,1,2.36,319183,Y2,,,0,11.929,clean
25,51,0,2.37,1,2.24,684768,Y4,,,0,11.066,clean
25,52,0,2.41,1,2.32,917137,Y2,,,0,10.283,clean
25,53,0,2.25,1,2.36,101745,Y4,,,0,9.736,clean
25,54,0,2.61,1,2.37,1375705,Y2,0.00/noise-like,0.00/noise-like,0,9.355,hump-note
25,55,0,2.89,1,2.25,613511,Y4,0.00/noise-like,0.00/noise-like,0,8.879,hump-note
25,56,0,3.44,1,2.34,366122,Y2,0.00/noise-like,0.24/noise-like,0,7.954,hump-note
25,57,0,0,-1,0,0,-,,,0,6.779,QUARANTINE:dark-lane range=58 distinct=58
25,58,0,0,-1,0,0,-,,,0,5.741,QUARANTINE:dark-lane range=50 distinct=49
25,59,0,0,-1,0,0,-,,,0,4.875,QUARANTINE:dark-lane range=42 distinct=43
25,60,0,0,-1,0,0,-,,,0,4.161,QUARANTINE:dark-lane range=36 distinct=37
25,61,0,0,-1,0,0,-,,,0,3.558,QUARANTINE:dark-lane range=31 distinct=32
25,62,0,0,-1,0,0,-,,,0,2.951,QUARANTINE:dark-lane range=25 distinct=26
25,63,0,0,-1,0,0,-,,,0,2.402,QUARANTINE:dark-lane range=21 distinct=22
26,0,0,1.31,354,2.48,1212895,Y4,,,0,20.751,clean
26,1,0,1.38,171,2.73,1221299,Y2,,,0,19.611,clean
26,2,0,1.37,1565,2.32,305057,Y4,,,0,18.538,clean
26,3,0,1.33,923,2.40,1126438,Y2,,,0,17.974,clean
26,4,0,1.38,1126,2.42,152260,Y2,,,0,17.838,clean
26,5,0,1.40,932,2.47,811189,Y2,,,0,18.052,clean
26,6,0,1.55,1,2.61,911504,Y4,,,0,17.969,clean
26,7,0,1.69,1,2.59,873774,Y2,,,0,17.474,clean
26,8,0,1.46,1,2.47,142515,Y4,,,0,16.758,clean
26,9,0,1.60,1,2.41,88871,Y2,,,0,16.236,clean
26,10,0,1.48,1,2.46,427365,Y2,,,0,16.279,clean
26,11,0,1.48,1,2.51,468045,Y4,,,0,16.624,clean
26,12,0,1.48,1,2.57,779718,Y4,,,0,16.855,clean
26,13,0,1.36,738,2.57,1169533,Y4,,,0,16.723,clean
26,14,0,1.52,1,2.42,299871,Y2,,,0,16.214,clean
26,15,0,1.50,1,2.69,1131803,Y4,,,0,15.920,clean
26,16,0,1.63,1,2.37,13590,Y4,,,0,16.205,clean
26,17,0,1.39,453,2.47,1395732,Y2,,,0,16.847,clean
26,18,0,1.59,707,2.52,697285,Y4,,,0,19.229,clean
26,19,0,1.32,1279,2.32,483334,Y4,,,0,17.254,clean
26,20,0,1.44,637,2.54,798494,Y2,,,0,16.364,clean
26,21,0,1.34,1193,2.36,184536,Y4,,,0,15.650,clean
26,22,0,1.53,1,2.42,66072,Y4,,,0,15.403,clean
26,23,0,1.39,407,2.43,321239,Y2,,,0,15.721,clean
26,24,0,1.37,1,2.43,1021832,Y2,,,0,16.108,clean
26,25,0,2.01,204,2.57,433981,Y4,,,0,16.015,clean
26,26,0,1.80,1,2.29,1285583,Y2,,,0,15.393,clean
26,27,0,1.71,1,2.28,577658,Y2,,,0,14.952,clean
26,28,0,1.75,1,2.60,1218706,Y2,,,0,14.443,clean
26,29,0,1.53,1,2.55,678688,Y4,,,0,14.688,clean
26,30,0,1.65,1,2.51,512391,Y2,,,0,15.035,clean
26,31,0,1.66,1,2.40,483960,Y2,,,0,14.967,clean
26,32,0,1.44,302,2.41,39876,Y4,,,0,14.390,clean
26,33,0,1.75,1,2.44,613958,Y4,,,0,13.795,clean
26,34,0,1.78,1,2.32,82433,Y4,,,0,13.652,clean
26,35,0,1.46,1,2.25,65088,Y2,,,0,13.991,clean
26,36,0,1.54,1,2.69,712574,Y2,,,0,14.543,clean
26,37,0,1.42,1237,2.46,1031756,Y4,,,0,14.654,clean
26,38,0,1.64,1,2.91,1095772,Y2,,,0,14.176,clean
26,39,0,1.61,1,2.34,75281,Y2,,,0,13.520,clean
26,40,0,1.76,1,2.21,612795,Y4,,,0,13.178,clean
26,41,0,1.90,1,2.58,439614,Y4,,,0,13.428,clean
26,42,0,1.74,1,2.46,1214147,Y4,,,0,13.885,clean
26,43,0,1.85,1,2.24,1206815,Y4,,,0,14.147,clean
26,44,0,1.72,1,2.51,235856,Y4,,,0,13.622,clean
26,45,0,1.78,1,2.41,760049,Y4,,,0,12.778,clean
26,46,0,1.84,1,2.37,281990,Y2,,,0,12.271,clean
26,47,0,1.84,1,2.35,566751,Y2,,,0,12.155,clean
26,48,0,1.67,1,2.39,284404,Y2,,,0,12.349,clean
26,49,0,2.15,1,2.57,412703,Y2,,,0,12.434,clean
26,50,0,1.87,1,2.40,1306862,Y4,,,0,11.905,clean
26,51,0,2.26,1,2.40,1412272,Y4,,,0,11.064,clean
26,52,0,2.21,1,2.26,879496,Y2,,,0,10.292,clean
26,53,0,2.38,1,2.32,566483,Y2,,,0,9.735,clean
26,54,0,2.54,1,2.29,220746,Y4,0.00/noise-like,0.00/noise-like,0,9.351,hump-note
26,55,0,2.85,1,2.56,1142710,Y2,0.00/noise-like,0.00/noise-like,0,8.873,hump-note
26,56,0,3.27,1,2.47,169963,Y4,0.00/noise-like,0.00/noise-like,0,7.960,hump-note
26,57,0,0,-1,0,0,-,,,0,6.780,QUARANTINE:dark-lane range=56 distinct=57
26,58,0,0,-1,0,0,-,,,0,5.743,QUARANTINE:dark-lane range=52 distinct=50
26,59,0,0,-1,0,0,-,,,0,4.881,QUARANTINE:dark-lane range=40 distinct=41
26,60,0,0,-1,0,0,-,,,0,4.166,QUARANTINE:dark-lane range=38 distinct=39
26,61,0,0,-1,0,0,-,,,0,3.558,QUARANTINE:dark-lane range=29 distinct=30
26,62,0,0,-1,0,0,-,,,0,2.959,QUARANTINE:dark-lane range=25 distinct=26
26,63,0,0,-1,0,0,-,,,0,2.399,QUARANTINE:dark-lane range=19 distinct=20
27,0,0,1.33,287,2.51,1315981,Y4,,,0,20.723,clean
27,1,0,1.33,1193,2.38,730097,Y4,,,0,19.603,clean
27,2,0,1.37,1063,2.36,458926,Y2,,,0,18.572,clean
27,3,0,1.66,1,2.34,616729,Y2,,,0,17.986,clean
27,4,0,1.61,1,2.41,260264,Y2,,,0,17.824,clean
27,5,0,1.39,180,2.63,672609,Y2,,,0,18.047,clean
27,6,0,1.59,1478,2.54,42826,Y2,,,0,17.980,clean
27,7,0,1.43,1,2.45,326872,Y4,,,0,17.415,clean
27,8,0,1.38,1,2.31,252217,Y2,,,0,16.757,clean
27,9,0,1.73,1,2.35,834167,Y4,,,0,16.251,clean
27,10,0,1.51,1,2.51,184000,Y2,,,0,16.242,clean
27,11,0,1.40,649,2.27,1061797,Y4,,,1,16.613,clean
27,12,0,1.60,1,2.30,1034081,Y2,,,0,16.876,clean
27,13,0,1.49,1,2.33,1262158,Y4,,,0,16.695,clean
27,14,0,1.58,1,2.72,1369894,Y4,,,0,16.191,clean
27,15,0,1.64,1,2.30,54359,Y4,,,0,15.905,clean
27,16,0,1.62,1,2.28,832200,Y2,,,0,16.182,clean
27,17,0,1.46,1,2.50,434428,Y2,,,0,16.889,clean
27,18,0,1.61,751,2.48,1376063,Y2,,,0,19.185,clean
27,19,0,1.61,1,2.37,56595,Y2,,,0,17.279,clean
27,20,0,1.68,1,2.27,1076728,Y4,,,0,16.366,clean
27,21,0,1.59,1,2.34,757903,Y2,,,0,15.633,clean
27,22,0,1.82,1,2.61,790626,Y4,,,0,15.417,clean
27,23,0,1.65,1,2.55,1035154,Y4,,,0,15.735,clean
27,24,0,1.46,1,2.46,1104534,Y2,,,0,16.139,clean
27,25,0,2.11,204,2.40,411719,Y4,,,0,16.012,clean
27,26,0,1.43,1,2.24,107914,Y2,,,0,15.399,clean
27,27,0,1.71,1,2.53,124276,Y4,,,0,14.946,clean
27,28,0,1.74,1,2.42,44703,Y2,,,0,14.465,clean
27,29,0,1.65,1,2.52,673503,Y4,,,0,14.684,clean
27,30,0,1.67,1,2.44,1097292,Y4,,,0,15.030,clean
27,31,0,1.70,1,2.38,422895,Y2,,,0,14.971,clean
27,32,0,1.38,383,2.86,533223,Y2,,,0,14.401,clean
27,33,0,1.75,1,2.52,1287282,Y2,,,0,13.794,clean
27,34,0,1.94,1,2.24,15736,Y4,,,0,13.622,clean
27,35,0,1.73,1,2.43,440687,Y2,,,0,14.027,clean
27,36,0,1.80,1,2.70,1403779,Y2,,,0,14.546,clean
27,37,0,1.76,1,2.38,1362920,Y2,,,0,14.661,clean
27,38,0,1.79,1,2.22,461787,Y2,,,0,14.193,clean
27,39,0,1.98,1,2.36,115961,Y4,,,0,13.527,clean
27,40,0,1.69,1,2.27,156730,Y2,,,0,13.199,clean
27,41,0,1.81,1,2.31,216633,Y2,,,0,13.411,clean
27,42,0,1.82,1,2.36,635862,Y4,,,0,13.879,clean
27,43,0,2.03,1,2.48,762910,Y4,,,0,14.113,clean
27,44,0,1.86,1,2.55,697553,Y4,,,0,13.636,clean
27,45,0,1.83,1,2.49,1027018,Y2,,,0,12.788,clean
27,46,0,1.89,1,2.42,73850,Y2,,,0,12.262,clean
27,47,0,1.75,1,2.44,225931,Y2,,,0,12.137,clean
27,48,0,1.89,1,2.33,1000822,Y2,,,0,12.315,clean
27,49,0,2.04,1,2.50,938326,Y2,,,0,12.410,clean
27,50,0,1.88,1,2.53,556737,Y2,,,0,11.943,clean
27,51,0,1.82,1,2.65,934660,Y2,,,0,11.086,clean
27,52,0,2.19,1,2.79,354141,Y2,,,0,10.305,clean
27,53,0,2.28,1,2.51,1408428,Y4,,,0,9.730,clean
27,54,0,2.18,1,2.49,1268953,Y2,,,0,9.361,clean
27,55,0,2.49,1,2.52,43631,Y2,,,0,8.865,clean
27,56,0,2.86,1,2.53,1250625,Y4,0.00/noise-like,0.00/noise-like,0,7.947,hump-note
27,57,0,0,-1,0,0,-,,,0,6.789,QUARANTINE:dark-lane range=56 distinct=56
27,58,0,0,-1,0,0,-,,,0,5.734,QUARANTINE:dark-lane range=48 distinct=49
27,59,0,0,-1,0,0,-,,,0,4.877,QUARANTINE:dark-lane range=41 distinct=42
27,60,0,0,-1,0,0,-,,,0,4.155,QUARANTINE:dark-lane range=38 distinct=38
27,61,0,0,-1,0,0,-,,,0,3.559,QUARANTINE:dark-lane range=32 distinct=33
27,62,0,0,-1,0,0,-,,,0,2.958,QUARANTINE:dark-lane range=25 distinct=26
27,63,0,0,-1,0,0,-,,,0,2.403,QUARANTINE:dark-lane range=21 distinct=22
28,0,0,1.34,307,2.37,860453,Y4,,,0,20.700,clean
28,1,0,1.44,796,2.28,80645,Y2,,,0,19.584,clean
28,2,0,1.40,429,2.34,998944,Y4,,,0,18.556,clean
28,3,0,1.42,1222,2.46,173807,Y4,,,0,17.964,clean
28,4,0,1.56,1,2.23,124991,Y2,,,0,17.852,clean
28,5,0,1.58,1,2.44,1093000,Y4,,,0,18.052,clean
28,6,0,1.63,1478,2.26,579089,Y2,,,0,17.975,clean
28,7,0,1.78,1,2.34,111848,Y4,,,0,17.443,clean
28,8,0,1.70,1,2.45,68486,Y2,,,0,16.735,clean
28,9,0,1.55,1,2.46,424325,Y2,,,0,16.243,clean
28,10,0,1.60,1,2.34,1014501,Y4,,,0,16.225,clean
28,11,0,1.36,493,2.59,1300782,Y4,,,0,16.598,clean
28,12,0,1.42,1,2.21,133485,Y2,,,0,16.860,clean
28,13,0,1.40,1,2.61,1097113,Y2,,,0,16.704,clean
28,14,0,1.48,1,2.29,649184,Y4,,,0,16.199,clean
28,15,0,1.45,1,2.74,176400,Y2,,,0,15.919,clean
28,16,0,1.35,173,2.36,630945,Y4,,,0,16.191,clean
28,17,0,1.40,1,2.51,779986,Y4,,,0,16.856,clean
28,18,0,1.61,659,2.42,34332,Y2,,,0,19.197,clean
28,19,0,1.48,1,2.29,1135200,Y4,,,0,17.256,clean
28,20,0,1.33,311,2.38,1306415,Y2,,,0,16.378,clean
28,21,0,1.72,1,2.28,890225,Y2,,,0,15.638,clean
28,22,0,1.63,1,2.78,356555,Y4,,,0,15.383,clean
28,23,0,1.35,1234,2.80,174344,Y2,,,0,15.738,clean
28,24,0,1.43,1,2.49,122398,Y4,,,0,16.139,clean
28,25,0,2.01,204,2.35,694245,Y2,,,0,16.026,clean
28,26,0,1.48,1,2.46,581592,Y2,,,0,15.411,clean
28,27,0,1.71,1,2.39,784904,Y2,,,0,14.972,clean
28,28,0,1.49,1,2.66,863850,Y2,,,0,14.426,clean
28,29,0,1.56,1,2.51,1113206,Y2,,,0,14.675,clean
28,30,0,1.88,1,2.51,924110,Y4,,,0,15.055,clean
28,31,0,1.73,1,2.40,1172125,Y2,,,0,14.981,clean
28,32,0,1.38,247,2.34,597596,Y2,,,0,14.421,clean
28,33,0,1.72,1,2.40,1457423,Y2,,,0,13.811,clean
28,34,0,1.55,1,2.54,1031578,Y4,,,0,13.638,clean
28,35,0,1.65,1,2.42,95665,Y2,,,0,14.015,clean
28,36,0,1.72,1,2.48,986069,Y4,,,0,14.550,clean
28,37,0,1.71,1,2.40,775427,Y4,,,0,14.648,clean
28,38,0,1.50,1,2.49,972211,Y4,,,0,14.184,clean
28,39,0,1.81,1,2.36,770956,Y4,,,0,13.495,clean
28,40,0,1.97,1,2.40,1026034,Y4,,,0,13.173,clean
28,41,0,1.51,1,2.42,388831,Y4,,,0,13.420,clean
28,42,0,1.65,1,2.22,279397,Y2,,,0,13.881,clean
28,43,0,2.01,1,2.35,757098,Y2,,,0,14.124,clean
28,44,0,1.88,1,2.37,672430,Y4,,,0,13.595,clean
28,45,0,1.79,1,2.42,233352,Y2,,,0,12.821,clean
28,46,0,2.00,1,2.35,1083165,Y4,,,0,12.255,clean
28,47,0,1.91,1,2.43,60439,Y2,,,0,12.134,clean
28,48,0,1.73,1,2.39,184536,Y4,,,0,12.350,clean
28,49,0,2.00,1,2.43,1073778,Y4,,,0,12.430,clean
28,50,0,2.02,1,2.96,146538,Y4,,,0,11.936,clean
28,51,0,2.10,1,2.65,846416,Y2,,,0,11.108,clean
28,52,0,2.32,1,2.69,367999,Y4,,,0,10.283,clean
28,53,0,2.79,1,2.35,74923,Y2,0.00/noise-like,0.00/noise-like,0,9.736,hump-note
28,54,0,2.34,1,2.48,878334,Y4,,,0,9.371,clean
28,55,0,2.44,1,2.43,536174,Y4,,,0,8.863,clean
28,56,0,3.22,1,2.35,1009226,Y4,0.00/noise-like,0.00/noise-like,0,7.947,hump-note
28,57,0,0,-1,0,0,-,,,0,6.784,QUARANTINE:dark-lane range=57 distinct=58
28,58,0,0,-1,0,0,-,,,0,5.729,QUARANTINE:dark-lane range=46 distinct=47
28,59,0,0,-1,0,0,-,,,0,4.870,QUARANTINE:dark-lane range=44 distinct=43
28,60,0,0,-1,0,0,-,,,0,4.166,QUARANTINE:dark-lane range=37 distinct=37
28,61,0,0,-1,0,0,-,,,0,3.564,QUARANTINE:dark-lane range=31 distinct=32
28,62,0,0,-1,0,0,-,,,0,2.961,QUARANTINE:dark-lane range=27 distinct=26
28,63,0,0,-1,0,0,-,,,0,2.399,QUARANTINE:dark-lane range=21 distinct=22
29,0,0,1.36,773,2.41,1366407,Y2,,,0,20.704,clean
29,1,0,1.39,1270,2.63,140816,Y2,,,0,19.564,clean
29,2,0,1.52,1,2.65,533849,Y4,,,0,18.534,clean
29,3,0,1.42,1,2.28,797063,Y4,,,0,17.950,clean
29,4,0,1.74,1,2.61,114888,Y4,,,0,17.843,clean
29,5,0,1.43,345,2.65,1201451,Y4,,,0,18.023,clean
29,6,0,1.39,1,2.28,221103,Y2,,,0,17.971,clean
29,7,0,1.55,1,2.28,133216,Y4,,,1,17.447,clean
29,8,0,1.61,1,2.47,1427025,Y2,,,0,16.748,clean
29,9,0,1.43,1351,2.43,958711,Y4,,,0,16.258,clean
29,10,0,1.69,1,2.46,59813,Y2,,,0,16.239,clean
29,11,0,1.61,1,2.40,1369089,Y4,,,0,16.631,clean
29,12,0,1.60,1,2.34,1113653,Y4,,,0,16.874,clean
29,13,0,1.56,1,2.28,347972,Y2,,,0,16.704,clean
29,14,0,1.46,1,2.39,562370,Y4,,,0,16.209,clean
29,15,0,1.50,1,2.42,404745,Y4,,,0,15.907,clean
29,16,0,1.55,1,2.54,162452,Y2,,,0,16.194,clean
29,17,0,1.60,1,2.74,205457,Y2,,,0,16.856,clean
29,18,0,1.60,636,2.67,928849,Y4,,,0,19.195,clean
29,19,0,1.44,295,2.41,969797,Y4,,,0,17.275,clean
29,20,0,1.36,1,2.60,1400024,Y2,,,0,16.353,clean
29,21,0,1.58,1,2.48,690579,Y2,,,0,15.663,clean
29,22,0,1.63,1,2.34,727952,Y4,,,0,15.403,clean
29,23,0,1.88,1,2.72,1417011,Y4,,,0,15.751,clean
29,24,0,1.61,1,2.21,861883,Y4,,,0,16.117,clean
29,25,0,2.17,204,3.00,73045,Y4,0.00/noise-like,0.00/noise-like,4,15.992,FAM-HIT
29,26,0,1.60,1,2.28,1177937,Y4,,,0,15.404,clean
29,27,0,1.59,610,2.31,44435,Y2,,,0,14.974,clean
29,28,0,1.65,1,2.50,610918,Y4,,,0,14.453,clean
29,29,0,1.97,1,2.48,1105160,Y4,,,0,14.671,clean
29,30,0,1.59,1,2.64,1297027,Y4,,,0,15.017,clean
29,31,0,1.54,1,2.86,446945,Y2,,,0,14.998,clean
29,32,0,1.37,257,2.57,573546,Y4,,,0,14.395,clean
29,33,0,1.61,1,2.31,38177,Y4,,,0,13.828,clean
29,34,0,1.79,1,2.44,37998,Y4,,,0,13.624,clean
29,35,0,1.66,1,2.38,906140,Y2,,,0,14.011,clean
29,36,0,1.58,1,2.44,1116514,Y2,,,0,14.551,clean
29,37,0,1.72,1,2.35,96023,Y4,,,0,14.682,clean
29,38,0,1.63,1,2.63,214666,Y4,,,0,14.193,clean
29,39,0,1.49,1,2.33,187576,Y4,,,0,13.498,clean
29,40,0,1.80,1,2.46,327408,Y2,,,0,13.209,clean
29,41,0,1.72,1,2.37,203222,Y2,,,0,13.386,clean
29,42,0,1.79,1,2.50,288874,Y2,,,0,13.883,clean
29,43,0,1.56,1,2.31,1090586,Y4,,,0,14.129,clean
29,44,0,1.59,1,2.85,796080,Y4,,,0,13.620,clean
29,45,0,1.65,1,2.36,1129657,Y2,,,0,12.812,clean
29,46,0,2.03,1,2.70,267416,Y2,,,0,12.264,clean
29,47,0,1.67,1,2.49,844717,Y4,,,0,12.138,clean
29,48,0,1.78,1,2.41,182927,Y4,,,0,12.349,clean
29,49,0,1.93,1,2.40,1000196,Y4,,,0,12.427,clean
29,50,0,1.70,1,2.29,393927,Y2,,,0,11.933,clean
29,51,0,1.87,1,2.34,234425,Y2,,,0,11.094,clean
29,52,0,2.46,1,2.47,892997,Y2,,,0,10.294,clean
29,53,0,2.36,1,2.49,543952,Y2,,,0,9.722,clean
29,54,0,2.29,1,2.76,387490,Y2,,,0,9.350,clean
29,55,0,2.81,1,2.75,124454,Y2,0.00/noise-like,0.00/noise-like,0,8.867,hump-note
29,56,0,3.28,1,2.42,1303911,Y4,0.24/noise-like,0.00/noise-like,0,7.964,hump-note
29,57,0,0,-1,0,0,-,,,4,6.802,QUARANTINE:dark-lane range=60 distinct=59
29,58,0,0,-1,0,0,-,,,0,5.739,QUARANTINE:dark-lane range=50 distinct=50
29,59,0,0,-1,0,0,-,,,0,4.889,QUARANTINE:dark-lane range=45 distinct=45
29,60,0,0,-1,0,0,-,,,0,4.167,QUARANTINE:dark-lane range=39 distinct=38
29,61,0,0,-1,0,0,-,,,0,3.563,QUARANTINE:dark-lane range=30 distinct=31
29,62,0,0,-1,0,0,-,,,0,2.956,QUARANTINE:dark-lane range=26 distinct=27
29,63,0,0,-1,0,0,-,,,0,2.396,QUARANTINE:dark-lane range=21 distinct=22
30,0,0,1.51,840,2.56,970155,Y4,,,0,20.659,clean
30,1,0,1.51,1,2.42,1150131,Y4,,,0,19.603,clean
30,2,0,1.37,92,2.50,1146823,Y2,,,0,18.566,clean
30,3,0,1.47,1,2.46,494778,Y2,,,0,17.977,clean
30,4,0,1.60,1,2.35,431836,Y4,,,0,17.846,clean
30,5,0,1.49,1,2.64,51141,Y2,,,0,18.072,clean
30,6,0,1.41,1,2.42,412434,Y4,,,0,17.971,clean
30,7,0,1.46,1,2.32,1338780,Y4,,,0,17.430,clean
30,8,0,1.36,1,2.38,85831,Y4,,,0,16.753,clean
30,9,0,1.79,1,2.22,209838,Y4,,,0,16.231,clean
30,10,0,1.69,1,2.23,353426,Y2,,,0,16.268,clean
30,11,0,1.38,1,2.55,920624,Y4,,,0,16.640,clean
30,12,0,1.45,773,2.77,1457065,Y2,,,0,16.875,clean
30,13,0,1.37,1,2.34,1280397,Y2,,,0,16.702,clean
30,14,0,1.49,1,2.27,365585,Y2,,,0,16.198,clean
30,15,0,1.51,1,2.74,336617,Y2,,,0,15.908,clean
30,16,0,1.79,1,2.65,424325,Y4,,,0,16.217,clean
30,17,0,1.40,1,2.43,308633,Y4,,,0,16.899,clean
30,18,0,1.58,736,2.34,128746,Y2,,,0,19.194,clean
30,19,0,1.44,1,2.46,219047,Y2,,,0,17.239,clean
30,20,0,1.40,1,2.52,1464844,Y2,,,0,16.336,clean
30,21,0,1.62,1,2.42,502288,Y4,,,0,15.648,clean
30,22,0,1.64,1,2.41,799388,Y4,,,0,15.430,clean
30,23,0,1.64,1,2.32,207424,Y2,,,0,15.727,clean
30,24,0,1.81,1,2.36,324100,Y2,,,0,16.163,clean
30,25,0,2.22,204,2.61,609219,Y2,,,0,16.027,clean
30,26,0,1.64,1,2.38,728130,Y2,,,0,15.377,clean
30,27,0,1.63,626,2.39,977755,Y4,,,0,14.976,clean
30,28,0,1.50,1,2.50,837564,Y4,,,0,14.439,clean
30,29,0,1.69,1,2.35,426561,Y2,,,0,14.694,clean
30,30,0,1.80,1,2.44,370771,Y4,,,0,15.005,clean
30,31,0,1.70,1,2.43,1072794,Y4,,,0,14.965,clean
30,32,0,1.41,678,2.44,17256,Y2,,,0,14.409,clean
30,33,0,1.54,1,2.55,179,Y2,,,0,13.820,clean
30,34,0,1.89,1,2.31,600904,Y4,,,0,13.648,clean
30,35,0,1.73,1,2.33,580430,Y4,,,0,14.000,clean
30,36,0,1.66,1,2.43,707656,Y4,,,0,14.513,clean
30,37,0,1.80,1,2.46,59634,Y2,,,0,14.659,clean
30,38,0,1.48,1,2.74,745296,Y4,,,0,14.158,clean
30,39,0,1.57,1,2.60,1298368,Y2,,,0,13.511,clean
30,40,0,1.74,1,2.40,218064,Y2,,,0,13.193,clean
30,41,0,2.12,1,2.33,1280755,Y4,,,0,13.427,clean
30,42,0,1.46,1,2.37,363708,Y2,,,0,13.899,clean
30,43,0,1.74,1,2.43,951827,Y4,,,0,14.119,clean
30,44,0,1.76,1,2.41,616997,Y4,,,0,13.635,clean
30,45,0,1.68,1,2.41,173628,Y4,,,0,12.778,clean
30,46,0,1.63,1,2.26,485748,Y2,,,0,12.272,clean
30,47,0,2.00,1,2.46,136167,Y4,,,0,12.121,clean
30,48,0,1.83,1234,2.34,1144499,Y2,,,0,12.321,clean
30,49,0,1.99,1,2.71,1409948,Y2,,,0,12.410,clean
30,50,0,2.03,1,2.44,269294,Y4,,,0,11.920,clean
30,51,0,1.97,1,2.55,644714,Y2,,,0,11.102,clean
30,52,0,2.23,1,2.63,106126,Y4,,,0,10.273,clean
30,53,0,2.51,1,2.39,1051158,Y4,0.24/noise-like,0.00/noise-like,0,9.722,hump-note
30,54,0,2.55,1,2.36,593036,Y4,0.00/noise-like,0.00/noise-like,0,9.371,hump-note
30,55,0,2.94,1,2.55,1113117,Y4,0.24/noise-like,0.00/noise-like,0,8.878,hump-note
30,56,0,3.04,1,2.29,106752,Y4,0.24/noise-like,0.00/noise-like,0,7.948,hump-note
30,57,0,0,-1,0,0,-,,,0,6.780,QUARANTINE:dark-lane range=61 distinct=59
30,58,0,0,-1,0,0,-,,,0,5.738,QUARANTINE:dark-lane range=48 distinct=49
30,59,0,0,-1,0,0,-,,,0,4.879,QUARANTINE:dark-lane range=44 distinct=44
30,60,0,0,-1,0,0,-,,,0,4.162,QUARANTINE:dark-lane range=36 distinct=37
30,61,0,0,-1,0,0,-,,,0,3.558,QUARANTINE:dark-lane range=33 distinct=32
30,62,0,0,-1,0,0,-,,,0,2.956,QUARANTINE:dark-lane range=29 distinct=27
30,63,0,0,-1,0,0,-,,,0,2.403,QUARANTINE:dark-lane range=21 distinct=21
31,0,0,1.32,1360,2.71,233978,Y2,,,0,20.756,clean
31,1,0,1.40,30,2.56,687718,Y2,,,0,19.592,clean
31,2,0,1.43,1,2.52,1311421,Y4,,,0,18.566,clean
31,3,0,1.50,1,2.35,84490,Y2,,,0,17.965,clean
31,4,0,1.93,1,2.37,1207083,Y2,,,0,17.879,clean
31,5,0,1.58,1,2.33,590622,Y2,,,0,18.001,clean
31,6,0,1.43,402,2.62,749052,Y4,,,0,17.948,clean
31,7,0,1.48,1,2.29,296831,Y4,,,0,17.425,clean
31,8,0,1.47,951,2.54,672162,Y4,,,0,16.745,clean
31,9,0,1.65,1,2.52,1028717,Y4,,,0,16.259,clean
31,10,0,1.38,1,2.46,520080,Y4,,,0,16.259,clean
31,11,0,1.65,1,2.46,1409054,Y2,,,0,16.595,clean
31,12,0,1.69,1,2.34,1313120,Y2,,,0,16.877,clean
31,13,0,1.60,1,2.39,1099616,Y4,,,0,16.702,clean
31,14,0,1.57,1,2.41,903815,Y4,,,0,16.216,clean
31,15,0,1.64,1,2.54,68665,Y2,,,0,15.904,clean
31,16,0,1.61,1,2.29,26554,Y4,,,0,16.162,clean
31,17,0,1.68,1,2.23,402689,Y2,,,0,16.879,clean
31,18,0,1.62,659,2.80,87261,Y4,,,0,19.215,clean
31,19,0,1.75,1,2.40,1333773,Y4,,,0,17.222,clean
31,20,0,1.45,1,2.22,884324,Y2,,,0,16.351,clean
31,21,0,1.65,1,2.47,334382,Y2,,,0,15.643,clean
31,22,0,1.45,1,2.42,1219958,Y2,,,0,15.391,clean
31,23,0,1.43,1,2.36,236660,Y4,,,0,15.711,clean
31,24,0,1.53,1,2.51,54002,Y2,,,0,16.119,clean
31,25,0,2.03,204,2.41,648737,Y2,,,0,16.011,clean
31,26,0,1.62,1,2.42,169337,Y2,,,0,15.393,clean
31,27,0,1.63,1,2.51,75549,Y4,,,0,14.955,clean
31,28,0,1.45,1,2.30,276715,Y2,,,0,14.467,clean
31,29,0,1.68,1,2.67,180155,Y2,,,0,14.693,clean
31,30,0,1.60,1,2.37,1432478,Y4,,,0,15.009,clean
31,31,0,1.60,1,2.32,907838,Y4,,,0,14.941,clean
31,32,0,1.34,394,2.40,162899,Y2,,,0,14.416,clean
31,33,0,1.64,1,2.31,663400,Y4,,,0,13.810,clean
31,34,0,1.55,1,2.38,1029879,Y2,,,0,13.655,clean
31,35,0,2.10,1,2.56,555128,Y2,,,0,14.021,clean
31,36,0,1.95,1,2.47,506312,Y2,,,0,14.547,clean
31,37,0,1.73,1,2.55,871450,Y2,,,0,14.662,clean
31,38,0,1.50,1,2.30,725716,Y4,,,0,14.177,clean
31,39,0,1.37,171,2.26,1411825,Y4,,,0,13.523,clean
31,40,0,2.13,1,2.67,108808,Y4,,,0,13.210,clean
31,41,0,1.87,1,2.54,1020581,Y4,,,0,13.403,clean
31,42,0,1.61,1,2.49,298619,Y2,,,0,13.879,clean
31,43,0,1.93,1,2.46,1159519,Y2,,,0,14.115,clean
31,44,0,1.87,1,2.48,696748,Y2,,,0,13.636,clean
31,45,0,1.67,1,2.39,1345575,Y2,,,0,12.779,clean
31,46,0,1.79,1,2.41,1094788,Y2,,,0,12.279,clean
31,47,0,1.76,1,2.45,351727,Y2,,,0,12.142,clean
31,48,0,1.78,1234,2.44,846505,Y4,,,0,12.334,clean
31,49,0,1.90,1,2.27,676543,Y2,,,0,12.424,clean
31,50,0,1.83,1,2.47,760496,Y2,,,0,11.939,clean
31,51,0,1.78,1,2.42,808686,Y2,,,0,11.089,clean
31,52,0,2.31,1,2.46,1437664,Y2,,,0,10.281,clean
31,53,0,2.79,1,2.49,982672,Y2,0.24/noise-like,0.24/noise-like,0,9.726,hump-note
31,54,0,2.66,1,2.68,734836,Y4,0.00/noise-like,0.00/noise-like,0,9.372,hump-note
31,55,0,2.54,1,2.44,1131266,Y2,0.00/noise-like,0.00/noise-like,0,8.858,hump-note
31,56,0,3.16,1,2.27,80913,Y2,0.24/noise-like,0.00/noise-like,0,7.951,hump-note
31,57,0,0,-1,0,0,-,,,0,6.791,QUARANTINE:dark-lane range=58 distinct=59
31,58,0,0,-1,0,0,-,,,0,5.736,QUARANTINE:dark-lane range=51 distinct=50
31,59,0,0,-1,0,0,-,,,0,4.885,QUARANTINE:dark-lane range=41 distinct=42
31,60,0,0,-1,0,0,-,,,0,4.171,QUARANTINE:dark-lane range=34 distinct=35
31,61,0,0,-1,0,0,-,,,0,3.562,QUARANTINE:dark-lane range=31 distinct=31
31,62,0,0,-1,0,0,-,,,0,2.959,QUARANTINE:dark-lane range=24 distinct=25
31,63,0,0,-1,0,0,-,,,0,2.400,QUARANTINE:dark-lane range=21 distinct=22
32,0,0,1.40,541,2.25,417709,Y4,,,0,20.733,clean
32,1,0,1.46,1,2.54,92804,Y2,,,0,19.579,clean
32,2,0,1.34,566,2.49,393033,Y2,,,0,18.529,clean
32,3,0,1.34,217,2.35,485122,Y4,,,0,17.969,clean
32,4,0,1.46,1,2.65,760227,Y2,,,0,17.847,clean
32,5,0,1.48,1,2.46,632912,Y2,,,0,18.042,clean
32,6,0,1.41,1,2.46,455886,Y2,,,0,17.957,clean
32,7,0,1.39,1,2.42,781864,Y2,,,1,17.448,clean
32,8,0,1.45,1,2.42,20117,Y4,,,0,16.746,clean
32,9,0,1.79,1,2.46,574797,Y4,,,0,16.238,clean
32,10,0,1.45,316,2.40,600100,Y4,,,0,16.221,clean
32,11,0,1.63,1,2.22,600368,Y4,,,0,16.650,clean
32,12,0,1.37,1,2.46,700951,Y2,,,0,16.878,clean
32,13,0,1.42,1,2.38,695229,Y4,,,0,16.698,clean
32,14,0,1.72,1,2.33,501573,Y4,,,0,16.221,clean
32,15,0,1.58,1,2.40,1382947,Y2,,,0,15.922,clean
32,16,0,1.47,1,2.38,1395017,Y4,,,0,16.222,clean
32,17,0,1.34,778,2.40,515610,Y4,,,0,16.890,clean
32,18,0,1.58,756,2.35,450969,Y2,,,0,19.218,clean
32,19,0,1.39,437,2.72,74565,Y2,,,0,17.262,clean
32,20,0,1.43,568,2.44,703722,Y4,,,0,16.364,clean
32,21,0,1.46,1,2.50,818163,Y2,,,0,15.644,clean
32,22,0,1.69,1,2.30,166118,Y2,,,0,15.382,clean
32,23,0,1.63,1,2.32,1326621,Y4,,,0,15.718,clean
32,24,0,1.41,1,2.45,526786,Y4,,,0,16.141,clean
32,25,0,2.14,204,2.99,178725,Y4,,,3,16.029,clean
32,26,0,1.46,1,2.37,1164347,Y2,,,0,15.384,clean
32,27,0,1.82,1,2.43,165403,Y2,,,0,14.950,clean
32,28,0,1.70,1,2.81,629693,Y2,,,0,14.436,clean
32,29,0,1.66,1,2.40,354141,Y2,,,0,14.692,clean
32,30,0,1.65,1,2.43,504255,Y2,,,0,15.028,clean
32,31,0,1.59,1,2.32,1021296,Y4,,,0,14.955,clean
32,32,0,1.33,1116,2.32,176579,Y2,,,0,14.418,clean
32,33,0,1.71,1,2.47,894338,Y4,,,0,13.822,clean
32,34,0,1.80,1,2.38,151455,Y2,,,0,13.651,clean
32,35,0,1.70,1,2.23,280648,Y4,,,0,14.002,clean
32,36,0,1.63,1,2.45,234783,Y4,,,0,14.551,clean
32,37,0,1.46,1,2.43,719458,Y2,,,0,14.667,clean
32,38,0,1.61,1,2.26,196069,Y4,,,0,14.171,clean
32,39,0,1.83,1,2.55,733942,Y4,,,0,13.498,clean
32,40,0,1.78,1,2.42,139117,Y4,,,0,13.235,clean
32,41,0,1.54,1,2.26,477612,Y2,,,0,13.412,clean
32,42,0,2.07,1,2.43,225484,Y2,,,0,13.895,clean
32,43,0,1.77,1,2.38,1240253,Y2,,,0,14.126,clean
32,44,0,1.88,1,2.43,129104,Y2,,,0,13.614,clean
32,45,0,1.60,1,2.31,870645,Y4,,,0,12.786,clean
32,46,0,1.60,1,2.47,554770,Y4,,,0,12.256,clean
32,47,0,2.17,1,2.72,1046240,Y2,,,0,12.135,clean
32,48,0,1.82,1,2.46,910074,Y2,,,0,12.364,clean
32,49,0,1.94,1,2.72,278234,Y2,,,0,12.433,clean
32,50,0,1.78,1,2.28,58383,Y2,,,0,11.940,clean
32,51,0,2.05,1,2.37,1060724,Y4,,,0,11.079,clean
32,52,0,1.99,1,2.44,458390,Y2,,,0,10.277,clean
32,53,0,2.05,1,2.48,124902,Y4,,,0,9.735,clean
32,54,0,2.41,1,2.34,1261175,Y2,,,0,9.366,clean
32,55,0,2.66,1,2.26,1307309,Y2,0.00/noise-like,0.00/noise-like,0,8.867,hump-note
32,56,0,2.80,1,2.36,1318485,Y2,0.00/noise-like,0.00/noise-like,0,7.952,hump-note
32,57,0,0,-1,0,0,-,,,5,6.805,QUARANTINE:dark-lane range=61 distinct=61
32,58,0,0,-1,0,0,-,,,0,5.728,QUARANTINE:dark-lane range=47 distinct=48
32,59,0,0,-1,0,0,-,,,0,4.878,QUARANTINE:dark-lane range=42 distinct=43
32,60,0,0,-1,0,0,-,,,0,4.165,QUARANTINE:dark-lane range=39 distinct=38
32,61,0,0,-1,0,0,-,,,0,3.558,QUARANTINE:dark-lane range=31 distinct=31
32,62,0,0,-1,0,0,-,,,0,2.956,QUARANTINE:dark-lane range=28 distinct=28
32,63,0,0,-1,0,0,-,,,0,2.401,QUARANTINE:dark-lane range=21 distinct=22
33,0,0,1.35,850,2.67,1455545,Y2,,,0,20.738,clean
33,1,0,1.34,990,2.53,751108,Y4,,,0,19.586,clean
33,2,0,1.40,1,2.47,279754,Y4,,,0,18.565,clean
33,3,0,1.49,1,2.62,1203775,Y4,,,0,18.006,clean
33,4,0,1.46,1,2.41,1026571,Y2,,,0,17.838,clean
33,5,0,1.40,1325,2.39,214577,Y2,,,0,18.050,clean
33,6,0,1.57,1,2.54,393838,Y2,,,0,17.958,clean
33,7,0,1.39,654,2.49,1168638,Y4,,,0,17.411,clean
33,8,0,1.61,1,2.54,548065,Y2,,,0,16.721,clean
33,9,0,1.58,1,2.38,73045,Y2,,,0,16.211,clean
33,10,0,1.39,60,2.66,122219,Y4,,,0,16.247,clean
33,11,0,1.46,1,2.49,1285225,Y4,,,0,16.636,clean
33,12,0,1.47,1,2.49,948966,Y2,,,0,16.872,clean
33,13,0,1.40,817,2.29,1093268,Y2,,,0,16.705,clean
33,14,0,1.50,1,2.35,751287,Y2,,,0,16.220,clean
33,15,0,1.46,181,2.48,1455367,Y2,,,0,15.901,clean
33,16,0,1.42,634,2.58,308722,Y4,,,0,16.212,clean
33,17,0,1.44,1,2.31,1064926,Y2,,,0,16.851,clean
33,18,0,1.54,701,2.54,556737,Y2,,,0,19.177,clean
33,19,0,1.70,1,2.38,190526,Y2,,,0,17.227,clean
33,20,0,1.41,1,2.36,198841,Y2,,,0,16.354,clean
33,21,0,1.45,1,2.32,534475,Y2,,,0,15.621,clean
33,22,0,1.54,1,2.71,13769,Y2,,,0,15.433,clean
33,23,0,1.49,1,2.23,916421,Y4,,,0,15.748,clean
33,24,0,1.61,1,2.45,1122773,Y4,,,0,16.128,clean
33,25,0,1.98,204,2.54,304341,Y4,,,0,16.022,clean
33,26,0,1.55,1,2.54,964612,Y4,,,0,15.376,clean
33,27,0,1.69,1,2.44,78768,Y2,,,0,14.977,clean
33,28,0,1.37,1,2.39,433624,Y2,,,0,14.470,clean
33,29,0,1.44,1,2.35,611186,Y4,,,0,14.678,clean
33,30,0,1.54,1,2.60,57220,Y2,,,0,15.026,clean
33,31,0,1.56,1,2.50,281721,Y4,,,0,14.960,clean
33,32,0,1.37,1462,2.46,1322150,Y2,,,0,14.391,clean
33,33,0,1.58,1,2.28,392944,Y2,,,0,13.813,clean
33,34,0,1.78,1,2.43,1426846,Y4,,,0,13.670,clean
33,35,0,1.63,1,2.44,584990,Y2,,,0,14.024,clean
33,36,0,1.49,1,2.37,877619,Y4,,,0,14.548,clean
33,37,0,1.45,1,2.74,514626,Y2,,,0,14.654,clean
33,38,0,1.65,1,2.36,166565,Y4,,,0,14.184,clean
33,39,0,1.70,1,2.56,1181424,Y2,,,0,13.510,clean
33,40,0,1.78,1,2.40,762194,Y4,,,0,13.192,clean
33,41,0,1.82,1,2.40,65088,Y4,,,0,13.422,clean
33,42,0,1.90,1,2.44,1121521,Y2,,,0,13.922,clean
33,43,0,1.73,1,2.42,346899,Y2,,,0,14.128,clean
33,44,0,1.80,1,2.55,423074,Y2,,,0,13.628,clean
33,45,0,2.02,1,2.64,1169443,Y2,,,0,12.788,clean
33,46,0,2.04,1,2.55,952899,Y4,,,0,12.272,clean
33,47,0,1.63,1,2.58,1358002,Y2,,,0,12.144,clean
33,48,0,1.72,1,2.47,741363,Y4,,,0,12.360,clean
33,49,0,2.23,1,2.30,936717,Y4,,,0,12.433,clean
33,50,0,1.96,1,2.64,1161844,Y4,,,0,11.947,clean
33,51,0,2.28,1,2.26,1120806,Y4,,,0,11.079,clean
33,52,0,2.41,1,2.36,117660,Y2,,,0,10.287,clean
33,53,0,2.25,1,2.30,1364172,Y4,,,0,9.735,clean
33,54,0,2.62,1,2.30,847131,Y2,0.00/noise-like,0.00/noise-like,0,9.357,hump-note
33,55,0,2.58,1,2.39,1038194,Y2,0.00/noise-like,0.24/noise-like,0,8.868,hump-note
33,56,0,3.51,1,2.51,407249,Y4,0.24/noise-like,0.00/noise-like,0,7.953,hump-note
33,57,0,0,-1,0,0,-,,,0,6.782,QUARANTINE:dark-lane range=61 distinct=58
33,58,0,0,-1,0,0,-,,,0,5.730,QUARANTINE:dark-lane range=47 distinct=48
33,59,0,0,-1,0,0,-,,,0,4.882,QUARANTINE:dark-lane range=40 distinct=41
33,60,0,0,-1,0,0,-,,,0,4.167,QUARANTINE:dark-lane range=36 distinct=36
33,61,0,0,-1,0,0,-,,,0,3.558,QUARANTINE:dark-lane range=30 distinct=31
33,62,0,0,-1,0,0,-,,,0,2.959,QUARANTINE:dark-lane range=27 distinct=27
33,63,0,0,-1,0,0,-,,,0,2.405,QUARANTINE:dark-lane range=21 distinct=22
34,0,0,1.35,200,2.61,590712,Y2,,,0,20.718,clean
34,1,0,1.35,1348,2.49,236481,Y4,,,0,19.587,clean
34,2,0,1.36,273,2.43,1337439,Y2,,,0,18.566,clean
34,3,0,1.36,407,2.52,471085,Y2,,,0,17.987,clean
34,4,0,1.32,1346,2.27,185698,Y4,,,0,17.844,clean
34,5,0,1.45,1,2.39,179,Y4,,,0,18.024,clean
34,6,0,1.35,872,2.75,405014,Y4,,,0,17.968,clean
34,7,0,1.54,1,2.47,10192,Y2,,,0,17.430,clean
34,8,0,1.33,1,2.45,199735,Y4,,,0,16.762,clean
34,9,0,1.36,555,2.32,252306,Y4,,,0,16.241,clean
34,10,0,1.44,1,2.38,1442134,Y4,,,0,16.216,clean
34,11,0,1.53,1,2.35,787497,Y2,,,0,16.641,clean
34,12,0,1.46,1,2.65,722587,Y4,,,0,16.890,clean
34,13,0,1.38,1,2.27,759244,Y2,,,0,16.699,clean
34,14,0,1.37,608,2.42,371486,Y2,,,0,16.237,clean
34,15,0,1.76,1,2.42,504702,Y4,,,0,15.926,clean
34,16,0,1.39,1,2.33,640422,Y2,,,0,16.182,clean
34,17,0,1.41,1459,2.61,1143426,Y2,,,0,16.846,clean
34,18,0,1.59,742,2.35,1279324,Y2,,,0,19.212,clean
34,19,0,1.47,1,2.25,209838,Y4,,,0,17.238,clean
34,20,0,1.66,1,2.47,679851,Y2,,,0,16.403,clean
34,21,0,1.59,1,2.43,131518,Y4,,,0,15.633,clean
34,22,0,1.57,1,2.46,745922,Y4,,,0,15.427,clean
34,23,0,1.57,1,2.36,1286477,Y2,,,0,15.736,clean
34,24,0,1.50,1,2.39,135273,Y2,,,0,16.144,clean
34,25,0,2.08,204,2.40,1325011,Y4,,,0,16.020,clean
34,26,0,1.76,1,2.44,123292,Y2,,,0,15.404,clean
34,27,0,1.70,1,2.38,1235157,Y4,,,0,14.983,clean
34,28,0,1.66,1,2.30,1016647,Y2,,,0,14.491,clean
34,29,0,1.51,1,2.37,1340300,Y2,,,0,14.679,clean
34,30,0,1.54,1,2.44,884503,Y2,,,0,15.040,clean
34,31,0,1.71,1,2.40,1247048,Y2,,,0,14.992,clean
34,32,0,1.35,1027,2.39,1424432,Y4,,,0,14.407,clean
34,33,0,1.79,1,2.33,38534,Y2,,,0,13.825,clean
34,34,0,1.61,1,2.53,428975,Y4,,,0,13.657,clean
34,35,0,1.94,1,2.45,1410127,Y2,,,0,14.020,clean
34,36,0,1.44,1,2.25,89049,Y2,,,0,14.538,clean
34,37,0,1.52,1,2.35,221372,Y4,,,0,14.664,clean
34,38,0,1.56,1,2.39,29594,Y2,,,0,14.189,clean
34,39,0,1.77,1,2.25,904083,Y2,,,0,13.515,clean
34,40,0,1.86,1,2.30,1181155,Y2,,,0,13.199,clean
34,41,0,1.90,1,2.33,345021,Y4,,,0,13.432,clean
34,42,0,1.49,1,2.40,705510,Y2,,,0,13.899,clean
34,43,0,1.60,1,2.30,376314,Y4,,,0,14.123,clean
34,44,0,2.08,1,2.25,1199931,Y2,,,0,13.615,clean
34,45,0,1.75,1,2.33,1081377,Y4,,,0,12.790,clean
34,46,0,1.99,1,2.35,35405,Y2,,,0,12.263,clean
34,47,0,1.87,1,2.40,736088,Y4,,,0,12.137,clean
34,48,0,1.77,1234,2.45,423610,Y2,,,0,12.334,clean
34,49,0,1.97,1,2.39,1043290,Y4,,,0,12.419,clean
34,50,0,2.07,1,2.36,240237,Y2,,,0,11.945,clean
34,51,0,2.15,1,2.52,684142,Y2,,,0,11.087,clean
34,52,0,2.28,1,2.39,608951,Y4,,,0,10.283,clean
34,53,0,2.24,1,2.63,1152903,Y4,,,0,9.728,clean
34,54,0,2.34,1,2.41,124186,Y2,,,0,9.362,clean
34,55,0,2.65,1,2.38,1062244,Y4,0.24/noise-like,0.24/noise-like,0,8.864,hump-note
34,56,0,2.98,1,2.36,1388758,Y4,0.24/noise-like,0.00/noise-like,0,7.959,hump-note
34,57,0,0,-1,0,0,-,,,0,6.799,QUARANTINE:dark-lane range=64 distinct=61
34,58,0,0,-1,0,0,-,,,0,5.739,QUARANTINE:dark-lane range=49 distinct=50
34,59,0,0,-1,0,0,-,,,0,4.875,QUARANTINE:dark-lane range=44 distinct=43
34,60,0,0,-1,0,0,-,,,0,4.162,QUARANTINE:dark-lane range=35 distinct=36
34,61,0,0,-1,0,0,-,,,0,3.566,QUARANTINE:dark-lane range=33 distinct=33
34,62,0,0,-1,0,0,-,,,0,2.954,QUARANTINE:dark-lane range=26 distinct=25
34,63,0,0,-1,0,0,-,,,0,2.400,QUARANTINE:dark-lane range=20 distinct=21
35,0,0,1.41,588,2.54,1219422,Y2,,,0,20.700,clean
35,1,0,1.40,1433,2.55,190705,Y4,,,0,19.573,clean
35,2,0,1.46,1,2.36,154585,Y4,,,0,18.594,clean
35,3,0,1.52,1,2.60,115961,Y2,,,0,17.976,clean
35,4,0,1.39,1,2.37,627995,Y4,,,0,17.877,clean
35,5,0,1.45,1,2.39,1340300,Y4,,,0,18.040,clean
35,6,0,1.45,1,2.32,1201540,Y4,,,0,18.037,clean
35,7,0,1.38,681,2.22,668943,Y2,,,0,17.420,clean
35,8,0,1.33,1126,2.52,521243,Y4,,,0,16.759,clean
35,9,0,1.57,1,2.49,691831,Y4,,,0,16.249,clean
35,10,0,1.48,1,2.24,296921,Y4,,,0,16.248,clean
35,11,0,1.51,1,2.62,28074,Y4,,,0,16.638,clean
35,12,0,1.62,1,2.36,872791,Y2,,,0,16.867,clean
35,13,0,1.59,1,2.45,157446,Y4,,,0,16.705,clean
35,14,0,1.65,1,2.72,116408,Y4,,,0,16.211,clean
35,15,0,1.59,1,2.40,1148611,Y4,,,0,15.921,clean
35,16,0,1.36,1,2.33,34422,Y2,,,0,16.185,clean
35,17,0,1.58,1,2.34,265718,Y2,,,0,16.879,clean
35,18,0,1.62,847,2.34,12070,Y4,,,0,19.198,clean
35,19,0,1.46,1,2.63,339568,Y4,,,0,17.251,clean
35,20,0,1.63,1,2.35,533938,Y4,,,0,16.346,clean
35,21,0,1.77,1,2.27,1040965,Y4,,,0,15.626,clean
35,22,0,1.37,1,2.54,1230329,Y4,,,0,15.403,clean
35,23,0,1.47,1,2.42,545919,Y2,,,0,15.753,clean
35,24,0,1.38,1,2.59,526696,Y2,,,0,16.113,clean
35,25,0,2.05,204,2.37,209570,Y4,,,0,15.978,clean
35,26,0,1.56,1,2.39,67234,Y2,,,0,15.371,clean
35,27,0,1.80,1,2.55,14484,Y2,,,0,14.954,clean
35,28,0,1.82,1,2.38,825673,Y4,,,0,14.448,clean
35,29,0,1.78,1,2.48,356019,Y4,,,0,14.672,clean
35,30,0,1.63,1,2.36,533849,Y4,,,0,15.036,clean
35,31,0,1.59,1,2.35,943601,Y2,,,0,14.946,clean
35,32,0,1.35,1274,2.47,1176059,Y4,,,0,14.407,clean
35,33,0,1.47,1011,2.52,39160,Y2,,,0,13.808,clean
35,34,0,1.94,1,2.39,900149,Y4,,,0,13.659,clean
35,35,0,1.76,1,2.29,691921,Y2,,,0,13.992,clean
35,36,0,1.57,1,2.48,1064301,Y2,,,0,14.533,clean
35,37,0,1.57,1,2.32,720710,Y2,,,0,14.657,clean
35,38,0,1.73,1,2.45,113100,Y2,,,0,14.181,clean
35,39,0,1.86,1,2.56,529557,Y4,,,0,13.504,clean
35,40,0,1.88,1,2.33,337690,Y2,,,0,13.195,clean
35,41,0,1.84,1,2.60,1092643,Y2,,,0,13.411,clean
35,42,0,1.78,1,2.47,1036853,Y4,,,0,13.884,clean
35,43,0,1.61,1,2.41,671089,Y4,,,0,14.120,clean
35,44,0,1.87,1,2.56,279129,Y2,,,0,13.648,clean
35,45,0,1.92,1,2.52,27716,Y2,,,0,12.788,clean
35,46,0,1.69,1,2.37,320882,Y2,,,0,12.267,clean
35,47,0,2.14,1,2.31,1023710,Y4,,,0,12.158,clean
35,48,0,1.81,1234,2.49,435770,Y4,,,0,12.356,clean
35,49,0,2.02,1,2.39,246137,Y2,,,0,12.445,clean
35,50,0,2.09,1,2.67,350744,Y2,,,0,11.926,clean
35,51,0,2.08,1,2.27,1152903,Y4,,,0,11.084,clean
35,52,0,2.13,1,2.41,1183569,Y4,,,0,10.320,clean
35,53,0,2.78,1,2.38,127763,Y2,0.00/noise-like,0.24/noise-like,0,9.721,hump-note
35,54,0,2.62,1,2.42,432640,Y2,0.00/noise-like,0.00/noise-like,0,9.370,hump-note
35,55,0,2.64,1,2.61,151813,Y4,0.24/noise-like,0.24/noise-like,0,8.890,hump-note
35,56,0,2.42,1,111.21,1431,Y4,0.00/noise-like,0.00/noise-like,3,8.170,FAM-HIT
35,57,0,0,-1,0,0,-,,,0,6.790,QUARANTINE:dark-lane range=59 distinct=58
35,58,0,0,-1,0,0,-,,,1,5.756,QUARANTINE:dark-lane range=48 distinct=48
35,59,0,0,-1,0,0,-,,,0,4.883,QUARANTINE:dark-lane range=48 distinct=44
35,60,0,0,-1,0,0,-,,,0,4.169,QUARANTINE:dark-lane range=40 distinct=37
35,61,0,0,-1,0,0,-,,,0,3.558,QUARANTINE:dark-lane range=30 distinct=31
35,62,0,0,-1,0,0,-,,,0,2.957,QUARANTINE:dark-lane range=24 distinct=25
35,63,0,0,-1,0,0,-,,,0,2.398,QUARANTINE:dark-lane range=20 distinct=21
36,0,0,1.34,514,2.59,367194,Y2,,,0,20.766,clean
36,1,0,1.37,1115,2.46,926346,Y4,,,0,19.590,clean
36,2,0,1.48,1,2.32,635326,Y2,,,0,18.584,clean
36,3,0,1.33,1,2.43,919193,Y2,,,0,17.960,clean
36,4,0,1.42,1,2.33,1463234,Y4,,,0,17.844,clean
36,5,0,1.45,168,2.42,296921,Y4,,,0,18.018,clean
36,6,0,1.38,1057,2.17,206441,Y4,,,0,17.953,clean
36,7,0,1.51,1,2.57,956923,Y4,,,0,17.428,clean
36,8,0,1.63,1,2.33,603497,Y2,,,0,16.717,clean
36,9,0,1.41,806,2.41,859201,Y4,,,0,16.230,clean
36,10,0,1.40,1205,2.62,455618,Y4,,,0,16.223,clean
36,11,0,1.73,1,2.42,235945,Y2,,,0,16.638,clean
36,12,0,1.54,1,2.60,1137525,Y2,,,0,16.908,clean
36,13,0,1.41,1,2.56,368625,Y4,,,0,16.729,clean
36,14,0,1.55,1,2.49,868142,Y2,,,0,16.194,clean
36,15,0,1.44,1,2.29,143498,Y2,,,0,15.886,clean
36,16,0,1.43,1,2.60,925541,Y2,,,0,16.171,clean
36,17,0,1.35,750,2.45,540197,Y4,,,0,16.889,clean
36,18,0,1.60,642,2.56,1227021,Y4,,,0,19.215,clean
36,19,0,1.57,1,2.61,947267,Y4,,,0,17.250,clean
36,20,0,1.47,1,2.40,664204,Y2,,,0,16.353,clean
36,21,0,1.52,1,2.52,995636,Y4,,,0,15.647,clean
36,22,0,1.78,1,2.42,361741,Y4,,,0,15.390,clean
36,23,0,1.60,1,2.35,435859,Y2,,,0,15.730,clean
36,24,0,1.50,1,2.52,1216918,Y2,,,0,16.132,clean
36,25,0,2.02,204,2.52,1312047,Y4,,,0,16.003,clean
36,26,0,1.66,1,2.21,210196,Y4,,,0,15.408,clean
36,27,0,1.96,1,2.78,346005,Y4,,,0,14.992,clean
36,28,0,1.65,1,2.46,510961,Y4,,,0,14.437,clean
36,29,0,1.63,1,2.61,1172572,Y4,,,0,14.684,clean
36,30,0,1.50,1,2.35,835866,Y2,,,0,15.023,clean
36,31,0,1.39,1,2.27,220835,Y4,,,0,14.986,clean
36,32,0,1.36,1445,2.61,94682,Y2,,,0,14.402,clean
36,33,0,1.64,1,2.40,1142889,Y2,,,0,13.815,clean
36,34,0,1.89,1,2.40,1248389,Y4,,,0,13.652,clean
36,35,0,1.90,1,2.53,1149774,Y4,,,0,13.986,clean
36,36,0,1.76,1,2.52,620663,Y2,,,0,14.569,clean
36,37,0,1.49,1,2.44,242472,Y4,,,0,14.669,clean
36,38,0,1.82,1,2.37,1079947,Y4,,,0,14.178,clean
36,39,0,1.63,1,2.42,133663,Y4,,,0,13.502,clean
36,40,0,2.06,1,2.24,26375,Y2,,,0,13.206,clean
36,41,0,1.65,1,2.61,542790,Y2,,,0,13.413,clean
36,42,0,1.69,1,2.56,1699,Y2,,,0,13.868,clean
36,43,0,1.68,1,2.42,4560,Y4,,,0,14.125,clean
36,44,0,1.57,1,2.45,524551,Y2,,,0,13.616,clean
36,45,0,1.83,1,2.33,1135379,Y2,,,0,12.805,clean
36,46,0,2.05,1,2.48,643998,Y4,,,0,12.253,clean
36,47,0,1.85,1,2.35,13858,Y4,,,0,12.147,clean
36,48,0,1.70,1,2.68,1078159,Y2,,,0,12.339,clean
36,49,0,2.07,1,2.66,28342,Y4,,,0,12.408,clean
36,50,0,1.76,1,2.59,887990,Y2,,,0,11.937,clean
36,51,0,2.15,1,2.48,960410,Y4,,,0,11.076,clean
36,52,0,2.33,1,2.31,907391,Y2,,,0,10.280,clean
36,53,0,2.59,1,2.41,775248,Y4,0.00/noise-like,0.00/noise-like,0,9.727,hump-note
36,54,0,2.59,1,2.40,215471,Y4,0.00/noise-like,0.00/noise-like,0,9.354,hump-note
36,55,0,2.80,1,2.27,508279,Y2,0.00/noise-like,0.24/noise-like,0,8.855,hump-note
36,56,0,3.07,1,2.53,891119,Y2,0.24/noise-like,0.00/noise-like,0,7.949,hump-note
36,57,0,0,-1,0,0,-,,,0,6.788,QUARANTINE:dark-lane range=57 distinct=57
36,58,0,0,-1,0,0,-,,,0,5.735,QUARANTINE:dark-lane range=50 distinct=49
36,59,0,0,-1,0,0,-,,,0,4.886,QUARANTINE:dark-lane range=44 distinct=43
36,60,0,0,-1,0,0,-,,,0,4.157,QUARANTINE:dark-lane range=35 distinct=36
36,61,0,0,-1,0,0,-,,,0,3.560,QUARANTINE:dark-lane range=31 distinct=32
36,62,0,0,-1,0,0,-,,,0,2.955,QUARANTINE:dark-lane range=26 distinct=27
36,63,0,0,-1,0,0,-,,,0,2.399,QUARANTINE:dark-lane range=20 distinct=21
37,0,0,1.35,331,2.68,1142979,Y2,,,0,20.725,clean
37,1,0,1.41,515,2.28,192404,Y2,,,0,19.582,clean
37,2,0,1.55,1,2.32,483602,Y4,,,0,18.596,clean
37,3,0,1.37,1,2.47,822097,Y2,,,0,18.006,clean
37,4,0,1.32,1520,2.35,360668,Y4,,,0,17.864,clean
37,5,0,1.37,1137,2.32,548601,Y2,,,0,18.029,clean
37,6,0,1.45,1250,2.57,215560,Y2,,,0,17.978,clean
37,7,0,1.65,1,2.37,433356,Y2,,,0,17.423,clean
37,8,0,1.51,1,2.23,870377,Y4,,,0,16.742,clean
37,9,0,1.57,1,2.25,929117,Y4,,,0,16.237,clean
37,10,0,1.41,1,2.31,872612,Y4,,,0,16.237,clean
37,11,0,1.49,1,2.33,455439,Y4,,,0,16.629,clean
37,12,0,1.57,1,2.52,210106,Y2,,,0,16.897,clean
37,13,0,1.60,1,2.45,696301,Y2,,,0,16.694,clean
37,14,0,1.63,1,2.83,563264,Y2,,,0,16.220,clean
37,15,0,1.66,1,2.40,231206,Y2,,,0,15.926,clean
37,16,0,1.44,1,2.46,1123488,Y2,,,0,16.176,clean
37,17,0,1.38,1,2.41,988394,Y2,,,0,16.889,clean
37,18,0,1.57,674,2.62,188291,Y2,,,0,19.219,clean
37,19,0,1.38,1,2.23,756919,Y2,,,0,17.195,clean
37,20,0,1.52,1,2.34,360489,Y2,,,0,16.377,clean
37,21,0,1.79,1,2.59,459820,Y4,,,0,15.675,clean
37,22,0,1.74,1,2.28,221193,Y2,,,0,15.410,clean
37,23,0,1.78,1,2.52,861883,Y4,,,0,15.744,clean
37,24,0,1.58,1,2.52,968993,Y4,,,0,16.142,clean
37,25,0,1.89,204,2.33,1399487,Y4,,,0,16.014,clean
37,26,0,1.39,1,2.60,800997,Y2,,,0,15.402,clean
37,27,0,1.60,628,2.57,211090,Y2,,,0,14.973,clean
37,28,0,1.49,1,2.36,826925,Y2,,,0,14.421,clean
37,29,0,1.66,1,2.28,596613,Y4,,,0,14.709,clean
37,30,0,1.63,1,2.51,720620,Y4,,,0,15.034,clean
37,31,0,1.80,1,2.25,317931,Y4,,,0,14.974,clean
37,32,0,1.36,21,2.32,201255,Y2,,,0,14.392,clean
37,33,0,1.87,1,2.56,1442581,Y4,,,0,13.816,clean
37,34,0,1.62,1,2.53,1085490,Y2,,,0,13.653,clean
37,35,0,1.63,1,2.32,805110,Y4,,,0,14.004,clean
37,36,0,1.69,1,2.34,142246,Y4,,,0,14.539,clean
37,37,0,1.52,1,2.31,10550,Y2,,,0,14.673,clean
37,38,0,1.75,1,2.54,349492,Y2,,,0,14.165,clean
37,39,0,2.01,1,2.30,887185,Y2,,,0,13.517,clean
37,40,0,1.71,1,2.38,74208,Y2,,,0,13.167,clean
37,41,0,1.69,1,2.74,536978,Y2,,,0,13.421,clean
37,42,0,1.70,1,2.38,1403064,Y2,,,0,13.882,clean
37,43,0,1.74,1,2.66,238985,Y4,,,0,14.126,clean
37,44,0,1.92,1,2.69,191063,Y2,,,0,13.620,clean
37,45,0,1.85,1,2.42,1325905,Y4,,,0,12.808,clean
37,46,0,1.83,1,2.65,847489,Y2,,,0,12.275,clean
37,47,0,1.93,1,2.37,722855,Y2,,,0,12.128,clean
37,48,0,1.55,1,2.40,1112133,Y2,,,0,12.357,clean
37,49,0,2.04,1,2.31,135362,Y4,,,0,12.439,clean
37,50,0,2.16,1,2.39,1204580,Y4,,,0,11.943,clean
37,51,0,1.82,1,2.29,14305,Y4,,,0,11.089,clean
37,52,0,2.31,1,2.34,658304,Y4,,,0,10.282,clean
37,53,0,2.43,1,2.28,1196265,Y2,,,0,9.738,clean
37,54,0,2.29,1,2.37,1254916,Y4,,,0,9.360,clean
37,55,0,2.71,1,2.46,268936,Y4,0.00/noise-like,0.00/noise-like,0,8.858,hump-note
37,56,0,2.80,1,2.45,1116067,Y4,0.00/noise-like,0.00/noise-like,0,7.943,hump-note
37,57,0,0,-1,0,0,-,,,0,6.794,QUARANTINE:dark-lane range=62 distinct=59
37,58,0,0,-1,0,0,-,,,0,5.752,QUARANTINE:dark-lane range=53 distinct=53
37,59,0,0,-1,0,0,-,,,0,4.875,QUARANTINE:dark-lane range=43 distinct=42
37,60,0,0,-1,0,0,-,,,0,4.162,QUARANTINE:dark-lane range=34 distinct=35
37,61,0,0,-1,0,0,-,,,0,3.560,QUARANTINE:dark-lane range=30 distinct=30
37,62,0,0,-1,0,0,-,,,0,2.959,QUARANTINE:dark-lane range=25 distinct=26
37,63,0,0,-1,0,0,-,,,0,2.405,QUARANTINE:dark-lane range=21 distinct=22
38,0,0,1.45,652,2.60,179797,Y4,,,0,20.710,clean
38,1,0,1.37,773,2.47,644356,Y4,,,0,19.580,clean
38,2,0,1.39,259,2.46,75191,Y2,,,0,18.559,clean
38,3,0,1.44,1,2.26,463665,Y2,,,0,17.989,clean
38,4,0,1.39,1,2.33,1224071,Y2,,,0,17.854,clean
38,5,0,1.45,1,2.62,1261890,Y2,,,0,18.024,clean
38,6,0,1.55,1,2.53,134915,Y2,,,0,18.000,clean
38,7,0,1.35,491,2.41,767827,Y4,,,0,17.457,clean
38,8,0,1.47,1,2.34,185072,Y4,,,0,16.730,clean
38,9,0,1.53,1,2.56,752896,Y2,,,0,16.260,clean
38,10,0,1.58,1,2.30,1223534,Y2,,,0,16.269,clean
38,11,0,1.37,1067,2.68,905871,Y4,,,0,16.638,clean
38,12,0,1.47,1,2.53,1118660,Y4,,,0,16.869,clean
38,13,0,1.61,1,2.52,861615,Y2,,,0,16.715,clean
38,14,0,1.38,1,2.32,288784,Y4,,,0,16.240,clean
38,15,0,1.51,1,2.42,166297,Y2,,,0,15.919,clean
38,16,0,1.75,1,2.40,408322,Y2,,,0,16.189,clean
38,17,0,1.56,1,2.34,165045,Y2,,,0,16.881,clean
38,18,0,1.55,911,2.85,277430,Y2,,,0,19.195,clean
38,19,0,1.40,1523,2.24,335544,Y4,,,0,17.201,clean
38,20,0,1.48,1,2.22,19133,Y2,,,0,16.354,clean
38,21,0,1.46,1,2.29,849277,Y4,,,0,15.643,clean
38,22,0,1.37,1,2.57,160664,Y2,,,0,15.385,clean
38,23,0,1.53,1,2.51,247478,Y2,,,0,15.731,clean
38,24,0,1.63,1,2.63,451058,Y4,,,0,16.119,clean
38,25,0,2.02,204,3.40,715,Y4,0.00/noise-like,0.00/noise-like,2,16.002,FAM-HIT
38,26,0,1.76,1,2.59,848472,Y2,,,0,15.372,clean
38,27,0,1.79,1,2.51,238895,Y2,,,0,14.935,clean
38,28,0,1.42,1,2.45,1195729,Y4,,,0,14.452,clean
38,29,0,1.64,1,2.36,1320809,Y2,,,0,14.695,clean
38,30,0,1.41,908,2.41,289768,Y2,,,0,15.032,clean
38,31,0,1.44,1,2.56,294775,Y2,,,0,14.995,clean
38,32,0,1.41,157,2.22,18775,Y2,,,0,14.414,clean
38,33,0,1.70,1,2.22,1225322,Y2,,,0,13.824,clean
38,34,0,1.88,1,2.30,237554,Y4,,,0,13.648,clean
38,35,0,1.80,1,2.71,260085,Y4,,,0,13.989,clean
38,36,0,2.22,1,2.77,239164,Y4,,,0,14.537,clean
38,37,0,1.70,1,2.24,1393050,Y4,,,0,14.673,clean
38,38,0,1.74,1,2.41,614226,Y4,,,0,14.180,clean
38,39,0,1.76,1,2.40,693172,Y4,,,0,13.501,clean
38,40,0,1.77,1,2.61,1270115,Y4,,,0,13.205,clean
38,41,0,1.71,1,2.34,1023710,Y2,,,0,13.412,clean
38,42,0,1.65,1,2.40,313550,Y4,,,0,13.876,clean
38,43,0,1.52,1,2.80,61691,Y2,,,0,14.095,clean
38,44,0,1.58,1,2.66,81271,Y2,,,0,13.605,clean
38,45,0,1.76,1,2.50,237197,Y2,,,0,12.790,clean
38,46,0,1.77,1,2.39,1120806,Y2,,,0,12.266,clean
38,47,0,1.97,1,2.41,101924,Y4,,,0,12.154,clean
38,48,0,1.71,1,2.78,1002342,Y4,,,0,12.339,clean
38,49,0,1.73,1,2.32,453651,Y2,,,0,12.406,clean
38,50,0,2.07,1,2.41,1280576,Y2,,,0,11.947,clean
38,51,0,2.20,1,2.47,324011,Y2,,,0,11.079,clean
38,52,0,2.44,1,2.43,174433,Y4,,,0,10.297,clean
38,53,0,2.40,1,2.33,863403,Y2,,,0,9.730,clean
38,54,0,2.52,1,2.23,1327515,Y2,0.24/noise-like,0.00/noise-like,0,9.363,hump-note
38,55,0,2.63,1,2.37,115246,Y4,0.24/noise-like,0.00/noise-like,0,8.870,hump-note
38,56,0,3.40,1,2.39,1306146,Y2,0.24/noise-like,0.24/noise-like,0,7.952,hump-note
38,57,0,0,-1,0,0,-,,,9,6.789,QUARANTINE:dark-lane range=68 distinct=61
38,58,0,0,-1,0,0,-,,,0,5.736,QUARANTINE:dark-lane range=49 distinct=49
38,59,0,0,-1,0,0,-,,,0,4.885,QUARANTINE:dark-lane range=43 distinct=42
38,60,0,0,-1,0,0,-,,,0,4.166,QUARANTINE:dark-lane range=37 distinct=38
38,61,0,0,-1,0,0,-,,,0,3.552,QUARANTINE:dark-lane range=34 distinct=32
38,62,0,0,-1,0,0,-,,,0,2.956,QUARANTINE:dark-lane range=27 distinct=27
38,63,0,0,-1,0,0,-,,,0,2.403,QUARANTINE:dark-lane range=19 distinct=20
39,0,0,1.34,440,2.57,1282185,Y4,,,0,20.744,clean
39,1,0,1.55,1,2.63,1459390,Y4,,,0,19.559,clean
39,2,0,1.63,1,2.47,113636,Y2,,,0,18.574,clean
39,3,0,1.52,1,2.28,1272440,Y2,,,0,17.982,clean
39,4,0,1.52,1,2.54,882179,Y4,,,0,17.852,clean
39,5,0,1.44,148,2.57,1223266,Y2,,,0,18.076,clean
39,6,0,1.37,1005,2.40,199914,Y2,,,0,17.947,clean
39,7,0,1.47,1,2.50,1454741,Y2,,,0,17.431,clean
39,8,0,1.40,131,2.25,4917,Y2,,,0,16.719,clean
39,9,0,1.76,1,2.87,162721,Y4,,,0,16.216,clean
39,10,0,1.53,1,2.54,271529,Y4,,,0,16.219,clean
39,11,0,1.67,1,2.49,253022,Y2,,,0,16.588,clean
39,12,0,1.49,1,2.44,1215667,Y4,,,0,16.863,clean
39,13,0,1.57,1,2.39,879675,Y2,,,0,16.702,clean
39,14,0,1.38,1,2.73,634253,Y4,,,0,16.241,clean
39,15,0,1.43,935,2.38,1053393,Y4,,,0,15.914,clean
39,16,0,1.55,1,2.36,1412362,Y4,,,0,16.212,clean
39,17,0,1.73,1,2.22,411004,Y4,,,0,16.848,clean
39,18,0,1.68,711,2.31,273049,Y4,,,0,19.212,clean
39,19,0,1.69,1,2.39,645876,Y4,,,0,17.216,clean
39,20,0,1.41,1,2.63,775516,Y2,,,0,16.378,clean
39,21,0,1.39,1,2.35,435054,Y4,,,0,15.644,clean
39,22,0,1.51,1,2.23,1149416,Y4,,,0,15.413,clean
39,23,0,1.37,1352,2.41,634611,Y2,,,0,15.750,clean
39,24,0,1.50,1311,2.49,1086384,Y2,,,0,16.150,clean
39,25,0,1.97,204,2.68,1205206,Y2,,,0,16.003,clean
39,26,0,1.59,1,2.51,65535,Y2,,,0,15.384,clean
39,27,0,1.59,611,2.35,1258582,Y2,,,0,14.969,clean
39,28,0,1.49,1,2.33,363976,Y4,,,0,14.431,clean
39,29,0,1.78,1,2.27,884771,Y4,,,0,14.703,clean
39,30,0,1.60,1,2.29,1061529,Y4,,,0,15.017,clean
39,31,0,1.63,1,2.42,747085,Y2,,,0,14.982,clean
39,32,0,1.34,1368,2.35,1146734,Y2,,,0,14.417,clean
39,33,0,1.70,1,2.51,432909,Y4,,,0,13.805,clean
39,34,0,1.62,1,2.25,132322,Y2,,,0,13.641,clean
39,35,0,1.63,1,2.56,430405,Y2,,,0,13.999,clean
39,36,0,1.55,1,2.39,1124471,Y2,,,0,14.560,clean
39,37,0,1.72,1,2.40,193924,Y2,,,0,14.665,clean
39,38,0,1.55,747,2.49,204831,Y4,,,0,14.166,clean
39,39,0,1.82,1,2.70,744581,Y2,,,0,13.510,clean
39,40,0,1.76,1,2.51,154853,Y4,,,0,13.215,clean
39,41,0,1.70,1,2.42,1426756,Y4,,,0,13.424,clean
39,42,0,1.80,1,2.30,107199,Y2,,,0,13.869,clean
39,43,0,1.50,1,2.29,525355,Y4,,,0,14.144,clean
39,44,0,1.92,1,2.35,1331985,Y2,,,0,13.629,clean
39,45,0,2.00,1,2.37,1284689,Y4,,,0,12.793,clean
39,46,0,1.76,1,2.49,620753,Y4,,,0,12.254,clean
39,47,0,1.89,1,2.35,846237,Y2,,,0,12.156,clean
39,48,0,1.67,1234,2.42,6258,Y2,,,0,12.356,clean
39,49,0,2.05,1,2.34,507653,Y4,,,0,12.423,clean
39,50,0,1.86,1,2.40,1394123,Y4,,,0,11.957,clean
39,51,0,2.16,1,2.54,748336,Y4,,,0,11.088,clean
39,52,0,2.23,1,2.56,430584,Y2,,,0,10.283,clean
39,53,0,2.17,1,2.52,795543,Y2,,,0,9.721,clean
39,54,0,2.24,1,2.50,742346,Y2,,,0,9.368,clean
39,55,0,2.63,1,2.28,53555,Y4,0.00/noise-like,0.00/noise-like,0,8.879,hump-note
39,56,0,3.46,1,2.52,1298726,Y2,0.00/noise-like,0.24/noise-like,0,7.951,hump-note
39,57,0,0,-1,0,0,-,,,0,6.790,QUARANTINE:dark-lane range=59 distinct=60
39,58,0,0,-1,0,0,-,,,0,5.737,QUARANTINE:dark-lane range=51 distinct=52
39,59,0,0,-1,0,0,-,,,0,4.874,QUARANTINE:dark-lane range=42 distinct=42
39,60,0,0,-1,0,0,-,,,0,4.169,QUARANTINE:dark-lane range=35 distinct=36
39,61,0,0,-1,0,0,-,,,0,3.560,QUARANTINE:dark-lane range=33 distinct=34
39,62,0,0,-1,0,0,-,,,0,2.960,QUARANTINE:dark-lane range=25 distinct=26
39,63,0,0,-1,0,0,-,,,0,2.406,QUARANTINE:dark-lane range=20 distinct=21
40,0,0,1.34,813,2.50,1382232,Y2,,,0,20.732,clean
40,1,0,1.63,1,2.38,917584,Y4,,,0,19.596,clean
40,2,0,1.63,1,2.49,1414776,Y2,,,0,18.560,clean
40,3,0,1.42,1,2.34,539571,Y2,,,0,17.949,clean
40,4,0,1.43,1,2.51,25660,Y2,,,0,17.862,clean
40,5,0,1.51,1,2.50,1128316,Y4,,,0,18.041,clean
40,6,0,1.40,1,2.21,168085,Y2,,,0,17.994,clean
40,7,0,1.38,406,2.36,282258,Y4,,,0,17.462,clean
40,8,0,1.43,1,2.35,656873,Y4,,,0,16.786,clean
40,9,0,1.52,1,2.60,174791,Y2,,,0,16.208,clean
40,10,0,1.48,1,2.61,49263,Y2,,,0,16.238,clean
40,11,0,1.43,1,2.69,130266,Y2,,,0,16.637,clean
40,12,0,1.59,1,2.50,769436,Y2,,,0,16.887,clean
40,13,0,1.36,457,2.46,663489,Y4,,,0,16.716,clean
40,14,0,1.43,1,2.44,312120,Y2,,,0,16.224,clean
40,15,0,1.76,1,2.44,482976,Y4,,,0,15.902,clean
40,16,0,1.65,1,2.56,334561,Y4,,,0,16.198,clean
40,17,0,1.59,1,2.55,807166,Y4,,,0,16.878,clean
40,18,0,1.66,869,2.53,83148,Y4,,,0,19.219,clean
40,19,0,1.41,400,2.22,223428,Y2,,,0,17.269,clean
40,20,0,1.63,1,2.31,1379460,Y2,,,0,16.390,clean
40,21,0,1.34,1,2.36,496656,Y2,,,0,15.643,clean
40,22,0,1.37,1,2.42,257224,Y2,,,0,15.396,clean
40,23,0,1.44,1,2.48,41038,Y4,,,0,15.732,clean
40,24,0,1.38,1,2.40,28878,Y4,,,0,16.128,clean
40,25,0,1.93,204,2.32,809133,Y2,,,0,15.988,clean
40,26,0,1.52,1,2.48,855982,Y2,,,0,15.381,clean
40,27,0,1.73,1,2.40,411272,Y2,,,0,14.987,clean
40,28,0,1.68,1,2.31,1218349,Y2,,,0,14.484,clean
40,29,0,1.71,1,2.57,838012,Y4,,,0,14.701,clean
40,30,0,1.49,1,2.43,1005292,Y2,,,0,15.014,clean
40,31,0,1.55,1,2.36,847042,Y2,,,0,14.989,clean
40,32,0,1.37,1254,2.45,827640,Y4,,,0,14.390,clean
40,33,0,1.50,1,2.73,825942,Y2,,,0,13.801,clean
40,34,0,1.86,1,2.30,509799,Y2,,,0,13.653,clean
40,35,0,1.82,1,2.48,211000,Y2,,,0,14.020,clean
40,36,0,1.71,1,2.39,1089960,Y2,,,0,14.558,clean
40,37,0,1.49,1,2.64,652671,Y2,,,0,14.672,clean
40,38,0,1.53,1,2.23,556022,Y2,,,0,14.187,clean
40,39,0,1.55,1,2.46,505328,Y4,,,0,13.505,clean
40,40,0,1.91,1,2.45,357628,Y4,,,0,13.208,clean
40,41,0,1.62,1,2.77,1385272,Y2,,,0,13.400,clean
40,42,0,1.79,1,2.64,1330018,Y2,,,0,13.893,clean
40,43,0,1.70,1,2.33,1270652,Y2,,,0,14.117,clean
40,44,0,1.86,1,2.32,485837,Y4,,,0,13.630,clean
40,45,0,1.86,1,2.55,184089,Y2,,,0,12.798,clean
40,46,0,1.71,1,2.19,199109,Y4,,,0,12.266,clean
40,47,0,1.72,1,2.28,815392,Y2,,,0,12.142,clean
40,48,0,1.75,1234,2.74,549853,Y2,,,0,12.347,clean
40,49,0,1.85,1,2.53,746548,Y4,,,0,12.440,clean
40,50,0,1.84,1,2.28,361025,Y4,,,0,11.918,clean
40,51,0,2.36,1,2.34,1405835,Y4,,,0,11.076,clean
40,52,0,2.27,1,2.31,465900,Y4,,,0,10.300,clean
40,53,0,2.42,1,2.59,997066,Y4,,,0,9.719,clean
40,54,0,2.45,1,2.39,1164347,Y2,,,0,9.376,clean
40,55,0,2.71,1,2.38,754148,Y4,0.00/noise-like,0.00/noise-like,0,8.886,hump-note
40,56,0,3.10,1,2.49,986516,Y2,0.00/noise-like,0.24/noise-like,0,7.953,hump-note
40,57,0,0,-1,0,0,-,,,0,6.792,QUARANTINE:dark-lane range=59 distinct=59
40,58,0,0,-1,0,0,-,,,0,5.736,QUARANTINE:dark-lane range=49 distinct=49
40,59,0,0,-1,0,0,-,,,0,4.882,QUARANTINE:dark-lane range=42 distinct=43
40,60,0,0,-1,0,0,-,,,0,4.165,QUARANTINE:dark-lane range=38 distinct=37
40,61,0,0,-1,0,0,-,,,0,3.565,QUARANTINE:dark-lane range=31 distinct=32
40,62,0,0,-1,0,0,-,,,0,2.956,QUARANTINE:dark-lane range=26 distinct=27
40,63,0,0,-1,0,0,-,,,0,2.404,QUARANTINE:dark-lane range=23 distinct=23
41,0,0,1.46,390,2.55,246495,Y2,,,0,20.706,clean
41,1,0,1.36,1284,2.48,920266,Y2,,,0,19.576,clean
41,2,0,1.40,56,2.18,765234,Y4,,,0,18.569,clean
41,3,0,1.35,644,2.26,518471,Y2,,,0,17.964,clean
41,4,0,1.37,784,2.53,339389,Y2,,,0,17.852,clean
41,5,0,1.35,1,2.47,130892,Y2,,,0,18.076,clean
41,6,0,1.55,1,2.69,905961,Y4,,,0,17.978,clean
41,7,0,1.41,1,2.32,871003,Y2,,,0,17.436,clean
41,8,0,1.63,1,2.33,800550,Y4,,,0,16.775,clean
41,9,0,1.57,1,2.47,1068771,Y4,,,0,16.241,clean
41,10,0,1.68,1,2.43,379264,Y2,,,0,16.247,clean
41,11,0,1.60,1,2.44,795454,Y4,,,0,16.632,clean
41,12,0,1.57,1,2.37,43541,Y2,,,0,16.910,clean
41,13,0,1.57,1,2.27,987232,Y2,,,0,16.720,clean
41,14,0,1.54,1,2.37,649095,Y4,,,0,16.252,clean
41,15,0,1.39,346,2.35,35942,Y2,,,0,15.934,clean
41,16,0,1.67,1,2.46,934392,Y2,,,0,16.183,clean
41,17,0,1.53,1,2.31,1215220,Y2,,,0,16.866,clean
41,18,0,1.57,793,2.47,838816,Y2,,,0,19.222,clean
41,19,0,1.46,1,2.29,71883,Y4,,,0,17.282,clean
41,20,0,1.46,1,2.40,272065,Y2,,,0,16.367,clean
41,21,0,1.73,1,2.41,509083,Y4,,,0,15.627,clean
41,22,0,1.53,1,2.33,517309,Y2,,,0,15.414,clean
41,23,0,1.55,1,2.47,174791,Y2,,,0,15.777,clean
41,24,0,1.52,1,2.66,80645,Y2,,,0,16.151,clean
41,25,0,2.26,204,7.85,536,Y4,0.24/noise-like,0.00/noise-like,10,16.020,FAM-HIT
41,26,0,1.48,1,2.44,324994,Y2,,,0,15.409,clean
41,27,0,1.62,634,2.38,1070112,Y2,,,0,14.967,clean
41,28,0,1.53,1,2.41,76890,Y4,,,0,14.456,clean
41,29,0,1.75,1,2.29,733852,Y4,,,0,14.667,clean
41,30,0,1.84,1,2.60,620842,Y4,,,0,15.036,clean
41,31,0,1.60,1,2.53,277430,Y2,,,0,14.979,clean
41,32,0,1.38,1091,2.73,198305,Y4,,,0,14.386,clean
41,33,0,1.57,1,2.40,474483,Y4,,,0,13.820,clean
41,34,0,1.70,1,2.42,1271904,Y2,,,0,13.644,clean
41,35,0,1.65,1,2.52,570416,Y2,,,0,14.024,clean
41,36,0,1.74,1,2.41,856698,Y2,,,0,14.546,clean
41,37,0,1.93,1,2.40,775427,Y4,,,0,14.678,clean
41,38,0,1.81,1,2.33,613153,Y2,,,0,14.191,clean
41,39,0,1.76,1,2.28,1450002,Y4,,,0,13.530,clean
41,40,0,1.74,1,2.48,522852,Y2,,,0,13.192,clean
41,41,0,1.66,1,2.40,577658,Y2,,,0,13.426,clean
41,42,0,1.85,1,2.51,1086473,Y2,,,0,13.897,clean
41,43,0,1.66,1,2.35,1141638,Y4,,,0,14.142,clean
41,44,0,1.56,1,2.75,416547,Y2,,,0,13.623,clean
41,45,0,1.58,1,2.55,1059115,Y2,,,0,12.784,clean
41,46,0,1.77,1,2.42,103444,Y2,,,0,12.247,clean
41,47,0,1.82,1,2.54,32634,Y2,,,0,12.140,clean
41,48,0,1.90,1,2.50,728220,Y2,,,0,12.345,clean
41,49,0,1.72,1,2.19,131696,Y2,,,0,12.438,clean
41,50,0,1.84,1,2.33,1114994,Y4,,,0,11.943,clean
41,51,0,1.88,1,2.27,1378834,Y2,,,0,11.091,clean
41,52,0,2.30,1,2.64,1011997,Y2,,,0,10.294,clean
41,53,0,2.12,1,2.26,1309901,Y4,,,0,9.730,clean
41,54,0,2.75,1,2.51,830054,Y4,0.00/noise-like,0.00/noise-like,0,9.377,hump-note
41,55,0,2.59,1,2.48,765324,Y4,0.00/noise-like,0.00/noise-like,0,8.869,hump-note
41,56,0,3.08,1,2.52,88334,Y2,0.00/noise-like,0.00/noise-like,0,7.963,hump-note
41,57,0,0,-1,0,0,-,,,22,6.813,QUARANTINE:dark-lane range=61 distinct=58
41,58,0,0,-1,0,0,-,,,0,5.738,QUARANTINE:dark-lane range=52 distinct=52
41,59,0,0,-1,0,0,-,,,0,4.882,QUARANTINE:dark-lane range=44 distinct=43
41,60,0,0,-1,0,0,-,,,0,4.167,QUARANTINE:dark-lane range=36 distinct=36
41,61,0,0,-1,0,0,-,,,0,3.564,QUARANTINE:dark-lane range=32 distinct=33
41,62,0,0,-1,0,0,-,,,0,2.961,QUARANTINE:dark-lane range=27 distinct=27
41,63,0,0,-1,0,0,-,,,0,2.401,QUARANTINE:dark-lane range=21 distinct=22
42,0,0,1.36,994,2.23,1416564,Y2,,,0,20.721,clean
42,1,0,1.35,204,2.23,1201719,Y4,,,0,19.619,clean
42,2,0,1.45,1152,2.38,182748,Y4,,,0,18.571,clean
42,3,0,1.48,1,2.32,1152545,Y2,,,0,17.984,clean
42,4,0,1.35,1353,2.66,890136,Y4,,,0,17.836,clean
42,5,0,1.55,1,2.46,1237571,Y2,,,0,18.059,clean
42,6,0,1.40,1478,2.35,1073599,Y4,,,0,17.999,clean
42,7,0,1.72,1,2.53,488073,Y4,,,0,17.452,clean
42,8,0,1.54,1,2.48,484854,Y4,,,0,16.721,clean
42,9,0,1.44,1,2.43,1445621,Y4,,,0,16.240,clean
42,10,0,1.51,1,2.79,949860,Y2,,,0,16.207,clean
42,11,0,1.45,1,2.46,706583,Y4,,,0,16.624,clean
42,12,0,1.54,1,2.32,134915,Y2,,,0,16.890,clean
42,13,0,1.74,1,2.46,581235,Y4,,,0,16.712,clean
42,14,0,1.36,1335,2.25,815392,Y2,,,0,16.192,clean
42,15,0,1.63,1,2.56,408232,Y2,,,0,15.916,clean
42,16,0,1.44,1,2.30,737697,Y4,,,0,16.169,clean
42,17,0,1.37,1342,2.39,273138,Y2,,,0,16.859,clean
42,18,0,1.59,678,2.48,521243,Y2,,,0,19.191,clean
42,19,0,1.36,510,2.57,1292109,Y2,,,0,17.259,clean
42,20,0,1.37,985,2.41,322044,Y2,,,0,16.375,clean
42,21,0,1.55,1,2.43,66698,Y2,,,0,15.656,clean
42,22,0,1.68,1,2.31,504434,Y4,,,0,15.403,clean
42,23,0,1.56,1,2.52,339836,Y4,,,0,15.761,clean
42,24,0,1.69,1,2.42,918388,Y2,,,0,16.143,clean
42,25,0,2.09,204,4.03,9924,Y4,0.00/noise-like,0.00/noise-like,6,16.034,FAM-HIT
42,26,0,1.75,1,2.33,516325,Y2,,,0,15.373,clean
42,27,0,1.55,635,2.31,1113296,Y4,,,0,14.976,clean
42,28,0,1.58,1,2.40,369698,Y2,,,0,14.430,clean
42,29,0,1.70,1,2.42,575781,Y2,,,0,14.678,clean
42,30,0,1.67,1,2.45,764251,Y2,,,0,15.046,clean
42,31,0,1.37,487,2.27,838548,Y2,,,0,14.994,clean
42,32,0,1.35,918,2.29,538945,Y4,,,0,14.395,clean
42,33,0,1.61,1,2.56,1061171,Y2,,,0,13.791,clean
42,34,0,1.92,1,2.59,791073,Y4,,,0,13.649,clean
42,35,0,1.63,1,2.82,443995,Y4,,,0,14.006,clean
42,36,0,1.55,1,2.35,327230,Y2,,,0,14.542,clean
42,37,0,1.59,1,2.50,536,Y2,,,0,14.660,clean
42,38,0,1.48,1,2.32,589639,Y2,,,0,14.169,clean
42,39,0,1.89,1,2.68,172108,Y2,,,0,13.530,clean
42,40,0,1.70,1,2.29,20027,Y2,,,0,13.207,clean
42,41,0,1.73,1,2.36,172734,Y2,,,0,13.413,clean
42,42,0,1.81,1,2.51,815392,Y2,,,0,13.890,clean
42,43,0,1.73,1,2.37,381589,Y4,,,0,14.130,clean
42,44,0,1.68,1,2.51,766218,Y2,,,0,13.641,clean
42,45,0,1.86,1,2.53,186235,Y4,,,0,12.800,clean
42,46,0,1.84,1,2.63,90033,Y4,,,0,12.279,clean
42,47,0,1.94,1,2.52,414312,Y2,,,0,12.152,clean
42,48,0,1.76,1,2.65,1027554,Y4,,,0,12.358,clean
42,49,0,1.94,1,2.34,1424074,Y2,,,0,12.427,clean
42,50,0,1.93,1,2.48,573903,Y2,,,0,11.917,clean
42,51,0,1.96,1,2.72,1008958,Y4,,,0,11.064,clean
42,52,0,2.39,1,2.50,465095,Y4,,,0,10.285,clean
42,53,0,2.55,1,2.58,121593,Y2,0.00/noise-like,0.00/noise-like,0,9.734,hump-note
42,54,0,2.40,1,2.42,527769,Y4,,,0,9.355,clean
42,55,0,3.01,1,2.37,416815,Y4,0.00/noise-like,0.24/noise-like,0,8.861,hump-note
42,56,0,3.02,1,2.35,704259,Y4,0.00/noise-like,0.00/noise-like,0,7.947,hump-note
42,57,0,0,-1,0,0,-,,,17,6.809,QUARANTINE:dark-lane range=65 distinct=61
42,58,0,0,-1,0,0,-,,,0,5.741,QUARANTINE:dark-lane range=50 distinct=50
42,59,0,0,-1,0,0,-,,,0,4.878,QUARANTINE:dark-lane range=41 distinct=42
42,60,0,0,-1,0,0,-,,,0,4.172,QUARANTINE:dark-lane range=35 distinct=36
42,61,0,0,-1,0,0,-,,,0,3.554,QUARANTINE:dark-lane range=33 distinct=32
42,62,0,0,-1,0,0,-,,,0,2.955,QUARANTINE:dark-lane range=26 distinct=27
42,63,0,0,-1,0,0,-,,,0,2.405,QUARANTINE:dark-lane range=21 distinct=22
43,0,0,1.33,4,2.42,877082,Y2,,,0,20.721,clean
43,1,0,1.38,985,2.68,984460,Y2,,,0,19.591,clean
43,2,0,1.40,780,2.41,601888,Y4,,,0,18.568,clean
43,3,0,1.47,1,2.45,725001,Y2,,,0,17.949,clean
43,4,0,1.42,1,2.41,1023889,Y4,,,0,17.859,clean
43,5,0,1.45,1,2.43,335544,Y4,,,0,18.060,clean
43,6,0,1.53,1478,2.58,300407,Y2,,,0,17.989,clean
43,7,0,1.35,692,2.30,517666,Y4,,,0,17.427,clean
43,8,0,1.59,1,2.53,142157,Y2,,,0,16.773,clean
43,9,0,1.48,1,2.35,1232654,Y4,,,0,16.242,clean
43,10,0,1.54,1,2.34,995100,Y4,,,0,16.216,clean
43,11,0,1.35,1408,2.38,112832,Y2,,,0,16.596,clean
43,12,0,1.45,1,2.54,925899,Y4,,,0,16.889,clean
43,13,0,1.60,1,2.32,192583,Y4,,,0,16.724,clean
43,14,0,1.57,1,2.58,1002252,Y2,,,0,16.242,clean
43,15,0,1.69,1,2.34,1106054,Y4,,,0,15.917,clean
43,16,0,1.46,1,2.47,1132160,Y4,,,0,16.214,clean
43,17,0,1.64,1,2.64,337332,Y4,,,0,16.880,clean
43,18,0,1.71,789,2.54,119448,Y2,,,0,19.225,clean
43,19,0,1.43,1,2.44,825495,Y4,,,0,17.285,clean
43,20,0,1.66,1,2.39,649452,Y4,,,0,16.331,clean
43,21,0,1.43,1,2.28,522941,Y2,,,0,15.638,clean
43,22,0,1.39,1,2.67,5811,Y2,,,0,15.391,clean
43,23,0,1.52,1,2.38,185877,Y2,,,0,15.741,clean
43,24,0,1.36,583,2.37,265896,Y2,,,0,16.123,clean
43,25,0,1.93,204,2.29,1202613,Y2,,,0,16.023,clean
43,26,0,1.52,1,2.31,500768,Y4,,,0,15.419,clean
43,27,0,1.64,626,2.57,305325,Y2,,,0,14.977,clean
43,28,0,1.65,1,2.64,611186,Y4,,,0,14.483,clean
43,29,0,1.39,1,2.70,1410037,Y2,,,0,14.671,clean
43,30,0,1.38,1,2.42,839442,Y2,,,0,15.001,clean
43,31,0,1.56,1,2.47,60260,Y2,,,0,14.987,clean
43,32,0,1.36,1573,2.45,593752,Y4,,,0,14.424,clean
43,33,0,1.68,1,2.68,110328,Y2,,,0,13.832,clean
43,34,0,1.40,1,2.38,858039,Y2,,,0,13.630,clean
43,35,0,1.99,1,2.38,1201630,Y4,,,0,14.017,clean
43,36,0,1.57,1,2.41,512838,Y2,,,0,14.549,clean
43,37,0,1.48,1,2.48,264376,Y4,,,0,14.690,clean
43,38,0,1.51,1,2.30,1156926,Y2,,,0,14.171,clean
43,39,0,1.69,1,2.34,1088977,Y2,,,0,13.499,clean
43,40,0,1.72,1,2.34,1336992,Y4,,,0,13.198,clean
43,41,0,1.87,1,2.26,283062,Y4,,,0,13.408,clean
43,42,0,1.62,1,2.33,455171,Y2,,,0,13.864,clean
43,43,0,1.68,1,2.45,1157820,Y2,,,0,14.118,clean
43,44,0,2.04,1,2.71,1264840,Y4,,,0,13.593,clean
43,45,0,1.84,1,2.44,926971,Y2,,,0,12.777,clean
43,46,0,1.93,1,2.68,266254,Y4,,,0,12.264,clean
43,47,0,1.88,1,2.63,469029,Y2,,,0,12.152,clean
43,48,0,1.73,1234,2.78,300318,Y4,,,0,12.351,clean
43,49,0,2.06,1,2.26,1442492,Y4,,,0,12.423,clean
43,50,0,2.06,1,2.55,618875,Y4,,,0,11.937,clean
43,51,0,2.21,1,2.52,966042,Y2,,,0,11.100,clean
43,52,0,2.28,1,2.91,117749,Y4,,,0,10.291,clean
43,53,0,2.18,1,2.55,1162291,Y2,,,0,9.739,clean
43,54,0,2.51,1,2.28,734657,Y4,0.00/noise-like,0.00/noise-like,0,9.354,hump-note
43,55,0,2.61,1,2.30,93698,Y2,0.00/noise-like,0.24/noise-like,0,8.851,hump-note
43,56,0,3.18,1,2.30,764698,Y4,0.24/noise-like,0.24/noise-like,0,7.958,hump-note
43,57,0,0,-1,0,0,-,,,0,6.786,QUARANTINE:dark-lane range=60 distinct=59
43,58,0,0,-1,0,0,-,,,0,5.746,QUARANTINE:dark-lane range=53 distinct=51
43,59,0,0,-1,0,0,-,,,0,4.881,QUARANTINE:dark-lane range=44 distinct=43
43,60,0,0,-1,0,0,-,,,0,4.160,QUARANTINE:dark-lane range=35 distinct=36
43,61,0,0,-1,0,0,-,,,0,3.555,QUARANTINE:dark-lane range=32 distinct=32
43,62,0,0,-1,0,0,-,,,0,2.960,QUARANTINE:dark-lane range=24 distinct=25
43,63,0,0,-1,0,0,-,,,0,2.418,QUARANTINE:dark-lane range=20 distinct=21
44,0,0,1.32,146,2.46,1071632,Y2,,,0,20.704,clean
44,1,0,1.34,531,2.29,21279,Y4,,,0,19.588,clean
44,2,0,1.47,1,2.41,72777,Y2,,,0,18.585,clean
44,3,0,1.46,1,2.37,961483,Y4,,,0,17.993,clean
44,4,0,1.43,1,2.27,114173,Y2,,,0,17.843,clean
44,5,0,1.48,1,2.39,394285,Y2,,,0,18.040,clean
44,6,0,1.66,1,2.32,833184,Y4,,,0,17.974,clean
44,7,0,1.33,1336,2.35,1184911,Y2,,,0,17.415,clean
44,8,0,1.58,1,2.40,281721,Y4,,,0,16.742,clean
44,9,0,1.60,1,2.27,1251966,Y2,,,0,16.241,clean
44,10,0,1.56,1,2.53,76085,Y2,,,0,16.217,clean
44,11,0,1.54,1,2.43,154138,Y4,,,0,16.632,clean
44,12,0,1.62,1,2.55,452846,Y2,,,0,16.859,clean
44,13,0,1.50,1,2.42,32276,Y2,,,0,16.708,clean
44,14,0,1.39,1,2.51,59992,Y2,,,0,16.215,clean
44,15,0,1.58,1,2.25,253826,Y2,,,0,15.886,clean
44,16,0,1.61,1,2.37,594288,Y4,,,0,16.177,clean
44,17,0,1.48,1,2.31,1304179,Y4,,,0,16.869,clean
44,18,0,1.66,790,2.60,1393408,Y2,,,0,19.193,clean
44,19,0,1.51,1,2.34,950843,Y2,,,0,17.245,clean
44,20,0,1.63,1,2.27,1329929,Y4,,,0,16.339,clean
44,21,0,1.96,1,2.31,177830,Y4,,,0,15.635,clean
44,22,0,1.52,1,2.44,223875,Y4,,,0,15.417,clean
44,23,0,1.63,1,2.29,1142442,Y2,,,0,15.726,clean
44,24,0,1.80,1,2.60,914097,Y4,,,0,16.137,clean
44,25,0,1.80,204,2.34,350654,Y4,,,0,15.982,clean
44,26,0,1.70,1,2.44,632823,Y4,,,0,15.368,clean
44,27,0,1.61,1,2.36,876456,Y2,,,0,14.955,clean
44,28,0,1.49,1,2.57,1324564,Y2,,,0,14.473,clean
44,29,0,1.75,1,2.38,276446,Y4,,,0,14.684,clean
44,30,0,1.36,352,2.64,992864,Y4,,,0,15.002,clean
44,31,0,1.87,1,2.63,155210,Y4,,,0,14.974,clean
44,32,0,1.35,619,2.45,30488,Y4,,,0,14.400,clean
44,33,0,1.82,1,2.47,845432,Y2,,,0,13.821,clean
44,34,0,1.61,1,2.66,134826,Y2,,,0,13.646,clean
44,35,0,1.94,1,2.63,426829,Y4,,,0,14.002,clean
44,36,0,1.61,1,2.21,1189291,Y2,,,0,14.526,clean
44,37,0,1.40,1070,2.30,425488,Y2,,,0,14.639,clean
44,38,0,1.61,1,2.34,608951,Y2,,,0,14.189,clean
44,39,0,1.78,1,2.38,311941,Y4,,,0,13.509,clean
44,40,0,1.69,1,2.29,1068771,Y4,,,0,13.193,clean
44,41,0,1.44,1066,2.73,814050,Y4,,,0,13.394,clean
44,42,0,1.65,1,2.34,1239538,Y2,,,0,13.868,clean
44,43,0,1.72,1,2.40,1137704,Y2,,,0,14.121,clean
44,44,0,1.87,1,2.53,264108,Y4,,,0,13.637,clean
44,45,0,1.82,1,2.27,258833,Y2,,,0,12.760,clean
44,46,0,2.08,1,2.50,439882,Y4,,,0,12.246,clean
44,47,0,2.04,1,2.40,1409590,Y4,,,0,12.139,clean
44,48,0,1.74,1,2.36,505239,Y4,,,0,12.318,clean
44,49,0,1.65,1,2.51,1182139,Y2,,,0,12.412,clean
44,50,0,1.84,1,2.54,495851,Y2,,,0,11.924,clean
44,51,0,1.81,1,2.59,322759,Y2,,,0,11.089,clean
44,52,0,2.12,1,2.47,462413,Y4,,,0,10.267,clean
44,53,0,2.24,1,2.33,909358,Y2,,,0,9.738,clean
44,54,0,2.78,1,2.22,1049012,Y2,0.00/noise-like,0.00/noise-like,0,9.353,hump-note
44,55,0,2.72,1,2.27,418603,Y2,0.00/noise-like,0.24/noise-like,0,8.869,hump-note
44,56,0,2.72,1,2.47,730455,Y4,0.24/noise-like,0.00/noise-like,0,7.956,hump-note
44,57,0,0,-1,0,0,-,,,0,6.783,QUARANTINE:dark-lane range=63 distinct=62
44,58,0,0,-1,0,0,-,,,0,5.738,QUARANTINE:dark-lane range=48 distinct=49
44,59,0,0,-1,0,0,-,,,0,4.878,QUARANTINE:dark-lane range=43 distinct=43
44,60,0,0,-1,0,0,-,,,0,4.161,QUARANTINE:dark-lane range=36 distinct=36
44,61,0,0,-1,0,0,-,,,0,3.554,QUARANTINE:dark-lane range=34 distinct=34
44,62,0,0,-1,0,0,-,,,0,2.952,QUARANTINE:dark-lane range=26 distinct=27
44,63,0,0,-1,0,0,-,,,0,2.403,QUARANTINE:dark-lane range=21 distinct=22
45,0,0,1.39,1587,2.48,491202,Y2,,,0,20.736,clean
45,1,0,1.32,966,2.46,733584,Y2,,,0,19.590,clean
45,2,0,1.45,1,2.28,1041591,Y4,,,0,18.602,clean
45,3,0,1.50,1,2.50,298083,Y4,,,0,17.976,clean
45,4,0,1.51,1,2.54,6258,Y4,,,0,17.852,clean
45,5,0,1.41,1,2.40,500947,Y2,,,0,18.069,clean
45,6,0,1.43,1,2.38,1068056,Y2,,,0,18.013,clean
45,7,0,1.43,1,2.51,77069,Y2,,,0,17.419,clean
45,8,0,1.53,1,2.71,642031,Y4,,,0,16.758,clean
45,9,0,1.48,1,2.39,263482,Y2,,,0,16.231,clean
45,10,0,1.49,1,2.31,545651,Y4,,,0,16.252,clean
45,11,0,1.59,1,2.35,63300,Y4,,,0,16.603,clean
45,12,0,1.64,1,2.31,617266,Y2,,,0,16.881,clean
45,13,0,1.72,1,2.44,1241148,Y2,,,0,16.716,clean
45,14,0,1.61,1,2.34,656426,Y4,,,0,16.216,clean
45,15,0,1.64,1,2.20,841677,Y2,,,0,15.917,clean
45,16,0,1.54,1,2.63,410467,Y2,,,0,16.168,clean
45,17,0,1.50,1,2.40,1394838,Y4,,,0,16.862,clean
45,18,0,1.57,786,2.64,236481,Y4,,,0,19.181,clean
45,19,0,1.34,1354,2.26,268668,Y2,,,0,17.244,clean
45,20,0,1.42,1,2.36,258744,Y2,,,0,16.356,clean
45,21,0,1.92,1,2.54,255883,Y2,,,0,15.631,clean
45,22,0,1.65,1,2.47,527322,Y4,,,0,15.388,clean
45,23,0,1.47,262,2.19,22531,Y2,,,0,15.738,clean
45,24,0,1.67,1,2.48,930727,Y4,,,0,16.122,clean
45,25,0,1.92,204,2.36,881016,Y2,,,0,16.028,clean
45,26,0,1.57,1,2.59,83953,Y2,,,0,15.370,clean
45,27,0,1.64,1,2.38,313640,Y2,,,0,14.967,clean
45,28,0,1.65,1,2.37,1369089,Y2,,,0,14.438,clean
45,29,0,1.80,1,2.34,988305,Y4,,,0,14.673,clean
45,30,0,1.59,1,2.31,102282,Y4,,,0,15.014,clean
45,31,0,1.74,1,2.31,1228809,Y2,,,0,14.983,clean
45,32,0,1.34,205,2.74,1459837,Y4,,,0,14.409,clean
45,33,0,1.98,1,2.27,797600,Y4,,,0,13.830,clean
45,34,0,1.77,1,2.60,1386434,Y4,,,0,13.658,clean
45,35,0,1.75,1,2.46,11981,Y2,,,0,14.022,clean
45,36,0,1.72,1,2.54,1050621,Y4,,,0,14.525,clean
45,37,0,1.54,1,2.36,1211017,Y2,,,0,14.661,clean
45,38,0,1.63,1,2.29,1221657,Y4,,,0,14.171,clean
45,39,0,1.73,1,2.65,420749,Y4,,,0,13.515,clean
45,40,0,1.90,1,2.50,357002,Y4,,,0,13.201,clean
45,41,0,1.77,1,2.37,973463,Y2,,,0,13.408,clean
45,42,0,1.99,1,2.41,1441777,Y2,,,0,13.887,clean
45,43,0,1.95,1,2.41,1002520,Y2,,,0,14.116,clean
45,44,0,1.64,1,2.37,130892,Y4,,,0,13.598,clean
45,45,0,2.15,1,2.41,264198,Y2,,,0,12.791,clean
45,46,0,2.12,1,2.36,291020,Y2,,,0,12.264,clean
45,47,0,1.89,1,2.35,432104,Y4,,,0,12.143,clean
45,48,0,1.72,1234,2.46,1375616,Y2,,,0,12.338,clean
45,49,0,1.89,1,2.29,336349,Y4,,,0,12.414,clean
45,50,0,1.86,1,2.23,66161,Y4,,,0,11.949,clean
45,51,0,2.33,1,2.27,21189,Y4,,,0,11.094,clean
45,52,0,2.00,1,2.51,872254,Y4,,,0,10.297,clean
45,53,0,2.38,1,2.27,380248,Y4,,,0,9.730,clean
45,54,0,2.57,1,2.19,230044,Y4,0.24/noise-like,0.00/noise-like,0,9.364,hump-note
45,55,0,2.89,1,2.56,1090229,Y4,0.00/noise-like,0.00/noise-like,0,8.862,hump-note
45,56,0,2.97,1,2.47,1135558,Y4,0.00/noise-like,0.00/noise-like,0,7.941,hump-note
45,57,0,0,-1,0,0,-,,,1,6.788,QUARANTINE:dark-lane range=59 distinct=58
45,58,0,0,-1,0,0,-,,,0,5.732,QUARANTINE:dark-lane range=50 distinct=49
45,59,0,0,-1,0,0,-,,,0,4.885,QUARANTINE:dark-lane range=41 distinct=42
45,60,0,0,-1,0,0,-,,,0,4.162,QUARANTINE:dark-lane range=35 distinct=36
45,61,0,0,-1,0,0,-,,,0,3.560,QUARANTINE:dark-lane range=31 distinct=32
45,62,0,0,-1,0,0,-,,,0,2.956,QUARANTINE:dark-lane range=26 distinct=27
45,63,0,0,-1,0,0,-,,,0,2.402,QUARANTINE:dark-lane range=21 distinct=22
46,0,0,1.41,129,2.64,1122773,Y4,,,0,20.683,clean
46,1,0,1.41,1,2.36,95308,Y2,,,0,19.575,clean
46,2,0,1.35,1468,2.33,911683,Y2,,,0,18.576,clean
46,3,0,1.62,1,2.24,578195,Y4,,,0,17.946,clean
46,4,0,1.41,1,2.28,1118392,Y4,,,0,17.856,clean
46,5,0,1.58,1,2.39,1201183,Y4,,,0,18.028,clean
46,6,0,1.67,1,2.40,180960,Y4,,,0,17.980,clean
46,7,0,1.57,1,2.55,1301408,Y4,,,0,17.441,clean
46,8,0,1.63,1,2.30,1229256,Y4,,,0,16.738,clean
46,9,0,1.37,684,2.41,1049012,Y4,,,0,16.220,clean
46,10,0,1.52,1,2.44,958800,Y4,,,0,16.217,clean
46,11,0,1.43,1,2.42,248909,Y2,,,0,16.631,clean
46,12,0,1.42,1,2.45,1442671,Y4,,,0,16.858,clean
46,13,0,1.39,1578,2.29,218511,Y2,,,0,16.722,clean
46,14,0,1.53,1,2.32,1464844,Y2,,,0,16.214,clean
46,15,0,1.47,1,2.28,847399,Y4,,,0,15.886,clean
46,16,0,1.63,1,2.50,259995,Y2,,,0,16.184,clean
46,17,0,1.41,1,2.51,1417100,Y2,,,0,16.858,clean
46,18,0,1.69,662,2.71,47565,Y2,,,0,19.192,clean
46,19,0,1.52,1,2.53,224054,Y4,,,0,17.224,clean
46,20,0,1.54,1,2.37,699788,Y4,,,0,16.343,clean
46,21,0,1.46,1,2.25,912040,Y4,,,0,15.637,clean
46,22,0,1.55,1,2.58,1177758,Y4,,,0,15.397,clean
46,23,0,1.58,1,2.30,1031846,Y4,,,0,15.717,clean
46,24,0,1.36,220,2.45,226736,Y2,,,0,16.145,clean
46,25,0,1.82,204,4.27,983,Y4,0.00/noise-like,0.00/noise-like,4,16.018,FAM-HIT
46,26,0,1.47,382,2.44,66608,Y2,,,0,15.398,clean
46,27,0,1.67,615,2.82,1168370,Y4,,,0,14.985,clean
46,28,0,1.61,1,2.52,725895,Y4,,,0,14.453,clean
46,29,0,1.63,1,2.28,668317,Y4,,,0,14.691,clean
46,30,0,1.59,1,2.42,347793,Y2,,,0,15.019,clean
46,31,0,1.49,1,2.53,230491,Y4,,,0,14.977,clean
46,32,0,1.42,1263,2.31,1197964,Y4,,,0,14.382,clean
46,33,0,1.84,1,2.79,957280,Y4,,,0,13.779,clean
46,34,0,1.46,1,2.40,867784,Y2,,,0,13.624,clean
46,35,0,1.46,1,2.37,191689,Y2,,,0,14.026,clean
46,36,0,1.44,1,2.53,249535,Y4,,,0,14.563,clean
46,37,0,1.59,1,2.42,226647,Y2,,,0,14.651,clean
46,38,0,1.73,1,2.41,380427,Y2,,,0,14.161,clean
46,39,0,1.96,1,2.45,136524,Y2,,,0,13.545,clean
46,40,0,1.78,1,2.48,1051515,Y4,,,0,13.215,clean
46,41,0,1.65,1,2.45,335813,Y4,,,0,13.413,clean
46,42,0,1.79,1,2.19,1044989,Y4,,,0,13.870,clean
46,43,0,1.78,1,2.43,436395,Y2,,,0,14.137,clean
46,44,0,1.71,1,2.48,800282,Y4,,,0,13.605,clean
46,45,0,1.84,1,2.46,1412809,Y4,,,0,12.775,clean
46,46,0,1.92,1,2.34,1084417,Y4,,,0,12.266,clean
46,47,0,1.95,1,2.72,113010,Y2,,,0,12.146,clean
46,48,0,1.83,1,2.30,193924,Y4,,,0,12.350,clean
46,49,0,1.91,1,2.46,114530,Y4,,,0,12.434,clean
46,50,0,1.90,1,2.29,977755,Y2,,,0,11.941,clean
46,51,0,2.03,1,2.72,1324922,Y2,,,0,11.082,clean
46,52,0,2.28,1,2.36,1434177,Y4,,,0,10.302,clean
46,53,0,2.32,1,2.50,1275748,Y2,,,0,9.730,clean
46,54,0,2.87,1,2.44,1370162,Y2,0.00/noise-like,0.00/noise-like,0,9.355,hump-note
46,55,0,2.71,1,2.36,203758,Y4,0.00/noise-like,0.00/noise-like,0,8.863,hump-note
46,56,0,2.83,1,2.18,1223087,Y2,0.24/noise-like,0.24/noise-like,0,7.936,hump-note
46,57,0,0,-1,0,0,-,,,5,6.788,QUARANTINE:dark-lane range=58 distinct=58
46,58,0,0,-1,0,0,-,,,0,5.733,QUARANTINE:dark-lane range=47 distinct=48
46,59,0,0,-1,0,0,-,,,0,4.880,QUARANTINE:dark-lane range=41 distinct=42
46,60,0,0,-1,0,0,-,,,0,4.167,QUARANTINE:dark-lane range=35 distinct=36
46,61,0,0,-1,0,0,-,,,0,3.561,QUARANTINE:dark-lane range=31 distinct=32
46,62,0,0,-1,0,0,-,,,0,2.954,QUARANTINE:dark-lane range=25 distinct=26
46,63,0,0,-1,0,0,-,,,0,2.401,QUARANTINE:dark-lane range=22 distinct=23
47,0,0,1.34,547,2.39,682980,Y4,,,0,20.735,clean
47,1,0,1.34,999,2.44,115514,Y2,,,0,19.611,clean
47,2,0,1.50,1643,2.42,1407087,Y4,,,0,18.564,clean
47,3,0,1.33,332,2.36,1116157,Y4,,,0,17.957,clean
47,4,0,1.47,1,2.36,1013964,Y2,,,0,17.830,clean
47,5,0,1.49,1,2.28,388294,Y4,,,0,18.030,clean
47,6,0,1.43,1478,2.29,969887,Y4,,,0,17.983,clean
47,7,0,1.43,1,2.34,245243,Y4,,,0,17.444,clean
47,8,0,1.46,1,2.70,990629,Y2,,,0,16.743,clean
47,9,0,1.53,1,2.44,737071,Y4,,,0,16.230,clean
47,10,0,1.43,1,2.58,1403332,Y4,,,0,16.224,clean
47,11,0,1.63,1,2.61,1127332,Y4,,,0,16.622,clean
47,12,0,1.49,1,2.42,239968,Y4,,,0,16.901,clean
47,13,0,1.63,1,2.34,1120716,Y2,,,0,16.713,clean
47,14,0,1.40,1,2.43,784010,Y2,,,0,16.179,clean
47,15,0,1.51,1,2.36,398666,Y2,,,0,15.933,clean
47,16,0,1.43,114,2.30,824600,Y4,,,0,16.169,clean
47,17,0,1.61,1,2.56,550926,Y2,,,0,16.875,clean
47,18,0,1.60,655,2.46,37462,Y4,,,0,19.210,clean
47,19,0,1.58,1,2.33,1050085,Y2,,,0,17.230,clean
47,20,0,1.64,1,2.40,840873,Y2,,,0,16.343,clean
47,21,0,1.65,1,2.33,39160,Y2,,,0,15.629,clean
47,22,0,1.48,1,2.50,512660,Y4,,,0,15.398,clean
47,23,0,1.91,1,2.42,1384825,Y4,,,0,15.720,clean
47,24,0,1.62,1,2.45,339121,Y2,,,0,16.113,clean
47,25,0,2.11,204,2.27,370592,Y2,,,0,16.002,clean
47,26,0,1.61,1,2.30,169337,Y4,,,0,15.403,clean
47,27,0,1.74,619,2.34,306129,Y2,,,0,14.971,clean
47,28,0,1.63,1,2.37,827372,Y4,,,0,14.455,clean
47,29,0,1.75,1,2.30,520349,Y4,,,0,14.671,clean
47,30,0,1.36,1,2.41,1191795,Y4,,,0,15.009,clean
47,31,0,1.71,1,2.39,996619,Y2,,,0,15.008,clean
47,32,0,1.42,268,2.40,942081,Y2,,,0,14.393,clean
47,33,0,1.45,1,2.53,73850,Y2,,,0,13.792,clean
47,34,0,1.93,1,2.55,770777,Y2,,,0,13.656,clean
47,35,0,1.99,1,2.21,328124,Y2,,,0,13.989,clean
47,36,0,1.60,1,2.55,226200,Y2,,,0,14.542,clean
47,37,0,1.72,1,2.47,774890,Y4,,,0,14.648,clean
47,38,0,1.52,1,2.27,1096845,Y4,,,0,14.139,clean
47,39,0,1.84,1,2.36,773460,Y4,,,0,13.467,clean
47,40,0,1.74,1,2.64,90480,Y4,,,0,13.207,clean
47,41,0,1.88,1,2.37,1342803,Y2,,,0,13.403,clean
47,42,0,1.73,1,2.46,778019,Y4,,,0,13.901,clean
47,43,0,1.64,1,2.34,1398236,Y2,,,0,14.127,clean
47,44,0,1.58,1,2.55,1197338,Y2,,,0,13.627,clean
47,45,0,1.98,1,2.38,1115441,Y2,,,0,12.792,clean
47,46,0,1.84,1,2.33,805736,Y2,,,0,12.269,clean
47,47,0,2.25,1,2.37,1294881,Y2,,,0,12.138,clean
47,48,0,1.62,1,2.21,955492,Y4,,,0,12.347,clean
47,49,0,1.65,1,2.33,140458,Y4,,,0,12.427,clean
47,50,0,2.30,1,2.56,707388,Y4,,,0,11.949,clean
47,51,0,2.21,1,2.45,1255274,Y2,,,0,11.082,clean
47,52,0,2.34,1,2.33,104874,Y4,,,0,10.267,clean
47,53,0,2.27,1,2.55,1443565,Y2,,,0,9.729,clean
47,54,0,2.60,1,2.26,191063,Y2,0.00/noise-like,0.00/noise-like,0,9.353,hump-note
47,55,0,2.63,1,2.44,1024425,Y2,0.00/noise-like,0.24/noise-like,0,8.860,hump-note
47,56,0,2.85,1,2.28,629604,Y4,0.00/noise-like,0.00/noise-like,0,7.947,hump-note
47,57,0,0,-1,0,0,-,,,0,6.794,QUARANTINE:dark-lane range=60 distinct=60
47,58,0,0,-1,0,0,-,,,0,5.737,QUARANTINE:dark-lane range=47 distinct=48
47,59,0,0,-1,0,0,-,,,0,4.886,QUARANTINE:dark-lane range=43 distinct=43
47,60,0,0,-1,0,0,-,,,0,4.155,QUARANTINE:dark-lane range=35 distinct=36
47,61,0,0,-1,0,0,-,,,0,3.568,QUARANTINE:dark-lane range=31 distinct=32
47,62,0,0,-1,0,0,-,,,0,2.956,QUARANTINE:dark-lane range=26 distinct=27
47,63,0,0,-1,0,0,-,,,0,2.402,QUARANTINE:dark-lane range=21 distinct=22
48,0,0,1.37,325,2.46,912845,Y4,,,0,20.717,clean
48,1,0,1.33,1,2.76,861078,Y4,,,0,19.601,clean
48,2,0,1.46,1,2.36,360578,Y2,,,0,18.568,clean
48,3,0,1.48,1,2.24,111759,Y4,,,0,17.968,clean
48,4,0,1.52,1,2.43,1141280,Y4,,,0,17.898,clean
48,5,0,1.38,1,2.33,48190,Y2,,,0,18.026,clean
48,6,0,1.63,1,2.63,1220673,Y2,,,0,17.993,clean
48,7,0,1.40,1,2.40,889510,Y4,,,0,17.426,clean
48,8,0,1.43,1,2.65,291646,Y4,,,0,16.760,clean
48,9,0,1.43,1,2.24,892013,Y4,,,0,16.204,clean
48,10,0,1.41,1,2.49,580251,Y2,,,0,16.244,clean
48,11,0,1.51,1,2.66,371575,Y4,,,0,16.614,clean
48,12,0,1.56,1,3.27,892729,Y4,0.00/noise-like,0.24/noise-like,0,16.877,FAM-HIT
48,13,0,1.45,1,2.43,1141816,Y4,,,0,16.707,clean
48,14,0,1.39,1,2.41,146985,Y4,,,0,16.221,clean
48,15,0,1.53,1,2.33,1089245,Y4,,,0,15.911,clean
48,16,0,1.39,1,2.38,761211,Y4,,,0,16.194,clean
48,17,0,1.41,1,2.24,704974,Y4,,,0,16.846,clean
48,18,0,1.64,798,2.56,470281,Y2,,,0,19.199,clean
48,19,0,1.50,1,2.57,446588,Y4,,,0,17.243,clean
48,20,0,1.59,1,2.41,1343697,Y2,,,0,16.357,clean
48,21,0,1.70,1,2.48,896752,Y2,,,0,15.629,clean
48,22,0,1.54,1,2.26,580341,Y2,,,0,15.387,clean
48,23,0,1.51,1,2.51,885576,Y2,,,0,15.737,clean
48,24,0,1.30,254,2.62,579715,Y2,,,0,16.109,clean
48,25,0,2.07,204,2.38,1055896,Y2,,,0,16.008,clean
48,26,0,1.57,1,2.53,1257688,Y2,,,0,15.417,clean
48,27,0,1.87,1,2.48,1177311,Y4,,,0,14.978,clean
48,28,0,1.83,1,2.38,351548,Y2,,,0,14.439,clean
48,29,0,1.56,1,2.58,976145,Y2,,,0,14.667,clean
48,30,0,1.60,1,2.75,1208246,Y4,,,0,15.016,clean
48,31,0,1.57,1,2.31,117749,Y2,,,0,14.994,clean
48,32,0,1.44,983,2.39,287890,Y4,,,0,14.445,clean
48,33,0,1.51,1,2.39,1280040,Y4,,,0,13.795,clean
48,34,0,1.55,1,2.36,1295149,Y4,,,0,13.646,clean
48,35,0,1.72,1,2.47,528127,Y2,,,0,14.002,clean
48,36,0,1.81,1,2.40,785708,Y4,,,0,14.573,clean
48,37,0,1.92,1,2.82,1378834,Y2,,,0,14.656,clean
48,38,0,1.56,1,2.51,144660,Y2,,,0,14.164,clean
48,39,0,1.85,1,2.66,487089,Y2,,,0,13.487,clean
48,40,0,1.65,1,2.36,135005,Y2,,,0,13.203,clean
48,41,0,2.15,1,2.34,1422286,Y2,,,0,13.415,clean
48,42,0,1.88,1,2.32,212699,Y4,,,0,13.875,clean
48,43,0,1.43,1,2.60,1153708,Y4,,,0,14.115,clean
48,44,0,1.75,1,2.42,287443,Y2,,,0,13.604,clean
48,45,0,1.97,1,2.53,1216114,Y4,,,0,12.801,clean
48,46,0,1.84,1,2.40,121593,Y4,,,0,12.286,clean
48,47,0,1.80,1,2.37,108182,Y2,,,0,12.115,clean
48,48,0,1.69,1,2.33,66340,Y2,,,0,12.321,clean
48,49,0,1.75,1,2.26,1247942,Y4,,,0,12.418,clean
48,50,0,1.97,1,2.44,655890,Y2,,,0,11.956,clean
48,51,0,2.19,1,2.21,150830,Y2,,,0,11.092,clean
48,52,0,2.17,1,2.35,1271814,Y2,,,0,10.312,clean
48,53,0,2.31,1,2.29,854909,Y4,,,0,9.717,clean
48,54,0,2.73,1,2.26,582665,Y4,0.00/noise-like,0.00/noise-like,0,9.365,hump-note
48,55,0,2.91,1,2.28,1345843,Y2,0.00/noise-like,0.24/noise-like,0,8.883,hump-note
48,56,0,3.24,1,2.28,800550,Y4,0.00/noise-like,0.00/noise-like,0,7.950,hump-note
48,57,0,0,-1,0,0,-,,,0,6.792,QUARANTINE:dark-lane range=59 distinct=59
48,58,0,0,-1,0,0,-,,,0,5.746,QUARANTINE:dark-lane range=50 distinct=51
48,59,0,0,-1,0,0,-,,,0,4.878,QUARANTINE:dark-lane range=43 distinct=42
48,60,0,0,-1,0,0,-,,,0,4.170,QUARANTINE:dark-lane range=34 distinct=35
48,61,0,0,-1,0,0,-,,,0,3.558,QUARANTINE:dark-lane range=31 distinct=32
48,62,0,0,-1,0,0,-,,,0,2.952,QUARANTINE:dark-lane range=27 distinct=28
48,63,0,0,-1,0,0,-,,,0,2.406,QUARANTINE:dark-lane range=21 distinct=22
49,0,0,1.41,396,2.85,1343161,Y4,,,0,20.709,clean
49,1,0,1.43,1307,2.30,409663,Y4,,,0,19.570,clean
49,2,0,1.57,1,2.41,1115978,Y2,,,0,18.571,clean
49,3,0,1.50,1,2.29,367552,Y2,,,0,17.974,clean
49,4,0,1.39,1400,2.62,537872,Y2,,,0,17.869,clean
49,5,0,1.73,1,2.30,193387,Y2,,,0,18.082,clean
49,6,0,1.61,1,2.71,1281649,Y4,,,0,17.983,clean
49,7,0,1.58,1,2.34,975072,Y4,,,0,17.417,clean
49,8,0,1.47,1,2.30,519276,Y4,,,0,16.750,clean
49,9,0,1.45,1414,2.24,1296222,Y4,,,0,16.220,clean
49,10,0,1.64,1,2.59,671089,Y2,,,0,16.233,clean
49,11,0,1.36,854,2.28,1212537,Y4,,,0,16.620,clean
49,12,0,1.68,1,2.34,795096,Y2,,,0,16.893,clean
49,13,0,1.50,1,2.41,626653,Y4,,,0,16.701,clean
49,14,0,1.41,1,2.29,301212,Y2,,,0,16.233,clean
49,15,0,1.69,1,2.52,1068950,Y4,,,0,15.899,clean
49,16,0,1.68,1,2.43,152797,Y2,,,0,16.174,clean
49,17,0,1.45,1,2.46,493973,Y2,,,0,16.874,clean
49,18,0,1.64,707,2.41,15467,Y2,,,0,19.199,clean
49,19,0,1.35,884,2.41,30667,Y2,,,0,17.271,clean
49,20,0,1.50,1,2.69,449896,Y2,,,0,16.333,clean
49,21,0,1.36,1,2.34,52661,Y4,,,0,15.639,clean
49,22,0,1.50,1,2.47,20027,Y4,,,0,15.396,clean
49,23,0,1.40,1,2.53,1113385,Y2,,,0,15.728,clean
49,24,0,1.83,1,2.36,409126,Y2,,,0,16.140,clean
49,25,0,1.59,1,2.46,1217544,Y4,,,0,16.006,clean
49,26,0,1.89,1,2.39,513017,Y2,,,0,15.406,clean
49,27,0,1.67,1,2.39,20474,Y2,,,0,14.958,clean
49,28,0,1.63,1,2.36,1360148,Y4,,,0,14.436,clean
49,29,0,1.50,1,2.85,582308,Y2,,,0,14.681,clean
49,30,0,1.40,1,2.56,1004756,Y2,,,0,15.037,clean
49,31,0,1.62,1,2.37,955939,Y4,,,0,14.979,clean
49,32,0,1.33,1536,2.79,626832,Y4,,,0,14.391,clean
49,33,0,1.73,1,2.46,770777,Y4,,,0,13.810,clean
49,34,0,1.78,1,2.68,592053,Y2,,,0,13.647,clean
49,35,0,1.57,1,2.34,885934,Y2,,,0,14.015,clean
49,36,0,2.14,1,2.43,361115,Y2,,,0,14.550,clean
49,37,0,1.69,1,2.53,1209676,Y2,,,0,14.647,clean
49,38,0,1.92,1,2.50,293344,Y2,,,0,14.175,clean
49,39,0,2.00,1,2.66,1117408,Y4,,,0,13.520,clean
49,40,0,1.85,1,2.48,818074,Y4,,,0,13.219,clean
49,41,0,1.72,1,2.31,273764,Y2,,,0,13.413,clean
49,42,0,1.76,1,2.35,1163095,Y2,,,0,13.869,clean
49,43,0,1.75,1,2.30,662059,Y2,,,0,14.116,clean
49,44,0,1.75,1,2.37,207871,Y2,,,0,13.627,clean
49,45,0,1.84,1,2.57,1369625,Y4,,,0,12.799,clean
49,46,0,1.87,1,2.71,583917,Y4,,,0,12.263,clean
49,47,0,1.82,1,2.68,837386,Y2,,,0,12.145,clean
49,48,0,1.92,1234,2.39,305325,Y4,,,0,12.338,clean
49,49,0,1.55,1,2.35,680655,Y4,,,0,12.442,clean
49,50,0,1.85,1,2.31,978380,Y4,,,0,11.932,clean
49,51,0,2.26,1,2.44,205010,Y4,,,0,11.093,clean
49,52,0,2.22,1,2.26,773281,Y2,,,0,10.279,clean
49,53,0,2.33,1,2.68,951916,Y4,,,0,9.731,clean
49,54,0,2.69,1,2.22,436306,Y4,0.00/noise-like,0.24/noise-like,0,9.350,hump-note
49,55,0,2.56,1,2.36,1136273,Y2,0.00/noise-like,0.00/noise-like,0,8.852,hump-note
49,56,0,3.31,1,2.50,928670,Y2,0.00/noise-like,0.24/noise-like,0,7.958,hump-note
49,57,0,0,-1,0,0,-,,,0,6.791,QUARANTINE:dark-lane range=64 distinct=59
49,58,0,0,-1,0,0,-,,,0,5.738,QUARANTINE:dark-lane range=48 distinct=48
49,59,0,0,-1,0,0,-,,,0,4.883,QUARANTINE:dark-lane range=41 distinct=42
49,60,0,0,-1,0,0,-,,,0,4.164,QUARANTINE:dark-lane range=34 distinct=35
49,61,0,0,-1,0,0,-,,,0,3.560,QUARANTINE:dark-lane range=29 distinct=30
49,62,0,0,-1,0,0,-,,,0,2.951,QUARANTINE:dark-lane range=26 distinct=27
49,63,0,0,-1,0,0,-,,,0,2.401,QUARANTINE:dark-lane range=20 distinct=21
50,0,0,1.36,135,2.31,394195,Y4,,,0,20.691,clean
50,1,0,1.33,1,2.53,25660,Y2,,,0,19.547,clean
50,2,0,1.42,1643,2.35,301391,Y4,,,0,18.548,clean
50,3,0,1.73,1,2.50,238627,Y2,,,0,17.981,clean
50,4,0,1.55,1,2.31,1309007,Y2,,,0,17.824,clean
50,5,0,1.47,1,2.34,456601,Y2,,,0,18.022,clean
50,6,0,1.39,157,2.27,305593,Y4,,,0,17.955,clean
50,7,0,1.43,1,2.34,472784,Y2,,,0,17.431,clean
50,8,0,1.35,1160,2.65,995904,Y2,,,0,16.728,clean
50,9,0,1.48,1,2.66,849545,Y4,,,0,16.200,clean
50,10,0,1.71,1,2.44,275373,Y4,,,0,16.229,clean
50,11,0,1.66,1,2.39,1219869,Y2,,,0,16.613,clean
50,12,0,1.38,161,2.44,853747,Y2,,,0,16.889,clean
50,13,0,1.47,1,2.68,969976,Y4,,,0,16.701,clean
50,14,0,1.48,1,2.33,953615,Y2,,,0,16.174,clean
50,15,0,1.49,1,2.47,391960,Y4,,,0,15.901,clean
50,16,0,1.57,1,2.40,1208156,Y2,,,0,16.203,clean
50,17,0,1.41,1030,2.37,668854,Y4,,,0,16.879,clean
50,18,0,1.53,596,2.61,491202,Y2,,,0,19.211,clean
50,19,0,1.34,1649,2.87,203848,Y4,,,0,17.251,clean
50,20,0,1.56,1,2.57,1248568,Y4,,,0,16.365,clean
50,21,0,1.49,1,2.35,1432300,Y2,,,0,15.623,clean
50,22,0,1.55,1,2.23,391960,Y2,,,0,15.407,clean
50,23,0,1.55,1,2.31,1308739,Y2,,,0,15.734,clean
50,24,0,1.59,1,2.32,70363,Y4,,,0,16.069,clean
50,25,0,2.16,204,2.48,1012802,Y4,,,0,16.021,clean
50,26,0,1.58,1,2.35,303447,Y2,,,0,15.424,clean
50,27,0,1.74,1,2.42,436753,Y2,,,0,14.949,clean
50,28,0,1.72,1,2.37,1139671,Y2,,,0,14.479,clean
50,29,0,1.41,214,2.55,100046,Y4,,,0,14.685,clean
50,30,0,1.53,1,2.68,841588,Y4,,,0,15.029,clean
50,31,0,1.61,1,2.38,688881,Y4,,,0,14.991,clean
50,32,0,1.37,415,2.23,1093090,Y4,,,0,14.413,clean
50,33,0,1.90,1,2.31,589371,Y4,,,0,13.807,clean
50,34,0,1.68,1,2.29,35852,Y2,,,0,13.639,clean
50,35,0,1.66,1,2.41,267953,Y2,,,0,14.005,clean
50,36,0,1.48,1,2.38,464380,Y2,,,0,14.552,clean
50,37,0,1.63,1,2.40,317395,Y2,,,0,14.656,clean
50,38,0,1.73,1,2.66,56773,Y2,,,0,14.177,clean
50,39,0,1.79,1,2.56,356913,Y4,,,0,13.514,clean
50,40,0,1.71,1,2.33,979453,Y2,,,0,13.201,clean
50,41,0,1.74,1,2.38,226557,Y4,,,0,13.418,clean
50,42,0,1.77,1,2.42,446856,Y2,,,0,13.886,clean
50,43,0,1.93,1,2.54,280023,Y4,,,0,14.107,clean
50,44,0,1.89,1,2.61,295132,Y2,,,0,13.664,clean
50,45,0,1.69,1,2.68,136435,Y2,,,0,12.798,clean
50,46,0,1.70,1,2.32,896752,Y2,,,0,12.260,clean
50,47,0,1.71,1,2.47,469029,Y2,,,0,12.135,clean
50,48,0,1.85,1,2.39,55254,Y4,,,0,12.322,clean
50,49,0,2.25,1,2.52,741720,Y4,,,0,12.399,clean
50,50,0,2.23,1,2.48,64999,Y4,,,0,11.937,clean
50,51,0,2.14,1,2.29,843197,Y4,,,0,11.092,clean
50,52,0,2.28,1,2.77,1136273,Y4,,,0,10.303,clean
50,53,0,2.64,1,2.56,743061,Y4,0.00/noise-like,0.00/noise-like,0,9.734,hump-note
50,54,0,2.27,1,2.37,1463234,Y4,,,0,9.357,clean
50,55,0,2.81,1,2.39,1051337,Y2,0.00/noise-like,0.00/noise-like,0,8.851,hump-note
50,56,0,3.04,1,2.47,629514,Y2,0.24/noise-like,0.00/noise-like,0,7.953,hump-note
50,57,0,0,-1,0,0,-,,,0,6.773,QUARANTINE:dark-lane range=60 distinct=60
50,58,0,0,-1,0,0,-,,,0,5.743,QUARANTINE:dark-lane range=53 distinct=51
50,59,0,0,-1,0,0,-,,,0,4.888,QUARANTINE:dark-lane range=42 distinct=43
50,60,0,0,-1,0,0,-,,,0,4.170,QUARANTINE:dark-lane range=36 distinct=37
50,61,0,0,-1,0,0,-,,,0,3.559,QUARANTINE:dark-lane range=33 distinct=33
50,62,0,0,-1,0,0,-,,,0,2.952,QUARANTINE:dark-lane range=25 distinct=26
50,63,0,0,-1,0,0,-,,,0,2.400,QUARANTINE:dark-lane range=21 distinct=22
51,0,0,1.43,38,2.43,775605,Y2,,,0,20.711,clean
51,1,0,1.49,1,2.38,1347095,Y4,,,0,19.584,clean
51,2,0,1.51,1,2.31,555575,Y4,,,0,18.574,clean
51,3,0,1.34,1148,2.71,1198679,Y4,,,0,17.979,clean
51,4,0,1.46,73,2.53,961930,Y2,,,0,17.874,clean
51,5,0,1.62,1,2.41,412613,Y4,,,0,18.056,clean
51,6,0,1.54,1478,2.58,1411200,Y2,,,0,17.985,clean
51,7,0,1.41,1344,2.24,174791,Y2,,,0,17.412,clean
51,8,0,1.65,1,2.47,148773,Y2,,,0,16.738,clean
51,9,0,1.43,1,2.35,225484,Y4,,,0,16.231,clean
51,10,0,1.47,1,2.30,602245,Y4,,,0,16.213,clean
51,11,0,1.48,613,2.43,1315624,Y4,,,0,16.614,clean
51,12,0,1.51,1,2.51,59098,Y4,,,0,16.872,clean
51,13,0,1.43,1,2.41,1292288,Y2,,,0,16.711,clean
51,14,0,1.52,1,2.68,420928,Y4,,,0,16.231,clean
51,15,0,1.45,1,2.33,167727,Y4,,,0,15.908,clean
51,16,0,1.33,1,2.54,222981,Y4,,,0,16.169,clean
51,17,0,1.59,1,2.54,1430333,Y4,,,0,16.887,clean
51,18,0,1.72,719,2.28,1220584,Y2,,,0,19.172,clean
51,19,0,1.49,1,2.33,1289696,Y4,,,0,17.239,clean
51,20,0,1.60,1,2.25,182301,Y2,,,0,16.366,clean
51,21,0,1.73,1,2.25,9835,Y4,,,0,15.621,clean
51,22,0,1.55,1,2.30,1049459,Y2,,,0,15.404,clean
51,23,0,1.63,1,2.30,591964,Y4,,,0,15.726,clean
51,24,0,1.49,1,2.34,204027,Y4,,,0,16.153,clean
51,25,0,2.09,204,3.16,88155,Y4,0.00/noise-like,0.00/noise-like,2,15.990,FAM-HIT
51,26,0,1.63,1,2.43,1392603,Y2,,,0,15.363,clean
51,27,0,1.66,1,2.26,931621,Y4,,,0,14.949,clean
51,28,0,1.64,1,2.40,67145,Y2,,,0,14.431,clean
51,29,0,1.75,1,2.36,1217365,Y2,,,0,14.666,clean
51,30,0,1.48,1,2.45,509173,Y4,,,0,15.017,clean
51,31,0,1.78,1,2.67,952810,Y4,,,0,14.980,clean
51,32,0,1.32,29,2.29,1458675,Y2,,,0,14.387,clean
51,33,0,1.49,1,2.48,256777,Y2,,,0,13.798,clean
51,34,0,1.84,1,2.40,929296,Y2,,,1,13.630,clean
51,35,0,1.67,1,2.49,966310,Y4,,,0,13.988,clean
51,36,0,1.46,1,2.66,580072,Y2,,,0,14.555,clean
51,37,0,1.71,1,2.46,1288176,Y2,,,0,14.686,clean
51,38,0,1.80,1,2.50,1062155,Y4,,,0,14.187,clean
51,39,0,1.85,1,2.30,49442,Y4,,,1,13.498,clean
51,40,0,1.84,1,2.64,260174,Y2,,,0,13.226,clean
51,41,0,2.15,1,2.53,1373202,Y2,,,0,13.402,clean
51,42,0,1.84,1,2.41,465631,Y4,,,0,13.877,clean
51,43,0,1.56,1,2.28,736713,Y2,,,0,14.118,clean
51,44,0,1.79,1,2.58,190973,Y2,,,0,13.603,clean
51,45,0,1.98,1,2.36,280827,Y4,,,0,12.765,clean
51,46,0,1.90,1,2.37,1106501,Y2,,,0,12.242,clean
51,47,0,2.06,1,2.64,679851,Y4,,,0,12.140,clean
51,48,0,1.86,1,2.42,224054,Y4,,,0,12.336,clean
51,49,0,1.80,1,2.25,700414,Y2,,,0,12.439,clean
51,50,0,2.12,1,2.62,889510,Y2,,,0,11.952,clean
51,51,0,2.25,1,2.47,1196444,Y2,,,0,11.092,clean
51,52,0,2.47,1,2.47,871181,Y2,,,0,10.295,clean
51,53,0,2.34,1,2.50,1022905,Y2,,,0,9.731,clean
51,54,0,2.59,1,2.74,523210,Y2,0.00/noise-like,0.00/noise-like,0,9.349,hump-note
51,55,0,2.86,1,2.19,622451,Y2,0.00/noise-like,0.00/noise-like,0,8.854,hump-note
51,56,0,3.17,1,2.40,125527,Y2,0.00/noise-like,0.00/noise-like,0,7.941,hump-note
51,57,0,0,-1,0,0,-,,,7,6.788,QUARANTINE:dark-lane range=59 distinct=56
51,58,0,0,-1,0,0,-,,,0,5.734,QUARANTINE:dark-lane range=49 distinct=49
51,59,0,0,-1,0,0,-,,,0,4.888,QUARANTINE:dark-lane range=53 distinct=44
51,60,0,0,-1,0,0,-,,,0,4.170,QUARANTINE:dark-lane range=35 distinct=36
51,61,0,0,-1,0,0,-,,,0,3.558,QUARANTINE:dark-lane range=30 distinct=31
51,62,0,0,-1,0,0,-,,,0,2.963,QUARANTINE:dark-lane range=25 distinct=26
51,63,0,0,-1,0,0,-,,,0,2.408,QUARANTINE:dark-lane range=22 distinct=23
52,0,0,1.39,14,2.29,224769,Y4,,,0,20.713,clean
52,1,0,1.33,1184,2.35,1403689,Y2,,,0,19.589,clean
52,2,0,1.53,1,2.57,308096,Y2,,,0,18.575,clean
52,3,0,1.51,1,2.67,167638,Y2,,,0,17.977,clean
52,4,0,1.44,1,2.47,590444,Y2,,,0,17.849,clean
52,5,0,1.35,1,2.39,1018703,Y2,,,0,18.052,clean
52,6,0,1.50,1478,2.52,128299,Y2,,,0,17.988,clean
52,7,0,1.47,1,2.37,1346648,Y4,,,0,17.449,clean
52,8,0,1.56,1,2.40,130624,Y4,,,0,16.745,clean
52,9,0,1.42,1,2.47,1266718,Y2,,,0,16.225,clean
52,10,0,1.36,1199,2.32,280738,Y4,,,0,16.208,clean
52,11,0,1.49,1,2.43,112832,Y2,,,0,16.614,clean
52,12,0,1.52,1,2.47,656694,Y2,,,0,16.847,clean
52,13,0,1.50,1,2.37,894874,Y4,,,0,16.701,clean
52,14,0,1.52,1,2.49,562191,Y4,,,0,16.190,clean
52,15,0,1.53,1,2.31,470191,Y4,,,0,15.897,clean
52,16,0,1.55,1,2.34,185788,Y2,,,0,16.182,clean
52,17,0,1.64,1,2.48,468224,Y2,,,0,16.879,clean
52,18,0,1.61,654,2.47,262320,Y2,,,0,19.207,clean
52,19,0,1.44,564,2.42,1397431,Y2,,,0,17.203,clean
52,20,0,1.62,1,2.33,998050,Y4,,,0,16.318,clean
52,21,0,1.62,1,2.45,368804,Y2,,,0,15.622,clean
52,22,0,1.48,1,2.55,1432031,Y2,,,0,15.409,clean
52,23,0,1.55,1,2.37,1422018,Y4,,,0,15.755,clean
52,24,0,1.49,1,2.43,69737,Y4,,,0,16.142,clean
52,25,0,1.99,204,3.06,978827,Y4,0.00/noise-like,0.00/noise-like,1,16.012,FAM-HIT
52,26,0,1.65,1,2.25,1324385,Y4,,,0,15.374,clean
52,27,0,1.61,630,2.48,1015663,Y4,,,0,14.964,clean
52,28,0,1.42,1453,2.63,263572,Y2,,,0,14.452,clean
52,29,0,1.51,1,2.39,44793,Y2,,,0,14.683,clean
52,30,0,1.84,1,2.29,1445174,Y4,,,0,15.019,clean
52,31,0,1.69,1,2.37,67949,Y2,,,0,14.968,clean
52,32,0,1.33,636,2.24,1172304,Y4,,,0,14.387,clean
52,33,0,1.93,1,2.40,685841,Y4,,,0,13.811,clean
52,34,0,1.78,1,2.34,1299262,Y2,,,0,13.623,clean
52,35,0,1.72,1,2.69,734210,Y2,,,0,14.031,clean
52,36,0,1.81,1,2.39,1391977,Y2,,,0,14.551,clean
52,37,0,1.85,1,2.47,1270741,Y2,,,0,14.642,clean
52,38,0,1.62,1,2.36,1412094,Y2,,,0,14.186,clean
52,39,0,1.67,1,2.48,781059,Y2,,,0,13.519,clean
52,40,0,1.98,1,2.90,204116,Y4,,,0,13.189,clean
52,41,0,1.63,1,2.39,1157910,Y2,,,0,13.392,clean
52,42,0,1.58,1,2.37,943959,Y4,,,0,13.881,clean
52,43,0,1.69,1,2.45,1221746,Y2,,,0,14.117,clean
52,44,0,1.74,1,2.46,109434,Y2,,,0,13.585,clean
52,45,0,1.87,1,2.23,985265,Y2,,,0,12.772,clean
52,46,0,1.97,1,2.36,1109809,Y4,,,0,12.247,clean
52,47,0,2.35,1,2.43,115871,Y4,,,0,12.127,clean
52,48,0,1.88,1,2.28,81897,Y2,,,0,12.338,clean
52,49,0,1.85,1,2.43,253737,Y4,,,0,12.421,clean
52,50,0,1.92,1,2.33,751466,Y2,,,0,11.950,clean
52,51,0,2.32,1,2.44,1275659,Y4,,,0,11.090,clean
52,52,0,2.43,1,2.56,1103193,Y2,,,0,10.290,clean
52,53,0,2.30,1,2.30,149935,Y2,,,0,9.713,clean
52,54,0,2.34,1,2.48,171661,Y4,,,0,9.367,clean
52,55,0,2.72,1,2.45,331968,Y4,0.24/noise-like,0.00/noise-like,0,8.862,hump-note
52,56,0,2.94,1,2.24,875562,Y2,0.00/noise-like,0.00/noise-like,0,7.962,hump-note
52,57,0,0,-1,0,0,-,,,4,6.778,QUARANTINE:dark-lane range=62 distinct=56
52,58,0,0,-1,0,0,-,,,0,5.728,QUARANTINE:dark-lane range=54 distinct=52
52,59,0,0,-1,0,0,-,,,0,4.881,QUARANTINE:dark-lane range=42 distinct=42
52,60,0,0,-1,0,0,-,,,0,4.176,QUARANTINE:dark-lane range=36 distinct=36
52,61,0,0,-1,0,0,-,,,0,3.566,QUARANTINE:dark-lane range=32 distinct=32
52,62,0,0,-1,0,0,-,,,0,2.956,QUARANTINE:dark-lane range=27 distinct=27
52,63,0,0,-1,0,0,-,,,0,2.402,QUARANTINE:dark-lane range=20 distinct=21
53,0,0,1.38,1134,2.52,806808,Y2,,,0,20.693,clean
53,1,0,1.44,1032,2.29,151187,Y2,,,0,19.609,clean
53,2,0,1.45,1643,2.34,1086831,Y2,,,0,18.571,clean
53,3,0,1.37,251,2.53,712305,Y4,,,0,17.955,clean
53,4,0,1.72,1,2.38,605196,Y4,,,0,17.853,clean
53,5,0,1.50,1,2.34,1161933,Y4,,,0,18.018,clean
53,6,0,1.41,1478,2.65,269562,Y4,,,0,17.980,clean
53,7,0,1.48,1,2.42,1113296,Y2,,,0,17.454,clean
53,8,0,1.63,1,2.51,1248479,Y4,,,0,16.709,clean
53,9,0,1.63,1,2.34,481457,Y4,,,0,16.241,clean
53,10,0,1.49,1,2.48,514269,Y2,,,0,16.244,clean
53,11,0,1.39,1343,2.31,207782,Y2,,,0,16.601,clean
53,12,0,1.50,1,2.41,101924,Y4,,,0,16.885,clean
53,13,0,1.56,1,2.49,1122326,Y2,,,0,16.710,clean
53,14,0,1.71,1,2.34,1031220,Y2,,,0,16.228,clean
53,15,0,1.42,1,2.59,992686,Y2,,,0,15.907,clean
53,16,0,1.44,1,2.65,1342982,Y2,,,0,16.214,clean
53,17,0,1.39,167,2.88,1394570,Y4,,,0,16.882,clean
53,18,0,1.58,758,2.30,277966,Y2,,,0,19.215,clean
53,19,0,1.48,1,2.40,181049,Y2,,,0,17.229,clean
53,20,0,1.65,1,2.60,1091748,Y4,,,0,16.357,clean
53,21,0,1.82,1,2.26,804663,Y4,,,0,15.636,clean
53,22,0,1.61,1,2.47,1255274,Y4,,,0,15.406,clean
53,23,0,1.35,1,2.30,672519,Y4,,,0,15.740,clean
53,24,0,1.48,1,2.64,285119,Y4,,,0,16.155,clean
53,25,0,1.67,1,2.28,836223,Y4,,,0,15.982,clean
53,26,0,1.57,1,2.40,335366,Y2,,,0,15.370,clean
53,27,0,1.80,1,2.45,224859,Y4,,,0,14.937,clean
53,28,0,1.86,1,2.33,1227111,Y4,,,0,14.469,clean
53,29,0,1.84,1,2.24,717759,Y2,,,0,14.684,clean
53,30,0,1.63,1,2.51,74029,Y4,,,0,15.043,clean
53,31,0,1.84,1,2.42,996083,Y2,,,0,14.974,clean
53,32,0,1.40,231,2.41,93520,Y4,,,0,14.399,clean
53,33,0,1.77,1,2.45,103801,Y4,,,0,13.799,clean
53,34,0,1.77,1,2.22,793040,Y4,,,0,13.640,clean
53,35,0,1.88,1,2.43,1073867,Y2,,,0,14.020,clean
53,36,0,1.68,1,2.35,296563,Y2,,,0,14.526,clean
53,37,0,1.92,1,2.32,922859,Y4,,,0,14.637,clean
53,38,0,1.71,1,2.41,1080662,Y4,,,0,14.155,clean
53,39,0,1.68,1,2.84,92089,Y2,,,0,13.490,clean
53,40,0,1.73,1,2.85,159860,Y4,,,0,13.190,clean
53,41,0,1.93,1,2.37,975966,Y4,,,0,13.406,clean
53,42,0,1.97,1,2.46,1266718,Y4,,,0,13.887,clean
53,43,0,1.66,1,2.66,966847,Y4,,,0,14.109,clean
53,44,0,1.87,1,2.35,468045,Y2,,,0,13.631,clean
53,45,0,1.74,1,2.38,1385897,Y2,,,0,12.798,clean
53,46,0,2.07,1,2.45,314444,Y4,,,0,12.267,clean
53,47,0,2.01,1,2.41,1430422,Y2,,,0,12.141,clean
53,48,0,1.64,1,2.52,40144,Y2,,,0,12.340,clean
53,49,0,1.99,1,2.45,533313,Y2,,,0,12.401,clean
53,50,0,2.20,1,2.39,1074582,Y4,,,0,11.956,clean
53,51,0,2.12,1,2.49,1027465,Y2,,,0,11.087,clean
53,52,0,2.25,1,2.79,276804,Y2,,,0,10.294,clean
53,53,0,2.80,1,2.49,352174,Y4,0.24/noise-like,0.00/noise-like,0,9.736,hump-note
53,54,0,2.57,1,2.39,169158,Y2,0.00/noise-like,0.00/noise-like,0,9.351,hump-note
53,55,0,2.64,1,2.24,29236,Y4,0.24/noise-like,0.00/noise-like,0,8.867,hump-note
53,56,0,2.93,1,2.24,299692,Y4,0.00/noise-like,0.24/noise-like,0,7.950,hump-note
53,57,0,0,-1,0,0,-,,,0,6.774,QUARANTINE:dark-lane range=59 distinct=58
53,58,0,0,-1,0,0,-,,,0,5.737,QUARANTINE:dark-lane range=50 distinct=49
53,59,0,0,-1,0,0,-,,,0,4.879,QUARANTINE:dark-lane range=43 distinct=43
53,60,0,0,-1,0,0,-,,,0,4.166,QUARANTINE:dark-lane range=38 distinct=37
53,61,0,0,-1,0,0,-,,,0,3.559,QUARANTINE:dark-lane range=31 distinct=32
53,62,0,0,-1,0,0,-,,,0,2.952,QUARANTINE:dark-lane range=25 distinct=26
53,63,0,0,-1,0,0,-,,,0,2.401,QUARANTINE:dark-lane range=22 distinct=23
54,0,0,1.38,1285,2.43,529021,Y2,,,0,20.702,clean
54,1,0,1.42,1,2.26,885755,Y4,,,0,19.580,clean
54,2,0,1.36,349,2.42,322938,Y4,,,0,18.576,clean
54,3,0,1.55,1,2.29,1176059,Y2,,,0,17.944,clean
54,4,0,1.41,1240,2.47,508100,Y4,,,0,17.866,clean
54,5,0,1.67,1,2.34,727594,Y4,,,0,18.035,clean
54,6,0,1.57,1478,2.41,11355,Y2,,,0,17.998,clean
54,7,0,1.35,1405,2.45,1243830,Y2,,,0,17.441,clean
54,8,0,1.47,1,2.52,77784,Y2,,,0,16.726,clean
54,9,0,1.41,992,2.48,663579,Y4,,,0,16.260,clean
54,10,0,1.61,1,2.43,700682,Y2,,,0,16.234,clean
54,11,0,1.60,1,2.24,1353979,Y4,,,0,16.621,clean
54,12,0,1.36,777,2.38,1344502,Y2,,,0,16.876,clean
54,13,0,1.44,1062,2.28,822544,Y4,,,0,16.701,clean
54,14,0,1.37,1,2.57,646859,Y4,,,0,16.206,clean
54,15,0,1.57,1,2.35,955492,Y2,,,0,15.950,clean
54,16,0,1.62,1,2.52,314623,Y4,,,0,16.189,clean
54,17,0,1.58,1,2.47,193834,Y4,,,0,16.890,clean
54,18,0,1.73,678,2.32,193477,Y2,,,0,19.171,clean
54,19,0,1.57,1,2.66,1050711,Y2,,,0,17.250,clean
54,20,0,1.53,1,2.24,1389563,Y4,,,0,16.372,clean
54,21,0,1.39,583,2.56,1286924,Y4,,,0,15.676,clean
54,22,0,1.61,1,2.56,166297,Y2,,,0,15.400,clean
54,23,0,1.44,1,2.65,297457,Y4,,,0,15.727,clean
54,24,0,1.65,1,2.49,69112,Y2,,,0,16.134,clean
54,25,0,1.77,204,2.46,782758,Y2,,,0,15.988,clean
54,26,0,1.45,1,2.51,960857,Y4,,,0,15.383,clean
54,27,0,1.52,643,2.56,96649,Y4,,,0,14.970,clean
54,28,0,1.87,1,2.28,475109,Y2,,,0,14.460,clean
54,29,0,1.63,1,2.32,1008779,Y4,,,0,14.669,clean
54,30,0,1.61,1,2.63,114083,Y2,,,0,15.039,clean
54,31,0,1.62,1,2.43,629425,Y2,,,0,14.968,clean
54,32,0,1.35,1330,2.36,210106,Y4,,,0,14.423,clean
54,33,0,1.84,1,2.44,171572,Y2,,,0,13.807,clean
54,34,0,1.94,1,2.22,254005,Y2,,,0,13.641,clean
54,35,0,1.64,1,2.51,1189202,Y4,,,0,13.997,clean
54,36,0,1.68,1,2.48,1121342,Y2,,,0,14.540,clean
54,37,0,1.72,1,2.46,1226217,Y2,,,0,14.682,clean
54,38,0,1.65,1,2.58,1418084,Y2,,,0,14.179,clean
54,39,0,1.72,1,2.59,1464844,Y2,,,0,13.491,clean
54,40,0,2.03,1,2.47,1280755,Y2,,,0,13.214,clean
54,41,0,1.45,1,2.46,1256078,Y2,,,0,13.411,clean
54,42,0,1.61,1,2.50,376225,Y4,,,0,13.877,clean
54,43,0,1.58,1,2.31,1242131,Y2,,,0,14.124,clean
54,44,0,1.93,1,2.44,101298,Y2,,,0,13.640,clean
54,45,0,1.95,1,2.43,903100,Y4,,,0,12.782,clean
54,46,0,2.15,1,2.43,15736,Y2,,,0,12.285,clean
54,47,0,1.98,1,2.23,774622,Y4,,,0,12.139,clean
54,48,0,1.78,1,2.33,1232564,Y2,,,0,12.336,clean
54,49,0,2.16,1,2.59,635058,Y4,,,0,12.414,clean
54,50,0,1.90,1,2.50,1355857,Y2,,,0,11.906,clean
54,51,0,2.43,1,2.33,485927,Y2,,,0,11.096,clean
54,52,0,2.18,1,2.36,97543,Y2,,,0,10.294,clean
54,53,0,2.41,1,2.41,867873,Y2,,,0,9.739,clean
54,54,0,2.38,1,2.56,193298,Y4,,,0,9.365,clean
54,55,0,2.57,1,2.68,267059,Y4,0.00/noise-like,0.24/noise-like,0,8.864,hump-note
54,56,0,3.28,1,2.32,1406908,Y2,0.24/noise-like,0.00/noise-like,0,7.970,hump-note
54,57,0,0,-1,0,0,-,,,0,6.793,QUARANTINE:dark-lane range=60 distinct=60
54,58,0,0,-1,0,0,-,,,0,5.750,QUARANTINE:dark-lane range=46 distinct=47
54,59,0,0,-1,0,0,-,,,0,4.888,QUARANTINE:dark-lane range=45 distinct=45
54,60,0,0,-1,0,0,-,,,0,4.162,QUARANTINE:dark-lane range=41 distinct=40
54,61,0,0,-1,0,0,-,,,0,3.563,QUARANTINE:dark-lane range=31 distinct=32
54,62,0,0,-1,0,0,-,,,0,2.961,QUARANTINE:dark-lane range=28 distinct=28
54,63,0,0,-1,0,0,-,,,0,2.399,QUARANTINE:dark-lane range=23 distinct=23
55,0,0,1.34,272,2.69,398129,Y2,,,0,20.744,clean
55,1,0,1.33,228,2.48,148505,Y4,,,0,19.583,clean
55,2,0,1.61,1,2.47,437021,Y2,,,0,18.537,clean
55,3,0,1.41,1,2.42,352263,Y4,,,0,17.970,clean
55,4,0,1.34,517,2.29,89228,Y2,,,0,17.855,clean
55,5,0,1.41,153,2.48,1364261,Y4,,,0,18.075,clean
55,6,0,1.42,1478,2.35,963718,Y4,,,0,17.996,clean
55,7,0,1.44,1,2.47,996619,Y2,,,0,17.424,clean
55,8,0,1.87,1,2.51,564069,Y2,,,0,16.748,clean
55,9,0,1.41,1,2.30,256062,Y2,,,0,16.259,clean
55,10,0,1.71,1,2.33,805467,Y2,,,0,16.225,clean
55,11,0,1.64,1,2.24,167280,Y2,,,0,16.635,clean
55,12,0,1.35,1491,2.44,423253,Y2,,,0,16.887,clean
55,13,0,1.44,1146,2.33,251859,Y2,,,0,16.756,clean
55,14,0,1.67,1,2.38,302106,Y4,,,0,16.223,clean
55,15,0,1.48,1,2.39,43899,Y2,,,0,15.926,clean
55,16,0,1.73,1,2.35,173986,Y2,,,0,16.179,clean
55,17,0,1.50,442,2.23,136256,Y2,,,0,16.907,clean
55,18,0,1.62,801,2.60,444263,Y2,,,0,19.225,clean
55,19,0,1.50,1,2.43,301212,Y4,,,0,17.247,clean
55,20,0,1.42,1,2.34,487000,Y4,,,0,16.372,clean
55,21,0,1.46,1,2.59,509530,Y2,,,0,15.660,clean
55,22,0,1.40,1,2.61,293165,Y4,,,0,15.404,clean
55,23,0,1.40,1,2.34,296563,Y2,,,0,15.731,clean
55,24,0,1.61,1,2.35,1252413,Y2,,,0,16.137,clean
55,25,0,1.96,204,2.55,170231,Y4,,,0,15.993,clean
55,26,0,1.56,1,2.50,1448750,Y4,,,0,15.389,clean
55,27,0,1.62,628,2.41,706851,Y4,,,0,14.977,clean
55,28,0,1.43,1,2.35,213861,Y4,,,0,14.474,clean
55,29,0,1.58,1,2.43,1044363,Y4,,,0,14.658,clean
55,30,0,1.38,1,2.34,1347005,Y2,,,0,14.992,clean
55,31,0,1.94,1,2.64,1103014,Y4,,,0,14.993,clean
55,32,0,1.34,1436,2.39,447840,Y2,,,1,14.387,clean
55,33,0,1.74,1,2.35,240237,Y2,,,0,13.829,clean
55,34,0,1.66,1,2.58,726700,Y4,,,0,13.636,clean
55,35,0,1.36,1319,2.60,31650,Y4,,,0,14.001,clean
55,36,0,1.44,1,2.22,531346,Y4,,,0,14.566,clean
55,37,0,1.84,1,2.51,113010,Y4,,,0,14.649,clean
55,38,0,1.80,1,2.60,519812,Y4,,,0,14.162,clean
55,39,0,1.93,1,2.55,24140,Y4,,,0,13.515,clean
55,40,0,2.01,1,2.51,9924,Y4,,,0,13.188,clean
55,41,0,1.55,1,2.31,793755,Y2,,,0,13.415,clean
55,42,0,1.73,1,2.37,564337,Y4,,,0,13.887,clean
55,43,0,1.73,1,2.52,38534,Y4,,,0,14.113,clean
55,44,0,1.94,1,2.45,287265,Y4,,,0,13.615,clean
55,45,0,1.98,1,2.50,490934,Y2,,,0,12.775,clean
55,46,0,1.78,1,2.56,420749,Y2,,,0,12.271,clean
55,47,0,1.70,1,2.42,532061,Y2,,,0,12.144,clean
55,48,0,1.84,1,2.48,688970,Y4,,,0,12.332,clean
55,49,0,1.99,1,2.55,295758,Y2,,,0,12.422,clean
55,50,0,1.80,1,2.33,1254022,Y4,,,0,11.925,clean
55,51,0,1.86,1,2.32,1306683,Y2,,,0,11.121,clean
55,52,0,2.17,1,41.00,626,Y4,0.00/noise-like,0.00/noise-like,0,10.455,FAM-HIT
55,53,0,2.61,1,2.60,859559,Y4,0.24/noise-like,0.00/noise-like,0,9.737,hump-note
55,54,0,2.14,1,27.84,2861,Y4,0.00/noise-like,0.24/noise-like,13,9.403,FAM-HIT
55,55,0,2.89,1,2.32,518203,Y2,0.00/noise-like,0.00/noise-like,0,8.878,hump-note
55,56,0,3.18,1,2.31,595808,Y2,0.00/noise-like,0.00/noise-like,0,7.941,hump-note
55,57,0,0,-1,0,0,-,,,0,6.792,QUARANTINE:dark-lane range=59 distinct=58
55,58,0,0,-1,0,0,-,,,0,5.728,QUARANTINE:dark-lane range=49 distinct=50
55,59,0,0,-1,0,0,-,,,0,4.885,QUARANTINE:dark-lane range=42 distinct=43
55,60,0,0,-1,0,0,-,,,0,4.164,QUARANTINE:dark-lane range=36 distinct=37
55,61,0,0,-1,0,0,-,,,0,3.559,QUARANTINE:dark-lane range=30 distinct=31
55,62,0,0,-1,0,0,-,,,0,2.959,QUARANTINE:dark-lane range=26 distinct=27
55,63,0,0,-1,0,0,-,,,0,2.404,QUARANTINE:dark-lane range=20 distinct=21
56,0,0,1.33,1280,2.63,1223445,Y2,,,0,20.756,clean
56,1,0,1.45,1,2.45,1309097,Y2,,,0,19.578,clean
56,2,0,1.47,1,2.29,163972,Y2,,,0,18.592,clean
56,3,0,1.40,1,2.46,1450896,Y2,,,0,17.978,clean
56,4,0,1.46,1,2.31,1143783,Y2,,,0,17.858,clean
56,5,0,1.36,1,2.53,617087,Y4,,,0,18.064,clean
56,6,0,1.49,1,2.42,1214057,Y4,,,0,18.012,clean
56,7,0,1.44,1,2.39,77069,Y2,,,0,17.427,clean
56,8,0,1.47,224,2.54,898987,Y4,,,0,16.759,clean
56,9,0,1.54,1,2.60,109434,Y2,,,0,16.205,clean
56,10,0,1.52,1,2.55,29683,Y2,,,0,16.241,clean
56,11,0,1.45,1,2.42,461340,Y2,,,0,16.616,clean
56,12,0,1.70,1,2.37,575691,Y2,,,0,16.886,clean
56,13,0,1.38,331,2.43,197053,Y4,,,0,16.707,clean
56,14,0,1.55,1,2.46,818342,Y4,,,0,16.229,clean
56,15,0,1.50,1,2.30,853390,Y2,,,0,15.909,clean
56,16,0,1.81,1,2.65,86904,Y2,,,0,16.178,clean
56,17,0,1.34,332,2.47,1408070,Y2,,,0,16.866,clean
56,18,0,1.58,665,2.46,31203,Y2,,,0,19.200,clean
56,19,0,1.57,1,2.31,169337,Y2,,,0,17.231,clean
56,20,0,1.39,1,2.55,1271904,Y4,,,0,16.367,clean
56,21,0,1.48,1,2.43,4292,Y4,,,0,15.646,clean
56,22,0,1.52,1,2.39,985444,Y2,,,0,15.383,clean
56,23,0,1.48,1,2.85,595987,Y4,,,0,15.760,clean
56,24,0,1.38,1137,2.48,1452148,Y4,,,0,16.134,clean
56,25,0,1.71,204,9.29,2325,Y4,0.00/noise-like,0.24/noise-like,13,16.024,FAM-HIT
56,26,0,1.45,1420,2.46,1100600,Y4,,,0,15.386,clean
56,27,0,1.69,1,2.40,264376,Y2,,,0,14.976,clean
56,28,0,1.47,1,2.36,414133,Y2,,,0,14.429,clean
56,29,0,1.53,1,2.56,728935,Y4,,,0,14.681,clean
56,30,0,1.66,1,2.52,772297,Y2,,,0,15.022,clean
56,31,0,1.62,1,2.56,1179636,Y4,,,0,14.985,clean
56,32,0,1.38,1,2.25,322938,Y2,,,0,14.423,clean
56,33,0,1.56,1,2.43,136614,Y4,,,0,13.828,clean
56,34,0,1.74,1,2.41,175864,Y2,,,0,13.654,clean
56,35,0,1.81,1,2.58,523299,Y2,,,0,13.973,clean
56,36,0,1.64,1,2.45,406533,Y4,,,0,14.540,clean
56,37,0,1.89,1,2.35,536710,Y2,,,0,14.682,clean
56,38,0,1.60,1,2.37,458032,Y2,,,0,14.180,clean
56,39,0,1.76,1,2.45,486284,Y4,,,1,13.518,clean
56,40,0,2.02,1,2.44,239074,Y4,,,0,13.186,clean
56,41,0,1.56,1,2.23,155479,Y2,,,0,13.400,clean
56,42,0,1.83,1,2.52,596613,Y2,,,0,13.883,clean
56,43,0,1.87,1,2.47,1075298,Y2,,,0,14.133,clean
56,44,0,1.63,1,2.41,1040965,Y2,,,0,13.624,clean
56,45,0,2.01,1,2.37,93073,Y4,,,0,12.785,clean
56,46,0,1.86,1,2.39,731170,Y4,,,0,12.281,clean
56,47,0,1.99,1,2.34,1162,Y4,,,0,12.135,clean
56,48,0,2.11,1,2.51,1186520,Y4,,,0,12.341,clean
56,49,0,1.99,1,2.50,457048,Y2,,,0,12.423,clean
56,50,0,2.15,1,2.53,274658,Y4,,,0,11.913,clean
56,51,0,2.17,1,2.42,508904,Y4,,,0,11.084,clean
56,52,0,2.37,1,2.64,542432,Y2,,,0,10.285,clean
56,53,0,2.46,1,2.50,957906,Y2,,,0,9.726,clean
56,54,0,2.45,1,2.50,911593,Y2,,,0,9.358,clean
56,55,0,2.76,1,2.33,306576,Y4,0.24/noise-like,0.00/noise-like,0,8.853,hump-note
56,56,0,3.10,1,2.52,52482,Y2,0.00/noise-like,0.24/noise-like,0,7.958,hump-note
56,57,0,0,-1,0,0,-,,,23,6.805,QUARANTINE:dark-lane range=61 distinct=58
56,58,0,0,-1,0,0,-,,,0,5.735,QUARANTINE:dark-lane range=53 distinct=51
56,59,0,0,-1,0,0,-,,,0,4.883,QUARANTINE:dark-lane range=41 distinct=42
56,60,0,0,-1,0,0,-,,,0,4.173,QUARANTINE:dark-lane range=38 distinct=38
56,61,0,0,-1,0,0,-,,,0,3.560,QUARANTINE:dark-lane range=31 distinct=31
56,62,0,0,-1,0,0,-,,,0,2.959,QUARANTINE:dark-lane range=26 distinct=27
56,63,0,0,-1,0,0,-,,,0,2.407,QUARANTINE:dark-lane range=19 distinct=20
57,0,0,1.35,162,2.41,612438,Y4,,,0,20.720,clean
57,1,0,1.45,356,2.35,380069,Y4,,,0,19.615,clean
57,2,0,1.34,675,2.45,29594,Y2,,,0,18.579,clean
57,3,0,1.64,1,2.33,111490,Y4,,,0,17.970,clean
57,4,0,1.37,1433,2.42,366479,Y2,,,0,17.865,clean
57,5,0,1.45,1,2.41,473678,Y2,,,0,18.060,clean
57,6,0,1.54,1477,2.33,539392,Y2,,,0,18.019,clean
57,7,0,1.50,1,2.35,341892,Y4,,,0,17.436,clean
57,8,0,1.49,1,2.20,81897,Y4,,,0,16.793,clean
57,9,0,1.72,1,2.33,597686,Y4,,,0,16.239,clean
57,10,0,1.70,1,2.62,746727,Y2,,,0,16.284,clean
57,11,0,1.62,1,2.34,143856,Y2,,,0,16.595,clean
57,12,0,1.45,1,2.37,1396537,Y4,,,0,16.870,clean
57,13,0,1.42,1,2.56,934213,Y4,,,0,16.717,clean
57,14,0,1.61,1,2.25,1443744,Y4,,,0,16.214,clean
57,15,0,1.56,1,2.41,957459,Y2,,,0,15.924,clean
57,16,0,1.66,1,2.40,235587,Y4,,,0,16.208,clean
57,17,0,1.51,1,2.38,305414,Y4,,,0,16.903,clean
57,18,0,1.62,744,2.31,1205474,Y2,,,0,19.170,clean
57,19,0,1.51,1,2.22,851423,Y4,,,0,17.239,clean
57,20,0,1.36,1,2.42,140458,Y2,,,0,16.380,clean
57,21,0,1.68,1,2.30,522673,Y2,,,0,15.647,clean
57,22,0,1.69,1,2.27,220209,Y4,,,0,15.428,clean
57,23,0,1.45,1,2.44,607073,Y4,,,0,15.773,clean
57,24,0,1.79,1,2.57,219941,Y4,,,0,16.140,clean
57,25,0,1.89,204,4.61,1073,Y4,0.00/noise-like,0.00/noise-like,11,16.011,FAM-HIT
57,26,0,1.69,1,2.31,1175076,Y2,,,0,15.397,clean
57,27,0,1.80,628,2.37,2861,Y4,,,0,14.987,clean
57,28,0,1.83,1,2.57,4292,Y2,,,0,14.444,clean
57,29,0,1.59,1,2.39,803769,Y2,,,0,14.684,clean
57,30,0,1.61,1,2.61,1078874,Y4,,,0,15.033,clean
57,31,0,1.72,1,2.47,847489,Y4,,,0,14.984,clean
57,32,0,1.36,211,2.32,498265,Y2,,,0,14.404,clean
57,33,0,1.80,1,2.77,291735,Y4,,,0,13.820,clean
57,34,0,1.54,1,2.44,652134,Y2,,,0,13.662,clean
57,35,0,1.41,1,2.29,1272351,Y4,,,0,14.027,clean
57,36,0,1.50,1,2.49,847310,Y4,,,0,14.540,clean
57,37,0,1.74,1,2.41,1464844,Y2,,,0,14.653,clean
57,38,0,1.63,1,2.32,145286,Y2,,,0,14.157,clean
57,39,0,1.82,1,2.40,445604,Y2,,,0,13.523,clean
57,40,0,1.63,1,2.36,883788,Y2,,,0,13.184,clean
57,41,0,1.52,1,2.21,545651,Y4,,,0,13.413,clean
57,42,0,1.79,1,2.34,58383,Y4,,,0,13.899,clean
57,43,0,1.47,1,2.66,1269221,Y4,,,0,14.125,clean
57,44,0,1.85,1,2.60,1202524,Y4,,,0,13.622,clean
57,45,0,1.77,1,2.32,290662,Y4,,,0,12.824,clean
57,46,0,2.06,1,2.40,155479,Y4,,,0,12.248,clean
57,47,0,1.64,1,2.54,36657,Y4,,,0,12.152,clean
57,48,0,1.61,1234,2.57,82254,Y4,,,0,12.346,clean
57,49,0,2.19,1,2.28,249714,Y2,,,0,12.406,clean
57,50,0,1.64,1,2.38,1300782,Y4,,,0,11.950,clean
57,51,0,1.88,1,2.54,883877,Y2,,,0,11.095,clean
57,52,0,2.13,1,2.36,788569,Y2,,,0,10.295,clean
57,53,0,2.20,1,2.40,85115,Y4,,,0,9.729,clean
57,54,0,2.53,1,2.32,398576,Y2,0.00/noise-like,0.00/noise-like,0,9.368,hump-note
57,55,0,2.59,1,2.25,590354,Y2,0.24/noise-like,0.00/noise-like,0,8.873,hump-note
57,56,0,2.83,1,2.65,396162,Y2,0.24/noise-like,0.24/noise-like,0,7.961,hump-note
57,57,0,4.31,1,4.46,4292,Y2,0.24/noise-like,0.00/noise-like,25,6.808,FAM-HIT
57,58,0,0,-1,0,0,-,,,0,5.748,QUARANTINE:dark-lane range=49 distinct=49
57,59,0,0,-1,0,0,-,,,0,4.876,QUARANTINE:dark-lane range=45 distinct=44
57,60,0,0,-1,0,0,-,,,0,4.168,QUARANTINE:dark-lane range=35 distinct=36
57,61,0,0,-1,0,0,-,,,0,3.561,QUARANTINE:dark-lane range=31 distinct=32
57,62,0,0,-1,0,0,-,,,0,2.956,QUARANTINE:dark-lane range=27 distinct=28
57,63,0,0,-1,0,0,-,,,0,2.402,QUARANTINE:dark-lane range=23 distinct=23
58,0,0,1.32,1393,2.60,431836,Y4,,,0,20.705,clean
58,1,0,1.51,1,2.71,668138,Y2,,,0,19.602,clean
58,2,0,1.44,1277,2.49,697464,Y4,,,0,18.569,clean
58,3,0,1.65,1,2.34,910163,Y4,,,0,17.946,clean
58,4,0,1.42,1110,2.36,751197,Y4,,,0,17.847,clean
58,5,0,1.39,1,2.39,1072794,Y2,,,0,18.064,clean
58,6,0,1.36,1478,2.56,1441509,Y2,,,0,18.018,clean
58,7,0,1.36,433,2.43,113994,Y4,,,0,17.398,clean
58,8,0,1.35,371,2.35,18328,Y4,,,0,16.747,clean
58,9,0,1.65,1,2.28,34332,Y4,,,0,16.230,clean
58,10,0,1.57,1,2.30,1030147,Y4,,,0,16.250,clean
58,11,0,1.76,1,2.35,811905,Y2,,,0,16.594,clean
58,12,0,1.38,1458,2.48,1146197,Y2,,,0,16.886,clean
58,13,0,1.36,1,2.41,324637,Y4,,,0,16.708,clean
58,14,0,1.35,1,2.36,875831,Y4,,,0,16.251,clean
58,15,0,1.50,1,2.40,411004,Y2,,,0,15.901,clean
58,16,0,1.51,1,2.52,829518,Y2,,,0,16.184,clean
58,17,0,1.46,1,2.34,453025,Y2,,,0,16.831,clean
58,18,0,1.54,845,2.60,892192,Y2,,,0,19.203,clean
58,19,0,1.52,1,2.44,218868,Y4,,,0,17.235,clean
58,20,0,1.51,1,2.42,229955,Y2,,,0,16.353,clean
58,21,0,1.67,1,2.32,670552,Y2,,,0,15.646,clean
58,22,0,1.42,1,2.47,1052499,Y2,,,0,15.420,clean
58,23,0,1.48,1,2.24,300050,Y4,,,0,15.744,clean
58,24,0,1.37,962,2.71,1078874,Y2,,,0,16.120,clean
58,25,0,1.94,204,2.38,679493,Y4,,,0,16.021,clean
58,26,0,1.38,1,2.59,579625,Y4,,,0,15.378,clean
58,27,0,1.72,622,2.56,525266,Y2,,,0,14.983,clean
58,28,0,1.47,1,2.40,459105,Y2,,,0,14.429,clean
58,29,0,1.64,1,2.65,1216382,Y2,,,0,14.681,clean
58,30,0,1.68,1,2.52,751913,Y2,,,0,15.000,clean
58,31,0,1.63,1,2.24,70632,Y2,,,0,14.972,clean
58,32,0,1.34,262,2.29,46760,Y2,,,0,14.443,clean
58,33,0,1.76,1,2.76,358,Y4,,,0,13.804,clean
58,34,0,1.73,1,2.36,550121,Y2,,,0,13.649,clean
58,35,0,1.86,1,2.36,615031,Y2,,,0,13.989,clean
58,36,0,1.92,1,2.38,958890,Y2,,,0,14.547,clean
58,37,0,1.79,1,2.47,787407,Y4,,,0,14.618,clean
58,38,0,1.74,1,2.43,194371,Y2,,,0,14.173,clean
58,39,0,1.65,1,2.33,408858,Y2,,,0,13.516,clean
58,40,0,1.57,1,2.42,183284,Y2,,,0,13.201,clean
58,41,0,1.63,1,2.54,253201,Y4,,,0,13.390,clean
58,42,0,1.84,1,2.51,271261,Y4,,,0,13.876,clean
58,43,0,1.66,1,2.51,1074940,Y4,,,0,14.126,clean
58,44,0,1.73,1,2.60,1088262,Y4,,,0,13.622,clean
58,45,0,1.65,1,2.37,278056,Y2,,,0,12.794,clean
58,46,0,2.01,1,2.27,172824,Y2,,,0,12.283,clean
58,47,0,1.94,1,2.19,554860,Y2,,,0,12.124,clean
58,48,0,1.76,1234,2.51,332236,Y4,,,0,12.338,clean
58,49,0,1.91,1,2.29,703812,Y2,,,0,12.423,clean
58,50,0,2.18,1,2.20,1425326,Y4,,,0,11.927,clean
58,51,0,2.11,1,2.58,238270,Y2,,,0,11.089,clean
58,52,0,2.21,1,2.38,1272351,Y2,,,0,10.292,clean
58,53,0,2.43,1,2.52,81807,Y2,,,0,9.726,clean
58,54,0,2.53,1,2.36,613689,Y4,0.00/noise-like,0.00/noise-like,0,9.367,hump-note
58,55,0,2.47,1,2.41,1175433,Y4,,,0,8.859,clean
58,56,0,3.26,1,2.65,203401,Y4,0.24/noise-like,0.00/noise-like,0,7.961,hump-note
58,57,0,0,-1,0,0,-,,,0,6.779,QUARANTINE:dark-lane range=60 distinct=59
58,58,0,0,-1,0,0,-,,,0,5.736,QUARANTINE:dark-lane range=51 distinct=51
58,59,0,0,-1,0,0,-,,,0,4.888,QUARANTINE:dark-lane range=42 distinct=43
58,60,0,0,-1,0,0,-,,,0,4.165,QUARANTINE:dark-lane range=36 distinct=37
58,61,0,0,-1,0,0,-,,,0,3.562,QUARANTINE:dark-lane range=30 distinct=31
58,62,0,0,-1,0,0,-,,,0,2.960,QUARANTINE:dark-lane range=26 distinct=27
58,63,0,0,-1,0,0,-,,,0,2.399,QUARANTINE:dark-lane range=21 distinct=22
59,0,0,1.33,911,2.51,889957,Y4,,,0,20.704,clean
59,1,0,1.55,1,2.73,79751,Y4,,,0,19.594,clean
59,2,0,1.49,1643,2.51,140905,Y2,,,0,18.532,clean
59,3,0,1.43,1392,2.25,805110,Y2,,,0,17.995,clean
59,4,0,1.49,1,2.28,639886,Y4,,,0,17.850,clean
59,5,0,1.37,1218,2.25,41753,Y2,,,0,18.063,clean
59,6,0,1.53,1478,2.32,193924,Y2,,,0,17.971,clean
59,7,0,1.36,1,2.19,1322150,Y2,,,0,17.432,clean
59,8,0,1.37,1167,2.45,1267165,Y4,,,0,16.763,clean
59,9,0,1.66,1,2.38,8762,Y2,,,0,16.269,clean
59,10,0,1.62,1,2.58,850350,Y4,,,0,16.235,clean
59,11,0,1.39,1252,2.31,1019955,Y4,,,0,16.607,clean
59,12,0,1.59,1,2.64,920087,Y4,,,0,16.885,clean
59,13,0,1.69,1,2.26,893444,Y4,,,0,16.728,clean
59,14,0,1.52,1,2.50,1177222,Y4,,,0,16.228,clean
59,15,0,1.39,868,2.36,523478,Y4,,,0,15.904,clean
59,16,0,1.60,1,2.45,1267880,Y4,,,0,16.210,clean
59,17,0,1.60,1,2.45,39518,Y4,,,0,16.869,clean
59,18,0,1.52,563,2.47,114620,Y2,,,0,19.232,clean
59,19,0,1.51,1,2.29,669658,Y2,,,0,17.260,clean
59,20,0,1.41,1,2.61,846237,Y2,,,0,16.347,clean
59,21,0,1.38,383,2.47,1174450,Y4,,,0,15.634,clean
59,22,0,1.55,1,2.40,249088,Y4,,,0,15.407,clean
59,23,0,1.55,1,2.48,294060,Y2,,,0,15.748,clean
59,24,0,1.57,1,2.65,919104,Y2,,,0,16.153,clean
59,25,0,2.27,204,2.33,238627,Y4,,,0,16.018,clean
59,26,0,1.65,1,2.31,1063317,Y4,,,0,15.417,clean
59,27,0,1.77,1,2.40,124186,Y2,,,0,14.952,clean
59,28,0,1.58,1,2.44,53823,Y2,,,0,14.439,clean
59,29,0,1.42,1,2.39,329822,Y2,,,0,14.670,clean
59,30,0,1.71,1,2.39,1125991,Y2,,,0,15.030,clean
59,31,0,1.84,1,2.36,26375,Y4,,,0,14.989,clean
59,32,0,1.40,1214,2.65,1221120,Y2,,,0,14.426,clean
59,33,0,1.79,1,2.43,277877,Y2,,,0,13.804,clean
59,34,0,1.97,1,2.38,27537,Y2,,,0,13.662,clean
59,35,0,1.53,1,2.40,949055,Y4,,,0,14.000,clean
59,36,0,1.83,1,2.47,1095951,Y2,,,0,14.536,clean
59,37,0,1.83,1,2.32,33170,Y4,,,0,14.668,clean
59,38,0,1.90,1,2.30,71347,Y4,,,0,14.184,clean
59,39,0,1.58,1,2.64,88066,Y2,,,0,13.524,clean
59,40,0,1.69,1,2.53,1132160,Y4,,,0,13.189,clean
59,41,0,1.75,1,2.53,365674,Y2,,,0,13.435,clean
59,42,0,1.59,1,2.40,1280308,Y2,,,0,13.891,clean
59,43,0,1.39,298,2.29,1129925,Y4,,,0,14.102,clean
59,44,0,1.59,1,2.55,1433462,Y4,,,0,13.618,clean
59,45,0,2.23,1,2.40,185788,Y2,,,0,12.798,clean
59,46,0,2.08,1,2.43,126421,Y2,,,0,12.281,clean
59,47,0,2.02,1,2.54,1433820,Y2,,,0,12.124,clean
59,48,0,1.89,1,2.30,629246,Y4,,,0,12.337,clean
59,49,0,1.94,1,2.47,262678,Y4,,,0,12.412,clean
59,50,0,1.99,1,2.49,1055539,Y4,,,0,11.923,clean
59,51,0,2.02,1,2.31,384361,Y4,,,0,11.079,clean
59,52,0,2.25,1,2.38,50962,Y2,,,0,10.292,clean
59,53,0,2.54,1,2.56,274301,Y4,0.24/noise-like,0.24/noise-like,0,9.741,hump-note
59,54,0,2.79,1,2.30,878245,Y2,0.00/noise-like,0.00/noise-like,0,9.365,hump-note
59,55,0,3.06,1,2.42,909984,Y2,0.00/noise-like,0.00/noise-like,0,8.877,hump-note
59,56,0,2.94,1,2.41,1219690,Y4,0.24/noise-like,0.00/noise-like,0,7.953,hump-note
59,57,0,0,-1,0,0,-,,,0,6.792,QUARANTINE:dark-lane range=59 distinct=59
59,58,0,0,-1,0,0,-,,,0,5.743,QUARANTINE:dark-lane range=50 distinct=48
59,59,0,0,-1,0,0,-,,,0,4.883,QUARANTINE:dark-lane range=44 distinct=44
59,60,0,0,-1,0,0,-,,,0,4.171,QUARANTINE:dark-lane range=36 distinct=37
59,61,0,0,-1,0,0,-,,,0,3.562,QUARANTINE:dark-lane range=32 distinct=32
59,62,0,0,-1,0,0,-,,,0,2.954,QUARANTINE:dark-lane range=24 distinct=25
59,63,0,0,-1,0,0,-,,,0,2.398,QUARANTINE:dark-lane range=21 distinct=22
60,0,0,1.34,1432,2.41,1231134,Y4,,,0,20.722,clean
60,1,0,1.35,1252,2.43,954241,Y2,,,0,19.593,clean
60,2,0,1.49,1,2.37,1002699,Y2,,,0,18.591,clean
60,3,0,1.58,1,2.82,203580,Y2,,,0,17.973,clean
60,4,0,1.45,1,2.41,1015842,Y2,,,0,17.838,clean
60,5,0,1.37,1,2.48,942171,Y4,,,0,18.041,clean
60,6,0,1.42,1478,2.35,150830,Y4,,,0,17.999,clean
60,7,0,1.59,1,2.41,549495,Y4,,,0,17.426,clean
60,8,0,1.41,1,2.28,279129,Y2,,,0,16.769,clean
60,9,0,1.57,1,2.40,113368,Y2,,,0,16.227,clean
60,10,0,1.60,1,2.47,868410,Y2,,,0,16.228,clean
60,11,0,1.54,1,2.34,202596,Y4,,,0,16.643,clean
60,12,0,1.47,1,2.65,86099,Y2,,,0,16.886,clean
60,13,0,1.34,1,2.29,264287,Y4,,,0,16.696,clean
60,14,0,1.43,1457,2.32,627279,Y2,,,0,16.213,clean
60,15,0,1.47,1,2.33,1132786,Y4,,,0,15.934,clean
60,16,0,1.55,1,2.35,374973,Y2,,,0,16.180,clean
60,17,0,1.38,91,2.50,866711,Y4,,,0,16.899,clean
60,18,0,1.56,752,2.36,1414686,Y2,,,0,19.198,clean
60,19,0,1.65,1,2.48,69827,Y2,,,0,17.278,clean
60,20,0,1.53,1,2.49,1092196,Y4,,,0,16.360,clean
60,21,0,1.74,1,2.26,1236230,Y4,,,0,15.640,clean
60,22,0,1.43,1,2.30,1046598,Y4,,,0,15.405,clean
60,23,0,1.51,1,2.37,436127,Y4,,,0,15.739,clean
60,24,0,1.35,1496,2.50,256062,Y2,,,0,16.130,clean
60,25,0,1.85,204,2.38,1351744,Y4,,,0,16.003,clean
60,26,0,1.40,1,2.54,1239985,Y2,,,0,15.367,clean
60,27,0,1.64,624,2.55,47386,Y2,,,0,14.975,clean
60,28,0,1.65,1,2.45,1137078,Y2,,,0,14.452,clean
60,29,0,1.41,1,2.44,1040161,Y2,,,0,14.680,clean
60,30,0,1.39,468,2.48,1401007,Y4,,,0,15.010,clean
60,31,0,1.47,1,2.58,4917,Y2,,,0,14.969,clean
60,32,0,1.37,1408,2.43,1416832,Y2,,,0,14.402,clean
60,33,0,1.74,1,2.37,235230,Y2,,,0,13.778,clean
60,34,0,1.67,1,2.54,118822,Y4,,,0,13.654,clean
60,35,0,1.70,1,2.34,1356304,Y4,,,0,14.017,clean
60,36,0,1.98,1,2.50,1208246,Y4,,,0,14.548,clean
60,37,0,1.67,1,2.39,1283258,Y2,,,0,14.675,clean
60,38,0,1.76,1,2.31,695318,Y4,,,0,14.178,clean
60,39,0,1.74,1,2.60,430673,Y4,,,0,13.504,clean
60,40,0,1.87,1,2.36,1414686,Y4,,,0,13.185,clean
60,41,0,1.64,1,2.47,934482,Y2,,,0,13.408,clean
60,42,0,1.90,1,2.25,949591,Y2,,,0,13.876,clean
60,43,0,1.73,1,2.32,164330,Y2,,,0,14.121,clean
60,44,0,1.79,1,2.24,978380,Y2,,,0,13.604,clean
60,45,0,1.86,1,2.37,708371,Y2,,,0,12.800,clean
60,46,0,1.93,1,2.31,460088,Y2,,,0,12.278,clean
60,47,0,1.59,1,2.69,1385540,Y2,,,0,12.153,clean
60,48,0,1.89,1,2.31,656962,Y2,,,0,12.348,clean
60,49,0,2.16,1,2.61,88960,Y4,,,0,12.412,clean
60,50,0,1.88,1,2.48,1260906,Y4,,,0,11.907,clean
60,51,0,2.11,1,2.38,878602,Y2,,,0,11.089,clean
60,52,0,2.31,1,2.35,491649,Y2,,,0,10.312,clean
60,53,0,2.62,1,2.44,990361,Y4,0.00/noise-like,0.00/noise-like,0,9.732,hump-note
60,54,0,2.51,1,2.54,837296,Y4,0.00/noise-like,0.00/noise-like,0,9.352,hump-note
60,55,0,2.70,1,2.44,196695,Y2,0.00/noise-like,0.00/noise-like,0,8.864,hump-note
60,56,0,3.18,1,2.37,230223,Y2,0.00/noise-like,0.00/noise-like,0,7.941,hump-note
60,57,0,0,-1,0,0,-,,,0,6.782,QUARANTINE:dark-lane range=65 distinct=60
60,58,0,0,-1,0,0,-,,,0,5.741,QUARANTINE:dark-lane range=51 distinct=50
60,59,0,0,-1,0,0,-,,,0,4.875,QUARANTINE:dark-lane range=46 distinct=46
60,60,0,0,-1,0,0,-,,,0,4.166,QUARANTINE:dark-lane range=39 distinct=39
60,61,0,0,-1,0,0,-,,,0,3.569,QUARANTINE:dark-lane range=31 distinct=31
60,62,0,0,-1,0,0,-,,,0,2.960,QUARANTINE:dark-lane range=28 distinct=27
60,63,0,0,-1,0,0,-,,,0,2.406,QUARANTINE:dark-lane range=21 distinct=22
61,0,0,1.39,1377,2.55,316232,Y2,,,0,20.710,clean
61,1,0,1.44,1,2.29,764698,Y4,,,0,19.574,clean
61,2,0,1.39,1,2.54,1367569,Y2,,,0,18.569,clean
61,3,0,1.61,1,2.25,159413,Y2,,,0,17.959,clean
61,4,0,1.62,1,2.41,200540,Y4,,,0,17.852,clean
61,5,0,1.43,214,2.30,516236,Y2,,,0,18.046,clean
61,6,0,1.41,1478,2.54,827193,Y4,,,0,17.980,clean
61,7,0,1.39,1,2.25,1252592,Y4,,,1,17.460,clean
61,8,0,1.46,1,2.50,731796,Y4,,,0,16.742,clean
61,9,0,1.39,33,2.47,805378,Y4,,,0,16.208,clean
61,10,0,1.53,1,2.23,800908,Y4,,,0,16.263,clean
61,11,0,1.49,1,2.36,470906,Y4,,,0,16.620,clean
61,12,0,1.35,745,2.29,1282543,Y4,,,0,16.911,clean
61,13,0,1.54,1,2.22,1044095,Y2,,,0,16.710,clean
61,14,0,1.51,1,2.45,647575,Y2,,,0,16.203,clean
61,15,0,1.87,1,2.27,1426935,Y2,,,0,15.923,clean
61,16,0,1.59,1,2.23,444084,Y4,,,0,16.201,clean
61,17,0,1.46,1,2.39,751108,Y2,,,0,16.877,clean
61,18,0,1.59,805,2.50,197589,Y4,,,0,19.227,clean
61,19,0,1.60,1,2.60,104338,Y2,,,0,17.257,clean
61,20,0,1.38,1,2.57,440061,Y2,,,0,16.349,clean
61,21,0,1.52,1,2.43,646234,Y2,,,0,15.645,clean
61,22,0,1.51,1,2.39,481546,Y2,,,0,15.405,clean
61,23,0,1.57,1,2.43,1001894,Y2,,,0,15.713,clean
61,24,0,1.45,1,2.47,91463,Y2,,,0,16.166,clean
61,25,0,1.97,204,2.49,130087,Y4,,,1,16.012,clean
61,26,0,1.51,1,2.43,1274496,Y4,,,0,15.409,clean
61,27,0,1.83,1,2.39,389457,Y4,,,0,14.983,clean
61,28,0,1.75,1,2.54,359684,Y2,,,0,14.461,clean
61,29,0,1.60,1,2.38,1197696,Y4,,,0,14.673,clean
61,30,0,1.65,1,2.36,1011461,Y4,,,0,15.026,clean
61,31,0,1.66,1,2.51,980973,Y4,,,0,15.032,clean
61,32,0,1.45,464,2.44,1087636,Y2,,,0,14.425,clean
61,33,0,1.69,1,2.37,1144409,Y2,,,0,13.809,clean
61,34,0,1.92,1,2.42,1010925,Y2,,,0,13.640,clean
61,35,0,1.55,1,2.53,1209050,Y2,,,0,14.036,clean
61,36,0,1.70,1,2.57,221014,Y4,,,0,14.530,clean
61,37,0,1.72,1,2.50,754595,Y2,,,0,14.677,clean
61,38,0,1.65,1,2.30,615567,Y4,,,0,14.194,clean
61,39,0,1.86,1,2.42,943691,Y4,,,0,13.514,clean
61,40,0,1.38,1514,2.54,1032114,Y2,,,0,13.188,clean
61,41,0,1.94,1,2.38,70989,Y2,,,0,13.413,clean
61,42,0,1.73,1,2.57,235856,Y4,,,0,13.898,clean
61,43,0,1.54,1,2.52,254989,Y2,,,0,14.124,clean
61,44,0,1.62,1,2.41,1041770,Y2,,,0,13.608,clean
61,45,0,1.66,1,2.46,1065463,Y2,,,0,12.793,clean
61,46,0,1.78,1,2.46,478238,Y2,,,0,12.275,clean
61,47,0,1.91,1,2.42,935018,Y4,,,0,12.147,clean
61,48,0,1.78,1,2.46,200987,Y4,,,0,12.361,clean
61,49,0,1.83,1,2.37,70721,Y2,,,0,12.442,clean
61,50,0,1.76,1,2.35,287712,Y4,,,0,11.930,clean
61,51,0,1.97,1,2.49,317037,Y4,,,0,11.083,clean
61,52,0,2.27,1,2.39,962019,Y2,,,0,10.293,clean
61,53,0,2.51,1,2.68,248909,Y2,0.00/noise-like,0.00/noise-like,0,9.732,hump-note
61,54,0,2.49,1,2.46,131071,Y2,,,0,9.354,clean
61,55,0,2.71,1,2.30,547349,Y4,0.24/noise-like,0.00/noise-like,0,8.869,hump-note
61,56,0,2.68,1,2.66,21279,Y4,0.00/noise-like,0.00/noise-like,0,7.945,hump-note
61,57,0,0,-1,0,0,-,,,7,6.795,QUARANTINE:dark-lane range=55 distinct=56
61,58,0,0,-1,0,0,-,,,0,5.744,QUARANTINE:dark-lane range=52 distinct=53
61,59,0,0,-1,0,0,-,,,0,4.870,QUARANTINE:dark-lane range=40 distinct=41
61,60,0,0,-1,0,0,-,,,0,4.164,QUARANTINE:dark-lane range=40 distinct=37
61,61,0,0,-1,0,0,-,,,0,3.573,QUARANTINE:dark-lane range=33 distinct=32
61,62,0,0,-1,0,0,-,,,0,2.962,QUARANTINE:dark-lane range=29 distinct=28
61,63,0,0,-1,0,0,-,,,0,2.409,QUARANTINE:dark-lane range=21 distinct=21
62,0,0,1.35,234,2.43,712931,Y2,,,0,20.726,clean
62,1,0,1.44,1,2.51,174344,Y2,,,0,19.589,clean
62,2,0,1.47,1643,2.41,306487,Y4,,,0,18.582,clean
62,3,0,1.46,1,2.22,811100,Y4,,,0,17.967,clean
62,4,0,1.60,1,2.29,1069486,Y2,,,0,17.829,clean
62,5,0,1.38,67,2.42,70095,Y2,,,0,18.053,clean
62,6,0,1.53,1478,2.36,655174,Y4,,,0,17.998,clean
62,7,0,1.46,1,2.82,336349,Y2,,,0,17.446,clean
62,8,0,1.41,1,2.58,620574,Y2,,,0,16.740,clean
62,9,0,1.39,1,2.48,421554,Y4,,,0,16.232,clean
62,10,0,1.37,462,2.45,1130551,Y2,,,0,16.254,clean
62,11,0,1.64,1,2.24,1050979,Y4,,,0,16.631,clean
62,12,0,1.58,1,2.53,517398,Y4,,,0,16.867,clean
62,13,0,1.61,1,2.32,220656,Y4,,,0,16.711,clean
62,14,0,1.52,1,2.32,236750,Y2,,,0,16.205,clean
62,15,0,1.59,1,2.36,862330,Y4,,,0,15.918,clean
62,16,0,1.52,1,2.34,1186788,Y4,,,0,16.218,clean
62,17,0,1.51,1,2.31,617355,Y2,,,0,16.892,clean
62,18,0,1.55,628,2.74,169605,Y2,,,0,19.221,clean
62,19,0,1.45,1,2.37,1152188,Y2,,,0,17.262,clean
62,20,0,1.62,549,2.36,795722,Y4,,,0,16.388,clean
62,21,0,1.33,513,2.34,1181424,Y2,,,0,15.665,clean
62,22,0,1.53,1,2.23,1125813,Y2,,,0,15.390,clean
62,23,0,1.58,1,2.55,412703,Y2,,,0,15.734,clean
62,24,0,1.56,1,2.35,1136988,Y4,,,0,16.153,clean
62,25,0,1.73,204,9.15,4202,Y4,0.24/noise-like,0.24/noise-like,12,16.036,FAM-HIT
62,26,0,1.65,1,2.49,445873,Y2,,,0,15.424,clean
62,27,0,1.66,629,2.49,810921,Y2,,,0,14.981,clean
62,28,0,1.74,1,2.44,139654,Y2,,,0,14.457,clean
62,29,0,1.61,1,2.57,1265109,Y2,,,0,14.661,clean
62,30,0,1.44,524,2.51,1406372,Y2,,,0,15.002,clean
62,31,0,1.68,1,2.43,969350,Y4,,,0,14.989,clean
62,32,0,1.40,676,2.48,1118571,Y2,,,0,14.414,clean
62,33,0,1.76,1,2.41,257581,Y2,,,0,13.847,clean
62,34,0,1.68,1,2.66,1286387,Y2,,,0,13.658,clean
62,35,0,1.87,1,2.35,700235,Y4,,,0,14.014,clean
62,36,0,1.57,1,2.32,775605,Y2,,,0,14.567,clean
62,37,0,1.60,1,2.34,434697,Y4,,,0,14.678,clean
62,38,0,1.71,1,2.39,1263767,Y2,,,0,14.198,clean
62,39,0,1.66,1,2.57,1403242,Y2,,,0,13.504,clean
62,40,0,2.01,1,2.40,1028717,Y2,,,0,13.187,clean
62,41,0,1.43,1178,2.48,628978,Y4,,,0,13.387,clean
62,42,0,1.60,1,2.47,1198947,Y2,,,0,13.868,clean
62,43,0,1.47,1,2.32,108898,Y2,,,0,14.143,clean
62,44,0,1.64,1,2.41,899166,Y4,,,0,13.622,clean
62,45,0,1.75,1,2.49,555933,Y4,,,0,12.786,clean
62,46,0,1.98,1,2.32,311673,Y4,,,0,12.268,clean
62,47,0,1.74,1,2.39,1175344,Y4,,,0,12.145,clean
62,48,0,1.80,1,2.44,141174,Y2,,,0,12.345,clean
62,49,0,1.67,1,2.71,82612,Y4,,,0,12.426,clean
62,50,0,2.31,1,2.43,364691,Y2,,,0,11.953,clean
62,51,0,2.23,1,2.51,721067,Y2,,,0,11.076,clean
62,52,0,2.11,1,2.34,1395106,Y2,,,0,10.286,clean
62,53,0,2.42,1,2.37,689864,Y2,,,0,9.738,clean
62,54,0,2.91,1,2.59,1464844,Y2,0.00/noise-like,0.00/noise-like,0,9.371,hump-note
62,55,0,2.65,1,2.57,1270294,Y4,0.24/noise-like,0.00/noise-like,0,8.873,hump-note
62,56,0,2.67,1,2.49,905514,Y2,0.24/noise-like,0.24/noise-like,0,7.952,hump-note
62,57,0,0,-1,0,0,-,,,20,6.816,QUARANTINE:dark-lane range=56 distinct=57
62,58,0,0,-1,0,0,-,,,0,5.743,QUARANTINE:dark-lane range=48 distinct=49
62,59,0,0,-1,0,0,-,,,0,4.881,QUARANTINE:dark-lane range=41 distinct=42
62,60,0,0,-1,0,0,-,,,0,4.166,QUARANTINE:dark-lane range=33 distinct=34
62,61,0,0,-1,0,0,-,,,0,3.558,QUARANTINE:dark-lane range=30 distinct=30
62,62,0,0,-1,0,0,-,,,0,2.961,QUARANTINE:dark-lane range=26 distinct=27
62,63,0,0,-1,0,0,-,,,0,2.404,QUARANTINE:dark-lane range=20 distinct=21
63,0,0,1.43,112,2.39,124007,Y4,,,0,20.729,clean
63,1,0,1.37,1361,2.44,954688,Y4,,,0,19.636,clean
63,2,0,1.56,1643,2.66,189722,Y2,,,0,18.588,clean
63,3,0,1.43,1,2.36,178635,Y2,,,0,17.979,clean
63,4,0,1.54,1,2.34,748605,Y4,,,0,17.855,clean
63,5,0,1.52,1,2.34,245243,Y4,,,0,18.046,clean
63,6,0,1.54,1,2.39,209838,Y4,,,0,17.992,clean
63,7,0,1.44,1,2.29,1018435,Y4,,,0,17.421,clean
63,8,0,1.61,1,2.26,894,Y4,,,0,16.748,clean
63,9,0,1.45,1,2.47,308007,Y4,,,0,16.201,clean
63,10,0,1.50,1,2.36,50873,Y4,,,0,16.244,clean
63,11,0,1.59,1,2.51,150740,Y2,,,0,16.639,clean
63,12,0,1.58,1,2.45,245869,Y2,,,0,16.870,clean
63,13,0,1.60,1,2.38,416905,Y4,,,0,16.717,clean
63,14,0,1.48,1,2.50,32723,Y2,,,0,16.240,clean
63,15,0,1.62,1,2.41,1128405,Y4,,,0,15.887,clean
63,16,0,1.44,1,2.44,921428,Y2,,,0,16.196,clean
63,17,0,1.45,1,2.47,328302,Y2,,,0,16.867,clean
63,18,0,1.52,810,2.57,231475,Y4,,,0,19.194,clean
63,19,0,1.46,1,2.43,607789,Y4,,,0,17.253,clean
63,20,0,1.60,1,2.39,1333058,Y2,,,0,16.384,clean
63,21,0,1.50,1,2.50,716239,Y4,,,0,15.648,clean
63,22,0,1.33,1035,3.11,77069,Y2,0.24/noise-like,0.00/noise-like,0,15.410,FAM-HIT
63,23,0,1.61,1,2.57,729740,Y2,,,0,15.745,clean
63,24,0,1.81,1,2.32,222802,Y2,,,0,16.121,clean
63,25,0,1.86,1,2.91,159234,Y4,,,1,16.014,clean
63,26,0,1.62,1,2.41,165224,Y4,,,0,15.431,clean
63,27,0,1.90,1,2.27,360936,Y4,,,0,14.987,clean
63,28,0,1.69,1,2.35,455528,Y4,,,0,14.443,clean
63,29,0,1.53,1,2.36,490129,Y2,,,0,14.719,clean
63,30,0,1.42,1,2.41,396430,Y2,,,0,15.007,clean
63,31,0,1.70,1,2.38,472873,Y4,,,0,14.978,clean
63,32,0,1.38,1318,2.43,45955,Y2,,,0,14.414,clean
63,33,0,1.72,1,2.38,375420,Y2,,,0,13.827,clean
63,34,0,1.82,1,2.42,16719,Y4,,,0,13.648,clean
63,35,0,1.68,1,2.32,530183,Y2,,,0,14.010,clean
63,36,0,1.59,1,2.48,397593,Y4,,,0,14.551,clean
63,37,0,1.75,1,2.42,192940,Y4,,,0,14.660,clean
63,38,0,1.65,1,2.51,216097,Y2,,,0,14.172,clean
63,39,0,1.86,1,2.61,971764,Y4,,,0,13.548,clean
63,40,0,1.63,1,2.33,536263,Y4,,,0,13.186,clean
63,41,0,1.82,1,2.55,874311,Y4,,,0,13.425,clean
63,42,0,1.61,1,2.42,802249,Y4,,,0,13.914,clean
63,43,0,1.78,1,2.54,707924,Y2,,,0,14.127,clean
63,44,0,1.94,1,2.33,657052,Y2,,,0,13.629,clean
63,45,0,1.94,1,2.43,596166,Y4,,,0,12.799,clean
63,46,0,2.28,1,2.34,1050889,Y4,,,0,12.273,clean
63,47,0,2.02,1,2.38,685126,Y4,,,0,12.142,clean
63,48,0,1.85,1,2.40,171125,Y4,,,0,12.361,clean
63,49,0,2.01,1,2.26,1445621,Y4,,,0,12.413,clean
63,50,0,1.81,1,2.33,1426399,Y2,,,0,11.948,clean
63,51,0,2.07,1,2.30,1420408,Y4,,,0,11.091,clean
63,52,0,2.32,1,2.28,1195639,Y2,,,0,10.287,clean
63,53,0,2.21,1,2.33,699967,Y4,,,0,9.751,clean
63,54,0,2.58,1,2.41,1124918,Y2,0.00/noise-like,0.24/noise-like,0,9.372,hump-note
63,55,0,2.77,1,2.34,1352996,Y2,0.00/noise-like,0.00/noise-like,0,8.869,hump-note
63,56,0,2.95,1,2.34,1447856,Y4,0.00/noise-like,0.00/noise-like,0,7.959,hump-note
63,57,0,0,-1,0,0,-,,,4,6.806,QUARANTINE:dark-lane range=58 distinct=58
63,58,0,0,-1,0,0,-,,,0,5.747,QUARANTINE:dark-lane range=47 distinct=48
63,59,0,0,-1,0,0,-,,,0,4.872,QUARANTINE:dark-lane range=41 distinct=42
63,60,0,0,-1,0,0,-,,,0,4.173,QUARANTINE:dark-lane range=34 distinct=35
63,61,0,0,-1,0,0,-,,,0,3.565,QUARANTINE:dark-lane range=31 distinct=32
63,62,0,0,-1,0,0,-,,,0,2.958,QUARANTINE:dark-lane range=24 distinct=25
63,63,0,0,-1,0,0,-,,,0,2.401,QUARANTINE:dark-lane range=19 distinct=20
64,0,0,1.34,1218,2.25,938952,Y2,,,0,20.720,clean
64,1,0,1.36,956,2.21,664651,Y2,,,0,19.599,clean
64,2,0,1.40,414,2.39,13947,Y4,,,0,18.619,clean
64,3,0,1.65,1,2.47,161737,Y2,,,0,17.982,clean
64,4,0,1.53,1,2.44,225931,Y2,,,0,17.835,clean
64,5,0,1.38,486,2.31,208229,Y4,,,0,18.072,clean
64,6,0,1.44,1478,2.57,1157552,Y4,,,0,17.983,clean
64,7,0,1.38,590,2.42,1382053,Y2,,,0,17.430,clean
64,8,0,1.45,1,2.63,967115,Y2,,,0,16.748,clean
64,9,0,1.50,1,2.42,104159,Y2,,,0,16.229,clean
64,10,0,1.42,1,2.49,489414,Y2,,,0,16.245,clean
64,11,0,1.64,1,2.49,1334131,Y4,,,0,16.649,clean
64,12,0,1.37,239,2.59,113100,Y2,,,0,16.879,clean
64,13,0,1.43,1,2.41,850171,Y4,,,0,16.700,clean
64,14,0,1.55,1,2.56,668406,Y4,,,0,16.199,clean
64,15,0,1.48,1,2.47,1059830,Y4,,,0,15.936,clean
64,16,0,1.46,1,2.26,101835,Y2,,,0,16.215,clean
64,17,0,1.35,660,2.54,830680,Y4,,,0,16.904,clean
64,18,0,1.65,730,2.38,1010031,Y4,,,0,19.194,clean
64,19,0,1.44,867,2.44,894159,Y2,,,0,17.250,clean
64,20,0,1.56,1,2.44,627816,Y4,,,0,16.375,clean
64,21,0,1.60,1,2.28,1021296,Y2,,,0,15.645,clean
64,22,0,1.60,1,2.42,654191,Y2,,,0,15.409,clean
64,23,0,1.47,1,2.36,696212,Y2,,,0,15.744,clean
64,24,0,1.44,1,2.42,998944,Y4,,,0,16.143,clean
64,25,0,1.73,204,2.63,230491,Y2,,,0,16.002,clean
64,26,0,1.65,1,2.36,1408875,Y4,,,0,15.388,clean
64,27,0,1.59,1,2.35,804037,Y2,,,0,14.981,clean
64,28,0,1.50,1,2.53,946552,Y4,,,0,14.472,clean
64,29,0,1.77,1,2.54,947982,Y4,,,0,14.687,clean
64,30,0,1.60,1,2.55,429064,Y4,,,0,15.021,clean
64,31,0,1.96,1,2.34,230134,Y2,,,0,14.963,clean
64,32,0,1.40,1214,2.37,697553,Y4,,,0,14.398,clean
64,33,0,1.54,1,2.37,385165,Y4,,,0,13.822,clean
64,34,0,1.90,1,2.25,649005,Y2,,,0,13.656,clean
64,35,0,1.69,1,2.40,346720,Y2,,,0,14.001,clean
64,36,0,1.58,1,2.55,423253,Y4,,,0,14.564,clean
64,37,0,1.66,1,2.48,526071,Y2,,,0,14.642,clean
64,38,0,1.62,1,2.43,195175,Y4,,,0,14.195,clean
64,39,0,1.54,1,2.47,238895,Y4,,,0,13.525,clean
64,40,0,1.72,1,2.30,928402,Y2,,,0,13.180,clean
64,41,0,1.77,1,2.53,157446,Y2,,,0,13.396,clean
64,42,0,1.56,1,2.50,616729,Y2,,,0,13.874,clean
64,43,0,1.64,1,2.32,436485,Y4,,,0,14.114,clean
64,44,0,1.65,1,2.23,28521,Y4,,,0,13.605,clean
64,45,0,1.84,1,2.39,333399,Y4,,,0,12.790,clean
64,46,0,1.89,1,2.54,1267165,Y4,,,0,12.250,clean
64,47,0,1.94,1,2.47,1207173,Y2,,,0,12.153,clean
64,48,0,1.92,1,2.37,865191,Y2,,,0,12.346,clean
64,49,0,2.11,1,2.30,992328,Y2,,,0,12.424,clean
64,50,0,1.66,1,2.50,902832,Y2,,,0,11.968,clean
64,51,0,2.30,1,2.32,208497,Y4,,,0,11.096,clean
64,52,0,2.40,1,2.43,175595,Y4,,,0,10.309,clean
64,53,0,2.43,1,2.22,14663,Y2,,,0,9.712,clean
64,54,0,2.56,1,2.32,422001,Y4,0.00/noise-like,0.00/noise-like,0,9.359,hump-note
64,55,0,2.85,1,2.44,108987,Y4,0.24/noise-like,0.00/noise-like,0,8.861,hump-note
64,56,0,3.25,1,2.41,643909,Y4,0.00/noise-like,0.24/noise-like,0,7.958,hump-note
64,57,0,0,-1,0,0,-,,,0,6.784,QUARANTINE:dark-lane range=59 distinct=58
64,58,0,0,-1,0,0,-,,,0,5.742,QUARANTINE:dark-lane range=47 distinct=48
64,59,0,0,-1,0,0,-,,,0,4.884,QUARANTINE:dark-lane range=43 distinct=44
64,60,0,0,-1,0,0,-,,,0,4.166,QUARANTINE:dark-lane range=37 distinct=37
64,61,0,0,-1,0,0,-,,,0,3.564,QUARANTINE:dark-lane range=31 distinct=32
64,62,0,0,-1,0,0,-,,,0,2.960,QUARANTINE:dark-lane range=25 distinct=26
64,63,0,0,-1,0,0,-,,,0,2.403,QUARANTINE:dark-lane range=21 distinct=22
65,0,0,1.38,1196,2.39,1098722,Y2,,,0,20.758,clean
65,1,0,1.54,1,2.48,372201,Y4,,,0,19.602,clean
65,2,0,1.42,1643,2.39,5543,Y4,,,0,18.578,clean
65,3,0,1.50,1,2.46,815749,Y4,,,0,17.980,clean
65,4,0,1.38,891,2.29,1251429,Y4,,,0,17.873,clean
65,5,0,1.40,1461,2.40,599921,Y2,,,0,18.075,clean
65,6,0,1.45,1,2.41,126868,Y4,,,0,17.955,clean
65,7,0,1.33,1337,2.52,895411,Y2,,,1,17.433,clean
65,8,0,1.60,1,2.40,723302,Y4,,,0,16.773,clean
65,9,0,1.59,1,2.55,898719,Y2,,,0,16.251,clean
65,10,0,1.50,1,2.38,1428723,Y4,,,0,16.232,clean
65,11,0,1.47,1,2.34,615388,Y2,,,0,16.626,clean
65,12,0,1.75,1,2.48,1083434,Y4,,,0,16.879,clean
65,13,0,1.70,1,2.46,746459,Y4,,,0,16.711,clean
65,14,0,1.58,1,2.26,940293,Y2,,,0,16.211,clean
65,15,0,1.55,1,2.41,1241773,Y4,,,0,15.925,clean
65,16,0,1.42,407,2.40,1428813,Y2,,,0,16.167,clean
65,17,0,1.53,1,2.44,981510,Y2,,,0,16.883,clean
65,18,0,1.55,742,2.35,127137,Y2,,,0,19.200,clean
65,19,0,1.46,1,2.34,567108,Y2,,,0,17.240,clean
65,20,0,1.50,1,2.30,772834,Y4,,,0,16.389,clean
65,21,0,1.50,1,2.38,571042,Y4,,,0,15.635,clean
65,22,0,1.47,1,2.86,1062691,Y4,,,0,15.403,clean
65,23,0,1.41,1,2.43,565141,Y4,,,0,15.749,clean
65,24,0,1.64,1,2.36,654191,Y4,,,0,16.138,clean
65,25,0,2.13,204,2.43,593930,Y2,,,2,16.007,clean
65,26,0,1.47,1,2.66,347346,Y4,,,0,15.397,clean
65,27,0,1.58,614,2.60,412256,Y4,,,0,14.972,clean
65,28,0,1.48,1,2.53,113636,Y4,,,0,14.445,clean
65,29,0,1.80,1,2.32,636309,Y2,,,0,14.696,clean
65,30,0,1.68,1,2.56,82612,Y4,,,0,15.004,clean
65,31,0,1.54,1,2.37,518650,Y4,,,0,14.979,clean
65,32,0,1.34,285,2.56,1338065,Y4,,,0,14.421,clean
65,33,0,1.85,1,2.20,1360953,Y2,,,0,13.796,clean
65,34,0,1.71,1,2.62,1326621,Y2,,,0,13.634,clean
65,35,0,1.85,1,2.66,215471,Y2,,,0,14.014,clean
65,36,0,1.34,615,2.30,157356,Y4,,,0,14.535,clean
65,37,0,1.66,1,2.45,1228809,Y2,,,0,14.659,clean
65,38,0,1.82,1,2.53,83685,Y2,,,0,14.194,clean
65,39,0,1.68,1,2.72,113815,Y4,,,0,13.476,clean
65,40,0,1.80,1,2.41,113636,Y4,,,0,13.193,clean
65,41,0,1.76,1,2.30,331521,Y4,,,0,13.410,clean
65,42,0,1.81,1,2.30,235409,Y4,,,0,13.892,clean
65,43,0,1.73,1,2.53,84758,Y2,,,0,14.113,clean
65,44,0,1.74,1,2.44,333756,Y2,,,0,13.615,clean
65,45,0,1.87,1,2.40,1218528,Y4,,,0,12.823,clean
65,46,0,2.01,1,2.29,977665,Y2,,,0,12.285,clean
65,47,0,1.96,1,2.43,1427919,Y2,,,0,12.141,clean
65,48,0,1.59,1,2.34,524819,Y4,,,0,12.334,clean
65,49,0,1.54,1,2.44,888884,Y2,,,0,12.429,clean
65,50,0,2.27,1,2.25,1382500,Y4,,,0,11.941,clean
65,51,0,2.13,1,2.39,49800,Y4,,,0,11.107,clean
65,52,0,2.00,1,2.36,696033,Y2,,,0,10.302,clean
65,53,0,2.49,1,2.55,163525,Y2,,,0,9.747,clean
65,54,0,2.61,1,2.36,980973,Y2,0.24/noise-like,0.24/noise-like,0,9.376,hump-note
65,55,0,2.77,1,2.48,837922,Y2,0.00/noise-like,0.00/noise-like,0,8.853,hump-note
65,56,0,3.16,1,2.51,287354,Y2,0.00/noise-like,0.00/noise-like,0,7.966,hump-note
65,57,0,0,-1,0,0,-,,,6,6.794,QUARANTINE:dark-lane range=60 distinct=58
65,58,0,0,-1,0,0,-,,,0,5.741,QUARANTINE:dark-lane range=48 distinct=49
65,59,0,0,-1,0,0,-,,,0,4.879,QUARANTINE:dark-lane range=40 distinct=40
65,60,0,0,-1,0,0,-,,,0,4.162,QUARANTINE:dark-lane range=36 distinct=37
65,61,0,0,-1,0,0,-,,,0,3.559,QUARANTINE:dark-lane range=34 distinct=32
65,62,0,0,-1,0,0,-,,,0,2.957,QUARANTINE:dark-lane range=27 distinct=28
65,63,0,0,-1,0,0,-,,,0,2.403,QUARANTINE:dark-lane range=22 distinct=23
66,0,0,1.39,438,2.42,402510,Y2,,,0,20.705,clean
66,1,0,1.47,1,2.39,772476,Y2,,,0,19.600,clean
66,2,0,1.46,1,2.33,530362,Y4,,,0,18.589,clean
66,3,0,1.44,1,2.18,148684,Y4,,,0,17.927,clean
66,4,0,1.34,1035,2.51,950128,Y2,,,0,17.846,clean
66,5,0,1.41,425,2.26,1443833,Y2,,,0,18.085,clean
66,6,0,1.40,1478,2.46,347793,Y2,,,0,17.990,clean
66,7,0,1.50,1,2.57,1432925,Y4,,,0,17.443,clean
66,8,0,1.42,1,2.48,991344,Y2,,,0,16.737,clean
66,9,0,1.36,1,2.45,337690,Y4,,,0,16.217,clean
66,10,0,1.53,1,2.45,658661,Y2,,,0,16.232,clean
66,11,0,1.79,1,2.41,373632,Y2,,,0,16.626,clean
66,12,0,1.43,1,2.36,272959,Y2,,,0,16.867,clean
66,13,0,1.63,1,2.72,633806,Y2,,,0,16.728,clean
66,14,0,1.38,1500,2.28,986606,Y2,,,0,16.217,clean
66,15,0,1.47,1,2.74,977039,Y4,,,0,15.916,clean
66,16,0,1.72,1,2.32,507742,Y4,,,0,16.191,clean
66,17,0,1.39,1,2.50,1386255,Y4,,,0,16.867,clean
66,18,0,1.73,755,2.36,70900,Y2,,,0,19.210,clean
66,19,0,1.65,1,2.59,947535,Y4,,,0,17.256,clean
66,20,0,1.51,1,2.44,423074,Y4,,,0,16.346,clean
66,21,0,1.66,1,2.51,1141816,Y4,,,0,15.646,clean
66,22,0,1.67,1,2.76,522673,Y2,,,0,15.385,clean
66,23,0,1.62,1,2.26,866979,Y4,,,0,15.729,clean
66,24,0,1.49,1,2.52,1276284,Y4,,,0,16.147,clean
66,25,0,1.81,204,6.88,1699,Y4,0.24/noise-like,0.00/noise-like,13,16.028,FAM-HIT
66,26,0,1.79,1,2.29,744939,Y4,,,0,15.378,clean
66,27,0,1.71,1,2.53,444889,Y2,,,0,14.982,clean
66,28,0,1.56,1,2.28,308543,Y4,,,0,14.468,clean
66,29,0,1.58,1,2.71,1393765,Y4,,,0,14.669,clean
66,30,0,1.54,1,2.22,159502,Y4,,,0,15.012,clean
66,31,0,1.83,1,2.30,41038,Y2,,,0,14.977,clean
66,32,0,1.36,634,2.19,211537,Y4,,,0,14.421,clean
66,33,0,1.61,1,2.43,970691,Y4,,,0,13.804,clean
66,34,0,1.94,1,2.35,70006,Y2,,,0,13.662,clean
66,35,0,1.60,1,2.59,1074672,Y2,,,0,14.010,clean
66,36,0,1.89,1,2.24,194550,Y2,,,0,14.540,clean
66,37,0,1.53,1,2.57,220478,Y2,,,0,14.670,clean
66,38,0,1.76,1,2.68,87351,Y2,,,0,14.170,clean
66,39,0,1.64,1,2.30,927240,Y2,,,0,13.497,clean
66,40,0,1.67,1,2.36,1322418,Y2,,,0,13.222,clean
66,41,0,1.76,1,2.26,1448035,Y2,,,0,13.415,clean
66,42,0,1.56,1,2.40,109434,Y2,,,0,13.863,clean
66,43,0,1.61,1,2.26,518829,Y2,,,0,14.121,clean
66,44,0,1.85,1,2.25,281543,Y4,,,0,13.616,clean
66,45,0,2.13,1,2.41,809401,Y4,,,0,12.793,clean
66,46,0,1.86,1,2.36,172913,Y2,,,0,12.272,clean
66,47,0,1.85,1,2.52,492811,Y4,,,0,12.172,clean
66,48,0,1.76,1,2.55,1097381,Y4,,,0,12.343,clean
66,49,0,1.85,1,2.29,424504,Y2,,,0,12.432,clean
66,50,0,2.01,1,2.40,377566,Y4,,,0,11.941,clean
66,51,0,2.43,1,2.40,1157284,Y4,,,0,11.067,clean
66,52,0,2.21,1,2.48,1094967,Y4,,,0,10.295,clean
66,53,0,2.25,1,2.36,586778,Y4,,,0,9.734,clean
66,54,0,2.55,1,2.51,258297,Y4,0.00/noise-like,0.00/noise-like,0,9.353,hump-note
66,55,0,2.39,1,2.24,437379,Y2,,,0,8.858,clean
66,56,0,3.00,1,2.40,39428,Y2,0.24/noise-like,0.00/noise-like,0,7.959,hump-note
66,57,0,4.31,1,6.52,715,Y4,0.24/noise-like,0.00/noise-like,24,6.824,FAM-HIT
66,58,0,0,-1,0,0,-,,,0,5.740,QUARANTINE:dark-lane range=51 distinct=49
66,59,0,0,-1,0,0,-,,,0,4.884,QUARANTINE:dark-lane range=42 distinct=41
66,60,0,0,-1,0,0,-,,,0,4.171,QUARANTINE:dark-lane range=35 distinct=36
66,61,0,0,-1,0,0,-,,,0,3.559,QUARANTINE:dark-lane range=30 distinct=31
66,62,0,0,-1,0,0,-,,,0,2.958,QUARANTINE:dark-lane range=28 distinct=28
66,63,0,0,-1,0,0,-,,,0,2.405,QUARANTINE:dark-lane range=21 distinct=22
67,0,0,1.48,164,2.55,1200825,Y2,,,0,20.703,clean
67,1,0,1.44,1438,2.28,714004,Y4,,,0,19.569,clean
67,2,0,1.47,1643,2.23,560403,Y2,,,0,18.580,clean
67,3,0,1.71,1,2.55,1015842,Y2,,,0,17.968,clean
67,4,0,1.35,888,2.32,607878,Y4,,,0,17.825,clean
67,5,0,1.48,1,2.47,1464844,Y2,,,0,18.048,clean
67,6,0,1.46,1478,2.64,821829,Y2,,,0,17.979,clean
67,7,0,1.30,872,2.55,316232,Y4,,,0,17.405,clean
67,8,0,1.47,1,2.46,149041,Y4,,,0,16.757,clean
67,9,0,1.34,1,2.45,401437,Y2,,,0,16.225,clean
67,10,0,1.47,1,2.48,570416,Y4,,,0,16.256,clean
67,11,0,1.35,1,2.35,562370,Y2,,,0,16.643,clean
67,12,0,1.46,604,2.37,1198411,Y4,,,0,16.884,clean
67,13,0,1.78,1,2.62,1269042,Y2,,,0,16.691,clean
67,14,0,1.74,1,2.31,257045,Y2,,,0,16.213,clean
67,15,0,1.51,1,2.57,268042,Y4,,,0,15.929,clean
67,16,0,1.56,1,2.43,543773,Y2,,,0,16.189,clean
67,17,0,1.40,1067,2.63,524908,Y2,,,0,16.852,clean
67,18,0,1.60,625,2.33,1114100,Y2,,,0,19.213,clean
67,19,0,1.54,1,2.23,6884,Y2,,,0,17.242,clean
67,20,0,1.51,1,2.22,881642,Y2,,,0,16.341,clean
67,21,0,1.49,1,2.50,1059383,Y4,,,0,15.615,clean
67,22,0,1.53,1,2.44,332952,Y2,,,0,15.393,clean
67,23,0,1.45,1319,2.67,170410,Y2,,,0,15.725,clean
67,24,0,1.39,1,2.30,48548,Y2,,,0,16.120,clean
67,25,0,1.86,204,2.38,1070023,Y2,,,0,15.994,clean
67,26,0,1.61,1,2.30,597686,Y4,,,0,15.403,clean
67,27,0,1.64,1,2.47,394106,Y2,,,0,14.960,clean
67,28,0,1.81,1,2.22,542521,Y4,,,0,14.434,clean
67,29,0,1.76,1,2.34,247478,Y2,,,0,14.678,clean
67,30,0,1.55,1,2.42,701576,Y2,,,0,15.034,clean
67,31,0,1.80,1,2.28,885755,Y4,,,0,14.946,clean
67,32,0,1.36,1,2.36,1346022,Y4,,,0,14.422,clean
67,33,0,1.94,1,2.45,378191,Y2,,,0,13.798,clean
67,34,0,1.67,1,2.73,170231,Y2,,,0,13.629,clean
67,35,0,1.88,1,2.42,1052409,Y2,,,0,14.023,clean
67,36,0,1.65,1,2.27,1183838,Y4,,,0,14.575,clean
67,37,0,1.63,1,2.29,287265,Y4,,,0,14.656,clean
67,38,0,1.79,1,2.33,1324743,Y4,,,0,14.164,clean
67,39,0,1.63,1,2.54,657856,Y4,,,0,13.477,clean
67,40,0,1.80,1,2.45,942796,Y2,,,0,13.210,clean
67,41,0,1.79,1,2.88,1164883,Y2,,,0,13.418,clean
67,42,0,1.56,1,2.32,437826,Y4,,,0,13.880,clean
67,43,0,1.61,1,2.45,979811,Y4,,,0,14.124,clean
67,44,0,1.79,1,2.38,911862,Y4,,,0,13.593,clean
67,45,0,1.51,1,2.31,1121163,Y4,,,0,12.790,clean
67,46,0,2.01,1,2.24,749767,Y4,,,0,12.256,clean
67,47,0,1.87,1,2.24,260711,Y2,,,0,12.148,clean
67,48,0,1.73,1234,2.85,401616,Y4,,,0,12.329,clean
67,49,0,2.11,1,2.25,171483,Y4,,,0,12.421,clean
67,50,0,2.05,1,2.41,287443,Y4,,,0,11.907,clean
67,51,0,2.68,1,2.74,195533,Y2,0.00/noise-like,0.24/noise-like,0,11.072,hump-note
67,52,0,2.46,1,2.29,254542,Y2,,,0,10.272,clean
67,53,0,2.43,1,2.33,763178,Y2,,,0,9.731,clean
67,54,0,2.74,1,2.40,75549,Y2,0.00/noise-like,0.00/noise-like,0,9.356,hump-note
67,55,0,2.77,1,2.36,1430601,Y2,0.42/WATCH,0.24/noise-like,0,8.863,hump-note
67,56,0,3.15,1,2.51,500500,Y2,0.00/noise-like,0.00/noise-like,0,7.951,hump-note
67,57,0,0,-1,0,0,-,,,0,6.788,QUARANTINE:dark-lane range=57 distinct=57
67,58,0,0,-1,0,0,-,,,0,5.741,QUARANTINE:dark-lane range=52 distinct=49
67,59,0,0,-1,0,0,-,,,0,4.885,QUARANTINE:dark-lane range=44 distinct=44
67,60,0,0,-1,0,0,-,,,0,4.166,QUARANTINE:dark-lane range=37 distinct=38
67,61,0,0,-1,0,0,-,,,0,3.560,QUARANTINE:dark-lane range=31 distinct=32
67,62,0,0,-1,0,0,-,,,0,2.957,QUARANTINE:dark-lane range=24 distinct=25
67,63,0,0,-1,0,0,-,,,0,2.403,QUARANTINE:dark-lane range=21 distinct=22
68,0,0,1.37,1082,2.29,248283,Y2,,,0,20.727,clean
68,1,0,1.46,1,2.43,256419,Y4,,,0,19.614,clean
68,2,0,1.45,1,2.43,1275480,Y2,,,0,18.556,clean
68,3,0,1.35,452,2.79,1256704,Y4,,,0,17.956,clean
68,4,0,1.59,1,2.34,22084,Y2,,,0,17.843,clean
68,5,0,1.48,1,2.63,30130,Y2,,,0,18.041,clean
68,6,0,1.71,1,2.39,1048654,Y2,,,0,17.984,clean
68,7,0,1.49,1,2.48,157982,Y2,,,0,17.428,clean
68,8,0,1.33,771,2.17,127941,Y2,,,1,16.757,clean
68,9,0,1.77,1,2.33,772566,Y4,,,0,16.228,clean
68,10,0,1.63,1,2.52,294238,Y4,,,0,16.222,clean
68,11,0,1.38,769,2.50,311673,Y4,,,0,16.636,clean
68,12,0,1.54,1,2.92,703722,Y4,,,0,16.896,clean
68,13,0,1.48,1,2.42,542879,Y2,,,0,16.728,clean
68,14,0,1.60,1,2.50,449806,Y2,,,0,16.192,clean
68,15,0,1.53,1,2.39,82791,Y4,,,0,15.908,clean
68,16,0,1.51,1,2.36,144124,Y4,,,0,16.191,clean
68,17,0,1.67,1,2.41,1330465,Y4,,,0,16.873,clean
68,18,0,1.64,683,2.47,39607,Y2,,,0,19.201,clean
68,19,0,1.50,1,2.32,899434,Y2,,,0,17.225,clean
68,20,0,1.53,1,2.28,665456,Y2,,,0,16.363,clean
68,21,0,1.63,1,2.45,337064,Y4,,,0,15.622,clean
68,22,0,1.36,1,2.28,1329571,Y2,,,0,15.375,clean
68,23,0,1.38,1276,2.39,1170963,Y4,,,0,15.742,clean
68,24,0,1.48,1,2.37,45866,Y2,,,0,16.130,clean
68,25,0,1.77,204,2.28,54091,Y4,,,0,16.028,clean
68,26,0,1.54,1,2.29,28342,Y4,,,0,15.365,clean
68,27,0,1.65,1,2.46,212163,Y4,,,0,14.974,clean
68,28,0,1.90,1,2.42,869840,Y4,,,0,14.460,clean
68,29,0,1.69,1,2.40,617534,Y2,,,0,14.688,clean
68,30,0,1.62,1,2.39,1066089,Y4,,,0,15.018,clean
68,31,0,1.85,1,2.54,350118,Y2,,,0,14.977,clean
68,32,0,1.33,276,2.46,704527,Y2,,,0,14.438,clean
68,33,0,1.60,1,2.45,1079053,Y4,,,0,13.818,clean
68,34,0,1.74,1,2.57,809759,Y2,,,0,13.618,clean
68,35,0,1.68,1,2.64,747889,Y2,,,0,14.007,clean
68,36,0,1.63,1,2.32,638723,Y2,,,0,14.562,clean
68,37,0,1.78,1,2.27,554234,Y2,,,0,14.661,clean
68,38,0,1.91,1,2.54,618786,Y4,,,0,14.178,clean
68,39,0,1.91,1,2.42,803143,Y2,,,0,13.520,clean
68,40,0,1.77,1,2.39,1057953,Y2,,,0,13.184,clean
68,41,0,1.83,1,2.35,1089156,Y4,,,0,13.405,clean
68,42,0,1.63,1,2.71,735462,Y4,,,0,13.885,clean
68,43,0,1.55,1,2.44,320435,Y2,,,0,14.093,clean
68,44,0,1.75,1,2.31,1194030,Y4,,,0,13.616,clean
68,45,0,1.94,1,2.43,1311868,Y4,,,0,12.815,clean
68,46,0,2.10,1,2.53,449359,Y2,,,0,12.262,clean
68,47,0,1.99,1,2.55,275910,Y4,,,0,12.150,clean
68,48,0,1.72,1,2.43,1077354,Y4,,,0,12.332,clean
68,49,0,1.84,1,2.39,277698,Y2,,,0,12.413,clean
68,50,0,1.93,1,2.53,116676,Y2,,,0,11.931,clean
68,51,0,2.17,1,2.47,35942,Y4,,,0,11.099,clean
68,52,0,2.13,1,2.35,521690,Y4,,,0,10.286,clean
68,53,0,2.42,1,2.51,120699,Y2,,,0,9.734,clean
68,54,0,2.42,1,2.37,278860,Y4,,,0,9.359,clean
68,55,0,2.55,1,2.59,1388490,Y4,0.00/noise-like,0.00/noise-like,0,8.864,hump-note
68,56,0,2.69,1,2.54,587672,Y4,0.00/noise-like,0.00/noise-like,0,7.940,hump-note
68,57,0,0,-1,0,0,-,,,0,6.784,QUARANTINE:dark-lane range=60 distinct=57
68,58,0,0,-1,0,0,-,,,0,5.744,QUARANTINE:dark-lane range=47 distinct=48
68,59,0,0,-1,0,0,-,,,0,4.883,QUARANTINE:dark-lane range=42 distinct=42
68,60,0,0,-1,0,0,-,,,0,4.172,QUARANTINE:dark-lane range=38 distinct=37
68,61,0,0,-1,0,0,-,,,0,3.562,QUARANTINE:dark-lane range=29 distinct=30
68,62,0,0,-1,0,0,-,,,0,2.958,QUARANTINE:dark-lane range=26 distinct=27
68,63,0,0,-1,0,0,-,,,0,2.402,QUARANTINE:dark-lane range=19 distinct=20
69,0,0,1.39,28,2.34,424683,Y2,,,0,20.695,clean
69,1,0,1.37,1,2.37,371218,Y2,,,0,19.606,clean
69,2,0,1.62,1,2.28,1084596,Y4,,,0,18.587,clean
69,3,0,1.35,305,2.51,790894,Y4,,,0,17.977,clean
69,4,0,1.42,1,2.33,18418,Y2,,,0,17.876,clean
69,5,0,1.52,1,2.33,1464844,Y4,,,0,18.052,clean
69,6,0,1.46,1,2.44,1265556,Y4,,,0,17.959,clean
69,7,0,1.37,244,2.44,1464844,Y4,,,0,17.429,clean
69,8,0,1.46,987,2.61,630766,Y4,,,0,16.766,clean
69,9,0,1.78,1,2.33,1389921,Y4,,,0,16.261,clean
69,10,0,1.51,1,2.50,344574,Y2,,,0,16.225,clean
69,11,0,1.73,1,2.52,267148,Y2,,,0,16.612,clean
69,12,0,1.46,1,2.34,1316071,Y4,,,0,16.866,clean
69,13,0,1.57,1,2.36,643998,Y4,,,0,16.737,clean
69,14,0,1.45,247,2.57,1334220,Y4,,,0,16.224,clean
69,15,0,1.51,1,2.34,757009,Y4,,,0,15.934,clean
69,16,0,1.62,1,2.52,895143,Y2,,,0,16.207,clean
69,17,0,1.46,744,2.33,1443565,Y4,,,0,16.879,clean
69,18,0,1.59,791,2.37,273854,Y4,,,0,19.200,clean
69,19,0,1.45,1,2.45,1044005,Y4,,,0,17.276,clean
69,20,0,1.44,1,2.36,311047,Y2,,,0,16.357,clean
69,21,0,1.47,1,2.39,1090407,Y4,,,0,15.652,clean
69,22,0,1.88,1,2.65,253022,Y4,,,0,15.397,clean
69,23,0,1.44,1,2.22,1417100,Y2,,,0,15.740,clean
69,24,0,1.75,1,2.33,1173198,Y2,,,0,16.098,clean
69,25,0,2.05,204,3.55,1699,Y4,0.00/noise-like,0.24/noise-like,3,16.011,FAM-HIT
69,26,0,1.42,1,2.26,56952,Y2,,,0,15.404,clean
69,27,0,1.56,630,2.29,27716,Y2,,,0,14.980,clean
69,28,0,1.80,1,2.37,1017362,Y4,,,0,14.469,clean
69,29,0,1.36,900,2.32,99778,Y4,,,0,14.698,clean
69,30,0,1.76,1,2.42,783026,Y4,,,0,15.028,clean
69,31,0,1.75,1,2.25,334203,Y4,,,0,14.979,clean
69,32,0,1.38,1063,2.40,155389,Y4,,,0,14.415,clean
69,33,0,1.66,1,2.63,212610,Y2,,,0,13.795,clean
69,34,0,1.59,1,2.25,189722,Y2,,,0,13.636,clean
69,35,0,1.65,1,2.51,828087,Y4,,,0,14.006,clean
69,36,0,1.72,1,2.59,554055,Y4,,,0,14.556,clean
69,37,0,1.54,1,2.31,544935,Y2,,,0,14.667,clean
69,38,0,2.01,1,2.50,217617,Y2,,,0,14.165,clean
69,39,0,1.75,1,2.28,232279,Y2,,,0,13.524,clean
69,40,0,1.75,1,2.71,1010656,Y2,,,0,13.181,clean
69,41,0,1.64,1,2.31,546187,Y2,,,0,13.428,clean
69,42,0,1.95,1,2.35,479668,Y4,,,0,13.915,clean
69,43,0,1.73,1,2.43,707030,Y4,,,0,14.106,clean
69,44,0,1.78,1,2.37,1135111,Y2,,,0,13.619,clean
69,45,0,1.57,1,2.23,434518,Y2,,,0,12.805,clean
69,46,0,2.12,1,2.42,527591,Y2,,,0,12.258,clean
69,47,0,2.17,1,2.54,860363,Y4,,,0,12.133,clean
69,48,0,1.95,1,2.68,94682,Y2,,,0,12.350,clean
69,49,0,1.71,1,2.38,1231939,Y4,,,0,12.440,clean
69,50,0,2.07,1,2.29,1101941,Y4,,,0,11.925,clean
69,51,0,2.21,1,2.39,440419,Y2,,,0,11.090,clean
69,52,0,2.47,1,2.59,475734,Y4,,,0,10.284,clean
69,53,0,2.40,1,2.59,1340479,Y4,,,0,9.739,clean
69,54,0,2.58,1,2.38,1267880,Y4,0.00/noise-like,0.00/noise-like,0,9.378,hump-note
69,55,0,2.46,1,2.37,670820,Y2,,,0,8.867,clean
69,56,0,2.69,1,2.42,103712,Y2,0.24/noise-like,0.24/noise-like,0,7.968,hump-note
69,57,0,0,-1,0,0,-,,,14,6.811,QUARANTINE:dark-lane range=57 distinct=56
69,58,0,0,-1,0,0,-,,,0,5.735,QUARANTINE:dark-lane range=51 distinct=50
69,59,0,0,-1,0,0,-,,,0,4.880,QUARANTINE:dark-lane range=41 distinct=42
69,60,0,0,-1,0,0,-,,,0,4.162,QUARANTINE:dark-lane range=40 distinct=38
69,61,0,0,-1,0,0,-,,,0,3.561,QUARANTINE:dark-lane range=30 distinct=31
69,62,0,0,-1,0,0,-,,,0,2.958,QUARANTINE:dark-lane range=26 distinct=27
69,63,0,0,-1,0,0,-,,,0,2.403,QUARANTINE:dark-lane range=22 distinct=23
70,0,0,1.31,865,2.33,713468,Y4,,,0,20.732,clean
70,1,0,1.35,890,2.37,989020,Y2,,,0,19.586,clean
70,2,0,1.54,1,2.60,617087,Y2,,,0,18.573,clean
70,3,0,1.47,1,2.44,161201,Y2,,,0,17.989,clean
70,4,0,1.67,1,2.43,675201,Y2,,,0,17.851,clean
70,5,0,1.49,1,2.53,953615,Y4,,,0,18.046,clean
70,6,0,1.44,1,2.39,639796,Y2,,,0,17.975,clean
70,7,0,1.47,1,2.31,954866,Y2,,,0,17.421,clean
70,8,0,1.37,865,2.41,1085937,Y4,,,0,16.748,clean
70,9,0,1.48,1,2.48,383198,Y4,,,0,16.217,clean
70,10,0,1.58,1,2.54,858486,Y4,,,0,16.210,clean
70,11,0,1.53,1,2.52,2146,Y2,,,0,16.628,clean
70,12,0,1.49,1,2.56,1291931,Y2,,,0,16.865,clean
70,13,0,1.50,1,2.30,1141995,Y2,,,0,16.721,clean
70,14,0,1.47,1,2.36,239521,Y2,,,0,16.248,clean
70,15,0,1.53,1,2.49,711143,Y4,,,0,15.939,clean
70,16,0,1.66,1,2.48,446856,Y2,,,0,16.202,clean
70,17,0,1.60,1,2.54,440598,Y2,,,0,16.892,clean
70,18,0,1.56,669,2.37,670463,Y4,,,0,19.212,clean
70,19,0,1.59,1,2.34,948876,Y4,,,0,17.277,clean
70,20,0,1.63,1,2.48,467867,Y2,,,0,16.381,clean
70,21,0,1.36,614,2.48,1132250,Y4,,,0,15.666,clean
70,22,0,1.62,1,2.35,155210,Y2,,,0,15.431,clean
70,23,0,1.55,1,2.35,929028,Y2,,,0,15.744,clean
70,24,0,1.44,1,2.56,756562,Y4,,,0,16.157,clean
70,25,0,2.06,204,4.10,81450,Y4,0.00/noise-like,0.00/noise-like,3,16.023,FAM-HIT
70,26,0,1.53,1,2.54,625312,Y4,,,0,15.388,clean
70,27,0,1.57,641,2.33,1375616,Y4,,,0,14.964,clean
70,28,0,1.47,1,2.35,429779,Y4,,,0,14.446,clean
70,29,0,1.62,1,2.55,525266,Y2,,,0,14.677,clean
70,30,0,1.76,1,2.48,1448035,Y2,,,0,15.028,clean
70,31,0,1.78,1,2.36,1170516,Y2,,,0,14.990,clean
70,32,0,1.37,1362,2.37,609398,Y4,,,0,14.404,clean
70,33,0,1.64,1,2.65,476182,Y2,,,0,13.806,clean
70,34,0,1.76,1,2.29,1347542,Y4,,,0,13.662,clean
70,35,0,1.91,1,2.55,574887,Y4,,,0,14.025,clean
70,36,0,1.63,1,2.28,991791,Y2,,,0,14.543,clean
70,37,0,1.66,1,2.58,51230,Y4,,,0,14.666,clean
70,38,0,1.80,1,2.84,1206726,Y4,,,0,14.185,clean
70,39,0,1.55,1,2.47,978649,Y2,,,0,13.514,clean
70,40,0,1.81,1,2.53,313729,Y4,,,0,13.191,clean
70,41,0,1.70,1,2.34,395447,Y4,,,0,13.449,clean
70,42,0,1.67,1,2.42,1374364,Y4,,,0,13.890,clean
70,43,0,1.98,1,2.40,90927,Y2,,,0,14.104,clean
70,44,0,1.92,1,2.53,1032203,Y4,,,0,13.609,clean
70,45,0,2.15,1,2.53,178814,Y2,,,0,12.808,clean
70,46,0,1.83,1,2.52,217170,Y2,,,0,12.274,clean
70,47,0,1.68,1,2.40,164062,Y2,,,0,12.140,clean
70,48,0,1.76,1234,2.40,884414,Y4,,,0,12.346,clean
70,49,0,1.77,1,2.55,1023173,Y4,,,0,12.412,clean
70,50,0,1.84,1,2.28,1069397,Y2,,,0,11.925,clean
70,51,0,2.21,1,2.39,924200,Y4,,,0,11.078,clean
70,52,0,2.47,1,2.28,182033,Y2,,,0,10.293,clean
70,53,0,2.32,1,2.22,178367,Y4,,,0,9.725,clean
70,54,0,2.44,1,2.41,174165,Y4,,,0,9.351,clean
70,55,0,2.61,1,2.38,1159787,Y4,0.00/noise-like,0.24/noise-like,0,8.866,hump-note
70,56,0,2.91,1,2.37,915796,Y2,0.24/noise-like,0.00/noise-like,0,7.970,hump-note
70,57,0,0,-1,0,0,-,,,8,6.791,QUARANTINE:dark-lane range=58 distinct=58
70,58,0,0,-1,0,0,-,,,0,5.742,QUARANTINE:dark-lane range=48 distinct=49
70,59,0,0,-1,0,0,-,,,0,4.896,QUARANTINE:dark-lane range=40 distinct=41
70,60,0,0,-1,0,0,-,,,0,4.154,QUARANTINE:dark-lane range=36 distinct=37
70,61,0,0,-1,0,0,-,,,0,3.555,QUARANTINE:dark-lane range=32 distinct=33
70,62,0,0,-1,0,0,-,,,0,2.957,QUARANTINE:dark-lane range=26 distinct=27
70,63,0,0,-1,0,0,-,,,0,2.400,QUARANTINE:dark-lane range=21 distinct=22
71,0,0,1.39,723,2.38,308275,Y4,,,0,20.709,clean
71,1,0,1.41,1472,2.29,1233995,Y2,,,0,19.604,clean
71,2,0,1.38,1643,2.40,1076549,Y4,,,0,18.605,clean
71,3,0,1.40,38,2.50,989825,Y4,,,0,17.988,clean
71,4,0,1.55,1,2.38,612259,Y2,,,0,17.808,clean
71,5,0,1.47,1,2.34,212342,Y4,,,0,18.068,clean
71,6,0,1.30,5,2.75,365227,Y4,,,0,17.998,clean
71,7,0,1.54,1,2.30,1096666,Y4,,,0,17.424,clean
71,8,0,1.39,1,2.47,1099885,Y4,,,0,16.761,clean
71,9,0,1.42,1099,2.31,789553,Y2,,,0,16.243,clean
71,10,0,1.71,1,2.38,143945,Y4,,,0,16.213,clean
71,11,0,1.40,391,2.40,1260370,Y4,,,0,16.637,clean
71,12,0,1.76,1,2.40,159144,Y2,,,0,16.877,clean
71,13,0,1.44,1,2.43,959337,Y2,,,0,16.713,clean
71,14,0,1.48,1,2.35,477433,Y2,,,0,16.193,clean
71,15,0,1.53,1,2.32,1098543,Y4,,,0,15.911,clean
71,16,0,1.52,1,2.37,709444,Y4,,,0,16.182,clean
71,17,0,1.43,1,2.47,909448,Y2,,,0,16.866,clean
71,18,0,1.74,788,2.89,1286924,Y2,,,0,19.228,clean
71,19,0,1.47,1,2.72,1067340,Y4,,,0,17.235,clean
71,20,0,1.59,1,2.24,1250982,Y4,,,0,16.363,clean
71,21,0,1.84,1,2.48,653833,Y2,,,0,15.653,clean
71,22,0,1.37,109,2.35,229150,Y2,,,0,15.429,clean
71,23,0,1.55,1,2.58,1310527,Y2,,,0,15.733,clean
71,24,0,1.39,1,2.42,1044363,Y2,,,0,16.138,clean
71,25,0,2.13,204,2.96,268,Y4,,,1,16.017,clean
71,26,0,1.66,1,2.40,414938,Y4,,,0,15.402,clean
71,27,0,1.78,623,2.37,1167476,Y4,,,0,14.994,clean
71,28,0,1.55,1,2.40,633627,Y4,,,0,14.428,clean
71,29,0,1.74,1,2.46,923842,Y2,,,0,14.683,clean
71,30,0,1.80,1,2.32,470817,Y4,,,0,15.034,clean
71,31,0,1.47,1,2.48,896841,Y4,,,0,15.004,clean
71,32,0,1.34,893,2.34,684410,Y2,,,0,14.397,clean
71,33,0,1.64,1,2.26,1407623,Y2,,,0,13.784,clean
71,34,0,1.85,1,2.44,298083,Y2,,,0,13.640,clean
71,35,0,1.91,1,2.30,809401,Y2,,,0,14.036,clean
71,36,0,1.60,1,2.46,39607,Y2,,,0,14.562,clean
71,37,0,1.68,1,2.36,1457691,Y4,,,0,14.691,clean
71,38,0,1.76,1,2.54,1319915,Y2,,,0,14.175,clean
71,39,0,1.91,1,2.33,503451,Y2,,,0,13.504,clean
71,40,0,1.72,1,2.36,78678,Y2,,,0,13.206,clean
71,41,0,1.83,1,2.51,851065,Y4,,,0,13.414,clean
71,42,0,1.86,1,2.51,952899,Y2,,,0,13.904,clean
71,43,0,1.61,1,2.41,34332,Y2,,,0,14.132,clean
71,44,0,1.76,1,2.41,39965,Y2,,,0,13.611,clean
71,45,0,2.19,1,2.45,765592,Y4,,,0,12.789,clean
71,46,0,1.75,1,2.48,1109183,Y4,,,0,12.284,clean
71,47,0,1.84,1,2.68,790447,Y4,,,0,12.151,clean
71,48,0,1.80,1234,2.52,419319,Y2,,,0,12.359,clean
71,49,0,1.97,1,2.38,812620,Y4,,,0,12.422,clean
71,50,0,2.07,1,2.41,1232028,Y2,,,0,11.926,clean
71,51,0,1.75,1,2.79,192940,Y2,,,0,11.099,clean
71,52,0,2.27,1,2.56,1175344,Y2,,,0,10.287,clean
71,53,0,2.44,1,2.25,378728,Y2,,,0,9.730,clean
71,54,0,2.43,1,2.42,982672,Y4,,,0,9.354,clean
71,55,0,2.97,1,2.34,1448929,Y2,0.00/noise-like,0.00/noise-like,0,8.871,hump-note
71,56,0,2.96,1,2.32,194371,Y4,0.00/noise-like,0.24/noise-like,0,7.961,hump-note
71,57,0,0,-1,0,0,-,,,6,6.813,QUARANTINE:dark-lane range=60 distinct=59
71,58,0,0,-1,0,0,-,,,0,5.744,QUARANTINE:dark-lane range=49 distinct=50
71,59,0,0,-1,0,0,-,,,0,4.888,QUARANTINE:dark-lane range=42 distinct=43
71,60,0,0,-1,0,0,-,,,0,4.171,QUARANTINE:dark-lane range=38 distinct=38
71,61,0,0,-1,0,0,-,,,0,3.558,QUARANTINE:dark-lane range=30 distinct=31
71,62,0,0,-1,0,0,-,,,0,2.959,QUARANTINE:dark-lane range=25 distinct=26
71,63,0,0,-1,0,0,-,,,0,2.399,QUARANTINE:dark-lane range=19 distinct=20
72,0,0,1.43,108,2.25,1446337,Y4,,,0,20.743,clean
72,1,0,1.47,1,2.42,303000,Y2,,,0,19.606,clean
72,2,0,1.47,1643,2.38,973195,Y4,,,0,18.538,clean
72,3,0,1.39,51,2.41,1464128,Y4,,,0,18.002,clean
72,4,0,1.47,1,2.27,1182497,Y4,,,0,17.858,clean
72,5,0,1.35,683,2.36,844896,Y2,,,0,18.063,clean
72,6,0,1.43,1,2.38,56952,Y4,,,0,18.012,clean
72,7,0,1.51,1,2.32,112206,Y4,,,0,17.458,clean
72,8,0,1.53,1,2.57,63479,Y2,,,0,16.775,clean
72,9,0,1.35,578,2.39,752807,Y4,,,0,16.222,clean
72,10,0,1.40,1,2.32,1082003,Y2,,,0,16.229,clean
72,11,0,1.66,1,2.70,1416922,Y4,,,0,16.652,clean
72,12,0,1.43,609,2.30,839084,Y2,,,0,16.868,clean
72,13,0,1.34,1,2.33,621736,Y2,,,0,16.686,clean
72,14,0,1.53,1,2.42,653118,Y4,,,0,16.216,clean
72,15,0,1.34,297,2.36,266433,Y4,,,0,15.903,clean
72,16,0,1.61,1,2.27,1370698,Y4,,,0,16.195,clean
72,17,0,1.50,1,2.20,790358,Y2,,,0,16.851,clean
72,18,0,1.60,724,2.35,1125902,Y4,,,0,19.202,clean
72,19,0,1.63,1,2.45,1331180,Y4,,,0,17.246,clean
72,20,0,1.40,1,2.43,14126,Y2,,,0,16.365,clean
72,21,0,1.37,310,2.46,595003,Y2,,,0,15.623,clean
72,22,0,1.69,1,2.60,851512,Y2,,,0,15.414,clean
72,23,0,1.99,1,2.32,292629,Y2,,,0,15.734,clean
72,24,0,1.48,1,2.28,1269042,Y2,,,0,16.123,clean
72,25,0,1.84,204,2.39,499785,Y2,,,0,16.015,clean
72,26,0,1.71,1,2.34,139385,Y2,,,0,15.375,clean
72,27,0,1.68,612,2.52,920802,Y4,,,0,14.978,clean
72,28,0,1.68,1,2.73,489056,Y2,,,0,14.442,clean
72,29,0,1.76,1,2.74,1031756,Y2,,,0,14.693,clean
72,30,0,1.82,1,2.63,896305,Y2,,,0,15.024,clean
72,31,0,1.61,1,2.23,625938,Y2,,,0,14.981,clean
72,32,0,1.36,471,2.40,1158804,Y4,,,0,14.398,clean
72,33,0,1.73,1,2.79,1014143,Y4,,,0,13.799,clean
72,34,0,1.79,1,2.57,638276,Y4,,,0,13.654,clean
72,35,0,1.87,1,2.49,563979,Y4,,,0,14.007,clean
72,36,0,1.64,1,2.44,758350,Y2,,,0,14.559,clean
72,37,0,1.55,1,2.39,964433,Y2,,,0,14.648,clean
72,38,0,1.81,1,2.35,345558,Y2,,,0,14.188,clean
72,39,0,1.82,1,2.27,930190,Y2,,,0,13.510,clean
72,40,0,1.88,1,2.24,1286566,Y4,,,0,13.186,clean
72,41,0,1.56,1,2.25,563532,Y2,,,0,13.431,clean
72,42,0,1.99,1,2.39,50157,Y4,,,0,13.862,clean
72,43,0,1.62,1,2.29,379086,Y4,,,0,14.158,clean
72,44,0,1.55,1,2.32,800997,Y4,,,0,13.643,clean
72,45,0,1.80,1,2.44,15289,Y2,,,0,12.805,clean
72,46,0,1.84,1,2.34,46223,Y4,,,0,12.284,clean
72,47,0,2.22,1,2.37,1058221,Y4,,,0,12.141,clean
72,48,0,1.77,1234,2.32,668406,Y4,,,0,12.343,clean
72,49,0,1.98,1,2.55,1063496,Y2,,,0,12.422,clean
72,50,0,1.62,1,2.45,925183,Y2,,,0,11.942,clean
72,51,0,2.25,1,2.72,327051,Y2,,,0,11.086,clean
72,52,0,2.04,1,2.39,981957,Y4,,,0,10.292,clean
72,53,0,2.35,1,2.66,973821,Y4,,,0,9.720,clean
72,54,0,2.69,1,2.46,1072794,Y2,0.00/noise-like,0.00/noise-like,0,9.364,hump-note
72,55,0,2.88,1,2.32,160128,Y4,0.24/noise-like,0.00/noise-like,0,8.853,hump-note
72,56,0,3.13,1,2.50,825316,Y2,0.24/noise-like,0.00/noise-like,0,7.941,hump-note
72,57,0,0,-1,0,0,-,,,0,6.795,QUARANTINE:dark-lane range=61 distinct=59
72,58,0,0,-1,0,0,-,,,0,5.749,QUARANTINE:dark-lane range=51 distinct=51
72,59,0,0,-1,0,0,-,,,0,4.877,QUARANTINE:dark-lane range=42 distinct=42
72,60,0,0,-1,0,0,-,,,0,4.165,QUARANTINE:dark-lane range=36 distinct=37
72,61,0,0,-1,0,0,-,,,0,3.562,QUARANTINE:dark-lane range=30 distinct=30
72,62,0,0,-1,0,0,-,,,0,2.957,QUARANTINE:dark-lane range=26 distinct=26
72,63,0,0,-1,0,0,-,,,0,2.399,QUARANTINE:dark-lane range=22 distinct=23
73,0,0,1.30,398,2.47,175774,Y2,,,0,20.739,clean
73,1,0,1.37,1019,2.37,596792,Y4,,,0,19.594,clean
73,2,0,1.35,1,2.35,348240,Y2,,,0,18.596,clean
73,3,0,1.45,1,2.43,1145482,Y4,,,0,17.941,clean
73,4,0,1.55,1,2.32,298083,Y2,,,0,17.826,clean
73,5,0,1.45,1,2.59,292271,Y4,,,0,18.069,clean
73,6,0,1.36,913,2.60,950575,Y2,,,0,18.030,clean
73,7,0,1.44,1,2.43,32812,Y4,,,0,17.424,clean
73,8,0,1.69,1,2.57,376761,Y2,,,0,16.755,clean
73,9,0,1.42,1,2.50,1373112,Y4,,,0,16.229,clean
73,10,0,1.50,1,2.40,1025051,Y2,,,0,16.244,clean
73,11,0,1.68,1,2.31,453740,Y2,,,0,16.634,clean
73,12,0,1.64,1,2.41,519633,Y2,,,0,16.894,clean
73,13,0,1.51,1,2.25,368893,Y4,,,0,16.716,clean
73,14,0,1.53,1,2.34,1071274,Y4,,,0,16.223,clean
73,15,0,1.62,1,2.39,386328,Y4,,,0,15.900,clean
73,16,0,1.45,1,2.37,1206726,Y2,,,0,16.183,clean
73,17,0,1.55,1,2.31,576586,Y2,,,0,16.892,clean
73,18,0,1.56,773,2.36,397503,Y2,,,0,19.180,clean
73,19,0,1.59,1,2.42,74923,Y4,,,0,17.246,clean
73,20,0,1.48,1,2.81,1464844,Y4,,,0,16.390,clean
73,21,0,1.76,1,2.54,819504,Y4,,,0,15.640,clean
73,22,0,1.64,1,2.57,891119,Y2,,,0,15.392,clean
73,23,0,1.71,1,2.84,835419,Y2,,,0,15.730,clean
73,24,0,1.53,1,2.66,402778,Y2,,,0,16.121,clean
73,25,0,2.18,204,2.33,776142,Y4,,,0,15.997,clean
73,26,0,1.64,1,2.52,1007885,Y2,,,0,15.391,clean
73,27,0,1.54,614,2.74,78231,Y2,,,0,14.955,clean
73,28,0,1.54,1,2.56,185788,Y4,,,0,14.460,clean
73,29,0,1.60,1,2.40,899434,Y2,,,0,14.686,clean
73,30,0,1.41,1,2.46,520974,Y2,,,0,15.018,clean
73,31,0,1.62,1,2.40,1148880,Y2,,,0,15.000,clean
73,32,0,1.36,740,2.31,820935,Y4,,,0,14.421,clean
73,33,0,1.46,1,2.84,365496,Y4,,,0,13.801,clean
73,34,0,1.80,1,2.47,614673,Y4,,,0,13.647,clean
73,35,0,1.41,1,2.62,239342,Y4,,,0,14.025,clean
73,36,0,1.95,1,2.37,891209,Y4,,,0,14.563,clean
73,37,0,1.46,1,2.34,918925,Y2,,,0,14.676,clean
73,38,0,1.81,1,2.68,1340032,Y4,,,0,14.195,clean
73,39,0,1.87,1,2.34,800997,Y2,,,0,13.499,clean
73,40,0,1.99,1,2.32,1288891,Y2,,,0,13.207,clean
73,41,0,1.84,1,2.54,1222193,Y2,,,0,13.415,clean
73,42,0,1.80,1,2.59,1239628,Y2,,,0,13.900,clean
73,43,0,1.85,1,2.48,888348,Y4,,,0,14.137,clean
73,44,0,1.67,1,2.43,505418,Y2,,,0,13.629,clean
73,45,0,1.87,1,2.41,1281828,Y2,,,0,12.823,clean
73,46,0,1.78,1,2.48,230312,Y2,,,0,12.257,clean
73,47,0,1.89,1,2.42,169694,Y2,,,0,12.161,clean
73,48,0,1.84,1,2.31,482887,Y4,,,0,12.324,clean
73,49,0,1.76,1,2.39,247568,Y2,,,0,12.420,clean
73,50,0,2.22,1,2.27,1148254,Y2,,,0,11.939,clean
73,51,0,2.17,1,2.66,835150,Y4,,,0,11.099,clean
73,52,0,2.16,1,2.62,691652,Y4,,,0,10.275,clean
73,53,0,2.48,1,2.28,123471,Y2,,,0,9.753,clean
73,54,0,2.46,1,2.42,1167834,Y4,,,0,9.377,clean
73,55,0,2.83,1,2.58,688702,Y2,0.00/noise-like,0.24/noise-like,0,8.874,hump-note
73,56,0,3.06,1,2.33,1033634,Y4,0.24/noise-like,0.24/noise-like,0,7.953,hump-note
73,57,0,0,-1,0,0,-,,,0,6.787,QUARANTINE:dark-lane range=56 distinct=57
73,58,0,0,-1,0,0,-,,,0,5.743,QUARANTINE:dark-lane range=50 distinct=49
73,59,0,0,-1,0,0,-,,,0,4.883,QUARANTINE:dark-lane range=44 distinct=43
73,60,0,0,-1,0,0,-,,,0,4.168,QUARANTINE:dark-lane range=36 distinct=37
73,61,0,0,-1,0,0,-,,,0,3.556,QUARANTINE:dark-lane range=30 distinct=31
73,62,0,0,-1,0,0,-,,,0,2.967,QUARANTINE:dark-lane range=26 distinct=26
73,63,0,0,-1,0,0,-,,,0,2.396,QUARANTINE:dark-lane range=23 distinct=24
74,0,0,1.37,456,2.33,373989,Y2,,,0,20.716,clean
74,1,0,1.36,600,2.37,1395822,Y4,,,0,19.602,clean
74,2,0,1.42,1,2.40,23425,Y2,,,0,18.571,clean
74,3,0,1.54,1,2.52,323474,Y4,,,0,17.970,clean
74,4,0,1.60,1,2.49,930727,Y4,,,0,17.856,clean
74,5,0,1.42,1,2.28,490576,Y2,,,0,18.075,clean
74,6,0,1.49,1,2.42,963539,Y4,,,0,18.008,clean
74,7,0,1.47,1,2.43,1150668,Y2,,,0,17.411,clean
74,8,0,1.45,1,2.35,822097,Y2,,,0,16.735,clean
74,9,0,1.51,1,2.52,407159,Y2,,,0,16.240,clean
74,10,0,1.41,1,2.32,964344,Y4,,,0,16.235,clean
74,11,0,1.57,1,2.26,1387596,Y4,,,0,16.648,clean
74,12,0,1.67,1,2.49,1111597,Y4,,,0,16.894,clean
74,13,0,1.37,1423,2.34,674218,Y4,,,0,16.714,clean
74,14,0,1.49,478,2.26,174791,Y4,,,0,16.206,clean
74,15,0,1.37,1,2.33,1345754,Y2,,,0,15.931,clean
74,16,0,1.54,1,2.28,95129,Y2,,,0,16.184,clean
74,17,0,1.50,1,2.40,781685,Y2,,,0,16.874,clean
74,18,0,1.79,651,2.62,453651,Y2,,,0,19.208,clean
74,19,0,1.57,1,2.40,241935,Y4,,,0,17.234,clean
74,20,0,1.59,1,2.21,909448,Y4,,,0,16.356,clean
74,21,0,1.73,1,2.52,774711,Y4,,,0,15.637,clean
74,22,0,1.62,1,2.43,246137,Y2,,,0,15.374,clean
74,23,0,1.49,1,2.41,48548,Y4,,,0,15.737,clean
74,24,0,1.54,1,2.33,594556,Y4,,,0,16.143,clean
74,25,0,1.85,204,2.39,1292020,Y4,,,0,16.032,clean
74,26,0,1.81,1,2.38,576675,Y4,,,0,15.394,clean
74,27,0,1.70,630,2.40,971675,Y2,,,0,14.948,clean
74,28,0,1.63,1,2.30,260532,Y2,,,0,14.462,clean
74,29,0,1.64,1,2.83,282079,Y4,,,0,14.681,clean
74,30,0,1.62,1,2.32,457227,Y4,,,0,15.027,clean
74,31,0,1.47,1,2.23,991076,Y4,,,0,14.972,clean
74,32,0,1.35,570,2.44,1247317,Y4,,,0,14.426,clean
74,33,0,1.57,1,2.81,474036,Y4,,,0,13.824,clean
74,34,0,1.57,1,2.31,354409,Y4,,,0,13.664,clean
74,35,0,1.87,1,2.39,592142,Y4,,,0,14.015,clean
74,36,0,1.61,1,2.42,407338,Y2,,,0,14.564,clean
74,37,0,1.62,1,2.68,1394928,Y2,,,0,14.654,clean
74,38,0,1.69,1,2.21,924200,Y2,,,0,14.194,clean
74,39,0,1.74,1,2.33,791878,Y4,,,0,13.534,clean
74,40,0,1.45,1,2.42,919908,Y4,,,0,13.201,clean
74,41,0,1.61,1,3.07,553697,Y2,0.00/noise-like,0.00/noise-like,0,13.415,FAM-HIT
74,42,0,1.68,1,2.59,371575,Y2,,,0,13.880,clean
74,43,0,1.67,1,2.51,951111,Y2,,,0,14.116,clean
74,44,0,1.98,1,2.44,446051,Y2,,,0,13.620,clean
74,45,0,2.09,1,2.57,1362920,Y2,,,0,12.785,clean
74,46,0,1.93,1,2.52,1068503,Y4,,,0,12.255,clean
74,47,0,1.92,1,2.29,664473,Y4,,,0,12.157,clean
74,48,0,1.81,1,2.48,244617,Y4,,,0,12.339,clean
74,49,0,1.93,1,2.49,10192,Y2,,,0,12.413,clean
74,50,0,2.00,1,2.36,356734,Y2,,,0,11.938,clean
74,51,0,2.15,1,2.39,1387864,Y2,,,0,11.101,clean
74,52,0,2.37,1,2.92,156999,Y2,,,0,10.270,clean
74,53,0,2.48,1,2.68,865370,Y2,,,0,9.734,clean
74,54,0,2.44,1,2.34,777483,Y2,,,0,9.355,clean
74,55,0,2.89,1,2.67,27001,Y4,0.00/noise-like,0.24/noise-like,0,8.862,hump-note
74,56,0,3.30,1,2.49,1147896,Y2,0.00/noise-like,0.24/noise-like,0,7.951,hump-note
74,57,0,0,-1,0,0,-,,,0,6.773,QUARANTINE:dark-lane range=59 distinct=57
74,58,0,0,-1,0,0,-,,,0,5.738,QUARANTINE:dark-lane range=48 distinct=49
74,59,0,0,-1,0,0,-,,,0,4.871,QUARANTINE:dark-lane range=42 distinct=43
74,60,0,0,-1,0,0,-,,,0,4.170,QUARANTINE:dark-lane range=36 distinct=37
74,61,0,0,-1,0,0,-,,,0,3.559,QUARANTINE:dark-lane range=28 distinct=29
74,62,0,0,-1,0,0,-,,,0,2.958,QUARANTINE:dark-lane range=27 distinct=27
74,63,0,0,-1,0,0,-,,,0,2.400,QUARANTINE:dark-lane range=20 distinct=21
75,0,0,1.36,27,2.24,1356483,Y4,,,0,20.730,clean
75,1,0,1.44,1,2.29,359327,Y4,,,0,19.564,clean
75,2,0,1.44,1,2.45,1050532,Y4,,,0,18.560,clean
75,3,0,1.42,1,2.51,387669,Y2,,,0,17.937,clean
75,4,0,1.38,492,2.29,261337,Y2,,,0,17.865,clean
75,5,0,1.55,1,2.36,359505,Y4,,,0,18.043,clean
75,6,0,1.34,1478,2.50,1409858,Y2,,,0,17.986,clean
75,7,0,1.60,1,2.69,46492,Y2,,,0,17.435,clean
75,8,0,1.47,1,2.30,1274586,Y4,,,0,16.774,clean
75,9,0,1.35,1,2.42,26196,Y2,,,0,16.226,clean
75,10,0,1.49,1,2.32,63747,Y4,,,0,16.251,clean
75,11,0,1.43,1,2.41,1087457,Y2,,,0,16.610,clean
75,12,0,1.38,111,2.35,1275480,Y4,,,0,16.885,clean
75,13,0,1.54,1,2.51,1245707,Y4,,,0,16.722,clean
75,14,0,1.43,1,2.47,856966,Y4,,,0,16.215,clean
75,15,0,1.39,1,2.59,1101047,Y4,,,0,15.909,clean
75,16,0,1.34,64,2.40,823796,Y4,,,0,16.189,clean
75,17,0,1.38,369,2.40,1447588,Y4,,,0,16.859,clean
75,18,0,1.54,750,2.43,52303,Y4,,,0,19.192,clean
75,19,0,1.45,382,2.31,1098007,Y4,,,0,17.257,clean
75,20,0,1.49,1,2.55,561565,Y4,,,0,16.341,clean
75,21,0,1.67,1,2.44,57936,Y4,,,0,15.634,clean
75,22,0,1.65,1,2.56,177473,Y4,,,0,15.397,clean
75,23,0,1.68,1,2.44,7689,Y4,,,0,15.750,clean
75,24,0,1.55,1,2.75,173181,Y4,,,0,16.120,clean
75,25,0,2.17,204,2.60,363618,Y4,,,0,16.033,clean
75,26,0,1.89,1,2.38,631839,Y2,,,0,15.404,clean
75,27,0,1.73,615,2.44,179619,Y2,,,0,14.949,clean
75,28,0,1.88,1,2.57,31739,Y2,,,0,14.425,clean
75,29,0,1.53,1,2.42,1326174,Y4,,,0,14.678,clean
75,30,0,1.44,1,2.31,410914,Y2,,,0,15.019,clean
75,31,0,1.56,1,2.42,26912,Y4,,,0,14.988,clean
75,32,0,1.36,779,2.33,52124,Y2,,,0,14.429,clean
75,33,0,1.67,1,2.34,401258,Y2,,,0,13.786,clean
75,34,0,1.81,1,2.39,251681,Y2,,,0,13.636,clean
75,35,0,1.77,1,2.60,1127601,Y2,,,0,14.021,clean
75,36,0,1.52,1,2.41,1386970,Y4,,,0,14.553,clean
75,37,0,1.87,1,2.45,148416,Y2,,,0,14.646,clean
75,38,0,1.43,1,2.42,267953,Y4,,,0,14.182,clean
75,39,0,1.79,1,2.27,1002610,Y4,,,0,13.493,clean
75,40,0,1.68,1,2.42,1116425,Y4,,,0,13.190,clean
75,41,0,1.89,1,2.50,786334,Y2,,,0,13.408,clean
75,42,0,1.62,1,2.49,222087,Y2,,,0,13.914,clean
75,43,0,1.78,1,2.25,824332,Y2,,,0,14.106,clean
75,44,0,1.62,1,2.29,1068234,Y4,,,0,13.618,clean
75,45,0,1.84,1,2.27,740379,Y2,,,0,12.787,clean
75,46,0,1.89,1,2.48,107646,Y4,,,0,12.266,clean
75,47,0,1.91,1,2.36,1340121,Y2,,,0,12.134,clean
75,48,0,1.88,1,2.38,1110703,Y2,,,0,12.339,clean
75,49,0,1.84,1,2.39,573099,Y2,,,0,12.445,clean
75,50,0,1.92,1,2.39,486463,Y4,,,0,11.936,clean
75,51,0,2.40,1,2.40,282615,Y2,,,0,11.113,clean
75,52,0,2.53,1,2.38,831664,Y4,0.00/noise-like,0.00/noise-like,0,10.290,hump-note
75,53,0,2.74,1,2.27,332773,Y2,0.00/noise-like,0.00/noise-like,0,9.734,hump-note
75,54,0,2.45,1,2.40,128031,Y2,,,0,9.366,clean
75,55,0,2.66,1,2.51,906676,Y4,0.24/noise-like,0.00/noise-like,0,8.869,hump-note
75,56,0,2.88,1,2.30,1237929,Y4,0.00/noise-like,0.00/noise-like,0,7.957,hump-note
75,57,0,0,-1,0,0,-,,,0,6.781,QUARANTINE:dark-lane range=57 distinct=56
75,58,0,0,-1,0,0,-,,,0,5.736,QUARANTINE:dark-lane range=49 distinct=49
75,59,0,0,-1,0,0,-,,,0,4.881,QUARANTINE:dark-lane range=44 distinct=43
75,60,0,0,-1,0,0,-,,,0,4.165,QUARANTINE:dark-lane range=38 distinct=37
75,61,0,0,-1,0,0,-,,,0,3.552,QUARANTINE:dark-lane range=32 distinct=32
75,62,0,0,-1,0,0,-,,,0,2.962,QUARANTINE:dark-lane range=27 distinct=27
75,63,0,0,-1,0,0,-,,,0,2.403,QUARANTINE:dark-lane range=21 distinct=22
76,0,0,1.34,690,2.29,55969,Y2,,,0,20.682,clean
76,1,0,1.50,1,2.40,400633,Y2,,,0,19.556,clean
76,2,0,1.49,1,2.50,115156,Y4,,,0,18.540,clean
76,3,0,1.48,1,2.62,293791,Y2,,,0,17.944,clean
76,4,0,1.43,1,2.26,412792,Y2,,,0,17.867,clean
76,5,0,1.36,104,2.39,416011,Y4,,,0,18.060,clean
76,6,0,1.35,1,2.26,510335,Y4,,,0,17.974,clean
76,7,0,1.45,1,2.46,519365,Y4,,,0,17.437,clean
76,8,0,1.70,1,2.38,933588,Y2,,,0,16.743,clean
76,9,0,1.60,1,2.30,557452,Y2,,,0,16.241,clean
76,10,0,1.80,1,2.43,412077,Y4,,,0,16.253,clean
76,11,0,1.66,1,2.49,210017,Y2,,,0,16.635,clean
76,12,0,1.50,1,2.55,232905,Y4,,,0,16.878,clean
76,13,0,1.51,1,2.21,5007,Y2,,,0,16.700,clean
76,14,0,1.64,1,2.51,1019955,Y4,,,0,16.206,clean
76,15,0,1.52,1,2.29,1078874,Y4,,,0,15.890,clean
76,16,0,1.47,1,2.36,1319647,Y4,,,0,16.194,clean
76,17,0,1.42,1103,2.41,1342177,Y2,,,0,16.867,clean
76,18,0,1.69,763,2.36,1385361,Y2,,,0,19.198,clean
76,19,0,1.37,1,2.36,331968,Y4,,,0,17.260,clean
76,20,0,1.62,1,2.46,106931,Y4,,,0,16.342,clean
76,21,0,1.42,1,2.50,1218170,Y4,,,0,15.628,clean
76,22,0,1.59,1,2.50,747174,Y2,,,0,15.396,clean
76,23,0,1.47,1,2.45,1166135,Y4,,,0,15.750,clean
76,24,0,1.54,1,2.13,511676,Y2,,,0,16.104,clean
76,25,0,2.12,204,2.53,657231,Y4,,,2,16.010,clean
76,26,0,1.40,1499,2.56,337511,Y2,,,0,15.376,clean
76,27,0,1.71,1,2.35,186861,Y2,,,0,14.975,clean
76,28,0,1.56,1,2.45,1225591,Y2,,,0,14.407,clean
76,29,0,1.65,1,2.52,1405478,Y4,,,0,14.679,clean
76,30,0,1.51,1,2.31,1362741,Y2,,,0,15.020,clean
76,31,0,1.82,1,2.35,536799,Y2,,,0,14.986,clean
76,32,0,1.33,168,2.32,938237,Y2,,,0,14.423,clean
76,33,0,1.60,1,2.71,15914,Y2,,,0,13.811,clean
76,34,0,1.86,1,2.43,531346,Y2,,,0,13.664,clean
76,35,0,1.87,1,2.29,1391798,Y2,,,0,14.020,clean
76,36,0,1.57,1,2.51,1326174,Y2,,,0,14.551,clean
76,37,0,1.68,1,2.31,939578,Y4,,,0,14.655,clean
76,38,0,1.68,1,2.54,767648,Y4,,,0,14.206,clean
76,39,0,1.83,1,2.25,869751,Y2,,,0,13.510,clean
76,40,0,1.71,1,2.28,265092,Y2,,,0,13.185,clean
76,41,0,1.76,1,2.37,72598,Y2,,,0,13.436,clean
76,42,0,1.83,1,2.51,1161575,Y2,,,0,13.856,clean
76,43,0,1.73,1,2.35,609040,Y4,,,0,14.135,clean
76,44,0,1.85,1,2.48,631928,Y4,,,0,13.629,clean
76,45,0,1.95,1,2.41,25034,Y2,,,0,12.781,clean
76,46,0,2.06,1,2.40,1053214,Y4,,,0,12.270,clean
76,47,0,1.65,1,2.55,67502,Y2,,,0,12.145,clean
76,48,0,1.71,1,2.45,1273870,Y2,,,0,12.348,clean
76,49,0,1.95,1,2.49,952989,Y2,,,0,12.408,clean
76,50,0,2.07,1,2.42,1019329,Y2,,,0,11.932,clean
76,51,0,1.95,1,2.56,295222,Y2,,,0,11.089,clean
76,52,0,2.25,1,2.27,849456,Y4,,,0,10.272,clean
76,53,0,2.18,1,2.53,81360,Y4,,,0,9.731,clean
76,54,0,2.53,1,2.44,1080573,Y2,0.00/noise-like,0.24/noise-like,0,9.373,hump-note
76,55,0,2.64,1,2.35,229508,Y2,0.00/noise-like,0.24/noise-like,0,8.866,hump-note
76,56,0,3.26,1,2.54,1878,Y4,0.00/noise-like,0.00/noise-like,0,7.960,hump-note
76,57,0,0,-1,0,0,-,,,3,6.782,QUARANTINE:dark-lane range=61 distinct=60
76,58,0,0,-1,0,0,-,,,1,5.727,QUARANTINE:dark-lane range=50 distinct=50
76,59,0,0,-1,0,0,-,,,0,4.875,QUARANTINE:dark-lane range=43 distinct=43
76,60,0,0,-1,0,0,-,,,0,4.173,QUARANTINE:dark-lane range=39 distinct=36
76,61,0,0,-1,0,0,-,,,0,3.561,QUARANTINE:dark-lane range=31 distinct=32
76,62,0,0,-1,0,0,-,,,0,2.960,QUARANTINE:dark-lane range=25 distinct=26
76,63,0,0,-1,0,0,-,,,0,2.402,QUARANTINE:dark-lane range=22 distinct=23
77,0,0,1.32,478,2.40,367999,Y2,,,0,20.719,clean
77,1,0,1.44,1,2.22,126600,Y4,,,0,19.588,clean
77,2,0,1.38,680,2.33,1120806,Y4,,,0,18.609,clean
77,3,0,1.58,1,2.44,395626,Y4,,,0,17.988,clean
77,4,0,1.43,1,2.40,752091,Y2,,,0,17.820,clean
77,5,0,1.37,545,2.35,251859,Y2,,,0,18.050,clean
77,6,0,1.54,1478,2.43,419945,Y2,,,0,17.976,clean
77,7,0,1.46,1,2.44,258923,Y4,,,0,17.426,clean
77,8,0,1.70,1,2.67,378013,Y2,,,0,16.753,clean
77,9,0,1.49,1,2.48,982940,Y4,,,0,16.230,clean
77,10,0,1.62,1,2.34,870019,Y4,,,0,16.240,clean
77,11,0,1.40,1,2.36,766307,Y2,,,0,16.622,clean
77,12,0,1.60,1,2.30,1100421,Y4,,,0,16.873,clean
77,13,0,1.62,1,2.41,214666,Y4,,,0,16.691,clean
77,14,0,1.39,1,2.53,114262,Y4,,,0,16.235,clean
77,15,0,1.62,1,2.65,1408875,Y4,,,0,15.951,clean
77,16,0,1.51,1,2.42,669301,Y2,,,0,16.176,clean
77,17,0,1.60,1,2.47,132054,Y2,,,0,16.858,clean
77,18,0,1.59,647,2.39,495046,Y2,,,0,19.177,clean
77,19,0,1.59,1,2.34,1086205,Y4,,,0,17.245,clean
77,20,0,1.68,1,2.28,172108,Y4,,,0,16.357,clean
77,21,0,1.44,1,2.55,682890,Y2,,,0,15.627,clean
77,22,0,1.66,1,2.40,1363635,Y4,,,0,15.403,clean
77,23,0,1.50,1,2.29,44882,Y2,,,0,15.741,clean
77,24,0,1.39,1,2.49,1134038,Y2,,,0,16.129,clean
77,25,0,2.01,204,3.04,2772,Y4,0.00/noise-like,0.00/noise-like,2,16.020,FAM-HIT
77,26,0,1.57,1,2.64,183284,Y4,,,0,15.403,clean
77,27,0,1.67,639,2.25,760853,Y4,,,0,14.965,clean
77,28,0,1.75,1,2.35,864118,Y4,,,0,14.453,clean
77,29,0,1.57,1,2.34,891834,Y4,,,0,14.658,clean
77,30,0,1.64,1,2.57,241935,Y4,,,0,15.036,clean
77,31,0,1.53,1,2.40,1075923,Y2,,,0,14.991,clean
77,32,0,1.33,824,2.50,931352,Y4,,,0,14.416,clean
77,33,0,1.95,1,2.41,473589,Y2,,,0,13.816,clean
77,34,0,1.87,1,2.71,662506,Y4,,,0,13.628,clean
77,35,0,1.67,1,2.54,347525,Y2,,,0,14.014,clean
77,36,0,1.56,1,2.28,573456,Y2,,,0,14.531,clean
77,37,0,1.53,1,2.68,942528,Y2,,,0,14.686,clean
77,38,0,1.61,1,2.45,306487,Y4,,,0,14.167,clean
77,39,0,1.73,1,2.26,240326,Y4,,,0,13.491,clean
77,40,0,1.86,1,2.43,883788,Y4,,,0,13.211,clean
77,41,0,1.39,1,2.40,764966,Y4,,,0,13.401,clean
77,42,0,1.73,1,2.64,1294345,Y4,,,0,13.889,clean
77,43,0,1.69,1,2.38,905246,Y2,,,0,14.119,clean
77,44,0,1.75,1,2.45,781327,Y4,,,0,13.609,clean
77,45,0,1.62,1,2.44,443459,Y4,,,0,12.798,clean
77,46,0,1.93,1,2.55,1343250,Y4,,,0,12.267,clean
77,47,0,1.87,1,2.51,258386,Y4,,,0,12.157,clean
77,48,0,1.71,1234,2.42,1373559,Y2,,,0,12.336,clean
77,49,0,2.02,1,2.42,1328677,Y4,,,0,12.436,clean
77,50,0,1.97,1,2.40,1407623,Y2,,,0,11.941,clean
77,51,0,1.97,1,2.45,146538,Y2,,,0,11.089,clean
77,52,0,2.26,1,2.61,1079768,Y4,,,0,10.274,clean
77,53,0,2.51,1,2.23,139207,Y2,0.24/noise-like,0.00/noise-like,0,9.740,hump-note
77,54,0,2.42,1,2.42,720352,Y4,,,0,9.357,clean
77,55,0,2.75,1,2.45,436842,Y4,0.24/noise-like,0.00/noise-like,0,8.867,hump-note
77,56,0,3.30,1,2.42,1319736,Y2,0.00/noise-like,0.00/noise-like,0,7.957,hump-note
77,57,0,0,-1,0,0,-,,,8,6.800,QUARANTINE:dark-lane range=57 distinct=57
77,58,0,0,-1,0,0,-,,,0,5.738,QUARANTINE:dark-lane range=56 distinct=51
77,59,0,0,-1,0,0,-,,,0,4.873,QUARANTINE:dark-lane range=40 distinct=41
77,60,0,0,-1,0,0,-,,,0,4.164,QUARANTINE:dark-lane range=38 distinct=37
77,61,0,0,-1,0,0,-,,,0,3.556,QUARANTINE:dark-lane range=32 distinct=32
77,62,0,0,-1,0,0,-,,,0,2.966,QUARANTINE:dark-lane range=27 distinct=27
77,63,0,0,-1,0,0,-,,,0,2.403,QUARANTINE:dark-lane range=21 distinct=22
78,0,0,1.33,20,2.37,1339406,Y4,,,0,20.727,clean
78,1,0,1.42,1232,2.49,1257598,Y2,,,0,19.587,clean
78,2,0,1.40,1190,2.45,1449376,Y2,,,0,18.578,clean
78,3,0,1.61,1,2.60,884682,Y2,,,0,17.953,clean
78,4,0,1.47,1,2.36,983834,Y2,,,0,17.856,clean
78,5,0,1.36,1,2.38,999659,Y2,,,0,18.061,clean
78,6,0,1.44,1478,2.53,810474,Y4,,,0,17.980,clean
78,7,0,1.47,1,2.27,42737,Y2,,,0,17.409,clean
78,8,0,1.40,1,2.34,676095,Y2,,,0,16.746,clean
78,9,0,1.74,1,2.51,1451075,Y2,,,0,16.268,clean
78,10,0,1.50,1,2.33,701219,Y2,,,0,16.220,clean
78,11,0,1.43,1,2.31,1050979,Y2,,,0,16.633,clean
78,12,0,1.48,1,2.30,779897,Y2,,,0,16.889,clean
78,13,0,1.42,1,2.60,1104176,Y4,,,0,16.706,clean
78,14,0,1.38,1500,2.51,1415044,Y2,,,0,16.218,clean
78,15,0,1.58,1,2.21,208139,Y4,,,0,15.949,clean
78,16,0,1.56,1,2.44,101388,Y4,,,0,16.191,clean
78,17,0,1.32,1,2.42,1026750,Y2,,,0,16.857,clean
78,18,0,1.60,722,2.34,134468,Y4,,,0,19.246,clean
78,19,0,1.51,1,2.52,1247227,Y4,,,0,17.207,clean
78,20,0,1.66,1,2.71,537336,Y4,,,0,16.360,clean
78,21,0,1.74,1,2.61,1091927,Y2,,,0,15.638,clean
78,22,0,1.82,1,2.49,287533,Y4,,,0,15.424,clean
78,23,0,1.46,1,2.25,503182,Y2,,,0,15.736,clean
78,24,0,1.46,1,2.67,988126,Y4,,,0,16.132,clean
78,25,0,2.02,204,2.45,491291,Y4,,,0,15.997,clean
78,26,0,1.65,1,2.65,1028001,Y4,,,0,15.407,clean
78,27,0,1.55,1,2.36,1404405,Y2,,,0,14.989,clean
78,28,0,1.67,1,2.28,30667,Y2,,,0,14.428,clean
78,29,0,1.50,279,2.74,497460,Y4,,,0,14.678,clean
78,30,0,1.83,1,2.49,719726,Y4,,,0,15.030,clean
78,31,0,1.69,1,2.35,241578,Y4,,,0,14.979,clean
78,32,0,1.35,1127,2.45,477165,Y2,,,0,14.402,clean
78,33,0,1.68,1,2.32,944763,Y2,,,0,13.830,clean
78,34,0,1.74,1,2.32,1099080,Y2,,,0,13.629,clean
78,35,0,1.81,1,2.83,1099706,Y2,,,0,14.002,clean
78,36,0,1.57,1,2.54,245959,Y4,,,0,14.555,clean
78,37,0,1.76,1,2.26,88155,Y2,,,0,14.633,clean
78,38,0,1.92,1,2.53,733048,Y2,,,0,14.175,clean
78,39,0,1.87,1,2.47,687629,Y4,,,0,13.500,clean
78,40,0,1.63,1,2.25,360131,Y4,,,0,13.195,clean
78,41,0,1.65,1,2.36,440329,Y4,,,0,13.425,clean
78,42,0,1.56,1,2.46,661790,Y4,,,0,13.859,clean
78,43,0,1.72,1,2.36,74834,Y2,,,0,14.112,clean
78,44,0,1.88,1,2.50,868410,Y4,,,0,13.622,clean
78,45,0,1.92,1,2.51,1246333,Y4,,,0,12.788,clean
78,46,0,1.97,1,2.37,930905,Y2,,,0,12.259,clean
78,47,0,1.91,1,2.47,42915,Y4,,,0,12.141,clean
78,48,0,1.74,1,2.38,168532,Y2,,,0,12.323,clean
78,49,0,2.02,1,2.26,625491,Y2,,,0,12.421,clean
78,50,0,2.18,1,2.48,1431048,Y4,,,0,11.938,clean
78,51,0,1.96,1,2.29,222445,Y2,,,0,11.072,clean
78,52,0,2.38,1,2.52,56416,Y2,,,0,10.288,clean
78,53,0,2.44,1,2.60,184715,Y4,,,0,9.754,clean
78,54,0,2.41,1,2.39,164419,Y4,,,0,9.359,clean
78,55,0,3.11,1,2.29,544488,Y4,0.00/noise-like,0.00/noise-like,0,8.865,hump-note
78,56,0,2.57,1,2.50,566661,Y4,0.00/noise-like,0.00/noise-like,0,7.949,hump-note
78,57,0,0,-1,0,0,-,,,0,6.781,QUARANTINE:dark-lane range=57 distinct=58
78,58,0,0,-1,0,0,-,,,0,5.729,QUARANTINE:dark-lane range=51 distinct=51
78,59,0,0,-1,0,0,-,,,0,4.879,QUARANTINE:dark-lane range=41 distinct=42
78,60,0,0,-1,0,0,-,,,0,4.160,QUARANTINE:dark-lane range=36 distinct=36
78,61,0,0,-1,0,0,-,,,0,3.561,QUARANTINE:dark-lane range=29 distinct=30
78,62,0,0,-1,0,0,-,,,0,2.954,QUARANTINE:dark-lane range=24 distinct=25
78,63,0,0,-1,0,0,-,,,0,2.402,QUARANTINE:dark-lane range=21 distinct=22
79,0,0,1.37,264,2.49,81450,Y4,,,0,20.735,clean
79,1,0,1.64,1,2.45,1006901,Y2,,,0,19.584,clean
79,2,0,1.48,1,2.40,352174,Y2,,,0,18.603,clean
79,3,0,1.56,1,2.36,197411,Y2,,,0,17.975,clean
79,4,0,1.44,441,2.41,165761,Y4,,,0,17.862,clean
79,5,0,1.32,1046,2.28,1245081,Y4,,,0,18.032,clean
79,6,0,1.41,1,2.47,105411,Y2,,,0,18.016,clean
79,7,0,1.37,1,2.34,394553,Y4,,,0,17.457,clean
79,8,0,1.36,579,2.38,309527,Y2,,,0,16.760,clean
79,9,0,1.60,1,2.48,530899,Y4,,,0,16.209,clean
79,10,0,1.59,1,2.48,509262,Y2,,,0,16.227,clean
79,11,0,1.49,1,2.63,229776,Y2,,,0,16.639,clean
79,12,0,1.50,1,2.42,1125723,Y4,,,0,16.847,clean
79,13,0,1.68,1,2.45,46402,Y4,,,0,16.729,clean
79,14,0,1.55,1,2.56,1374006,Y4,,,0,16.213,clean
79,15,0,1.39,1589,2.68,1209766,Y4,,,0,15.926,clean
79,16,0,1.52,1,2.36,939667,Y2,,,0,16.218,clean
79,17,0,1.47,1,2.55,642478,Y4,,,0,16.846,clean
79,18,0,1.52,636,2.51,427365,Y2,,,0,19.224,clean
79,19,0,1.49,1,2.58,127673,Y2,,,0,17.243,clean
79,20,0,1.56,1,2.36,846773,Y2,,,0,16.337,clean
79,21,0,1.43,195,2.40,1018167,Y2,,,0,15.616,clean
79,22,0,1.71,1,2.38,41574,Y4,,,0,15.409,clean
79,23,0,1.59,1,2.67,112921,Y4,,,0,15.736,clean
79,24,0,1.49,1,2.32,1053661,Y2,,,0,16.148,clean
79,25,0,1.84,204,2.97,894,Y4,,,2,15.987,clean
79,26,0,1.57,1,2.54,1323849,Y2,,,0,15.408,clean
79,27,0,1.53,611,2.45,629336,Y2,,,0,14.954,clean
79,28,0,1.51,1,2.62,84579,Y4,,,0,14.455,clean
79,29,0,1.53,1,2.43,544041,Y2,,,0,14.662,clean
79,30,0,1.38,1,2.31,1289427,Y2,,,0,15.028,clean
79,31,0,1.63,1,2.35,1336366,Y4,,,0,14.984,clean
79,32,0,1.40,1095,2.51,183374,Y2,,,0,14.393,clean
79,33,0,1.60,1,2.37,1191437,Y2,,,0,13.831,clean
79,34,0,1.88,1,2.43,1395285,Y2,,,0,13.653,clean
79,35,0,1.79,1,2.50,1165688,Y4,,,0,13.988,clean
79,36,0,1.57,1,2.41,1087546,Y4,,,0,14.537,clean
79,37,0,1.59,1,2.30,152260,Y4,,,0,14.677,clean
79,38,0,1.67,1,2.41,462681,Y4,,,0,14.208,clean
79,39,0,1.80,1,2.79,242829,Y2,,,0,13.523,clean
79,40,0,1.81,1,2.32,1395553,Y2,,,0,13.204,clean
79,41,0,1.68,1,2.31,986069,Y4,,,0,13.398,clean
79,42,0,1.61,1,2.44,530809,Y4,,,0,13.895,clean
79,43,0,1.55,1,2.37,1341999,Y2,,,0,14.128,clean
79,44,0,1.87,1,2.55,1401544,Y4,,,0,13.602,clean
79,45,0,1.77,1,2.46,1314461,Y4,,,0,12.801,clean
79,46,0,1.78,1,2.50,97990,Y2,,,0,12.268,clean
79,47,0,1.90,1,2.34,474304,Y4,,,0,12.142,clean
79,48,0,1.70,1,2.41,386506,Y4,,,0,12.337,clean
79,49,0,1.79,1,2.21,103354,Y2,,,0,12.411,clean
79,50,0,1.77,1,2.46,1419783,Y2,,,0,11.916,clean
79,51,0,2.25,1,2.55,586510,Y2,,,0,11.075,clean
79,52,0,2.17,1,2.37,796974,Y4,,,0,10.281,clean
79,53,0,2.55,1,2.51,1085490,Y4,0.24/noise-like,0.00/noise-like,0,9.729,hump-note
79,54,0,2.30,1,3.13,255525,Y4,0.00/noise-like,0.00/noise-like,0,9.364,FAM-HIT
79,55,0,3.10,1,2.38,279218,Y4,0.00/noise-like,0.00/noise-like,0,8.859,hump-note
79,56,0,3.20,1,2.55,107378,Y2,0.00/noise-like,0.00/noise-like,0,7.950,hump-note
79,57,0,0,-1,0,0,-,,,10,6.791,QUARANTINE:dark-lane range=57 distinct=56
79,58,0,0,-1,0,0,-,,,0,5.739,QUARANTINE:dark-lane range=53 distinct=50
79,59,0,0,-1,0,0,-,,,0,4.879,QUARANTINE:dark-lane range=41 distinct=42
79,60,0,0,-1,0,0,-,,,0,4.164,QUARANTINE:dark-lane range=38 distinct=37
79,61,0,0,-1,0,0,-,,,0,3.565,QUARANTINE:dark-lane range=32 distinct=32
79,62,0,0,-1,0,0,-,,,0,2.957,QUARANTINE:dark-lane range=26 distinct=27
79,63,0,0,-1,0,0,-,,,0,2.401,QUARANTINE:dark-lane range=22 distinct=22
80,0,0,1.32,386,2.40,383735,Y2,,,0,20.737,clean
80,1,0,1.45,1476,2.50,907034,Y4,,,0,19.609,clean
80,2,0,1.64,1,2.82,124991,Y4,,,0,18.583,clean
80,3,0,1.44,1,2.55,394285,Y4,,,0,17.986,clean
80,4,0,1.58,1,2.39,723839,Y4,,,0,17.844,clean
80,5,0,1.39,1055,2.32,875294,Y2,,,0,18.099,clean
80,6,0,1.40,1,2.46,1094073,Y2,,,0,17.983,clean
80,7,0,1.42,145,2.31,1202703,Y4,,,0,17.446,clean
80,8,0,1.42,1,2.61,199109,Y4,,,0,16.726,clean
80,9,0,1.69,1,2.30,212520,Y4,,,0,16.233,clean
80,10,0,1.51,1,2.55,1272708,Y4,,,0,16.251,clean
80,11,0,1.62,1,2.32,280470,Y4,,,0,16.621,clean
80,12,0,1.39,1,2.34,486106,Y2,,,0,16.891,clean
80,13,0,1.47,1,2.68,838548,Y4,,,0,16.711,clean
80,14,0,1.42,303,2.43,404924,Y4,,,0,16.196,clean
80,15,0,1.71,1,2.36,501662,Y4,,,0,15.889,clean
80,16,0,1.47,1,2.34,1143605,Y4,,,0,16.215,clean
80,17,0,1.50,1,2.42,387043,Y2,,,0,16.871,clean
80,18,0,1.59,714,2.29,1246870,Y2,,,0,19.186,clean
80,19,0,1.62,1,2.36,413150,Y4,,,0,17.251,clean
80,20,0,1.41,950,2.31,87976,Y2,,,0,16.386,clean
80,21,0,1.59,1,2.45,1333505,Y4,,,0,15.639,clean
80,22,0,1.88,1,2.46,1110524,Y2,,,0,15.401,clean
80,23,0,1.73,1,2.40,175595,Y4,,,0,15.711,clean
80,24,0,1.40,854,2.35,543952,Y2,,,0,16.136,clean
80,25,0,2.05,204,4.61,83774,Y4,0.00/noise-like,0.00/noise-like,4,16.031,FAM-HIT
80,26,0,1.52,1,2.20,579178,Y2,,,0,15.379,clean
80,27,0,1.92,1,2.35,1388133,Y4,,,0,14.975,clean
80,28,0,1.52,1,2.64,678509,Y4,,,0,14.463,clean
80,29,0,1.66,1,2.26,197321,Y2,,,0,14.669,clean
80,30,0,1.43,982,2.37,335723,Y2,,,0,15.031,clean
80,31,0,1.40,1,2.37,169516,Y4,,,0,14.979,clean
80,32,0,1.36,330,2.42,824511,Y2,,,0,14.405,clean
80,33,0,1.72,1,2.42,1106411,Y4,,,0,13.811,clean
80,34,0,1.63,1,2.44,320077,Y4,,,0,13.644,clean
80,35,0,1.54,1,2.38,42379,Y2,,,0,14.031,clean
80,36,0,1.50,1,2.59,145018,Y2,,,0,14.557,clean
80,37,0,1.70,1,2.35,325531,Y2,,,0,14.668,clean
80,38,0,1.74,1,2.34,158340,Y2,,,0,14.177,clean
80,39,0,1.60,1,2.42,489146,Y2,,,0,13.523,clean
80,40,0,1.75,1,2.76,720173,Y4,,,0,13.200,clean
80,41,0,1.69,1,2.49,1311153,Y2,,,0,13.417,clean
80,42,0,1.61,1,2.93,506401,Y2,,,0,13.921,clean
80,43,0,1.51,1,2.73,1116246,Y2,,,0,14.104,clean
80,44,0,1.67,1,2.39,769883,Y4,,,0,13.628,clean
80,45,0,1.72,1,2.39,609130,Y2,,,0,12.799,clean
80,46,0,1.75,1,2.28,46760,Y2,,,0,12.266,clean
80,47,0,1.88,1,2.53,112563,Y4,,,0,12.146,clean
80,48,0,1.74,1,2.59,871807,Y4,,,0,12.342,clean
80,49,0,2.05,1,2.38,319451,Y2,,,0,12.435,clean
80,50,0,1.91,1,2.52,1087368,Y4,,,0,11.964,clean
80,51,0,2.18,1,2.25,917852,Y2,,,0,11.092,clean
80,52,0,2.25,1,2.43,580788,Y4,,,0,10.289,clean
80,53,0,2.83,1,2.43,621468,Y4,0.00/noise-like,0.24/noise-like,0,9.744,hump-note
80,54,0,2.48,1,2.45,1458496,Y2,,,0,9.350,clean
80,55,0,2.19,1,2.39,36031,Y2,,,0,8.855,clean
80,56,0,3.15,1,2.29,1181424,Y2,0.00/noise-like,0.00/noise-like,0,7.948,hump-note
80,57,0,0,-1,0,0,-,,,13,6.794,QUARANTINE:dark-lane range=56 distinct=57
80,58,0,0,-1,0,0,-,,,0,5.729,QUARANTINE:dark-lane range=48 distinct=49
80,59,0,0,-1,0,0,-,,,0,4.876,QUARANTINE:dark-lane range=46 distinct=45
80,60,0,0,-1,0,0,-,,,0,4.160,QUARANTINE:dark-lane range=37 distinct=36
80,61,0,0,-1,0,0,-,,,0,3.557,QUARANTINE:dark-lane range=34 distinct=32
80,62,0,0,-1,0,0,-,,,0,2.960,QUARANTINE:dark-lane range=27 distinct=27
80,63,0,0,-1,0,0,-,,,0,2.402,QUARANTINE:dark-lane range=20 distinct=21
81,0,0,1.36,470,2.44,797063,Y4,,,0,20.730,clean
81,1,0,1.48,1,2.41,2503,Y4,,,0,19.605,clean
81,2,0,1.37,1326,2.60,646949,Y2,,,0,18.610,clean
81,3,0,1.30,466,2.51,888079,Y2,,,0,17.973,clean
81,4,0,1.69,1,2.26,49531,Y4,,,0,17.839,clean
81,5,0,1.65,1,2.35,399917,Y4,,,0,18.053,clean
81,6,0,1.43,864,2.28,232279,Y4,,,0,18.017,clean
81,7,0,1.49,1,2.49,76443,Y4,,,1,17.453,clean
81,8,0,1.35,1526,2.37,200003,Y4,,,0,16.726,clean
81,9,0,1.67,1,2.57,337422,Y2,,,0,16.249,clean
81,10,0,1.54,1,2.41,86546,Y2,,,0,16.260,clean
81,11,0,1.54,1,2.34,1216382,Y4,,,0,16.651,clean
81,12,0,1.38,392,2.40,1105160,Y2,,,0,16.883,clean
81,13,0,1.42,1,2.69,70006,Y4,,,0,16.722,clean
81,14,0,1.43,1,2.29,490218,Y2,,,0,16.233,clean
81,15,0,1.39,816,2.36,90659,Y4,,,0,15.914,clean
81,16,0,1.45,1,2.49,174969,Y2,,,0,16.229,clean
81,17,0,1.37,258,2.68,543684,Y2,,,0,16.851,clean
81,18,0,1.59,736,2.35,461161,Y4,,,0,19.224,clean
81,19,0,1.52,1,2.58,17434,Y2,,,0,17.262,clean
81,20,0,1.41,1,2.47,360936,Y4,,,0,16.373,clean
81,21,0,1.65,1,2.31,508100,Y2,,,0,15.651,clean
81,22,0,1.47,1,2.73,463933,Y4,,,0,15.417,clean
81,23,0,1.55,1,2.28,1312137,Y2,,,0,15.739,clean
81,24,0,1.45,744,2.42,7153,Y4,,,0,16.121,clean
81,25,0,2.06,204,7.17,3487,Y4,0.00/noise-like,0.00/noise-like,18,16.059,FAM-HIT
81,26,0,1.64,1,2.41,1421303,Y4,,,0,15.405,clean
81,27,0,1.69,1,2.25,1341,Y2,,,0,14.952,clean
81,28,0,1.84,1,2.44,618070,Y2,,,0,14.460,clean
81,29,0,1.48,1,2.73,342160,Y2,,,0,14.677,clean
81,30,0,1.69,1,2.42,402510,Y4,,,0,15.020,clean
81,31,0,1.83,1,2.37,865281,Y2,,,0,14.990,clean
81,32,0,1.36,192,2.61,681818,Y4,,,0,14.397,clean
81,33,0,1.58,1,2.36,347435,Y4,,,0,13.823,clean
81,34,0,1.60,1,2.34,761747,Y2,,,0,13.676,clean
81,35,0,1.90,1,2.20,1055539,Y2,,,0,14.028,clean
81,36,0,1.66,1,2.51,660539,Y2,,,0,14.562,clean
81,37,0,1.49,1,2.53,596255,Y2,,,0,14.675,clean
81,38,0,1.51,1,2.33,36925,Y2,,,0,14.188,clean
81,39,0,1.98,1,2.43,329375,Y2,,,0,13.516,clean
81,40,0,1.47,1,2.42,734478,Y2,,,0,13.182,clean
81,41,0,1.91,1,2.34,628889,Y4,,,0,13.414,clean
81,42,0,1.70,1,2.42,95040,Y4,,,0,13.875,clean
81,43,0,1.82,1,2.38,346810,Y4,,,0,14.136,clean
81,44,0,1.71,1,2.44,443906,Y2,,,0,13.621,clean
81,45,0,1.96,1,2.36,790179,Y2,,,0,12.791,clean
81,46,0,1.78,1,2.41,419766,Y2,,,0,12.254,clean
81,47,0,2.10,1,2.30,1068681,Y4,,,0,12.154,clean
81,48,0,1.90,1,2.69,437200,Y2,,,0,12.322,clean
81,49,0,1.91,1,2.36,203043,Y4,,,0,12.416,clean
81,50,0,2.14,1,2.77,796616,Y4,,,0,11.926,clean
81,51,0,2.10,1,2.46,1081288,Y4,,,0,11.073,clean
81,52,0,2.06,1,2.54,660360,Y2,,,0,10.296,clean
81,53,0,2.64,1,2.31,1074314,Y4,0.00/noise-like,0.24/noise-like,0,9.739,hump-note
81,54,0,2.39,1,2.53,442475,Y2,,,0,9.369,clean
81,55,0,2.72,1,3.21,693262,Y4,0.00/noise-like,0.00/noise-like,0,8.877,FAM-HIT
81,56,0,3.10,1,2.52,1288712,Y2,0.00/noise-like,0.24/noise-like,0,7.956,hump-note
81,57,0,0,-1,0,0,-,,,36,6.825,QUARANTINE:dark-lane range=62 distinct=58
81,58,0,0,-1,0,0,-,,,0,5.750,QUARANTINE:dark-lane range=48 distinct=49
81,59,0,0,-1,0,0,-,,,0,4.879,QUARANTINE:dark-lane range=39 distinct=40
81,60,0,0,-1,0,0,-,,,0,4.173,QUARANTINE:dark-lane range=34 distinct=35
81,61,0,0,-1,0,0,-,,,0,3.563,QUARANTINE:dark-lane range=31 distinct=32
81,62,0,0,-1,0,0,-,,,0,2.960,QUARANTINE:dark-lane range=28 distinct=28
81,63,0,0,-1,0,0,-,,,0,2.403,QUARANTINE:dark-lane range=20 distinct=21
82,0,0,1.42,1,2.41,450701,Y4,,,0,20.753,clean
82,1,0,1.40,1,2.40,1008153,Y4,,,0,19.624,clean
82,2,0,1.49,1,2.70,651509,Y4,,,0,18.547,clean
82,3,0,1.76,1,2.41,1457423,Y2,,,0,17.997,clean
82,4,0,1.51,1,2.54,536978,Y4,,,0,17.834,clean
82,5,0,1.45,1,2.32,1154870,Y2,,,0,18.080,clean
82,6,0,1.66,1,2.48,24766,Y2,,,0,17.988,clean
82,7,0,1.63,1,2.72,343591,Y4,,,0,17.403,clean
82,8,0,1.57,1,2.52,673950,Y2,,,0,16.719,clean
82,9,0,1.51,1,2.36,1134932,Y2,,,0,16.258,clean
82,10,0,1.38,1,2.67,692278,Y2,,,0,16.247,clean
82,11,0,1.47,1,2.35,725180,Y4,,,0,16.627,clean
82,12,0,1.59,1,2.39,677973,Y2,,,0,16.859,clean
82,13,0,1.57,1,2.35,233710,Y4,,,0,16.703,clean
82,14,0,1.81,1,2.39,320792,Y4,,,0,16.177,clean
82,15,0,1.62,1,2.44,696123,Y2,,,0,15.934,clean
82,16,0,1.34,1,2.39,763357,Y4,,,0,16.220,clean
82,17,0,1.65,1,2.27,1325101,Y2,,,0,16.864,clean
82,18,0,1.54,1,2.58,1355231,Y4,,,0,19.204,clean
82,19,0,1.42,1,2.33,747085,Y4,,,0,17.221,clean
82,20,0,1.68,1,2.57,339478,Y2,,,0,16.341,clean
82,21,0,1.55,1,2.37,318378,Y4,,,0,15.612,clean
82,22,0,1.49,1,2.42,121325,Y4,,,0,15.421,clean
82,23,0,1.69,1,2.43,1221836,Y2,,,0,15.748,clean
82,24,0,1.52,1,2.46,351369,Y4,,,0,16.114,clean
82,25,0,1.94,204,2.55,81271,Y2,,,0,15.993,clean
82,26,0,1.82,1,2.37,15378,Y2,,,0,15.401,clean
82,27,0,1.57,627,2.58,30756,Y2,,,0,14.984,clean
82,28,0,1.59,1,2.39,321865,Y4,,,0,14.475,clean
82,29,0,1.50,1,2.28,854284,Y4,,,0,14.672,clean
82,30,0,1.81,1,2.58,403941,Y4,,,0,15.054,clean
82,31,0,1.73,1,2.40,108361,Y4,,,0,14.969,clean
82,32,0,1.35,1195,2.52,1013249,Y2,,,0,14.426,clean
82,33,0,1.62,1,2.47,650793,Y2,,,0,13.826,clean
82,34,0,1.68,1,2.55,718921,Y2,,,0,13.659,clean
82,35,0,1.49,1,2.47,672251,Y2,,,0,14.015,clean
82,36,0,1.53,1,2.37,263751,Y4,,,0,14.535,clean
82,37,0,1.65,1,2.25,769794,Y2,,,0,14.666,clean
82,38,0,1.49,1,2.50,565499,Y2,,,0,14.172,clean
82,39,0,1.83,1,2.76,1453668,Y2,,,0,13.519,clean
82,40,0,1.68,1,2.34,383466,Y4,,,0,13.205,clean
82,41,0,1.79,1,2.64,1284152,Y4,,,0,13.422,clean
82,42,0,1.60,1,2.34,1132965,Y2,,,0,13.870,clean
82,43,0,1.73,1,2.32,542432,Y2,,,0,14.099,clean
82,44,0,1.65,1,2.38,164866,Y2,,,0,13.619,clean
82,45,0,1.75,1,2.54,199378,Y2,,,0,12.791,clean
82,46,0,1.47,1,2.20,166833,Y2,,,0,12.273,clean
82,47,0,1.73,1,2.25,271529,Y4,,,0,12.150,clean
82,48,0,1.84,1,2.46,1245528,Y4,,,0,12.316,clean
82,49,0,2.08,1,2.46,736088,Y4,,,0,12.411,clean
82,50,0,1.89,1,2.43,160664,Y4,,,0,11.939,clean
82,51,0,2.34,1,2.26,116676,Y2,,,0,11.072,clean
82,52,0,2.31,1,2.38,1358002,Y2,,,0,10.294,clean
82,53,0,2.45,1,2.33,1255900,Y2,,,0,9.737,clean
82,54,0,2.39,1,2.31,157982,Y4,,,0,9.367,clean
82,55,0,2.67,1,2.49,536978,Y2,0.00/noise-like,0.24/noise-like,0,8.865,hump-note
82,56,0,3.18,1,2.59,1349866,Y4,0.00/noise-like,0.00/noise-like,0,7.952,hump-note
82,57,0,0,-1,0,0,-,,,0,6.785,QUARANTINE:dark-lane range=55 distinct=56
82,58,0,0,-1,0,0,-,,,0,5.747,QUARANTINE:dark-lane range=53 distinct=52
82,59,0,0,-1,0,0,-,,,0,4.886,QUARANTINE:dark-lane range=42 distinct=42
82,60,0,0,-1,0,0,-,,,0,4.168,QUARANTINE:dark-lane range=35 distinct=36
82,61,0,0,-1,0,0,-,,,0,3.560,QUARANTINE:dark-lane range=32 distinct=32
82,62,0,0,-1,0,0,-,,,0,2.956,QUARANTINE:dark-lane range=26 distinct=27
82,63,0,0,-1,0,0,-,,,0,2.397,QUARANTINE:dark-lane range=20 distinct=21
83,0,0,1.64,1,2.37,1350403,Y4,,,0,20.740,clean
83,1,0,1.47,1,2.31,383824,Y2,,,0,19.589,clean
83,2,0,1.75,1,2.43,622183,Y4,,,0,18.543,clean
83,3,0,1.39,1,2.52,1060367,Y4,,,0,17.963,clean
83,4,0,1.48,1,2.59,1007169,Y4,,,0,17.848,clean
83,5,0,1.47,1,2.36,320524,Y2,,,0,18.054,clean
83,6,0,1.62,1,2.43,688165,Y4,,,0,17.979,clean
83,7,0,1.44,1,2.36,1431137,Y2,,,0,17.416,clean
83,8,0,1.59,1,2.27,37104,Y4,,,0,16.758,clean
83,9,0,1.59,1,2.26,671625,Y2,,,0,16.224,clean
83,10,0,1.40,435,2.33,1021296,Y2,,,0,16.246,clean
83,11,0,1.65,1,2.47,908732,Y2,,,0,16.641,clean
83,12,0,1.64,1,2.51,1415402,Y4,,,0,16.880,clean
83,13,0,1.45,1,2.80,591874,Y2,,,0,16.678,clean
83,14,0,1.46,1,2.38,1334846,Y2,,,0,16.209,clean
83,15,0,1.39,1,2.40,19401,Y2,,,0,15.896,clean
83,16,0,1.67,1,2.33,848204,Y4,,,0,16.209,clean
83,17,0,1.39,1,2.51,1036227,Y4,,,0,16.857,clean
83,18,0,1.65,746,2.73,127673,Y4,,,0,19.212,clean
83,19,0,1.46,1,2.23,932246,Y2,,,0,17.269,clean
83,20,0,1.56,1,2.68,585884,Y4,,,0,16.350,clean
83,21,0,1.34,1057,2.38,741720,Y4,,,0,15.610,clean
83,22,0,1.57,1,2.46,134647,Y4,,,0,15.389,clean
83,23,0,1.62,1,2.41,1273155,Y2,,,0,15.750,clean
83,24,0,1.72,1,2.37,188023,Y4,,,0,16.137,clean
83,25,0,2.30,204,2.46,281096,Y2,,,0,16.005,clean
83,26,0,1.43,1,2.38,699073,Y4,,,0,15.411,clean
83,27,0,1.68,622,2.57,504166,Y4,,,0,14.966,clean
83,28,0,1.62,1,2.35,265002,Y4,,,0,14.458,clean
83,29,0,1.67,1,2.51,591248,Y2,,,0,14.674,clean
83,30,0,1.42,1,2.70,1180172,Y4,,,0,15.001,clean
83,31,0,1.56,1,2.48,490040,Y4,,,0,14.994,clean
83,32,0,1.40,1115,2.45,1046419,Y4,,,0,14.424,clean
83,33,0,1.99,1,2.34,951558,Y2,,,0,13.790,clean
83,34,0,1.66,1,2.62,314891,Y4,,,0,13.631,clean
83,35,0,1.87,1,2.21,1233280,Y2,,,0,14.035,clean
83,36,0,1.63,1,2.35,754327,Y4,,,0,14.562,clean
83,37,0,1.70,1,2.22,541270,Y2,,,0,14.642,clean
83,38,0,1.63,1,2.37,47565,Y2,,,0,14.200,clean
83,39,0,1.61,1,2.56,247121,Y2,,,0,13.539,clean
83,40,0,1.88,1,2.35,856966,Y4,,,0,13.202,clean
83,41,0,1.78,1,2.37,647932,Y2,,,0,13.390,clean
83,42,0,1.83,1,2.46,798494,Y4,,,0,13.879,clean
83,43,0,1.76,1,2.91,761211,Y4,,,0,14.113,clean
83,44,0,1.79,1,2.65,1180619,Y2,,,0,13.624,clean
83,45,0,1.84,1,2.34,785261,Y4,,,0,12.784,clean
83,46,0,1.84,1,2.43,1396984,Y2,,,0,12.256,clean
83,47,0,1.89,1,2.48,1436323,Y4,,,0,12.124,clean
83,48,0,2.02,1,2.64,275105,Y4,,,0,12.333,clean
83,49,0,1.99,1,2.41,817001,Y4,,,0,12.416,clean
83,50,0,2.30,1,2.44,1425147,Y4,,,0,11.932,clean
83,51,0,2.38,1,2.54,1344860,Y4,,,0,11.084,clean
83,52,0,2.54,1,2.43,54538,Y2,0.00/noise-like,0.00/noise-like,0,10.275,hump-note
83,53,0,2.39,1,2.57,189632,Y2,,,0,9.735,clean
83,54,0,2.56,1,2.32,653654,Y2,0.00/noise-like,0.00/noise-like,0,9.373,hump-note
83,55,0,2.70,1,2.32,82880,Y4,0.00/noise-like,0.00/noise-like,0,8.874,hump-note
83,56,0,2.99,1,2.34,95665,Y2,0.24/noise-like,0.00/noise-like,0,7.955,hump-note
83,57,0,0,-1,0,0,-,,,0,6.781,QUARANTINE:dark-lane range=59 distinct=57
83,58,0,0,-1,0,0,-,,,0,5.740,QUARANTINE:dark-lane range=50 distinct=49
83,59,0,0,-1,0,0,-,,,0,4.882,QUARANTINE:dark-lane range=45 distinct=44
83,60,0,0,-1,0,0,-,,,0,4.158,QUARANTINE:dark-lane range=36 distinct=37
83,61,0,0,-1,0,0,-,,,0,3.556,QUARANTINE:dark-lane range=29 distinct=30
83,62,0,0,-1,0,0,-,,,0,2.952,QUARANTINE:dark-lane range=25 distinct=26
83,63,0,0,-1,0,0,-,,,0,2.399,QUARANTINE:dark-lane range=21 distinct=22
84,0,0,1.74,1,2.32,951469,Y4,,,0,20.715,clean
84,1,0,1.40,1545,2.58,644177,Y2,,,0,19.584,clean
84,2,0,1.53,1,2.28,1387864,Y4,,,0,18.594,clean
84,3,0,1.61,1,2.54,1346111,Y4,,,0,17.961,clean
84,4,0,1.56,1,2.51,432909,Y2,,,0,17.835,clean
84,5,0,1.36,717,2.53,441760,Y4,,,0,18.040,clean
84,6,0,1.60,1478,2.31,87351,Y2,,,0,17.980,clean
84,7,0,1.51,1,2.48,527680,Y4,,,0,17.439,clean
84,8,0,1.48,1,2.41,1044720,Y2,,,0,16.766,clean
84,9,0,1.41,1,2.45,881374,Y4,,,0,16.217,clean
84,10,0,1.57,1,2.45,875920,Y2,,,0,16.263,clean
84,11,0,1.42,1318,2.36,1135111,Y2,,,0,16.650,clean
84,12,0,1.47,1,2.33,1264304,Y4,,,0,16.889,clean
84,13,0,1.55,1,2.34,399202,Y2,,,0,16.711,clean
84,14,0,1.53,1,2.49,818878,Y4,,,0,16.210,clean
84,15,0,1.40,1,2.53,1225501,Y4,,,0,15.906,clean
84,16,0,2.06,1,2.42,884593,Y4,,,0,16.204,clean
84,17,0,1.58,1,2.40,120163,Y4,,,0,16.877,clean
84,18,0,1.62,871,2.30,140727,Y2,,,0,19.206,clean
84,19,0,1.48,1,2.57,937343,Y2,,,0,17.268,clean
84,20,0,1.53,1,2.70,73850,Y4,,,0,16.363,clean
84,21,0,1.58,1,2.98,863403,Y2,,,0,15.627,clean
84,22,0,1.68,1,2.38,638008,Y4,,,0,15.391,clean
84,23,0,1.74,1,2.40,301123,Y2,,,0,15.739,clean
84,24,0,1.57,1,2.35,122309,Y4,,,0,16.111,clean
84,25,0,2.22,204,5.27,6706,Y4,0.00/noise-like,0.00/noise-like,6,16.009,FAM-HIT
84,26,0,1.44,1,2.32,1277000,Y2,,,0,15.385,clean
84,27,0,1.63,613,2.54,559777,Y2,,,0,14.967,clean
84,28,0,1.56,1,2.60,298172,Y2,,,0,14.423,clean
84,29,0,1.76,1,2.68,28163,Y2,,,0,14.679,clean
84,30,0,1.41,1,2.49,172734,Y4,,,0,15.039,clean
84,31,0,1.71,1,2.18,481457,Y2,,,0,14.977,clean
84,32,0,1.32,1502,2.55,757277,Y4,,,0,14.408,clean
84,33,0,1.69,1,2.32,283509,Y4,,,0,13.798,clean
84,34,0,1.55,1,2.28,1245797,Y4,,,0,13.642,clean
84,35,0,1.89,1,2.37,97901,Y2,,,0,14.030,clean
84,36,0,1.79,1,2.32,994384,Y4,,,0,14.555,clean
84,37,0,1.47,1,2.42,310957,Y2,,,0,14.651,clean
84,38,0,1.79,1,2.53,119627,Y2,,,0,14.179,clean
84,39,0,1.98,1,2.40,228435,Y2,,,0,13.512,clean
84,40,0,1.78,1,2.50,1392245,Y4,,,0,13.225,clean
84,41,0,1.68,1,2.49,279397,Y4,,,0,13.427,clean
84,42,0,1.45,474,2.40,165939,Y2,,,0,13.887,clean
84,43,0,1.59,1,2.40,1408875,Y2,,,0,14.133,clean
84,44,0,1.66,1,2.31,1410216,Y2,,,0,13.595,clean
84,45,0,2.09,1,2.55,5275,Y2,,,0,12.802,clean
84,46,0,2.01,1,2.30,1311958,Y2,,,0,12.286,clean
84,47,0,1.76,1,2.38,425667,Y4,,,0,12.134,clean
84,48,0,1.85,1,2.33,796884,Y2,,,0,12.351,clean
84,49,0,2.33,1,2.52,359863,Y2,,,0,12.420,clean
84,50,0,2.12,1,2.32,1058221,Y4,,,0,11.938,clean
84,51,0,2.13,1,2.54,1041502,Y2,,,0,11.087,clean
84,52,0,2.07,1,2.32,1228273,Y4,,,0,10.288,clean
84,53,0,2.38,1,2.48,741988,Y2,,,0,9.728,clean
84,54,0,2.46,1,2.36,283152,Y2,,,0,9.352,clean
84,55,0,3.05,1,2.30,1362562,Y2,0.00/noise-like,0.24/noise-like,0,8.867,hump-note
84,56,0,3.12,1,2.35,973910,Y4,0.00/noise-like,0.24/noise-like,0,7.947,hump-note
84,57,0,0,-1,0,0,-,,,17,6.814,QUARANTINE:dark-lane range=55 distinct=56
84,58,0,0,-1,0,0,-,,,0,5.749,QUARANTINE:dark-lane range=49 distinct=50
84,59,0,0,-1,0,0,-,,,0,4.892,QUARANTINE:dark-lane range=42 distinct=42
84,60,0,0,-1,0,0,-,,,0,4.167,QUARANTINE:dark-lane range=35 distinct=36
84,61,0,0,-1,0,0,-,,,0,3.563,QUARANTINE:dark-lane range=32 distinct=32
84,62,0,0,-1,0,0,-,,,0,2.952,QUARANTINE:dark-lane range=26 distinct=27
84,63,0,0,-1,0,0,-,,,0,2.400,QUARANTINE:dark-lane range=20 distinct=21
85,0,0,1.43,515,2.36,277698,Y4,,,0,20.724,clean
85,1,0,1.33,736,2.45,1457781,Y4,,,0,19.582,clean
85,2,0,1.50,1,2.35,903189,Y2,,,0,18.596,clean
85,3,0,1.52,1,2.40,204384,Y2,,,0,17.975,clean
85,4,0,1.65,1,2.38,383109,Y4,,,0,17.864,clean
85,5,0,1.68,1,2.52,21011,Y2,,,0,18.085,clean
85,6,0,1.43,1,2.31,152618,Y4,,,0,17.976,clean
85,7,0,1.38,1,2.40,235766,Y2,,,0,17.451,clean
85,8,0,1.40,1,2.25,137866,Y4,,,0,16.744,clean
85,9,0,1.46,1,2.45,955313,Y4,,,0,16.220,clean
85,10,0,1.45,1,2.56,419319,Y2,,,0,16.268,clean
85,11,0,1.51,1,2.63,359863,Y2,,,0,16.590,clean
85,12,0,1.46,1,2.38,256687,Y2,,,0,16.855,clean
85,13,0,1.53,1,2.61,504792,Y4,,,0,16.716,clean
85,14,0,1.49,1,2.30,1015574,Y4,,,0,16.215,clean
85,15,0,1.64,1,2.38,751376,Y4,,,0,15.890,clean
85,16,0,1.68,1,2.36,767291,Y2,,,0,16.206,clean
85,17,0,1.43,1,2.49,787139,Y4,,,0,16.886,clean
85,18,0,1.58,751,2.42,107020,Y4,,,0,19.192,clean
85,19,0,1.50,1,2.31,876278,Y2,,,0,17.234,clean
85,20,0,1.49,1,2.38,109702,Y2,,,0,16.371,clean
85,21,0,1.51,1,2.48,267059,Y2,,,0,15.639,clean
85,22,0,1.76,1,2.50,814140,Y4,,,0,15.365,clean
85,23,0,1.50,1,2.39,807256,Y4,,,0,15.716,clean
85,24,0,1.68,1,2.29,890672,Y2,,,0,16.119,clean
85,25,0,1.88,204,4.38,5901,Y4,0.24/noise-like,0.00/noise-like,2,15.997,FAM-HIT
85,26,0,1.65,1,2.46,242919,Y2,,,0,15.409,clean
85,27,0,1.68,1,2.48,324547,Y2,,,0,14.956,clean
85,28,0,1.52,1,2.48,1423448,Y4,,,0,14.464,clean
85,29,0,1.60,1,2.34,837743,Y2,,,0,14.706,clean
85,30,0,1.82,1,2.54,21011,Y4,,,0,15.049,clean
85,31,0,1.54,1,2.44,1045614,Y2,,,0,14.972,clean
85,32,0,1.38,808,2.46,1454294,Y4,,,0,14.426,clean
85,33,0,1.48,1,2.48,1280040,Y4,,,0,13.793,clean
85,34,0,1.34,21,2.60,554860,Y4,,,0,13.653,clean
85,35,0,1.58,1,2.42,887632,Y2,,,0,14.016,clean
85,36,0,1.44,1,2.43,198841,Y4,,,0,14.554,clean
85,37,0,1.69,1,2.63,1026213,Y4,,,0,14.658,clean
85,38,0,1.54,1,2.43,1310885,Y4,,,0,14.192,clean
85,39,0,1.57,1,2.52,195265,Y4,,,0,13.502,clean
85,40,0,1.72,1,2.32,945836,Y4,,,0,13.212,clean
85,41,0,1.64,1,2.33,959158,Y2,,,0,13.404,clean
85,42,0,1.83,1,2.69,1219064,Y4,,,0,13.885,clean
85,43,0,1.74,1,2.44,527948,Y4,,,0,14.130,clean
85,44,0,1.60,1,2.40,1210570,Y4,,,0,13.620,clean
85,45,0,1.80,1,2.34,502557,Y2,,,0,12.792,clean
85,46,0,1.99,1,2.36,1238197,Y4,,,0,12.270,clean
85,47,0,2.13,1,2.49,223517,Y2,,,0,12.117,clean
85,48,0,1.73,1,2.97,188470,Y2,,,0,12.338,clean
85,49,0,1.89,1,2.33,1444012,Y2,,,0,12.414,clean
85,50,0,2.20,1,2.48,14037,Y4,,,0,11.919,clean
85,51,0,1.89,1,2.38,968993,Y2,,,0,11.097,clean
85,52,0,2.54,1,2.50,1168549,Y2,0.00/noise-like,0.00/noise-like,0,10.284,hump-note
85,53,0,2.28,1,2.49,1285851,Y4,,,0,9.746,clean
85,54,0,2.54,1,2.29,696391,Y2,0.00/noise-like,0.24/noise-like,0,9.370,hump-note
85,55,0,3.33,1,2.27,1048386,Y4,0.00/noise-like,0.00/noise-like,0,8.870,hump-note
85,56,0,3.46,1,2.58,112563,Y2,0.24/noise-like,0.00/noise-like,0,7.966,hump-note
85,57,0,0,-1,0,0,-,,,12,6.817,QUARANTINE:dark-lane range=61 distinct=60
85,58,0,0,-1,0,0,-,,,0,5.731,QUARANTINE:dark-lane range=49 distinct=50
85,59,0,0,-1,0,0,-,,,0,4.880,QUARANTINE:dark-lane range=46 distinct=45
85,60,0,0,-1,0,0,-,,,0,4.166,QUARANTINE:dark-lane range=39 distinct=38
85,61,0,0,-1,0,0,-,,,0,3.557,QUARANTINE:dark-lane range=31 distinct=32
85,62,0,0,-1,0,0,-,,,0,2.955,QUARANTINE:dark-lane range=28 distinct=29
85,63,0,0,-1,0,0,-,,,0,2.406,QUARANTINE:dark-lane range=21 distinct=22
86,0,0,1.40,1,2.55,680476,Y2,,,0,20.737,clean
86,1,0,1.39,1,2.54,1163274,Y4,,,0,19.571,clean
86,2,0,1.45,1643,2.49,589371,Y4,,,0,18.566,clean
86,3,0,1.58,1,2.39,713646,Y2,,,0,17.955,clean
86,4,0,1.42,1,2.32,1082808,Y2,,,0,17.898,clean
86,5,0,1.38,1347,2.31,160754,Y2,,,0,18.058,clean
86,6,0,1.62,1,2.41,120968,Y2,,,0,18.006,clean
86,7,0,1.33,316,2.42,1006633,Y2,,,0,17.445,clean
86,8,0,1.51,1,2.58,77158,Y4,,,0,16.744,clean
86,9,0,1.42,1,2.27,264198,Y4,,,0,16.255,clean
86,10,0,1.44,1,2.37,550389,Y4,,,0,16.239,clean
86,11,0,1.39,1,2.24,290573,Y2,,,0,16.604,clean
86,12,0,1.50,1,2.32,353158,Y2,,,0,16.935,clean
86,13,0,1.46,1337,2.32,165045,Y4,,,0,16.715,clean
86,14,0,1.56,1,2.39,1011372,Y2,,,0,16.213,clean
86,15,0,1.61,1,2.33,37551,Y4,,,0,15.922,clean
86,16,0,1.52,1,2.31,1171857,Y2,,,0,16.201,clean
86,17,0,1.58,1,2.41,824958,Y2,,,0,16.909,clean
86,18,0,1.63,755,2.65,968814,Y2,,,0,19.198,clean
86,19,0,1.46,1,2.49,871539,Y4,,,0,17.276,clean
86,20,0,1.39,439,2.60,237823,Y4,,,0,16.364,clean
86,21,0,1.72,1,2.32,439793,Y2,,,0,15.635,clean
86,22,0,1.50,1,2.28,141263,Y2,,,0,15.393,clean
86,23,0,1.59,1,2.34,987411,Y2,,,0,15.756,clean
86,24,0,1.46,1,2.35,278503,Y4,,,0,16.143,clean
86,25,0,2.16,204,6.75,6169,Y4,0.00/noise-like,0.00/noise-like,5,16.036,FAM-HIT
86,26,0,1.44,1,2.44,978112,Y4,,,0,15.406,clean
86,27,0,1.68,624,2.53,1018345,Y2,,,0,14.978,clean
86,28,0,1.54,1,2.38,932425,Y4,,,0,14.447,clean
86,29,0,1.80,1,2.36,1305431,Y2,,,0,14.705,clean
86,30,0,1.55,1,2.70,950307,Y4,,,0,15.028,clean
86,31,0,1.54,1,2.47,992239,Y4,,,0,14.949,clean
86,32,0,1.31,420,2.38,942796,Y4,,,0,14.425,clean
86,33,0,1.63,1,2.33,1280129,Y2,,,0,13.822,clean
86,34,0,1.79,1,2.46,1328409,Y4,,,0,13.648,clean
86,35,0,1.87,1,2.35,493348,Y2,,,0,14.006,clean
86,36,0,1.81,1,2.47,729114,Y4,,,0,14.553,clean
86,37,0,1.73,1,2.34,247031,Y4,,,0,14.670,clean
86,38,0,1.72,1,2.42,1371950,Y4,,,0,14.175,clean
86,39,0,1.90,1,2.43,628531,Y2,,,0,13.512,clean
86,40,0,1.90,1,2.39,1381785,Y2,,,0,13.182,clean
86,41,0,1.78,1,2.27,360399,Y2,,,0,13.421,clean
86,42,0,1.76,1,2.29,646681,Y4,,,0,13.894,clean
86,43,0,1.76,1,2.52,325441,Y4,,,0,14.124,clean
86,44,0,1.55,1,2.32,680119,Y4,,,0,13.612,clean
86,45,0,1.89,1,2.33,207424,Y2,,,0,12.796,clean
86,46,0,1.77,1,2.60,711948,Y4,,,0,12.271,clean
86,47,0,2.06,1,2.43,273228,Y4,,,0,12.150,clean
86,48,0,1.58,1234,2.37,199109,Y4,,,0,12.352,clean
86,49,0,1.99,1,2.35,85562,Y4,,,0,12.408,clean
86,50,0,2.08,1,2.30,1305699,Y2,,,0,11.940,clean
86,51,0,1.80,1,2.38,86635,Y2,,,0,11.076,clean
86,52,0,1.96,1,2.35,548601,Y4,,,0,10.300,clean
86,53,0,2.59,1,2.30,962019,Y2,0.00/noise-like,0.00/noise-like,0,9.730,hump-note
86,54,0,2.58,1,2.35,612527,Y2,0.00/noise-like,0.00/noise-like,0,9.379,hump-note
86,55,0,2.85,1,2.39,1423806,Y2,0.00/noise-like,0.00/noise-like,0,8.877,hump-note
86,56,0,2.81,1,2.39,1125902,Y4,0.00/noise-like,0.24/noise-like,0,7.963,hump-note
86,57,0,0,-1,0,0,-,,,27,6.826,QUARANTINE:dark-lane range=59 distinct=57
86,58,0,0,-1,0,0,-,,,0,5.728,QUARANTINE:dark-lane range=50 distinct=49
86,59,0,0,-1,0,0,-,,,0,4.882,QUARANTINE:dark-lane range=42 distinct=42
86,60,0,0,-1,0,0,-,,,0,4.166,QUARANTINE:dark-lane range=35 distinct=36
86,61,0,0,-1,0,0,-,,,0,3.563,QUARANTINE:dark-lane range=31 distinct=31
86,62,0,0,-1,0,0,-,,,0,2.963,QUARANTINE:dark-lane range=27 distinct=26
86,63,0,0,-1,0,0,-,,,0,2.405,QUARANTINE:dark-lane range=19 distinct=20
87,0,0,1.35,209,2.53,210911,Y2,,,0,20.737,clean
87,1,0,1.46,1,2.47,807345,Y4,,,0,19.602,clean
87,2,0,1.60,1,2.37,1012534,Y2,,,0,18.585,clean
87,3,0,1.48,1,2.36,1096576,Y2,,,0,17.987,clean
87,4,0,1.42,48,2.55,1344234,Y2,,,0,17.889,clean
87,5,0,1.41,885,2.49,791430,Y4,,,0,18.029,clean
87,6,0,1.48,1,2.36,316322,Y4,,,0,17.967,clean
87,7,0,1.39,1,2.54,976861,Y2,,,0,17.421,clean
87,8,0,1.69,1,2.47,810742,Y4,,,0,16.735,clean
87,9,0,1.37,1,2.40,1391619,Y4,,,0,16.258,clean
87,10,0,1.60,1,2.51,1006454,Y4,,,0,16.232,clean
87,11,0,1.45,1,2.41,350744,Y2,,,0,16.616,clean
87,12,0,1.57,1,2.36,413775,Y2,,,0,16.838,clean
87,13,0,1.46,1,2.64,557274,Y2,,,0,16.710,clean
87,14,0,1.39,454,2.34,686735,Y2,,,0,16.224,clean
87,15,0,1.49,1,2.33,283062,Y4,,,0,15.900,clean
87,16,0,1.47,1,2.37,238001,Y4,,,0,16.215,clean
87,17,0,1.48,1,2.58,534564,Y2,,,0,16.892,clean
87,18,0,1.70,739,2.37,87708,Y2,,,0,19.200,clean
87,19,0,1.58,1,2.45,458032,Y2,,,0,17.243,clean
87,20,0,1.48,1,2.73,1068145,Y4,,,0,16.397,clean
87,21,0,1.50,1,2.40,385880,Y2,,,0,15.660,clean
87,22,0,1.74,1,2.40,901222,Y2,,,0,15.406,clean
87,23,0,1.50,1,2.37,387311,Y2,,,0,15.728,clean
87,24,0,1.38,1270,2.31,738859,Y4,,,0,16.108,clean
87,25,0,1.69,204,2.81,761479,Y4,,,2,16.029,clean
87,26,0,1.46,1,2.62,727147,Y2,,,0,15.397,clean
87,27,0,1.69,1,2.48,754595,Y4,,,0,14.996,clean
87,28,0,1.69,1,2.37,130087,Y2,,,0,14.472,clean
87,29,0,1.71,1,2.64,1175076,Y4,,,0,14.692,clean
87,30,0,1.58,1,2.48,829786,Y4,,,0,15.023,clean
87,31,0,1.78,1,2.33,986159,Y2,,,0,14.967,clean
87,32,0,1.32,1521,2.24,1203150,Y2,,,0,14.414,clean
87,33,0,1.51,1,2.49,251055,Y2,,,0,13.803,clean
87,34,0,1.73,1,2.35,7957,Y4,,,0,13.686,clean
87,35,0,1.76,1,2.36,472516,Y4,,,0,14.029,clean
87,36,0,1.45,1,2.54,907481,Y4,,,0,14.541,clean
87,37,0,1.76,1,2.42,1005739,Y2,,,0,14.664,clean
87,38,0,1.79,1,2.39,655085,Y2,,,0,14.186,clean
87,39,0,1.67,1,2.56,174165,Y4,,,0,13.504,clean
87,40,0,1.57,1,2.31,1219243,Y2,,,0,13.198,clean
87,41,0,1.72,1,2.61,1094520,Y4,,,0,13.397,clean
87,42,0,1.75,1,2.49,1123935,Y2,,,0,13.896,clean
87,43,0,1.97,1,2.78,476182,Y4,,,0,14.101,clean
87,44,0,1.88,1,2.32,31739,Y4,,,0,13.628,clean
87,45,0,1.92,1,2.29,815481,Y4,,,0,12.774,clean
87,46,0,2.21,1,2.67,1186162,Y4,,,0,12.291,clean
87,47,0,1.96,1,2.64,1012266,Y4,,,0,12.162,clean
87,48,0,1.87,1,2.44,46313,Y2,,,0,12.319,clean
87,49,0,1.79,1,2.41,1087993,Y4,,,0,12.427,clean
87,50,0,1.91,1,2.56,38445,Y4,,,0,11.958,clean
87,51,0,2.15,1,2.24,377923,Y2,,,0,11.090,clean
87,52,0,2.55,1,2.28,606537,Y2,0.00/noise-like,0.00/noise-like,0,10.299,hump-note
87,53,0,2.60,1,2.51,205368,Y4,0.00/noise-like,0.00/noise-like,0,9.731,hump-note
87,54,0,2.70,1,2.53,1409590,Y2,0.00/noise-like,0.00/noise-like,0,9.360,hump-note
87,55,0,2.77,1,2.30,43720,Y4,0.00/noise-like,0.00/noise-like,0,8.866,hump-note
87,56,0,2.94,1,2.50,433892,Y2,0.00/noise-like,0.00/noise-like,0,7.956,hump-note
87,57,0,0,-1,0,0,-,,,9,6.797,QUARANTINE:dark-lane range=58 distinct=57
87,58,0,0,-1,0,0,-,,,0,5.737,QUARANTINE:dark-lane range=47 distinct=48
87,59,0,0,-1,0,0,-,,,0,4.886,QUARANTINE:dark-lane range=43 distinct=41
87,60,0,0,-1,0,0,-,,,0,4.171,QUARANTINE:dark-lane range=35 distinct=36
87,61,0,0,-1,0,0,-,,,0,3.560,QUARANTINE:dark-lane range=32 distinct=32
87,62,0,0,-1,0,0,-,,,0,2.959,QUARANTINE:dark-lane range=29 distinct=29
87,63,0,0,-1,0,0,-,,,0,2.403,QUARANTINE:dark-lane range=22 distinct=23
88,0,0,1.51,1,2.44,1351118,Y2,,,0,20.735,clean
88,1,0,1.46,1018,2.45,488788,Y2,,,0,19.573,clean
88,2,0,1.47,1643,2.45,1293093,Y4,,,0,18.561,clean
88,3,0,1.45,1,2.74,1321256,Y4,,,0,17.977,clean
88,4,0,1.60,1,2.40,14126,Y2,,,0,17.881,clean
88,5,0,1.60,1,2.48,465095,Y4,,,0,18.044,clean
88,6,0,1.37,1477,2.20,307113,Y4,,,0,17.976,clean
88,7,0,1.40,1409,2.52,543416,Y4,,,0,17.420,clean
88,8,0,1.48,1,2.39,93162,Y2,,,0,16.726,clean
88,9,0,1.50,1,2.46,1157194,Y4,,,0,16.257,clean
88,10,0,1.56,1,2.31,104427,Y4,,,0,16.249,clean
88,11,0,1.54,1,2.46,32276,Y2,,,0,16.620,clean
88,12,0,1.58,1,2.41,698358,Y2,,,0,16.882,clean
88,13,0,1.47,1,2.58,1171499,Y2,,,0,16.712,clean
88,14,0,1.57,1,2.34,238895,Y2,,,0,16.207,clean
88,15,0,1.45,1,2.36,60439,Y4,,,0,15.894,clean
88,16,0,1.42,1136,2.46,463575,Y2,,,0,16.209,clean
88,17,0,1.45,1083,2.35,428170,Y2,,,0,16.895,clean
88,18,0,1.65,802,2.65,385165,Y2,,,0,19.228,clean
88,19,0,1.50,1,2.33,58472,Y2,,,0,17.242,clean
88,20,0,1.52,1,2.36,1010746,Y4,,,0,16.340,clean
88,21,0,1.66,1,2.37,197232,Y2,,,0,15.630,clean
88,22,0,1.39,390,2.61,1460195,Y4,,,0,15.411,clean
88,23,0,1.72,1,2.24,48369,Y2,,,0,15.732,clean
88,24,0,1.49,453,2.28,42200,Y4,,,0,16.137,clean
88,25,0,2.11,204,3.76,398487,Y4,0.00/noise-like,0.24/noise-like,3,16.038,FAM-HIT
88,26,0,1.62,1,2.32,1140922,Y4,,,0,15.406,clean
88,27,0,1.62,615,2.26,658393,Y4,,,0,14.958,clean
88,28,0,1.86,1,2.20,1225054,Y2,,,0,14.463,clean
88,29,0,1.65,1,2.44,1464844,Y4,,,0,14.689,clean
88,30,0,1.49,1,2.36,402421,Y2,,,0,15.047,clean
88,31,0,1.89,1,2.25,810117,Y2,,,0,14.962,clean
88,32,0,1.44,906,2.67,745654,Y2,,,0,14.423,clean
88,33,0,1.85,1,2.41,1161665,Y2,,,0,13.796,clean
88,34,0,1.84,1,2.26,782758,Y2,,,0,13.649,clean
88,35,0,1.92,1,2.47,774980,Y2,,,0,14.026,clean
88,36,0,1.66,1,2.49,1138866,Y2,,,0,14.554,clean
88,37,0,1.58,1,2.91,1162648,Y4,,,0,14.691,clean
88,38,0,1.80,1,2.30,1337528,Y4,,,0,14.188,clean
88,39,0,1.69,1,2.42,513643,Y4,,,0,13.507,clean
88,40,0,1.75,1,2.60,313371,Y2,,,0,13.177,clean
88,41,0,1.69,1,2.58,84937,Y4,,,0,13.417,clean
88,42,0,1.57,1,2.35,286281,Y2,,,0,13.869,clean
88,43,0,1.46,1,2.25,1001179,Y4,,,0,14.128,clean
88,44,0,1.86,1,2.48,97185,Y2,,,0,13.596,clean
88,45,0,1.69,1,2.42,701308,Y4,,,0,12.782,clean
88,46,0,1.96,1,2.88,12875,Y4,,,0,12.276,clean
88,47,0,1.91,1,2.48,219941,Y2,,,0,12.157,clean
88,48,0,1.59,1,2.58,196338,Y2,,,0,12.352,clean
88,49,0,2.04,1,2.52,50873,Y4,,,0,12.398,clean
88,50,0,1.74,1,2.30,783741,Y4,,,0,11.945,clean
88,51,0,2.02,1,2.56,1353621,Y4,,,0,11.080,clean
88,52,0,2.25,1,2.40,1134217,Y4,,,0,10.293,clean
88,53,0,2.48,1,2.28,89675,Y4,,,0,9.732,clean
88,54,0,2.88,1,2.37,536,Y2,0.24/noise-like,0.00/noise-like,0,9.350,hump-note
88,55,0,2.83,1,2.48,1031041,Y4,0.00/noise-like,0.24/noise-like,0,8.877,hump-note
88,56,0,3.21,1,2.42,644892,Y2,0.00/noise-like,0.24/noise-like,0,7.935,hump-note
88,57,0,0,-1,0,0,-,,,3,6.795,QUARANTINE:dark-lane range=61 distinct=59
88,58,0,0,-1,0,0,-,,,0,5.733,QUARANTINE:dark-lane range=53 distinct=51
88,59,0,0,-1,0,0,-,,,0,4.882,QUARANTINE:dark-lane range=43 distinct=44
88,60,0,0,-1,0,0,-,,,0,4.169,QUARANTINE:dark-lane range=39 distinct=40
88,61,0,0,-1,0,0,-,,,0,3.563,QUARANTINE:dark-lane range=34 distinct=33
88,62,0,0,-1,0,0,-,,,0,2.957,QUARANTINE:dark-lane range=27 distinct=28
88,63,0,0,-1,0,0,-,,,0,2.405,QUARANTINE:dark-lane range=23 distinct=23
89,0,0,1.42,1,2.36,926256,Y2,,,0,20.706,clean
89,1,0,1.37,183,2.38,242919,Y2,,,0,19.610,clean
89,2,0,1.42,1280,2.35,1401722,Y4,,,0,18.568,clean
89,3,0,1.46,1,2.38,1078516,Y2,,,0,17.998,clean
89,4,0,1.74,1,2.30,1024604,Y2,,,0,17.852,clean
89,5,0,1.46,1,2.40,481814,Y4,,,0,18.054,clean
89,6,0,1.43,1,2.41,1463503,Y2,,,0,17.993,clean
89,7,0,1.39,1,2.45,1071274,Y2,,,0,17.440,clean
89,8,0,1.61,1,2.56,742435,Y4,,,0,16.752,clean
89,9,0,1.69,1,2.45,1009673,Y2,,,0,16.248,clean
89,10,0,1.57,1,2.37,1377583,Y4,,,0,16.256,clean
89,11,0,1.41,395,2.41,548869,Y4,,,0,16.639,clean
89,12,0,1.47,1,2.47,1129746,Y4,,,0,16.903,clean
89,13,0,1.44,1,2.49,496477,Y4,,,0,16.686,clean
89,14,0,1.48,1,2.22,495046,Y2,,,0,16.240,clean
89,15,0,1.62,1,2.32,37014,Y4,,,0,15.908,clean
89,16,0,1.65,1,2.32,888526,Y4,,,0,16.206,clean
89,17,0,1.69,1,2.54,375330,Y2,,,0,16.861,clean
89,18,0,1.58,687,2.44,1286387,Y2,,,0,19.223,clean
89,19,0,1.41,1,2.32,494689,Y4,,,0,17.269,clean
89,20,0,1.66,1,2.32,193566,Y2,,,0,16.359,clean
89,21,0,1.45,1,2.71,297099,Y4,,,0,15.636,clean
89,22,0,1.83,1,2.30,1298726,Y2,,,0,15.415,clean
89,23,0,1.50,1,2.53,509977,Y4,,,0,15.756,clean
89,24,0,1.52,1,2.33,932783,Y2,,,0,16.134,clean
89,25,0,2.23,204,4.15,78946,Y4,0.00/noise-like,0.24/noise-like,4,16.030,FAM-HIT
89,26,0,1.67,1,2.43,64641,Y4,,,0,15.363,clean
89,27,0,1.66,614,2.35,973016,Y2,,,0,14.949,clean
89,28,0,1.68,1,2.46,196159,Y2,,,0,14.449,clean
89,29,0,1.74,1,2.43,459462,Y4,,,0,14.695,clean
89,30,0,1.65,1,2.49,21815,Y2,,,0,15.035,clean
89,31,0,1.79,1,2.30,938058,Y2,,,0,14.968,clean
89,32,0,1.35,1422,2.49,922680,Y4,,,0,14.401,clean
89,33,0,1.58,1,2.31,1019418,Y4,,,0,13.813,clean
89,34,0,1.91,1,2.41,647932,Y2,,,0,13.643,clean
89,35,0,1.75,1,2.42,33885,Y4,,,0,14.021,clean
89,36,0,1.84,1,2.38,1176238,Y4,,,0,14.565,clean
89,37,0,1.49,1,2.34,931352,Y2,,,0,14.687,clean
89,38,0,1.78,1,2.69,1085311,Y4,,,0,14.176,clean
89,39,0,1.83,1,2.40,82433,Y4,,,1,13.506,clean
89,40,0,1.79,1,2.51,426650,Y2,,,0,13.204,clean
89,41,0,2.05,1,2.58,436574,Y2,,,0,13.422,clean
89,42,0,1.79,1,2.20,1421124,Y4,,,0,13.890,clean
89,43,0,1.66,1,2.31,1098543,Y2,,,0,14.118,clean
89,44,0,1.42,1,2.31,929117,Y2,,,0,13.583,clean
89,45,0,1.84,1,2.48,833094,Y4,,,0,12.818,clean
89,46,0,2.05,1,2.45,1328498,Y2,,,0,12.269,clean
89,47,0,2.03,1,2.35,776857,Y2,,,0,12.149,clean
89,48,0,1.60,1,2.45,506222,Y4,,,0,12.357,clean
89,49,0,2.01,1,2.38,793844,Y2,,,0,12.429,clean
89,50,0,1.55,1,2.29,1152903,Y2,,,0,11.928,clean
89,51,0,2.07,1,2.27,1182497,Y2,,,0,11.090,clean
89,52,0,2.17,1,2.46,1412988,Y2,,,0,10.283,clean
89,53,0,2.61,1,2.35,1368552,Y4,0.00/noise-like,0.00/noise-like,0,9.731,hump-note
89,54,0,2.48,1,2.36,838995,Y2,,,0,9.368,clean
89,55,0,2.98,1,2.50,550836,Y2,0.00/noise-like,0.00/noise-like,0,8.873,hump-note
89,56,0,3.09,1,2.31,1066983,Y4,0.24/noise-like,0.24/noise-like,0,7.949,hump-note
89,57,0,0,-1,0,0,-,,,11,6.802,QUARANTINE:dark-lane range=60 distinct=60
89,58,0,0,-1,0,0,-,,,0,5.732,QUARANTINE:dark-lane range=50 distinct=49
89,59,0,0,-1,0,0,-,,,0,4.881,QUARANTINE:dark-lane range=41 distinct=42
89,60,0,0,-1,0,0,-,,,0,4.163,QUARANTINE:dark-lane range=38 distinct=38
89,61,0,0,-1,0,0,-,,,0,3.566,QUARANTINE:dark-lane range=32 distinct=32
89,62,0,0,-1,0,0,-,,,0,2.958,QUARANTINE:dark-lane range=26 distinct=27
89,63,0,0,-1,0,0,-,,,0,2.404,QUARANTINE:dark-lane range=20 distinct=21
90,0,0,1.38,929,2.22,1128942,Y2,,,0,20.751,clean
90,1,0,1.36,488,2.45,1180440,Y4,,,0,19.557,clean
90,2,0,1.37,1387,2.36,562817,Y4,,,0,18.566,clean
90,3,0,1.59,1,2.42,611722,Y4,,,0,17.962,clean
90,4,0,1.45,1,2.28,492364,Y4,,,0,17.814,clean
90,5,0,1.41,1,2.37,1319826,Y2,,,0,18.081,clean
90,6,0,1.62,1,2.29,777394,Y4,,,0,18.006,clean
90,7,0,1.35,1219,2.45,1004040,Y4,,,0,17.421,clean
90,8,0,1.41,1028,2.63,351995,Y2,,,0,16.740,clean
90,9,0,1.81,1,2.52,536978,Y2,,,0,16.232,clean
90,10,0,1.41,1,2.30,1146019,Y2,,,0,16.261,clean
90,11,0,1.42,1,2.29,634164,Y2,,,0,16.645,clean
90,12,0,1.48,1,2.45,137419,Y2,,,0,16.873,clean
90,13,0,1.55,1,2.56,686556,Y2,,,0,16.721,clean
90,14,0,1.62,1,2.41,257760,Y2,,,0,16.206,clean
90,15,0,1.56,1,2.21,504971,Y4,,,0,15.913,clean
90,16,0,1.72,1,2.54,896752,Y2,,,0,16.190,clean
90,17,0,1.44,1,2.55,128388,Y2,,,0,16.847,clean
90,18,0,1.65,847,2.47,1222730,Y2,,,0,19.237,clean
90,19,0,1.56,1,2.35,1048476,Y4,,,0,17.251,clean
90,20,0,1.41,1226,2.82,194192,Y2,,,0,16.365,clean
90,21,0,1.59,1,2.51,108182,Y2,,,0,15.658,clean
90,22,0,1.52,1,2.38,230491,Y4,,,0,15.403,clean
90,23,0,1.84,1,2.37,1225322,Y2,,,0,15.720,clean
90,24,0,1.72,1,2.39,584275,Y2,,,0,16.116,clean
90,25,0,1.84,204,5.72,3666,Y4,0.00/noise-like,0.24/noise-like,8,16.025,FAM-HIT
90,26,0,1.73,1,2.45,560492,Y2,,,0,15.382,clean
90,27,0,1.61,1,2.52,235766,Y4,,,0,14.977,clean
90,28,0,1.70,1,2.35,93967,Y4,,,0,14.465,clean
90,29,0,1.66,1,2.24,535548,Y4,,,0,14.681,clean
90,30,0,1.42,1,2.52,117391,Y2,,,0,15.061,clean
90,31,0,1.73,1,2.81,1411378,Y2,,,0,14.992,clean
90,32,0,1.32,295,2.25,1050621,Y2,,,0,14.402,clean
90,33,0,1.91,1,2.41,982225,Y2,,,0,13.822,clean
90,34,0,1.74,1,2.36,1422197,Y2,,,0,13.651,clean
90,35,0,1.65,1,2.37,967920,Y2,,,0,14.020,clean
90,36,0,1.81,1,2.31,1310080,Y4,,,0,14.554,clean
90,37,0,1.46,1,2.39,197679,Y4,,,0,14.643,clean
90,38,0,1.73,1,2.39,1124114,Y2,,,0,14.177,clean
90,39,0,1.77,1,2.41,239879,Y4,,,0,13.507,clean
90,40,0,1.82,1,2.48,471443,Y4,,,0,13.207,clean
90,41,0,1.80,1,2.49,1030505,Y2,,,0,13.437,clean
90,42,0,1.73,1,2.38,625223,Y2,,,0,13.891,clean
90,43,0,1.64,1,2.23,1318038,Y2,,,0,14.142,clean
90,44,0,1.88,1,2.32,354230,Y4,,,0,13.616,clean
90,45,0,2.13,1,2.43,516057,Y4,,,0,12.779,clean
90,46,0,1.99,1,2.40,1175612,Y4,,,0,12.268,clean
90,47,0,1.78,1,2.22,224143,Y2,,,0,12.133,clean
90,48,0,1.78,1,2.35,988305,Y4,,,0,12.349,clean
90,49,0,1.70,1,2.62,465095,Y4,,,0,12.415,clean
90,50,0,1.73,1,2.62,1280308,Y2,,,0,11.954,clean
90,51,0,1.98,1,2.39,1403511,Y2,,,0,11.101,clean
90,52,0,2.41,1,2.40,716418,Y2,,,0,10.290,clean
90,53,0,2.42,1,2.49,747353,Y4,,,0,9.738,clean
90,54,0,2.38,1,2.33,110507,Y2,,,0,9.357,clean
90,55,0,2.85,1,2.56,317663,Y4,0.24/noise-like,0.00/noise-like,0,8.872,hump-note
90,56,0,3.33,1,2.53,517130,Y2,0.00/noise-like,0.24/noise-like,0,7.970,hump-note
90,57,0,0,-1,0,0,-,,,28,6.816,QUARANTINE:dark-lane range=60 distinct=59
90,58,0,0,-1,0,0,-,,,0,5.738,QUARANTINE:dark-lane range=50 distinct=50
90,59,0,0,-1,0,0,-,,,0,4.882,QUARANTINE:dark-lane range=41 distinct=42
90,60,0,0,-1,0,0,-,,,0,4.167,QUARANTINE:dark-lane range=37 distinct=38
90,61,0,0,-1,0,0,-,,,0,3.560,QUARANTINE:dark-lane range=31 distinct=32
90,62,0,0,-1,0,0,-,,,0,2.962,QUARANTINE:dark-lane range=26 distinct=27
90,63,0,0,-1,0,0,-,,,0,2.406,QUARANTINE:dark-lane range=21 distinct=22
91,0,0,1.37,544,2.30,760943,Y2,,,0,20.726,clean
91,1,0,1.37,1,2.30,99063,Y2,,,0,19.564,clean
91,2,0,1.62,1643,2.46,1087099,Y4,,,0,18.557,clean
91,3,0,1.34,917,2.57,375867,Y4,,,0,17.961,clean
91,4,0,1.43,1,2.47,608057,Y4,,,0,17.855,clean
91,5,0,1.41,1,2.35,628442,Y4,,,0,18.087,clean
91,6,0,1.44,1,2.48,1321167,Y2,,,0,17.961,clean
91,7,0,1.48,1,2.35,1438916,Y2,,,0,17.418,clean
91,8,0,1.40,224,2.40,57131,Y2,,,0,16.758,clean
91,9,0,1.43,1,2.50,392407,Y4,,,0,16.267,clean
91,10,0,1.50,1,2.21,82880,Y4,,,0,16.242,clean
91,11,0,1.40,1,2.40,1203328,Y4,,,0,16.633,clean
91,12,0,1.38,1,2.42,189543,Y4,,,0,16.863,clean
91,13,0,1.45,1,2.33,951290,Y2,,,0,16.704,clean
91,14,0,1.45,1,2.48,395447,Y4,,,0,16.236,clean
91,15,0,1.40,187,2.41,234246,Y2,,,0,15.914,clean
91,16,0,1.53,1,2.33,1429886,Y2,,,0,16.200,clean
91,17,0,1.37,1152,2.37,41574,Y2,,,0,16.900,clean
91,18,0,1.60,696,2.38,91821,Y2,,,0,19.211,clean
91,19,0,1.57,1,2.36,175506,Y2,,,0,17.278,clean
91,20,0,1.47,1,2.63,1209229,Y2,,,0,16.362,clean
91,21,0,1.64,1,2.55,916332,Y2,,,0,15.609,clean
91,22,0,1.63,1,2.50,534028,Y2,,,0,15.415,clean
91,23,0,1.58,1,2.71,1384020,Y2,,,0,15.737,clean
91,24,0,1.52,1,2.59,367641,Y4,,,0,16.143,clean
91,25,0,2.11,204,2.31,662774,Y2,,,0,16.033,clean
91,26,0,1.56,1,2.46,161916,Y4,,,0,15.398,clean
91,27,0,1.60,624,2.32,260264,Y4,,,0,14.953,clean
91,28,0,1.74,1,2.45,1398861,Y2,,,0,14.461,clean
91,29,0,1.46,1457,2.37,1352280,Y4,,,0,14.660,clean
91,30,0,1.41,1,2.51,798762,Y4,,,0,15.046,clean
91,31,0,1.49,1,2.24,883251,Y4,,,0,15.017,clean
91,32,0,1.37,589,2.40,11176,Y2,,,0,14.426,clean
91,33,0,1.61,1,2.43,1235157,Y2,,,0,13.822,clean
91,34,0,1.53,1,2.48,924200,Y4,,,0,13.653,clean
91,35,0,1.81,1,2.34,107110,Y4,,,0,14.006,clean
91,36,0,1.76,1,2.39,1011461,Y4,,,0,14.532,clean
91,37,0,2.05,1,2.67,1373649,Y4,,,0,14.678,clean
91,38,0,1.78,1,2.35,11086,Y2,,,0,14.191,clean
91,39,0,1.80,1,2.55,927597,Y2,,,0,13.506,clean
91,40,0,1.78,1,2.44,1332432,Y2,,,0,13.196,clean
91,41,0,1.88,1,2.31,807345,Y2,,,0,13.406,clean
91,42,0,1.80,1,2.37,733584,Y2,,,0,13.871,clean
91,43,0,1.57,1,2.33,267953,Y2,,,0,14.125,clean
91,44,0,1.67,1,2.32,810206,Y2,,,0,13.624,clean
91,45,0,1.64,1,2.39,515699,Y2,,,0,12.774,clean
91,46,0,2.00,1,2.40,362366,Y2,,,0,12.270,clean
91,47,0,1.82,1,2.31,757456,Y2,,,0,12.135,clean
91,48,0,1.66,1234,2.62,735819,Y2,,,0,12.354,clean
91,49,0,2.18,1,2.39,876904,Y4,,,0,12.434,clean
91,50,0,1.88,1,2.66,153154,Y4,,,0,11.928,clean
91,51,0,2.30,1,2.29,793576,Y2,,,0,11.091,clean
91,52,0,2.10,1,2.37,177294,Y2,,,0,10.288,clean
91,53,0,2.18,1,2.43,84937,Y2,,,0,9.732,clean
91,54,0,2.60,1,2.52,1140118,Y2,0.24/noise-like,0.00/noise-like,0,9.364,hump-note
91,55,0,2.49,1,2.30,19401,Y2,,,0,8.869,clean
91,56,0,3.32,1,2.40,1448572,Y4,0.24/noise-like,0.24/noise-like,0,7.970,hump-note
91,57,0,0,-1,0,0,-,,,0,6.779,QUARANTINE:dark-lane range=59 distinct=59
91,58,0,0,-1,0,0,-,,,0,5.724,QUARANTINE:dark-lane range=50 distinct=51
91,59,0,0,-1,0,0,-,,,0,4.885,QUARANTINE:dark-lane range=43 distinct=43
91,60,0,0,-1,0,0,-,,,0,4.168,QUARANTINE:dark-lane range=34 distinct=35
91,61,0,0,-1,0,0,-,,,0,3.561,QUARANTINE:dark-lane range=30 distinct=31
91,62,0,0,-1,0,0,-,,,0,2.959,QUARANTINE:dark-lane range=24 distinct=25
91,63,0,0,-1,0,0,-,,,0,2.402,QUARANTINE:dark-lane range=20 distinct=21
92,0,0,1.38,1146,2.39,1282990,Y2,,,0,20.754,clean
92,1,0,1.34,1,2.38,713289,Y2,,,0,19.587,clean
92,2,0,1.34,559,2.34,703454,Y2,,,0,18.578,clean
92,3,0,1.44,1,2.51,634700,Y4,,,0,17.982,clean
92,4,0,1.42,1,2.52,1058221,Y4,,,0,17.874,clean
92,5,0,1.36,956,2.41,548422,Y4,,,0,18.052,clean
92,6,0,1.37,1,2.20,35763,Y2,,,0,18.000,clean
92,7,0,1.50,1,2.97,156909,Y4,,,1,17.427,clean
92,8,0,1.70,1,2.48,284046,Y2,,,0,16.757,clean
92,9,0,1.67,1,2.61,184089,Y2,,,0,16.246,clean
92,10,0,1.44,1,2.30,1172304,Y2,,,0,16.242,clean
92,11,0,1.48,1,2.39,185430,Y4,,,0,16.633,clean
92,12,0,1.43,1,2.40,190973,Y2,,,0,16.897,clean
92,13,0,1.43,1,2.51,920266,Y4,,,0,16.717,clean
92,14,0,1.50,1,2.42,1430869,Y4,,,0,16.230,clean
92,15,0,1.63,1,2.46,675201,Y4,,,0,15.913,clean
92,16,0,1.56,1,2.48,1255900,Y4,,,0,16.192,clean
92,17,0,1.39,1558,2.42,728220,Y4,,,0,16.849,clean
92,18,0,1.59,695,2.51,1309544,Y4,,,0,19.205,clean
92,19,0,1.35,1263,2.50,1216203,Y4,,,0,17.251,clean
92,20,0,1.45,1,2.36,960410,Y2,,,0,16.377,clean
92,21,0,1.53,1,2.42,469029,Y2,,,0,15.667,clean
92,22,0,1.49,1,2.39,589728,Y4,,,0,15.392,clean
92,23,0,1.50,1,2.59,311226,Y4,,,0,15.751,clean
92,24,0,1.51,1,2.37,303000,Y2,,,0,16.118,clean
92,25,0,1.90,204,5.51,8136,Y4,0.00/noise-like,0.00/noise-like,4,16.022,FAM-HIT
92,26,0,1.41,50,2.35,910610,Y2,,,0,15.402,clean
92,27,0,1.73,1,2.59,91821,Y4,,,0,14.959,clean
92,28,0,1.87,1,2.28,620127,Y2,,,0,14.477,clean
92,29,0,1.53,1,2.43,840247,Y2,,,0,14.689,clean
92,30,0,1.40,1,2.28,367731,Y2,,,0,15.007,clean
92,31,0,1.54,1,2.51,898272,Y2,,,0,14.973,clean
92,32,0,1.31,1394,2.53,999480,Y4,,,0,14.429,clean
92,33,0,1.84,1,2.54,1107305,Y2,,,0,13.813,clean
92,34,0,1.66,1,2.33,792325,Y2,,,0,13.624,clean
92,35,0,1.84,1,2.75,1172036,Y2,,,0,14.009,clean
92,36,0,1.56,1,2.32,416905,Y4,,,0,14.569,clean
92,37,0,1.55,1,2.61,167280,Y2,,,0,14.664,clean
92,38,0,1.65,1,2.38,950575,Y2,,,0,14.164,clean
92,39,0,1.76,1,2.47,797421,Y2,,,0,13.488,clean
92,40,0,1.69,1,2.35,204206,Y4,,,0,13.216,clean
92,41,0,1.82,1,2.45,63121,Y2,,,0,13.414,clean
92,42,0,1.88,1,2.22,311404,Y2,,,0,13.872,clean
92,43,0,1.72,1,2.37,620931,Y4,,,0,14.121,clean
92,44,0,2.03,1,2.52,777930,Y2,,,0,13.613,clean
92,45,0,1.75,1,2.32,136793,Y2,,,0,12.769,clean
92,46,0,1.89,1,2.42,1152992,Y4,,,0,12.253,clean
92,47,0,1.78,1,2.32,1435429,Y2,,,0,12.118,clean
92,48,0,1.72,1,2.59,552893,Y4,,,0,12.342,clean
92,49,0,2.18,1,2.37,693262,Y2,,,0,12.428,clean
92,50,0,1.92,1,2.28,1366764,Y4,,,0,11.949,clean
92,51,0,1.73,1,2.85,334203,Y2,,,0,11.094,clean
92,52,0,2.11,1,2.59,841588,Y4,,,0,10.307,clean
92,53,0,2.09,1,2.49,668585,Y4,,,0,9.722,clean
92,54,0,2.34,1,2.53,348330,Y4,,,0,9.365,clean
92,55,0,2.84,1,2.35,38803,Y2,0.00/noise-like,0.00/noise-like,0,8.860,hump-note
92,56,0,3.42,1,2.49,73850,Y2,0.24/noise-like,0.00/noise-like,0,7.949,hump-note
92,57,0,0,-1,0,0,-,,,10,6.790,QUARANTINE:dark-lane range=59 distinct=57
92,58,0,0,-1,0,0,-,,,0,5.733,QUARANTINE:dark-lane range=52 distinct=50
92,59,0,0,-1,0,0,-,,,0,4.872,QUARANTINE:dark-lane range=42 distinct=43
92,60,0,0,-1,0,0,-,,,0,4.164,QUARANTINE:dark-lane range=38 distinct=37
92,61,0,0,-1,0,0,-,,,0,3.562,QUARANTINE:dark-lane range=32 distinct=32
92,62,0,0,-1,0,0,-,,,0,2.957,QUARANTINE:dark-lane range=27 distinct=28
92,63,0,0,-1,0,0,-,,,0,2.406,QUARANTINE:dark-lane range=20 distinct=21
93,0,0,1.37,695,2.25,347704,Y2,,,0,20.792,clean
93,1,0,1.38,1,2.40,67323,Y4,,,0,19.586,clean
93,2,0,1.55,1,2.32,513911,Y2,,,0,18.583,clean
93,3,0,1.46,1,2.41,102997,Y2,,,0,17.973,clean
93,4,0,1.60,1,2.32,385880,Y4,,,0,17.862,clean
93,5,0,1.46,1,2.50,1176149,Y4,,,0,18.016,clean
93,6,0,1.49,1,2.37,67770,Y2,,,0,17.983,clean
93,7,0,1.54,1393,2.35,3576,Y2,,,1,17.457,clean
93,8,0,1.33,1195,2.47,514090,Y2,,,0,16.750,clean
93,9,0,1.57,1,2.53,65982,Y4,,,0,16.238,clean
93,10,0,1.41,1301,2.42,359416,Y4,,,0,16.225,clean
93,11,0,1.54,1,2.40,600725,Y4,,,0,16.632,clean
93,12,0,1.52,1,2.45,492275,Y2,,,0,16.904,clean
93,13,0,1.39,1179,2.50,1336813,Y2,,,0,16.715,clean
93,14,0,1.44,672,2.39,1024783,Y4,,,0,16.236,clean
93,15,0,1.37,456,2.37,319540,Y4,,,0,15.944,clean
93,16,0,1.34,224,2.51,513554,Y2,,,0,16.192,clean
93,17,0,1.76,1,2.34,1363993,Y4,,,0,16.883,clean
93,18,0,1.60,681,2.57,343859,Y2,,,0,19.226,clean
93,19,0,1.67,1,2.34,218958,Y4,,,0,17.259,clean
93,20,0,1.67,1,2.35,1314193,Y2,,,0,16.365,clean
93,21,0,1.52,1,2.38,302821,Y4,,,0,15.652,clean
93,22,0,1.71,1,2.24,197679,Y2,,,0,15.413,clean
93,23,0,1.61,1,2.64,698090,Y4,,,0,15.734,clean
93,24,0,1.64,1,2.62,661612,Y2,,,0,16.147,clean
93,25,0,2.36,204,6.31,358,Y4,0.24/noise-like,0.00/noise-like,14,16.031,FAM-HIT
93,26,0,1.47,1,2.38,867337,Y4,,,0,15.402,clean
93,27,0,1.59,1,2.42,1056254,Y2,,,0,14.964,clean
93,28,0,1.60,1,2.60,1449555,Y2,,,0,14.482,clean
93,29,0,1.64,1,2.28,1244813,Y4,,,0,14.723,clean
93,30,0,1.43,709,2.48,442833,Y4,,,0,15.036,clean
93,31,0,1.51,1,2.35,345558,Y4,,,0,14.990,clean
93,32,0,1.46,1066,2.40,1392692,Y2,,,0,14.416,clean
93,33,0,1.67,1,2.55,1002967,Y4,,,0,13.822,clean
93,34,0,1.77,1,2.41,891030,Y2,,,0,13.659,clean
93,35,0,1.55,1,2.34,391781,Y4,,,0,14.029,clean
93,36,0,1.39,1,2.18,346184,Y4,,,0,14.542,clean
93,37,0,1.58,1,2.80,994474,Y4,,,0,14.691,clean
93,38,0,2.00,1,2.47,1026392,Y4,,,0,14.175,clean
93,39,0,1.66,1,2.40,30220,Y2,,,0,13.522,clean
93,40,0,1.60,1,2.29,5990,Y2,,,0,13.227,clean
93,41,0,1.83,1,2.32,469029,Y2,,,0,13.415,clean
93,42,0,1.68,1,2.65,349760,Y4,,,0,13.911,clean
93,43,0,1.39,1,2.47,127852,Y2,,,0,14.135,clean
93,44,0,1.63,1,2.41,1182586,Y4,,,0,13.615,clean
93,45,0,1.78,1,2.43,1293272,Y4,,,0,12.814,clean
93,46,0,2.03,1,2.39,1015216,Y4,,,0,12.271,clean
93,47,0,1.81,1,2.37,482887,Y4,,,0,12.140,clean
93,48,0,1.64,1,2.25,676900,Y2,,,0,12.328,clean
93,49,0,1.93,1,2.53,1150846,Y4,,,0,12.458,clean
93,50,0,1.91,1,2.37,852942,Y2,,,0,11.966,clean
93,51,0,2.13,1,2.29,20474,Y2,,,0,11.115,clean
93,52,0,2.57,1,2.69,435859,Y2,0.24/noise-like,0.00/noise-like,0,10.290,hump-note
93,53,0,2.74,1,2.27,240952,Y4,0.24/noise-like,0.00/noise-like,0,9.745,hump-note
93,54,0,2.76,1,2.40,206530,Y4,0.00/noise-like,0.00/noise-like,0,9.370,hump-note
93,55,0,2.77,1,2.47,204027,Y2,0.00/noise-like,0.00/noise-like,0,8.854,hump-note
93,56,0,3.19,1,2.36,1057237,Y2,0.00/noise-like,0.00/noise-like,0,7.957,hump-note
93,57,0,0,-1,0,0,-,,,40,6.839,QUARANTINE:sparkle n=40
93,58,0,0,-1,0,0,-,,,0,5.740,QUARANTINE:dark-lane range=57 distinct=52
93,59,0,0,-1,0,0,-,,,0,4.890,QUARANTINE:dark-lane range=44 distinct=43
93,60,0,0,-1,0,0,-,,,0,4.171,QUARANTINE:dark-lane range=35 distinct=36
93,61,0,0,-1,0,0,-,,,0,3.559,QUARANTINE:dark-lane range=30 distinct=31
93,62,0,0,-1,0,0,-,,,0,2.958,QUARANTINE:dark-lane range=29 distinct=28
93,63,0,0,-1,0,0,-,,,0,2.405,QUARANTINE:dark-lane range=21 distinct=22
94,0,0,1.36,741,2.45,150114,Y2,,,0,20.729,clean
94,1,0,1.36,1321,2.15,1292020,Y4,,,0,19.591,clean
94,2,0,1.61,1,2.37,173181,Y2,,,0,18.590,clean
94,3,0,1.42,1,2.47,794470,Y4,,,0,17.974,clean
94,4,0,1.35,1109,2.40,116676,Y2,,,0,17.855,clean
94,5,0,1.36,1420,2.40,1156479,Y2,,,0,18.062,clean
94,6,0,1.45,1478,2.40,1160234,Y4,,,0,17.974,clean
94,7,0,1.72,1,2.57,1326084,Y4,,,0,17.441,clean
94,8,0,1.37,1,2.45,714898,Y2,,,0,16.775,clean
94,9,0,1.54,1,2.59,228703,Y4,,,0,16.245,clean
94,10,0,1.36,715,2.68,1154691,Y4,,,0,16.249,clean
94,11,0,1.51,1,2.38,709981,Y4,,,0,16.614,clean
94,12,0,1.40,1409,2.60,1301497,Y4,,,0,16.872,clean
94,13,0,1.39,1,2.42,70363,Y4,,,0,16.710,clean
94,14,0,1.36,1,2.31,1334041,Y4,,,0,16.253,clean
94,15,0,1.41,1286,2.37,968456,Y2,,,0,15.912,clean
94,16,0,1.58,1,2.41,205189,Y4,,,0,16.205,clean
94,17,0,1.54,1,2.34,986338,Y2,,,0,16.901,clean
94,18,0,1.61,860,2.52,179172,Y2,,,0,19.183,clean
94,19,0,1.64,1,2.78,144839,Y4,,,0,17.243,clean
94,20,0,1.55,1,2.69,1100689,Y2,,,0,16.348,clean
94,21,0,1.49,1,2.82,408143,Y4,,,0,15.641,clean
94,22,0,1.64,1,2.41,303894,Y4,,,0,15.426,clean
94,23,0,1.60,1,2.48,671983,Y2,,,0,15.734,clean
94,24,0,1.37,441,2.33,191420,Y4,,,0,16.133,clean
94,25,0,2.08,204,5.66,4381,Y4,0.00/noise-like,0.24/noise-like,4,16.029,FAM-HIT
94,26,0,1.35,1,2.34,1094341,Y4,,,0,15.391,clean
94,27,0,1.94,1,2.23,187218,Y4,,,0,14.985,clean
94,28,0,1.70,1,2.50,944763,Y4,,,0,14.467,clean
94,29,0,1.60,1,2.47,292629,Y2,,,0,14.685,clean
94,30,0,1.50,1,2.37,251412,Y2,,,0,15.033,clean
94,31,0,1.47,1,2.39,543952,Y4,,,0,14.975,clean
94,32,0,1.31,1474,2.48,854105,Y2,,,0,14.429,clean
94,33,0,1.49,1,2.69,73761,Y4,,,0,13.810,clean
94,34,0,1.49,1,2.33,982136,Y2,,,0,13.655,clean
94,35,0,1.56,1,2.40,63390,Y2,,,0,14.029,clean
94,36,0,1.77,1,2.29,264019,Y2,,,0,14.538,clean
94,37,0,1.62,1,2.32,1057863,Y2,,,0,14.682,clean
94,38,0,1.56,1,2.59,219852,Y4,,,0,14.177,clean
94,39,0,1.51,1,2.39,16004,Y2,,,0,13.502,clean
94,40,0,1.81,1,2.37,1249373,Y4,,,0,13.175,clean
94,41,0,2.16,1,2.49,111312,Y2,,,0,13.434,clean
94,42,0,1.65,1,2.34,1305968,Y4,,,0,13.910,clean
94,43,0,1.91,1,2.34,41485,Y4,,,0,14.121,clean
94,44,0,1.77,1,2.31,1055717,Y4,,,0,13.617,clean
94,45,0,1.72,1,2.58,1245707,Y2,,,0,12.803,clean
94,46,0,1.98,1,2.39,400543,Y4,,,0,12.265,clean
94,47,0,1.99,1,2.36,980526,Y4,,,0,12.138,clean
94,48,0,1.71,1,2.50,215650,Y4,,,0,12.343,clean
94,49,0,1.98,1,2.41,962108,Y4,,,0,12.476,clean
94,50,0,1.81,1,2.30,1098990,Y4,,,0,11.952,clean
94,51,0,2.18,1,2.58,304341,Y2,,,0,11.081,clean
94,52,0,2.43,1,2.34,361919,Y4,,,0,10.289,clean
94,53,0,2.19,1,2.47,984728,Y2,,,0,9.721,clean
94,54,0,2.89,1,2.57,1282990,Y2,0.00/noise-like,0.00/noise-like,0,9.366,hump-note
94,55,0,2.44,1,2.37,202686,Y2,,,0,8.871,clean
94,56,0,3.01,1,2.47,1140475,Y2,0.24/noise-like,0.00/noise-like,0,7.958,hump-note
94,57,0,0,-1,0,0,-,,,12,6.791,QUARANTINE:dark-lane range=58 distinct=59
94,58,0,0,-1,0,0,-,,,0,5.731,QUARANTINE:dark-lane range=48 distinct=49
94,59,0,0,-1,0,0,-,,,0,4.881,QUARANTINE:dark-lane range=46 distinct=44
94,60,0,0,-1,0,0,-,,,0,4.169,QUARANTINE:dark-lane range=34 distinct=35
94,61,0,0,-1,0,0,-,,,0,3.563,QUARANTINE:dark-lane range=32 distinct=33
94,62,0,0,-1,0,0,-,,,0,2.958,QUARANTINE:dark-lane range=28 distinct=28
94,63,0,0,-1,0,0,-,,,0,2.407,QUARANTINE:dark-lane range=20 distinct=21
95,0,0,1.34,53,2.39,250965,Y2,,,0,20.703,clean
95,1,0,1.40,1541,2.36,789374,Y4,,,0,19.618,clean
95,2,0,1.36,1,2.37,32544,Y2,,,0,18.557,clean
95,3,0,1.53,1,2.42,39786,Y2,,,0,18.003,clean
95,4,0,1.67,1,2.41,1127601,Y2,,,0,17.896,clean
95,5,0,1.55,1,2.49,292093,Y2,,,0,18.039,clean
95,6,0,1.45,169,2.33,464916,Y2,,,0,17.974,clean
95,7,0,1.43,1,2.41,1279145,Y2,,,1,17.452,clean
95,8,0,1.55,1,2.33,10371,Y4,,,0,16.736,clean
95,9,0,1.51,1,2.43,593930,Y4,,,0,16.225,clean
95,10,0,1.38,827,2.50,806093,Y4,,,0,16.237,clean
95,11,0,1.45,1,2.49,612974,Y2,,,0,16.612,clean
95,12,0,1.54,1,2.37,330180,Y2,,,0,16.896,clean
95,13,0,1.50,1,2.43,363171,Y2,,,0,16.737,clean
95,14,0,1.47,1,2.66,368893,Y2,,,0,16.239,clean
95,15,0,1.58,1,2.58,653923,Y4,,,0,15.912,clean
95,16,0,1.36,460,2.75,264823,Y4,,,0,16.198,clean
95,17,0,1.47,1,2.52,1305789,Y4,,,0,16.859,clean
95,18,0,1.62,835,2.48,1216471,Y4,,,0,19.225,clean
95,19,0,1.35,779,2.45,44614,Y4,,,0,17.227,clean
95,20,0,1.40,1,2.46,462592,Y2,,,0,16.344,clean
95,21,0,1.77,1,2.42,629246,Y4,,,0,15.609,clean
95,22,0,1.60,1,2.59,846863,Y4,,,0,15.436,clean
95,23,0,1.64,1,2.46,2056,Y2,,,0,15.733,clean
95,24,0,1.54,1,2.38,432551,Y4,,,0,16.171,clean
95,25,0,1.98,204,4.21,79483,Y4,0.24/noise-like,0.00/noise-like,4,16.028,FAM-HIT
95,26,0,1.76,1,2.53,575334,Y2,,,0,15.406,clean
95,27,0,1.66,622,2.52,1084059,Y2,,,0,14.977,clean
95,28,0,1.75,1,2.60,658929,Y2,,,0,14.443,clean
95,29,0,1.55,1,2.57,1162827,Y4,,,0,14.679,clean
95,30,0,1.71,1,2.48,1454383,Y4,,,0,15.036,clean
95,31,0,1.73,1,2.41,527143,Y2,,,0,14.943,clean
95,32,0,1.31,899,2.42,351906,Y2,,,0,14.412,clean
95,33,0,1.74,1,2.52,163347,Y2,,,0,13.816,clean
95,34,0,1.85,1,2.57,148684,Y2,,,0,13.638,clean
95,35,0,1.73,1,2.42,1137704,Y4,,,0,14.001,clean
95,36,0,1.56,1,2.76,761122,Y2,,,0,14.555,clean
95,37,0,1.76,1,2.24,654101,Y4,,,0,14.680,clean
95,38,0,1.66,1,2.17,498533,Y2,,,0,14.171,clean
95,39,0,1.78,1,2.70,1421124,Y4,,,0,13.513,clean
95,40,0,1.71,1,2.43,1223534,Y4,,,0,13.191,clean
95,41,0,1.74,1,2.56,364512,Y4,,,0,13.413,clean
95,42,0,1.73,1,2.36,389189,Y2,,,0,13.892,clean
95,43,0,1.94,1,2.33,278682,Y2,,,0,14.142,clean
95,44,0,1.54,1,2.49,615567,Y4,,,0,13.628,clean
95,45,0,1.83,1,2.51,772655,Y2,,,0,12.788,clean
95,46,0,2.16,1,2.42,207603,Y2,,,0,12.262,clean
95,47,0,1.95,1,2.25,1429260,Y4,,,0,12.164,clean
95,48,0,1.63,1234,2.54,463307,Y2,,,0,12.330,clean
95,49,0,1.68,1,2.35,1336366,Y4,,,0,12.413,clean
95,50,0,1.89,1,2.19,1204669,Y2,,,0,11.953,clean
95,51,0,2.14,1,2.58,757188,Y2,,,0,11.105,clean
95,52,0,2.15,1,2.34,135630,Y2,,,0,10.297,clean
95,53,0,2.29,1,2.22,931352,Y2,,,0,9.754,clean
95,54,0,2.34,1,2.32,1132786,Y2,,,0,9.352,clean
95,55,0,2.54,1,2.48,256062,Y4,0.00/noise-like,0.00/noise-like,0,8.859,hump-note
95,56,0,3.15,1,2.42,1368642,Y4,0.00/noise-like,0.24/noise-like,0,7.949,hump-note
95,57,0,0,-1,0,0,-,,,8,6.803,QUARANTINE:dark-lane range=60 distinct=59
95,58,0,0,-1,0,0,-,,,0,5.725,QUARANTINE:dark-lane range=54 distinct=51
95,59,0,0,-1,0,0,-,,,0,4.879,QUARANTINE:dark-lane range=41 distinct=42
95,60,0,0,-1,0,0,-,,,0,4.173,QUARANTINE:dark-lane range=38 distinct=37
95,61,0,0,-1,0,0,-,,,0,3.559,QUARANTINE:dark-lane range=31 distinct=32
95,62,0,0,-1,0,0,-,,,0,2.958,QUARANTINE:dark-lane range=26 distinct=27
95,63,0,0,-1,0,0,-,,,0,2.406,QUARANTINE:dark-lane range=19 distinct=20
96,0,0,1.39,97,2.33,74565,Y2,,,0,20.741,clean
96,1,0,1.35,1,2.49,1194835,Y4,,,0,19.594,clean
96,2,0,1.50,1643,2.54,597507,Y4,,,0,18.569,clean
96,3,0,1.43,1,2.45,1383930,Y4,,,0,17.999,clean
96,4,0,1.55,1,2.43,424504,Y4,,,0,17.875,clean
96,5,0,1.41,1,2.46,1409590,Y2,,,0,18.053,clean
96,6,0,1.39,1478,2.55,100315,Y2,,,0,17.989,clean
96,7,0,1.60,1,2.47,971049,Y2,,,0,17.458,clean
96,8,0,1.59,1,2.37,441045,Y4,,,0,16.745,clean
96,9,0,1.39,301,2.22,218153,Y2,,,0,16.204,clean
96,10,0,1.67,1,2.62,806987,Y4,,,0,16.266,clean
96,11,0,1.61,1,2.56,926346,Y4,,,0,16.610,clean
96,12,0,1.54,1,2.27,704348,Y4,,,0,16.878,clean
96,13,0,1.56,1,2.38,1006186,Y4,,,0,16.711,clean
96,14,0,1.54,1,2.51,259638,Y4,,,0,16.237,clean
96,15,0,1.31,1136,2.49,1218081,Y2,,,0,15.908,clean
96,16,0,1.68,1,2.36,746012,Y4,,,0,16.212,clean
96,17,0,1.74,1,2.65,56148,Y2,,,0,16.865,clean
96,18,0,1.63,688,2.41,578910,Y2,,,0,19.179,clean
96,19,0,1.44,1,2.25,517398,Y4,,,0,17.259,clean
96,20,0,1.47,1,2.47,1397699,Y4,,,0,16.343,clean
96,21,0,1.52,1,2.42,673324,Y2,,,0,15.630,clean
96,22,0,1.75,1,2.57,1293987,Y2,,,0,15.400,clean
96,23,0,1.41,1,2.36,887364,Y4,,,0,15.739,clean
96,24,0,1.51,1,2.57,1409411,Y2,,,0,16.138,clean
96,25,0,2.01,204,2.52,544667,Y4,,,0,16.020,clean
96,26,0,1.39,460,2.45,1234084,Y4,,,0,15.385,clean
96,27,0,1.96,1,2.33,870198,Y2,,,0,14.981,clean
96,28,0,1.49,1,2.70,1141906,Y2,,,0,14.463,clean
96,29,0,1.53,1,2.40,1372576,Y4,,,0,14.688,clean
96,30,0,1.49,1,2.57,19580,Y4,,,0,15.001,clean
96,31,0,1.70,1,2.41,927508,Y4,,,0,14.964,clean
96,32,0,1.33,741,2.41,119805,Y2,,,0,14.409,clean
96,33,0,1.87,1,2.41,623435,Y2,,,0,13.824,clean
96,34,0,1.83,1,2.32,876635,Y2,,,0,13.653,clean
96,35,0,1.66,1,2.40,117123,Y4,,,0,14.012,clean
96,36,0,1.70,1,2.47,666350,Y2,,,0,14.551,clean
96,37,0,1.65,1,2.37,213414,Y2,,,0,14.674,clean
96,38,0,1.44,1,2.62,219405,Y2,,,0,14.176,clean
96,39,0,1.62,1,2.46,819415,Y2,,,0,13.521,clean
96,40,0,1.74,1,2.33,45419,Y2,,,0,13.190,clean
96,41,0,1.69,1,2.26,127047,Y2,,,0,13.400,clean
96,42,0,2.00,1,2.51,1286834,Y4,,,0,13.870,clean
96,43,0,1.59,1,2.30,1284331,Y4,,,0,14.124,clean
96,44,0,1.45,1,2.38,1296133,Y2,,,0,13.611,clean
96,45,0,1.79,1,2.23,1261801,Y2,,,0,12.767,clean
96,46,0,1.87,1,2.60,607520,Y4,,,0,12.256,clean
96,47,0,1.77,1,2.44,315428,Y4,,,0,12.162,clean
96,48,0,1.83,1,2.45,517666,Y4,,,0,12.337,clean
96,49,0,1.75,1,2.24,392407,Y2,,,0,12.435,clean
96,50,0,1.75,1,2.52,147522,Y2,,,0,11.939,clean
96,51,0,2.09,1,2.54,527322,Y2,,,0,11.109,clean
96,52,0,2.11,1,2.59,33796,Y2,,,0,10.301,clean
96,53,0,2.37,1,2.36,715882,Y2,,,0,9.726,clean
96,54,0,2.29,1,2.40,741810,Y4,,,0,9.364,clean
96,55,0,2.67,1,2.68,92447,Y2,0.24/noise-like,0.00/noise-like,0,8.872,hump-note
96,56,0,3.08,1,2.58,1365960,Y4,0.00/noise-like,0.00/noise-like,0,7.942,hump-note
96,57,0,0,-1,0,0,-,,,0,6.782,QUARANTINE:dark-lane range=60 distinct=59
96,58,0,0,-1,0,0,-,,,0,5.738,QUARANTINE:dark-lane range=48 distinct=49
96,59,0,0,-1,0,0,-,,,0,4.879,QUARANTINE:dark-lane range=43 distinct=44
96,60,0,0,-1,0,0,-,,,0,4.164,QUARANTINE:dark-lane range=37 distinct=36
96,61,0,0,-1,0,0,-,,,0,3.561,QUARANTINE:dark-lane range=31 distinct=32
96,62,0,0,-1,0,0,-,,,0,2.958,QUARANTINE:dark-lane range=27 distinct=27
96,63,0,0,-1,0,0,-,,,0,2.408,QUARANTINE:dark-lane range=21 distinct=22
97,0,0,1.34,1053,2.39,141263,Y2,,,0,20.744,clean
97,1,0,1.40,1072,2.42,1321077,Y4,,,0,19.596,clean
97,2,0,1.38,1,2.32,807345,Y4,,,0,18.571,clean
97,3,0,1.41,1,2.64,28700,Y2,,,0,17.967,clean
97,4,0,1.35,555,2.43,1016647,Y4,,,0,17.850,clean
97,5,0,1.40,173,2.38,754148,Y2,,,0,18.076,clean
97,6,0,1.44,1,2.50,1402616,Y2,,,0,17.988,clean
97,7,0,1.59,1,2.35,1293719,Y4,,,0,17.431,clean
97,8,0,1.45,1,2.83,1366585,Y2,,,0,16.763,clean
97,9,0,1.60,1,2.33,166833,Y2,,,0,16.206,clean
97,10,0,1.51,1,2.41,1018077,Y4,,,0,16.244,clean
97,11,0,1.35,928,2.34,1033902,Y2,,,0,16.662,clean
97,12,0,1.45,1,2.48,117749,Y2,,,0,16.900,clean
97,13,0,1.69,1,2.33,492901,Y2,,,0,16.715,clean
97,14,0,1.49,1,2.28,1400471,Y4,,,0,16.208,clean
97,15,0,1.68,1,2.42,942975,Y4,,,0,15.911,clean
97,16,0,1.60,1,2.49,457853,Y2,,,0,16.211,clean
97,17,0,1.64,1,2.43,188559,Y2,,,0,16.848,clean
97,18,0,1.62,737,2.34,1042932,Y4,,,0,19.198,clean
97,19,0,1.65,1,2.41,746906,Y2,,,0,17.255,clean
97,20,0,1.51,1,2.26,776410,Y4,,,0,16.389,clean
97,21,0,1.51,1,2.64,481725,Y2,,,0,15.664,clean
97,22,0,1.43,1,2.37,127763,Y4,,,0,15.409,clean
97,23,0,1.56,1,2.60,1123220,Y2,,,0,15.732,clean
97,24,0,1.51,1,2.42,231475,Y2,,,0,16.129,clean
97,25,0,2.29,204,5.35,2772,Y4,0.00/noise-like,0.00/noise-like,4,16.028,FAM-HIT
97,26,0,1.58,1,2.40,1308024,Y2,,,0,15.371,clean
97,27,0,1.61,625,2.66,1123846,Y2,,,0,14.959,clean
97,28,0,1.50,20,2.29,466615,Y2,,,0,14.482,clean
97,29,0,1.63,1,2.59,964075,Y4,,,0,14.698,clean
97,30,0,1.44,1,2.44,968903,Y4,,,0,15.034,clean
97,31,0,1.58,1,2.59,1165241,Y4,,,0,14.975,clean
97,32,0,1.37,997,2.59,499070,Y2,,,0,14.399,clean
97,33,0,1.58,1,2.65,1386344,Y4,,,0,13.804,clean
97,34,0,1.58,1,2.47,267059,Y2,,,0,13.650,clean
97,35,0,1.64,1,2.46,912666,Y2,,,0,14.002,clean
97,36,0,1.42,1,2.25,844181,Y2,,,0,14.545,clean
97,37,0,1.85,1,2.43,73940,Y2,,,0,14.671,clean
97,38,0,1.63,1,2.38,31739,Y2,,,0,14.147,clean
97,39,0,1.71,1,2.26,571579,Y2,,,0,13.518,clean
97,40,0,1.92,1,2.46,411808,Y4,,,0,13.188,clean
97,41,0,1.88,1,2.26,951648,Y2,,,0,13.426,clean
97,42,0,1.84,1,2.51,232905,Y4,,,0,13.906,clean
97,43,0,1.91,1,2.44,464290,Y2,,,0,14.141,clean
97,44,0,1.69,1,2.24,474036,Y4,,,0,13.608,clean
97,45,0,1.77,1,2.46,1253843,Y2,,,0,12.805,clean
97,46,0,1.97,1,2.59,1160502,Y2,,,0,12.275,clean
97,47,0,1.94,1,2.52,389725,Y4,,,0,12.130,clean
97,48,0,1.82,1,2.47,746369,Y2,,,0,12.357,clean
97,49,0,1.68,1,2.32,1347810,Y4,,,0,12.451,clean
97,50,0,2.01,1,2.28,951558,Y4,,,0,11.936,clean
97,51,0,1.75,1,2.37,1291752,Y2,,,0,11.088,clean
97,52,0,2.18,1,2.53,1382053,Y4,,,0,10.298,clean
97,53,0,2.41,1,2.49,27895,Y4,,,0,9.726,clean
97,54,0,2.57,1,2.34,1116693,Y2,0.00/noise-like,0.24/noise-like,0,9.347,hump-note
97,55,0,2.64,1,2.46,1434267,Y2,0.00/noise-like,0.24/noise-like,0,8.869,hump-note
97,56,0,3.19,1,2.47,879943,Y2,0.00/noise-like,0.00/noise-like,0,7.948,hump-note
97,57,0,0,-1,0,0,-,,,6,6.793,QUARANTINE:dark-lane range=58 distinct=59
97,58,0,0,-1,0,0,-,,,0,5.721,QUARANTINE:dark-lane range=54 distinct=50
97,59,0,0,-1,0,0,-,,,0,4.877,QUARANTINE:dark-lane range=45 distinct=45
97,60,0,0,-1,0,0,-,,,0,4.170,QUARANTINE:dark-lane range=41 distinct=37
97,61,0,0,-1,0,0,-,,,0,3.558,QUARANTINE:dark-lane range=32 distinct=33
97,62,0,0,-1,0,0,-,,,0,2.951,QUARANTINE:dark-lane range=25 distinct=26
97,63,0,0,-1,0,0,-,,,0,2.409,QUARANTINE:dark-lane range=21 distinct=22
98,0,0,1.44,317,2.38,12875,Y2,,,0,20.713,clean
98,1,0,1.57,1,2.23,837386,Y2,,,0,19.613,clean
98,2,0,1.64,1,2.36,196964,Y2,,,0,18.586,clean
98,3,0,1.36,1,2.37,114262,Y2,,,0,17.960,clean
98,4,0,1.30,1,2.40,676006,Y2,,,0,17.849,clean
98,5,0,1.56,1,2.39,1357108,Y4,,,0,18.061,clean
98,6,0,1.45,1,2.52,757903,Y4,,,0,18.011,clean
98,7,0,1.53,1,2.45,76711,Y2,,,0,17.455,clean
98,8,0,1.38,1,2.47,685304,Y2,,,0,16.761,clean
98,9,0,1.37,917,2.37,1429796,Y4,,,0,16.235,clean
98,10,0,1.64,1,2.31,1197070,Y4,,,0,16.247,clean
98,11,0,1.88,1,2.39,615835,Y4,,,0,16.632,clean
98,12,0,1.44,1,2.29,662506,Y2,,,0,16.878,clean
98,13,0,1.54,1,2.50,1033634,Y4,,,0,16.717,clean
98,14,0,1.76,1,2.49,396878,Y2,,,0,16.216,clean
98,15,0,1.54,1,2.40,732243,Y2,,,0,15.905,clean
98,16,0,1.73,1,2.43,235409,Y4,,,0,16.208,clean
98,17,0,1.45,1,2.58,539839,Y2,,,0,16.887,clean
98,18,0,1.61,755,2.34,1332968,Y4,,,0,19.241,clean
98,19,0,1.40,508,2.36,308096,Y2,,,0,17.255,clean
98,20,0,1.59,1,2.41,972658,Y4,,,0,16.377,clean
98,21,0,1.65,1,2.39,88334,Y4,,,0,15.608,clean
98,22,0,1.67,1,2.40,191152,Y2,,,0,15.381,clean
98,23,0,1.59,1,2.29,1427829,Y4,,,0,15.737,clean
98,24,0,1.65,1,2.28,1023352,Y4,,,0,16.130,clean
98,25,0,1.93,204,6.80,9030,Y4,0.00/noise-like,0.00/noise-like,9,16.050,FAM-HIT
98,26,0,1.93,1,2.27,392318,Y2,,,0,15.397,clean
98,27,0,1.60,1,2.55,41574,Y2,,,0,14.961,clean
98,28,0,1.61,1,2.29,126153,Y4,,,0,14.476,clean
98,29,0,1.56,1,2.33,371128,Y4,,,0,14.740,clean
98,30,0,1.67,1,2.56,555485,Y4,,,0,15.011,clean
98,31,0,1.71,1,2.55,148773,Y4,,,0,14.968,clean
98,32,0,1.36,318,2.38,923842,Y2,,,0,14.421,clean
98,33,0,1.81,1,2.41,886202,Y4,,,0,13.801,clean
98,34,0,1.61,1,2.53,997692,Y4,,,0,13.653,clean
98,35,0,1.65,1,2.33,1213163,Y4,,,0,14.008,clean
98,36,0,1.64,1,2.36,195712,Y2,,,0,14.547,clean
98,37,0,1.51,1,2.41,243634,Y2,,,0,14.663,clean
98,38,0,1.76,1,2.42,1288623,Y4,,,0,14.177,clean
98,39,0,1.88,1,2.43,768274,Y4,,,0,13.522,clean
98,40,0,1.77,1,2.50,507116,Y2,,,0,13.197,clean
98,41,0,1.82,1,2.50,215471,Y4,,,0,13.439,clean
98,42,0,1.73,1,2.75,847220,Y4,,,0,13.897,clean
98,43,0,1.75,1,2.30,168532,Y4,,,0,14.146,clean
98,44,0,1.67,1,2.41,65535,Y2,,,0,13.612,clean
98,45,0,1.73,1,2.27,353605,Y2,,,0,12.781,clean
98,46,0,1.88,1,2.38,214130,Y4,,,0,12.249,clean
98,47,0,1.96,1,2.42,1025766,Y2,,,0,12.139,clean
98,48,0,2.12,1,2.39,266075,Y2,,,0,12.339,clean
98,49,0,1.98,1,2.38,225753,Y4,,,0,12.444,clean
98,50,0,2.14,1,2.33,1262873,Y4,,,0,11.985,clean
98,51,0,2.13,1,2.56,1357108,Y4,,,0,11.112,clean
98,52,0,2.48,1,2.54,1097471,Y2,,,0,10.304,clean
98,53,0,2.15,1,2.31,732243,Y2,,,0,9.742,clean
98,54,0,2.49,1,2.53,1202255,Y2,,,0,9.345,clean
98,55,0,2.70,1,2.60,25481,Y4,0.24/noise-like,0.24/noise-like,0,8.859,hump-note
98,56,0,3.15,1,2.61,4917,Y2,0.24/noise-like,0.24/noise-like,0,7.949,hump-note
98,57,0,0,-1,0,0,-,,,20,6.804,QUARANTINE:dark-lane range=55 distinct=56
98,58,0,0,-1,0,0,-,,,0,5.708,QUARANTINE:dark-lane range=49 distinct=49
98,59,0,0,-1,0,0,-,,,0,4.874,QUARANTINE:dark-lane range=45 distinct=44
98,60,0,0,-1,0,0,-,,,0,4.163,QUARANTINE:dark-lane range=38 distinct=37
98,61,0,0,-1,0,0,-,,,0,3.557,QUARANTINE:dark-lane range=31 distinct=32
98,62,0,0,-1,0,0,-,,,0,2.954,QUARANTINE:dark-lane range=25 distinct=25
98,63,0,0,-1,0,0,-,,,0,2.409,QUARANTINE:dark-lane range=23 distinct=23
99,0,0,1.35,314,2.37,158608,Y4,,,0,20.725,clean
99,1,0,1.36,246,2.70,1427293,Y2,,,0,19.588,clean
99,2,0,1.42,445,2.23,221819,Y2,,,0,18.550,clean
99,3,0,1.48,1,2.38,1412183,Y2,,,0,17.984,clean
99,4,0,1.63,1,2.40,487447,Y2,,,0,17.858,clean
99,5,0,1.58,1,2.71,815392,Y4,,,0,18.069,clean
99,6,0,1.50,1,2.32,503719,Y2,,,0,17.958,clean
99,7,0,1.49,1,2.38,782490,Y2,,,0,17.455,clean
99,8,0,1.53,1,2.58,959158,Y2,,,0,16.771,clean
99,9,0,1.56,1,2.33,22531,Y4,,,0,16.223,clean
99,10,0,1.51,1,2.50,993669,Y2,,,0,16.265,clean
99,11,0,1.53,1,2.38,182837,Y4,,,0,16.612,clean
99,12,0,1.65,1,2.24,1222998,Y2,,,0,16.866,clean
99,13,0,1.57,1,2.40,876546,Y2,,,0,16.703,clean
99,14,0,1.36,1,2.64,1228184,Y4,,,0,16.195,clean
99,15,0,1.45,1,2.58,1444101,Y2,,,0,15.937,clean
99,16,0,1.68,1,2.36,1051694,Y2,,,0,16.186,clean
99,17,0,1.42,1,2.51,1111150,Y2,,,0,16.877,clean
99,18,0,1.54,745,2.51,1347542,Y2,,,0,19.174,clean
99,19,0,1.48,1,2.73,1408339,Y2,,,0,17.275,clean
99,20,0,1.58,1,2.25,1259565,Y4,,,0,16.368,clean
99,21,0,1.57,1,2.40,895143,Y4,,,0,15.651,clean
99,22,0,1.70,1,2.25,1317769,Y4,,,0,15.390,clean
99,23,0,1.48,1,2.47,1397431,Y4,,,0,15.715,clean
99,24,0,1.56,1,2.35,374883,Y2,,,0,16.117,clean
99,25,0,1.93,204,2.51,215918,Y4,,,0,16.022,clean
99,26,0,1.49,1,2.39,852495,Y4,,,0,15.386,clean
99,27,0,1.54,625,2.58,626296,Y2,,,0,14.941,clean
99,28,0,1.61,1,2.26,94593,Y4,,,0,14.457,clean
99,29,0,1.64,1,2.45,941813,Y2,,,0,14.707,clean
99,30,0,1.54,1,2.35,705868,Y4,,,0,15.035,clean
99,31,0,1.72,1,2.30,227183,Y4,,,0,14.999,clean
99,32,0,1.41,273,2.38,1209229,Y4,,,0,14.397,clean
99,33,0,1.64,1,2.37,583828,Y4,,,0,13.808,clean
99,34,0,1.73,1,2.56,42021,Y2,,,0,13.623,clean
99,35,0,1.51,1,2.47,873506,Y2,,,0,14.031,clean
99,36,0,1.58,1,2.62,791878,Y4,,,0,14.532,clean
99,37,0,1.68,1,2.40,236839,Y2,,,0,14.671,clean
99,38,0,1.40,1,2.31,833362,Y4,,,0,14.201,clean
99,39,0,1.77,1,2.43,1026928,Y4,,,0,13.496,clean
99,40,0,1.64,1,2.23,280559,Y4,,,0,13.200,clean
99,41,0,1.79,1,2.43,133395,Y2,,,0,13.412,clean
99,42,0,1.57,1,2.27,210553,Y4,,,0,13.899,clean
99,43,0,1.57,1,2.99,744224,Y2,,,0,14.129,clean
99,44,0,1.72,1,2.50,197142,Y2,,,0,13.621,clean
99,45,0,2.01,1,2.43,575155,Y2,,,0,12.788,clean
99,46,0,1.64,1,2.66,133216,Y4,,,0,12.277,clean
99,47,0,1.90,1,2.45,5811,Y4,,,0,12.120,clean
99,48,0,1.92,1,2.34,232995,Y2,,,0,12.365,clean
99,49,0,1.96,1,2.46,467062,Y4,,,0,12.431,clean
99,50,0,2.04,1,2.29,1259118,Y4,,,0,11.950,clean
99,51,0,1.95,1,2.61,660807,Y2,,,0,11.087,clean
99,52,0,2.19,1,2.39,738323,Y2,,,0,10.289,clean
99,53,0,2.59,1,2.38,413150,Y2,0.00/noise-like,0.00/noise-like,0,9.728,hump-note
99,54,0,2.89,1,2.39,113010,Y4,0.24/noise-like,0.24/noise-like,0,9.357,hump-note
99,55,0,2.73,1,2.36,9388,Y2,0.00/noise-like,0.00/noise-like,0,8.867,hump-note
99,56,0,3.23,1,2.77,1070112,Y4,0.00/noise-like,0.00/noise-like,0,7.959,hump-note
99,57,0,0,-1,0,0,-,,,0,6.776,QUARANTINE:dark-lane range=65 distinct=60
99,58,0,0,-1,0,0,-,,,0,5.729,QUARANTINE:dark-lane range=51 distinct=49
99,59,0,0,-1,0,0,-,,,0,4.878,QUARANTINE:dark-lane range=41 distinct=42
99,60,0,0,-1,0,0,-,,,0,4.161,QUARANTINE:dark-lane range=37 distinct=36
99,61,0,0,-1,0,0,-,,,0,3.558,QUARANTINE:dark-lane range=32 distinct=33
99,62,0,0,-1,0,0,-,,,0,2.954,QUARANTINE:dark-lane range=27 distinct=27
99,63,0,0,-1,0,0,-,,,0,2.404,QUARANTINE:dark-lane range=21 distinct=21
100,0,0,1.39,123,2.87,125170,Y4,,,0,20.747,clean
100,1,0,1.47,1,2.71,1418799,Y2,,,0,19.591,clean
100,2,0,1.35,1007,2.39,198394,Y4,,,0,18.570,clean
100,3,0,1.42,1,2.27,48369,Y2,,,0,17.979,clean
100,4,0,1.39,1304,2.42,1429081,Y4,,,0,17.836,clean
100,5,0,1.40,1,2.54,587136,Y2,,,0,18.046,clean
100,6,0,1.54,1,2.98,74834,Y2,,,0,18.000,clean
100,7,0,1.44,1,2.39,1038015,Y2,,,0,17.436,clean
100,8,0,1.54,1,2.47,1077354,Y4,,,0,16.726,clean
100,9,0,1.61,1,2.37,174612,Y4,,,0,16.230,clean
100,10,0,1.61,1,2.41,916243,Y4,,,0,16.235,clean
100,11,0,1.54,1,2.29,988036,Y2,,,0,16.639,clean
100,12,0,1.53,1,2.43,578105,Y4,,,0,16.882,clean
100,13,0,1.36,245,2.37,825942,Y2,,,0,16.694,clean
100,14,0,1.37,1,2.53,323921,Y4,,,0,16.228,clean
100,15,0,1.88,1,2.61,939667,Y2,,,0,15.923,clean
100,16,0,1.49,1,2.48,573456,Y2,,,0,16.194,clean
100,17,0,1.76,1,2.50,78410,Y4,,,0,16.841,clean
100,18,0,1.67,747,2.49,327498,Y2,,,0,19.200,clean
100,19,0,1.62,1,2.56,1025587,Y2,,,0,17.263,clean
100,20,0,1.56,1,2.31,27716,Y2,,,0,16.384,clean
100,21,0,1.72,1,2.36,988483,Y2,,,0,15.660,clean
100,22,0,1.64,1,2.31,1390815,Y2,,,0,15.413,clean
100,23,0,1.55,1,2.47,535190,Y4,,,0,15.725,clean
100,24,0,1.61,1,2.43,786781,Y2,,,0,16.144,clean
100,25,0,2.22,204,2.48,329822,Y4,,,0,15.991,clean
100,26,0,1.80,1,2.36,361115,Y2,,,0,15.374,clean
100,27,0,1.73,1,2.96,350654,Y2,,,0,15.020,clean
100,28,0,1.50,1,2.49,691831,Y4,,,0,14.452,clean
100,29,0,1.61,1,2.49,1179188,Y4,,,0,14.658,clean
100,30,0,1.53,1,2.38,96291,Y4,,,0,15.023,clean
100,31,0,1.52,1,2.40,9298,Y4,,,0,14.979,clean
100,32,0,1.33,314,2.57,786334,Y2,,,0,14.399,clean
100,33,0,1.69,1,2.42,301749,Y4,,,0,13.797,clean
100,34,0,1.44,1,2.41,1277536,Y2,,,0,13.619,clean
100,35,0,1.53,1,2.64,617176,Y4,,,0,14.006,clean
100,36,0,1.57,1,2.41,295401,Y2,,,0,14.543,clean
100,37,0,1.78,1,2.67,1162738,Y4,,,0,14.665,clean
100,38,0,1.60,1,2.52,907928,Y4,,,0,14.162,clean
100,39,0,1.85,1,2.31,705421,Y4,,,0,13.509,clean
100,40,0,1.42,1362,2.73,22888,Y4,,,0,13.207,clean
100,41,0,1.83,1,2.38,556022,Y4,,,0,13.414,clean
100,42,0,1.56,1,2.32,1267880,Y4,,,0,13.885,clean
100,43,0,1.62,1,2.98,693083,Y4,,,0,14.124,clean
100,44,0,2.01,1,2.34,1317769,Y4,,,0,13.618,clean
100,45,0,1.73,1,2.35,1364172,Y4,,,0,12.809,clean
100,46,0,1.87,1,2.35,165045,Y4,,,0,12.260,clean
100,47,0,1.81,1,2.38,552982,Y2,,,0,12.127,clean
100,48,0,1.82,1,2.39,362009,Y2,,,0,12.335,clean
100,49,0,2.20,1,2.44,1008689,Y2,,,0,12.435,clean
100,50,0,2.01,1,2.41,621021,Y4,,,0,11.938,clean
100,51,0,1.98,1,2.25,899434,Y2,,,0,11.087,clean
100,52,0,2.41,1,2.26,65982,Y2,,,0,10.277,clean
100,53,0,2.31,1,2.34,888884,Y4,,,0,9.723,clean
100,54,0,2.37,1,2.42,474483,Y2,,,0,9.350,clean
100,55,0,2.78,1,2.31,676990,Y2,0.00/noise-like,0.00/noise-like,0,8.857,hump-note
100,56,0,3.20,1,2.36,489146,Y4,0.00/noise-like,0.00/noise-like,0,7.949,hump-note
100,57,0,0,-1,0,0,-,,,0,6.783,QUARANTINE:dark-lane range=59 distinct=58
100,58,0,0,-1,0,0,-,,,0,5.733,QUARANTINE:dark-lane range=52 distinct=50
100,59,0,0,-1,0,0,-,,,0,4.877,QUARANTINE:dark-lane range=43 distinct=43
100,60,0,0,-1,0,0,-,,,0,4.170,QUARANTINE:dark-lane range=35 distinct=36
100,61,0,0,-1,0,0,-,,,0,3.555,QUARANTINE:dark-lane range=30 distinct=31
100,62,0,0,-1,0,0,-,,,0,2.957,QUARANTINE:dark-lane range=24 distinct=25
100,63,0,0,-1,0,0,-,,,0,2.409,QUARANTINE:dark-lane range=19 distinct=20
101,0,0,1.43,1286,2.35,1279682,Y2,,,0,20.723,clean
101,1,0,1.43,1347,2.27,60886,Y2,,,0,19.612,clean
101,2,0,1.42,1643,2.39,574529,Y2,,,0,18.556,clean
101,3,0,1.44,1,2.35,560939,Y2,,,0,18.021,clean
101,4,0,1.31,527,2.85,1017183,Y2,,,0,17.863,clean
101,5,0,1.49,1,2.18,1241952,Y4,,,0,18.059,clean
101,6,0,1.71,1,2.43,795275,Y4,,,0,17.976,clean
101,7,0,1.38,1,2.42,110686,Y4,,,0,17.435,clean
101,8,0,1.47,1,2.25,1239181,Y4,,,0,16.759,clean
101,9,0,1.71,1,2.38,932515,Y2,,,0,16.215,clean
101,10,0,1.49,1,2.39,1267523,Y2,,,0,16.229,clean
101,11,0,1.35,1,2.40,360936,Y2,,,0,16.605,clean
101,12,0,1.38,1,2.34,679761,Y4,,,0,16.894,clean
101,13,0,1.65,1,2.36,759780,Y4,,,0,16.693,clean
101,14,0,1.53,1,2.31,1224071,Y2,,,0,16.216,clean
101,15,0,1.69,1,2.75,15736,Y4,,,0,15.909,clean
101,16,0,1.41,1,2.41,578105,Y2,,,0,16.214,clean
101,17,0,1.38,1,2.56,686735,Y4,,,0,16.843,clean
101,18,0,1.58,715,2.46,451773,Y4,,,0,19.186,clean
101,19,0,1.42,1,2.39,38266,Y4,,,0,17.212,clean
101,20,0,1.49,1,2.39,541896,Y2,,,0,16.338,clean
101,21,0,1.84,1,2.77,464380,Y2,,,0,15.640,clean
101,22,0,1.72,1,2.59,1427561,Y4,,,0,15.409,clean
101,23,0,1.38,992,2.42,1090944,Y4,,,0,15.751,clean
101,24,0,1.54,1,2.41,25839,Y2,,,0,16.153,clean
101,25,0,2.04,204,2.31,592321,Y2,,,0,16.024,clean
101,26,0,1.68,1,2.36,317663,Y4,,,0,15.407,clean
101,27,0,1.69,1,2.28,1028538,Y2,,,0,14.977,clean
101,28,0,1.78,1,2.37,914186,Y4,,,0,14.451,clean
101,29,0,1.54,1,2.22,1105160,Y4,,,0,14.694,clean
101,30,0,1.69,1,2.60,1464844,Y4,,,0,15.021,clean
101,31,0,1.82,1,2.27,1252,Y4,,,0,14.967,clean
101,32,0,1.39,956,2.44,987679,Y4,,,0,14.403,clean
101,33,0,1.80,1,2.55,894,Y2,,,0,13.811,clean
101,34,0,1.77,1,2.27,355035,Y4,,,0,13.632,clean
101,35,0,1.65,1,2.36,907749,Y2,,,0,14.011,clean
101,36,0,1.44,1,2.41,1172662,Y4,,,0,14.539,clean
101,37,0,1.38,1,2.50,481099,Y2,,,0,14.679,clean
101,38,0,1.58,1,2.38,27627,Y4,,,0,14.180,clean
101,39,0,1.93,1,2.50,1234978,Y4,,,0,13.531,clean
101,40,0,1.74,1,2.34,495404,Y4,,,0,13.237,clean
101,41,0,1.62,1,2.65,500232,Y2,,,0,13.421,clean
101,42,0,1.50,1,2.34,1385987,Y4,,,0,13.887,clean
101,43,0,1.72,1,2.32,359684,Y4,,,0,14.103,clean
101,44,0,1.56,1,2.45,842571,Y2,,,0,13.652,clean
101,45,0,1.75,1,2.41,485837,Y2,,,0,12.797,clean
101,46,0,1.92,1,2.56,1393229,Y2,,,0,12.268,clean
101,47,0,1.72,1,2.55,1201987,Y4,,,0,12.134,clean
101,48,0,1.77,1,2.43,1380712,Y4,,,0,12.365,clean
101,49,0,1.87,1,2.44,371933,Y4,,,0,12.411,clean
101,50,0,2.19,1,2.31,208229,Y2,,,0,11.942,clean
101,51,0,2.09,1,2.42,897020,Y2,,,0,11.085,clean
101,52,0,2.23,1,2.40,346184,Y4,,,0,10.271,clean
101,53,0,2.22,1,2.39,635415,Y2,,,0,9.722,clean
101,54,0,2.82,1,2.27,821918,Y4,0.24/noise-like,0.00/noise-like,0,9.371,hump-note
101,55,0,2.65,1,2.38,283152,Y2,0.00/noise-like,0.00/noise-like,0,8.872,hump-note
101,56,0,3.15,1,2.80,156999,Y4,0.00/noise-like,0.24/noise-like,0,7.957,hump-note
101,57,0,0,-1,0,0,-,,,0,6.784,QUARANTINE:dark-lane range=58 distinct=57
101,58,0,0,-1,0,0,-,,,0,5.728,QUARANTINE:dark-lane range=52 distinct=51
101,59,0,0,-1,0,0,-,,,0,4.881,QUARANTINE:dark-lane range=42 distinct=43
101,60,0,0,-1,0,0,-,,,0,4.164,QUARANTINE:dark-lane range=36 distinct=36
101,61,0,0,-1,0,0,-,,,0,3.558,QUARANTINE:dark-lane range=33 distinct=33
101,62,0,0,-1,0,0,-,,,0,2.955,QUARANTINE:dark-lane range=25 distinct=26
101,63,0,0,-1,0,0,-,,,0,2.403,QUARANTINE:dark-lane range=20 distinct=21
102,0,0,1.34,231,2.58,201255,Y2,,,0,20.698,clean
102,1,0,1.39,1377,2.69,490040,Y4,,,0,19.591,clean
102,2,0,1.44,1,2.45,881732,Y4,,,0,18.566,clean
102,3,0,1.40,1,2.58,841767,Y4,,,0,17.979,clean
102,4,0,1.44,1339,2.32,281006,Y2,,,0,17.857,clean
102,5,0,1.56,1,2.58,112742,Y2,,,0,18.035,clean
102,6,0,1.39,698,2.57,1158267,Y2,,,0,17.998,clean
102,7,0,1.33,1,2.39,231385,Y4,,,0,17.460,clean
102,8,0,1.73,1,2.26,837386,Y2,,,0,16.751,clean
102,9,0,1.43,1,2.31,477344,Y4,,,0,16.235,clean
102,10,0,1.60,1,2.25,485927,Y4,,,0,16.243,clean
102,11,0,1.47,1,2.51,1367390,Y2,,,0,16.607,clean
102,12,0,1.53,1,2.49,235498,Y4,,,0,16.896,clean
102,13,0,1.62,1,2.37,149757,Y4,,,0,16.717,clean
102,14,0,1.60,1,2.28,384182,Y4,,,0,16.204,clean
102,15,0,1.45,1,2.42,924826,Y4,,,0,15.935,clean
102,16,0,1.52,1,2.52,1211822,Y4,,,0,16.182,clean
102,17,0,1.54,1,2.60,332594,Y4,,,0,16.881,clean
102,18,0,1.61,707,2.44,763267,Y4,,,0,19.189,clean
102,19,0,1.82,1,2.48,1126349,Y2,,,0,17.267,clean
102,20,0,1.41,1468,2.54,715971,Y2,,,0,16.339,clean
102,21,0,1.68,1,2.38,814676,Y4,,,0,15.653,clean
102,22,0,1.62,1,2.41,903994,Y4,,,0,15.389,clean
102,23,0,1.46,1,2.33,359952,Y2,,,0,15.748,clean
102,24,0,1.72,1,2.45,1034617,Y4,,,0,16.158,clean
102,25,0,1.98,204,2.60,67502,Y4,,,0,16.017,clean
102,26,0,1.38,1,2.91,813693,Y4,,,0,15.380,clean
102,27,0,1.66,621,2.44,24408,Y4,,,0,14.967,clean
102,28,0,1.80,1,2.33,218600,Y2,,,0,14.451,clean
102,29,0,1.82,1,2.31,941366,Y4,,,0,14.642,clean
102,30,0,1.41,1,2.38,969976,Y2,,,0,15.007,clean
102,31,0,1.99,1,2.30,501215,Y4,,,0,14.998,clean
102,32,0,1.36,826,2.37,1240879,Y4,,,0,14.451,clean
102,33,0,1.86,1,2.40,1015574,Y2,,,0,13.816,clean
102,34,0,1.87,1,2.49,1249909,Y2,,,0,13.644,clean
102,35,0,1.47,1,2.17,547349,Y2,,,0,14.035,clean
102,36,0,1.76,1,2.40,535816,Y4,,,0,14.576,clean
102,37,0,1.53,1,2.36,97096,Y4,,,0,14.669,clean
102,38,0,1.85,1,2.80,608593,Y4,,,0,14.162,clean
102,39,0,1.75,1,2.23,58830,Y2,,,0,13.525,clean
102,40,0,1.87,1,2.44,671357,Y2,,,0,13.190,clean
102,41,0,1.76,1,2.55,297993,Y4,,,0,13.422,clean
102,42,0,1.67,1,2.50,1177311,Y4,,,0,13.885,clean
102,43,0,1.57,1,2.38,442386,Y2,,,0,14.129,clean
102,44,0,1.75,1,2.45,33528,Y4,,,0,13.615,clean
102,45,0,1.90,1,2.35,917137,Y2,,,0,12.800,clean
102,46,0,2.15,1,2.83,57489,Y2,,,0,12.275,clean
102,47,0,2.38,1,2.61,1328230,Y4,,,0,12.115,clean
102,48,0,1.79,1,2.82,1423001,Y4,,,0,12.342,clean
102,49,0,1.76,1,2.24,371665,Y2,,,0,12.420,clean
102,50,0,2.06,1,2.64,401348,Y4,,,0,11.934,clean
102,51,0,2.12,1,2.40,1215130,Y4,,,0,11.092,clean
102,52,0,2.23,1,2.36,835687,Y4,,,0,10.289,clean
102,53,0,2.49,1,2.52,987500,Y4,,,0,9.744,clean
102,54,0,2.70,1,2.33,812799,Y2,0.00/noise-like,0.24/noise-like,0,9.357,hump-note
102,55,0,2.81,1,2.55,460446,Y4,0.00/noise-like,0.00/noise-like,0,8.866,hump-note
102,56,0,2.90,1,119.59,1431,Y4,0.00/noise-like,0.00/noise-like,5,8.174,FAM-HIT
102,57,0,0,-1,0,0,-,,,0,6.778,QUARANTINE:dark-lane range=56 distinct=56
102,58,0,0,-1,0,0,-,,,0,5.748,QUARANTINE:dark-lane range=50 distinct=50
102,59,0,0,-1,0,0,-,,,0,4.876,QUARANTINE:dark-lane range=44 distinct=43
102,60,0,0,-1,0,0,-,,,0,4.169,QUARANTINE:dark-lane range=37 distinct=37
102,61,0,0,-1,0,0,-,,,0,3.565,QUARANTINE:dark-lane range=31 distinct=31
102,62,0,0,-1,0,0,-,,,0,2.955,QUARANTINE:dark-lane range=27 distinct=28
102,63,0,0,-1,0,0,-,,,0,2.406,QUARANTINE:dark-lane range=21 distinct=22
103,0,0,1.42,665,2.37,1195550,Y4,,,0,20.717,clean
103,1,0,1.46,1,2.44,309974,Y4,,,0,19.588,clean
103,2,0,1.55,1,2.44,34958,Y4,,,0,18.593,clean
103,3,0,1.66,1,2.34,1314908,Y4,,,0,17.964,clean
103,4,0,1.37,1,2.39,177026,Y2,,,0,17.841,clean
103,5,0,1.44,327,2.46,649899,Y2,,,0,18.021,clean
103,6,0,1.45,1,2.68,781953,Y4,,,0,18.003,clean
103,7,0,1.57,1,2.49,374168,Y2,,,0,17.433,clean
103,8,0,1.53,1,2.49,213146,Y2,,,0,16.754,clean
103,9,0,1.63,1,2.48,795543,Y4,,,0,16.233,clean
103,10,0,1.35,1,2.36,237733,Y2,,,0,16.235,clean
103,11,0,1.48,1,2.34,1104534,Y4,,,0,16.613,clean
103,12,0,1.55,1,2.49,649184,Y4,,,0,16.912,clean
103,13,0,1.56,1,2.64,1215667,Y2,,,0,16.702,clean
103,14,0,1.87,1,2.53,25749,Y2,,,0,16.194,clean
103,15,0,1.85,1,2.35,728846,Y2,,,0,15.926,clean
103,16,0,1.52,1,2.55,4739,Y2,,,0,16.190,clean
103,17,0,1.53,1,2.44,1211196,Y2,,,0,16.856,clean
103,18,0,1.63,732,2.33,316590,Y4,,,0,19.169,clean
103,19,0,1.42,1087,2.69,489146,Y2,,,0,17.215,clean
103,20,0,1.38,1455,2.51,1456171,Y4,,,0,16.347,clean
103,21,0,1.60,1,2.31,171840,Y4,,,0,15.646,clean
103,22,0,1.64,1,2.23,1441956,Y2,,,0,15.417,clean
103,23,0,1.49,1,2.35,609666,Y4,,,0,15.738,clean
103,24,0,1.46,1,2.35,602067,Y2,,,0,16.139,clean
103,25,0,1.98,204,2.32,1288891,Y2,,,1,16.025,clean
103,26,0,1.64,1,2.49,340194,Y2,,,0,15.393,clean
103,27,0,1.76,1,2.61,214845,Y2,,,0,14.993,clean
103,28,0,1.73,1,2.56,1328856,Y2,,,0,14.465,clean
103,29,0,1.54,1,2.76,604928,Y4,,,0,14.694,clean
103,30,0,1.75,1,2.87,766575,Y4,,,0,15.031,clean
103,31,0,1.81,1,2.51,536710,Y4,,,0,15.010,clean
103,32,0,1.36,502,2.37,93698,Y2,,,0,14.429,clean
103,33,0,1.74,1,2.64,676632,Y2,,,0,13.796,clean
103,34,0,1.79,1,2.41,129640,Y2,,,0,13.647,clean
103,35,0,1.63,1,2.35,610471,Y4,,,0,14.025,clean
103,36,0,1.67,1,2.44,170052,Y4,,,0,14.552,clean
103,37,0,1.67,1,2.54,888526,Y2,,,0,14.679,clean
103,38,0,1.62,1,2.13,561208,Y2,,,0,14.187,clean
103,39,0,1.78,1,2.37,8315,Y2,,,0,13.526,clean
103,40,0,1.72,1,2.57,829250,Y2,,,0,13.194,clean
103,41,0,1.42,1,2.18,1265287,Y2,,,0,13.408,clean
103,42,0,1.96,1,2.46,61423,Y2,,,0,13.900,clean
103,43,0,1.75,1,2.48,288874,Y2,,,0,14.159,clean
103,44,0,1.90,1,2.37,1305074,Y2,,,0,13.605,clean
103,45,0,1.79,1,2.46,71615,Y4,,,0,12.795,clean
103,46,0,1.94,1,2.72,213861,Y4,,,0,12.256,clean
103,47,0,1.91,1,2.41,713915,Y4,,,0,12.144,clean
103,48,0,1.54,1234,2.51,418693,Y4,,,0,12.355,clean
103,49,0,2.15,1,2.51,1055181,Y2,,,0,12.441,clean
103,50,0,1.79,1,2.39,1041412,Y4,,,0,11.949,clean
103,51,0,1.93,1,2.40,1029789,Y4,,,0,11.087,clean
103,52,0,2.30,1,2.39,248194,Y2,,,0,10.302,clean
103,53,0,2.18,1,2.57,67413,Y2,,,0,9.734,clean
103,54,0,2.38,1,2.40,697196,Y4,,,0,9.365,clean
103,55,0,2.60,1,2.42,1410663,Y4,0.00/noise-like,0.24/noise-like,0,8.862,hump-note
103,56,0,2.84,1,2.37,936806,Y2,0.00/noise-like,0.24/noise-like,0,7.971,hump-note
103,57,0,0,-1,0,0,-,,,1,6.783,QUARANTINE:dark-lane range=63 distinct=59
103,58,0,0,-1,0,0,-,,,0,5.744,QUARANTINE:dark-lane range=53 distinct=51
103,59,0,0,-1,0,0,-,,,0,4.883,QUARANTINE:dark-lane range=41 distinct=42
103,60,0,0,-1,0,0,-,,,0,4.165,QUARANTINE:dark-lane range=35 distinct=35
103,61,0,0,-1,0,0,-,,,0,3.555,QUARANTINE:dark-lane range=32 distinct=31
103,62,0,0,-1,0,0,-,,,0,2.960,QUARANTINE:dark-lane range=25 distinct=26
103,63,0,0,-1,0,0,-,,,0,2.407,QUARANTINE:dark-lane range=21 distinct=22
104,0,0,1.32,367,2.47,1408964,Y2,,,0,20.710,clean
104,1,0,1.64,1,2.38,305951,Y4,,,0,19.595,clean
104,2,0,1.45,1,2.67,92894,Y2,,,0,18.557,clean
104,3,0,1.43,1,2.35,975788,Y4,,,0,18.004,clean
104,4,0,1.42,1,2.57,890404,Y2,,,0,17.845,clean
104,5,0,1.36,1369,2.40,61154,Y2,,,0,18.042,clean
104,6,0,1.48,1,2.49,1348615,Y2,,,0,17.986,clean
104,7,0,1.38,1,2.31,772476,Y2,,,0,17.458,clean
104,8,0,1.32,483,2.32,1243740,Y4,,,0,16.755,clean
104,9,0,1.60,1,2.58,1389474,Y4,,,0,16.239,clean
104,10,0,1.44,1,2.21,1153350,Y2,,,0,16.238,clean
104,11,0,1.68,1,2.42,876278,Y4,,,0,16.600,clean
104,12,0,1.35,784,2.46,336170,Y2,,,0,16.854,clean
104,13,0,1.47,1,2.38,863582,Y2,,,0,16.714,clean
104,14,0,1.48,1,2.23,21547,Y2,,,0,16.229,clean
104,15,0,1.49,1,2.39,301212,Y4,,,0,15.939,clean
104,16,0,1.72,1,2.35,933498,Y2,,,0,16.202,clean
104,17,0,1.45,1,2.31,1139849,Y4,,,0,16.889,clean
104,18,0,1.72,773,2.33,117928,Y4,,,0,19.199,clean
104,19,0,1.40,1477,2.34,985533,Y4,,,0,17.252,clean
104,20,0,1.43,1110,2.31,523120,Y2,,,0,16.352,clean
104,21,0,1.60,1,2.45,537425,Y4,,,0,15.649,clean
104,22,0,1.51,1,2.29,9477,Y2,,,0,15.384,clean
104,23,0,1.41,1,2.33,162542,Y2,,,0,15.749,clean
104,24,0,1.57,1,2.30,788301,Y2,,,0,16.141,clean
104,25,0,2.21,204,2.35,482798,Y4,,,1,16.015,clean
104,26,0,1.58,1,2.61,379533,Y2,,,0,15.412,clean
104,27,0,1.76,1,2.41,426292,Y2,,,0,14.996,clean
104,28,0,1.88,1,2.40,275731,Y2,,,0,14.436,clean
104,29,0,1.54,1,2.50,1349151,Y2,,,0,14.694,clean
104,30,0,1.50,1,2.36,1364708,Y2,,,0,15.031,clean
104,31,0,1.37,1,2.46,1309097,Y2,,,0,14.978,clean
104,32,0,1.43,890,2.54,130087,Y2,,,0,14.439,clean
104,33,0,1.43,1,2.70,39876,Y2,,,0,13.785,clean
104,34,0,1.60,1,2.47,20653,Y4,,,0,13.649,clean
104,35,0,1.76,1,2.52,338048,Y2,,,0,14.013,clean
104,36,0,1.48,1,2.36,15736,Y2,,,0,14.538,clean
104,37,0,1.54,1,2.50,537246,Y2,,,0,14.687,clean
104,38,0,1.63,1,2.38,1156121,Y4,,,0,14.196,clean
104,39,0,1.78,1,2.54,26286,Y2,,,0,13.495,clean
104,40,0,1.89,1,2.40,579000,Y2,,,0,13.214,clean
104,41,0,1.93,1,2.29,1064032,Y4,,,0,13.439,clean
104,42,0,1.69,1,2.28,228435,Y2,,,0,13.883,clean
104,43,0,1.59,1,2.34,118732,Y2,,,0,14.131,clean
104,44,0,1.65,1,2.37,180781,Y2,,,0,13.609,clean
104,45,0,1.78,1,2.55,844628,Y2,,,0,12.798,clean
104,46,0,1.80,1,2.66,644982,Y2,,,0,12.275,clean
104,47,0,2.05,1,2.36,208229,Y4,,,0,12.128,clean
104,48,0,1.62,1234,2.37,1387596,Y4,,,0,12.323,clean
104,49,0,1.95,1,2.35,1341999,Y2,,,0,12.432,clean
104,50,0,1.84,1,2.44,933051,Y4,,,0,11.941,clean
104,51,0,2.32,1,2.42,500411,Y2,,,0,11.105,clean
104,52,0,2.21,1,2.31,79930,Y4,,,0,10.293,clean
104,53,0,2.56,1,2.50,155836,Y2,0.00/noise-like,0.00/noise-like,0,9.743,hump-note
104,54,0,2.90,1,2.33,1032561,Y2,0.00/noise-like,0.00/noise-like,0,9.372,hump-note
104,55,0,2.95,1,2.38,803590,Y4,0.00/noise-like,0.24/noise-like,0,8.876,hump-note
104,56,0,3.70,1,2.40,502378,Y2,0.00/noise-like,0.00/noise-like,0,7.969,hump-note
104,57,0,0,-1,0,0,-,,,0,6.798,QUARANTINE:dark-lane range=67 distinct=60
104,58,0,0,-1,0,0,-,,,0,5.714,QUARANTINE:dark-lane range=49 distinct=50
104,59,0,0,-1,0,0,-,,,0,4.874,QUARANTINE:dark-lane range=42 distinct=42
104,60,0,0,-1,0,0,-,,,0,4.168,QUARANTINE:dark-lane range=35 distinct=36
104,61,0,0,-1,0,0,-,,,0,3.564,QUARANTINE:dark-lane range=33 distinct=33
104,62,0,0,-1,0,0,-,,,0,2.960,QUARANTINE:dark-lane range=26 distinct=27
104,63,0,0,-1,0,0,-,,,0,2.409,QUARANTINE:dark-lane range=24 distinct=23
105,0,0,1.33,451,2.47,1426846,Y4,,,0,20.714,clean
105,1,0,1.48,1,2.28,909001,Y2,,,0,19.635,clean
105,2,0,1.41,1166,2.22,898361,Y4,,,0,18.547,clean
105,3,0,1.45,1,2.42,289768,Y4,,,0,17.976,clean
105,4,0,1.41,1,2.36,1302481,Y2,,,0,17.861,clean
105,5,0,1.49,1,2.60,75012,Y2,,,0,18.067,clean
105,6,0,1.51,1,2.35,430495,Y2,,,0,17.972,clean
105,7,0,1.40,1167,2.27,1073331,Y4,,,0,17.411,clean
105,8,0,1.57,1,2.78,898987,Y4,,,0,16.769,clean
105,9,0,1.60,1,2.42,1072615,Y2,,,0,16.261,clean
105,10,0,1.54,1,2.45,439167,Y4,,,0,16.250,clean
105,11,0,1.44,1,2.39,1126528,Y4,,,0,16.646,clean
105,12,0,1.38,1486,2.32,568450,Y2,,,0,16.896,clean
105,13,0,1.36,1006,2.41,1118034,Y4,,,0,16.713,clean
105,14,0,1.68,1,2.26,1115263,Y4,,,0,16.217,clean
105,15,0,1.67,1,2.43,325620,Y2,,,0,15.921,clean
105,16,0,1.62,1,2.42,1261175,Y2,,,0,16.196,clean
105,17,0,1.40,1,2.58,324190,Y2,,,0,16.888,clean
105,18,0,1.72,812,2.47,235498,Y4,,,0,19.188,clean
105,19,0,1.44,1,2.28,512481,Y2,,,0,17.247,clean
105,20,0,1.36,1,2.52,228077,Y2,,,0,16.347,clean
105,21,0,1.58,1,2.51,821203,Y2,,,0,15.653,clean
105,22,0,1.33,1412,2.51,439614,Y4,,,0,15.404,clean
105,23,0,1.44,1220,2.56,1305431,Y2,,,0,15.750,clean
105,24,0,1.41,1,2.51,469208,Y2,,,0,16.157,clean
105,25,0,2.15,204,7.51,536,Y4,0.24/noise-like,0.24/noise-like,5,15.993,FAM-HIT
105,26,0,1.73,1,2.41,134557,Y2,,,0,15.385,clean
105,27,0,1.81,1,2.49,1216829,Y2,,,0,14.973,clean
105,28,0,1.54,1,2.34,1154602,Y4,,,0,14.482,clean
105,29,0,1.58,1,2.43,326425,Y4,,,0,14.689,clean
105,30,0,1.74,1,2.69,33349,Y4,,,0,15.013,clean
105,31,0,1.67,1,2.53,16004,Y2,,,0,14.968,clean
105,32,0,1.41,1024,2.53,109524,Y4,,,0,14.400,clean
105,33,0,1.52,1,2.50,908196,Y4,,,0,13.814,clean
105,34,0,1.70,1,2.43,433534,Y2,,,0,13.648,clean
105,35,0,1.69,1,2.36,661701,Y2,,,0,13.984,clean
105,36,0,1.69,1,2.42,727504,Y2,,,0,14.541,clean
105,37,0,2.04,1,2.75,336528,Y4,,,0,14.650,clean
105,38,0,1.97,1,2.43,1107216,Y4,,,0,14.162,clean
105,39,0,1.57,1,2.48,961035,Y2,,,0,13.487,clean
105,40,0,1.91,1,2.45,973195,Y2,,,0,13.192,clean
105,41,0,1.84,1,2.23,173986,Y2,,,0,13.413,clean
105,42,0,1.65,1,2.49,712574,Y4,,,0,13.874,clean
105,43,0,1.62,1,2.29,559866,Y4,,,0,14.144,clean
105,44,0,1.92,1,2.43,845611,Y4,,,0,13.624,clean
105,45,0,1.89,1,2.33,403851,Y2,,,0,12.801,clean
105,46,0,1.92,1,2.72,152081,Y2,,,0,12.276,clean
105,47,0,1.77,1,2.36,692546,Y4,,,0,12.146,clean
105,48,0,1.78,1,2.33,282884,Y2,,,0,12.343,clean
105,49,0,1.74,1,2.43,133127,Y2,,,0,12.425,clean
105,50,0,2.03,1,2.40,544935,Y4,,,0,11.953,clean
105,51,0,2.13,1,2.34,1282632,Y4,,,0,11.079,clean
105,52,0,2.23,1,2.32,606447,Y4,,,0,10.279,clean
105,53,0,2.57,1,2.36,726789,Y4,0.24/noise-like,0.00/noise-like,0,9.738,hump-note
105,54,0,2.59,1,2.70,121772,Y2,0.00/noise-like,0.00/noise-like,0,9.362,hump-note
105,55,0,2.41,1,2.58,1363099,Y2,,,0,8.854,clean
105,56,0,3.32,1,2.39,352979,Y4,0.00/noise-like,0.00/noise-like,0,7.943,hump-note
105,57,0,0,-1,0,0,-,,,7,6.796,QUARANTINE:dark-lane range=56 distinct=57
105,58,0,0,-1,0,0,-,,,0,5.736,QUARANTINE:dark-lane range=50 distinct=51
105,59,0,0,-1,0,0,-,,,0,4.886,QUARANTINE:dark-lane range=39 distinct=40
105,60,0,0,-1,0,0,-,,,0,4.166,QUARANTINE:dark-lane range=36 distinct=37
105,61,0,0,-1,0,0,-,,,0,3.560,QUARANTINE:dark-lane range=31 distinct=32
105,62,0,0,-1,0,0,-,,,0,2.956,QUARANTINE:dark-lane range=25 distinct=26
105,63,0,0,-1,0,0,-,,,0,2.407,QUARANTINE:dark-lane range=22 distinct=22
106,0,0,1.34,232,2.25,200093,Y4,,,0,20.718,clean
106,1,0,1.51,1,2.43,602603,Y2,,,0,19.615,clean
106,2,0,1.38,1643,2.43,370592,Y2,,,0,18.578,clean
106,3,0,1.55,1,2.47,861347,Y4,,,0,17.968,clean
106,4,0,1.51,1,2.43,906944,Y2,,,0,17.851,clean
106,5,0,1.33,464,2.48,1077533,Y4,,,0,18.063,clean
106,6,0,1.56,1,2.30,695139,Y2,,,0,17.999,clean
106,7,0,1.61,1,2.36,1113385,Y2,,,0,17.430,clean
106,8,0,1.54,1,2.41,165939,Y2,,,0,16.726,clean
106,9,0,1.43,144,2.35,1297653,Y4,,,0,16.228,clean
106,10,0,1.51,1,2.38,698000,Y4,,,0,16.260,clean
106,11,0,1.42,1,2.30,925452,Y2,,,0,16.622,clean
106,12,0,1.49,1,2.45,2861,Y2,,,0,16.867,clean
106,13,0,1.59,1,2.66,833184,Y4,,,0,16.695,clean
106,14,0,1.41,1069,2.40,468850,Y4,,,0,16.224,clean
106,15,0,1.54,1,2.50,1221478,Y4,,,0,15.915,clean
106,16,0,1.70,1,2.52,347078,Y4,,,0,16.196,clean
106,17,0,1.48,1,2.48,107914,Y2,,,0,16.904,clean
106,18,0,1.74,777,2.39,232548,Y2,,,0,19.209,clean
106,19,0,1.38,1,2.43,1189202,Y2,,,0,17.235,clean
106,20,0,1.46,1,2.39,1119912,Y4,,,0,16.325,clean
106,21,0,1.59,1,2.30,850081,Y2,,,0,15.659,clean
106,22,0,1.71,1,2.30,999749,Y4,,,0,15.388,clean
106,23,0,1.44,1,2.56,11981,Y4,,,0,15.695,clean
106,24,0,1.65,1,2.48,327051,Y4,,,0,16.125,clean
106,25,0,2.11,204,2.65,1221925,Y4,,,0,16.038,clean
106,26,0,1.66,1,2.32,1249284,Y2,,,0,15.423,clean
106,27,0,1.76,1,2.29,537604,Y4,,,0,15.003,clean
106,28,0,1.45,1,2.44,1387417,Y4,,,0,14.467,clean
106,29,0,1.78,1,2.34,1376241,Y4,,,0,14.699,clean
106,30,0,1.55,1,2.61,177652,Y4,,,0,15.024,clean
106,31,0,1.62,1,2.57,616193,Y4,,,0,14.952,clean
106,32,0,1.37,553,2.53,215024,Y2,,,0,14.434,clean
106,33,0,1.97,1,2.34,788480,Y2,,,0,13.803,clean
106,34,0,1.93,1,2.34,65714,Y2,,,0,13.648,clean
106,35,0,1.67,1,2.32,1348436,Y4,,,0,14.006,clean
106,36,0,1.63,1,2.28,87172,Y2,,,0,14.546,clean
106,37,0,1.53,1,2.36,577837,Y4,,,0,14.671,clean
106,38,0,1.71,1,2.39,67770,Y4,,,0,14.185,clean
106,39,0,1.46,1,2.26,1141995,Y2,,,1,13.542,clean
106,40,0,1.79,1,2.59,1117229,Y2,,,0,13.183,clean
106,41,0,1.70,1,2.40,1342624,Y2,,,0,13.408,clean
106,42,0,1.78,1,2.36,742614,Y4,,,0,13.869,clean
106,43,0,1.72,1,2.48,640154,Y2,,,0,14.142,clean
106,44,0,1.81,1,2.41,460625,Y4,,,0,13.612,clean
106,45,0,1.80,1,2.43,26286,Y4,,,0,12.798,clean
106,46,0,1.84,1,2.33,1460642,Y2,,,0,12.238,clean
106,47,0,1.95,1,2.58,1420140,Y4,,,0,12.117,clean
106,48,0,1.87,1,2.38,519812,Y4,,,0,12.343,clean
106,49,0,1.86,1,2.40,1110613,Y2,,,0,12.418,clean
106,50,0,1.84,1,2.46,832021,Y4,,,0,11.958,clean
106,51,0,2.26,1,2.35,427186,Y2,,,0,11.089,clean
106,52,0,2.02,1,2.53,1195192,Y4,,,0,10.279,clean
106,53,0,2.51,1,2.46,1052499,Y2,0.00/noise-like,0.00/noise-like,0,9.730,hump-note
106,54,0,2.67,1,2.42,836402,Y4,0.00/noise-like,0.00/noise-like,0,9.352,hump-note
106,55,0,2.69,1,2.45,1183480,Y2,0.24/noise-like,0.00/noise-like,0,8.871,hump-note
106,56,0,3.17,1,2.33,295937,Y4,0.00/noise-like,0.00/noise-like,0,7.948,hump-note
106,57,0,0,-1,0,0,-,,,0,6.789,QUARANTINE:dark-lane range=62 distinct=60
106,58,0,0,-1,0,0,-,,,0,5.724,QUARANTINE:dark-lane range=49 distinct=50
106,59,0,0,-1,0,0,-,,,0,4.883,QUARANTINE:dark-lane range=43 distinct=44
106,60,0,0,-1,0,0,-,,,0,4.164,QUARANTINE:dark-lane range=39 distinct=38
106,61,0,0,-1,0,0,-,,,0,3.559,QUARANTINE:dark-lane range=33 distinct=33
106,62,0,0,-1,0,0,-,,,0,2.957,QUARANTINE:dark-lane range=27 distinct=28
106,63,0,0,-1,0,0,-,,,0,2.406,QUARANTINE:dark-lane range=21 distinct=22
107,0,0,1.42,367,2.48,503272,Y2,,,0,20.766,clean
107,1,0,1.45,1,2.46,1249015,Y2,,,0,19.574,clean
107,2,0,1.37,776,2.39,710964,Y2,,,0,18.587,clean
107,3,0,1.36,671,2.25,479221,Y4,,,0,18.002,clean
107,4,0,1.54,1,2.54,1257777,Y2,,,0,17.848,clean
107,5,0,1.68,1,2.86,59634,Y2,,,0,18.022,clean
107,6,0,1.49,1,2.55,663757,Y4,,,0,18.012,clean
107,7,0,1.59,1,2.33,365317,Y2,,,0,17.424,clean
107,8,0,1.66,1,2.60,1072884,Y4,,,0,16.750,clean
107,9,0,1.58,1,2.71,134826,Y4,,,0,16.216,clean
107,10,0,1.71,1,2.37,324726,Y2,,,0,16.250,clean
107,11,0,1.70,1,2.17,84579,Y2,,,0,16.625,clean
107,12,0,1.56,1,2.30,638008,Y2,,,0,16.873,clean
107,13,0,1.50,1,2.30,985801,Y4,,,0,16.711,clean
107,14,0,1.44,1,2.27,911236,Y2,,,0,16.189,clean
107,15,0,1.78,1,2.46,168800,Y2,,,0,15.914,clean
107,16,0,1.53,1,2.51,684053,Y2,,,0,16.208,clean
107,17,0,1.57,1,2.35,82612,Y2,,,0,16.898,clean
107,18,0,1.56,757,2.48,377476,Y2,,,0,19.189,clean
107,19,0,1.53,1,2.42,745028,Y4,,,0,17.282,clean
107,20,0,1.68,1,2.43,386149,Y2,,,0,16.384,clean
107,21,0,1.50,1,2.48,472516,Y2,,,0,15.650,clean
107,22,0,1.64,1,2.37,808686,Y2,,,0,15.414,clean
107,23,0,1.38,817,2.49,260621,Y4,,,0,15.732,clean
107,24,0,1.46,1,2.49,127852,Y2,,,0,16.154,clean
107,25,0,2.15,204,6.18,536,Y4,0.00/noise-like,0.00/noise-like,4,16.017,FAM-HIT
107,26,0,1.56,1,2.39,373095,Y2,,,0,15.414,clean
107,27,0,1.73,629,2.40,395447,Y2,,,0,14.979,clean
107,28,0,1.81,1,2.27,1207173,Y4,,,0,14.454,clean
107,29,0,1.54,1,2.40,1374811,Y2,,,0,14.687,clean
107,30,0,1.58,1,2.36,14305,Y4,,,0,15.003,clean
107,31,0,1.66,1,2.54,542253,Y2,,,0,14.982,clean
107,32,0,1.43,1384,2.51,1102746,Y2,,,0,14.426,clean
107,33,0,1.60,1,2.64,795990,Y4,,,0,13.816,clean
107,34,0,1.80,1,2.54,1291484,Y4,,,0,13.630,clean
107,35,0,1.74,1,2.25,605911,Y4,,,0,14.004,clean
107,36,0,1.44,1,2.38,811011,Y2,,,0,14.534,clean
107,37,0,1.83,1,2.54,1021385,Y2,,,0,14.679,clean
107,38,0,1.95,1,2.62,911772,Y2,,,0,14.197,clean
107,39,0,1.75,1,2.39,102013,Y4,,,0,13.518,clean
107,40,0,1.55,1,2.35,585258,Y4,,,0,13.206,clean
107,41,0,1.88,1,2.38,1179367,Y4,,,0,13.416,clean
107,42,0,1.59,1,2.54,323921,Y2,,,0,13.884,clean
107,43,0,1.54,1,2.53,1091570,Y2,,,0,14.117,clean
107,44,0,1.93,1,2.83,1447678,Y2,,,0,13.591,clean
107,45,0,1.84,1,2.31,448555,Y2,,,0,12.798,clean
107,46,0,1.79,1,2.47,1460820,Y2,,,0,12.264,clean
107,47,0,1.85,1,2.72,471175,Y2,,,0,12.146,clean
107,48,0,1.52,1,2.41,1239538,Y4,,,0,12.326,clean
107,49,0,1.85,1,2.53,489861,Y2,,,0,12.461,clean
107,50,0,2.05,1,2.43,1429886,Y4,,,0,11.942,clean
107,51,0,2.18,1,2.58,1174986,Y2,,,0,11.088,clean
107,52,0,2.10,1,2.58,24587,Y2,,,0,10.295,clean
107,53,0,2.24,1,2.28,95129,Y2,,,0,9.728,clean
107,54,0,2.73,1,2.32,218421,Y4,0.24/noise-like,0.42/WATCH,0,9.369,hump-note
107,55,0,2.53,1,2.31,1403064,Y2,0.00/noise-like,0.00/noise-like,0,8.873,hump-note
107,56,0,3.46,1,2.59,826836,Y2,0.00/noise-like,0.00/noise-like,0,7.957,hump-note
107,57,0,0,-1,0,0,-,,,14,6.789,QUARANTINE:dark-lane range=56 distinct=56
107,58,0,0,-1,0,0,-,,,0,5.730,QUARANTINE:dark-lane range=52 distinct=52
107,59,0,0,-1,0,0,-,,,0,4.888,QUARANTINE:dark-lane range=45 distinct=44
107,60,0,0,-1,0,0,-,,,0,4.168,QUARANTINE:dark-lane range=37 distinct=38
107,61,0,0,-1,0,0,-,,,0,3.557,QUARANTINE:dark-lane range=31 distinct=31
107,62,0,0,-1,0,0,-,,,0,2.958,QUARANTINE:dark-lane range=25 distinct=26
107,63,0,0,-1,0,0,-,,,0,2.404,QUARANTINE:dark-lane range=22 distinct=23
108,0,0,1.44,297,2.43,1425147,Y2,,,0,20.737,clean
108,1,0,1.39,204,2.30,191152,Y4,,,0,19.613,clean
108,2,0,1.54,1,2.66,1462698,Y4,,,0,18.609,clean
108,3,0,1.50,1,2.80,267684,Y2,,,0,18.027,clean
108,4,0,1.38,1381,2.36,1183033,Y2,,,0,17.868,clean
108,5,0,1.60,1,2.35,1170158,Y2,,,0,18.081,clean
108,6,0,1.63,1478,2.26,80287,Y4,,,0,17.981,clean
108,7,0,1.88,1,2.42,999302,Y2,,,1,17.489,clean
108,8,0,1.36,419,2.33,352979,Y2,,,0,16.774,clean
108,9,0,1.58,1,2.45,581145,Y4,,,0,16.246,clean
108,10,0,1.45,1252,2.29,373363,Y2,,,0,16.277,clean
108,11,0,1.55,1,2.25,1121610,Y4,,,0,16.631,clean
108,12,0,1.48,1,2.21,939757,Y2,,,0,16.855,clean
108,13,0,1.43,1,2.32,1076728,Y2,,,0,16.705,clean
108,14,0,1.69,1,2.62,391692,Y2,,,0,16.249,clean
108,15,0,1.63,1,2.44,404119,Y2,,,0,15.907,clean
108,16,0,1.77,1,2.31,1106054,Y2,,,0,16.188,clean
108,17,0,1.41,1400,2.36,1392156,Y4,,,0,16.871,clean
108,18,0,1.61,735,2.34,112653,Y2,,,0,19.253,clean
108,19,0,1.54,1,2.53,473589,Y4,,,0,17.225,clean
108,20,0,1.36,370,2.38,249624,Y4,,,0,16.382,clean
108,21,0,1.38,1392,2.37,38177,Y2,,,0,15.656,clean
108,22,0,1.87,1,2.39,1248926,Y2,,,0,15.420,clean
108,23,0,1.62,1,2.68,772744,Y2,,,0,15.778,clean
108,24,0,1.72,1,2.56,328034,Y4,,,0,16.139,clean
108,25,0,2.11,204,8.59,4023,Y4,0.00/noise-like,0.00/noise-like,8,16.033,FAM-HIT
108,26,0,1.67,1,2.36,468314,Y2,,,0,15.413,clean
108,27,0,1.82,1,2.43,627369,Y2,,,0,14.967,clean
108,28,0,1.58,1,2.99,8404,Y4,,,0,14.457,clean
108,29,0,1.54,1,2.45,185430,Y2,,,0,14.685,clean
108,30,0,1.72,1,2.25,74208,Y2,,,0,15.008,clean
108,31,0,1.88,1,2.50,71704,Y4,,,0,14.975,clean
108,32,0,1.37,1408,2.58,1090050,Y2,,,0,14.423,clean
108,33,0,1.59,1,2.44,371754,Y2,,,0,13.816,clean
108,34,0,1.60,1,2.89,44793,Y2,,,0,13.659,clean
108,35,0,1.65,1,2.83,814855,Y4,,,0,14.024,clean
108,36,0,1.38,452,2.48,33885,Y2,,,0,14.546,clean
108,37,0,1.72,1,2.31,1096576,Y2,,,0,14.700,clean
108,38,0,1.82,1,2.45,877887,Y4,,,0,14.186,clean
108,39,0,1.70,1,2.35,211090,Y4,,,0,13.509,clean
108,40,0,1.88,1,2.46,1083612,Y2,,,0,13.181,clean
108,41,0,1.98,1,2.30,209212,Y2,,,0,13.405,clean
108,42,0,1.67,1,2.31,177205,Y4,,,0,13.886,clean
108,43,0,1.83,1,2.61,48280,Y4,,,0,14.141,clean
108,44,0,1.57,1,2.26,767380,Y2,,,0,13.622,clean
108,45,0,1.74,1,2.33,1249462,Y4,,,0,12.809,clean
108,46,0,1.91,1,2.50,456870,Y4,,,0,12.276,clean
108,47,0,2.02,1,2.55,1231402,Y2,,,0,12.141,clean
108,48,0,1.54,1,2.37,1242489,Y2,,,0,12.345,clean
108,49,0,1.94,1,2.73,321954,Y4,,,0,12.437,clean
108,50,0,1.63,1,2.35,387758,Y2,,,0,11.951,clean
108,51,0,1.99,1,2.40,1154512,Y2,,,0,11.107,clean
108,52,0,2.70,1,2.34,1314819,Y2,0.24/noise-like,0.00/noise-like,0,10.289,hump-note
108,53,0,2.21,1,2.36,892282,Y2,,,0,9.730,clean
108,54,0,2.57,1,2.51,598222,Y4,0.00/noise-like,0.24/noise-like,0,9.369,hump-note
108,55,0,2.86,1,2.44,120878,Y2,0.00/noise-like,0.24/noise-like,0,8.872,hump-note
108,56,0,3.03,1,2.40,19938,Y4,0.24/noise-like,0.00/noise-like,0,7.964,hump-note
108,57,0,0,-1,0,0,-,,,26,6.833,QUARANTINE:dark-lane range=55 distinct=55
108,58,0,0,-1,0,0,-,,,0,5.723,QUARANTINE:dark-lane range=49 distinct=49
108,59,0,0,-1,0,0,-,,,0,4.876,QUARANTINE:dark-lane range=42 distinct=42
108,60,0,0,-1,0,0,-,,,0,4.173,QUARANTINE:dark-lane range=37 distinct=38
108,61,0,0,-1,0,0,-,,,0,3.561,QUARANTINE:dark-lane range=31 distinct=32
108,62,0,0,-1,0,0,-,,,0,2.955,QUARANTINE:dark-lane range=25 distinct=26
108,63,0,0,-1,0,0,-,,,0,2.405,QUARANTINE:dark-lane range=20 distinct=21
109,0,0,1.43,1297,2.40,110775,Y2,,,0,20.742,clean
109,1,0,1.38,1,2.33,1315355,Y4,,,0,19.596,clean
109,2,0,1.38,1,2.45,1233816,Y4,,,0,18.526,clean
109,3,0,1.38,1,2.39,772476,Y4,,,0,17.968,clean
109,4,0,1.36,1,2.49,741899,Y2,,,0,17.849,clean
109,5,0,1.56,1,2.78,273764,Y4,,,0,18.049,clean
109,6,0,1.35,366,2.42,1389205,Y2,,,0,17.998,clean
109,7,0,1.44,1,2.58,842839,Y4,,,0,17.434,clean
109,8,0,1.59,1,2.31,423878,Y2,,,0,16.745,clean
109,9,0,1.78,1,2.33,1224250,Y4,,,0,16.244,clean
109,10,0,1.87,1,2.43,670999,Y4,,,0,16.235,clean
109,11,0,1.38,1,2.44,163436,Y2,,,0,16.636,clean
109,12,0,1.51,1,2.38,546902,Y2,,,0,16.889,clean
109,13,0,1.55,1,2.49,327855,Y2,,,0,16.723,clean
109,14,0,1.34,1305,2.41,477076,Y4,,,0,16.234,clean
109,15,0,1.59,1,2.41,1455456,Y2,,,0,15.911,clean
109,16,0,1.57,1,2.42,542343,Y4,,,0,16.172,clean
109,17,0,1.71,1,2.42,353247,Y4,,,0,16.871,clean
109,18,0,1.75,617,2.35,792950,Y2,,,0,19.206,clean
109,19,0,1.43,1,2.50,883251,Y4,,,0,17.257,clean
109,20,0,1.51,1,2.35,1088977,Y2,,,0,16.371,clean
109,21,0,1.46,1,2.32,398397,Y4,,,0,15.651,clean
109,22,0,1.70,1,2.34,481993,Y2,,,0,15.412,clean
109,23,0,1.61,1,2.34,912845,Y2,,,0,15.739,clean
109,24,0,1.71,1,2.28,11176,Y2,,,0,16.122,clean
109,25,0,2.04,204,4.10,1699,Y4,0.24/noise-like,0.24/noise-like,4,16.024,FAM-HIT
109,26,0,1.43,1,2.47,204206,Y2,,,0,15.380,clean
109,27,0,1.77,1,2.36,423431,Y2,,,0,14.959,clean
109,28,0,1.62,1,2.34,1056969,Y2,,,0,14.466,clean
109,29,0,1.67,1,2.38,178814,Y4,,,0,14.694,clean
109,30,0,1.70,1,2.23,734210,Y4,,,0,15.018,clean
109,31,0,1.80,1,2.40,184804,Y2,,,0,14.994,clean
109,32,0,1.33,964,2.39,1365513,Y2,,,0,14.385,clean
109,33,0,1.78,1,2.73,508636,Y4,,,0,13.816,clean
109,34,0,1.80,1,2.46,570685,Y4,,,0,13.640,clean
109,35,0,1.60,1,2.34,1335025,Y2,,,0,14.039,clean
109,36,0,1.75,1,2.37,1120269,Y2,,,0,14.534,clean
109,37,0,1.75,1,2.52,113815,Y4,,,0,14.667,clean
109,38,0,1.81,1,2.34,1249105,Y2,,,0,14.163,clean
109,39,0,1.68,1,2.21,218153,Y2,,,0,13.524,clean
109,40,0,1.75,1,2.84,80824,Y2,,,0,13.216,clean
109,41,0,1.72,1,2.68,664920,Y2,,,0,13.427,clean
109,42,0,1.50,1,2.41,813246,Y4,,,0,13.895,clean
109,43,0,1.76,1,2.41,7600,Y2,,,0,14.129,clean
109,44,0,1.63,1,2.38,320166,Y2,,,0,13.612,clean
109,45,0,2.03,1,2.39,386149,Y2,,,0,12.817,clean
109,46,0,1.74,1,2.32,970870,Y4,,,0,12.250,clean
109,47,0,2.06,1,2.32,595003,Y2,,,0,12.138,clean
109,48,0,1.66,1,2.31,684142,Y2,,,0,12.333,clean
109,49,0,1.92,1,2.37,20474,Y2,,,0,12.437,clean
109,50,0,2.00,1,2.45,590891,Y2,,,0,11.952,clean
109,51,0,2.12,1,2.30,1384199,Y2,,,0,11.077,clean
109,52,0,2.34,1,2.34,882268,Y4,,,0,10.305,clean
109,53,0,2.64,1,2.32,716865,Y2,0.00/noise-like,0.00/noise-like,0,9.743,hump-note
109,54,0,2.65,1,2.31,83596,Y4,0.00/noise-like,0.00/noise-like,0,9.383,hump-note
109,55,0,2.41,1,2.34,1286745,Y4,,,0,8.871,clean
109,56,0,3.20,1,2.56,115156,Y2,0.00/noise-like,0.00/noise-like,0,7.959,hump-note
109,57,0,0,-1,0,0,-,,,8,6.802,QUARANTINE:dark-lane range=62 distinct=59
109,58,0,0,-1,0,0,-,,,0,5.737,QUARANTINE:dark-lane range=53 distinct=51
109,59,0,0,-1,0,0,-,,,0,4.879,QUARANTINE:dark-lane range=44 distinct=44
109,60,0,0,-1,0,0,-,,,0,4.172,QUARANTINE:dark-lane range=36 distinct=37
109,61,0,0,-1,0,0,-,,,0,3.562,QUARANTINE:dark-lane range=30 distinct=31
109,62,0,0,-1,0,0,-,,,0,2.954,QUARANTINE:dark-lane range=28 distinct=28
109,63,0,0,-1,0,0,-,,,0,2.406,QUARANTINE:dark-lane range=20 distinct=21
110,0,0,1.40,784,2.47,210285,Y4,,,0,20.726,clean
110,1,0,1.39,974,2.52,22978,Y2,,,0,19.597,clean
110,2,0,1.63,1,2.69,1267433,Y2,,,0,18.557,clean
110,3,0,1.42,1281,2.61,824958,Y4,,,0,17.983,clean
110,4,0,1.54,1,2.67,465453,Y2,,,0,17.848,clean
110,5,0,1.47,1,2.41,862420,Y2,,,0,18.062,clean
110,6,0,1.50,1,2.38,932693,Y2,,,0,17.974,clean
110,7,0,1.35,750,2.31,708103,Y4,,,0,17.412,clean
110,8,0,1.53,1,2.41,217706,Y2,,,0,16.756,clean
110,9,0,1.55,1,2.66,7421,Y2,,,0,16.216,clean
110,10,0,1.47,1,2.35,364691,Y4,,,0,16.216,clean
110,11,0,1.51,1,2.38,5186,Y4,,,0,16.623,clean
110,12,0,1.46,1,2.58,1400471,Y4,,,0,16.871,clean
110,13,0,1.66,1,2.42,769883,Y2,,,0,16.732,clean
110,14,0,1.59,1,2.35,145555,Y4,,,0,16.232,clean
110,15,0,1.58,1,2.37,386238,Y4,,,0,15.932,clean
110,16,0,1.35,29,2.33,538766,Y2,,,0,16.222,clean
110,17,0,1.63,1,2.28,1250446,Y2,,,0,16.855,clean
110,18,0,1.72,588,2.38,209481,Y2,,,0,19.204,clean
110,19,0,1.67,1,2.31,1013517,Y4,,,0,17.237,clean
110,20,0,1.57,1,2.43,117302,Y4,,,0,16.374,clean
110,21,0,1.58,1,2.33,732332,Y2,,,0,15.621,clean
110,22,0,1.66,1,2.48,677884,Y4,,,0,15.391,clean
110,23,0,1.40,242,2.22,806808,Y4,,,0,15.786,clean
110,24,0,1.45,1,2.34,49174,Y2,,,0,16.130,clean
110,25,0,2.14,204,2.51,27090,Y2,,,0,15.996,clean
110,26,0,1.45,1,2.59,232905,Y4,,,0,15.414,clean
110,27,0,1.68,1,2.30,988483,Y4,,,0,14.960,clean
110,28,0,1.44,1,2.32,367373,Y4,,,0,14.451,clean
110,29,0,1.37,1,2.74,807256,Y2,,,0,14.692,clean
110,30,0,1.79,1,2.36,20117,Y2,,,0,15.026,clean
110,31,0,1.72,1,2.42,423968,Y4,,,0,14.954,clean
110,32,0,1.36,187,2.31,1154959,Y4,,,0,14.422,clean
110,33,0,1.91,1,2.42,1004219,Y4,,,0,13.785,clean
110,34,0,1.66,1,2.43,996172,Y4,,,0,13.641,clean
110,35,0,1.59,1,2.47,427544,Y2,,,0,14.009,clean
110,36,0,1.82,1,2.65,381321,Y2,,,0,14.517,clean
110,37,0,1.95,1,2.49,753164,Y4,,,0,14.659,clean
110,38,0,1.53,1,2.74,608325,Y4,,,0,14.190,clean
110,39,0,1.81,1,2.42,655532,Y2,,,0,13.536,clean
110,40,0,1.92,1,2.29,27180,Y4,,,0,13.223,clean
110,41,0,1.99,1,2.28,996888,Y4,,,0,13.396,clean
110,42,0,1.74,1,2.26,148058,Y4,,,0,13.901,clean
110,43,0,1.42,1,2.25,552982,Y4,,,0,14.143,clean
110,44,0,1.70,1,2.35,822812,Y4,,,0,13.606,clean
110,45,0,1.91,1,2.51,17613,Y2,,,0,12.790,clean
110,46,0,1.83,1,2.30,1111597,Y2,,,0,12.261,clean
110,47,0,2.11,1,2.35,322938,Y4,,,0,12.162,clean
110,48,0,1.90,1,2.37,1270384,Y4,,,0,12.361,clean
110,49,0,2.10,1,2.35,482798,Y2,,,0,12.432,clean
110,50,0,1.81,1,2.49,310957,Y4,,,0,11.972,clean
110,51,0,2.37,1,2.37,718653,Y4,,,0,11.090,clean
110,52,0,2.50,1,2.53,74208,Y4,0.00/noise-like,0.24/noise-like,0,10.299,hump-note
110,53,0,2.44,1,2.46,360668,Y2,,,0,9.744,clean
110,54,0,2.30,1,2.41,409484,Y4,,,0,9.355,clean
110,55,0,2.52,1,2.45,314623,Y4,0.00/noise-like,0.00/noise-like,0,8.865,hump-note
110,56,0,3.08,1,2.35,70184,Y4,0.00/noise-like,0.00/noise-like,0,7.964,hump-note
110,57,0,0,-1,0,0,-,,,0,6.785,QUARANTINE:dark-lane range=57 distinct=58
110,58,0,0,-1,0,0,-,,,0,5.741,QUARANTINE:dark-lane range=48 distinct=49
110,59,0,0,-1,0,0,-,,,0,4.870,QUARANTINE:dark-lane range=42 distinct=42
110,60,0,0,-1,0,0,-,,,0,4.161,QUARANTINE:dark-lane range=35 distinct=36
110,61,0,0,-1,0,0,-,,,0,3.555,QUARANTINE:dark-lane range=31 distinct=32
110,62,0,0,-1,0,0,-,,,0,2.960,QUARANTINE:dark-lane range=26 distinct=26
110,63,0,0,-1,0,0,-,,,0,2.412,QUARANTINE:dark-lane range=22 distinct=23
111,0,0,1.36,938,2.54,1203418,Y2,,,0,20.724,clean
111,1,0,1.63,1,2.37,295579,Y4,,,0,19.600,clean
111,2,0,1.39,1241,2.36,1030326,Y2,,,0,18.568,clean
111,3,0,1.53,1,2.47,471175,Y4,,,0,17.946,clean
111,4,0,1.60,1,2.56,679851,Y2,,,0,17.863,clean
111,5,0,1.62,1,2.40,40680,Y2,,,0,18.026,clean
111,6,0,1.39,1191,2.32,725001,Y2,,,0,17.974,clean
111,7,0,1.34,739,2.35,622183,Y2,,,0,17.438,clean
111,8,0,1.57,1,2.50,360221,Y2,,,0,16.752,clean
111,9,0,1.48,1,2.51,103176,Y2,,,0,16.203,clean
111,10,0,1.45,1,2.35,1045525,Y4,,,0,16.260,clean
111,11,0,1.45,1,2.41,1151294,Y2,,,0,16.626,clean
111,12,0,1.65,1,2.46,1021117,Y4,,,0,16.879,clean
111,13,0,1.54,1,2.29,1005471,Y2,,,0,16.703,clean
111,14,0,1.56,1,2.38,796080,Y2,,,0,16.244,clean
111,15,0,1.44,1,2.34,383466,Y4,,,0,15.890,clean
111,16,0,1.62,1,2.40,1054555,Y2,,,0,16.202,clean
111,17,0,1.67,1,2.28,255167,Y2,,,0,16.870,clean
111,18,0,1.56,664,2.37,147790,Y2,,,0,19.179,clean
111,19,0,1.46,1,2.36,648737,Y4,,,0,17.236,clean
111,20,0,1.46,1,2.50,100315,Y2,,,0,16.371,clean
111,21,0,1.61,1,2.50,412345,Y4,,,0,15.647,clean
111,22,0,1.49,1,2.42,1076639,Y4,,,0,15.385,clean
111,23,0,1.54,1,2.23,900686,Y2,,,0,15.736,clean
111,24,0,1.49,1,2.45,162005,Y4,,,0,16.140,clean
111,25,0,2.31,204,2.36,603855,Y2,,,0,16.004,clean
111,26,0,1.65,1,2.46,1406461,Y2,,,0,15.415,clean
111,27,0,1.79,615,2.40,541449,Y2,,,0,14.950,clean
111,28,0,1.58,1,2.43,182301,Y4,,,0,14.476,clean
111,29,0,1.64,1,2.55,762999,Y4,,,0,14.676,clean
111,30,0,1.73,1,2.43,681102,Y2,,,0,15.010,clean
111,31,0,1.56,1,2.47,874579,Y4,,,0,14.973,clean
111,32,0,1.35,158,2.40,679940,Y2,,,0,14.418,clean
111,33,0,1.63,1,2.35,986069,Y2,,,0,13.791,clean
111,34,0,1.65,1,2.41,561565,Y4,,,0,13.614,clean
111,35,0,1.61,1,2.28,1157910,Y2,,,0,14.001,clean
111,36,0,1.90,1,2.33,1277804,Y2,,,0,14.535,clean
111,37,0,1.82,1,2.34,76175,Y4,,,0,14.675,clean
111,38,0,1.63,1,2.60,1182318,Y4,,,0,14.187,clean
111,39,0,1.84,1,2.31,411361,Y2,,,0,13.494,clean
111,40,0,1.68,1,2.36,1087010,Y2,,,0,13.203,clean
111,41,0,1.93,1,2.61,399113,Y4,,,0,13.406,clean
111,42,0,1.88,1,2.42,894070,Y2,,,0,13.885,clean
111,43,0,1.59,1,2.37,323206,Y2,,,0,14.111,clean
111,44,0,1.82,1,2.52,76711,Y4,,,0,13.609,clean
111,45,0,1.71,1,2.47,282526,Y2,,,0,12.794,clean
111,46,0,2.03,1,2.46,1103461,Y4,,,0,12.255,clean
111,47,0,1.83,1,2.29,775248,Y4,,,0,12.141,clean
111,48,0,1.93,1,2.28,83059,Y2,,,0,12.337,clean
111,49,0,1.90,1,2.35,137776,Y4,,,0,12.440,clean
111,50,0,1.90,1,2.41,40948,Y2,,,0,11.928,clean
111,51,0,1.95,1,2.78,297904,Y4,,,0,11.092,clean
111,52,0,2.25,1,2.42,1380801,Y2,,,0,10.297,clean
111,53,0,2.50,1,2.60,215560,Y2,,,0,9.736,clean
111,54,0,2.23,1,2.55,78231,Y4,,,0,9.365,clean
111,55,0,2.87,1,2.58,226557,Y4,0.00/noise-like,0.00/noise-like,0,8.859,hump-note
111,56,0,3.13,1,2.55,144124,Y4,0.00/noise-like,0.00/noise-like,0,7.968,hump-note
111,57,0,0,-1,0,0,-,,,0,6.793,QUARANTINE:dark-lane range=60 distinct=58
111,58,0,0,-1,0,0,-,,,0,5.724,QUARANTINE:dark-lane range=49 distinct=50
111,59,0,0,-1,0,0,-,,,0,4.874,QUARANTINE:dark-lane range=44 distinct=42
111,60,0,0,-1,0,0,-,,,0,4.173,QUARANTINE:dark-lane range=37 distinct=38
111,61,0,0,-1,0,0,-,,,0,3.565,QUARANTINE:dark-lane range=32 distinct=32
111,62,0,0,-1,0,0,-,,,0,2.958,QUARANTINE:dark-lane range=26 distinct=27
111,63,0,0,-1,0,0,-,,,0,2.407,QUARANTINE:dark-lane range=20 distinct=21
112,0,0,1.33,1262,2.39,736356,Y2,,,0,20.705,clean
112,1,0,1.40,1047,2.29,156373,Y2,,,0,19.551,clean
112,2,0,1.45,1643,2.42,744045,Y4,,,0,18.541,clean
112,3,0,1.52,1,2.27,606716,Y4,,,0,17.972,clean
112,4,0,1.39,1,2.57,1240075,Y2,,,0,17.859,clean
112,5,0,1.39,1,2.59,1352370,Y4,,,0,18.052,clean
112,6,0,1.46,1,2.37,1227558,Y4,,,0,18.016,clean
112,7,0,1.42,1,2.52,49084,Y2,,,0,17.437,clean
112,8,0,1.35,477,2.38,1316518,Y4,,,0,16.714,clean
112,9,0,1.60,1,2.41,633895,Y2,,,0,16.269,clean
112,10,0,1.58,1,2.34,467420,Y2,,,0,16.244,clean
112,11,0,1.38,778,2.31,707835,Y2,,,0,16.629,clean
112,12,0,1.65,1,2.45,170141,Y2,,,0,16.902,clean
112,13,0,1.55,1,2.54,872791,Y4,,,0,16.726,clean
112,14,0,1.62,1,2.40,1003772,Y2,,,0,16.200,clean
112,15,0,1.59,1,2.26,1113653,Y4,,,0,15.895,clean
112,16,0,1.52,1,2.48,4292,Y2,,,0,16.192,clean
112,17,0,1.68,1,2.28,309527,Y2,,,0,16.854,clean
112,18,0,1.67,706,2.56,945479,Y4,,,0,19.210,clean
112,19,0,1.55,1,2.36,141263,Y2,,,0,17.251,clean
112,20,0,1.56,1,2.32,370950,Y2,,,0,16.355,clean
112,21,0,1.65,1,2.38,136614,Y4,,,0,15.670,clean
112,22,0,1.42,1,2.66,1101226,Y2,,,0,15.403,clean
112,23,0,1.78,1,2.75,75638,Y2,,,0,15.722,clean
112,24,0,1.36,933,2.44,888795,Y4,,,0,16.115,clean
112,25,0,1.91,204,2.49,72151,Y2,,,0,16.000,clean
112,26,0,1.51,1,2.46,82076,Y4,,,0,15.400,clean
112,27,0,1.89,1,2.58,748426,Y4,,,0,14.975,clean
112,28,0,1.54,1,2.39,134468,Y2,,,0,14.459,clean
112,29,0,1.52,1,2.43,492275,Y2,,,0,14.669,clean
112,30,0,1.79,1,2.44,310332,Y2,,,0,15.024,clean
112,31,0,1.66,1,2.34,824779,Y4,,,0,14.990,clean
112,32,0,1.34,1488,2.42,1037210,Y2,,,0,14.397,clean
112,33,0,1.66,1,2.30,670642,Y4,,,0,13.816,clean
112,34,0,1.96,1,2.38,988126,Y2,,,0,13.639,clean
112,35,0,1.67,1,2.40,1407802,Y2,,,0,13.996,clean
112,36,0,1.53,1,2.53,329912,Y2,,,0,14.564,clean
112,37,0,1.62,1,2.31,890136,Y2,,,0,14.678,clean
112,38,0,1.54,1,2.56,140548,Y2,,,0,14.180,clean
112,39,0,1.69,1,2.55,518829,Y4,,,0,13.519,clean
112,40,0,1.81,1,2.36,293970,Y4,,,0,13.219,clean
112,41,0,1.87,1,2.54,896484,Y2,,,0,13.424,clean
112,42,0,1.67,1,2.41,1447588,Y2,,,0,13.920,clean
112,43,0,1.56,1,2.66,324458,Y2,,,0,14.105,clean
112,44,0,1.59,1,2.40,1432747,Y4,,,0,13.609,clean
112,45,0,1.74,1,2.50,896037,Y2,,,0,12.800,clean
112,46,0,1.83,1,2.47,902563,Y2,,,0,12.261,clean
112,47,0,2.03,1,2.49,382751,Y4,,,0,12.135,clean
112,48,0,1.85,1,2.56,866622,Y4,,,0,12.338,clean
112,49,0,2.14,1,2.37,275999,Y2,,,0,12.423,clean
112,50,0,1.84,1,2.30,177652,Y4,,,0,11.910,clean
112,51,0,2.12,1,2.44,422984,Y4,,,0,11.104,clean
112,52,0,2.24,1,2.47,1023263,Y4,,,0,10.296,clean
112,53,0,2.44,1,2.58,892907,Y4,,,0,9.731,clean
112,54,0,2.78,1,2.29,1451790,Y4,0.00/noise-like,0.00/noise-like,0,9.373,hump-note
112,55,0,2.88,1,2.33,638813,Y2,0.24/noise-like,0.24/noise-like,0,8.867,hump-note
112,56,0,2.98,1,2.49,361294,Y4,0.00/noise-like,0.00/noise-like,0,7.958,hump-note
112,57,0,0,-1,0,0,-,,,0,6.781,QUARANTINE:dark-lane range=57 distinct=56
112,58,0,0,-1,0,0,-,,,0,5.736,QUARANTINE:dark-lane range=48 distinct=48
112,59,0,0,-1,0,0,-,,,0,4.882,QUARANTINE:dark-lane range=42 distinct=43
112,60,0,0,-1,0,0,-,,,0,4.164,QUARANTINE:dark-lane range=37 distinct=37
112,61,0,0,-1,0,0,-,,,0,3.561,QUARANTINE:dark-lane range=33 distinct=32
112,62,0,0,-1,0,0,-,,,0,2.964,QUARANTINE:dark-lane range=27 distinct=27
112,63,0,0,-1,0,0,-,,,0,2.402,QUARANTINE:dark-lane range=19 distinct=20
113,0,0,1.46,1,2.35,564516,Y4,,,0,20.743,clean
113,1,0,1.37,657,2.33,1167119,Y2,,,0,19.586,clean
113,2,0,1.35,1419,2.40,267059,Y4,,,0,18.577,clean
113,3,0,1.58,1,2.41,1152366,Y2,,,0,18.008,clean
113,4,0,1.53,1,2.46,250250,Y2,,,0,17.884,clean
113,5,0,1.36,265,2.38,915885,Y2,,,0,18.041,clean
113,6,0,1.52,1,2.31,1052141,Y4,,,0,17.954,clean
113,7,0,1.70,1,2.43,834346,Y2,,,0,17.450,clean
113,8,0,1.46,1,2.50,986785,Y2,,,0,16.736,clean
113,9,0,1.69,1,2.56,424057,Y2,,,0,16.258,clean
113,10,0,1.56,1,2.28,1369625,Y4,,,0,16.227,clean
113,11,0,1.53,1,2.51,715,Y4,,,0,16.662,clean
113,12,0,1.44,1330,2.53,941008,Y4,,,0,16.893,clean
113,13,0,1.38,179,2.40,1409590,Y2,,,0,16.712,clean
113,14,0,1.48,1,2.35,1377046,Y2,,,0,16.197,clean
113,15,0,1.55,1,2.32,106126,Y4,,,0,15.920,clean
113,16,0,1.42,1,2.41,349224,Y2,,,0,16.185,clean
113,17,0,1.34,637,2.45,250518,Y4,,,0,16.892,clean
113,18,0,1.62,805,2.34,766039,Y4,,,0,19.233,clean
113,19,0,1.55,1,2.31,480831,Y4,,,0,17.283,clean
113,20,0,1.81,1,2.61,601530,Y2,,,0,16.372,clean
113,21,0,1.47,1,2.43,941545,Y4,,,0,15.650,clean
113,22,0,1.44,1,2.40,999302,Y2,,,0,15.401,clean
113,23,0,1.64,1,2.42,988036,Y4,,,0,15.742,clean
113,24,0,1.39,1227,2.54,875652,Y2,,,0,16.152,clean
113,25,0,2.23,204,5.96,6706,Y4,0.00/noise-like,0.00/noise-like,5,16.009,FAM-HIT
113,26,0,1.53,1,2.70,22441,Y4,,,0,15.396,clean
113,27,0,1.69,625,2.47,1084596,Y4,,,0,15.005,clean
113,28,0,1.65,1,2.39,1201093,Y4,,,0,14.433,clean
113,29,0,1.66,1,2.53,1284868,Y4,,,0,14.690,clean
113,30,0,1.32,1,2.42,364065,Y2,,,0,15.021,clean
113,31,0,1.40,1,2.45,177205,Y4,,,0,14.974,clean
113,32,0,1.43,566,2.37,102013,Y2,,,0,14.425,clean
113,33,0,1.84,1,2.23,9209,Y4,,,0,13.794,clean
113,34,0,1.65,1,2.35,446588,Y2,,,0,13.641,clean
113,35,0,1.76,1,2.32,135541,Y2,,,0,13.998,clean
113,36,0,1.49,1,2.56,1082808,Y2,,,0,14.543,clean
113,37,0,1.82,1,2.35,38177,Y4,,,0,14.673,clean
113,38,0,1.73,1,2.38,1165599,Y4,,,0,14.175,clean
113,39,0,1.59,1,2.63,1103461,Y4,,,0,13.495,clean
113,40,0,1.95,1,2.46,912666,Y2,,,0,13.198,clean
113,41,0,1.58,1,2.27,1135468,Y2,,,0,13.415,clean
113,42,0,1.53,1,2.41,615478,Y4,,,0,13.900,clean
113,43,0,1.55,1,2.64,58025,Y2,,,0,14.129,clean
113,44,0,1.62,1,2.69,1174271,Y2,,,0,13.622,clean
113,45,0,1.61,1,2.70,1115710,Y2,,,0,12.784,clean
113,46,0,1.98,1,2.34,1225948,Y4,,,0,12.268,clean
113,47,0,1.88,1,2.49,1324475,Y4,,,0,12.143,clean
113,48,0,1.68,1,2.47,1464844,Y2,,,0,12.343,clean
113,49,0,2.14,1,2.36,1084149,Y4,,,0,12.431,clean
113,50,0,1.92,1,2.52,401348,Y4,,,0,11.972,clean
113,51,0,2.30,1,2.63,492096,Y2,,,0,11.085,clean
113,52,0,2.42,1,2.40,65804,Y2,,,0,10.286,clean
113,53,0,2.64,1,2.51,239253,Y2,0.00/noise-like,0.00/noise-like,0,9.751,hump-note
113,54,0,2.94,1,2.72,1213253,Y2,0.00/noise-like,0.00/noise-like,0,9.364,hump-note
113,55,0,2.49,1,2.21,380695,Y4,,,0,8.866,clean
113,56,0,2.89,1,2.40,1349062,Y2,0.00/noise-like,0.00/noise-like,0,7.954,hump-note
113,57,0,0,-1,0,0,-,,,11,6.807,QUARANTINE:dark-lane range=58 distinct=59
113,58,0,0,-1,0,0,-,,,0,5.732,QUARANTINE:dark-lane range=46 distinct=46
113,59,0,0,-1,0,0,-,,,0,4.889,QUARANTINE:dark-lane range=43 distinct=44
113,60,0,0,-1,0,0,-,,,0,4.167,QUARANTINE:dark-lane range=37 distinct=38
113,61,0,0,-1,0,0,-,,,0,3.566,QUARANTINE:dark-lane range=31 distinct=32
113,62,0,0,-1,0,0,-,,,0,2.959,QUARANTINE:dark-lane range=27 distinct=27
113,63,0,0,-1,0,0,-,,,0,2.405,QUARANTINE:dark-lane range=20 distinct=21
114,0,0,1.37,1,2.37,1464844,Y2,,,0,20.783,clean
114,1,0,1.56,1,2.30,814587,Y2,,,0,19.562,clean
114,2,0,1.41,1643,2.33,1383573,Y4,,,0,18.540,clean
114,3,0,1.36,1,2.53,69112,Y4,,,0,17.991,clean
114,4,0,1.36,412,2.35,725359,Y4,,,0,17.829,clean
114,5,0,1.38,1,2.31,1150310,Y4,,,0,18.059,clean
114,6,0,1.42,1,2.29,659913,Y2,,,0,17.980,clean
114,7,0,1.37,1512,2.35,426918,Y4,,,2,17.428,clean
114,8,0,1.67,1,2.35,131786,Y4,,,0,16.763,clean
114,9,0,1.70,1,2.39,438452,Y2,,,0,16.225,clean
114,10,0,1.54,1,2.61,676364,Y2,,,0,16.217,clean
114,11,0,1.66,1,2.49,80466,Y2,,,0,16.609,clean
114,12,0,1.41,318,2.40,216812,Y2,,,0,16.885,clean
114,13,0,1.53,1,2.54,523478,Y4,,,0,16.693,clean
114,14,0,1.45,1,2.33,1364708,Y2,,,0,16.174,clean
114,15,0,1.46,1,2.47,306755,Y4,,,0,15.930,clean
114,16,0,1.42,1,2.42,1063943,Y2,,,0,16.188,clean
114,17,0,1.57,1,2.83,47475,Y2,,,0,16.892,clean
114,18,0,1.61,681,2.41,791967,Y2,,,0,19.194,clean
114,19,0,1.32,1128,2.34,72062,Y2,,,0,17.261,clean
114,20,0,1.42,1,2.45,131786,Y4,,,0,16.348,clean
114,21,0,1.64,1,2.79,967920,Y4,,,0,15.648,clean
114,22,0,1.53,1,2.37,822186,Y2,,,0,15.382,clean
114,23,0,1.60,1,2.47,1150489,Y4,,,0,15.738,clean
114,24,0,1.62,1,2.52,323027,Y2,,,0,16.146,clean
114,25,0,1.88,204,4.77,1431,Y4,0.00/noise-like,0.00/noise-like,7,16.020,FAM-HIT
114,26,0,1.60,1,2.47,198662,Y2,,,0,15.400,clean
114,27,0,1.84,1,2.37,1139492,Y4,,,0,14.986,clean
114,28,0,1.83,1,2.42,190616,Y4,,,0,14.475,clean
114,29,0,1.62,1,2.40,1053840,Y4,,,0,14.692,clean
114,30,0,1.78,1,2.23,551105,Y4,,,0,15.021,clean
114,31,0,1.75,1,2.48,1407444,Y4,,,0,14.962,clean
114,32,0,1.32,483,2.69,90480,Y2,,,0,14.409,clean
114,33,0,1.56,1,2.25,934929,Y2,,,0,13.811,clean
114,34,0,1.62,1,2.36,751019,Y2,,,0,13.635,clean
114,35,0,1.63,1,2.46,900328,Y2,,,0,14.015,clean
114,36,0,1.60,1,2.71,56148,Y2,,,0,14.564,clean
114,37,0,1.86,1,2.32,416279,Y2,,,0,14.651,clean
114,38,0,1.60,1,2.52,617355,Y4,,,0,14.183,clean
114,39,0,1.73,1,2.33,1086742,Y2,,,0,13.521,clean
114,40,0,1.87,1,2.42,811011,Y2,,,0,13.197,clean
114,41,0,1.86,1,2.26,515074,Y2,,,0,13.415,clean
114,42,0,1.46,1,2.52,512749,Y4,,,0,13.893,clean
114,43,0,1.51,1,2.37,358969,Y4,,,0,14.118,clean
114,44,0,1.81,1,2.42,1372397,Y2,,,0,13.613,clean
114,45,0,1.83,1,2.39,561029,Y2,,,0,12.800,clean
114,46,0,1.84,1,2.44,999123,Y2,,,0,12.260,clean
114,47,0,2.12,1,2.14,195533,Y2,,,0,12.135,clean
114,48,0,1.60,1234,2.73,19938,Y2,,,0,12.336,clean
114,49,0,1.62,1,2.45,174075,Y4,,,0,12.425,clean
114,50,0,1.78,1,2.55,580609,Y4,,,0,11.933,clean
114,51,0,1.97,1,2.35,604928,Y4,,,0,11.075,clean
114,52,0,2.10,1,2.43,142336,Y2,,,0,10.305,clean
114,53,0,2.07,1,2.28,1455814,Y4,,,0,9.738,clean
114,54,0,2.58,1,2.42,1415581,Y2,0.00/noise-like,0.24/noise-like,0,9.356,hump-note
114,55,0,2.63,1,2.48,260532,Y2,0.00/noise-like,0.24/noise-like,0,8.857,hump-note
114,56,0,3.14,1,2.36,289679,Y4,0.00/noise-like,0.00/noise-like,0,7.960,hump-note
114,57,0,0,-1,0,0,-,,,18,6.810,QUARANTINE:dark-lane range=56 distinct=57
114,58,0,0,-1,0,0,-,,,0,5.740,QUARANTINE:dark-lane range=45 distinct=46
114,59,0,0,-1,0,0,-,,,0,4.878,QUARANTINE:dark-lane range=44 distinct=43
114,60,0,0,-1,0,0,-,,,0,4.167,QUARANTINE:dark-lane range=37 distinct=37
114,61,0,0,-1,0,0,-,,,0,3.562,QUARANTINE:dark-lane range=31 distinct=31
114,62,0,0,-1,0,0,-,,,0,2.951,QUARANTINE:dark-lane range=28 distinct=29
114,63,0,0,-1,0,0,-,,,0,2.402,QUARANTINE:dark-lane range=20 distinct=21
115,0,0,1.32,1432,2.42,156730,Y2,,,0,20.772,clean
115,1,0,1.43,1212,2.59,1132250,Y4,,,0,19.628,clean
115,2,0,1.34,548,2.37,946552,Y2,,,0,18.605,clean
115,3,0,1.41,1,2.27,458926,Y4,,,0,18.001,clean
115,4,0,1.61,1,2.39,827998,Y2,,,0,17.863,clean
115,5,0,1.41,1483,2.57,715524,Y2,,,0,18.061,clean
115,6,0,1.50,1,2.51,1114279,Y4,,,0,17.984,clean
115,7,0,1.49,1,2.40,213057,Y4,,,0,17.438,clean
115,8,0,1.65,1,2.33,271171,Y4,,,0,16.744,clean
115,9,0,1.72,1,2.51,102729,Y4,,,0,16.227,clean
115,10,0,1.82,1,2.47,1033276,Y2,,,0,16.241,clean
115,11,0,1.69,1,2.33,795454,Y4,,,0,16.643,clean
115,12,0,1.55,1,2.60,144035,Y2,,,0,16.898,clean
115,13,0,1.43,1,2.50,491649,Y2,,,0,16.684,clean
115,14,0,1.62,1,2.27,402063,Y2,,,0,16.207,clean
115,15,0,1.54,1,2.45,849277,Y2,,,0,15.908,clean
115,16,0,1.53,1,2.29,422716,Y4,,,0,16.211,clean
115,17,0,1.62,1,2.41,453562,Y4,,,0,16.884,clean
115,18,0,1.53,598,2.44,719905,Y4,,,0,19.218,clean
115,19,0,1.66,1,2.36,1319379,Y2,,,0,17.246,clean
115,20,0,1.51,1,2.64,250071,Y4,,,0,16.351,clean
115,21,0,1.47,1,2.35,353426,Y2,,,0,15.628,clean
115,22,0,1.76,1,2.36,1033187,Y4,,,0,15.417,clean
115,23,0,1.49,1,2.60,653297,Y2,,,0,15.730,clean
115,24,0,1.48,1,2.55,319898,Y2,,,0,16.138,clean
115,25,0,1.98,204,2.56,948519,Y4,,,1,16.021,clean
115,26,0,1.61,1,2.49,162452,Y2,,,0,15.369,clean
115,27,0,1.64,1,2.46,393480,Y4,,,0,14.973,clean
115,28,0,1.53,1,2.32,1086116,Y4,,,0,14.464,clean
115,29,0,1.54,1,2.33,177294,Y4,,,0,14.708,clean
115,30,0,1.65,1,2.24,937879,Y2,,,0,15.023,clean
115,31,0,1.73,1,2.36,1412272,Y2,,,0,14.986,clean
115,32,0,1.36,1253,2.50,14842,Y4,,,0,14.406,clean
115,33,0,1.74,1,2.47,961035,Y2,,,0,13.823,clean
115,34,0,1.74,1,2.34,360310,Y4,,,0,13.646,clean
115,35,0,1.76,1,2.95,857323,Y2,,,0,14.012,clean
115,36,0,1.64,1,2.63,629872,Y2,,,0,14.549,clean
115,37,0,1.71,1,2.23,661165,Y4,,,0,14.666,clean
115,38,0,1.77,1,2.73,620037,Y2,,,0,14.177,clean
115,39,0,1.93,1,2.41,1345664,Y2,,,0,13.530,clean
115,40,0,1.91,1,2.37,5007,Y4,,,0,13.218,clean
115,41,0,1.80,1,2.34,973195,Y2,,,0,13.410,clean
115,42,0,1.63,1,2.21,904083,Y4,,,0,13.894,clean
115,43,0,1.44,1,2.28,915349,Y4,,,0,14.113,clean
115,44,0,1.70,1,2.40,841230,Y4,,,0,13.620,clean
115,45,0,1.64,1,2.47,348866,Y2,,,0,12.805,clean
115,46,0,2.19,1,2.25,92983,Y4,,,0,12.263,clean
115,47,0,1.99,1,2.40,221103,Y4,,,0,12.126,clean
115,48,0,1.86,1,2.59,51856,Y2,,,0,12.345,clean
115,49,0,1.96,1,2.30,708908,Y4,,,0,12.440,clean
115,50,0,1.96,1,2.35,524729,Y4,,,0,11.945,clean
115,51,0,2.14,1,2.64,453919,Y4,,,0,11.091,clean
115,52,0,2.17,1,2.43,722855,Y4,,,0,10.296,clean
115,53,0,2.51,1,2.38,753433,Y2,0.24/noise-like,0.00/noise-like,0,9.732,hump-note
115,54,0,3.06,1,2.36,1370788,Y2,0.24/noise-like,0.00/noise-like,0,9.371,hump-note
115,55,0,2.54,1,2.18,725448,Y2,0.00/noise-like,0.00/noise-like,0,8.885,hump-note
115,56,0,2.95,1,2.37,1111686,Y4,0.00/noise-like,0.24/noise-like,0,7.954,hump-note
115,57,0,0,-1,0,0,-,,,2,6.777,QUARANTINE:dark-lane range=59 distinct=58
115,58,0,0,-1,0,0,-,,,0,5.728,QUARANTINE:dark-lane range=55 distinct=51
115,59,0,0,-1,0,0,-,,,0,4.877,QUARANTINE:dark-lane range=41 distinct=42
115,60,0,0,-1,0,0,-,,,0,4.177,QUARANTINE:dark-lane range=36 distinct=36
115,61,0,0,-1,0,0,-,,,0,3.562,QUARANTINE:dark-lane range=35 distinct=35
115,62,0,0,-1,0,0,-,,,0,2.964,QUARANTINE:dark-lane range=26 distinct=27
115,63,0,0,-1,0,0,-,,,0,2.405,QUARANTINE:dark-lane range=21 distinct=22
116,0,0,1.35,827,2.42,358,Y2,,,0,20.716,clean
116,1,0,1.38,321,2.60,509709,Y4,,,0,19.624,clean
116,2,0,1.32,1074,2.55,265807,Y2,,,0,18.572,clean
116,3,0,1.42,1,2.33,362635,Y4,,,0,17.962,clean
116,4,0,1.40,929,2.47,721782,Y4,,,0,17.880,clean
116,5,0,1.36,1043,2.29,1366317,Y4,,,0,18.042,clean
116,6,0,1.76,1,2.29,411630,Y2,,,0,17.979,clean
116,7,0,1.42,1,2.32,498444,Y2,,,0,17.439,clean
116,8,0,1.42,1,2.40,271440,Y4,,,0,16.770,clean
116,9,0,1.57,1,2.30,1136988,Y2,,,0,16.209,clean
116,10,0,1.53,1,2.57,190437,Y4,,,0,16.287,clean
116,11,0,1.75,1,2.62,1063943,Y4,,,0,16.620,clean
116,12,0,1.48,1,2.36,582576,Y4,,,0,16.848,clean
116,13,0,1.32,880,2.38,76622,Y4,,,0,16.722,clean
116,14,0,1.42,1,2.44,881463,Y4,,,0,16.210,clean
116,15,0,1.40,801,2.40,1450449,Y4,,,0,15.905,clean
116,16,0,1.53,1,2.53,952452,Y4,,,0,16.186,clean
116,17,0,1.83,1,2.56,1327515,Y4,,,0,16.858,clean
116,18,0,1.60,555,2.50,1449287,Y4,,,0,19.188,clean
116,19,0,1.70,1,2.78,588655,Y4,,,0,17.233,clean
116,20,0,1.49,1,2.41,214666,Y2,,,0,16.361,clean
116,21,0,1.33,331,2.33,1058221,Y4,,,0,15.652,clean
116,22,0,1.60,1,2.40,961751,Y2,,,0,15.405,clean
116,23,0,1.43,1,2.72,997245,Y4,,,0,15.758,clean
116,24,0,1.50,1,2.69,947535,Y4,,,0,16.138,clean
116,25,0,2.05,204,2.57,907660,Y2,,,0,15.996,clean
116,26,0,1.64,1,2.41,519991,Y2,,,0,15.383,clean
116,27,0,1.68,623,2.21,140905,Y4,,,0,14.947,clean
116,28,0,1.74,1,2.44,622272,Y2,,,0,14.446,clean
116,29,0,1.72,1,2.33,1116157,Y2,,,0,14.682,clean
116,30,0,1.71,1,2.34,604480,Y2,,,0,15.042,clean
116,31,0,1.63,1,2.45,465453,Y4,,,0,14.979,clean
116,32,0,1.39,1174,2.62,1058489,Y4,,,0,14.380,clean
116,33,0,1.85,1,2.45,604480,Y4,,,0,13.806,clean
116,34,0,1.66,1,2.23,470459,Y2,,,0,13.652,clean
116,35,0,1.64,1,2.32,552624,Y2,,,0,14.014,clean
116,36,0,1.53,1,2.31,339925,Y2,,,0,14.538,clean
116,37,0,1.60,1,2.51,1341730,Y4,,,0,14.661,clean
116,38,0,1.81,1,2.20,585526,Y4,,,0,14.202,clean
116,39,0,1.61,1,2.88,681549,Y4,,,0,13.506,clean
116,40,0,1.79,1,2.36,444800,Y4,,,0,13.205,clean
116,41,0,1.66,1,2.55,1250625,Y2,,,0,13.422,clean
116,42,0,1.82,1,2.57,638992,Y4,,,0,13.871,clean
116,43,0,1.50,1,2.37,718027,Y4,,,0,14.110,clean
116,44,0,1.72,1,2.40,633448,Y4,,,0,13.638,clean
116,45,0,1.82,1,2.47,311941,Y2,,,0,12.801,clean
116,46,0,1.73,1,2.60,1082093,Y2,,,0,12.270,clean
116,47,0,2.05,1,2.35,855356,Y4,,,0,12.134,clean
116,48,0,1.69,1,2.46,264198,Y2,,,0,12.337,clean
116,49,0,2.00,1,2.41,1387686,Y2,,,0,12.431,clean
116,50,0,2.01,1,2.38,1313478,Y2,,,0,11.933,clean
116,51,0,2.01,1,2.45,941724,Y4,,,0,11.064,clean
116,52,0,2.23,1,2.48,1013964,Y2,,,0,10.287,clean
116,53,0,2.32,1,2.26,162184,Y4,,,0,9.741,clean
116,54,0,2.38,1,2.53,425488,Y2,,,0,9.363,clean
116,55,0,2.73,1,2.38,213861,Y2,0.00/noise-like,0.00/noise-like,0,8.868,hump-note
116,56,0,3.07,1,2.48,1445532,Y4,0.00/noise-like,0.00/noise-like,0,7.950,hump-note
116,57,0,0,-1,0,0,-,,,0,6.789,QUARANTINE:dark-lane range=58 distinct=59
116,58,0,0,-1,0,0,-,,,0,5.739,QUARANTINE:dark-lane range=50 distinct=50
116,59,0,0,-1,0,0,-,,,0,4.876,QUARANTINE:dark-lane range=41 distinct=42
116,60,0,0,-1,0,0,-,,,0,4.156,QUARANTINE:dark-lane range=34 distinct=35
116,61,0,0,-1,0,0,-,,,0,3.554,QUARANTINE:dark-lane range=31 distinct=32
116,62,0,0,-1,0,0,-,,,0,2.960,QUARANTINE:dark-lane range=26 distinct=26
116,63,0,0,-1,0,0,-,,,0,2.405,QUARANTINE:dark-lane range=21 distinct=22
117,0,0,1.36,923,2.37,939488,Y2,,,0,20.753,clean
117,1,0,1.37,91,2.28,1386970,Y2,,,0,19.573,clean
117,2,0,1.32,1509,2.69,726879,Y2,,,0,18.594,clean
117,3,0,1.57,1,2.45,1446515,Y4,,,0,17.965,clean
117,4,0,1.60,1,2.49,883430,Y2,,,0,17.851,clean
117,5,0,1.68,1,2.36,826389,Y2,,,0,18.049,clean
117,6,0,1.43,1478,2.56,402063,Y2,,,0,17.969,clean
117,7,0,1.61,1,2.32,1103461,Y2,,,0,17.440,clean
117,8,0,1.35,1235,2.44,653297,Y4,,,0,16.781,clean
117,9,0,1.70,1,2.37,946194,Y2,,,0,16.241,clean
117,10,0,1.59,1,2.35,803590,Y4,,,0,16.246,clean
117,11,0,1.46,1,2.45,1341283,Y2,,,0,16.621,clean
117,12,0,1.34,1010,2.36,507295,Y2,,,0,16.878,clean
117,13,0,1.42,1,2.32,1284778,Y4,,,0,16.686,clean
117,14,0,1.62,1,2.38,141799,Y4,,,0,16.214,clean
117,15,0,1.39,1,2.50,553697,Y2,,,0,15.894,clean
117,16,0,1.83,1,2.24,839353,Y2,,,0,16.194,clean
117,17,0,1.39,486,2.57,1419872,Y4,,,0,16.885,clean
117,18,0,1.57,731,2.58,1074940,Y4,,,0,19.176,clean
117,19,0,1.35,210,2.28,333399,Y4,,,0,17.269,clean
117,20,0,1.53,1,2.34,1438022,Y2,,,0,16.337,clean
117,21,0,1.59,1,2.49,210464,Y2,,,0,15.632,clean
117,22,0,1.53,1,2.48,1121700,Y4,,,0,15.394,clean
117,23,0,1.60,1,2.44,862062,Y4,,,0,15.744,clean
117,24,0,1.70,1,2.56,1307756,Y4,,,0,16.150,clean
117,25,0,2.10,204,2.44,1305163,Y2,,,0,16.015,clean
117,26,0,1.69,1,2.66,1075119,Y4,,,0,15.417,clean
117,27,0,1.65,635,2.28,34422,Y4,,,0,14.958,clean
117,28,0,1.89,1,2.50,506222,Y2,,,0,14.479,clean
117,29,0,1.53,1,2.48,270635,Y2,,,0,14.666,clean
117,30,0,1.63,1,2.31,629783,Y4,,,0,15.001,clean
117,31,0,1.80,1,2.33,1284689,Y2,,,0,14.977,clean
117,32,0,1.39,850,2.39,709355,Y2,,,0,14.398,clean
117,33,0,1.62,1,2.31,1420319,Y4,,,0,13.789,clean
117,34,0,1.96,1,2.35,1453489,Y4,,,0,13.662,clean
117,35,0,1.61,1,2.50,188559,Y2,,,0,14.004,clean
117,36,0,1.65,1,2.40,69469,Y2,,,0,14.542,clean
117,37,0,1.52,1,2.51,114173,Y2,,,0,14.659,clean
117,38,0,1.82,1,2.34,753880,Y2,,,0,14.159,clean
117,39,0,1.82,1,2.24,1195908,Y2,,,0,13.523,clean
117,40,0,1.79,1,2.25,668138,Y2,,,0,13.206,clean
117,41,0,1.86,1,2.46,1125723,Y4,,,0,13.409,clean
117,42,0,1.64,1,2.34,757277,Y2,,,0,13.881,clean
117,43,0,1.55,1,2.49,139117,Y2,,,0,14.103,clean
117,44,0,1.64,1,2.39,214934,Y4,,,0,13.619,clean
117,45,0,1.71,1,2.27,1207620,Y4,,,0,12.796,clean
117,46,0,1.99,1,2.48,1447499,Y4,,,0,12.271,clean
117,47,0,1.94,1,2.32,1133144,Y2,,,0,12.137,clean
117,48,0,1.71,1,2.44,438809,Y2,,,0,12.347,clean
117,49,0,1.84,1,2.32,791341,Y4,,,0,12.431,clean
117,50,0,1.84,1,2.59,43720,Y2,,,0,11.938,clean
117,51,0,2.61,1,2.35,885576,Y4,0.00/noise-like,0.24/noise-like,0,11.103,hump-note
117,52,0,2.27,1,2.34,1365244,Y4,,,0,10.288,clean
117,53,0,2.12,1,2.91,987858,Y4,,,0,9.739,clean
117,54,0,2.51,1,2.51,59992,Y2,0.24/noise-like,0.00/noise-like,0,9.372,hump-note
117,55,0,2.98,1,2.55,1277089,Y2,0.24/noise-like,0.24/noise-like,0,8.855,hump-note
117,56,0,3.11,1,2.73,896752,Y2,0.00/noise-like,0.00/noise-like,0,7.971,hump-note
117,57,0,0,-1,0,0,-,,,0,6.785,QUARANTINE:dark-lane range=56 distinct=57
117,58,0,0,-1,0,0,-,,,0,5.726,QUARANTINE:dark-lane range=48 distinct=48
117,59,0,0,-1,0,0,-,,,0,4.886,QUARANTINE:dark-lane range=40 distinct=41
117,60,0,0,-1,0,0,-,,,0,4.167,QUARANTINE:dark-lane range=37 distinct=37
117,61,0,0,-1,0,0,-,,,0,3.551,QUARANTINE:dark-lane range=31 distinct=31
117,62,0,0,-1,0,0,-,,,0,2.955,QUARANTINE:dark-lane range=26 distinct=26
117,63,0,0,-1,0,0,-,,,0,2.409,QUARANTINE:dark-lane range=20 distinct=21
118,0,0,1.36,3,2.62,479132,Y4,,,0,20.727,clean
118,1,0,1.47,1,2.40,1180440,Y4,,,0,19.564,clean
118,2,0,1.54,1,2.82,266612,Y4,,,0,18.575,clean
118,3,0,1.37,1138,2.45,10729,Y4,,,0,17.949,clean
118,4,0,1.50,1,2.35,770420,Y2,,,0,17.850,clean
118,5,0,1.35,1,2.42,442207,Y4,,,0,18.048,clean
118,6,0,1.44,1,2.31,1331449,Y2,,,0,17.970,clean
118,7,0,1.62,1,2.43,101566,Y4,,,0,17.460,clean
118,8,0,1.35,620,2.42,1448661,Y2,,,0,16.758,clean
118,9,0,1.65,1,2.36,1399398,Y2,,,0,16.225,clean
118,10,0,1.36,1,2.36,70453,Y4,,,0,16.250,clean
118,11,0,1.40,1369,2.52,1412898,Y2,,,0,16.593,clean
118,12,0,1.54,1,2.44,444531,Y2,,,0,16.916,clean
118,13,0,1.37,162,2.46,1091659,Y4,,,0,16.734,clean
118,14,0,1.41,1,2.32,1464844,Y4,,,0,16.212,clean
118,15,0,1.42,1,2.54,245869,Y4,,,0,15.937,clean
118,16,0,1.43,1,2.48,872880,Y4,,,0,16.243,clean
118,17,0,1.43,1,2.35,1075208,Y4,,,0,16.863,clean
118,18,0,1.59,792,2.38,860989,Y4,,,0,19.211,clean
118,19,0,1.34,17,2.48,88781,Y2,,,0,17.258,clean
118,20,0,1.60,1,2.36,93520,Y4,,,0,16.375,clean
118,21,0,1.42,1,2.44,871718,Y4,,,0,15.639,clean
118,22,0,1.59,1,2.31,19133,Y4,,,0,15.421,clean
118,23,0,1.58,1,2.53,247121,Y4,,,0,15.723,clean
118,24,0,1.47,1,2.45,909269,Y4,,,0,16.128,clean
118,25,0,2.17,204,2.37,1460731,Y2,,,0,16.001,clean
118,26,0,1.47,1,2.24,1200467,Y2,,,0,15.395,clean
118,27,0,1.71,623,2.32,1102120,Y2,,,0,14.961,clean
118,28,0,1.44,1,2.37,497997,Y4,,,0,14.488,clean
118,29,0,1.55,1,2.54,113547,Y4,,,0,14.701,clean
118,30,0,1.81,1,2.36,1139402,Y4,,,0,15.018,clean
118,31,0,1.90,1,2.34,225306,Y2,,,0,14.983,clean
118,32,0,1.35,846,2.26,280559,Y4,,,0,14.411,clean
118,33,0,1.98,1,2.39,913650,Y2,,,0,13.791,clean
118,34,0,1.60,1,2.53,1459122,Y2,,,0,13.645,clean
118,35,0,1.38,1,2.31,675291,Y4,,,0,14.031,clean
118,36,0,1.35,1,2.63,937879,Y4,,,0,14.557,clean
118,37,0,1.71,1,2.31,1121789,Y4,,,0,14.653,clean
118,38,0,1.74,1,2.48,101835,Y2,,,0,14.172,clean
118,39,0,1.43,1,2.49,1082182,Y2,,,0,13.519,clean
118,40,0,1.78,1,2.35,894874,Y4,,,0,13.196,clean
118,41,0,1.92,1,2.39,896931,Y2,,,0,13.389,clean
118,42,0,1.62,1,2.72,1382679,Y2,,,0,13.876,clean
118,43,0,1.89,1,2.57,687808,Y4,,,0,14.129,clean
118,44,0,1.82,1,2.49,3934,Y2,,,0,13.605,clean
118,45,0,1.76,1,2.27,1416296,Y2,,,0,12.789,clean
118,46,0,1.80,1,2.34,1019061,Y4,,,0,12.274,clean
118,47,0,1.73,1,2.74,1174361,Y4,,,0,12.130,clean
118,48,0,1.52,1,2.30,930637,Y4,,,0,12.344,clean
118,49,0,1.89,1,2.30,1355141,Y2,,,0,12.415,clean
118,50,0,1.76,1,2.49,499964,Y2,,,0,11.935,clean
118,51,0,2.09,1,2.44,1119196,Y4,,,0,11.093,clean
118,52,0,2.71,1,2.65,757635,Y2,0.00/noise-like,0.00/noise-like,0,10.297,hump-note
118,53,0,2.61,1,2.35,728577,Y2,0.00/noise-like,0.00/noise-like,0,9.737,hump-note
118,54,0,2.75,1,2.31,1228452,Y4,0.00/noise-like,0.24/noise-like,0,9.363,hump-note
118,55,0,2.94,1,2.42,1122415,Y4,0.00/noise-like,0.00/noise-like,0,8.871,hump-note
118,56,0,2.75,1,2.28,1240790,Y2,0.00/noise-like,0.00/noise-like,0,7.934,hump-note
118,57,0,0,-1,0,0,-,,,0,6.796,QUARANTINE:dark-lane range=58 distinct=59
118,58,0,0,-1,0,0,-,,,0,5.741,QUARANTINE:dark-lane range=48 distinct=48
118,59,0,0,-1,0,0,-,,,0,4.880,QUARANTINE:dark-lane range=44 distinct=44
118,60,0,0,-1,0,0,-,,,0,4.158,QUARANTINE:dark-lane range=34 distinct=35
118,61,0,0,-1,0,0,-,,,0,3.563,QUARANTINE:dark-lane range=29 distinct=30
118,62,0,0,-1,0,0,-,,,0,2.961,QUARANTINE:dark-lane range=26 distinct=27
118,63,0,0,-1,0,0,-,,,0,2.403,QUARANTINE:dark-lane range=21 distinct=22
119,0,0,1.35,565,2.49,663131,Y4,,,0,20.743,clean
119,1,0,1.34,1158,2.27,47743,Y4,,,0,19.629,clean
119,2,0,1.49,1,2.53,693262,Y2,,,0,18.578,clean
119,3,0,1.61,1,2.44,514984,Y4,,,0,17.958,clean
119,4,0,1.62,1,2.33,1306325,Y2,,,0,17.860,clean
119,5,0,1.63,1,2.35,1338601,Y4,,,0,18.054,clean
119,6,0,1.51,1,2.30,983387,Y2,,,0,17.964,clean
119,7,0,1.36,87,2.59,372648,Y4,,,0,17.430,clean
119,8,0,1.33,970,2.61,219405,Y2,,,0,16.740,clean
119,9,0,1.54,1,2.30,1218975,Y2,,,0,16.217,clean
119,10,0,1.37,418,2.63,1349509,Y2,,,0,16.246,clean
119,11,0,1.47,1,2.38,1415581,Y2,,,0,16.629,clean
119,12,0,1.54,1,2.31,1156747,Y4,,,0,16.878,clean
119,13,0,1.56,1,2.32,1433909,Y4,,,0,16.704,clean
119,14,0,1.54,1,2.24,745833,Y2,,,0,16.218,clean
119,15,0,1.54,1,2.49,629157,Y4,,,0,15.931,clean
119,16,0,1.74,1,2.76,1076996,Y4,,,0,16.200,clean
119,17,0,1.45,1,2.33,566304,Y4,,,0,16.871,clean
119,18,0,1.51,838,2.47,1256794,Y4,,,0,19.171,clean
119,19,0,1.48,1,2.35,890493,Y4,,,0,17.256,clean
119,20,0,1.53,1,2.81,360668,Y4,,,0,16.350,clean
119,21,0,1.66,1,2.44,666887,Y2,,,0,15.640,clean
119,22,0,1.64,1,2.49,445873,Y4,,,0,15.395,clean
119,23,0,1.44,1,2.33,1452059,Y4,,,0,15.734,clean
119,24,0,1.58,1,2.22,4292,Y2,,,0,16.126,clean
119,25,0,1.95,204,2.52,511676,Y4,,,0,15.996,clean
119,26,0,1.71,1,2.55,396073,Y4,,,0,15.394,clean
119,27,0,1.80,1,2.29,1234263,Y2,,,0,14.960,clean
119,28,0,1.79,1,2.46,837117,Y2,,,0,14.466,clean
119,29,0,1.55,1,2.54,316679,Y2,,,0,14.669,clean
119,30,0,1.41,355,2.59,580519,Y4,,,0,15.038,clean
119,31,0,1.47,1,2.64,601888,Y4,,,0,14.997,clean
119,32,0,1.42,1243,2.34,1034796,Y2,,,0,14.404,clean
119,33,0,1.83,1,2.25,843018,Y4,,,0,13.811,clean
119,34,0,1.62,1,2.25,705779,Y4,,,0,13.626,clean
119,35,0,1.67,1,2.35,1025409,Y4,,,0,14.044,clean
119,36,0,1.74,1,2.29,29773,Y4,,,0,14.536,clean
119,37,0,1.54,1,2.22,133663,Y4,,,0,14.672,clean
119,38,0,1.58,1,2.53,541270,Y4,,,0,14.177,clean
119,39,0,2.06,1,2.41,757188,Y2,,,0,13.515,clean
119,40,0,1.76,1,2.31,70095,Y4,,,0,13.213,clean
119,41,0,1.68,1,2.32,550121,Y4,,,0,13.434,clean
119,42,0,1.73,1,2.22,257492,Y2,,,0,13.862,clean
119,43,0,1.46,1,2.46,155389,Y2,,,0,14.125,clean
119,44,0,1.52,1,2.37,949770,Y2,,,0,13.635,clean
119,45,0,1.92,1,2.59,1239002,Y4,,,0,12.799,clean
119,46,0,2.06,1,2.56,614673,Y4,,,0,12.265,clean
119,47,0,1.90,1,2.25,1111239,Y4,,,0,12.162,clean
119,48,0,2.11,1,2.34,515163,Y4,,,0,12.346,clean
119,49,0,1.88,1,2.44,1296759,Y2,,,0,12.427,clean
119,50,0,2.13,1,2.32,1249194,Y4,,,0,11.946,clean
119,51,0,2.14,1,2.61,1158178,Y2,,,0,11.105,clean
119,52,0,2.46,1,2.51,1073241,Y2,,,0,10.302,clean
119,53,0,2.21,1,2.48,1159608,Y4,,,0,9.739,clean
119,54,0,2.65,1,2.38,324637,Y2,0.00/noise-like,0.00/noise-like,0,9.341,hump-note
119,55,0,2.91,1,2.33,34958,Y4,0.00/noise-like,0.24/noise-like,0,8.874,hump-note
119,56,0,2.82,1,2.47,1431406,Y2,0.00/noise-like,0.00/noise-like,0,7.954,hump-note
119,57,0,0,-1,0,0,-,,,0,6.787,QUARANTINE:dark-lane range=62 distinct=61
119,58,0,0,-1,0,0,-,,,0,5.748,QUARANTINE:dark-lane range=48 distinct=48
119,59,0,0,-1,0,0,-,,,0,4.884,QUARANTINE:dark-lane range=42 distinct=43
119,60,0,0,-1,0,0,-,,,0,4.165,QUARANTINE:dark-lane range=39 distinct=38
119,61,0,0,-1,0,0,-,,,0,3.564,QUARANTINE:dark-lane range=32 distinct=32
119,62,0,0,-1,0,0,-,,,0,2.959,QUARANTINE:dark-lane range=25 distinct=26
119,63,0,0,-1,0,0,-,,,0,2.402,QUARANTINE:dark-lane range=22 distinct=22
120,0,0,1.62,65,2.35,860453,Y4,,,0,20.754,clean
120,1,0,1.33,169,2.37,171661,Y4,,,0,19.593,clean
120,2,0,1.59,1,2.32,1374096,Y2,,,0,18.569,clean
120,3,0,1.36,161,2.40,1357287,Y2,,,0,17.982,clean
120,4,0,1.34,911,2.30,160486,Y2,,,0,17.876,clean
120,5,0,1.54,1,2.70,630409,Y4,,,0,18.062,clean
120,6,0,1.46,1478,2.41,90033,Y2,,,0,18.027,clean
120,7,0,1.35,942,2.46,772566,Y4,,,0,17.391,clean
120,8,0,1.41,1176,2.57,585347,Y4,,,0,16.745,clean
120,9,0,1.47,1,2.55,434428,Y2,,,0,16.259,clean
120,10,0,1.73,1,2.44,2861,Y4,,,0,16.247,clean
120,11,0,1.50,1086,2.33,1168191,Y4,,,0,16.636,clean
120,12,0,1.44,1,2.28,277519,Y2,,,0,16.904,clean
120,13,0,1.64,1,2.59,1448303,Y4,,,0,16.695,clean
120,14,0,1.67,1,2.55,1027197,Y4,,,0,16.225,clean
120,15,0,1.40,1330,2.40,1356393,Y4,,,0,15.925,clean
120,16,0,1.75,1,2.49,316232,Y4,,,0,16.166,clean
120,17,0,1.56,1,2.51,1057863,Y4,,,0,16.895,clean
120,18,0,1.59,707,2.39,334203,Y4,,,0,19.202,clean
120,19,0,1.47,1,2.88,562191,Y4,,,0,17.217,clean
120,20,0,1.39,1,2.46,344217,Y2,,,0,16.369,clean
120,21,0,1.51,1,2.28,1005471,Y2,,,0,15.670,clean
120,22,0,1.68,1,2.34,273138,Y4,,,0,15.417,clean
120,23,0,1.71,1,2.64,356913,Y2,,,0,15.724,clean
120,24,0,1.68,1,2.27,85205,Y2,,,0,16.122,clean
120,25,0,2.12,204,2.41,915796,Y2,,,0,16.022,clean
120,26,0,1.57,1,2.38,535190,Y2,,,0,15.390,clean
120,27,0,1.71,633,2.61,1373649,Y4,,,0,14.983,clean
120,28,0,1.61,1,2.67,143498,Y4,,,0,14.456,clean
120,29,0,1.69,1,2.53,936002,Y4,,,0,14.688,clean
120,30,0,1.68,1,2.43,121236,Y4,,,0,14.995,clean
120,31,0,1.58,1,2.34,1361221,Y4,,,0,14.960,clean
120,32,0,1.36,39,2.45,1436412,Y2,,,0,14.398,clean
120,33,0,1.65,1,2.50,158072,Y2,,,0,13.818,clean
120,34,0,1.82,1,2.35,612527,Y4,,,0,13.630,clean
120,35,0,2.12,1,2.40,1363009,Y4,,,0,13.999,clean
120,36,0,1.73,1,2.26,1185089,Y2,,,0,14.579,clean
120,37,0,1.68,1,2.35,4023,Y2,,,0,14.679,clean
120,38,0,1.87,1,2.43,941455,Y2,,,0,14.206,clean
120,39,0,1.93,1,2.56,28521,Y4,,,0,13.515,clean
120,40,0,1.99,1,2.37,1450986,Y4,,,0,13.187,clean
120,41,0,1.61,1,2.38,646323,Y4,,,0,13.432,clean
120,42,0,1.76,1,2.49,75996,Y2,,,0,13.890,clean
120,43,0,1.80,1,2.53,704169,Y4,,,0,14.110,clean
120,44,0,2.00,1,2.38,1363993,Y4,,,0,13.630,clean
120,45,0,1.78,1,2.42,1267076,Y4,,,0,12.809,clean
120,46,0,1.80,1,2.39,873417,Y4,,,0,12.256,clean
120,47,0,2.02,1,2.37,701755,Y4,,,0,12.140,clean
120,48,0,1.85,1,2.28,327766,Y2,,,0,12.336,clean
120,49,0,1.97,1,2.24,860631,Y2,,,0,12.435,clean
120,50,0,1.93,1,2.56,518739,Y4,,,0,11.932,clean
120,51,0,2.38,1,2.70,1324832,Y2,,,0,11.100,clean
120,52,0,2.23,1,2.40,620663,Y4,,,0,10.288,clean
120,53,0,2.69,1,2.35,1274496,Y2,0.00/noise-like,0.00/noise-like,0,9.730,hump-note
120,54,0,2.57,1,2.71,958622,Y2,0.00/noise-like,0.00/noise-like,0,9.358,hump-note
120,55,0,2.76,1,2.42,61512,Y4,0.00/noise-like,0.00/noise-like,0,8.870,hump-note
120,56,0,3.16,1,2.57,1188040,Y4,0.00/noise-like,0.24/noise-like,0,7.953,hump-note
120,57,0,0,-1,0,0,-,,,0,6.797,QUARANTINE:dark-lane range=57 distinct=58
120,58,0,0,-1,0,0,-,,,0,5.721,QUARANTINE:dark-lane range=48 distinct=48
120,59,0,0,-1,0,0,-,,,0,4.887,QUARANTINE:dark-lane range=40 distinct=41
120,60,0,0,-1,0,0,-,,,0,4.170,QUARANTINE:dark-lane range=35 distinct=35
120,61,0,0,-1,0,0,-,,,0,3.563,QUARANTINE:dark-lane range=30 distinct=31
120,62,0,0,-1,0,0,-,,,0,2.957,QUARANTINE:dark-lane range=26 distinct=27
120,63,0,0,-1,0,0,-,,,0,2.408,QUARANTINE:dark-lane range=20 distinct=21
121,0,0,1.33,220,2.36,588119,Y4,,,0,20.717,clean
121,1,0,1.42,1142,2.45,1411021,Y2,,,0,19.552,clean
121,2,0,1.42,1,2.37,972033,Y4,,,0,18.607,clean
121,3,0,1.67,1,2.69,321239,Y2,,,0,17.997,clean
121,4,0,1.34,442,2.38,413865,Y2,,,0,17.866,clean
121,5,0,1.49,1,2.41,183016,Y2,,,0,18.063,clean
121,6,0,1.54,1478,2.48,198930,Y2,,,0,17.977,clean
121,7,0,1.36,1,2.44,802338,Y4,,,0,17.450,clean
121,8,0,1.40,1,2.32,469208,Y4,,,0,16.760,clean
121,9,0,1.60,1,2.32,1008242,Y2,,,0,16.194,clean
121,10,0,1.42,1,2.56,1363188,Y4,,,0,16.256,clean
121,11,0,1.42,73,2.34,378460,Y2,,,0,16.638,clean
121,12,0,1.42,1121,2.39,1005203,Y2,,,0,16.890,clean
121,13,0,1.49,1,2.47,873059,Y2,,,0,16.705,clean
121,14,0,1.48,1,2.43,49978,Y2,,,0,16.213,clean
121,15,0,1.60,1,2.35,12875,Y2,,,0,15.903,clean
121,16,0,1.52,1,2.50,161916,Y2,,,0,16.181,clean
121,17,0,1.52,1,2.50,77784,Y4,,,0,16.885,clean
121,18,0,1.64,746,2.35,1066446,Y4,,,0,19.185,clean
121,19,0,1.64,1,2.45,972390,Y4,,,0,17.253,clean
121,20,0,1.45,1,2.45,5633,Y2,,,0,16.369,clean
121,21,0,1.56,1,2.40,102639,Y4,,,0,15.662,clean
121,22,0,1.79,1,2.55,760943,Y2,,,0,15.411,clean
121,23,0,1.54,1,2.31,503540,Y2,,,0,15.737,clean
121,24,0,1.52,1,2.34,396609,Y2,,,0,16.132,clean
121,25,0,2.39,204,2.93,1127958,Y4,,,0,16.002,clean
121,26,0,1.42,1,2.45,802606,Y2,,,0,15.386,clean
121,27,0,1.60,613,2.41,1058668,Y4,,,0,14.982,clean
121,28,0,1.71,1,2.42,1259923,Y2,,,0,14.448,clean
121,29,0,1.68,1,3.00,1239717,Y4,0.00/noise-like,0.24/noise-like,0,14.670,FAM-HIT
121,30,0,1.81,1,2.26,613064,Y2,,,0,15.010,clean
121,31,0,1.62,1,2.59,173002,Y2,,,0,14.963,clean
121,32,0,1.41,700,2.26,1149237,Y2,,,0,14.415,clean
121,33,0,1.74,1,2.33,611275,Y2,,,0,13.795,clean
121,34,0,1.61,1,2.31,746280,Y4,,,0,13.625,clean
121,35,0,1.63,1,2.44,86904,Y2,,,0,14.016,clean
121,36,0,1.85,1,2.31,388563,Y2,,,0,14.522,clean
121,37,0,1.67,1,2.42,1369715,Y2,,,0,14.655,clean
121,38,0,1.46,1,2.57,1178741,Y2,,,0,14.202,clean
121,39,0,1.59,1,2.31,190973,Y2,,,0,13.512,clean
121,40,0,1.88,1,2.32,297278,Y4,,,0,13.201,clean
121,41,0,1.42,1,2.54,283152,Y4,,,0,13.405,clean
121,42,0,1.58,1,2.41,350296,Y4,,,0,13.882,clean
121,43,0,1.56,1,2.52,1134396,Y2,,,0,14.149,clean
121,44,0,1.65,1,2.35,244260,Y4,,,0,13.639,clean
121,45,0,1.71,1,2.52,1045525,Y4,,,0,12.803,clean
121,46,0,2.15,1,2.47,894606,Y4,,,0,12.273,clean
121,47,0,2.06,1,2.58,877261,Y2,,,0,12.127,clean
121,48,0,2.06,1,2.37,644714,Y4,,,0,12.338,clean
121,49,0,2.06,1,2.35,811547,Y4,,,0,12.437,clean
121,50,0,2.08,1,2.52,898451,Y2,,,0,11.918,clean
121,51,0,1.93,1,2.35,1334667,Y4,,,0,11.071,clean
121,52,0,2.14,1,2.50,1109988,Y2,,,0,10.297,clean
121,53,0,2.67,1,2.50,331163,Y2,0.00/noise-like,0.00/noise-like,0,9.732,hump-note
121,54,0,2.55,1,2.55,953078,Y4,0.24/noise-like,0.00/noise-like,0,9.352,hump-note
121,55,0,2.53,1,2.26,1151025,Y2,0.00/noise-like,0.00/noise-like,0,8.860,hump-note
121,56,0,2.89,1,2.57,771672,Y2,0.00/noise-like,0.00/noise-like,0,7.972,hump-note
121,57,0,0,-1,0,0,-,,,0,6.780,QUARANTINE:dark-lane range=61 distinct=59
121,58,0,0,-1,0,0,-,,,0,5.747,QUARANTINE:dark-lane range=49 distinct=50
121,59,0,0,-1,0,0,-,,,0,4.882,QUARANTINE:dark-lane range=42 distinct=42
121,60,0,0,-1,0,0,-,,,0,4.168,QUARANTINE:dark-lane range=37 distinct=37
121,61,0,0,-1,0,0,-,,,0,3.556,QUARANTINE:dark-lane range=30 distinct=31
121,62,0,0,-1,0,0,-,,,0,2.958,QUARANTINE:dark-lane range=26 distinct=27
121,63,0,0,-1,0,0,-,,,0,2.401,QUARANTINE:dark-lane range=20 distinct=21
122,0,0,1.39,1,2.35,731528,Y4,,,0,20.746,clean
122,1,0,1.33,323,2.37,1070738,Y4,,,0,19.572,clean
122,2,0,1.43,1,2.80,1464844,Y2,,,0,18.565,clean
122,3,0,1.58,1,2.94,1400650,Y4,,,0,17.994,clean
122,4,0,1.39,916,2.58,1044005,Y4,,,0,17.851,clean
122,5,0,1.66,1,2.26,886917,Y2,,,0,18.070,clean
122,6,0,1.35,681,2.32,1380533,Y2,,,0,17.948,clean
122,7,0,1.60,1,2.53,63747,Y2,,,0,17.459,clean
122,8,0,1.41,1,2.36,1444459,Y2,,,0,16.774,clean
122,9,0,1.44,1471,2.33,800103,Y4,,,0,16.216,clean
122,10,0,1.52,1,2.35,122935,Y2,,,0,16.229,clean
122,11,0,1.42,1,2.83,550121,Y2,,,0,16.631,clean
122,12,0,1.69,1,2.44,1039088,Y4,,,0,16.900,clean
122,13,0,1.54,1,2.43,848025,Y4,,,0,16.716,clean
122,14,0,1.39,1,2.32,1091927,Y4,,,0,16.227,clean
122,15,0,1.58,1,2.38,323564,Y4,,,0,15.924,clean
122,16,0,1.45,1,2.54,208050,Y4,,,0,16.193,clean
122,17,0,1.55,1,2.91,1109719,Y4,,,0,16.846,clean
122,18,0,1.71,720,2.56,615746,Y4,,,0,19.229,clean
122,19,0,1.46,1,2.33,1042753,Y4,,,0,17.183,clean
122,20,0,1.67,1,2.47,1145214,Y2,,,0,16.352,clean
122,21,0,1.38,1,2.46,4470,Y4,,,0,15.630,clean
122,22,0,1.59,1,2.38,1273513,Y4,,,0,15.404,clean
122,23,0,1.66,1,2.67,1298010,Y4,,,0,15.759,clean
122,24,0,1.70,1,2.34,23693,Y2,,,0,16.168,clean
122,25,0,1.99,204,2.28,1152813,Y4,,,0,16.034,clean
122,26,0,1.42,1,2.25,892460,Y4,,,0,15.408,clean
122,27,0,1.58,622,2.32,670820,Y2,,,0,14.975,clean
122,28,0,1.70,1,2.36,389725,Y4,,,0,14.459,clean
122,29,0,1.52,1,2.36,985622,Y4,,,0,14.688,clean
122,30,0,1.79,1,2.40,223696,Y2,,,0,15.018,clean
122,31,0,1.72,1,2.45,298262,Y4,,,0,14.994,clean
122,32,0,1.37,1179,2.38,1017004,Y4,,,0,14.412,clean
122,33,0,1.65,1,2.40,442743,Y2,,,0,13.798,clean
122,34,0,1.53,1,2.61,48459,Y4,,,0,13.651,clean
122,35,0,1.73,1,2.40,75012,Y2,,,0,14.020,clean
122,36,0,1.78,1,2.41,1207173,Y2,,,0,14.549,clean
122,37,0,1.64,1,2.36,919461,Y2,,,0,14.682,clean
122,38,0,1.79,1,2.45,91821,Y2,,,0,14.178,clean
122,39,0,1.71,1,2.43,1331806,Y2,,,0,13.528,clean
122,40,0,1.74,1,2.36,763357,Y4,,,0,13.207,clean
122,41,0,1.67,1,2.55,857681,Y2,,,0,13.426,clean
122,42,0,1.89,1,2.33,1225770,Y4,,,0,13.877,clean
122,43,0,1.72,1,2.54,861347,Y2,,,0,14.107,clean
122,44,0,1.57,1,2.22,598043,Y4,,,0,13.604,clean
122,45,0,2.15,1,2.28,238001,Y2,,,0,12.781,clean
122,46,0,1.82,1,2.51,1248747,Y4,,,0,12.278,clean
122,47,0,1.84,1,2.41,339925,Y4,,,0,12.180,clean
122,48,0,1.76,1,2.42,374436,Y2,,,0,12.372,clean
122,49,0,2.00,1,2.43,121057,Y2,,,0,12.405,clean
122,50,0,1.74,1,2.28,79930,Y2,,,0,11.952,clean
122,51,0,2.12,1,2.58,622898,Y2,,,0,11.103,clean
122,52,0,2.44,1,2.58,904351,Y4,,,0,10.318,clean
122,53,0,2.36,1,2.43,966489,Y4,,,0,9.737,clean
122,54,0,2.97,1,2.40,545204,Y2,0.00/noise-like,0.00/noise-like,0,9.370,hump-note
122,55,0,2.92,1,2.40,1152545,Y4,0.24/noise-like,0.00/noise-like,0,8.872,hump-note
122,56,0,3.07,1,2.31,318646,Y2,0.00/noise-like,0.00/noise-like,0,7.957,hump-note
122,57,0,0,-1,0,0,-,,,0,6.786,QUARANTINE:dark-lane range=63 distinct=56
122,58,0,0,-1,0,0,-,,,0,5.735,QUARANTINE:dark-lane range=52 distinct=51
122,59,0,0,-1,0,0,-,,,0,4.880,QUARANTINE:dark-lane range=40 distinct=41
122,60,0,0,-1,0,0,-,,,0,4.165,QUARANTINE:dark-lane range=35 distinct=36
122,61,0,0,-1,0,0,-,,,0,3.564,QUARANTINE:dark-lane range=29 distinct=30
122,62,0,0,-1,0,0,-,,,0,2.951,QUARANTINE:dark-lane range=26 distinct=27
122,63,0,0,-1,0,0,-,,,0,2.404,QUARANTINE:dark-lane range=20 distinct=21
123,0,0,1.35,420,2.29,632197,Y2,,,0,20.712,clean
123,1,0,1.40,1,2.78,683784,Y2,,,0,19.608,clean
123,2,0,1.41,1,2.59,104874,Y2,,,0,18.582,clean
123,3,0,1.59,1,2.47,420928,Y2,,,0,17.928,clean
123,4,0,1.45,1488,2.27,1270473,Y4,,,0,17.895,clean
123,5,0,1.66,1,2.39,306934,Y2,,,0,18.086,clean
123,6,0,1.41,1,2.31,418603,Y2,,,0,18.006,clean
123,7,0,1.58,1,2.57,296921,Y2,,,0,17.464,clean
123,8,0,1.60,1,2.68,1353800,Y2,,,0,16.765,clean
123,9,0,1.47,1,2.53,363529,Y4,,,0,16.233,clean
123,10,0,1.53,1,2.34,123918,Y4,,,0,16.248,clean
123,11,0,1.59,1,2.74,215471,Y2,,,0,16.622,clean
123,12,0,1.51,1,2.37,170320,Y2,,,0,16.893,clean
123,13,0,1.79,1,2.37,825584,Y4,,,0,16.708,clean
123,14,0,1.51,999,2.61,1007259,Y4,,,0,16.215,clean
123,15,0,1.72,1,2.23,848830,Y2,,,0,15.891,clean
123,16,0,1.42,1,2.33,812799,Y2,,,0,16.193,clean
123,17,0,1.51,1,2.50,136167,Y2,,,0,16.887,clean
123,18,0,1.58,798,2.62,168711,Y4,,,0,19.200,clean
123,19,0,1.40,1,2.50,1018077,Y4,,,0,17.228,clean
123,20,0,1.36,279,2.23,182927,Y4,,,0,16.365,clean
123,21,0,1.60,1,2.35,599205,Y4,,,0,15.638,clean
123,22,0,1.41,1,2.34,1003683,Y4,,,0,15.409,clean
123,23,0,1.82,1,2.37,1319379,Y2,,,0,15.774,clean
123,24,0,1.36,1399,2.42,832379,Y4,,,0,16.117,clean
123,25,0,2.37,204,2.36,941098,Y2,,,0,16.004,clean
123,26,0,1.74,1,2.45,190437,Y2,,,0,15.393,clean
123,27,0,1.67,1,2.26,489414,Y2,,,0,14.952,clean
123,28,0,1.40,1331,2.42,769705,Y2,,,0,14.480,clean
123,29,0,1.72,1,2.58,28610,Y2,,,0,14.709,clean
123,30,0,1.50,1,2.25,232995,Y4,,,0,15.028,clean
123,31,0,1.49,1,2.32,248820,Y4,,,0,15.025,clean
123,32,0,1.34,859,2.36,464380,Y4,,,0,14.402,clean
123,33,0,1.45,113,2.45,473857,Y2,,,0,13.819,clean
123,34,0,1.62,1,2.72,208318,Y2,,,0,13.661,clean
123,35,0,1.91,1,2.35,194103,Y4,,,0,14.016,clean
123,36,0,1.57,1,2.39,397593,Y4,,,0,14.582,clean
123,37,0,1.63,1,2.28,1459569,Y2,,,0,14.673,clean
123,38,0,1.49,1,2.42,665367,Y2,,,0,14.183,clean
123,39,0,1.63,1,2.35,288516,Y4,,,0,13.497,clean
123,40,0,1.60,1,2.46,894,Y2,,,0,13.233,clean
123,41,0,1.93,1,2.39,965238,Y4,,,0,13.428,clean
123,42,0,1.73,1,2.45,1464844,Y4,,,0,13.903,clean
123,43,0,1.67,1,2.28,561208,Y2,,,0,14.130,clean
123,44,0,1.74,1,2.65,1416206,Y4,,,0,13.630,clean
123,45,0,1.86,1,2.55,257581,Y4,,,0,12.788,clean
123,46,0,2.01,1,2.30,14395,Y4,,,0,12.264,clean
123,47,0,1.89,1,2.46,809669,Y4,,,0,12.142,clean
123,48,0,1.75,1234,2.55,227720,Y2,,,0,12.337,clean
123,49,0,1.80,1,2.48,102639,Y4,,,0,12.424,clean
123,50,0,2.20,1,2.35,759780,Y4,,,0,11.924,clean
123,51,0,1.89,1,2.69,721157,Y4,,,0,11.087,clean
123,52,0,2.05,1,2.85,720710,Y2,,,0,10.271,clean
123,53,0,2.61,1,2.40,123560,Y4,0.00/noise-like,0.24/noise-like,0,9.750,hump-note
123,54,0,2.48,1,2.23,378191,Y4,,,0,9.372,clean
123,55,0,2.97,1,2.48,439614,Y2,0.00/noise-like,0.00/noise-like,0,8.857,hump-note
123,56,0,3.44,1,2.33,588566,Y4,0.00/noise-like,0.00/noise-like,0,7.958,hump-note
123,57,0,0,-1,0,0,-,,,0,6.792,QUARANTINE:dark-lane range=61 distinct=61
123,58,0,0,-1,0,0,-,,,0,5.733,QUARANTINE:dark-lane range=52 distinct=50
123,59,0,0,-1,0,0,-,,,0,4.882,QUARANTINE:dark-lane range=41 distinct=42
123,60,0,0,-1,0,0,-,,,0,4.160,QUARANTINE:dark-lane range=39 distinct=39
123,61,0,0,-1,0,0,-,,,0,3.558,QUARANTINE:dark-lane range=33 distinct=33
123,62,0,0,-1,0,0,-,,,0,2.959,QUARANTINE:dark-lane range=26 distinct=27
123,63,0,0,-1,0,0,-,,,0,2.401,QUARANTINE:dark-lane range=20 distinct=21
124,0,0,1.33,375,2.32,12249,Y2,,,0,20.705,clean
124,1,0,1.44,1,2.51,784457,Y2,,,0,19.580,clean
124,2,0,1.58,1643,2.49,921428,Y2,,,0,18.552,clean
124,3,0,1.44,1,2.51,596613,Y2,,,0,17.933,clean
124,4,0,1.33,1263,2.78,1101583,Y4,,,0,17.853,clean
124,5,0,1.38,1,2.28,1044810,Y2,,,0,18.071,clean
124,6,0,1.50,1478,2.35,186503,Y4,,,0,17.994,clean
124,7,0,1.41,1,2.61,94593,Y2,,,0,17.444,clean
124,8,0,1.42,1,2.53,155121,Y4,,,0,16.749,clean
124,9,0,1.65,1,2.40,1373202,Y2,,,0,16.231,clean
124,10,0,1.58,1,2.23,773549,Y2,,,0,16.254,clean
124,11,0,1.46,1,2.34,50247,Y2,,,0,16.646,clean
124,12,0,1.50,1,2.43,1345217,Y2,,,0,16.881,clean
124,13,0,1.62,1,2.41,281096,Y2,,,0,16.711,clean
124,14,0,1.50,1,2.58,26554,Y4,,,0,16.214,clean
124,15,0,1.73,1,2.32,135630,Y4,,,0,15.911,clean
124,16,0,1.56,1,2.55,1127332,Y4,,,0,16.201,clean
124,17,0,1.51,1,2.34,175774,Y4,,,0,16.886,clean
124,18,0,1.59,748,2.45,661075,Y4,,,0,19.212,clean
124,19,0,1.50,1,2.53,713736,Y2,,,0,17.235,clean
124,20,0,1.41,1336,2.46,116050,Y4,,,0,16.368,clean
124,21,0,1.61,1,2.67,614315,Y4,,,0,15.642,clean
124,22,0,1.53,1,2.35,197500,Y2,,,0,15.429,clean
124,23,0,1.46,1,2.77,730634,Y4,,,0,15.734,clean
124,24,0,1.39,1,2.59,373006,Y4,,,0,16.116,clean
124,25,0,1.92,204,2.56,308812,Y4,,,0,16.008,clean
124,26,0,1.60,1,2.43,325441,Y4,,,0,15.373,clean
124,27,0,1.64,1,2.51,568450,Y2,,,0,14.962,clean
124,28,0,1.62,1,2.46,1010746,Y4,,,0,14.421,clean
124,29,0,1.78,1,2.38,243098,Y4,,,0,14.682,clean
124,30,0,1.66,1,2.43,42737,Y2,,,0,15.017,clean
124,31,0,1.60,1,2.52,914186,Y4,,,0,14.978,clean
124,32,0,1.42,947,2.31,990003,Y2,,,0,14.416,clean
124,33,0,1.54,1,2.37,583917,Y2,,,0,13.820,clean
124,34,0,1.80,1,2.23,275016,Y2,,,0,13.647,clean
124,35,0,1.90,1,2.43,969172,Y2,,,0,13.995,clean
124,36,0,1.65,1,2.74,192136,Y2,,,0,14.550,clean
124,37,0,1.75,1,2.58,1262784,Y4,,,0,14.675,clean
124,38,0,1.83,1,2.59,135988,Y4,,,0,14.172,clean
124,39,0,1.59,1,2.37,403225,Y2,,,0,13.495,clean
124,40,0,1.71,1,2.42,804394,Y2,,,0,13.186,clean
124,41,0,1.75,1,2.34,386417,Y4,,,0,13.434,clean
124,42,0,1.60,1,2.41,79125,Y2,,,0,13.891,clean
124,43,0,1.54,1,2.97,445336,Y2,,,0,14.130,clean
124,44,0,1.82,1,2.60,27359,Y4,,,0,13.594,clean
124,45,0,2.04,1,2.49,913382,Y4,,,0,12.825,clean
124,46,0,1.98,1,2.43,485480,Y4,,,0,12.261,clean
124,47,0,1.75,1,2.39,464469,Y4,,,0,12.152,clean
124,48,0,1.68,1234,2.33,996709,Y4,,,0,12.330,clean
124,49,0,2.01,1,2.47,296295,Y4,,,0,12.419,clean
124,50,0,1.89,1,2.41,476897,Y2,,,0,11.944,clean
124,51,0,2.20,1,2.57,909537,Y4,,,0,11.092,clean
124,52,0,2.19,1,2.24,242293,Y2,,,0,10.296,clean
124,53,0,2.51,1,2.47,1380891,Y2,0.00/noise-like,0.24/noise-like,0,9.751,hump-note
124,54,0,2.37,1,2.69,875205,Y2,,,0,9.348,clean
124,55,0,2.66,1,2.34,439882,Y4,0.00/noise-like,0.00/noise-like,0,8.867,hump-note
124,56,0,3.20,1,2.40,1383483,Y2,0.00/noise-like,0.00/noise-like,0,7.961,hump-note
124,57,0,0,-1,0,0,-,,,0,6.788,QUARANTINE:dark-lane range=63 distinct=59
124,58,0,0,-1,0,0,-,,,0,5.747,QUARANTINE:dark-lane range=53 distinct=53
124,59,0,0,-1,0,0,-,,,0,4.877,QUARANTINE:dark-lane range=43 distinct=44
124,60,0,0,-1,0,0,-,,,0,4.162,QUARANTINE:dark-lane range=34 distinct=35
124,61,0,0,-1,0,0,-,,,0,3.559,QUARANTINE:dark-lane range=32 distinct=32
124,62,0,0,-1,0,0,-,,,0,2.956,QUARANTINE:dark-lane range=26 distinct=27
124,63,0,0,-1,0,0,-,,,0,2.403,QUARANTINE:dark-lane range=21 distinct=22
125,0,0,1.30,359,2.35,74565,Y2,,,0,20.720,clean
125,1,0,1.37,1,2.53,1035959,Y4,,,0,19.612,clean
125,2,0,1.44,1643,2.54,1336098,Y4,,,0,18.584,clean
125,3,0,1.35,1,2.61,262946,Y4,,,0,17.999,clean
125,4,0,1.48,1,2.57,209659,Y2,,,0,17.856,clean
125,5,0,1.66,1,2.39,119448,Y2,,,0,18.053,clean
125,6,0,1.39,595,2.32,629067,Y4,,,0,18.011,clean
125,7,0,1.46,1,2.38,104517,Y2,,,0,17.446,clean
125,8,0,1.46,1,2.60,1239181,Y4,,,0,16.757,clean
125,9,0,1.42,1,2.44,106752,Y2,,,0,16.219,clean
125,10,0,1.63,1,2.38,525266,Y4,,,0,16.227,clean
125,11,0,1.48,1,2.52,354320,Y2,,,0,16.596,clean
125,12,0,1.82,1,2.36,1224339,Y4,,,0,16.868,clean
125,13,0,1.48,1,2.23,1026928,Y2,,,0,16.690,clean
125,14,0,1.67,1,2.49,884324,Y4,,,0,16.228,clean
125,15,0,1.42,1,2.55,929207,Y2,,,0,15.918,clean
125,16,0,1.50,1,2.40,70184,Y4,,,0,16.215,clean
125,17,0,1.41,1,2.44,1269400,Y2,,,0,16.891,clean
125,18,0,1.55,781,2.30,501126,Y2,,,0,19.233,clean
125,19,0,1.70,1,2.28,299156,Y4,,,0,17.241,clean
125,20,0,1.73,1,2.49,1031131,Y4,,,0,16.350,clean
125,21,0,1.70,1,2.44,578821,Y2,,,0,15.666,clean
125,22,0,1.62,1,2.31,1294702,Y4,,,0,15.392,clean
125,23,0,1.55,1,2.42,1001537,Y2,,,0,15.722,clean
125,24,0,1.54,1,2.28,1395911,Y4,,,0,16.150,clean
125,25,0,1.91,204,2.28,1351029,Y4,,,0,15.994,clean
125,26,0,1.59,1,2.46,1278162,Y2,,,0,15.382,clean
125,27,0,1.90,1,2.33,1368284,Y4,,,0,14.971,clean
125,28,0,1.67,1,2.45,417352,Y4,,,0,14.474,clean
125,29,0,1.79,1,2.39,1013070,Y4,,,0,14.698,clean
125,30,0,1.49,1,2.45,468493,Y4,,,0,15.041,clean
125,31,0,1.62,1,2.45,138313,Y4,,,0,14.973,clean
125,32,0,1.38,385,2.54,1126885,Y2,,,0,14.406,clean
125,33,0,1.77,1,2.36,400990,Y4,,,0,13.812,clean
125,34,0,1.47,1,2.38,74655,Y4,,,0,13.664,clean
125,35,0,1.72,1,2.37,584096,Y2,,,0,14.002,clean
125,36,0,1.50,1,2.25,1353264,Y2,,,0,14.580,clean
125,37,0,1.60,1,2.35,580430,Y2,,,0,14.689,clean
125,38,0,2.18,1,2.42,7510,Y4,,,0,14.175,clean
125,39,0,1.80,1,2.43,1406282,Y4,,,0,13.523,clean
125,40,0,1.58,1,2.47,1456261,Y4,,,0,13.214,clean
125,41,0,1.84,1,2.57,121236,Y2,,,0,13.411,clean
125,42,0,1.43,1,2.49,467956,Y4,,,0,13.913,clean
125,43,0,1.69,1,2.37,184268,Y4,,,0,14.115,clean
125,44,0,1.50,1,2.24,1460999,Y2,,,0,13.626,clean
125,45,0,1.86,1,2.45,126064,Y2,,,0,12.799,clean
125,46,0,2.25,1,2.45,560224,Y4,,,0,12.250,clean
125,47,0,2.20,1,2.39,847042,Y2,,,0,12.133,clean
125,48,0,1.77,1,2.44,1447409,Y4,,,0,12.361,clean
125,49,0,1.79,1,2.24,357717,Y2,,,0,12.443,clean
125,50,0,1.95,1,2.27,1267433,Y2,,,0,11.934,clean
125,51,0,2.28,1,2.29,732422,Y2,,,0,11.124,clean
125,52,0,2.44,1,2.40,334650,Y2,,,0,10.301,clean
125,53,0,2.23,1,2.47,1242220,Y2,,,0,9.738,clean
125,54,0,2.65,1,2.30,1239538,Y4,0.00/noise-like,0.00/noise-like,0,9.367,hump-note
125,55,0,2.76,1,2.39,1164526,Y2,0.00/noise-like,0.00/noise-like,0,8.853,hump-note
125,56,0,2.69,1,2.41,267416,Y2,0.00/noise-like,0.00/noise-like,0,7.958,hump-note
125,57,0,0,-1,0,0,-,,,0,6.802,QUARANTINE:dark-lane range=61 distinct=60
125,58,0,0,-1,0,0,-,,,0,5.732,QUARANTINE:dark-lane range=51 distinct=50
125,59,0,0,-1,0,0,-,,,0,4.875,QUARANTINE:dark-lane range=41 distinct=41
125,60,0,0,-1,0,0,-,,,0,4.171,QUARANTINE:dark-lane range=36 distinct=37
125,61,0,0,-1,0,0,-,,,0,3.561,QUARANTINE:dark-lane range=30 distinct=31
125,62,0,0,-1,0,0,-,,,0,2.958,QUARANTINE:dark-lane range=28 distinct=26
125,63,0,0,-1,0,0,-,,,0,2.403,QUARANTINE:dark-lane range=20 distinct=21
126,0,0,1.38,252,2.34,660181,Y2,,,0,20.736,clean
126,1,0,1.42,662,2.62,631213,Y2,,,0,19.609,clean
126,2,0,1.41,1643,2.60,854462,Y4,,,0,18.569,clean
126,3,0,1.37,488,2.24,965506,Y4,,,0,17.938,clean
126,4,0,1.71,1,2.43,1257241,Y4,,,0,17.871,clean
126,5,0,1.41,49,2.47,1453221,Y2,,,0,18.078,clean
126,6,0,1.44,1,2.39,1373112,Y4,,,0,17.981,clean
126,7,0,1.62,1,2.50,708103,Y2,,,0,17.454,clean
126,8,0,1.60,1,2.38,237912,Y2,,,0,16.776,clean
126,9,0,1.62,1,2.33,1357198,Y2,,,0,16.255,clean
126,10,0,1.46,1,2.35,255078,Y2,,,0,16.251,clean
126,11,0,1.43,1,2.51,619590,Y2,,,0,16.621,clean
126,12,0,1.45,576,2.50,1190990,Y4,,,0,16.874,clean
126,13,0,1.39,1263,2.46,1301497,Y4,,,0,16.735,clean
126,14,0,1.49,1,2.41,546992,Y4,,,0,16.213,clean
126,15,0,1.64,1,2.47,494957,Y2,,,0,15.925,clean
126,16,0,1.71,1,2.45,477970,Y4,,,0,16.218,clean
126,17,0,1.52,1,2.30,259280,Y4,,,0,16.904,clean
126,18,0,1.75,670,2.30,685394,Y4,,,0,19.211,clean
126,19,0,1.55,1,2.37,685930,Y2,,,0,17.235,clean
126,20,0,1.38,1130,2.37,335723,Y4,,,0,16.341,clean
126,21,0,1.57,1,2.57,326335,Y4,,,0,15.675,clean
126,22,0,1.48,1,2.42,67145,Y2,,,0,15.389,clean
126,23,0,1.67,1,2.89,250876,Y2,,,0,15.729,clean
126,24,0,1.36,1,2.35,227988,Y4,,,0,16.150,clean
126,25,0,2.14,204,2.42,1113206,Y4,,,0,16.014,clean
126,26,0,1.60,1,2.32,895858,Y4,,,0,15.394,clean
126,27,0,1.83,1,2.59,51856,Y2,,,0,14.965,clean
126,28,0,1.64,1,2.42,161201,Y4,,,0,14.470,clean
126,29,0,1.49,1,2.33,604480,Y2,,,0,14.714,clean
126,30,0,1.67,1,2.54,454187,Y2,,,0,15.033,clean
126,31,0,1.77,1,2.81,509888,Y2,,,0,14.941,clean
126,32,0,1.33,1005,2.44,1341,Y2,,,0,14.422,clean
126,33,0,1.81,1,2.86,145465,Y2,,,0,13.805,clean
126,34,0,1.70,1,2.54,1071811,Y2,,,0,13.667,clean
126,35,0,1.89,1,2.46,364423,Y4,,,0,14.005,clean
126,36,0,1.52,1,2.53,786424,Y4,,,0,14.538,clean
126,37,0,1.63,1,2.64,324547,Y4,,,0,14.689,clean
126,38,0,1.80,1,2.72,56684,Y4,,,0,14.182,clean
126,39,0,1.80,1,2.48,541806,Y2,,,0,13.514,clean
126,40,0,1.60,1,2.37,157088,Y2,,,0,13.201,clean
126,41,0,1.70,1,2.40,1456887,Y4,,,0,13.403,clean
126,42,0,1.69,1,2.43,1271278,Y2,,,0,13.905,clean
126,43,0,1.48,1,2.53,811368,Y2,,,0,14.111,clean
126,44,0,1.93,1,2.34,308454,Y2,,,0,13.618,clean
126,45,0,1.85,1,2.50,362366,Y4,,,0,12.766,clean
126,46,0,1.78,1,2.26,637829,Y2,,,0,12.252,clean
126,47,0,1.79,1,2.35,1031309,Y4,,,0,12.168,clean
126,48,0,2.06,1,2.23,744313,Y2,,,0,12.368,clean
126,49,0,1.81,1,2.44,438362,Y2,,,0,12.456,clean
126,50,0,1.72,1,2.43,890762,Y4,,,0,11.950,clean
126,51,0,2.02,1,2.36,1314461,Y2,,,0,11.086,clean
126,52,0,2.32,1,2.48,643820,Y2,,,0,10.290,clean
126,53,0,2.33,1,2.43,80734,Y2,,,0,9.740,clean
126,54,0,2.42,1,2.44,895143,Y4,,,0,9.364,clean
126,55,0,2.74,1,2.50,1291394,Y2,0.00/noise-like,0.00/noise-like,0,8.874,hump-note
126,56,0,3.12,1,2.83,1068771,Y4,0.00/noise-like,0.24/noise-like,0,7.946,hump-note
126,57,0,0,-1,0,0,-,,,0,6.787,QUARANTINE:dark-lane range=56 distinct=57
126,58,0,0,-1,0,0,-,,,0,5.722,QUARANTINE:dark-lane range=51 distinct=50
126,59,0,0,-1,0,0,-,,,0,4.882,QUARANTINE:dark-lane range=43 distinct=43
126,60,0,0,-1,0,0,-,,,0,4.170,QUARANTINE:dark-lane range=38 distinct=38
126,61,0,0,-1,0,0,-,,,0,3.559,QUARANTINE:dark-lane range=32 distinct=33
126,62,0,0,-1,0,0,-,,,0,2.955,QUARANTINE:dark-lane range=25 distinct=26
126,63,0,0,-1,0,0,-,,,0,2.407,QUARANTINE:dark-lane range=21 distinct=22
127,0,0,1.48,1,2.93,991881,Y2,,,0,20.728,clean
127,1,0,1.34,1155,2.41,273854,Y4,,,0,19.652,clean
127,2,0,1.54,1643,2.53,1239806,Y2,,,0,18.579,clean
127,3,0,1.30,506,2.40,150114,Y4,,,0,18.009,clean
127,4,0,1.34,1138,2.46,694424,Y4,,,0,17.888,clean
127,5,0,1.41,1,2.39,359058,Y4,,,0,18.057,clean
127,6,0,1.52,1478,2.36,1407444,Y2,,,0,18.001,clean
127,7,0,1.47,1,2.28,232637,Y4,,,0,17.456,clean
127,8,0,1.82,1,2.52,436842,Y4,,,0,16.755,clean
127,9,0,1.40,1,2.26,1451612,Y4,,,0,16.203,clean
127,10,0,1.39,1241,2.36,199199,Y4,,,0,16.232,clean
127,11,0,1.76,1,2.53,1012802,Y4,,,0,16.648,clean
127,12,0,1.74,1,2.30,762105,Y4,,,0,16.916,clean
127,13,0,1.37,1192,2.41,715792,Y2,,,0,16.737,clean
127,14,0,1.40,1,2.27,1261085,Y4,,,0,16.248,clean
127,15,0,1.49,1,2.29,940204,Y2,,,0,15.941,clean
127,16,0,1.55,1,2.39,71973,Y2,,,0,16.207,clean
127,17,0,1.33,176,2.44,381678,Y4,,,0,16.865,clean
127,18,0,1.63,621,2.42,1313835,Y2,,,0,19.228,clean
127,19,0,1.37,1514,2.44,96202,Y4,,,0,17.248,clean
127,20,0,1.60,1,2.39,1354784,Y2,,,0,16.341,clean
127,21,0,1.48,1,2.30,864565,Y2,,,0,15.621,clean
127,22,0,1.45,1,2.33,698984,Y2,,,0,15.406,clean
127,23,0,1.90,1,2.62,1168370,Y2,,,0,15.758,clean
127,24,0,1.38,351,2.23,1259565,Y2,,,0,16.140,clean
127,25,0,2.31,204,2.30,980973,Y4,,,0,16.042,clean
127,26,0,1.40,1,2.33,938773,Y2,,,0,15.392,clean
127,27,0,1.59,1,2.39,615209,Y2,,,0,14.988,clean
127,28,0,1.54,1,2.40,1390815,Y4,,,0,14.459,clean
127,29,0,1.45,1,2.46,410646,Y2,,,0,14.705,clean
127,30,0,1.65,1,2.28,896126,Y4,,,0,15.019,clean
127,31,0,1.65,1,2.60,641227,Y2,,,0,14.977,clean
127,32,0,1.43,680,2.42,5454,Y4,,,0,14.423,clean
127,33,0,1.54,1,2.39,872254,Y4,,,0,13.801,clean
127,34,0,1.77,1,2.41,1285851,Y4,,,0,13.661,clean
127,35,0,2.00,1,2.31,793219,Y2,,,0,14.002,clean
127,36,0,1.56,1,2.37,91910,Y4,,,0,14.586,clean
127,37,0,1.67,1,2.30,746191,Y2,,,0,14.683,clean
127,38,0,1.87,1,2.30,433087,Y2,,,0,14.144,clean
127,39,0,1.54,1,2.79,221103,Y2,,,0,13.504,clean
127,40,0,1.74,1,2.40,1177937,Y2,,,0,13.193,clean
127,41,0,1.73,1,2.40,197768,Y2,,,0,13.419,clean
127,42,0,1.63,1,2.47,756025,Y4,,,0,13.897,clean
127,43,0,1.59,1,2.62,1118481,Y4,,,0,14.146,clean
127,44,0,1.86,1,2.46,241399,Y2,,,0,13.620,clean
127,45,0,1.56,1,2.26,183642,Y4,,,0,12.804,clean
127,46,0,2.27,1,2.47,1333773,Y4,,,0,12.274,clean
127,47,0,1.91,1,2.31,720978,Y4,,,0,12.163,clean
127,48,0,1.78,1,2.34,1057148,Y4,,,0,12.328,clean
127,49,0,1.81,1,2.42,864297,Y2,,,0,12.449,clean
127,50,0,1.98,1,2.26,928670,Y2,,,0,11.926,clean
127,51,0,2.17,1,2.37,490487,Y4,,,0,11.101,clean
127,52,0,2.29,1,2.34,205368,Y4,,,0,10.313,clean
127,53,0,2.26,1,2.29,1085758,Y4,,,0,9.765,clean
127,54,0,2.38,1,2.38,1109004,Y4,,,0,9.336,clean
127,55,0,2.58,1,2.53,752091,Y4,0.00/noise-like,0.00/noise-like,0,8.874,hump-note
127,56,0,3.10,1,2.46,842750,Y2,0.00/noise-like,0.00/noise-like,0,7.946,hump-note
127,57,0,0,-1,0,0,-,,,0,6.796,QUARANTINE:dark-lane range=57 distinct=58
127,58,0,0,-1,0,0,-,,,0,5.733,QUARANTINE:dark-lane range=47 distinct=48
127,59,0,0,-1,0,0,-,,,0,4.884,QUARANTINE:dark-lane range=42 distinct=43
127,60,0,0,-1,0,0,-,,,0,4.162,QUARANTINE:dark-lane range=37 distinct=38
127,61,0,0,-1,0,0,-,,,0,3.560,QUARANTINE:dark-lane range=31 distinct=31
127,62,0,0,-1,0,0,-,,,0,2.958,QUARANTINE:dark-lane range=25 distinct=26
127,63,0,0,-1,0,0,-,,,0,2.405,QUARANTINE:dark-lane range=21 distinct=22
